; ============================================================
; str/unicode/tables/decomp_table.asm
; canonical/compat decompositions
;
; Sources: UnicodeData.txt
; *** GENERATED by tools/gen_unicode_tables.py — DO NOT EDIT ***
; ============================================================

%include "arch/common/types.inc"

section .rodata
align 16

global _ucd_decomp_data
_ucd_decomp_data:
    dd 0x0020, 0x0020, 0x0308, 0x0061, 0x0020, 0x0304, 0x0032, 0x0033
    dd 0x0020, 0x0301, 0x03BC, 0x0020, 0x0327, 0x0031, 0x006F, 0x0031
    dd 0x2044, 0x0034, 0x0031, 0x2044, 0x0032, 0x0033, 0x2044, 0x0034
    dd 0x0041, 0x0300, 0x0041, 0x0301, 0x0041, 0x0302, 0x0041, 0x0303
    dd 0x0041, 0x0308, 0x0041, 0x030A, 0x0043, 0x0327, 0x0045, 0x0300
    dd 0x0045, 0x0301, 0x0045, 0x0302, 0x0045, 0x0308, 0x0049, 0x0300
    dd 0x0049, 0x0301, 0x0049, 0x0302, 0x0049, 0x0308, 0x004E, 0x0303
    dd 0x004F, 0x0300, 0x004F, 0x0301, 0x004F, 0x0302, 0x004F, 0x0303
    dd 0x004F, 0x0308, 0x0055, 0x0300, 0x0055, 0x0301, 0x0055, 0x0302
    dd 0x0055, 0x0308, 0x0059, 0x0301, 0x0061, 0x0300, 0x0061, 0x0301
    dd 0x0061, 0x0302, 0x0061, 0x0303, 0x0061, 0x0308, 0x0061, 0x030A
    dd 0x0063, 0x0327, 0x0065, 0x0300, 0x0065, 0x0301, 0x0065, 0x0302
    dd 0x0065, 0x0308, 0x0069, 0x0300, 0x0069, 0x0301, 0x0069, 0x0302
    dd 0x0069, 0x0308, 0x006E, 0x0303, 0x006F, 0x0300, 0x006F, 0x0301
    dd 0x006F, 0x0302, 0x006F, 0x0303, 0x006F, 0x0308, 0x0075, 0x0300
    dd 0x0075, 0x0301, 0x0075, 0x0302, 0x0075, 0x0308, 0x0079, 0x0301
    dd 0x0079, 0x0308, 0x0041, 0x0304, 0x0061, 0x0304, 0x0041, 0x0306
    dd 0x0061, 0x0306, 0x0041, 0x0328, 0x0061, 0x0328, 0x0043, 0x0301
    dd 0x0063, 0x0301, 0x0043, 0x0302, 0x0063, 0x0302, 0x0043, 0x0307
    dd 0x0063, 0x0307, 0x0043, 0x030C, 0x0063, 0x030C, 0x0044, 0x030C
    dd 0x0064, 0x030C, 0x0045, 0x0304, 0x0065, 0x0304, 0x0045, 0x0306
    dd 0x0065, 0x0306, 0x0045, 0x0307, 0x0065, 0x0307, 0x0045, 0x0328
    dd 0x0065, 0x0328, 0x0045, 0x030C, 0x0065, 0x030C, 0x0047, 0x0302
    dd 0x0067, 0x0302, 0x0047, 0x0306, 0x0067, 0x0306, 0x0047, 0x0307
    dd 0x0067, 0x0307, 0x0047, 0x0327, 0x0067, 0x0327, 0x0048, 0x0302
    dd 0x0068, 0x0302, 0x0049, 0x0303, 0x0069, 0x0303, 0x0049, 0x0304
    dd 0x0069, 0x0304, 0x0049, 0x0306, 0x0069, 0x0306, 0x0049, 0x0328
    dd 0x0069, 0x0328, 0x0049, 0x0307, 0x0049, 0x004A, 0x0069, 0x006A
    dd 0x004A, 0x0302, 0x006A, 0x0302, 0x004B, 0x0327, 0x006B, 0x0327
    dd 0x004C, 0x0301, 0x006C, 0x0301, 0x004C, 0x0327, 0x006C, 0x0327
    dd 0x004C, 0x030C, 0x006C, 0x030C, 0x004C, 0x00B7, 0x006C, 0x00B7
    dd 0x004E, 0x0301, 0x006E, 0x0301, 0x004E, 0x0327, 0x006E, 0x0327
    dd 0x004E, 0x030C, 0x006E, 0x030C, 0x02BC, 0x006E, 0x004F, 0x0304
    dd 0x006F, 0x0304, 0x004F, 0x0306, 0x006F, 0x0306, 0x004F, 0x030B
    dd 0x006F, 0x030B, 0x0052, 0x0301, 0x0072, 0x0301, 0x0052, 0x0327
    dd 0x0072, 0x0327, 0x0052, 0x030C, 0x0072, 0x030C, 0x0053, 0x0301
    dd 0x0073, 0x0301, 0x0053, 0x0302, 0x0073, 0x0302, 0x0053, 0x0327
    dd 0x0073, 0x0327, 0x0053, 0x030C, 0x0073, 0x030C, 0x0054, 0x0327
    dd 0x0074, 0x0327, 0x0054, 0x030C, 0x0074, 0x030C, 0x0055, 0x0303
    dd 0x0075, 0x0303, 0x0055, 0x0304, 0x0075, 0x0304, 0x0055, 0x0306
    dd 0x0075, 0x0306, 0x0055, 0x030A, 0x0075, 0x030A, 0x0055, 0x030B
    dd 0x0075, 0x030B, 0x0055, 0x0328, 0x0075, 0x0328, 0x0057, 0x0302
    dd 0x0077, 0x0302, 0x0059, 0x0302, 0x0079, 0x0302, 0x0059, 0x0308
    dd 0x005A, 0x0301, 0x007A, 0x0301, 0x005A, 0x0307, 0x007A, 0x0307
    dd 0x005A, 0x030C, 0x007A, 0x030C, 0x0073, 0x004F, 0x031B, 0x006F
    dd 0x031B, 0x0055, 0x031B, 0x0075, 0x031B, 0x0044, 0x017D, 0x0044
    dd 0x017E, 0x0064, 0x017E, 0x004C, 0x004A, 0x004C, 0x006A, 0x006C
    dd 0x006A, 0x004E, 0x004A, 0x004E, 0x006A, 0x006E, 0x006A, 0x0041
    dd 0x030C, 0x0061, 0x030C, 0x0049, 0x030C, 0x0069, 0x030C, 0x004F
    dd 0x030C, 0x006F, 0x030C, 0x0055, 0x030C, 0x0075, 0x030C, 0x00DC
    dd 0x0304, 0x00FC, 0x0304, 0x00DC, 0x0301, 0x00FC, 0x0301, 0x00DC
    dd 0x030C, 0x00FC, 0x030C, 0x00DC, 0x0300, 0x00FC, 0x0300, 0x00C4
    dd 0x0304, 0x00E4, 0x0304, 0x0226, 0x0304, 0x0227, 0x0304, 0x00C6
    dd 0x0304, 0x00E6, 0x0304, 0x0047, 0x030C, 0x0067, 0x030C, 0x004B
    dd 0x030C, 0x006B, 0x030C, 0x004F, 0x0328, 0x006F, 0x0328, 0x01EA
    dd 0x0304, 0x01EB, 0x0304, 0x01B7, 0x030C, 0x0292, 0x030C, 0x006A
    dd 0x030C, 0x0044, 0x005A, 0x0044, 0x007A, 0x0064, 0x007A, 0x0047
    dd 0x0301, 0x0067, 0x0301, 0x004E, 0x0300, 0x006E, 0x0300, 0x00C5
    dd 0x0301, 0x00E5, 0x0301, 0x00C6, 0x0301, 0x00E6, 0x0301, 0x00D8
    dd 0x0301, 0x00F8, 0x0301, 0x0041, 0x030F, 0x0061, 0x030F, 0x0041
    dd 0x0311, 0x0061, 0x0311, 0x0045, 0x030F, 0x0065, 0x030F, 0x0045
    dd 0x0311, 0x0065, 0x0311, 0x0049, 0x030F, 0x0069, 0x030F, 0x0049
    dd 0x0311, 0x0069, 0x0311, 0x004F, 0x030F, 0x006F, 0x030F, 0x004F
    dd 0x0311, 0x006F, 0x0311, 0x0052, 0x030F, 0x0072, 0x030F, 0x0052
    dd 0x0311, 0x0072, 0x0311, 0x0055, 0x030F, 0x0075, 0x030F, 0x0055
    dd 0x0311, 0x0075, 0x0311, 0x0053, 0x0326, 0x0073, 0x0326, 0x0054
    dd 0x0326, 0x0074, 0x0326, 0x0048, 0x030C, 0x0068, 0x030C, 0x0041
    dd 0x0307, 0x0061, 0x0307, 0x0045, 0x0327, 0x0065, 0x0327, 0x00D6
    dd 0x0304, 0x00F6, 0x0304, 0x00D5, 0x0304, 0x00F5, 0x0304, 0x004F
    dd 0x0307, 0x006F, 0x0307, 0x022E, 0x0304, 0x022F, 0x0304, 0x0059
    dd 0x0304, 0x0079, 0x0304, 0x0068, 0x0266, 0x006A, 0x0072, 0x0279
    dd 0x027B, 0x0281, 0x0077, 0x0079, 0x0020, 0x0306, 0x0020, 0x0307
    dd 0x0020, 0x030A, 0x0020, 0x0328, 0x0020, 0x0303, 0x0020, 0x030B
    dd 0x0263, 0x006C, 0x0073, 0x0078, 0x0295, 0x0300, 0x0301, 0x0313
    dd 0x0308, 0x0301, 0x02B9, 0x0020, 0x0345, 0x003B, 0x0020, 0x0301
    dd 0x00A8, 0x0301, 0x0391, 0x0301, 0x00B7, 0x0395, 0x0301, 0x0397
    dd 0x0301, 0x0399, 0x0301, 0x039F, 0x0301, 0x03A5, 0x0301, 0x03A9
    dd 0x0301, 0x03CA, 0x0301, 0x0399, 0x0308, 0x03A5, 0x0308, 0x03B1
    dd 0x0301, 0x03B5, 0x0301, 0x03B7, 0x0301, 0x03B9, 0x0301, 0x03CB
    dd 0x0301, 0x03B9, 0x0308, 0x03C5, 0x0308, 0x03BF, 0x0301, 0x03C5
    dd 0x0301, 0x03C9, 0x0301, 0x03B2, 0x03B8, 0x03A5, 0x03D2, 0x0301
    dd 0x03D2, 0x0308, 0x03C6, 0x03C0, 0x03BA, 0x03C1, 0x03C2, 0x0398
    dd 0x03B5, 0x03A3, 0x0415, 0x0300, 0x0415, 0x0308, 0x0413, 0x0301
    dd 0x0406, 0x0308, 0x041A, 0x0301, 0x0418, 0x0300, 0x0423, 0x0306
    dd 0x0418, 0x0306, 0x0438, 0x0306, 0x0435, 0x0300, 0x0435, 0x0308
    dd 0x0433, 0x0301, 0x0456, 0x0308, 0x043A, 0x0301, 0x0438, 0x0300
    dd 0x0443, 0x0306, 0x0474, 0x030F, 0x0475, 0x030F, 0x0416, 0x0306
    dd 0x0436, 0x0306, 0x0410, 0x0306, 0x0430, 0x0306, 0x0410, 0x0308
    dd 0x0430, 0x0308, 0x0415, 0x0306, 0x0435, 0x0306, 0x04D8, 0x0308
    dd 0x04D9, 0x0308, 0x0416, 0x0308, 0x0436, 0x0308, 0x0417, 0x0308
    dd 0x0437, 0x0308, 0x0418, 0x0304, 0x0438, 0x0304, 0x0418, 0x0308
    dd 0x0438, 0x0308, 0x041E, 0x0308, 0x043E, 0x0308, 0x04E8, 0x0308
    dd 0x04E9, 0x0308, 0x042D, 0x0308, 0x044D, 0x0308, 0x0423, 0x0304
    dd 0x0443, 0x0304, 0x0423, 0x0308, 0x0443, 0x0308, 0x0423, 0x030B
    dd 0x0443, 0x030B, 0x0427, 0x0308, 0x0447, 0x0308, 0x042B, 0x0308
    dd 0x044B, 0x0308, 0x0565, 0x0582, 0x0627, 0x0653, 0x0627, 0x0654
    dd 0x0648, 0x0654, 0x0627, 0x0655, 0x064A, 0x0654, 0x0627, 0x0674
    dd 0x0648, 0x0674, 0x06C7, 0x0674, 0x064A, 0x0674, 0x06D5, 0x0654
    dd 0x06C1, 0x0654, 0x06D2, 0x0654, 0x0928, 0x093C, 0x0930, 0x093C
    dd 0x0933, 0x093C, 0x0915, 0x093C, 0x0916, 0x093C, 0x0917, 0x093C
    dd 0x091C, 0x093C, 0x0921, 0x093C, 0x0922, 0x093C, 0x092B, 0x093C
    dd 0x092F, 0x093C, 0x09C7, 0x09BE, 0x09C7, 0x09D7, 0x09A1, 0x09BC
    dd 0x09A2, 0x09BC, 0x09AF, 0x09BC, 0x0A32, 0x0A3C, 0x0A38, 0x0A3C
    dd 0x0A16, 0x0A3C, 0x0A17, 0x0A3C, 0x0A1C, 0x0A3C, 0x0A2B, 0x0A3C
    dd 0x0B47, 0x0B56, 0x0B47, 0x0B3E, 0x0B47, 0x0B57, 0x0B21, 0x0B3C
    dd 0x0B22, 0x0B3C, 0x0B92, 0x0BD7, 0x0BC6, 0x0BBE, 0x0BC7, 0x0BBE
    dd 0x0BC6, 0x0BD7, 0x0C46, 0x0C56, 0x0CBF, 0x0CD5, 0x0CC6, 0x0CD5
    dd 0x0CC6, 0x0CD6, 0x0CC6, 0x0CC2, 0x0CCA, 0x0CD5, 0x0D46, 0x0D3E
    dd 0x0D47, 0x0D3E, 0x0D46, 0x0D57, 0x0DD9, 0x0DCA, 0x0DD9, 0x0DCF
    dd 0x0DDC, 0x0DCA, 0x0DD9, 0x0DDF, 0x0E4D, 0x0E32, 0x0ECD, 0x0EB2
    dd 0x0EAB, 0x0E99, 0x0EAB, 0x0EA1, 0x0F0B, 0x0F42, 0x0FB7, 0x0F4C
    dd 0x0FB7, 0x0F51, 0x0FB7, 0x0F56, 0x0FB7, 0x0F5B, 0x0FB7, 0x0F40
    dd 0x0FB5, 0x0F71, 0x0F72, 0x0F71, 0x0F74, 0x0FB2, 0x0F80, 0x0FB2
    dd 0x0F81, 0x0FB3, 0x0F80, 0x0FB3, 0x0F81, 0x0F71, 0x0F80, 0x0F92
    dd 0x0FB7, 0x0F9C, 0x0FB7, 0x0FA1, 0x0FB7, 0x0FA6, 0x0FB7, 0x0FAB
    dd 0x0FB7, 0x0F90, 0x0FB5, 0x1025, 0x102E, 0x10DC, 0x1B05, 0x1B35
    dd 0x1B07, 0x1B35, 0x1B09, 0x1B35, 0x1B0B, 0x1B35, 0x1B0D, 0x1B35
    dd 0x1B11, 0x1B35, 0x1B3A, 0x1B35, 0x1B3C, 0x1B35, 0x1B3E, 0x1B35
    dd 0x1B3F, 0x1B35, 0x1B42, 0x1B35, 0x0041, 0x00C6, 0x0042, 0x0044
    dd 0x0045, 0x018E, 0x0047, 0x0048, 0x0049, 0x004A, 0x004B, 0x004C
    dd 0x004D, 0x004E, 0x004F, 0x0222, 0x0050, 0x0052, 0x0054, 0x0055
    dd 0x0057, 0x0061, 0x0250, 0x0251, 0x1D02, 0x0062, 0x0064, 0x0065
    dd 0x0259, 0x025B, 0x025C, 0x0067, 0x006B, 0x006D, 0x014B, 0x006F
    dd 0x0254, 0x1D16, 0x1D17, 0x0070, 0x0074, 0x0075, 0x1D1D, 0x026F
    dd 0x0076, 0x1D25, 0x03B2, 0x03B3, 0x03B4, 0x03C6, 0x03C7, 0x0069
    dd 0x0072, 0x0075, 0x0076, 0x03B2, 0x03B3, 0x03C1, 0x03C6, 0x03C7
    dd 0x043D, 0x0252, 0x0063, 0x0255, 0x00F0, 0x025C, 0x0066, 0x025F
    dd 0x0261, 0x0265, 0x0268, 0x0269, 0x026A, 0x1D7B, 0x029D, 0x026D
    dd 0x1D85, 0x029F, 0x0271, 0x0270, 0x0272, 0x0273, 0x0274, 0x0275
    dd 0x0278, 0x0282, 0x0283, 0x01AB, 0x0289, 0x028A, 0x1D1C, 0x028B
    dd 0x028C, 0x007A, 0x0290, 0x0291, 0x0292, 0x03B8, 0x0041, 0x0325
    dd 0x0061, 0x0325, 0x0042, 0x0307, 0x0062, 0x0307, 0x0042, 0x0323
    dd 0x0062, 0x0323, 0x0042, 0x0331, 0x0062, 0x0331, 0x00C7, 0x0301
    dd 0x00E7, 0x0301, 0x0044, 0x0307, 0x0064, 0x0307, 0x0044, 0x0323
    dd 0x0064, 0x0323, 0x0044, 0x0331, 0x0064, 0x0331, 0x0044, 0x0327
    dd 0x0064, 0x0327, 0x0044, 0x032D, 0x0064, 0x032D, 0x0112, 0x0300
    dd 0x0113, 0x0300, 0x0112, 0x0301, 0x0113, 0x0301, 0x0045, 0x032D
    dd 0x0065, 0x032D, 0x0045, 0x0330, 0x0065, 0x0330, 0x0228, 0x0306
    dd 0x0229, 0x0306, 0x0046, 0x0307, 0x0066, 0x0307, 0x0047, 0x0304
    dd 0x0067, 0x0304, 0x0048, 0x0307, 0x0068, 0x0307, 0x0048, 0x0323
    dd 0x0068, 0x0323, 0x0048, 0x0308, 0x0068, 0x0308, 0x0048, 0x0327
    dd 0x0068, 0x0327, 0x0048, 0x032E, 0x0068, 0x032E, 0x0049, 0x0330
    dd 0x0069, 0x0330, 0x00CF, 0x0301, 0x00EF, 0x0301, 0x004B, 0x0301
    dd 0x006B, 0x0301, 0x004B, 0x0323, 0x006B, 0x0323, 0x004B, 0x0331
    dd 0x006B, 0x0331, 0x004C, 0x0323, 0x006C, 0x0323, 0x1E36, 0x0304
    dd 0x1E37, 0x0304, 0x004C, 0x0331, 0x006C, 0x0331, 0x004C, 0x032D
    dd 0x006C, 0x032D, 0x004D, 0x0301, 0x006D, 0x0301, 0x004D, 0x0307
    dd 0x006D, 0x0307, 0x004D, 0x0323, 0x006D, 0x0323, 0x004E, 0x0307
    dd 0x006E, 0x0307, 0x004E, 0x0323, 0x006E, 0x0323, 0x004E, 0x0331
    dd 0x006E, 0x0331, 0x004E, 0x032D, 0x006E, 0x032D, 0x00D5, 0x0301
    dd 0x00F5, 0x0301, 0x00D5, 0x0308, 0x00F5, 0x0308, 0x014C, 0x0300
    dd 0x014D, 0x0300, 0x014C, 0x0301, 0x014D, 0x0301, 0x0050, 0x0301
    dd 0x0070, 0x0301, 0x0050, 0x0307, 0x0070, 0x0307, 0x0052, 0x0307
    dd 0x0072, 0x0307, 0x0052, 0x0323, 0x0072, 0x0323, 0x1E5A, 0x0304
    dd 0x1E5B, 0x0304, 0x0052, 0x0331, 0x0072, 0x0331, 0x0053, 0x0307
    dd 0x0073, 0x0307, 0x0053, 0x0323, 0x0073, 0x0323, 0x015A, 0x0307
    dd 0x015B, 0x0307, 0x0160, 0x0307, 0x0161, 0x0307, 0x1E62, 0x0307
    dd 0x1E63, 0x0307, 0x0054, 0x0307, 0x0074, 0x0307, 0x0054, 0x0323
    dd 0x0074, 0x0323, 0x0054, 0x0331, 0x0074, 0x0331, 0x0054, 0x032D
    dd 0x0074, 0x032D, 0x0055, 0x0324, 0x0075, 0x0324, 0x0055, 0x0330
    dd 0x0075, 0x0330, 0x0055, 0x032D, 0x0075, 0x032D, 0x0168, 0x0301
    dd 0x0169, 0x0301, 0x016A, 0x0308, 0x016B, 0x0308, 0x0056, 0x0303
    dd 0x0076, 0x0303, 0x0056, 0x0323, 0x0076, 0x0323, 0x0057, 0x0300
    dd 0x0077, 0x0300, 0x0057, 0x0301, 0x0077, 0x0301, 0x0057, 0x0308
    dd 0x0077, 0x0308, 0x0057, 0x0307, 0x0077, 0x0307, 0x0057, 0x0323
    dd 0x0077, 0x0323, 0x0058, 0x0307, 0x0078, 0x0307, 0x0058, 0x0308
    dd 0x0078, 0x0308, 0x0059, 0x0307, 0x0079, 0x0307, 0x005A, 0x0302
    dd 0x007A, 0x0302, 0x005A, 0x0323, 0x007A, 0x0323, 0x005A, 0x0331
    dd 0x007A, 0x0331, 0x0068, 0x0331, 0x0074, 0x0308, 0x0077, 0x030A
    dd 0x0079, 0x030A, 0x0061, 0x02BE, 0x017F, 0x0307, 0x0041, 0x0323
    dd 0x0061, 0x0323, 0x0041, 0x0309, 0x0061, 0x0309, 0x00C2, 0x0301
    dd 0x00E2, 0x0301, 0x00C2, 0x0300, 0x00E2, 0x0300, 0x00C2, 0x0309
    dd 0x00E2, 0x0309, 0x00C2, 0x0303, 0x00E2, 0x0303, 0x1EA0, 0x0302
    dd 0x1EA1, 0x0302, 0x0102, 0x0301, 0x0103, 0x0301, 0x0102, 0x0300
    dd 0x0103, 0x0300, 0x0102, 0x0309, 0x0103, 0x0309, 0x0102, 0x0303
    dd 0x0103, 0x0303, 0x1EA0, 0x0306, 0x1EA1, 0x0306, 0x0045, 0x0323
    dd 0x0065, 0x0323, 0x0045, 0x0309, 0x0065, 0x0309, 0x0045, 0x0303
    dd 0x0065, 0x0303, 0x00CA, 0x0301, 0x00EA, 0x0301, 0x00CA, 0x0300
    dd 0x00EA, 0x0300, 0x00CA, 0x0309, 0x00EA, 0x0309, 0x00CA, 0x0303
    dd 0x00EA, 0x0303, 0x1EB8, 0x0302, 0x1EB9, 0x0302, 0x0049, 0x0309
    dd 0x0069, 0x0309, 0x0049, 0x0323, 0x0069, 0x0323, 0x004F, 0x0323
    dd 0x006F, 0x0323, 0x004F, 0x0309, 0x006F, 0x0309, 0x00D4, 0x0301
    dd 0x00F4, 0x0301, 0x00D4, 0x0300, 0x00F4, 0x0300, 0x00D4, 0x0309
    dd 0x00F4, 0x0309, 0x00D4, 0x0303, 0x00F4, 0x0303, 0x1ECC, 0x0302
    dd 0x1ECD, 0x0302, 0x01A0, 0x0301, 0x01A1, 0x0301, 0x01A0, 0x0300
    dd 0x01A1, 0x0300, 0x01A0, 0x0309, 0x01A1, 0x0309, 0x01A0, 0x0303
    dd 0x01A1, 0x0303, 0x01A0, 0x0323, 0x01A1, 0x0323, 0x0055, 0x0323
    dd 0x0075, 0x0323, 0x0055, 0x0309, 0x0075, 0x0309, 0x01AF, 0x0301
    dd 0x01B0, 0x0301, 0x01AF, 0x0300, 0x01B0, 0x0300, 0x01AF, 0x0309
    dd 0x01B0, 0x0309, 0x01AF, 0x0303, 0x01B0, 0x0303, 0x01AF, 0x0323
    dd 0x01B0, 0x0323, 0x0059, 0x0300, 0x0079, 0x0300, 0x0059, 0x0323
    dd 0x0079, 0x0323, 0x0059, 0x0309, 0x0079, 0x0309, 0x0059, 0x0303
    dd 0x0079, 0x0303, 0x03B1, 0x0313, 0x03B1, 0x0314, 0x1F00, 0x0300
    dd 0x1F01, 0x0300, 0x1F00, 0x0301, 0x1F01, 0x0301, 0x1F00, 0x0342
    dd 0x1F01, 0x0342, 0x0391, 0x0313, 0x0391, 0x0314, 0x1F08, 0x0300
    dd 0x1F09, 0x0300, 0x1F08, 0x0301, 0x1F09, 0x0301, 0x1F08, 0x0342
    dd 0x1F09, 0x0342, 0x03B5, 0x0313, 0x03B5, 0x0314, 0x1F10, 0x0300
    dd 0x1F11, 0x0300, 0x1F10, 0x0301, 0x1F11, 0x0301, 0x0395, 0x0313
    dd 0x0395, 0x0314, 0x1F18, 0x0300, 0x1F19, 0x0300, 0x1F18, 0x0301
    dd 0x1F19, 0x0301, 0x03B7, 0x0313, 0x03B7, 0x0314, 0x1F20, 0x0300
    dd 0x1F21, 0x0300, 0x1F20, 0x0301, 0x1F21, 0x0301, 0x1F20, 0x0342
    dd 0x1F21, 0x0342, 0x0397, 0x0313, 0x0397, 0x0314, 0x1F28, 0x0300
    dd 0x1F29, 0x0300, 0x1F28, 0x0301, 0x1F29, 0x0301, 0x1F28, 0x0342
    dd 0x1F29, 0x0342, 0x03B9, 0x0313, 0x03B9, 0x0314, 0x1F30, 0x0300
    dd 0x1F31, 0x0300, 0x1F30, 0x0301, 0x1F31, 0x0301, 0x1F30, 0x0342
    dd 0x1F31, 0x0342, 0x0399, 0x0313, 0x0399, 0x0314, 0x1F38, 0x0300
    dd 0x1F39, 0x0300, 0x1F38, 0x0301, 0x1F39, 0x0301, 0x1F38, 0x0342
    dd 0x1F39, 0x0342, 0x03BF, 0x0313, 0x03BF, 0x0314, 0x1F40, 0x0300
    dd 0x1F41, 0x0300, 0x1F40, 0x0301, 0x1F41, 0x0301, 0x039F, 0x0313
    dd 0x039F, 0x0314, 0x1F48, 0x0300, 0x1F49, 0x0300, 0x1F48, 0x0301
    dd 0x1F49, 0x0301, 0x03C5, 0x0313, 0x03C5, 0x0314, 0x1F50, 0x0300
    dd 0x1F51, 0x0300, 0x1F50, 0x0301, 0x1F51, 0x0301, 0x1F50, 0x0342
    dd 0x1F51, 0x0342, 0x03A5, 0x0314, 0x1F59, 0x0300, 0x1F59, 0x0301
    dd 0x1F59, 0x0342, 0x03C9, 0x0313, 0x03C9, 0x0314, 0x1F60, 0x0300
    dd 0x1F61, 0x0300, 0x1F60, 0x0301, 0x1F61, 0x0301, 0x1F60, 0x0342
    dd 0x1F61, 0x0342, 0x03A9, 0x0313, 0x03A9, 0x0314, 0x1F68, 0x0300
    dd 0x1F69, 0x0300, 0x1F68, 0x0301, 0x1F69, 0x0301, 0x1F68, 0x0342
    dd 0x1F69, 0x0342, 0x03B1, 0x0300, 0x03AC, 0x03B5, 0x0300, 0x03AD
    dd 0x03B7, 0x0300, 0x03AE, 0x03B9, 0x0300, 0x03AF, 0x03BF, 0x0300
    dd 0x03CC, 0x03C5, 0x0300, 0x03CD, 0x03C9, 0x0300, 0x03CE, 0x1F00
    dd 0x0345, 0x1F01, 0x0345, 0x1F02, 0x0345, 0x1F03, 0x0345, 0x1F04
    dd 0x0345, 0x1F05, 0x0345, 0x1F06, 0x0345, 0x1F07, 0x0345, 0x1F08
    dd 0x0345, 0x1F09, 0x0345, 0x1F0A, 0x0345, 0x1F0B, 0x0345, 0x1F0C
    dd 0x0345, 0x1F0D, 0x0345, 0x1F0E, 0x0345, 0x1F0F, 0x0345, 0x1F20
    dd 0x0345, 0x1F21, 0x0345, 0x1F22, 0x0345, 0x1F23, 0x0345, 0x1F24
    dd 0x0345, 0x1F25, 0x0345, 0x1F26, 0x0345, 0x1F27, 0x0345, 0x1F28
    dd 0x0345, 0x1F29, 0x0345, 0x1F2A, 0x0345, 0x1F2B, 0x0345, 0x1F2C
    dd 0x0345, 0x1F2D, 0x0345, 0x1F2E, 0x0345, 0x1F2F, 0x0345, 0x1F60
    dd 0x0345, 0x1F61, 0x0345, 0x1F62, 0x0345, 0x1F63, 0x0345, 0x1F64
    dd 0x0345, 0x1F65, 0x0345, 0x1F66, 0x0345, 0x1F67, 0x0345, 0x1F68
    dd 0x0345, 0x1F69, 0x0345, 0x1F6A, 0x0345, 0x1F6B, 0x0345, 0x1F6C
    dd 0x0345, 0x1F6D, 0x0345, 0x1F6E, 0x0345, 0x1F6F, 0x0345, 0x03B1
    dd 0x0306, 0x03B1, 0x0304, 0x1F70, 0x0345, 0x03B1, 0x0345, 0x03AC
    dd 0x0345, 0x03B1, 0x0342, 0x1FB6, 0x0345, 0x0391, 0x0306, 0x0391
    dd 0x0304, 0x0391, 0x0300, 0x0386, 0x0391, 0x0345, 0x0020, 0x0313
    dd 0x03B9, 0x0020, 0x0313, 0x0020, 0x0342, 0x00A8, 0x0342, 0x1F74
    dd 0x0345, 0x03B7, 0x0345, 0x03AE, 0x0345, 0x03B7, 0x0342, 0x1FC6
    dd 0x0345, 0x0395, 0x0300, 0x0388, 0x0397, 0x0300, 0x0389, 0x0397
    dd 0x0345, 0x1FBF, 0x0300, 0x1FBF, 0x0301, 0x1FBF, 0x0342, 0x03B9
    dd 0x0306, 0x03B9, 0x0304, 0x03CA, 0x0300, 0x0390, 0x03B9, 0x0342
    dd 0x03CA, 0x0342, 0x0399, 0x0306, 0x0399, 0x0304, 0x0399, 0x0300
    dd 0x038A, 0x1FFE, 0x0300, 0x1FFE, 0x0301, 0x1FFE, 0x0342, 0x03C5
    dd 0x0306, 0x03C5, 0x0304, 0x03CB, 0x0300, 0x03B0, 0x03C1, 0x0313
    dd 0x03C1, 0x0314, 0x03C5, 0x0342, 0x03CB, 0x0342, 0x03A5, 0x0306
    dd 0x03A5, 0x0304, 0x03A5, 0x0300, 0x038E, 0x03A1, 0x0314, 0x00A8
    dd 0x0300, 0x0385, 0x0060, 0x1F7C, 0x0345, 0x03C9, 0x0345, 0x03CE
    dd 0x0345, 0x03C9, 0x0342, 0x1FF6, 0x0345, 0x039F, 0x0300, 0x038C
    dd 0x03A9, 0x0300, 0x038F, 0x03A9, 0x0345, 0x00B4, 0x0020, 0x0314
    dd 0x2002, 0x2003, 0x0020, 0x0020, 0x0020, 0x0020, 0x0020, 0x0020
    dd 0x0020, 0x0020, 0x0020, 0x2010, 0x0020, 0x0333, 0x002E, 0x002E
    dd 0x002E, 0x002E, 0x002E, 0x002E, 0x0020, 0x2032, 0x2032, 0x2032
    dd 0x2032, 0x2032, 0x2035, 0x2035, 0x2035, 0x2035, 0x2035, 0x0021
    dd 0x0021, 0x0020, 0x0305, 0x003F, 0x003F, 0x003F, 0x0021, 0x0021
    dd 0x003F, 0x2032, 0x2032, 0x2032, 0x2032, 0x0020, 0x0030, 0x0069
    dd 0x0034, 0x0035, 0x0036, 0x0037, 0x0038, 0x0039, 0x002B, 0x2212
    dd 0x003D, 0x0028, 0x0029, 0x006E, 0x0030, 0x0031, 0x0032, 0x0033
    dd 0x0034, 0x0035, 0x0036, 0x0037, 0x0038, 0x0039, 0x002B, 0x2212
    dd 0x003D, 0x0028, 0x0029, 0x0061, 0x0065, 0x006F, 0x0078, 0x0259
    dd 0x0068, 0x006B, 0x006C, 0x006D, 0x006E, 0x0070, 0x0073, 0x0074
    dd 0x0052, 0x0073, 0x0061, 0x002F, 0x0063, 0x0061, 0x002F, 0x0073
    dd 0x0043, 0x00B0, 0x0043, 0x0063, 0x002F, 0x006F, 0x0063, 0x002F
    dd 0x0075, 0x0190, 0x00B0, 0x0046, 0x0067, 0x0048, 0x0048, 0x0048
    dd 0x0068, 0x0127, 0x0049, 0x0049, 0x004C, 0x006C, 0x004E, 0x004E
    dd 0x006F, 0x0050, 0x0051, 0x0052, 0x0052, 0x0052, 0x0053, 0x004D
    dd 0x0054, 0x0045, 0x004C, 0x0054, 0x004D, 0x005A, 0x03A9, 0x005A
    dd 0x004B, 0x00C5, 0x0042, 0x0043, 0x0065, 0x0045, 0x0046, 0x004D
    dd 0x006F, 0x05D0, 0x05D1, 0x05D2, 0x05D3, 0x0069, 0x0046, 0x0041
    dd 0x0058, 0x03C0, 0x03B3, 0x0393, 0x03A0, 0x2211, 0x0044, 0x0064
    dd 0x0065, 0x0069, 0x006A, 0x0031, 0x2044, 0x0037, 0x0031, 0x2044
    dd 0x0039, 0x0031, 0x2044, 0x0031, 0x0030, 0x0031, 0x2044, 0x0033
    dd 0x0032, 0x2044, 0x0033, 0x0031, 0x2044, 0x0035, 0x0032, 0x2044
    dd 0x0035, 0x0033, 0x2044, 0x0035, 0x0034, 0x2044, 0x0035, 0x0031
    dd 0x2044, 0x0036, 0x0035, 0x2044, 0x0036, 0x0031, 0x2044, 0x0038
    dd 0x0033, 0x2044, 0x0038, 0x0035, 0x2044, 0x0038, 0x0037, 0x2044
    dd 0x0038, 0x0031, 0x2044, 0x0049, 0x0049, 0x0049, 0x0049, 0x0049
    dd 0x0049, 0x0049, 0x0056, 0x0056, 0x0056, 0x0049, 0x0056, 0x0049
    dd 0x0049, 0x0056, 0x0049, 0x0049, 0x0049, 0x0049, 0x0058, 0x0058
    dd 0x0058, 0x0049, 0x0058, 0x0049, 0x0049, 0x004C, 0x0043, 0x0044
    dd 0x004D, 0x0069, 0x0069, 0x0069, 0x0069, 0x0069, 0x0069, 0x0069
    dd 0x0076, 0x0076, 0x0076, 0x0069, 0x0076, 0x0069, 0x0069, 0x0076
    dd 0x0069, 0x0069, 0x0069, 0x0069, 0x0078, 0x0078, 0x0078, 0x0069
    dd 0x0078, 0x0069, 0x0069, 0x006C, 0x0063, 0x0064, 0x006D, 0x0030
    dd 0x2044, 0x0033, 0x2190, 0x0338, 0x2192, 0x0338, 0x2194, 0x0338
    dd 0x21D0, 0x0338, 0x21D4, 0x0338, 0x21D2, 0x0338, 0x2203, 0x0338
    dd 0x2208, 0x0338, 0x220B, 0x0338, 0x2223, 0x0338, 0x2225, 0x0338
    dd 0x222B, 0x222B, 0x222B, 0x222B, 0x222B, 0x222E, 0x222E, 0x222E
    dd 0x222E, 0x222E, 0x223C, 0x0338, 0x2243, 0x0338, 0x2245, 0x0338
    dd 0x2248, 0x0338, 0x003D, 0x0338, 0x2261, 0x0338, 0x224D, 0x0338
    dd 0x003C, 0x0338, 0x003E, 0x0338, 0x2264, 0x0338, 0x2265, 0x0338
    dd 0x2272, 0x0338, 0x2273, 0x0338, 0x2276, 0x0338, 0x2277, 0x0338
    dd 0x227A, 0x0338, 0x227B, 0x0338, 0x2282, 0x0338, 0x2283, 0x0338
    dd 0x2286, 0x0338, 0x2287, 0x0338, 0x22A2, 0x0338, 0x22A8, 0x0338
    dd 0x22A9, 0x0338, 0x22AB, 0x0338, 0x227C, 0x0338, 0x227D, 0x0338
    dd 0x2291, 0x0338, 0x2292, 0x0338, 0x22B2, 0x0338, 0x22B3, 0x0338
    dd 0x22B4, 0x0338, 0x22B5, 0x0338, 0x3008, 0x3009, 0x0031, 0x0032
    dd 0x0033, 0x0034, 0x0035, 0x0036, 0x0037, 0x0038, 0x0039, 0x0031
    dd 0x0030, 0x0031, 0x0031, 0x0031, 0x0032, 0x0031, 0x0033, 0x0031
    dd 0x0034, 0x0031, 0x0035, 0x0031, 0x0036, 0x0031, 0x0037, 0x0031
    dd 0x0038, 0x0031, 0x0039, 0x0032, 0x0030, 0x0028, 0x0031, 0x0029
    dd 0x0028, 0x0032, 0x0029, 0x0028, 0x0033, 0x0029, 0x0028, 0x0034
    dd 0x0029, 0x0028, 0x0035, 0x0029, 0x0028, 0x0036, 0x0029, 0x0028
    dd 0x0037, 0x0029, 0x0028, 0x0038, 0x0029, 0x0028, 0x0039, 0x0029
    dd 0x0028, 0x0031, 0x0030, 0x0029, 0x0028, 0x0031, 0x0031, 0x0029
    dd 0x0028, 0x0031, 0x0032, 0x0029, 0x0028, 0x0031, 0x0033, 0x0029
    dd 0x0028, 0x0031, 0x0034, 0x0029, 0x0028, 0x0031, 0x0035, 0x0029
    dd 0x0028, 0x0031, 0x0036, 0x0029, 0x0028, 0x0031, 0x0037, 0x0029
    dd 0x0028, 0x0031, 0x0038, 0x0029, 0x0028, 0x0031, 0x0039, 0x0029
    dd 0x0028, 0x0032, 0x0030, 0x0029, 0x0031, 0x002E, 0x0032, 0x002E
    dd 0x0033, 0x002E, 0x0034, 0x002E, 0x0035, 0x002E, 0x0036, 0x002E
    dd 0x0037, 0x002E, 0x0038, 0x002E, 0x0039, 0x002E, 0x0031, 0x0030
    dd 0x002E, 0x0031, 0x0031, 0x002E, 0x0031, 0x0032, 0x002E, 0x0031
    dd 0x0033, 0x002E, 0x0031, 0x0034, 0x002E, 0x0031, 0x0035, 0x002E
    dd 0x0031, 0x0036, 0x002E, 0x0031, 0x0037, 0x002E, 0x0031, 0x0038
    dd 0x002E, 0x0031, 0x0039, 0x002E, 0x0032, 0x0030, 0x002E, 0x0028
    dd 0x0061, 0x0029, 0x0028, 0x0062, 0x0029, 0x0028, 0x0063, 0x0029
    dd 0x0028, 0x0064, 0x0029, 0x0028, 0x0065, 0x0029, 0x0028, 0x0066
    dd 0x0029, 0x0028, 0x0067, 0x0029, 0x0028, 0x0068, 0x0029, 0x0028
    dd 0x0069, 0x0029, 0x0028, 0x006A, 0x0029, 0x0028, 0x006B, 0x0029
    dd 0x0028, 0x006C, 0x0029, 0x0028, 0x006D, 0x0029, 0x0028, 0x006E
    dd 0x0029, 0x0028, 0x006F, 0x0029, 0x0028, 0x0070, 0x0029, 0x0028
    dd 0x0071, 0x0029, 0x0028, 0x0072, 0x0029, 0x0028, 0x0073, 0x0029
    dd 0x0028, 0x0074, 0x0029, 0x0028, 0x0075, 0x0029, 0x0028, 0x0076
    dd 0x0029, 0x0028, 0x0077, 0x0029, 0x0028, 0x0078, 0x0029, 0x0028
    dd 0x0079, 0x0029, 0x0028, 0x007A, 0x0029, 0x0041, 0x0042, 0x0043
    dd 0x0044, 0x0045, 0x0046, 0x0047, 0x0048, 0x0049, 0x004A, 0x004B
    dd 0x004C, 0x004D, 0x004E, 0x004F, 0x0050, 0x0051, 0x0052, 0x0053
    dd 0x0054, 0x0055, 0x0056, 0x0057, 0x0058, 0x0059, 0x005A, 0x0061
    dd 0x0062, 0x0063, 0x0064, 0x0065, 0x0066, 0x0067, 0x0068, 0x0069
    dd 0x006A, 0x006B, 0x006C, 0x006D, 0x006E, 0x006F, 0x0070, 0x0071
    dd 0x0072, 0x0073, 0x0074, 0x0075, 0x0076, 0x0077, 0x0078, 0x0079
    dd 0x007A, 0x0030, 0x222B, 0x222B, 0x222B, 0x222B, 0x003A, 0x003A
    dd 0x003D, 0x003D, 0x003D, 0x003D, 0x003D, 0x003D, 0x2ADD, 0x0338
    dd 0x006A, 0x0056, 0x2D61, 0x6BCD, 0x9F9F, 0x4E00, 0x4E28, 0x4E36
    dd 0x4E3F, 0x4E59, 0x4E85, 0x4E8C, 0x4EA0, 0x4EBA, 0x513F, 0x5165
    dd 0x516B, 0x5182, 0x5196, 0x51AB, 0x51E0, 0x51F5, 0x5200, 0x529B
    dd 0x52F9, 0x5315, 0x531A, 0x5338, 0x5341, 0x535C, 0x5369, 0x5382
    dd 0x53B6, 0x53C8, 0x53E3, 0x56D7, 0x571F, 0x58EB, 0x5902, 0x590A
    dd 0x5915, 0x5927, 0x5973, 0x5B50, 0x5B80, 0x5BF8, 0x5C0F, 0x5C22
    dd 0x5C38, 0x5C6E, 0x5C71, 0x5DDB, 0x5DE5, 0x5DF1, 0x5DFE, 0x5E72
    dd 0x5E7A, 0x5E7F, 0x5EF4, 0x5EFE, 0x5F0B, 0x5F13, 0x5F50, 0x5F61
    dd 0x5F73, 0x5FC3, 0x6208, 0x6236, 0x624B, 0x652F, 0x6534, 0x6587
    dd 0x6597, 0x65A4, 0x65B9, 0x65E0, 0x65E5, 0x66F0, 0x6708, 0x6728
    dd 0x6B20, 0x6B62, 0x6B79, 0x6BB3, 0x6BCB, 0x6BD4, 0x6BDB, 0x6C0F
    dd 0x6C14, 0x6C34, 0x706B, 0x722A, 0x7236, 0x723B, 0x723F, 0x7247
    dd 0x7259, 0x725B, 0x72AC, 0x7384, 0x7389, 0x74DC, 0x74E6, 0x7518
    dd 0x751F, 0x7528, 0x7530, 0x758B, 0x7592, 0x7676, 0x767D, 0x76AE
    dd 0x76BF, 0x76EE, 0x77DB, 0x77E2, 0x77F3, 0x793A, 0x79B8, 0x79BE
    dd 0x7A74, 0x7ACB, 0x7AF9, 0x7C73, 0x7CF8, 0x7F36, 0x7F51, 0x7F8A
    dd 0x7FBD, 0x8001, 0x800C, 0x8012, 0x8033, 0x807F, 0x8089, 0x81E3
    dd 0x81EA, 0x81F3, 0x81FC, 0x820C, 0x821B, 0x821F, 0x826E, 0x8272
    dd 0x8278, 0x864D, 0x866B, 0x8840, 0x884C, 0x8863, 0x897E, 0x898B
    dd 0x89D2, 0x8A00, 0x8C37, 0x8C46, 0x8C55, 0x8C78, 0x8C9D, 0x8D64
    dd 0x8D70, 0x8DB3, 0x8EAB, 0x8ECA, 0x8F9B, 0x8FB0, 0x8FB5, 0x9091
    dd 0x9149, 0x91C6, 0x91CC, 0x91D1, 0x9577, 0x9580, 0x961C, 0x96B6
    dd 0x96B9, 0x96E8, 0x9751, 0x975E, 0x9762, 0x9769, 0x97CB, 0x97ED
    dd 0x97F3, 0x9801, 0x98A8, 0x98DB, 0x98DF, 0x9996, 0x9999, 0x99AC
    dd 0x9AA8, 0x9AD8, 0x9ADF, 0x9B25, 0x9B2F, 0x9B32, 0x9B3C, 0x9B5A
    dd 0x9CE5, 0x9E75, 0x9E7F, 0x9EA5, 0x9EBB, 0x9EC3, 0x9ECD, 0x9ED1
    dd 0x9EF9, 0x9EFD, 0x9F0E, 0x9F13, 0x9F20, 0x9F3B, 0x9F4A, 0x9F52
    dd 0x9F8D, 0x9F9C, 0x9FA0, 0x0020, 0x3012, 0x5341, 0x5344, 0x5345
    dd 0x304B, 0x3099, 0x304D, 0x3099, 0x304F, 0x3099, 0x3051, 0x3099
    dd 0x3053, 0x3099, 0x3055, 0x3099, 0x3057, 0x3099, 0x3059, 0x3099
    dd 0x305B, 0x3099, 0x305D, 0x3099, 0x305F, 0x3099, 0x3061, 0x3099
    dd 0x3064, 0x3099, 0x3066, 0x3099, 0x3068, 0x3099, 0x306F, 0x3099
    dd 0x306F, 0x309A, 0x3072, 0x3099, 0x3072, 0x309A, 0x3075, 0x3099
    dd 0x3075, 0x309A, 0x3078, 0x3099, 0x3078, 0x309A, 0x307B, 0x3099
    dd 0x307B, 0x309A, 0x3046, 0x3099, 0x0020, 0x3099, 0x0020, 0x309A
    dd 0x309D, 0x3099, 0x3088, 0x308A, 0x30AB, 0x3099, 0x30AD, 0x3099
    dd 0x30AF, 0x3099, 0x30B1, 0x3099, 0x30B3, 0x3099, 0x30B5, 0x3099
    dd 0x30B7, 0x3099, 0x30B9, 0x3099, 0x30BB, 0x3099, 0x30BD, 0x3099
    dd 0x30BF, 0x3099, 0x30C1, 0x3099, 0x30C4, 0x3099, 0x30C6, 0x3099
    dd 0x30C8, 0x3099, 0x30CF, 0x3099, 0x30CF, 0x309A, 0x30D2, 0x3099
    dd 0x30D2, 0x309A, 0x30D5, 0x3099, 0x30D5, 0x309A, 0x30D8, 0x3099
    dd 0x30D8, 0x309A, 0x30DB, 0x3099, 0x30DB, 0x309A, 0x30A6, 0x3099
    dd 0x30EF, 0x3099, 0x30F0, 0x3099, 0x30F1, 0x3099, 0x30F2, 0x3099
    dd 0x30FD, 0x3099, 0x30B3, 0x30C8, 0x1100, 0x1101, 0x11AA, 0x1102
    dd 0x11AC, 0x11AD, 0x1103, 0x1104, 0x1105, 0x11B0, 0x11B1, 0x11B2
    dd 0x11B3, 0x11B4, 0x11B5, 0x111A, 0x1106, 0x1107, 0x1108, 0x1121
    dd 0x1109, 0x110A, 0x110B, 0x110C, 0x110D, 0x110E, 0x110F, 0x1110
    dd 0x1111, 0x1112, 0x1161, 0x1162, 0x1163, 0x1164, 0x1165, 0x1166
    dd 0x1167, 0x1168, 0x1169, 0x116A, 0x116B, 0x116C, 0x116D, 0x116E
    dd 0x116F, 0x1170, 0x1171, 0x1172, 0x1173, 0x1174, 0x1175, 0x1160
    dd 0x1114, 0x1115, 0x11C7, 0x11C8, 0x11CC, 0x11CE, 0x11D3, 0x11D7
    dd 0x11D9, 0x111C, 0x11DD, 0x11DF, 0x111D, 0x111E, 0x1120, 0x1122
    dd 0x1123, 0x1127, 0x1129, 0x112B, 0x112C, 0x112D, 0x112E, 0x112F
    dd 0x1132, 0x1136, 0x1140, 0x1147, 0x114C, 0x11F1, 0x11F2, 0x1157
    dd 0x1158, 0x1159, 0x1184, 0x1185, 0x1188, 0x1191, 0x1192, 0x1194
    dd 0x119E, 0x11A1, 0x4E00, 0x4E8C, 0x4E09, 0x56DB, 0x4E0A, 0x4E2D
    dd 0x4E0B, 0x7532, 0x4E59, 0x4E19, 0x4E01, 0x5929, 0x5730, 0x4EBA
    dd 0x0028, 0x1100, 0x0029, 0x0028, 0x1102, 0x0029, 0x0028, 0x1103
    dd 0x0029, 0x0028, 0x1105, 0x0029, 0x0028, 0x1106, 0x0029, 0x0028
    dd 0x1107, 0x0029, 0x0028, 0x1109, 0x0029, 0x0028, 0x110B, 0x0029
    dd 0x0028, 0x110C, 0x0029, 0x0028, 0x110E, 0x0029, 0x0028, 0x110F
    dd 0x0029, 0x0028, 0x1110, 0x0029, 0x0028, 0x1111, 0x0029, 0x0028
    dd 0x1112, 0x0029, 0x0028, 0x1100, 0x1161, 0x0029, 0x0028, 0x1102
    dd 0x1161, 0x0029, 0x0028, 0x1103, 0x1161, 0x0029, 0x0028, 0x1105
    dd 0x1161, 0x0029, 0x0028, 0x1106, 0x1161, 0x0029, 0x0028, 0x1107
    dd 0x1161, 0x0029, 0x0028, 0x1109, 0x1161, 0x0029, 0x0028, 0x110B
    dd 0x1161, 0x0029, 0x0028, 0x110C, 0x1161, 0x0029, 0x0028, 0x110E
    dd 0x1161, 0x0029, 0x0028, 0x110F, 0x1161, 0x0029, 0x0028, 0x1110
    dd 0x1161, 0x0029, 0x0028, 0x1111, 0x1161, 0x0029, 0x0028, 0x1112
    dd 0x1161, 0x0029, 0x0028, 0x110C, 0x116E, 0x0029, 0x0028, 0x110B
    dd 0x1169, 0x110C, 0x1165, 0x11AB, 0x0029, 0x0028, 0x110B, 0x1169
    dd 0x1112, 0x116E, 0x0029, 0x0028, 0x4E00, 0x0029, 0x0028, 0x4E8C
    dd 0x0029, 0x0028, 0x4E09, 0x0029, 0x0028, 0x56DB, 0x0029, 0x0028
    dd 0x4E94, 0x0029, 0x0028, 0x516D, 0x0029, 0x0028, 0x4E03, 0x0029
    dd 0x0028, 0x516B, 0x0029, 0x0028, 0x4E5D, 0x0029, 0x0028, 0x5341
    dd 0x0029, 0x0028, 0x6708, 0x0029, 0x0028, 0x706B, 0x0029, 0x0028
    dd 0x6C34, 0x0029, 0x0028, 0x6728, 0x0029, 0x0028, 0x91D1, 0x0029
    dd 0x0028, 0x571F, 0x0029, 0x0028, 0x65E5, 0x0029, 0x0028, 0x682A
    dd 0x0029, 0x0028, 0x6709, 0x0029, 0x0028, 0x793E, 0x0029, 0x0028
    dd 0x540D, 0x0029, 0x0028, 0x7279, 0x0029, 0x0028, 0x8CA1, 0x0029
    dd 0x0028, 0x795D, 0x0029, 0x0028, 0x52B4, 0x0029, 0x0028, 0x4EE3
    dd 0x0029, 0x0028, 0x547C, 0x0029, 0x0028, 0x5B66, 0x0029, 0x0028
    dd 0x76E3, 0x0029, 0x0028, 0x4F01, 0x0029, 0x0028, 0x8CC7, 0x0029
    dd 0x0028, 0x5354, 0x0029, 0x0028, 0x796D, 0x0029, 0x0028, 0x4F11
    dd 0x0029, 0x0028, 0x81EA, 0x0029, 0x0028, 0x81F3, 0x0029, 0x554F
    dd 0x5E7C, 0x6587, 0x7B8F, 0x0050, 0x0054, 0x0045, 0x0032, 0x0031
    dd 0x0032, 0x0032, 0x0032, 0x0033, 0x0032, 0x0034, 0x0032, 0x0035
    dd 0x0032, 0x0036, 0x0032, 0x0037, 0x0032, 0x0038, 0x0032, 0x0039
    dd 0x0033, 0x0030, 0x0033, 0x0031, 0x0033, 0x0032, 0x0033, 0x0033
    dd 0x0033, 0x0034, 0x0033, 0x0035, 0x1100, 0x1102, 0x1103, 0x1105
    dd 0x1106, 0x1107, 0x1109, 0x110B, 0x110C, 0x110E, 0x110F, 0x1110
    dd 0x1111, 0x1112, 0x1100, 0x1161, 0x1102, 0x1161, 0x1103, 0x1161
    dd 0x1105, 0x1161, 0x1106, 0x1161, 0x1107, 0x1161, 0x1109, 0x1161
    dd 0x110B, 0x1161, 0x110C, 0x1161, 0x110E, 0x1161, 0x110F, 0x1161
    dd 0x1110, 0x1161, 0x1111, 0x1161, 0x1112, 0x1161, 0x110E, 0x1161
    dd 0x11B7, 0x1100, 0x1169, 0x110C, 0x116E, 0x110B, 0x1174, 0x110B
    dd 0x116E, 0x4E00, 0x4E8C, 0x4E09, 0x56DB, 0x4E94, 0x516D, 0x4E03
    dd 0x516B, 0x4E5D, 0x5341, 0x6708, 0x706B, 0x6C34, 0x6728, 0x91D1
    dd 0x571F, 0x65E5, 0x682A, 0x6709, 0x793E, 0x540D, 0x7279, 0x8CA1
    dd 0x795D, 0x52B4, 0x79D8, 0x7537, 0x5973, 0x9069, 0x512A, 0x5370
    dd 0x6CE8, 0x9805, 0x4F11, 0x5199, 0x6B63, 0x4E0A, 0x4E2D, 0x4E0B
    dd 0x5DE6, 0x53F3, 0x533B, 0x5B97, 0x5B66, 0x76E3, 0x4F01, 0x8CC7
    dd 0x5354, 0x591C, 0x0033, 0x0036, 0x0033, 0x0037, 0x0033, 0x0038
    dd 0x0033, 0x0039, 0x0034, 0x0030, 0x0034, 0x0031, 0x0034, 0x0032
    dd 0x0034, 0x0033, 0x0034, 0x0034, 0x0034, 0x0035, 0x0034, 0x0036
    dd 0x0034, 0x0037, 0x0034, 0x0038, 0x0034, 0x0039, 0x0035, 0x0030
    dd 0x0031, 0x6708, 0x0032, 0x6708, 0x0033, 0x6708, 0x0034, 0x6708
    dd 0x0035, 0x6708, 0x0036, 0x6708, 0x0037, 0x6708, 0x0038, 0x6708
    dd 0x0039, 0x6708, 0x0031, 0x0030, 0x6708, 0x0031, 0x0031, 0x6708
    dd 0x0031, 0x0032, 0x6708, 0x0048, 0x0067, 0x0065, 0x0072, 0x0067
    dd 0x0065, 0x0056, 0x004C, 0x0054, 0x0044, 0x30A2, 0x30A4, 0x30A6
    dd 0x30A8, 0x30AA, 0x30AB, 0x30AD, 0x30AF, 0x30B1, 0x30B3, 0x30B5
    dd 0x30B7, 0x30B9, 0x30BB, 0x30BD, 0x30BF, 0x30C1, 0x30C4, 0x30C6
    dd 0x30C8, 0x30CA, 0x30CB, 0x30CC, 0x30CD, 0x30CE, 0x30CF, 0x30D2
    dd 0x30D5, 0x30D8, 0x30DB, 0x30DE, 0x30DF, 0x30E0, 0x30E1, 0x30E2
    dd 0x30E4, 0x30E6, 0x30E8, 0x30E9, 0x30EA, 0x30EB, 0x30EC, 0x30ED
    dd 0x30EF, 0x30F0, 0x30F1, 0x30F2, 0x4EE4, 0x548C, 0x30A2, 0x30D1
    dd 0x30FC, 0x30C8, 0x30A2, 0x30EB, 0x30D5, 0x30A1, 0x30A2, 0x30F3
    dd 0x30DA, 0x30A2, 0x30A2, 0x30FC, 0x30EB, 0x30A4, 0x30CB, 0x30F3
    dd 0x30B0, 0x30A4, 0x30F3, 0x30C1, 0x30A6, 0x30A9, 0x30F3, 0x30A8
    dd 0x30B9, 0x30AF, 0x30FC, 0x30C9, 0x30A8, 0x30FC, 0x30AB, 0x30FC
    dd 0x30AA, 0x30F3, 0x30B9, 0x30AA, 0x30FC, 0x30E0, 0x30AB, 0x30A4
    dd 0x30EA, 0x30AB, 0x30E9, 0x30C3, 0x30C8, 0x30AB, 0x30ED, 0x30EA
    dd 0x30FC, 0x30AC, 0x30ED, 0x30F3, 0x30AC, 0x30F3, 0x30DE, 0x30AE
    dd 0x30AC, 0x30AE, 0x30CB, 0x30FC, 0x30AD, 0x30E5, 0x30EA, 0x30FC
    dd 0x30AE, 0x30EB, 0x30C0, 0x30FC, 0x30AD, 0x30ED, 0x30AD, 0x30ED
    dd 0x30B0, 0x30E9, 0x30E0, 0x30AD, 0x30ED, 0x30E1, 0x30FC, 0x30C8
    dd 0x30EB, 0x30AD, 0x30ED, 0x30EF, 0x30C3, 0x30C8, 0x30B0, 0x30E9
    dd 0x30E0, 0x30B0, 0x30E9, 0x30E0, 0x30C8, 0x30F3, 0x30AF, 0x30EB
    dd 0x30BC, 0x30A4, 0x30ED, 0x30AF, 0x30ED, 0x30FC, 0x30CD, 0x30B1
    dd 0x30FC, 0x30B9, 0x30B3, 0x30EB, 0x30CA, 0x30B3, 0x30FC, 0x30DD
    dd 0x30B5, 0x30A4, 0x30AF, 0x30EB, 0x30B5, 0x30F3, 0x30C1, 0x30FC
    dd 0x30E0, 0x30B7, 0x30EA, 0x30F3, 0x30B0, 0x30BB, 0x30F3, 0x30C1
    dd 0x30BB, 0x30F3, 0x30C8, 0x30C0, 0x30FC, 0x30B9, 0x30C7, 0x30B7
    dd 0x30C9, 0x30EB, 0x30C8, 0x30F3, 0x30CA, 0x30CE, 0x30CE, 0x30C3
    dd 0x30C8, 0x30CF, 0x30A4, 0x30C4, 0x30D1, 0x30FC, 0x30BB, 0x30F3
    dd 0x30C8, 0x30D1, 0x30FC, 0x30C4, 0x30D0, 0x30FC, 0x30EC, 0x30EB
    dd 0x30D4, 0x30A2, 0x30B9, 0x30C8, 0x30EB, 0x30D4, 0x30AF, 0x30EB
    dd 0x30D4, 0x30B3, 0x30D3, 0x30EB, 0x30D5, 0x30A1, 0x30E9, 0x30C3
    dd 0x30C9, 0x30D5, 0x30A3, 0x30FC, 0x30C8, 0x30D6, 0x30C3, 0x30B7
    dd 0x30A7, 0x30EB, 0x30D5, 0x30E9, 0x30F3, 0x30D8, 0x30AF, 0x30BF
    dd 0x30FC, 0x30EB, 0x30DA, 0x30BD, 0x30DA, 0x30CB, 0x30D2, 0x30D8
    dd 0x30EB, 0x30C4, 0x30DA, 0x30F3, 0x30B9, 0x30DA, 0x30FC, 0x30B8
    dd 0x30D9, 0x30FC, 0x30BF, 0x30DD, 0x30A4, 0x30F3, 0x30C8, 0x30DC
    dd 0x30EB, 0x30C8, 0x30DB, 0x30F3, 0x30DD, 0x30F3, 0x30C9, 0x30DB
    dd 0x30FC, 0x30EB, 0x30DB, 0x30FC, 0x30F3, 0x30DE, 0x30A4, 0x30AF
    dd 0x30ED, 0x30DE, 0x30A4, 0x30EB, 0x30DE, 0x30C3, 0x30CF, 0x30DE
    dd 0x30EB, 0x30AF, 0x30DE, 0x30F3, 0x30B7, 0x30E7, 0x30F3, 0x30DF
    dd 0x30AF, 0x30ED, 0x30F3, 0x30DF, 0x30EA, 0x30DF, 0x30EA, 0x30D0
    dd 0x30FC, 0x30EB, 0x30E1, 0x30AC, 0x30E1, 0x30AC, 0x30C8, 0x30F3
    dd 0x30E1, 0x30FC, 0x30C8, 0x30EB, 0x30E4, 0x30FC, 0x30C9, 0x30E4
    dd 0x30FC, 0x30EB, 0x30E6, 0x30A2, 0x30F3, 0x30EA, 0x30C3, 0x30C8
    dd 0x30EB, 0x30EA, 0x30E9, 0x30EB, 0x30D4, 0x30FC, 0x30EB, 0x30FC
    dd 0x30D6, 0x30EB, 0x30EC, 0x30E0, 0x30EC, 0x30F3, 0x30C8, 0x30B2
    dd 0x30F3, 0x30EF, 0x30C3, 0x30C8, 0x0030, 0x70B9, 0x0031, 0x70B9
    dd 0x0032, 0x70B9, 0x0033, 0x70B9, 0x0034, 0x70B9, 0x0035, 0x70B9
    dd 0x0036, 0x70B9, 0x0037, 0x70B9, 0x0038, 0x70B9, 0x0039, 0x70B9
    dd 0x0031, 0x0030, 0x70B9, 0x0031, 0x0031, 0x70B9, 0x0031, 0x0032
    dd 0x70B9, 0x0031, 0x0033, 0x70B9, 0x0031, 0x0034, 0x70B9, 0x0031
    dd 0x0035, 0x70B9, 0x0031, 0x0036, 0x70B9, 0x0031, 0x0037, 0x70B9
    dd 0x0031, 0x0038, 0x70B9, 0x0031, 0x0039, 0x70B9, 0x0032, 0x0030
    dd 0x70B9, 0x0032, 0x0031, 0x70B9, 0x0032, 0x0032, 0x70B9, 0x0032
    dd 0x0033, 0x70B9, 0x0032, 0x0034, 0x70B9, 0x0068, 0x0050, 0x0061
    dd 0x0064, 0x0061, 0x0041, 0x0055, 0x0062, 0x0061, 0x0072, 0x006F
    dd 0x0056, 0x0070, 0x0063, 0x0064, 0x006D, 0x0064, 0x006D, 0x00B2
    dd 0x0064, 0x006D, 0x00B3, 0x0049, 0x0055, 0x5E73, 0x6210, 0x662D
    dd 0x548C, 0x5927, 0x6B63, 0x660E, 0x6CBB, 0x682A, 0x5F0F, 0x4F1A
    dd 0x793E, 0x0070, 0x0041, 0x006E, 0x0041, 0x03BC, 0x0041, 0x006D
    dd 0x0041, 0x006B, 0x0041, 0x004B, 0x0042, 0x004D, 0x0042, 0x0047
    dd 0x0042, 0x0063, 0x0061, 0x006C, 0x006B, 0x0063, 0x0061, 0x006C
    dd 0x0070, 0x0046, 0x006E, 0x0046, 0x03BC, 0x0046, 0x03BC, 0x0067
    dd 0x006D, 0x0067, 0x006B, 0x0067, 0x0048, 0x007A, 0x006B, 0x0048
    dd 0x007A, 0x004D, 0x0048, 0x007A, 0x0047, 0x0048, 0x007A, 0x0054
    dd 0x0048, 0x007A, 0x03BC, 0x2113, 0x006D, 0x2113, 0x0064, 0x2113
    dd 0x006B, 0x2113, 0x0066, 0x006D, 0x006E, 0x006D, 0x03BC, 0x006D
    dd 0x006D, 0x006D, 0x0063, 0x006D, 0x006B, 0x006D, 0x006D, 0x006D
    dd 0x00B2, 0x0063, 0x006D, 0x00B2, 0x006D, 0x00B2, 0x006B, 0x006D
    dd 0x00B2, 0x006D, 0x006D, 0x00B3, 0x0063, 0x006D, 0x00B3, 0x006D
    dd 0x00B3, 0x006B, 0x006D, 0x00B3, 0x006D, 0x2215, 0x0073, 0x006D
    dd 0x2215, 0x0073, 0x00B2, 0x0050, 0x0061, 0x006B, 0x0050, 0x0061
    dd 0x004D, 0x0050, 0x0061, 0x0047, 0x0050, 0x0061, 0x0072, 0x0061
    dd 0x0064, 0x0072, 0x0061, 0x0064, 0x2215, 0x0073, 0x0072, 0x0061
    dd 0x0064, 0x2215, 0x0073, 0x00B2, 0x0070, 0x0073, 0x006E, 0x0073
    dd 0x03BC, 0x0073, 0x006D, 0x0073, 0x0070, 0x0056, 0x006E, 0x0056
    dd 0x03BC, 0x0056, 0x006D, 0x0056, 0x006B, 0x0056, 0x004D, 0x0056
    dd 0x0070, 0x0057, 0x006E, 0x0057, 0x03BC, 0x0057, 0x006D, 0x0057
    dd 0x006B, 0x0057, 0x004D, 0x0057, 0x006B, 0x03A9, 0x004D, 0x03A9
    dd 0x0061, 0x002E, 0x006D, 0x002E, 0x0042, 0x0071, 0x0063, 0x0063
    dd 0x0063, 0x0064, 0x0043, 0x2215, 0x006B, 0x0067, 0x0043, 0x006F
    dd 0x002E, 0x0064, 0x0042, 0x0047, 0x0079, 0x0068, 0x0061, 0x0048
    dd 0x0050, 0x0069, 0x006E, 0x004B, 0x004B, 0x004B, 0x004D, 0x006B
    dd 0x0074, 0x006C, 0x006D, 0x006C, 0x006E, 0x006C, 0x006F, 0x0067
    dd 0x006C, 0x0078, 0x006D, 0x0062, 0x006D, 0x0069, 0x006C, 0x006D
    dd 0x006F, 0x006C, 0x0050, 0x0048, 0x0070, 0x002E, 0x006D, 0x002E
    dd 0x0050, 0x0050, 0x004D, 0x0050, 0x0052, 0x0073, 0x0072, 0x0053
    dd 0x0076, 0x0057, 0x0062, 0x0056, 0x2215, 0x006D, 0x0041, 0x2215
    dd 0x006D, 0x0031, 0x65E5, 0x0032, 0x65E5, 0x0033, 0x65E5, 0x0034
    dd 0x65E5, 0x0035, 0x65E5, 0x0036, 0x65E5, 0x0037, 0x65E5, 0x0038
    dd 0x65E5, 0x0039, 0x65E5, 0x0031, 0x0030, 0x65E5, 0x0031, 0x0031
    dd 0x65E5, 0x0031, 0x0032, 0x65E5, 0x0031, 0x0033, 0x65E5, 0x0031
    dd 0x0034, 0x65E5, 0x0031, 0x0035, 0x65E5, 0x0031, 0x0036, 0x65E5
    dd 0x0031, 0x0037, 0x65E5, 0x0031, 0x0038, 0x65E5, 0x0031, 0x0039
    dd 0x65E5, 0x0032, 0x0030, 0x65E5, 0x0032, 0x0031, 0x65E5, 0x0032
    dd 0x0032, 0x65E5, 0x0032, 0x0033, 0x65E5, 0x0032, 0x0034, 0x65E5
    dd 0x0032, 0x0035, 0x65E5, 0x0032, 0x0036, 0x65E5, 0x0032, 0x0037
    dd 0x65E5, 0x0032, 0x0038, 0x65E5, 0x0032, 0x0039, 0x65E5, 0x0033
    dd 0x0030, 0x65E5, 0x0033, 0x0031, 0x65E5, 0x0067, 0x0061, 0x006C
    dd 0x044A, 0x044C, 0xA76F, 0x0053, 0x0043, 0x0046, 0x0051, 0x0126
    dd 0x0153, 0xA727, 0xAB37, 0x026B, 0xAB52, 0x028D, 0x8C48, 0x66F4
    dd 0x8ECA, 0x8CC8, 0x6ED1, 0x4E32, 0x53E5, 0x9F9C, 0x9F9C, 0x5951
    dd 0x91D1, 0x5587, 0x5948, 0x61F6, 0x7669, 0x7F85, 0x863F, 0x87BA
    dd 0x88F8, 0x908F, 0x6A02, 0x6D1B, 0x70D9, 0x73DE, 0x843D, 0x916A
    dd 0x99F1, 0x4E82, 0x5375, 0x6B04, 0x721B, 0x862D, 0x9E1E, 0x5D50
    dd 0x6FEB, 0x85CD, 0x8964, 0x62C9, 0x81D8, 0x881F, 0x5ECA, 0x6717
    dd 0x6D6A, 0x72FC, 0x90CE, 0x4F86, 0x51B7, 0x52DE, 0x64C4, 0x6AD3
    dd 0x7210, 0x76E7, 0x8001, 0x8606, 0x865C, 0x8DEF, 0x9732, 0x9B6F
    dd 0x9DFA, 0x788C, 0x797F, 0x7DA0, 0x83C9, 0x9304, 0x9E7F, 0x8AD6
    dd 0x58DF, 0x5F04, 0x7C60, 0x807E, 0x7262, 0x78CA, 0x8CC2, 0x96F7
    dd 0x58D8, 0x5C62, 0x6A13, 0x6DDA, 0x6F0F, 0x7D2F, 0x7E37, 0x964B
    dd 0x52D2, 0x808B, 0x51DC, 0x51CC, 0x7A1C, 0x7DBE, 0x83F1, 0x9675
    dd 0x8B80, 0x62CF, 0x6A02, 0x8AFE, 0x4E39, 0x5BE7, 0x6012, 0x7387
    dd 0x7570, 0x5317, 0x78FB, 0x4FBF, 0x5FA9, 0x4E0D, 0x6CCC, 0x6578
    dd 0x7D22, 0x53C3, 0x585E, 0x7701, 0x8449, 0x8AAA, 0x6BBA, 0x8FB0
    dd 0x6C88, 0x62FE, 0x82E5, 0x63A0, 0x7565, 0x4EAE, 0x5169, 0x51C9
    dd 0x6881, 0x7CE7, 0x826F, 0x8AD2, 0x91CF, 0x52F5, 0x5442, 0x5973
    dd 0x5EEC, 0x65C5, 0x6FFE, 0x792A, 0x95AD, 0x9A6A, 0x9E97, 0x9ECE
    dd 0x529B, 0x66C6, 0x6B77, 0x8F62, 0x5E74, 0x6190, 0x6200, 0x649A
    dd 0x6F23, 0x7149, 0x7489, 0x79CA, 0x7DF4, 0x806F, 0x8F26, 0x84EE
    dd 0x9023, 0x934A, 0x5217, 0x52A3, 0x54BD, 0x70C8, 0x88C2, 0x8AAA
    dd 0x5EC9, 0x5FF5, 0x637B, 0x6BAE, 0x7C3E, 0x7375, 0x4EE4, 0x56F9
    dd 0x5BE7, 0x5DBA, 0x601C, 0x73B2, 0x7469, 0x7F9A, 0x8046, 0x9234
    dd 0x96F6, 0x9748, 0x9818, 0x4F8B, 0x79AE, 0x91B4, 0x96B8, 0x60E1
    dd 0x4E86, 0x50DA, 0x5BEE, 0x5C3F, 0x6599, 0x6A02, 0x71CE, 0x7642
    dd 0x84FC, 0x907C, 0x9F8D, 0x6688, 0x962E, 0x5289, 0x677B, 0x67F3
    dd 0x6D41, 0x6E9C, 0x7409, 0x7559, 0x786B, 0x7D10, 0x985E, 0x516D
    dd 0x622E, 0x9678, 0x502B, 0x5D19, 0x6DEA, 0x8F2A, 0x5F8B, 0x6144
    dd 0x6817, 0x7387, 0x9686, 0x5229, 0x540F, 0x5C65, 0x6613, 0x674E
    dd 0x68A8, 0x6CE5, 0x7406, 0x75E2, 0x7F79, 0x88CF, 0x88E1, 0x91CC
    dd 0x96E2, 0x533F, 0x6EBA, 0x541D, 0x71D0, 0x7498, 0x85FA, 0x96A3
    dd 0x9C57, 0x9E9F, 0x6797, 0x6DCB, 0x81E8, 0x7ACB, 0x7B20, 0x7C92
    dd 0x72C0, 0x7099, 0x8B58, 0x4EC0, 0x8336, 0x523A, 0x5207, 0x5EA6
    dd 0x62D3, 0x7CD6, 0x5B85, 0x6D1E, 0x66B4, 0x8F3B, 0x884C, 0x964D
    dd 0x898B, 0x5ED3, 0x5140, 0x55C0, 0x585A, 0x6674, 0x51DE, 0x732A
    dd 0x76CA, 0x793C, 0x795E, 0x7965, 0x798F, 0x9756, 0x7CBE, 0x7FBD
    dd 0x8612, 0x8AF8, 0x9038, 0x90FD, 0x98EF, 0x98FC, 0x9928, 0x9DB4
    dd 0x90DE, 0x96B7, 0x4FAE, 0x50E7, 0x514D, 0x52C9, 0x52E4, 0x5351
    dd 0x559D, 0x5606, 0x5668, 0x5840, 0x58A8, 0x5C64, 0x5C6E, 0x6094
    dd 0x6168, 0x618E, 0x61F2, 0x654F, 0x65E2, 0x6691, 0x6885, 0x6D77
    dd 0x6E1A, 0x6F22, 0x716E, 0x722B, 0x7422, 0x7891, 0x793E, 0x7949
    dd 0x7948, 0x7950, 0x7956, 0x795D, 0x798D, 0x798E, 0x7A40, 0x7A81
    dd 0x7BC0, 0x7DF4, 0x7E09, 0x7E41, 0x7F72, 0x8005, 0x81ED, 0x8279
    dd 0x8279, 0x8457, 0x8910, 0x8996, 0x8B01, 0x8B39, 0x8CD3, 0x8D08
    dd 0x8FB6, 0x9038, 0x96E3, 0x97FF, 0x983B, 0x6075, 0x242EE, 0x8218
    dd 0x4E26, 0x51B5, 0x5168, 0x4F80, 0x5145, 0x5180, 0x52C7, 0x52FA
    dd 0x559D, 0x5555, 0x5599, 0x55E2, 0x585A, 0x58B3, 0x5944, 0x5954
    dd 0x5A62, 0x5B28, 0x5ED2, 0x5ED9, 0x5F69, 0x5FAD, 0x60D8, 0x614E
    dd 0x6108, 0x618E, 0x6160, 0x61F2, 0x6234, 0x63C4, 0x641C, 0x6452
    dd 0x6556, 0x6674, 0x6717, 0x671B, 0x6756, 0x6B79, 0x6BBA, 0x6D41
    dd 0x6EDB, 0x6ECB, 0x6F22, 0x701E, 0x716E, 0x77A7, 0x7235, 0x72AF
    dd 0x732A, 0x7471, 0x7506, 0x753B, 0x761D, 0x761F, 0x76CA, 0x76DB
    dd 0x76F4, 0x774A, 0x7740, 0x78CC, 0x7AB1, 0x7BC0, 0x7C7B, 0x7D5B
    dd 0x7DF4, 0x7F3E, 0x8005, 0x8352, 0x83EF, 0x8779, 0x8941, 0x8986
    dd 0x8996, 0x8ABF, 0x8AF8, 0x8ACB, 0x8B01, 0x8AFE, 0x8AED, 0x8B39
    dd 0x8B8A, 0x8D08, 0x8F38, 0x9072, 0x9199, 0x9276, 0x967C, 0x96E3
    dd 0x9756, 0x97DB, 0x97FF, 0x980B, 0x983B, 0x9B12, 0x9F9C, 0x2284A
    dd 0x22844, 0x233D5, 0x3B9D, 0x4018, 0x4039, 0x25249, 0x25CD0, 0x27ED3
    dd 0x9F43, 0x9F8E, 0x0066, 0x0066, 0x0066, 0x0069, 0x0066, 0x006C
    dd 0x0066, 0x0066, 0x0069, 0x0066, 0x0066, 0x006C, 0x017F, 0x0074
    dd 0x0073, 0x0074, 0x0574, 0x0576, 0x0574, 0x0565, 0x0574, 0x056B
    dd 0x057E, 0x0576, 0x0574, 0x056D, 0x05D9, 0x05B4, 0x05F2, 0x05B7
    dd 0x05E2, 0x05D0, 0x05D3, 0x05D4, 0x05DB, 0x05DC, 0x05DD, 0x05E8
    dd 0x05EA, 0x002B, 0x05E9, 0x05C1, 0x05E9, 0x05C2, 0xFB49, 0x05C1
    dd 0xFB49, 0x05C2, 0x05D0, 0x05B7, 0x05D0, 0x05B8, 0x05D0, 0x05BC
    dd 0x05D1, 0x05BC, 0x05D2, 0x05BC, 0x05D3, 0x05BC, 0x05D4, 0x05BC
    dd 0x05D5, 0x05BC, 0x05D6, 0x05BC, 0x05D8, 0x05BC, 0x05D9, 0x05BC
    dd 0x05DA, 0x05BC, 0x05DB, 0x05BC, 0x05DC, 0x05BC, 0x05DE, 0x05BC
    dd 0x05E0, 0x05BC, 0x05E1, 0x05BC, 0x05E3, 0x05BC, 0x05E4, 0x05BC
    dd 0x05E6, 0x05BC, 0x05E7, 0x05BC, 0x05E8, 0x05BC, 0x05E9, 0x05BC
    dd 0x05EA, 0x05BC, 0x05D5, 0x05B9, 0x05D1, 0x05BF, 0x05DB, 0x05BF
    dd 0x05E4, 0x05BF, 0x05D0, 0x05DC, 0x0671, 0x0671, 0x067B, 0x067B
    dd 0x067B, 0x067B, 0x067E, 0x067E, 0x067E, 0x067E, 0x0680, 0x0680
    dd 0x0680, 0x0680, 0x067A, 0x067A, 0x067A, 0x067A, 0x067F, 0x067F
    dd 0x067F, 0x067F, 0x0679, 0x0679, 0x0679, 0x0679, 0x06A4, 0x06A4
    dd 0x06A4, 0x06A4, 0x06A6, 0x06A6, 0x06A6, 0x06A6, 0x0684, 0x0684
    dd 0x0684, 0x0684, 0x0683, 0x0683, 0x0683, 0x0683, 0x0686, 0x0686
    dd 0x0686, 0x0686, 0x0687, 0x0687, 0x0687, 0x0687, 0x068D, 0x068D
    dd 0x068C, 0x068C, 0x068E, 0x068E, 0x0688, 0x0688, 0x0698, 0x0698
    dd 0x0691, 0x0691, 0x06A9, 0x06A9, 0x06A9, 0x06A9, 0x06AF, 0x06AF
    dd 0x06AF, 0x06AF, 0x06B3, 0x06B3, 0x06B3, 0x06B3, 0x06B1, 0x06B1
    dd 0x06B1, 0x06B1, 0x06BA, 0x06BA, 0x06BB, 0x06BB, 0x06BB, 0x06BB
    dd 0x06C0, 0x06C0, 0x06C1, 0x06C1, 0x06C1, 0x06C1, 0x06BE, 0x06BE
    dd 0x06BE, 0x06BE, 0x06D2, 0x06D2, 0x06D3, 0x06D3, 0x06AD, 0x06AD
    dd 0x06AD, 0x06AD, 0x06C7, 0x06C7, 0x06C6, 0x06C6, 0x06C8, 0x06C8
    dd 0x0677, 0x06CB, 0x06CB, 0x06C5, 0x06C5, 0x06C9, 0x06C9, 0x06D0
    dd 0x06D0, 0x06D0, 0x06D0, 0x0649, 0x0649, 0x0626, 0x0627, 0x0626
    dd 0x0627, 0x0626, 0x06D5, 0x0626, 0x06D5, 0x0626, 0x0648, 0x0626
    dd 0x0648, 0x0626, 0x06C7, 0x0626, 0x06C7, 0x0626, 0x06C6, 0x0626
    dd 0x06C6, 0x0626, 0x06C8, 0x0626, 0x06C8, 0x0626, 0x06D0, 0x0626
    dd 0x06D0, 0x0626, 0x06D0, 0x0626, 0x0649, 0x0626, 0x0649, 0x0626
    dd 0x0649, 0x06CC, 0x06CC, 0x06CC, 0x06CC, 0x0626, 0x062C, 0x0626
    dd 0x062D, 0x0626, 0x0645, 0x0626, 0x0649, 0x0626, 0x064A, 0x0628
    dd 0x062C, 0x0628, 0x062D, 0x0628, 0x062E, 0x0628, 0x0645, 0x0628
    dd 0x0649, 0x0628, 0x064A, 0x062A, 0x062C, 0x062A, 0x062D, 0x062A
    dd 0x062E, 0x062A, 0x0645, 0x062A, 0x0649, 0x062A, 0x064A, 0x062B
    dd 0x062C, 0x062B, 0x0645, 0x062B, 0x0649, 0x062B, 0x064A, 0x062C
    dd 0x062D, 0x062C, 0x0645, 0x062D, 0x062C, 0x062D, 0x0645, 0x062E
    dd 0x062C, 0x062E, 0x062D, 0x062E, 0x0645, 0x0633, 0x062C, 0x0633
    dd 0x062D, 0x0633, 0x062E, 0x0633, 0x0645, 0x0635, 0x062D, 0x0635
    dd 0x0645, 0x0636, 0x062C, 0x0636, 0x062D, 0x0636, 0x062E, 0x0636
    dd 0x0645, 0x0637, 0x062D, 0x0637, 0x0645, 0x0638, 0x0645, 0x0639
    dd 0x062C, 0x0639, 0x0645, 0x063A, 0x062C, 0x063A, 0x0645, 0x0641
    dd 0x062C, 0x0641, 0x062D, 0x0641, 0x062E, 0x0641, 0x0645, 0x0641
    dd 0x0649, 0x0641, 0x064A, 0x0642, 0x062D, 0x0642, 0x0645, 0x0642
    dd 0x0649, 0x0642, 0x064A, 0x0643, 0x0627, 0x0643, 0x062C, 0x0643
    dd 0x062D, 0x0643, 0x062E, 0x0643, 0x0644, 0x0643, 0x0645, 0x0643
    dd 0x0649, 0x0643, 0x064A, 0x0644, 0x062C, 0x0644, 0x062D, 0x0644
    dd 0x062E, 0x0644, 0x0645, 0x0644, 0x0649, 0x0644, 0x064A, 0x0645
    dd 0x062C, 0x0645, 0x062D, 0x0645, 0x062E, 0x0645, 0x0645, 0x0645
    dd 0x0649, 0x0645, 0x064A, 0x0646, 0x062C, 0x0646, 0x062D, 0x0646
    dd 0x062E, 0x0646, 0x0645, 0x0646, 0x0649, 0x0646, 0x064A, 0x0647
    dd 0x062C, 0x0647, 0x0645, 0x0647, 0x0649, 0x0647, 0x064A, 0x064A
    dd 0x062C, 0x064A, 0x062D, 0x064A, 0x062E, 0x064A, 0x0645, 0x064A
    dd 0x0649, 0x064A, 0x064A, 0x0630, 0x0670, 0x0631, 0x0670, 0x0649
    dd 0x0670, 0x0020, 0x064C, 0x0651, 0x0020, 0x064D, 0x0651, 0x0020
    dd 0x064E, 0x0651, 0x0020, 0x064F, 0x0651, 0x0020, 0x0650, 0x0651
    dd 0x0020, 0x0651, 0x0670, 0x0626, 0x0631, 0x0626, 0x0632, 0x0626
    dd 0x0645, 0x0626, 0x0646, 0x0626, 0x0649, 0x0626, 0x064A, 0x0628
    dd 0x0631, 0x0628, 0x0632, 0x0628, 0x0645, 0x0628, 0x0646, 0x0628
    dd 0x0649, 0x0628, 0x064A, 0x062A, 0x0631, 0x062A, 0x0632, 0x062A
    dd 0x0645, 0x062A, 0x0646, 0x062A, 0x0649, 0x062A, 0x064A, 0x062B
    dd 0x0631, 0x062B, 0x0632, 0x062B, 0x0645, 0x062B, 0x0646, 0x062B
    dd 0x0649, 0x062B, 0x064A, 0x0641, 0x0649, 0x0641, 0x064A, 0x0642
    dd 0x0649, 0x0642, 0x064A, 0x0643, 0x0627, 0x0643, 0x0644, 0x0643
    dd 0x0645, 0x0643, 0x0649, 0x0643, 0x064A, 0x0644, 0x0645, 0x0644
    dd 0x0649, 0x0644, 0x064A, 0x0645, 0x0627, 0x0645, 0x0645, 0x0646
    dd 0x0631, 0x0646, 0x0632, 0x0646, 0x0645, 0x0646, 0x0646, 0x0646
    dd 0x0649, 0x0646, 0x064A, 0x0649, 0x0670, 0x064A, 0x0631, 0x064A
    dd 0x0632, 0x064A, 0x0645, 0x064A, 0x0646, 0x064A, 0x0649, 0x064A
    dd 0x064A, 0x0626, 0x062C, 0x0626, 0x062D, 0x0626, 0x062E, 0x0626
    dd 0x0645, 0x0626, 0x0647, 0x0628, 0x062C, 0x0628, 0x062D, 0x0628
    dd 0x062E, 0x0628, 0x0645, 0x0628, 0x0647, 0x062A, 0x062C, 0x062A
    dd 0x062D, 0x062A, 0x062E, 0x062A, 0x0645, 0x062A, 0x0647, 0x062B
    dd 0x0645, 0x062C, 0x062D, 0x062C, 0x0645, 0x062D, 0x062C, 0x062D
    dd 0x0645, 0x062E, 0x062C, 0x062E, 0x0645, 0x0633, 0x062C, 0x0633
    dd 0x062D, 0x0633, 0x062E, 0x0633, 0x0645, 0x0635, 0x062D, 0x0635
    dd 0x062E, 0x0635, 0x0645, 0x0636, 0x062C, 0x0636, 0x062D, 0x0636
    dd 0x062E, 0x0636, 0x0645, 0x0637, 0x062D, 0x0638, 0x0645, 0x0639
    dd 0x062C, 0x0639, 0x0645, 0x063A, 0x062C, 0x063A, 0x0645, 0x0641
    dd 0x062C, 0x0641, 0x062D, 0x0641, 0x062E, 0x0641, 0x0645, 0x0642
    dd 0x062D, 0x0642, 0x0645, 0x0643, 0x062C, 0x0643, 0x062D, 0x0643
    dd 0x062E, 0x0643, 0x0644, 0x0643, 0x0645, 0x0644, 0x062C, 0x0644
    dd 0x062D, 0x0644, 0x062E, 0x0644, 0x0645, 0x0644, 0x0647, 0x0645
    dd 0x062C, 0x0645, 0x062D, 0x0645, 0x062E, 0x0645, 0x0645, 0x0646
    dd 0x062C, 0x0646, 0x062D, 0x0646, 0x062E, 0x0646, 0x0645, 0x0646
    dd 0x0647, 0x0647, 0x062C, 0x0647, 0x0645, 0x0647, 0x0670, 0x064A
    dd 0x062C, 0x064A, 0x062D, 0x064A, 0x062E, 0x064A, 0x0645, 0x064A
    dd 0x0647, 0x0626, 0x0645, 0x0626, 0x0647, 0x0628, 0x0645, 0x0628
    dd 0x0647, 0x062A, 0x0645, 0x062A, 0x0647, 0x062B, 0x0645, 0x062B
    dd 0x0647, 0x0633, 0x0645, 0x0633, 0x0647, 0x0634, 0x0645, 0x0634
    dd 0x0647, 0x0643, 0x0644, 0x0643, 0x0645, 0x0644, 0x0645, 0x0646
    dd 0x0645, 0x0646, 0x0647, 0x064A, 0x0645, 0x064A, 0x0647, 0x0640
    dd 0x064E, 0x0651, 0x0640, 0x064F, 0x0651, 0x0640, 0x0650, 0x0651
    dd 0x0637, 0x0649, 0x0637, 0x064A, 0x0639, 0x0649, 0x0639, 0x064A
    dd 0x063A, 0x0649, 0x063A, 0x064A, 0x0633, 0x0649, 0x0633, 0x064A
    dd 0x0634, 0x0649, 0x0634, 0x064A, 0x062D, 0x0649, 0x062D, 0x064A
    dd 0x062C, 0x0649, 0x062C, 0x064A, 0x062E, 0x0649, 0x062E, 0x064A
    dd 0x0635, 0x0649, 0x0635, 0x064A, 0x0636, 0x0649, 0x0636, 0x064A
    dd 0x0634, 0x062C, 0x0634, 0x062D, 0x0634, 0x062E, 0x0634, 0x0645
    dd 0x0634, 0x0631, 0x0633, 0x0631, 0x0635, 0x0631, 0x0636, 0x0631
    dd 0x0637, 0x0649, 0x0637, 0x064A, 0x0639, 0x0649, 0x0639, 0x064A
    dd 0x063A, 0x0649, 0x063A, 0x064A, 0x0633, 0x0649, 0x0633, 0x064A
    dd 0x0634, 0x0649, 0x0634, 0x064A, 0x062D, 0x0649, 0x062D, 0x064A
    dd 0x062C, 0x0649, 0x062C, 0x064A, 0x062E, 0x0649, 0x062E, 0x064A
    dd 0x0635, 0x0649, 0x0635, 0x064A, 0x0636, 0x0649, 0x0636, 0x064A
    dd 0x0634, 0x062C, 0x0634, 0x062D, 0x0634, 0x062E, 0x0634, 0x0645
    dd 0x0634, 0x0631, 0x0633, 0x0631, 0x0635, 0x0631, 0x0636, 0x0631
    dd 0x0634, 0x062C, 0x0634, 0x062D, 0x0634, 0x062E, 0x0634, 0x0645
    dd 0x0633, 0x0647, 0x0634, 0x0647, 0x0637, 0x0645, 0x0633, 0x062C
    dd 0x0633, 0x062D, 0x0633, 0x062E, 0x0634, 0x062C, 0x0634, 0x062D
    dd 0x0634, 0x062E, 0x0637, 0x0645, 0x0638, 0x0645, 0x0627, 0x064B
    dd 0x0627, 0x064B, 0x062A, 0x062C, 0x0645, 0x062A, 0x062D, 0x062C
    dd 0x062A, 0x062D, 0x062C, 0x062A, 0x062D, 0x0645, 0x062A, 0x062E
    dd 0x0645, 0x062A, 0x0645, 0x062C, 0x062A, 0x0645, 0x062D, 0x062A
    dd 0x0645, 0x062E, 0x062C, 0x0645, 0x062D, 0x062C, 0x0645, 0x062D
    dd 0x062D, 0x0645, 0x064A, 0x062D, 0x0645, 0x0649, 0x0633, 0x062D
    dd 0x062C, 0x0633, 0x062C, 0x062D, 0x0633, 0x062C, 0x0649, 0x0633
    dd 0x0645, 0x062D, 0x0633, 0x0645, 0x062D, 0x0633, 0x0645, 0x062C
    dd 0x0633, 0x0645, 0x0645, 0x0633, 0x0645, 0x0645, 0x0635, 0x062D
    dd 0x062D, 0x0635, 0x062D, 0x062D, 0x0635, 0x0645, 0x0645, 0x0634
    dd 0x062D, 0x0645, 0x0634, 0x062D, 0x0645, 0x0634, 0x062C, 0x064A
    dd 0x0634, 0x0645, 0x062E, 0x0634, 0x0645, 0x062E, 0x0634, 0x0645
    dd 0x0645, 0x0634, 0x0645, 0x0645, 0x0636, 0x062D, 0x0649, 0x0636
    dd 0x062E, 0x0645, 0x0636, 0x062E, 0x0645, 0x0637, 0x0645, 0x062D
    dd 0x0637, 0x0645, 0x062D, 0x0637, 0x0645, 0x0645, 0x0637, 0x0645
    dd 0x064A, 0x0639, 0x062C, 0x0645, 0x0639, 0x0645, 0x0645, 0x0639
    dd 0x0645, 0x0645, 0x0639, 0x0645, 0x0649, 0x063A, 0x0645, 0x0645
    dd 0x063A, 0x0645, 0x064A, 0x063A, 0x0645, 0x0649, 0x0641, 0x062E
    dd 0x0645, 0x0641, 0x062E, 0x0645, 0x0642, 0x0645, 0x062D, 0x0642
    dd 0x0645, 0x0645, 0x0644, 0x062D, 0x0645, 0x0644, 0x062D, 0x064A
    dd 0x0644, 0x062D, 0x0649, 0x0644, 0x062C, 0x062C, 0x0644, 0x062C
    dd 0x062C, 0x0644, 0x062E, 0x0645, 0x0644, 0x062E, 0x0645, 0x0644
    dd 0x0645, 0x062D, 0x0644, 0x0645, 0x062D, 0x0645, 0x062D, 0x062C
    dd 0x0645, 0x062D, 0x0645, 0x0645, 0x062D, 0x064A, 0x0645, 0x062C
    dd 0x062D, 0x0645, 0x062C, 0x0645, 0x0645, 0x062E, 0x062C, 0x0645
    dd 0x062E, 0x0645, 0x0645, 0x062C, 0x062E, 0x0647, 0x0645, 0x062C
    dd 0x0647, 0x0645, 0x0645, 0x0646, 0x062D, 0x0645, 0x0646, 0x062D
    dd 0x0649, 0x0646, 0x062C, 0x0645, 0x0646, 0x062C, 0x0645, 0x0646
    dd 0x062C, 0x0649, 0x0646, 0x0645, 0x064A, 0x0646, 0x0645, 0x0649
    dd 0x064A, 0x0645, 0x0645, 0x064A, 0x0645, 0x0645, 0x0628, 0x062E
    dd 0x064A, 0x062A, 0x062C, 0x064A, 0x062A, 0x062C, 0x0649, 0x062A
    dd 0x062E, 0x064A, 0x062A, 0x062E, 0x0649, 0x062A, 0x0645, 0x064A
    dd 0x062A, 0x0645, 0x0649, 0x062C, 0x0645, 0x064A, 0x062C, 0x062D
    dd 0x0649, 0x062C, 0x0645, 0x0649, 0x0633, 0x062E, 0x0649, 0x0635
    dd 0x062D, 0x064A, 0x0634, 0x062D, 0x064A, 0x0636, 0x062D, 0x064A
    dd 0x0644, 0x062C, 0x064A, 0x0644, 0x0645, 0x064A, 0x064A, 0x062D
    dd 0x064A, 0x064A, 0x062C, 0x064A, 0x064A, 0x0645, 0x064A, 0x0645
    dd 0x0645, 0x064A, 0x0642, 0x0645, 0x064A, 0x0646, 0x062D, 0x064A
    dd 0x0642, 0x0645, 0x062D, 0x0644, 0x062D, 0x0645, 0x0639, 0x0645
    dd 0x064A, 0x0643, 0x0645, 0x064A, 0x0646, 0x062C, 0x062D, 0x0645
    dd 0x062E, 0x064A, 0x0644, 0x062C, 0x0645, 0x0643, 0x0645, 0x0645
    dd 0x0644, 0x062C, 0x0645, 0x0646, 0x062C, 0x062D, 0x062C, 0x062D
    dd 0x064A, 0x062D, 0x062C, 0x064A, 0x0645, 0x062C, 0x064A, 0x0641
    dd 0x0645, 0x064A, 0x0628, 0x062D, 0x064A, 0x0643, 0x0645, 0x0645
    dd 0x0639, 0x062C, 0x0645, 0x0635, 0x0645, 0x0645, 0x0633, 0x062E
    dd 0x064A, 0x0646, 0x062C, 0x064A, 0x0635, 0x0644, 0x06D2, 0x0642
    dd 0x0644, 0x06D2, 0x0627, 0x0644, 0x0644, 0x0647, 0x0627, 0x0643
    dd 0x0628, 0x0631, 0x0645, 0x062D, 0x0645, 0x062F, 0x0635, 0x0644
    dd 0x0639, 0x0645, 0x0631, 0x0633, 0x0648, 0x0644, 0x0639, 0x0644
    dd 0x064A, 0x0647, 0x0648, 0x0633, 0x0644, 0x0645, 0x0635, 0x0644
    dd 0x0649, 0x0635, 0x0644, 0x0649, 0x0020, 0x0627, 0x0644, 0x0644
    dd 0x0647, 0x0020, 0x0639, 0x0644, 0x064A, 0x0647, 0x0020, 0x0648
    dd 0x0633, 0x0644, 0x0645, 0x062C, 0x0644, 0x0020, 0x062C, 0x0644
    dd 0x0627, 0x0644, 0x0647, 0x0631, 0x06CC, 0x0627, 0x0644, 0x002C
    dd 0x3001, 0x3002, 0x003A, 0x003B, 0x0021, 0x003F, 0x3016, 0x3017
    dd 0x2026, 0x2025, 0x2014, 0x2013, 0x005F, 0x005F, 0x0028, 0x0029
    dd 0x007B, 0x007D, 0x3014, 0x3015, 0x3010, 0x3011, 0x300A, 0x300B
    dd 0x3008, 0x3009, 0x300C, 0x300D, 0x300E, 0x300F, 0x005B, 0x005D
    dd 0x203E, 0x203E, 0x203E, 0x203E, 0x005F, 0x005F, 0x005F, 0x002C
    dd 0x3001, 0x002E, 0x003B, 0x003A, 0x003F, 0x0021, 0x2014, 0x0028
    dd 0x0029, 0x007B, 0x007D, 0x3014, 0x3015, 0x0023, 0x0026, 0x002A
    dd 0x002B, 0x002D, 0x003C, 0x003E, 0x003D, 0x005C, 0x0024, 0x0025
    dd 0x0040, 0x0020, 0x064B, 0x0640, 0x064B, 0x0020, 0x064C, 0x0020
    dd 0x064D, 0x0020, 0x064E, 0x0640, 0x064E, 0x0020, 0x064F, 0x0640
    dd 0x064F, 0x0020, 0x0650, 0x0640, 0x0650, 0x0020, 0x0651, 0x0640
    dd 0x0651, 0x0020, 0x0652, 0x0640, 0x0652, 0x0621, 0x0622, 0x0622
    dd 0x0623, 0x0623, 0x0624, 0x0624, 0x0625, 0x0625, 0x0626, 0x0626
    dd 0x0626, 0x0626, 0x0627, 0x0627, 0x0628, 0x0628, 0x0628, 0x0628
    dd 0x0629, 0x0629, 0x062A, 0x062A, 0x062A, 0x062A, 0x062B, 0x062B
    dd 0x062B, 0x062B, 0x062C, 0x062C, 0x062C, 0x062C, 0x062D, 0x062D
    dd 0x062D, 0x062D, 0x062E, 0x062E, 0x062E, 0x062E, 0x062F, 0x062F
    dd 0x0630, 0x0630, 0x0631, 0x0631, 0x0632, 0x0632, 0x0633, 0x0633
    dd 0x0633, 0x0633, 0x0634, 0x0634, 0x0634, 0x0634, 0x0635, 0x0635
    dd 0x0635, 0x0635, 0x0636, 0x0636, 0x0636, 0x0636, 0x0637, 0x0637
    dd 0x0637, 0x0637, 0x0638, 0x0638, 0x0638, 0x0638, 0x0639, 0x0639
    dd 0x0639, 0x0639, 0x063A, 0x063A, 0x063A, 0x063A, 0x0641, 0x0641
    dd 0x0641, 0x0641, 0x0642, 0x0642, 0x0642, 0x0642, 0x0643, 0x0643
    dd 0x0643, 0x0643, 0x0644, 0x0644, 0x0644, 0x0644, 0x0645, 0x0645
    dd 0x0645, 0x0645, 0x0646, 0x0646, 0x0646, 0x0646, 0x0647, 0x0647
    dd 0x0647, 0x0647, 0x0648, 0x0648, 0x0649, 0x0649, 0x064A, 0x064A
    dd 0x064A, 0x064A, 0x0644, 0x0622, 0x0644, 0x0622, 0x0644, 0x0623
    dd 0x0644, 0x0623, 0x0644, 0x0625, 0x0644, 0x0625, 0x0644, 0x0627
    dd 0x0644, 0x0627, 0x0021, 0x0022, 0x0023, 0x0024, 0x0025, 0x0026
    dd 0x0027, 0x0028, 0x0029, 0x002A, 0x002B, 0x002C, 0x002D, 0x002E
    dd 0x002F, 0x0030, 0x0031, 0x0032, 0x0033, 0x0034, 0x0035, 0x0036
    dd 0x0037, 0x0038, 0x0039, 0x003A, 0x003B, 0x003C, 0x003D, 0x003E
    dd 0x003F, 0x0040, 0x0041, 0x0042, 0x0043, 0x0044, 0x0045, 0x0046
    dd 0x0047, 0x0048, 0x0049, 0x004A, 0x004B, 0x004C, 0x004D, 0x004E
    dd 0x004F, 0x0050, 0x0051, 0x0052, 0x0053, 0x0054, 0x0055, 0x0056
    dd 0x0057, 0x0058, 0x0059, 0x005A, 0x005B, 0x005C, 0x005D, 0x005E
    dd 0x005F, 0x0060, 0x0061, 0x0062, 0x0063, 0x0064, 0x0065, 0x0066
    dd 0x0067, 0x0068, 0x0069, 0x006A, 0x006B, 0x006C, 0x006D, 0x006E
    dd 0x006F, 0x0070, 0x0071, 0x0072, 0x0073, 0x0074, 0x0075, 0x0076
    dd 0x0077, 0x0078, 0x0079, 0x007A, 0x007B, 0x007C, 0x007D, 0x007E
    dd 0x2985, 0x2986, 0x3002, 0x300C, 0x300D, 0x3001, 0x30FB, 0x30F2
    dd 0x30A1, 0x30A3, 0x30A5, 0x30A7, 0x30A9, 0x30E3, 0x30E5, 0x30E7
    dd 0x30C3, 0x30FC, 0x30A2, 0x30A4, 0x30A6, 0x30A8, 0x30AA, 0x30AB
    dd 0x30AD, 0x30AF, 0x30B1, 0x30B3, 0x30B5, 0x30B7, 0x30B9, 0x30BB
    dd 0x30BD, 0x30BF, 0x30C1, 0x30C4, 0x30C6, 0x30C8, 0x30CA, 0x30CB
    dd 0x30CC, 0x30CD, 0x30CE, 0x30CF, 0x30D2, 0x30D5, 0x30D8, 0x30DB
    dd 0x30DE, 0x30DF, 0x30E0, 0x30E1, 0x30E2, 0x30E4, 0x30E6, 0x30E8
    dd 0x30E9, 0x30EA, 0x30EB, 0x30EC, 0x30ED, 0x30EF, 0x30F3, 0x3099
    dd 0x309A, 0x3164, 0x3131, 0x3132, 0x3133, 0x3134, 0x3135, 0x3136
    dd 0x3137, 0x3138, 0x3139, 0x313A, 0x313B, 0x313C, 0x313D, 0x313E
    dd 0x313F, 0x3140, 0x3141, 0x3142, 0x3143, 0x3144, 0x3145, 0x3146
    dd 0x3147, 0x3148, 0x3149, 0x314A, 0x314B, 0x314C, 0x314D, 0x314E
    dd 0x314F, 0x3150, 0x3151, 0x3152, 0x3153, 0x3154, 0x3155, 0x3156
    dd 0x3157, 0x3158, 0x3159, 0x315A, 0x315B, 0x315C, 0x315D, 0x315E
    dd 0x315F, 0x3160, 0x3161, 0x3162, 0x3163, 0x00A2, 0x00A3, 0x00AC
    dd 0x00AF, 0x00A6, 0x00A5, 0x20A9, 0x2502, 0x2190, 0x2191, 0x2192
    dd 0x2193, 0x25A0, 0x25CB, 0x105D2, 0x0307, 0x105DA, 0x0307, 0x02D0
    dd 0x02D1, 0x00E6, 0x0299, 0x0253, 0x02A3, 0xAB66, 0x02A5, 0x02A4
    dd 0x0256, 0x0257, 0x1D91, 0x0258, 0x025E, 0x02A9, 0x0264, 0x0262
    dd 0x0260, 0x029B, 0x0127, 0x029C, 0x0267, 0x0284, 0x02AA, 0x02AB
    dd 0x026C, 0x1DF04, 0xA78E, 0x026E, 0x1DF05, 0x028E, 0x1DF06, 0x00F8
    dd 0x0276, 0x0277, 0x0071, 0x027A, 0x1DF08, 0x027D, 0x027E, 0x0280
    dd 0x02A8, 0x02A6, 0xAB67, 0x02A7, 0x0288, 0x2C71, 0x028F, 0x02A1
    dd 0x02A2, 0x0298, 0x01C0, 0x01C1, 0x01C2, 0x1DF0A, 0x1DF1E, 0x11099
    dd 0x110BA, 0x1109B, 0x110BA, 0x110A5, 0x110BA, 0x11131, 0x11127, 0x11132
    dd 0x11127, 0x11347, 0x1133E, 0x11347, 0x11357, 0x11382, 0x113C9, 0x11384
    dd 0x113BB, 0x1138B, 0x113C2, 0x11390, 0x113C9, 0x113C2, 0x113C2, 0x113C2
    dd 0x113B8, 0x113C2, 0x113C9, 0x114B9, 0x114BA, 0x114B9, 0x114B0, 0x114B9
    dd 0x114BD, 0x115B8, 0x115AF, 0x115B9, 0x115AF, 0x11935, 0x11930, 0x1611E
    dd 0x1611E, 0x1611E, 0x16129, 0x1611E, 0x1611F, 0x16129, 0x1611F, 0x1611E
    dd 0x16120, 0x16121, 0x1611F, 0x16122, 0x1611F, 0x16121, 0x16120, 0x16D67
    dd 0x16D67, 0x16D63, 0x16D67, 0x16D69, 0x16D67, 0x0041, 0x0042, 0x0043
    dd 0x0044, 0x0045, 0x0046, 0x0047, 0x0048, 0x0049, 0x004A, 0x004B
    dd 0x004C, 0x004D, 0x004E, 0x004F, 0x0050, 0x0051, 0x0052, 0x0053
    dd 0x0054, 0x0055, 0x0056, 0x0057, 0x0058, 0x0059, 0x005A, 0x0030
    dd 0x0031, 0x0032, 0x0033, 0x0034, 0x0035, 0x0036, 0x0037, 0x0038
    dd 0x0039, 0x1D157, 0x1D165, 0x1D158, 0x1D165, 0x1D15F, 0x1D16E, 0x1D15F
    dd 0x1D16F, 0x1D15F, 0x1D170, 0x1D15F, 0x1D171, 0x1D15F, 0x1D172, 0x1D1B9
    dd 0x1D165, 0x1D1BA, 0x1D165, 0x1D1BB, 0x1D16E, 0x1D1BC, 0x1D16E, 0x1D1BB
    dd 0x1D16F, 0x1D1BC, 0x1D16F, 0x0041, 0x0042, 0x0043, 0x0044, 0x0045
    dd 0x0046, 0x0047, 0x0048, 0x0049, 0x004A, 0x004B, 0x004C, 0x004D
    dd 0x004E, 0x004F, 0x0050, 0x0051, 0x0052, 0x0053, 0x0054, 0x0055
    dd 0x0056, 0x0057, 0x0058, 0x0059, 0x005A, 0x0061, 0x0062, 0x0063
    dd 0x0064, 0x0065, 0x0066, 0x0067, 0x0068, 0x0069, 0x006A, 0x006B
    dd 0x006C, 0x006D, 0x006E, 0x006F, 0x0070, 0x0071, 0x0072, 0x0073
    dd 0x0074, 0x0075, 0x0076, 0x0077, 0x0078, 0x0079, 0x007A, 0x0041
    dd 0x0042, 0x0043, 0x0044, 0x0045, 0x0046, 0x0047, 0x0048, 0x0049
    dd 0x004A, 0x004B, 0x004C, 0x004D, 0x004E, 0x004F, 0x0050, 0x0051
    dd 0x0052, 0x0053, 0x0054, 0x0055, 0x0056, 0x0057, 0x0058, 0x0059
    dd 0x005A, 0x0061, 0x0062, 0x0063, 0x0064, 0x0065, 0x0066, 0x0067
    dd 0x0069, 0x006A, 0x006B, 0x006C, 0x006D, 0x006E, 0x006F, 0x0070
    dd 0x0071, 0x0072, 0x0073, 0x0074, 0x0075, 0x0076, 0x0077, 0x0078
    dd 0x0079, 0x007A, 0x0041, 0x0042, 0x0043, 0x0044, 0x0045, 0x0046
    dd 0x0047, 0x0048, 0x0049, 0x004A, 0x004B, 0x004C, 0x004D, 0x004E
    dd 0x004F, 0x0050, 0x0051, 0x0052, 0x0053, 0x0054, 0x0055, 0x0056
    dd 0x0057, 0x0058, 0x0059, 0x005A, 0x0061, 0x0062, 0x0063, 0x0064
    dd 0x0065, 0x0066, 0x0067, 0x0068, 0x0069, 0x006A, 0x006B, 0x006C
    dd 0x006D, 0x006E, 0x006F, 0x0070, 0x0071, 0x0072, 0x0073, 0x0074
    dd 0x0075, 0x0076, 0x0077, 0x0078, 0x0079, 0x007A, 0x0041, 0x0043
    dd 0x0044, 0x0047, 0x004A, 0x004B, 0x004E, 0x004F, 0x0050, 0x0051
    dd 0x0053, 0x0054, 0x0055, 0x0056, 0x0057, 0x0058, 0x0059, 0x005A
    dd 0x0061, 0x0062, 0x0063, 0x0064, 0x0066, 0x0068, 0x0069, 0x006A
    dd 0x006B, 0x006C, 0x006D, 0x006E, 0x0070, 0x0071, 0x0072, 0x0073
    dd 0x0074, 0x0075, 0x0076, 0x0077, 0x0078, 0x0079, 0x007A, 0x0041
    dd 0x0042, 0x0043, 0x0044, 0x0045, 0x0046, 0x0047, 0x0048, 0x0049
    dd 0x004A, 0x004B, 0x004C, 0x004D, 0x004E, 0x004F, 0x0050, 0x0051
    dd 0x0052, 0x0053, 0x0054, 0x0055, 0x0056, 0x0057, 0x0058, 0x0059
    dd 0x005A, 0x0061, 0x0062, 0x0063, 0x0064, 0x0065, 0x0066, 0x0067
    dd 0x0068, 0x0069, 0x006A, 0x006B, 0x006C, 0x006D, 0x006E, 0x006F
    dd 0x0070, 0x0071, 0x0072, 0x0073, 0x0074, 0x0075, 0x0076, 0x0077
    dd 0x0078, 0x0079, 0x007A, 0x0041, 0x0042, 0x0044, 0x0045, 0x0046
    dd 0x0047, 0x004A, 0x004B, 0x004C, 0x004D, 0x004E, 0x004F, 0x0050
    dd 0x0051, 0x0053, 0x0054, 0x0055, 0x0056, 0x0057, 0x0058, 0x0059
    dd 0x0061, 0x0062, 0x0063, 0x0064, 0x0065, 0x0066, 0x0067, 0x0068
    dd 0x0069, 0x006A, 0x006B, 0x006C, 0x006D, 0x006E, 0x006F, 0x0070
    dd 0x0071, 0x0072, 0x0073, 0x0074, 0x0075, 0x0076, 0x0077, 0x0078
    dd 0x0079, 0x007A, 0x0041, 0x0042, 0x0044, 0x0045, 0x0046, 0x0047
    dd 0x0049, 0x004A, 0x004B, 0x004C, 0x004D, 0x004F, 0x0053, 0x0054
    dd 0x0055, 0x0056, 0x0057, 0x0058, 0x0059, 0x0061, 0x0062, 0x0063
    dd 0x0064, 0x0065, 0x0066, 0x0067, 0x0068, 0x0069, 0x006A, 0x006B
    dd 0x006C, 0x006D, 0x006E, 0x006F, 0x0070, 0x0071, 0x0072, 0x0073
    dd 0x0074, 0x0075, 0x0076, 0x0077, 0x0078, 0x0079, 0x007A, 0x0041
    dd 0x0042, 0x0043, 0x0044, 0x0045, 0x0046, 0x0047, 0x0048, 0x0049
    dd 0x004A, 0x004B, 0x004C, 0x004D, 0x004E, 0x004F, 0x0050, 0x0051
    dd 0x0052, 0x0053, 0x0054, 0x0055, 0x0056, 0x0057, 0x0058, 0x0059
    dd 0x005A, 0x0061, 0x0062, 0x0063, 0x0064, 0x0065, 0x0066, 0x0067
    dd 0x0068, 0x0069, 0x006A, 0x006B, 0x006C, 0x006D, 0x006E, 0x006F
    dd 0x0070, 0x0071, 0x0072, 0x0073, 0x0074, 0x0075, 0x0076, 0x0077
    dd 0x0078, 0x0079, 0x007A, 0x0041, 0x0042, 0x0043, 0x0044, 0x0045
    dd 0x0046, 0x0047, 0x0048, 0x0049, 0x004A, 0x004B, 0x004C, 0x004D
    dd 0x004E, 0x004F, 0x0050, 0x0051, 0x0052, 0x0053, 0x0054, 0x0055
    dd 0x0056, 0x0057, 0x0058, 0x0059, 0x005A, 0x0061, 0x0062, 0x0063
    dd 0x0064, 0x0065, 0x0066, 0x0067, 0x0068, 0x0069, 0x006A, 0x006B
    dd 0x006C, 0x006D, 0x006E, 0x006F, 0x0070, 0x0071, 0x0072, 0x0073
    dd 0x0074, 0x0075, 0x0076, 0x0077, 0x0078, 0x0079, 0x007A, 0x0041
    dd 0x0042, 0x0043, 0x0044, 0x0045, 0x0046, 0x0047, 0x0048, 0x0049
    dd 0x004A, 0x004B, 0x004C, 0x004D, 0x004E, 0x004F, 0x0050, 0x0051
    dd 0x0052, 0x0053, 0x0054, 0x0055, 0x0056, 0x0057, 0x0058, 0x0059
    dd 0x005A, 0x0061, 0x0062, 0x0063, 0x0064, 0x0065, 0x0066, 0x0067
    dd 0x0068, 0x0069, 0x006A, 0x006B, 0x006C, 0x006D, 0x006E, 0x006F
    dd 0x0070, 0x0071, 0x0072, 0x0073, 0x0074, 0x0075, 0x0076, 0x0077
    dd 0x0078, 0x0079, 0x007A, 0x0041, 0x0042, 0x0043, 0x0044, 0x0045
    dd 0x0046, 0x0047, 0x0048, 0x0049, 0x004A, 0x004B, 0x004C, 0x004D
    dd 0x004E, 0x004F, 0x0050, 0x0051, 0x0052, 0x0053, 0x0054, 0x0055
    dd 0x0056, 0x0057, 0x0058, 0x0059, 0x005A, 0x0061, 0x0062, 0x0063
    dd 0x0064, 0x0065, 0x0066, 0x0067, 0x0068, 0x0069, 0x006A, 0x006B
    dd 0x006C, 0x006D, 0x006E, 0x006F, 0x0070, 0x0071, 0x0072, 0x0073
    dd 0x0074, 0x0075, 0x0076, 0x0077, 0x0078, 0x0079, 0x007A, 0x0041
    dd 0x0042, 0x0043, 0x0044, 0x0045, 0x0046, 0x0047, 0x0048, 0x0049
    dd 0x004A, 0x004B, 0x004C, 0x004D, 0x004E, 0x004F, 0x0050, 0x0051
    dd 0x0052, 0x0053, 0x0054, 0x0055, 0x0056, 0x0057, 0x0058, 0x0059
    dd 0x005A, 0x0061, 0x0062, 0x0063, 0x0064, 0x0065, 0x0066, 0x0067
    dd 0x0068, 0x0069, 0x006A, 0x006B, 0x006C, 0x006D, 0x006E, 0x006F
    dd 0x0070, 0x0071, 0x0072, 0x0073, 0x0074, 0x0075, 0x0076, 0x0077
    dd 0x0078, 0x0079, 0x007A, 0x0041, 0x0042, 0x0043, 0x0044, 0x0045
    dd 0x0046, 0x0047, 0x0048, 0x0049, 0x004A, 0x004B, 0x004C, 0x004D
    dd 0x004E, 0x004F, 0x0050, 0x0051, 0x0052, 0x0053, 0x0054, 0x0055
    dd 0x0056, 0x0057, 0x0058, 0x0059, 0x005A, 0x0061, 0x0062, 0x0063
    dd 0x0064, 0x0065, 0x0066, 0x0067, 0x0068, 0x0069, 0x006A, 0x006B
    dd 0x006C, 0x006D, 0x006E, 0x006F, 0x0070, 0x0071, 0x0072, 0x0073
    dd 0x0074, 0x0075, 0x0076, 0x0077, 0x0078, 0x0079, 0x007A, 0x0131
    dd 0x0237, 0x0391, 0x0392, 0x0393, 0x0394, 0x0395, 0x0396, 0x0397
    dd 0x0398, 0x0399, 0x039A, 0x039B, 0x039C, 0x039D, 0x039E, 0x039F
    dd 0x03A0, 0x03A1, 0x03F4, 0x03A3, 0x03A4, 0x03A5, 0x03A6, 0x03A7
    dd 0x03A8, 0x03A9, 0x2207, 0x03B1, 0x03B2, 0x03B3, 0x03B4, 0x03B5
    dd 0x03B6, 0x03B7, 0x03B8, 0x03B9, 0x03BA, 0x03BB, 0x03BC, 0x03BD
    dd 0x03BE, 0x03BF, 0x03C0, 0x03C1, 0x03C2, 0x03C3, 0x03C4, 0x03C5
    dd 0x03C6, 0x03C7, 0x03C8, 0x03C9, 0x2202, 0x03F5, 0x03D1, 0x03F0
    dd 0x03D5, 0x03F1, 0x03D6, 0x0391, 0x0392, 0x0393, 0x0394, 0x0395
    dd 0x0396, 0x0397, 0x0398, 0x0399, 0x039A, 0x039B, 0x039C, 0x039D
    dd 0x039E, 0x039F, 0x03A0, 0x03A1, 0x03F4, 0x03A3, 0x03A4, 0x03A5
    dd 0x03A6, 0x03A7, 0x03A8, 0x03A9, 0x2207, 0x03B1, 0x03B2, 0x03B3
    dd 0x03B4, 0x03B5, 0x03B6, 0x03B7, 0x03B8, 0x03B9, 0x03BA, 0x03BB
    dd 0x03BC, 0x03BD, 0x03BE, 0x03BF, 0x03C0, 0x03C1, 0x03C2, 0x03C3
    dd 0x03C4, 0x03C5, 0x03C6, 0x03C7, 0x03C8, 0x03C9, 0x2202, 0x03F5
    dd 0x03D1, 0x03F0, 0x03D5, 0x03F1, 0x03D6, 0x0391, 0x0392, 0x0393
    dd 0x0394, 0x0395, 0x0396, 0x0397, 0x0398, 0x0399, 0x039A, 0x039B
    dd 0x039C, 0x039D, 0x039E, 0x039F, 0x03A0, 0x03A1, 0x03F4, 0x03A3
    dd 0x03A4, 0x03A5, 0x03A6, 0x03A7, 0x03A8, 0x03A9, 0x2207, 0x03B1
    dd 0x03B2, 0x03B3, 0x03B4, 0x03B5, 0x03B6, 0x03B7, 0x03B8, 0x03B9
    dd 0x03BA, 0x03BB, 0x03BC, 0x03BD, 0x03BE, 0x03BF, 0x03C0, 0x03C1
    dd 0x03C2, 0x03C3, 0x03C4, 0x03C5, 0x03C6, 0x03C7, 0x03C8, 0x03C9
    dd 0x2202, 0x03F5, 0x03D1, 0x03F0, 0x03D5, 0x03F1, 0x03D6, 0x0391
    dd 0x0392, 0x0393, 0x0394, 0x0395, 0x0396, 0x0397, 0x0398, 0x0399
    dd 0x039A, 0x039B, 0x039C, 0x039D, 0x039E, 0x039F, 0x03A0, 0x03A1
    dd 0x03F4, 0x03A3, 0x03A4, 0x03A5, 0x03A6, 0x03A7, 0x03A8, 0x03A9
    dd 0x2207, 0x03B1, 0x03B2, 0x03B3, 0x03B4, 0x03B5, 0x03B6, 0x03B7
    dd 0x03B8, 0x03B9, 0x03BA, 0x03BB, 0x03BC, 0x03BD, 0x03BE, 0x03BF
    dd 0x03C0, 0x03C1, 0x03C2, 0x03C3, 0x03C4, 0x03C5, 0x03C6, 0x03C7
    dd 0x03C8, 0x03C9, 0x2202, 0x03F5, 0x03D1, 0x03F0, 0x03D5, 0x03F1
    dd 0x03D6, 0x0391, 0x0392, 0x0393, 0x0394, 0x0395, 0x0396, 0x0397
    dd 0x0398, 0x0399, 0x039A, 0x039B, 0x039C, 0x039D, 0x039E, 0x039F
    dd 0x03A0, 0x03A1, 0x03F4, 0x03A3, 0x03A4, 0x03A5, 0x03A6, 0x03A7
    dd 0x03A8, 0x03A9, 0x2207, 0x03B1, 0x03B2, 0x03B3, 0x03B4, 0x03B5
    dd 0x03B6, 0x03B7, 0x03B8, 0x03B9, 0x03BA, 0x03BB, 0x03BC, 0x03BD
    dd 0x03BE, 0x03BF, 0x03C0, 0x03C1, 0x03C2, 0x03C3, 0x03C4, 0x03C5
    dd 0x03C6, 0x03C7, 0x03C8, 0x03C9, 0x2202, 0x03F5, 0x03D1, 0x03F0
    dd 0x03D5, 0x03F1, 0x03D6, 0x03DC, 0x03DD, 0x0030, 0x0031, 0x0032
    dd 0x0033, 0x0034, 0x0035, 0x0036, 0x0037, 0x0038, 0x0039, 0x0030
    dd 0x0031, 0x0032, 0x0033, 0x0034, 0x0035, 0x0036, 0x0037, 0x0038
    dd 0x0039, 0x0030, 0x0031, 0x0032, 0x0033, 0x0034, 0x0035, 0x0036
    dd 0x0037, 0x0038, 0x0039, 0x0030, 0x0031, 0x0032, 0x0033, 0x0034
    dd 0x0035, 0x0036, 0x0037, 0x0038, 0x0039, 0x0030, 0x0031, 0x0032
    dd 0x0033, 0x0034, 0x0035, 0x0036, 0x0037, 0x0038, 0x0039, 0x0430
    dd 0x0431, 0x0432, 0x0433, 0x0434, 0x0435, 0x0436, 0x0437, 0x0438
    dd 0x043A, 0x043B, 0x043C, 0x043E, 0x043F, 0x0440, 0x0441, 0x0442
    dd 0x0443, 0x0444, 0x0445, 0x0446, 0x0447, 0x0448, 0x044B, 0x044D
    dd 0x044E, 0xA689, 0x04D9, 0x0456, 0x0458, 0x04E9, 0x04AF, 0x04CF
    dd 0x0430, 0x0431, 0x0432, 0x0433, 0x0434, 0x0435, 0x0436, 0x0437
    dd 0x0438, 0x043A, 0x043B, 0x043E, 0x043F, 0x0441, 0x0443, 0x0444
    dd 0x0445, 0x0446, 0x0447, 0x0448, 0x044A, 0x044B, 0x0491, 0x0456
    dd 0x0455, 0x045F, 0x04AB, 0xA651, 0x04B1, 0x0627, 0x0628, 0x062C
    dd 0x062F, 0x0648, 0x0632, 0x062D, 0x0637, 0x064A, 0x0643, 0x0644
    dd 0x0645, 0x0646, 0x0633, 0x0639, 0x0641, 0x0635, 0x0642, 0x0631
    dd 0x0634, 0x062A, 0x062B, 0x062E, 0x0630, 0x0636, 0x0638, 0x063A
    dd 0x066E, 0x06BA, 0x06A1, 0x066F, 0x0628, 0x062C, 0x0647, 0x062D
    dd 0x064A, 0x0643, 0x0644, 0x0645, 0x0646, 0x0633, 0x0639, 0x0641
    dd 0x0635, 0x0642, 0x0634, 0x062A, 0x062B, 0x062E, 0x0636, 0x063A
    dd 0x062C, 0x062D, 0x064A, 0x0644, 0x0646, 0x0633, 0x0639, 0x0635
    dd 0x0642, 0x0634, 0x062E, 0x0636, 0x063A, 0x06BA, 0x066F, 0x0628
    dd 0x062C, 0x0647, 0x062D, 0x0637, 0x064A, 0x0643, 0x0645, 0x0646
    dd 0x0633, 0x0639, 0x0641, 0x0635, 0x0642, 0x0634, 0x062A, 0x062B
    dd 0x062E, 0x0636, 0x0638, 0x063A, 0x066E, 0x06A1, 0x0627, 0x0628
    dd 0x062C, 0x062F, 0x0647, 0x0648, 0x0632, 0x062D, 0x0637, 0x064A
    dd 0x0644, 0x0645, 0x0646, 0x0633, 0x0639, 0x0641, 0x0635, 0x0642
    dd 0x0631, 0x0634, 0x062A, 0x062B, 0x062E, 0x0630, 0x0636, 0x0638
    dd 0x063A, 0x0628, 0x062C, 0x062F, 0x0648, 0x0632, 0x062D, 0x0637
    dd 0x064A, 0x0644, 0x0645, 0x0646, 0x0633, 0x0639, 0x0641, 0x0635
    dd 0x0642, 0x0631, 0x0634, 0x062A, 0x062B, 0x062E, 0x0630, 0x0636
    dd 0x0638, 0x063A, 0x0030, 0x002E, 0x0030, 0x002C, 0x0031, 0x002C
    dd 0x0032, 0x002C, 0x0033, 0x002C, 0x0034, 0x002C, 0x0035, 0x002C
    dd 0x0036, 0x002C, 0x0037, 0x002C, 0x0038, 0x002C, 0x0039, 0x002C
    dd 0x0028, 0x0041, 0x0029, 0x0028, 0x0042, 0x0029, 0x0028, 0x0043
    dd 0x0029, 0x0028, 0x0044, 0x0029, 0x0028, 0x0045, 0x0029, 0x0028
    dd 0x0046, 0x0029, 0x0028, 0x0047, 0x0029, 0x0028, 0x0048, 0x0029
    dd 0x0028, 0x0049, 0x0029, 0x0028, 0x004A, 0x0029, 0x0028, 0x004B
    dd 0x0029, 0x0028, 0x004C, 0x0029, 0x0028, 0x004D, 0x0029, 0x0028
    dd 0x004E, 0x0029, 0x0028, 0x004F, 0x0029, 0x0028, 0x0050, 0x0029
    dd 0x0028, 0x0051, 0x0029, 0x0028, 0x0052, 0x0029, 0x0028, 0x0053
    dd 0x0029, 0x0028, 0x0054, 0x0029, 0x0028, 0x0055, 0x0029, 0x0028
    dd 0x0056, 0x0029, 0x0028, 0x0057, 0x0029, 0x0028, 0x0058, 0x0029
    dd 0x0028, 0x0059, 0x0029, 0x0028, 0x005A, 0x0029, 0x3014, 0x0053
    dd 0x3015, 0x0043, 0x0052, 0x0043, 0x0044, 0x0057, 0x005A, 0x0041
    dd 0x0042, 0x0043, 0x0044, 0x0045, 0x0046, 0x0047, 0x0048, 0x0049
    dd 0x004A, 0x004B, 0x004C, 0x004D, 0x004E, 0x004F, 0x0050, 0x0051
    dd 0x0052, 0x0053, 0x0054, 0x0055, 0x0056, 0x0057, 0x0058, 0x0059
    dd 0x005A, 0x0048, 0x0056, 0x004D, 0x0056, 0x0053, 0x0044, 0x0053
    dd 0x0053, 0x0050, 0x0050, 0x0056, 0x0057, 0x0043, 0x004D, 0x0043
    dd 0x004D, 0x0044, 0x004D, 0x0052, 0x0044, 0x004A, 0x307B, 0x304B
    dd 0x30B3, 0x30B3, 0x30B5, 0x624B, 0x5B57, 0x53CC, 0x30C7, 0x4E8C
    dd 0x591A, 0x89E3, 0x5929, 0x4EA4, 0x6620, 0x7121, 0x6599, 0x524D
    dd 0x5F8C, 0x518D, 0x65B0, 0x521D, 0x7D42, 0x751F, 0x8CA9, 0x58F0
    dd 0x5439, 0x6F14, 0x6295, 0x6355, 0x4E00, 0x4E09, 0x904A, 0x5DE6
    dd 0x4E2D, 0x53F3, 0x6307, 0x8D70, 0x6253, 0x7981, 0x7A7A, 0x5408
    dd 0x6E80, 0x6709, 0x6708, 0x7533, 0x5272, 0x55B6, 0x914D, 0x3014
    dd 0x672C, 0x3015, 0x3014, 0x4E09, 0x3015, 0x3014, 0x4E8C, 0x3015
    dd 0x3014, 0x5B89, 0x3015, 0x3014, 0x70B9, 0x3015, 0x3014, 0x6253
    dd 0x3015, 0x3014, 0x76D7, 0x3015, 0x3014, 0x52DD, 0x3015, 0x3014
    dd 0x6557, 0x3015, 0x5F97, 0x53EF, 0x0030, 0x0031, 0x0032, 0x0033
    dd 0x0034, 0x0035, 0x0036, 0x0037, 0x0038, 0x0039, 0x4E3D, 0x4E38
    dd 0x4E41, 0x20122, 0x4F60, 0x4FAE, 0x4FBB, 0x5002, 0x507A, 0x5099
    dd 0x50E7, 0x50CF, 0x349E, 0x2063A, 0x514D, 0x5154, 0x5164, 0x5177
    dd 0x2051C, 0x34B9, 0x5167, 0x518D, 0x2054B, 0x5197, 0x51A4, 0x4ECC
    dd 0x51AC, 0x51B5, 0x291DF, 0x51F5, 0x5203, 0x34DF, 0x523B, 0x5246
    dd 0x5272, 0x5277, 0x3515, 0x52C7, 0x52C9, 0x52E4, 0x52FA, 0x5305
    dd 0x5306, 0x5317, 0x5349, 0x5351, 0x535A, 0x5373, 0x537D, 0x537F
    dd 0x537F, 0x537F, 0x20A2C, 0x7070, 0x53CA, 0x53DF, 0x20B63, 0x53EB
    dd 0x53F1, 0x5406, 0x549E, 0x5438, 0x5448, 0x5468, 0x54A2, 0x54F6
    dd 0x5510, 0x5553, 0x5563, 0x5584, 0x5584, 0x5599, 0x55AB, 0x55B3
    dd 0x55C2, 0x5716, 0x5606, 0x5717, 0x5651, 0x5674, 0x5207, 0x58EE
    dd 0x57CE, 0x57F4, 0x580D, 0x578B, 0x5832, 0x5831, 0x58AC, 0x214E4
    dd 0x58F2, 0x58F7, 0x5906, 0x591A, 0x5922, 0x5962, 0x216A8, 0x216EA
    dd 0x59EC, 0x5A1B, 0x5A27, 0x59D8, 0x5A66, 0x36EE, 0x36FC, 0x5B08
    dd 0x5B3E, 0x5B3E, 0x219C8, 0x5BC3, 0x5BD8, 0x5BE7, 0x5BF3, 0x21B18
    dd 0x5BFF, 0x5C06, 0x5F53, 0x5C22, 0x3781, 0x5C60, 0x5C6E, 0x5CC0
    dd 0x5C8D, 0x21DE4, 0x5D43, 0x21DE6, 0x5D6E, 0x5D6B, 0x5D7C, 0x5DE1
    dd 0x5DE2, 0x382F, 0x5DFD, 0x5E28, 0x5E3D, 0x5E69, 0x3862, 0x22183
    dd 0x387C, 0x5EB0, 0x5EB3, 0x5EB6, 0x5ECA, 0x2A392, 0x5EFE, 0x22331
    dd 0x22331, 0x8201, 0x5F22, 0x5F22, 0x38C7, 0x232B8, 0x261DA, 0x5F62
    dd 0x5F6B, 0x38E3, 0x5F9A, 0x5FCD, 0x5FD7, 0x5FF9, 0x6081, 0x393A
    dd 0x391C, 0x6094, 0x226D4, 0x60C7, 0x6148, 0x614C, 0x614E, 0x614C
    dd 0x617A, 0x618E, 0x61B2, 0x61A4, 0x61AF, 0x61DE, 0x61F2, 0x61F6
    dd 0x6210, 0x621B, 0x625D, 0x62B1, 0x62D4, 0x6350, 0x22B0C, 0x633D
    dd 0x62FC, 0x6368, 0x6383, 0x63E4, 0x22BF1, 0x6422, 0x63C5, 0x63A9
    dd 0x3A2E, 0x6469, 0x647E, 0x649D, 0x6477, 0x3A6C, 0x654F, 0x656C
    dd 0x2300A, 0x65E3, 0x66F8, 0x6649, 0x3B19, 0x6691, 0x3B08, 0x3AE4
    dd 0x5192, 0x5195, 0x6700, 0x669C, 0x80AD, 0x43D9, 0x6717, 0x671B
    dd 0x6721, 0x675E, 0x6753, 0x233C3, 0x3B49, 0x67FA, 0x6785, 0x6852
    dd 0x6885, 0x2346D, 0x688E, 0x681F, 0x6914, 0x3B9D, 0x6942, 0x69A3
    dd 0x69EA, 0x6AA8, 0x236A3, 0x6ADB, 0x3C18, 0x6B21, 0x238A7, 0x6B54
    dd 0x3C4E, 0x6B72, 0x6B9F, 0x6BBA, 0x6BBB, 0x23A8D, 0x21D0B, 0x23AFA
    dd 0x6C4E, 0x23CBC, 0x6CBF, 0x6CCD, 0x6C67, 0x6D16, 0x6D3E, 0x6D77
    dd 0x6D41, 0x6D69, 0x6D78, 0x6D85, 0x23D1E, 0x6D34, 0x6E2F, 0x6E6E
    dd 0x3D33, 0x6ECB, 0x6EC7, 0x23ED1, 0x6DF9, 0x6F6E, 0x23F5E, 0x23F8E
    dd 0x6FC6, 0x7039, 0x701E, 0x701B, 0x3D96, 0x704A, 0x707D, 0x7077
    dd 0x70AD, 0x20525, 0x7145, 0x24263, 0x719C, 0x243AB, 0x7228, 0x7235
    dd 0x7250, 0x24608, 0x7280, 0x7295, 0x24735, 0x24814, 0x737A, 0x738B
    dd 0x3EAC, 0x73A5, 0x3EB8, 0x3EB8, 0x7447, 0x745C, 0x7471, 0x7485
    dd 0x74CA, 0x3F1B, 0x7524, 0x24C36, 0x753E, 0x24C92, 0x7570, 0x2219F
    dd 0x7610, 0x24FA1, 0x24FB8, 0x25044, 0x3FFC, 0x4008, 0x76F4, 0x250F3
    dd 0x250F2, 0x25119, 0x25133, 0x771E, 0x771F, 0x771F, 0x774A, 0x4039
    dd 0x778B, 0x4046, 0x4096, 0x2541D, 0x784E, 0x788C, 0x78CC, 0x40E3
    dd 0x25626, 0x7956, 0x2569A, 0x256C5, 0x798F, 0x79EB, 0x412F, 0x7A40
    dd 0x7A4A, 0x7A4F, 0x2597C, 0x25AA7, 0x25AA7, 0x7AEE, 0x4202, 0x25BAB
    dd 0x7BC6, 0x7BC9, 0x4227, 0x25C80, 0x7CD2, 0x42A0, 0x7CE8, 0x7CE3
    dd 0x7D00, 0x25F86, 0x7D63, 0x4301, 0x7DC7, 0x7E02, 0x7E45, 0x4334
    dd 0x26228, 0x26247, 0x4359, 0x262D9, 0x7F7A, 0x2633E, 0x7F95, 0x7FFA
    dd 0x8005, 0x264DA, 0x26523, 0x8060, 0x265A8, 0x8070, 0x2335F, 0x43D5
    dd 0x80B2, 0x8103, 0x440B, 0x813E, 0x5AB5, 0x267A7, 0x267B5, 0x23393
    dd 0x2339C, 0x8201, 0x8204, 0x8F9E, 0x446B, 0x8291, 0x828B, 0x829D
    dd 0x52B3, 0x82B1, 0x82B3, 0x82BD, 0x82E6, 0x26B3C, 0x82E5, 0x831D
    dd 0x8363, 0x83AD, 0x8323, 0x83BD, 0x83E7, 0x8457, 0x8353, 0x83CA
    dd 0x83CC, 0x83DC, 0x26C36, 0x26D6B, 0x26CD5, 0x452B, 0x84F1, 0x84F3
    dd 0x8516, 0x273CA, 0x8564, 0x26F2C, 0x455D, 0x4561, 0x26FB1, 0x270D2
    dd 0x456B, 0x8650, 0x865C, 0x8667, 0x8669, 0x86A9, 0x8688, 0x870E
    dd 0x86E2, 0x8779, 0x8728, 0x876B, 0x8786, 0x45D7, 0x87E1, 0x8801
    dd 0x45F9, 0x8860, 0x8863, 0x27667, 0x88D7, 0x88DE, 0x4635, 0x88FA
    dd 0x34BB, 0x278AE, 0x27966, 0x46BE, 0x46C7, 0x8AA0, 0x8AED, 0x8B8A
    dd 0x8C55, 0x27CA8, 0x8CAB, 0x8CC1, 0x8D1B, 0x8D77, 0x27F2F, 0x20804
    dd 0x8DCB, 0x8DBC, 0x8DF0, 0x208DE, 0x8ED4, 0x8F38, 0x285D2, 0x285ED
    dd 0x9094, 0x90F1, 0x9111, 0x2872E, 0x911B, 0x9238, 0x92D7, 0x92D8
    dd 0x927C, 0x93F9, 0x9415, 0x28BFA, 0x958B, 0x4995, 0x95B7, 0x28D77
    dd 0x49E6, 0x96C3, 0x5DB2, 0x9723, 0x29145, 0x2921A, 0x4A6E, 0x4A76
    dd 0x97E0, 0x2940A, 0x4AB2, 0x29496, 0x980B, 0x980B, 0x9829, 0x295B6
    dd 0x98E2, 0x4B33, 0x9929, 0x99A7, 0x99C2, 0x99FE, 0x4BCE, 0x29B30
    dd 0x9B12, 0x9C40, 0x9CFD, 0x4CCE, 0x4CED, 0x9D67, 0x2A0CE, 0x4CF8
    dd 0x2A105, 0x2A20E, 0x2A291, 0x9EBB, 0x4D56, 0x9EF9, 0x9EFE, 0x9F05
    dd 0x9F0F, 0x9F16, 0x9F3B, 0x2A600

global _ucd_decomp_index
_ucd_decomp_index:
    dd 0x00A0, 0x00000003
    dd 0x00A8, 0x00000015
    dd 0x00AA, 0x00000033
    dd 0x00AF, 0x00000045
    dd 0x00B2, 0x00000063
    dd 0x00B3, 0x00000073
    dd 0x00B4, 0x00000085
    dd 0x00B5, 0x000000A3
    dd 0x00B8, 0x000000B5
    dd 0x00B9, 0x000000D3
    dd 0x00BA, 0x000000E3
    dd 0x00BC, 0x000000F7
    dd 0x00BD, 0x00000127
    dd 0x00BE, 0x00000157
    dd 0x00C0, 0x00000184
    dd 0x00C1, 0x000001A4
    dd 0x00C2, 0x000001C4
    dd 0x00C3, 0x000001E4
    dd 0x00C4, 0x00000204
    dd 0x00C5, 0x00000224
    dd 0x00C7, 0x00000244
    dd 0x00C8, 0x00000264
    dd 0x00C9, 0x00000284
    dd 0x00CA, 0x000002A4
    dd 0x00CB, 0x000002C4
    dd 0x00CC, 0x000002E4
    dd 0x00CD, 0x00000304
    dd 0x00CE, 0x00000324
    dd 0x00CF, 0x00000344
    dd 0x00D1, 0x00000364
    dd 0x00D2, 0x00000384
    dd 0x00D3, 0x000003A4
    dd 0x00D4, 0x000003C4
    dd 0x00D5, 0x000003E4
    dd 0x00D6, 0x00000404
    dd 0x00D9, 0x00000424
    dd 0x00DA, 0x00000444
    dd 0x00DB, 0x00000464
    dd 0x00DC, 0x00000484
    dd 0x00DD, 0x000004A4
    dd 0x00E0, 0x000004C4
    dd 0x00E1, 0x000004E4
    dd 0x00E2, 0x00000504
    dd 0x00E3, 0x00000524
    dd 0x00E4, 0x00000544
    dd 0x00E5, 0x00000564
    dd 0x00E7, 0x00000584
    dd 0x00E8, 0x000005A4
    dd 0x00E9, 0x000005C4
    dd 0x00EA, 0x000005E4
    dd 0x00EB, 0x00000604
    dd 0x00EC, 0x00000624
    dd 0x00ED, 0x00000644
    dd 0x00EE, 0x00000664
    dd 0x00EF, 0x00000684
    dd 0x00F1, 0x000006A4
    dd 0x00F2, 0x000006C4
    dd 0x00F3, 0x000006E4
    dd 0x00F4, 0x00000704
    dd 0x00F5, 0x00000724
    dd 0x00F6, 0x00000744
    dd 0x00F9, 0x00000764
    dd 0x00FA, 0x00000784
    dd 0x00FB, 0x000007A4
    dd 0x00FC, 0x000007C4
    dd 0x00FD, 0x000007E4
    dd 0x00FF, 0x00000804
    dd 0x0100, 0x00000824
    dd 0x0101, 0x00000844
    dd 0x0102, 0x00000864
    dd 0x0103, 0x00000884
    dd 0x0104, 0x000008A4
    dd 0x0105, 0x000008C4
    dd 0x0106, 0x000008E4
    dd 0x0107, 0x00000904
    dd 0x0108, 0x00000924
    dd 0x0109, 0x00000944
    dd 0x010A, 0x00000964
    dd 0x010B, 0x00000984
    dd 0x010C, 0x000009A4
    dd 0x010D, 0x000009C4
    dd 0x010E, 0x000009E4
    dd 0x010F, 0x00000A04
    dd 0x0112, 0x00000A24
    dd 0x0113, 0x00000A44
    dd 0x0114, 0x00000A64
    dd 0x0115, 0x00000A84
    dd 0x0116, 0x00000AA4
    dd 0x0117, 0x00000AC4
    dd 0x0118, 0x00000AE4
    dd 0x0119, 0x00000B04
    dd 0x011A, 0x00000B24
    dd 0x011B, 0x00000B44
    dd 0x011C, 0x00000B64
    dd 0x011D, 0x00000B84
    dd 0x011E, 0x00000BA4
    dd 0x011F, 0x00000BC4
    dd 0x0120, 0x00000BE4
    dd 0x0121, 0x00000C04
    dd 0x0122, 0x00000C24
    dd 0x0123, 0x00000C44
    dd 0x0124, 0x00000C64
    dd 0x0125, 0x00000C84
    dd 0x0128, 0x00000CA4
    dd 0x0129, 0x00000CC4
    dd 0x012A, 0x00000CE4
    dd 0x012B, 0x00000D04
    dd 0x012C, 0x00000D24
    dd 0x012D, 0x00000D44
    dd 0x012E, 0x00000D64
    dd 0x012F, 0x00000D84
    dd 0x0130, 0x00000DA4
    dd 0x0132, 0x00000DC5
    dd 0x0133, 0x00000DE5
    dd 0x0134, 0x00000E04
    dd 0x0135, 0x00000E24
    dd 0x0136, 0x00000E44
    dd 0x0137, 0x00000E64
    dd 0x0139, 0x00000E84
    dd 0x013A, 0x00000EA4
    dd 0x013B, 0x00000EC4
    dd 0x013C, 0x00000EE4
    dd 0x013D, 0x00000F04
    dd 0x013E, 0x00000F24
    dd 0x013F, 0x00000F45
    dd 0x0140, 0x00000F65
    dd 0x0143, 0x00000F84
    dd 0x0144, 0x00000FA4
    dd 0x0145, 0x00000FC4
    dd 0x0146, 0x00000FE4
    dd 0x0147, 0x00001004
    dd 0x0148, 0x00001024
    dd 0x0149, 0x00001045
    dd 0x014C, 0x00001064
    dd 0x014D, 0x00001084
    dd 0x014E, 0x000010A4
    dd 0x014F, 0x000010C4
    dd 0x0150, 0x000010E4
    dd 0x0151, 0x00001104
    dd 0x0154, 0x00001124
    dd 0x0155, 0x00001144
    dd 0x0156, 0x00001164
    dd 0x0157, 0x00001184
    dd 0x0158, 0x000011A4
    dd 0x0159, 0x000011C4
    dd 0x015A, 0x000011E4
    dd 0x015B, 0x00001204
    dd 0x015C, 0x00001224
    dd 0x015D, 0x00001244
    dd 0x015E, 0x00001264
    dd 0x015F, 0x00001284
    dd 0x0160, 0x000012A4
    dd 0x0161, 0x000012C4
    dd 0x0162, 0x000012E4
    dd 0x0163, 0x00001304
    dd 0x0164, 0x00001324
    dd 0x0165, 0x00001344
    dd 0x0168, 0x00001364
    dd 0x0169, 0x00001384
    dd 0x016A, 0x000013A4
    dd 0x016B, 0x000013C4
    dd 0x016C, 0x000013E4
    dd 0x016D, 0x00001404
    dd 0x016E, 0x00001424
    dd 0x016F, 0x00001444
    dd 0x0170, 0x00001464
    dd 0x0171, 0x00001484
    dd 0x0172, 0x000014A4
    dd 0x0173, 0x000014C4
    dd 0x0174, 0x000014E4
    dd 0x0175, 0x00001504
    dd 0x0176, 0x00001524
    dd 0x0177, 0x00001544
    dd 0x0178, 0x00001564
    dd 0x0179, 0x00001584
    dd 0x017A, 0x000015A4
    dd 0x017B, 0x000015C4
    dd 0x017C, 0x000015E4
    dd 0x017D, 0x00001604
    dd 0x017E, 0x00001624
    dd 0x017F, 0x00001643
    dd 0x01A0, 0x00001654
    dd 0x01A1, 0x00001674
    dd 0x01AF, 0x00001694
    dd 0x01B0, 0x000016B4
    dd 0x01C4, 0x000016D5
    dd 0x01C5, 0x000016F5
    dd 0x01C6, 0x00001715
    dd 0x01C7, 0x00001735
    dd 0x01C8, 0x00001755
    dd 0x01C9, 0x00001775
    dd 0x01CA, 0x00001795
    dd 0x01CB, 0x000017B5
    dd 0x01CC, 0x000017D5
    dd 0x01CD, 0x000017F4
    dd 0x01CE, 0x00001814
    dd 0x01CF, 0x00001834
    dd 0x01D0, 0x00001854
    dd 0x01D1, 0x00001874
    dd 0x01D2, 0x00001894
    dd 0x01D3, 0x000018B4
    dd 0x01D4, 0x000018D4
    dd 0x01D5, 0x000018F4
    dd 0x01D6, 0x00001914
    dd 0x01D7, 0x00001934
    dd 0x01D8, 0x00001954
    dd 0x01D9, 0x00001974
    dd 0x01DA, 0x00001994
    dd 0x01DB, 0x000019B4
    dd 0x01DC, 0x000019D4
    dd 0x01DE, 0x000019F4
    dd 0x01DF, 0x00001A14
    dd 0x01E0, 0x00001A34
    dd 0x01E1, 0x00001A54
    dd 0x01E2, 0x00001A74
    dd 0x01E3, 0x00001A94
    dd 0x01E6, 0x00001AB4
    dd 0x01E7, 0x00001AD4
    dd 0x01E8, 0x00001AF4
    dd 0x01E9, 0x00001B14
    dd 0x01EA, 0x00001B34
    dd 0x01EB, 0x00001B54
    dd 0x01EC, 0x00001B74
    dd 0x01ED, 0x00001B94
    dd 0x01EE, 0x00001BB4
    dd 0x01EF, 0x00001BD4
    dd 0x01F0, 0x00001BF4
    dd 0x01F1, 0x00001C15
    dd 0x01F2, 0x00001C35
    dd 0x01F3, 0x00001C55
    dd 0x01F4, 0x00001C74
    dd 0x01F5, 0x00001C94
    dd 0x01F8, 0x00001CB4
    dd 0x01F9, 0x00001CD4
    dd 0x01FA, 0x00001CF4
    dd 0x01FB, 0x00001D14
    dd 0x01FC, 0x00001D34
    dd 0x01FD, 0x00001D54
    dd 0x01FE, 0x00001D74
    dd 0x01FF, 0x00001D94
    dd 0x0200, 0x00001DB4
    dd 0x0201, 0x00001DD4
    dd 0x0202, 0x00001DF4
    dd 0x0203, 0x00001E14
    dd 0x0204, 0x00001E34
    dd 0x0205, 0x00001E54
    dd 0x0206, 0x00001E74
    dd 0x0207, 0x00001E94
    dd 0x0208, 0x00001EB4
    dd 0x0209, 0x00001ED4
    dd 0x020A, 0x00001EF4
    dd 0x020B, 0x00001F14
    dd 0x020C, 0x00001F34
    dd 0x020D, 0x00001F54
    dd 0x020E, 0x00001F74
    dd 0x020F, 0x00001F94
    dd 0x0210, 0x00001FB4
    dd 0x0211, 0x00001FD4
    dd 0x0212, 0x00001FF4
    dd 0x0213, 0x00002014
    dd 0x0214, 0x00002034
    dd 0x0215, 0x00002054
    dd 0x0216, 0x00002074
    dd 0x0217, 0x00002094
    dd 0x0218, 0x000020B4
    dd 0x0219, 0x000020D4
    dd 0x021A, 0x000020F4
    dd 0x021B, 0x00002114
    dd 0x021E, 0x00002134
    dd 0x021F, 0x00002154
    dd 0x0226, 0x00002174
    dd 0x0227, 0x00002194
    dd 0x0228, 0x000021B4
    dd 0x0229, 0x000021D4
    dd 0x022A, 0x000021F4
    dd 0x022B, 0x00002214
    dd 0x022C, 0x00002234
    dd 0x022D, 0x00002254
    dd 0x022E, 0x00002274
    dd 0x022F, 0x00002294
    dd 0x0230, 0x000022B4
    dd 0x0231, 0x000022D4
    dd 0x0232, 0x000022F4
    dd 0x0233, 0x00002314
    dd 0x02B0, 0x00002333
    dd 0x02B1, 0x00002343
    dd 0x02B2, 0x00002353
    dd 0x02B3, 0x00002363
    dd 0x02B4, 0x00002373
    dd 0x02B5, 0x00002383
    dd 0x02B6, 0x00002393
    dd 0x02B7, 0x000023A3
    dd 0x02B8, 0x000023B3
    dd 0x02D8, 0x000023C5
    dd 0x02D9, 0x000023E5
    dd 0x02DA, 0x00002405
    dd 0x02DB, 0x00002425
    dd 0x02DC, 0x00002445
    dd 0x02DD, 0x00002465
    dd 0x02E0, 0x00002483
    dd 0x02E1, 0x00002493
    dd 0x02E2, 0x000024A3
    dd 0x02E3, 0x000024B3
    dd 0x02E4, 0x000024C3
    dd 0x0340, 0x000024D2
    dd 0x0341, 0x000024E2
    dd 0x0343, 0x000024F2
    dd 0x0344, 0x00002504
    dd 0x0374, 0x00002522
    dd 0x037A, 0x00002535
    dd 0x037E, 0x00002552
    dd 0x0384, 0x00002565
    dd 0x0385, 0x00002584
    dd 0x0386, 0x000025A4
    dd 0x0387, 0x000025C2
    dd 0x0388, 0x000025D4
    dd 0x0389, 0x000025F4
    dd 0x038A, 0x00002614
    dd 0x038C, 0x00002634
    dd 0x038E, 0x00002654
    dd 0x038F, 0x00002674
    dd 0x0390, 0x00002694
    dd 0x03AA, 0x000026B4
    dd 0x03AB, 0x000026D4
    dd 0x03AC, 0x000026F4
    dd 0x03AD, 0x00002714
    dd 0x03AE, 0x00002734
    dd 0x03AF, 0x00002754
    dd 0x03B0, 0x00002774
    dd 0x03CA, 0x00002794
    dd 0x03CB, 0x000027B4
    dd 0x03CC, 0x000027D4
    dd 0x03CD, 0x000027F4
    dd 0x03CE, 0x00002814
    dd 0x03D0, 0x00002833
    dd 0x03D1, 0x00002843
    dd 0x03D2, 0x00002853
    dd 0x03D3, 0x00002864
    dd 0x03D4, 0x00002884
    dd 0x03D5, 0x000028A3
    dd 0x03D6, 0x000028B3
    dd 0x03F0, 0x000028C3
    dd 0x03F1, 0x000028D3
    dd 0x03F2, 0x000028E3
    dd 0x03F4, 0x000028F3
    dd 0x03F5, 0x00002903
    dd 0x03F9, 0x00002913
    dd 0x0400, 0x00002924
    dd 0x0401, 0x00002944
    dd 0x0403, 0x00002964
    dd 0x0407, 0x00002984
    dd 0x040C, 0x000029A4
    dd 0x040D, 0x000029C4
    dd 0x040E, 0x000029E4
    dd 0x0419, 0x00002A04
    dd 0x0439, 0x00002A24
    dd 0x0450, 0x00002A44
    dd 0x0451, 0x00002A64
    dd 0x0453, 0x00002A84
    dd 0x0457, 0x00002AA4
    dd 0x045C, 0x00002AC4
    dd 0x045D, 0x00002AE4
    dd 0x045E, 0x00002B04
    dd 0x0476, 0x00002B24
    dd 0x0477, 0x00002B44
    dd 0x04C1, 0x00002B64
    dd 0x04C2, 0x00002B84
    dd 0x04D0, 0x00002BA4
    dd 0x04D1, 0x00002BC4
    dd 0x04D2, 0x00002BE4
    dd 0x04D3, 0x00002C04
    dd 0x04D6, 0x00002C24
    dd 0x04D7, 0x00002C44
    dd 0x04DA, 0x00002C64
    dd 0x04DB, 0x00002C84
    dd 0x04DC, 0x00002CA4
    dd 0x04DD, 0x00002CC4
    dd 0x04DE, 0x00002CE4
    dd 0x04DF, 0x00002D04
    dd 0x04E2, 0x00002D24
    dd 0x04E3, 0x00002D44
    dd 0x04E4, 0x00002D64
    dd 0x04E5, 0x00002D84
    dd 0x04E6, 0x00002DA4
    dd 0x04E7, 0x00002DC4
    dd 0x04EA, 0x00002DE4
    dd 0x04EB, 0x00002E04
    dd 0x04EC, 0x00002E24
    dd 0x04ED, 0x00002E44
    dd 0x04EE, 0x00002E64
    dd 0x04EF, 0x00002E84
    dd 0x04F0, 0x00002EA4
    dd 0x04F1, 0x00002EC4
    dd 0x04F2, 0x00002EE4
    dd 0x04F3, 0x00002F04
    dd 0x04F4, 0x00002F24
    dd 0x04F5, 0x00002F44
    dd 0x04F8, 0x00002F64
    dd 0x04F9, 0x00002F84
    dd 0x0587, 0x00002FA5
    dd 0x0622, 0x00002FC4
    dd 0x0623, 0x00002FE4
    dd 0x0624, 0x00003004
    dd 0x0625, 0x00003024
    dd 0x0626, 0x00003044
    dd 0x0675, 0x00003065
    dd 0x0676, 0x00003085
    dd 0x0677, 0x000030A5
    dd 0x0678, 0x000030C5
    dd 0x06C0, 0x000030E4
    dd 0x06C2, 0x00003104
    dd 0x06D3, 0x00003124
    dd 0x0929, 0x00003144
    dd 0x0931, 0x00003164
    dd 0x0934, 0x00003184
    dd 0x0958, 0x000031A4
    dd 0x0959, 0x000031C4
    dd 0x095A, 0x000031E4
    dd 0x095B, 0x00003204
    dd 0x095C, 0x00003224
    dd 0x095D, 0x00003244
    dd 0x095E, 0x00003264
    dd 0x095F, 0x00003284
    dd 0x09CB, 0x000032A4
    dd 0x09CC, 0x000032C4
    dd 0x09DC, 0x000032E4
    dd 0x09DD, 0x00003304
    dd 0x09DF, 0x00003324
    dd 0x0A33, 0x00003344
    dd 0x0A36, 0x00003364
    dd 0x0A59, 0x00003384
    dd 0x0A5A, 0x000033A4
    dd 0x0A5B, 0x000033C4
    dd 0x0A5E, 0x000033E4
    dd 0x0B48, 0x00003404
    dd 0x0B4B, 0x00003424
    dd 0x0B4C, 0x00003444
    dd 0x0B5C, 0x00003464
    dd 0x0B5D, 0x00003484
    dd 0x0B94, 0x000034A4
    dd 0x0BCA, 0x000034C4
    dd 0x0BCB, 0x000034E4
    dd 0x0BCC, 0x00003504
    dd 0x0C48, 0x00003524
    dd 0x0CC0, 0x00003544
    dd 0x0CC7, 0x00003564
    dd 0x0CC8, 0x00003584
    dd 0x0CCA, 0x000035A4
    dd 0x0CCB, 0x000035C4
    dd 0x0D4A, 0x000035E4
    dd 0x0D4B, 0x00003604
    dd 0x0D4C, 0x00003624
    dd 0x0DDA, 0x00003644
    dd 0x0DDC, 0x00003664
    dd 0x0DDD, 0x00003684
    dd 0x0DDE, 0x000036A4
    dd 0x0E33, 0x000036C5
    dd 0x0EB3, 0x000036E5
    dd 0x0EDC, 0x00003705
    dd 0x0EDD, 0x00003725
    dd 0x0F0C, 0x00003743
    dd 0x0F43, 0x00003754
    dd 0x0F4D, 0x00003774
    dd 0x0F52, 0x00003794
    dd 0x0F57, 0x000037B4
    dd 0x0F5C, 0x000037D4
    dd 0x0F69, 0x000037F4
    dd 0x0F73, 0x00003814
    dd 0x0F75, 0x00003834
    dd 0x0F76, 0x00003854
    dd 0x0F77, 0x00003875
    dd 0x0F78, 0x00003894
    dd 0x0F79, 0x000038B5
    dd 0x0F81, 0x000038D4
    dd 0x0F93, 0x000038F4
    dd 0x0F9D, 0x00003914
    dd 0x0FA2, 0x00003934
    dd 0x0FA7, 0x00003954
    dd 0x0FAC, 0x00003974
    dd 0x0FB9, 0x00003994
    dd 0x1026, 0x000039B4
    dd 0x10FC, 0x000039D3
    dd 0x1B06, 0x000039E4
    dd 0x1B08, 0x00003A04
    dd 0x1B0A, 0x00003A24
    dd 0x1B0C, 0x00003A44
    dd 0x1B0E, 0x00003A64
    dd 0x1B12, 0x00003A84
    dd 0x1B3B, 0x00003AA4
    dd 0x1B3D, 0x00003AC4
    dd 0x1B40, 0x00003AE4
    dd 0x1B41, 0x00003B04
    dd 0x1B43, 0x00003B24
    dd 0x1D2C, 0x00003B43
    dd 0x1D2D, 0x00003B53
    dd 0x1D2E, 0x00003B63
    dd 0x1D30, 0x00003B73
    dd 0x1D31, 0x00003B83
    dd 0x1D32, 0x00003B93
    dd 0x1D33, 0x00003BA3
    dd 0x1D34, 0x00003BB3
    dd 0x1D35, 0x00003BC3
    dd 0x1D36, 0x00003BD3
    dd 0x1D37, 0x00003BE3
    dd 0x1D38, 0x00003BF3
    dd 0x1D39, 0x00003C03
    dd 0x1D3A, 0x00003C13
    dd 0x1D3C, 0x00003C23
    dd 0x1D3D, 0x00003C33
    dd 0x1D3E, 0x00003C43
    dd 0x1D3F, 0x00003C53
    dd 0x1D40, 0x00003C63
    dd 0x1D41, 0x00003C73
    dd 0x1D42, 0x00003C83
    dd 0x1D43, 0x00003C93
    dd 0x1D44, 0x00003CA3
    dd 0x1D45, 0x00003CB3
    dd 0x1D46, 0x00003CC3
    dd 0x1D47, 0x00003CD3
    dd 0x1D48, 0x00003CE3
    dd 0x1D49, 0x00003CF3
    dd 0x1D4A, 0x00003D03
    dd 0x1D4B, 0x00003D13
    dd 0x1D4C, 0x00003D23
    dd 0x1D4D, 0x00003D33
    dd 0x1D4F, 0x00003D43
    dd 0x1D50, 0x00003D53
    dd 0x1D51, 0x00003D63
    dd 0x1D52, 0x00003D73
    dd 0x1D53, 0x00003D83
    dd 0x1D54, 0x00003D93
    dd 0x1D55, 0x00003DA3
    dd 0x1D56, 0x00003DB3
    dd 0x1D57, 0x00003DC3
    dd 0x1D58, 0x00003DD3
    dd 0x1D59, 0x00003DE3
    dd 0x1D5A, 0x00003DF3
    dd 0x1D5B, 0x00003E03
    dd 0x1D5C, 0x00003E13
    dd 0x1D5D, 0x00003E23
    dd 0x1D5E, 0x00003E33
    dd 0x1D5F, 0x00003E43
    dd 0x1D60, 0x00003E53
    dd 0x1D61, 0x00003E63
    dd 0x1D62, 0x00003E73
    dd 0x1D63, 0x00003E83
    dd 0x1D64, 0x00003E93
    dd 0x1D65, 0x00003EA3
    dd 0x1D66, 0x00003EB3
    dd 0x1D67, 0x00003EC3
    dd 0x1D68, 0x00003ED3
    dd 0x1D69, 0x00003EE3
    dd 0x1D6A, 0x00003EF3
    dd 0x1D78, 0x00003F03
    dd 0x1D9B, 0x00003F13
    dd 0x1D9C, 0x00003F23
    dd 0x1D9D, 0x00003F33
    dd 0x1D9E, 0x00003F43
    dd 0x1D9F, 0x00003F53
    dd 0x1DA0, 0x00003F63
    dd 0x1DA1, 0x00003F73
    dd 0x1DA2, 0x00003F83
    dd 0x1DA3, 0x00003F93
    dd 0x1DA4, 0x00003FA3
    dd 0x1DA5, 0x00003FB3
    dd 0x1DA6, 0x00003FC3
    dd 0x1DA7, 0x00003FD3
    dd 0x1DA8, 0x00003FE3
    dd 0x1DA9, 0x00003FF3
    dd 0x1DAA, 0x00004003
    dd 0x1DAB, 0x00004013
    dd 0x1DAC, 0x00004023
    dd 0x1DAD, 0x00004033
    dd 0x1DAE, 0x00004043
    dd 0x1DAF, 0x00004053
    dd 0x1DB0, 0x00004063
    dd 0x1DB1, 0x00004073
    dd 0x1DB2, 0x00004083
    dd 0x1DB3, 0x00004093
    dd 0x1DB4, 0x000040A3
    dd 0x1DB5, 0x000040B3
    dd 0x1DB6, 0x000040C3
    dd 0x1DB7, 0x000040D3
    dd 0x1DB8, 0x000040E3
    dd 0x1DB9, 0x000040F3
    dd 0x1DBA, 0x00004103
    dd 0x1DBB, 0x00004113
    dd 0x1DBC, 0x00004123
    dd 0x1DBD, 0x00004133
    dd 0x1DBE, 0x00004143
    dd 0x1DBF, 0x00004153
    dd 0x1E00, 0x00004164
    dd 0x1E01, 0x00004184
    dd 0x1E02, 0x000041A4
    dd 0x1E03, 0x000041C4
    dd 0x1E04, 0x000041E4
    dd 0x1E05, 0x00004204
    dd 0x1E06, 0x00004224
    dd 0x1E07, 0x00004244
    dd 0x1E08, 0x00004264
    dd 0x1E09, 0x00004284
    dd 0x1E0A, 0x000042A4
    dd 0x1E0B, 0x000042C4
    dd 0x1E0C, 0x000042E4
    dd 0x1E0D, 0x00004304
    dd 0x1E0E, 0x00004324
    dd 0x1E0F, 0x00004344
    dd 0x1E10, 0x00004364
    dd 0x1E11, 0x00004384
    dd 0x1E12, 0x000043A4
    dd 0x1E13, 0x000043C4
    dd 0x1E14, 0x000043E4
    dd 0x1E15, 0x00004404
    dd 0x1E16, 0x00004424
    dd 0x1E17, 0x00004444
    dd 0x1E18, 0x00004464
    dd 0x1E19, 0x00004484
    dd 0x1E1A, 0x000044A4
    dd 0x1E1B, 0x000044C4
    dd 0x1E1C, 0x000044E4
    dd 0x1E1D, 0x00004504
    dd 0x1E1E, 0x00004524
    dd 0x1E1F, 0x00004544
    dd 0x1E20, 0x00004564
    dd 0x1E21, 0x00004584
    dd 0x1E22, 0x000045A4
    dd 0x1E23, 0x000045C4
    dd 0x1E24, 0x000045E4
    dd 0x1E25, 0x00004604
    dd 0x1E26, 0x00004624
    dd 0x1E27, 0x00004644
    dd 0x1E28, 0x00004664
    dd 0x1E29, 0x00004684
    dd 0x1E2A, 0x000046A4
    dd 0x1E2B, 0x000046C4
    dd 0x1E2C, 0x000046E4
    dd 0x1E2D, 0x00004704
    dd 0x1E2E, 0x00004724
    dd 0x1E2F, 0x00004744
    dd 0x1E30, 0x00004764
    dd 0x1E31, 0x00004784
    dd 0x1E32, 0x000047A4
    dd 0x1E33, 0x000047C4
    dd 0x1E34, 0x000047E4
    dd 0x1E35, 0x00004804
    dd 0x1E36, 0x00004824
    dd 0x1E37, 0x00004844
    dd 0x1E38, 0x00004864
    dd 0x1E39, 0x00004884
    dd 0x1E3A, 0x000048A4
    dd 0x1E3B, 0x000048C4
    dd 0x1E3C, 0x000048E4
    dd 0x1E3D, 0x00004904
    dd 0x1E3E, 0x00004924
    dd 0x1E3F, 0x00004944
    dd 0x1E40, 0x00004964
    dd 0x1E41, 0x00004984
    dd 0x1E42, 0x000049A4
    dd 0x1E43, 0x000049C4
    dd 0x1E44, 0x000049E4
    dd 0x1E45, 0x00004A04
    dd 0x1E46, 0x00004A24
    dd 0x1E47, 0x00004A44
    dd 0x1E48, 0x00004A64
    dd 0x1E49, 0x00004A84
    dd 0x1E4A, 0x00004AA4
    dd 0x1E4B, 0x00004AC4
    dd 0x1E4C, 0x00004AE4
    dd 0x1E4D, 0x00004B04
    dd 0x1E4E, 0x00004B24
    dd 0x1E4F, 0x00004B44
    dd 0x1E50, 0x00004B64
    dd 0x1E51, 0x00004B84
    dd 0x1E52, 0x00004BA4
    dd 0x1E53, 0x00004BC4
    dd 0x1E54, 0x00004BE4
    dd 0x1E55, 0x00004C04
    dd 0x1E56, 0x00004C24
    dd 0x1E57, 0x00004C44
    dd 0x1E58, 0x00004C64
    dd 0x1E59, 0x00004C84
    dd 0x1E5A, 0x00004CA4
    dd 0x1E5B, 0x00004CC4
    dd 0x1E5C, 0x00004CE4
    dd 0x1E5D, 0x00004D04
    dd 0x1E5E, 0x00004D24
    dd 0x1E5F, 0x00004D44
    dd 0x1E60, 0x00004D64
    dd 0x1E61, 0x00004D84
    dd 0x1E62, 0x00004DA4
    dd 0x1E63, 0x00004DC4
    dd 0x1E64, 0x00004DE4
    dd 0x1E65, 0x00004E04
    dd 0x1E66, 0x00004E24
    dd 0x1E67, 0x00004E44
    dd 0x1E68, 0x00004E64
    dd 0x1E69, 0x00004E84
    dd 0x1E6A, 0x00004EA4
    dd 0x1E6B, 0x00004EC4
    dd 0x1E6C, 0x00004EE4
    dd 0x1E6D, 0x00004F04
    dd 0x1E6E, 0x00004F24
    dd 0x1E6F, 0x00004F44
    dd 0x1E70, 0x00004F64
    dd 0x1E71, 0x00004F84
    dd 0x1E72, 0x00004FA4
    dd 0x1E73, 0x00004FC4
    dd 0x1E74, 0x00004FE4
    dd 0x1E75, 0x00005004
    dd 0x1E76, 0x00005024
    dd 0x1E77, 0x00005044
    dd 0x1E78, 0x00005064
    dd 0x1E79, 0x00005084
    dd 0x1E7A, 0x000050A4
    dd 0x1E7B, 0x000050C4
    dd 0x1E7C, 0x000050E4
    dd 0x1E7D, 0x00005104
    dd 0x1E7E, 0x00005124
    dd 0x1E7F, 0x00005144
    dd 0x1E80, 0x00005164
    dd 0x1E81, 0x00005184
    dd 0x1E82, 0x000051A4
    dd 0x1E83, 0x000051C4
    dd 0x1E84, 0x000051E4
    dd 0x1E85, 0x00005204
    dd 0x1E86, 0x00005224
    dd 0x1E87, 0x00005244
    dd 0x1E88, 0x00005264
    dd 0x1E89, 0x00005284
    dd 0x1E8A, 0x000052A4
    dd 0x1E8B, 0x000052C4
    dd 0x1E8C, 0x000052E4
    dd 0x1E8D, 0x00005304
    dd 0x1E8E, 0x00005324
    dd 0x1E8F, 0x00005344
    dd 0x1E90, 0x00005364
    dd 0x1E91, 0x00005384
    dd 0x1E92, 0x000053A4
    dd 0x1E93, 0x000053C4
    dd 0x1E94, 0x000053E4
    dd 0x1E95, 0x00005404
    dd 0x1E96, 0x00005424
    dd 0x1E97, 0x00005444
    dd 0x1E98, 0x00005464
    dd 0x1E99, 0x00005484
    dd 0x1E9A, 0x000054A5
    dd 0x1E9B, 0x000054C4
    dd 0x1EA0, 0x000054E4
    dd 0x1EA1, 0x00005504
    dd 0x1EA2, 0x00005524
    dd 0x1EA3, 0x00005544
    dd 0x1EA4, 0x00005564
    dd 0x1EA5, 0x00005584
    dd 0x1EA6, 0x000055A4
    dd 0x1EA7, 0x000055C4
    dd 0x1EA8, 0x000055E4
    dd 0x1EA9, 0x00005604
    dd 0x1EAA, 0x00005624
    dd 0x1EAB, 0x00005644
    dd 0x1EAC, 0x00005664
    dd 0x1EAD, 0x00005684
    dd 0x1EAE, 0x000056A4
    dd 0x1EAF, 0x000056C4
    dd 0x1EB0, 0x000056E4
    dd 0x1EB1, 0x00005704
    dd 0x1EB2, 0x00005724
    dd 0x1EB3, 0x00005744
    dd 0x1EB4, 0x00005764
    dd 0x1EB5, 0x00005784
    dd 0x1EB6, 0x000057A4
    dd 0x1EB7, 0x000057C4
    dd 0x1EB8, 0x000057E4
    dd 0x1EB9, 0x00005804
    dd 0x1EBA, 0x00005824
    dd 0x1EBB, 0x00005844
    dd 0x1EBC, 0x00005864
    dd 0x1EBD, 0x00005884
    dd 0x1EBE, 0x000058A4
    dd 0x1EBF, 0x000058C4
    dd 0x1EC0, 0x000058E4
    dd 0x1EC1, 0x00005904
    dd 0x1EC2, 0x00005924
    dd 0x1EC3, 0x00005944
    dd 0x1EC4, 0x00005964
    dd 0x1EC5, 0x00005984
    dd 0x1EC6, 0x000059A4
    dd 0x1EC7, 0x000059C4
    dd 0x1EC8, 0x000059E4
    dd 0x1EC9, 0x00005A04
    dd 0x1ECA, 0x00005A24
    dd 0x1ECB, 0x00005A44
    dd 0x1ECC, 0x00005A64
    dd 0x1ECD, 0x00005A84
    dd 0x1ECE, 0x00005AA4
    dd 0x1ECF, 0x00005AC4
    dd 0x1ED0, 0x00005AE4
    dd 0x1ED1, 0x00005B04
    dd 0x1ED2, 0x00005B24
    dd 0x1ED3, 0x00005B44
    dd 0x1ED4, 0x00005B64
    dd 0x1ED5, 0x00005B84
    dd 0x1ED6, 0x00005BA4
    dd 0x1ED7, 0x00005BC4
    dd 0x1ED8, 0x00005BE4
    dd 0x1ED9, 0x00005C04
    dd 0x1EDA, 0x00005C24
    dd 0x1EDB, 0x00005C44
    dd 0x1EDC, 0x00005C64
    dd 0x1EDD, 0x00005C84
    dd 0x1EDE, 0x00005CA4
    dd 0x1EDF, 0x00005CC4
    dd 0x1EE0, 0x00005CE4
    dd 0x1EE1, 0x00005D04
    dd 0x1EE2, 0x00005D24
    dd 0x1EE3, 0x00005D44
    dd 0x1EE4, 0x00005D64
    dd 0x1EE5, 0x00005D84
    dd 0x1EE6, 0x00005DA4
    dd 0x1EE7, 0x00005DC4
    dd 0x1EE8, 0x00005DE4
    dd 0x1EE9, 0x00005E04
    dd 0x1EEA, 0x00005E24
    dd 0x1EEB, 0x00005E44
    dd 0x1EEC, 0x00005E64
    dd 0x1EED, 0x00005E84
    dd 0x1EEE, 0x00005EA4
    dd 0x1EEF, 0x00005EC4
    dd 0x1EF0, 0x00005EE4
    dd 0x1EF1, 0x00005F04
    dd 0x1EF2, 0x00005F24
    dd 0x1EF3, 0x00005F44
    dd 0x1EF4, 0x00005F64
    dd 0x1EF5, 0x00005F84
    dd 0x1EF6, 0x00005FA4
    dd 0x1EF7, 0x00005FC4
    dd 0x1EF8, 0x00005FE4
    dd 0x1EF9, 0x00006004
    dd 0x1F00, 0x00006024
    dd 0x1F01, 0x00006044
    dd 0x1F02, 0x00006064
    dd 0x1F03, 0x00006084
    dd 0x1F04, 0x000060A4
    dd 0x1F05, 0x000060C4
    dd 0x1F06, 0x000060E4
    dd 0x1F07, 0x00006104
    dd 0x1F08, 0x00006124
    dd 0x1F09, 0x00006144
    dd 0x1F0A, 0x00006164
    dd 0x1F0B, 0x00006184
    dd 0x1F0C, 0x000061A4
    dd 0x1F0D, 0x000061C4
    dd 0x1F0E, 0x000061E4
    dd 0x1F0F, 0x00006204
    dd 0x1F10, 0x00006224
    dd 0x1F11, 0x00006244
    dd 0x1F12, 0x00006264
    dd 0x1F13, 0x00006284
    dd 0x1F14, 0x000062A4
    dd 0x1F15, 0x000062C4
    dd 0x1F18, 0x000062E4
    dd 0x1F19, 0x00006304
    dd 0x1F1A, 0x00006324
    dd 0x1F1B, 0x00006344
    dd 0x1F1C, 0x00006364
    dd 0x1F1D, 0x00006384
    dd 0x1F20, 0x000063A4
    dd 0x1F21, 0x000063C4
    dd 0x1F22, 0x000063E4
    dd 0x1F23, 0x00006404
    dd 0x1F24, 0x00006424
    dd 0x1F25, 0x00006444
    dd 0x1F26, 0x00006464
    dd 0x1F27, 0x00006484
    dd 0x1F28, 0x000064A4
    dd 0x1F29, 0x000064C4
    dd 0x1F2A, 0x000064E4
    dd 0x1F2B, 0x00006504
    dd 0x1F2C, 0x00006524
    dd 0x1F2D, 0x00006544
    dd 0x1F2E, 0x00006564
    dd 0x1F2F, 0x00006584
    dd 0x1F30, 0x000065A4
    dd 0x1F31, 0x000065C4
    dd 0x1F32, 0x000065E4
    dd 0x1F33, 0x00006604
    dd 0x1F34, 0x00006624
    dd 0x1F35, 0x00006644
    dd 0x1F36, 0x00006664
    dd 0x1F37, 0x00006684
    dd 0x1F38, 0x000066A4
    dd 0x1F39, 0x000066C4
    dd 0x1F3A, 0x000066E4
    dd 0x1F3B, 0x00006704
    dd 0x1F3C, 0x00006724
    dd 0x1F3D, 0x00006744
    dd 0x1F3E, 0x00006764
    dd 0x1F3F, 0x00006784
    dd 0x1F40, 0x000067A4
    dd 0x1F41, 0x000067C4
    dd 0x1F42, 0x000067E4
    dd 0x1F43, 0x00006804
    dd 0x1F44, 0x00006824
    dd 0x1F45, 0x00006844
    dd 0x1F48, 0x00006864
    dd 0x1F49, 0x00006884
    dd 0x1F4A, 0x000068A4
    dd 0x1F4B, 0x000068C4
    dd 0x1F4C, 0x000068E4
    dd 0x1F4D, 0x00006904
    dd 0x1F50, 0x00006924
    dd 0x1F51, 0x00006944
    dd 0x1F52, 0x00006964
    dd 0x1F53, 0x00006984
    dd 0x1F54, 0x000069A4
    dd 0x1F55, 0x000069C4
    dd 0x1F56, 0x000069E4
    dd 0x1F57, 0x00006A04
    dd 0x1F59, 0x00006A24
    dd 0x1F5B, 0x00006A44
    dd 0x1F5D, 0x00006A64
    dd 0x1F5F, 0x00006A84
    dd 0x1F60, 0x00006AA4
    dd 0x1F61, 0x00006AC4
    dd 0x1F62, 0x00006AE4
    dd 0x1F63, 0x00006B04
    dd 0x1F64, 0x00006B24
    dd 0x1F65, 0x00006B44
    dd 0x1F66, 0x00006B64
    dd 0x1F67, 0x00006B84
    dd 0x1F68, 0x00006BA4
    dd 0x1F69, 0x00006BC4
    dd 0x1F6A, 0x00006BE4
    dd 0x1F6B, 0x00006C04
    dd 0x1F6C, 0x00006C24
    dd 0x1F6D, 0x00006C44
    dd 0x1F6E, 0x00006C64
    dd 0x1F6F, 0x00006C84
    dd 0x1F70, 0x00006CA4
    dd 0x1F71, 0x00006CC2
    dd 0x1F72, 0x00006CD4
    dd 0x1F73, 0x00006CF2
    dd 0x1F74, 0x00006D04
    dd 0x1F75, 0x00006D22
    dd 0x1F76, 0x00006D34
    dd 0x1F77, 0x00006D52
    dd 0x1F78, 0x00006D64
    dd 0x1F79, 0x00006D82
    dd 0x1F7A, 0x00006D94
    dd 0x1F7B, 0x00006DB2
    dd 0x1F7C, 0x00006DC4
    dd 0x1F7D, 0x00006DE2
    dd 0x1F80, 0x00006DF4
    dd 0x1F81, 0x00006E14
    dd 0x1F82, 0x00006E34
    dd 0x1F83, 0x00006E54
    dd 0x1F84, 0x00006E74
    dd 0x1F85, 0x00006E94
    dd 0x1F86, 0x00006EB4
    dd 0x1F87, 0x00006ED4
    dd 0x1F88, 0x00006EF4
    dd 0x1F89, 0x00006F14
    dd 0x1F8A, 0x00006F34
    dd 0x1F8B, 0x00006F54
    dd 0x1F8C, 0x00006F74
    dd 0x1F8D, 0x00006F94
    dd 0x1F8E, 0x00006FB4
    dd 0x1F8F, 0x00006FD4
    dd 0x1F90, 0x00006FF4
    dd 0x1F91, 0x00007014
    dd 0x1F92, 0x00007034
    dd 0x1F93, 0x00007054
    dd 0x1F94, 0x00007074
    dd 0x1F95, 0x00007094
    dd 0x1F96, 0x000070B4
    dd 0x1F97, 0x000070D4
    dd 0x1F98, 0x000070F4
    dd 0x1F99, 0x00007114
    dd 0x1F9A, 0x00007134
    dd 0x1F9B, 0x00007154
    dd 0x1F9C, 0x00007174
    dd 0x1F9D, 0x00007194
    dd 0x1F9E, 0x000071B4
    dd 0x1F9F, 0x000071D4
    dd 0x1FA0, 0x000071F4
    dd 0x1FA1, 0x00007214
    dd 0x1FA2, 0x00007234
    dd 0x1FA3, 0x00007254
    dd 0x1FA4, 0x00007274
    dd 0x1FA5, 0x00007294
    dd 0x1FA6, 0x000072B4
    dd 0x1FA7, 0x000072D4
    dd 0x1FA8, 0x000072F4
    dd 0x1FA9, 0x00007314
    dd 0x1FAA, 0x00007334
    dd 0x1FAB, 0x00007354
    dd 0x1FAC, 0x00007374
    dd 0x1FAD, 0x00007394
    dd 0x1FAE, 0x000073B4
    dd 0x1FAF, 0x000073D4
    dd 0x1FB0, 0x000073F4
    dd 0x1FB1, 0x00007414
    dd 0x1FB2, 0x00007434
    dd 0x1FB3, 0x00007454
    dd 0x1FB4, 0x00007474
    dd 0x1FB6, 0x00007494
    dd 0x1FB7, 0x000074B4
    dd 0x1FB8, 0x000074D4
    dd 0x1FB9, 0x000074F4
    dd 0x1FBA, 0x00007514
    dd 0x1FBB, 0x00007532
    dd 0x1FBC, 0x00007544
    dd 0x1FBD, 0x00007565
    dd 0x1FBE, 0x00007582
    dd 0x1FBF, 0x00007595
    dd 0x1FC0, 0x000075B5
    dd 0x1FC1, 0x000075D4
    dd 0x1FC2, 0x000075F4
    dd 0x1FC3, 0x00007614
    dd 0x1FC4, 0x00007634
    dd 0x1FC6, 0x00007654
    dd 0x1FC7, 0x00007674
    dd 0x1FC8, 0x00007694
    dd 0x1FC9, 0x000076B2
    dd 0x1FCA, 0x000076C4
    dd 0x1FCB, 0x000076E2
    dd 0x1FCC, 0x000076F4
    dd 0x1FCD, 0x00007714
    dd 0x1FCE, 0x00007734
    dd 0x1FCF, 0x00007754
    dd 0x1FD0, 0x00007774
    dd 0x1FD1, 0x00007794
    dd 0x1FD2, 0x000077B4
    dd 0x1FD3, 0x000077D2
    dd 0x1FD6, 0x000077E4
    dd 0x1FD7, 0x00007804
    dd 0x1FD8, 0x00007824
    dd 0x1FD9, 0x00007844
    dd 0x1FDA, 0x00007864
    dd 0x1FDB, 0x00007882
    dd 0x1FDD, 0x00007894
    dd 0x1FDE, 0x000078B4
    dd 0x1FDF, 0x000078D4
    dd 0x1FE0, 0x000078F4
    dd 0x1FE1, 0x00007914
    dd 0x1FE2, 0x00007934
    dd 0x1FE3, 0x00007952
    dd 0x1FE4, 0x00007964
    dd 0x1FE5, 0x00007984
    dd 0x1FE6, 0x000079A4
    dd 0x1FE7, 0x000079C4
    dd 0x1FE8, 0x000079E4
    dd 0x1FE9, 0x00007A04
    dd 0x1FEA, 0x00007A24
    dd 0x1FEB, 0x00007A42
    dd 0x1FEC, 0x00007A54
    dd 0x1FED, 0x00007A74
    dd 0x1FEE, 0x00007A92
    dd 0x1FEF, 0x00007AA2
    dd 0x1FF2, 0x00007AB4
    dd 0x1FF3, 0x00007AD4
    dd 0x1FF4, 0x00007AF4
    dd 0x1FF6, 0x00007B14
    dd 0x1FF7, 0x00007B34
    dd 0x1FF8, 0x00007B54
    dd 0x1FF9, 0x00007B72
    dd 0x1FFA, 0x00007B84
    dd 0x1FFB, 0x00007BA2
    dd 0x1FFC, 0x00007BB4
    dd 0x1FFD, 0x00007BD2
    dd 0x1FFE, 0x00007BE5
    dd 0x2000, 0x00007C02
    dd 0x2001, 0x00007C12
    dd 0x2002, 0x00007C23
    dd 0x2003, 0x00007C33
    dd 0x2004, 0x00007C43
    dd 0x2005, 0x00007C53
    dd 0x2006, 0x00007C63
    dd 0x2007, 0x00007C73
    dd 0x2008, 0x00007C83
    dd 0x2009, 0x00007C93
    dd 0x200A, 0x00007CA3
    dd 0x2011, 0x00007CB3
    dd 0x2017, 0x00007CC5
    dd 0x2024, 0x00007CE3
    dd 0x2025, 0x00007CF5
    dd 0x2026, 0x00007D17
    dd 0x202F, 0x00007D43
    dd 0x2033, 0x00007D55
    dd 0x2034, 0x00007D77
    dd 0x2036, 0x00007DA5
    dd 0x2037, 0x00007DC7
    dd 0x203C, 0x00007DF5
    dd 0x203E, 0x00007E15
    dd 0x2047, 0x00007E35
    dd 0x2048, 0x00007E55
    dd 0x2049, 0x00007E75
    dd 0x2057, 0x00007E99
    dd 0x205F, 0x00007ED3
    dd 0x2070, 0x00007EE3
    dd 0x2071, 0x00007EF3
    dd 0x2074, 0x00007F03
    dd 0x2075, 0x00007F13
    dd 0x2076, 0x00007F23
    dd 0x2077, 0x00007F33
    dd 0x2078, 0x00007F43
    dd 0x2079, 0x00007F53
    dd 0x207A, 0x00007F63
    dd 0x207B, 0x00007F73
    dd 0x207C, 0x00007F83
    dd 0x207D, 0x00007F93
    dd 0x207E, 0x00007FA3
    dd 0x207F, 0x00007FB3
    dd 0x2080, 0x00007FC3
    dd 0x2081, 0x00007FD3
    dd 0x2082, 0x00007FE3
    dd 0x2083, 0x00007FF3
    dd 0x2084, 0x00008003
    dd 0x2085, 0x00008013
    dd 0x2086, 0x00008023
    dd 0x2087, 0x00008033
    dd 0x2088, 0x00008043
    dd 0x2089, 0x00008053
    dd 0x208A, 0x00008063
    dd 0x208B, 0x00008073
    dd 0x208C, 0x00008083
    dd 0x208D, 0x00008093
    dd 0x208E, 0x000080A3
    dd 0x2090, 0x000080B3
    dd 0x2091, 0x000080C3
    dd 0x2092, 0x000080D3
    dd 0x2093, 0x000080E3
    dd 0x2094, 0x000080F3
    dd 0x2095, 0x00008103
    dd 0x2096, 0x00008113
    dd 0x2097, 0x00008123
    dd 0x2098, 0x00008133
    dd 0x2099, 0x00008143
    dd 0x209A, 0x00008153
    dd 0x209B, 0x00008163
    dd 0x209C, 0x00008173
    dd 0x20A8, 0x00008185
    dd 0x2100, 0x000081A7
    dd 0x2101, 0x000081D7
    dd 0x2102, 0x00008203
    dd 0x2103, 0x00008215
    dd 0x2105, 0x00008237
    dd 0x2106, 0x00008267
    dd 0x2107, 0x00008293
    dd 0x2109, 0x000082A5
    dd 0x210A, 0x000082C3
    dd 0x210B, 0x000082D3
    dd 0x210C, 0x000082E3
    dd 0x210D, 0x000082F3
    dd 0x210E, 0x00008303
    dd 0x210F, 0x00008313
    dd 0x2110, 0x00008323
    dd 0x2111, 0x00008333
    dd 0x2112, 0x00008343
    dd 0x2113, 0x00008353
    dd 0x2115, 0x00008363
    dd 0x2116, 0x00008375
    dd 0x2119, 0x00008393
    dd 0x211A, 0x000083A3
    dd 0x211B, 0x000083B3
    dd 0x211C, 0x000083C3
    dd 0x211D, 0x000083D3
    dd 0x2120, 0x000083E5
    dd 0x2121, 0x00008407
    dd 0x2122, 0x00008435
    dd 0x2124, 0x00008453
    dd 0x2126, 0x00008462
    dd 0x2128, 0x00008473
    dd 0x212A, 0x00008482
    dd 0x212B, 0x00008492
    dd 0x212C, 0x000084A3
    dd 0x212D, 0x000084B3
    dd 0x212F, 0x000084C3
    dd 0x2130, 0x000084D3
    dd 0x2131, 0x000084E3
    dd 0x2133, 0x000084F3
    dd 0x2134, 0x00008503
    dd 0x2135, 0x00008513
    dd 0x2136, 0x00008523
    dd 0x2137, 0x00008533
    dd 0x2138, 0x00008543
    dd 0x2139, 0x00008553
    dd 0x213B, 0x00008567
    dd 0x213C, 0x00008593
    dd 0x213D, 0x000085A3
    dd 0x213E, 0x000085B3
    dd 0x213F, 0x000085C3
    dd 0x2140, 0x000085D3
    dd 0x2145, 0x000085E3
    dd 0x2146, 0x000085F3
    dd 0x2147, 0x00008603
    dd 0x2148, 0x00008613
    dd 0x2149, 0x00008623
    dd 0x2150, 0x00008637
    dd 0x2151, 0x00008667
    dd 0x2152, 0x00008699
    dd 0x2153, 0x000086D7
    dd 0x2154, 0x00008707
    dd 0x2155, 0x00008737
    dd 0x2156, 0x00008767
    dd 0x2157, 0x00008797
    dd 0x2158, 0x000087C7
    dd 0x2159, 0x000087F7
    dd 0x215A, 0x00008827
    dd 0x215B, 0x00008857
    dd 0x215C, 0x00008887
    dd 0x215D, 0x000088B7
    dd 0x215E, 0x000088E7
    dd 0x215F, 0x00008915
    dd 0x2160, 0x00008933
    dd 0x2161, 0x00008945
    dd 0x2162, 0x00008967
    dd 0x2163, 0x00008995
    dd 0x2164, 0x000089B3
    dd 0x2165, 0x000089C5
    dd 0x2166, 0x000089E7
    dd 0x2167, 0x00008A19
    dd 0x2168, 0x00008A55
    dd 0x2169, 0x00008A73
    dd 0x216A, 0x00008A85
    dd 0x216B, 0x00008AA7
    dd 0x216C, 0x00008AD3
    dd 0x216D, 0x00008AE3
    dd 0x216E, 0x00008AF3
    dd 0x216F, 0x00008B03
    dd 0x2170, 0x00008B13
    dd 0x2171, 0x00008B25
    dd 0x2172, 0x00008B47
    dd 0x2173, 0x00008B75
    dd 0x2174, 0x00008B93
    dd 0x2175, 0x00008BA5
    dd 0x2176, 0x00008BC7
    dd 0x2177, 0x00008BF9
    dd 0x2178, 0x00008C35
    dd 0x2179, 0x00008C53
    dd 0x217A, 0x00008C65
    dd 0x217B, 0x00008C87
    dd 0x217C, 0x00008CB3
    dd 0x217D, 0x00008CC3
    dd 0x217E, 0x00008CD3
    dd 0x217F, 0x00008CE3
    dd 0x2189, 0x00008CF7
    dd 0x219A, 0x00008D24
    dd 0x219B, 0x00008D44
    dd 0x21AE, 0x00008D64
    dd 0x21CD, 0x00008D84
    dd 0x21CE, 0x00008DA4
    dd 0x21CF, 0x00008DC4
    dd 0x2204, 0x00008DE4
    dd 0x2209, 0x00008E04
    dd 0x220C, 0x00008E24
    dd 0x2224, 0x00008E44
    dd 0x2226, 0x00008E64
    dd 0x222C, 0x00008E85
    dd 0x222D, 0x00008EA7
    dd 0x222F, 0x00008ED5
    dd 0x2230, 0x00008EF7
    dd 0x2241, 0x00008F24
    dd 0x2244, 0x00008F44
    dd 0x2247, 0x00008F64
    dd 0x2249, 0x00008F84
    dd 0x2260, 0x00008FA4
    dd 0x2262, 0x00008FC4
    dd 0x226D, 0x00008FE4
    dd 0x226E, 0x00009004
    dd 0x226F, 0x00009024
    dd 0x2270, 0x00009044
    dd 0x2271, 0x00009064
    dd 0x2274, 0x00009084
    dd 0x2275, 0x000090A4
    dd 0x2278, 0x000090C4
    dd 0x2279, 0x000090E4
    dd 0x2280, 0x00009104
    dd 0x2281, 0x00009124
    dd 0x2284, 0x00009144
    dd 0x2285, 0x00009164
    dd 0x2288, 0x00009184
    dd 0x2289, 0x000091A4
    dd 0x22AC, 0x000091C4
    dd 0x22AD, 0x000091E4
    dd 0x22AE, 0x00009204
    dd 0x22AF, 0x00009224
    dd 0x22E0, 0x00009244
    dd 0x22E1, 0x00009264
    dd 0x22E2, 0x00009284
    dd 0x22E3, 0x000092A4
    dd 0x22EA, 0x000092C4
    dd 0x22EB, 0x000092E4
    dd 0x22EC, 0x00009304
    dd 0x22ED, 0x00009324
    dd 0x2329, 0x00009342
    dd 0x232A, 0x00009352
    dd 0x2460, 0x00009363
    dd 0x2461, 0x00009373
    dd 0x2462, 0x00009383
    dd 0x2463, 0x00009393
    dd 0x2464, 0x000093A3
    dd 0x2465, 0x000093B3
    dd 0x2466, 0x000093C3
    dd 0x2467, 0x000093D3
    dd 0x2468, 0x000093E3
    dd 0x2469, 0x000093F5
    dd 0x246A, 0x00009415
    dd 0x246B, 0x00009435
    dd 0x246C, 0x00009455
    dd 0x246D, 0x00009475
    dd 0x246E, 0x00009495
    dd 0x246F, 0x000094B5
    dd 0x2470, 0x000094D5
    dd 0x2471, 0x000094F5
    dd 0x2472, 0x00009515
    dd 0x2473, 0x00009535
    dd 0x2474, 0x00009557
    dd 0x2475, 0x00009587
    dd 0x2476, 0x000095B7
    dd 0x2477, 0x000095E7
    dd 0x2478, 0x00009617
    dd 0x2479, 0x00009647
    dd 0x247A, 0x00009677
    dd 0x247B, 0x000096A7
    dd 0x247C, 0x000096D7
    dd 0x247D, 0x00009709
    dd 0x247E, 0x00009749
    dd 0x247F, 0x00009789
    dd 0x2480, 0x000097C9
    dd 0x2481, 0x00009809
    dd 0x2482, 0x00009849
    dd 0x2483, 0x00009889
    dd 0x2484, 0x000098C9
    dd 0x2485, 0x00009909
    dd 0x2486, 0x00009949
    dd 0x2487, 0x00009989
    dd 0x2488, 0x000099C5
    dd 0x2489, 0x000099E5
    dd 0x248A, 0x00009A05
    dd 0x248B, 0x00009A25
    dd 0x248C, 0x00009A45
    dd 0x248D, 0x00009A65
    dd 0x248E, 0x00009A85
    dd 0x248F, 0x00009AA5
    dd 0x2490, 0x00009AC5
    dd 0x2491, 0x00009AE7
    dd 0x2492, 0x00009B17
    dd 0x2493, 0x00009B47
    dd 0x2494, 0x00009B77
    dd 0x2495, 0x00009BA7
    dd 0x2496, 0x00009BD7
    dd 0x2497, 0x00009C07
    dd 0x2498, 0x00009C37
    dd 0x2499, 0x00009C67
    dd 0x249A, 0x00009C97
    dd 0x249B, 0x00009CC7
    dd 0x249C, 0x00009CF7
    dd 0x249D, 0x00009D27
    dd 0x249E, 0x00009D57
    dd 0x249F, 0x00009D87
    dd 0x24A0, 0x00009DB7
    dd 0x24A1, 0x00009DE7
    dd 0x24A2, 0x00009E17
    dd 0x24A3, 0x00009E47
    dd 0x24A4, 0x00009E77
    dd 0x24A5, 0x00009EA7
    dd 0x24A6, 0x00009ED7
    dd 0x24A7, 0x00009F07
    dd 0x24A8, 0x00009F37
    dd 0x24A9, 0x00009F67
    dd 0x24AA, 0x00009F97
    dd 0x24AB, 0x00009FC7
    dd 0x24AC, 0x00009FF7
    dd 0x24AD, 0x0000A027
    dd 0x24AE, 0x0000A057
    dd 0x24AF, 0x0000A087
    dd 0x24B0, 0x0000A0B7
    dd 0x24B1, 0x0000A0E7
    dd 0x24B2, 0x0000A117
    dd 0x24B3, 0x0000A147
    dd 0x24B4, 0x0000A177
    dd 0x24B5, 0x0000A1A7
    dd 0x24B6, 0x0000A1D3
    dd 0x24B7, 0x0000A1E3
    dd 0x24B8, 0x0000A1F3
    dd 0x24B9, 0x0000A203
    dd 0x24BA, 0x0000A213
    dd 0x24BB, 0x0000A223
    dd 0x24BC, 0x0000A233
    dd 0x24BD, 0x0000A243
    dd 0x24BE, 0x0000A253
    dd 0x24BF, 0x0000A263
    dd 0x24C0, 0x0000A273
    dd 0x24C1, 0x0000A283
    dd 0x24C2, 0x0000A293
    dd 0x24C3, 0x0000A2A3
    dd 0x24C4, 0x0000A2B3
    dd 0x24C5, 0x0000A2C3
    dd 0x24C6, 0x0000A2D3
    dd 0x24C7, 0x0000A2E3
    dd 0x24C8, 0x0000A2F3
    dd 0x24C9, 0x0000A303
    dd 0x24CA, 0x0000A313
    dd 0x24CB, 0x0000A323
    dd 0x24CC, 0x0000A333
    dd 0x24CD, 0x0000A343
    dd 0x24CE, 0x0000A353
    dd 0x24CF, 0x0000A363
    dd 0x24D0, 0x0000A373
    dd 0x24D1, 0x0000A383
    dd 0x24D2, 0x0000A393
    dd 0x24D3, 0x0000A3A3
    dd 0x24D4, 0x0000A3B3
    dd 0x24D5, 0x0000A3C3
    dd 0x24D6, 0x0000A3D3
    dd 0x24D7, 0x0000A3E3
    dd 0x24D8, 0x0000A3F3
    dd 0x24D9, 0x0000A403
    dd 0x24DA, 0x0000A413
    dd 0x24DB, 0x0000A423
    dd 0x24DC, 0x0000A433
    dd 0x24DD, 0x0000A443
    dd 0x24DE, 0x0000A453
    dd 0x24DF, 0x0000A463
    dd 0x24E0, 0x0000A473
    dd 0x24E1, 0x0000A483
    dd 0x24E2, 0x0000A493
    dd 0x24E3, 0x0000A4A3
    dd 0x24E4, 0x0000A4B3
    dd 0x24E5, 0x0000A4C3
    dd 0x24E6, 0x0000A4D3
    dd 0x24E7, 0x0000A4E3
    dd 0x24E8, 0x0000A4F3
    dd 0x24E9, 0x0000A503
    dd 0x24EA, 0x0000A513
    dd 0x2A0C, 0x0000A529
    dd 0x2A74, 0x0000A567
    dd 0x2A75, 0x0000A595
    dd 0x2A76, 0x0000A5B7
    dd 0x2ADC, 0x0000A5E4
    dd 0x2C7C, 0x0000A603
    dd 0x2C7D, 0x0000A613
    dd 0x2D6F, 0x0000A623
    dd 0x2E9F, 0x0000A633
    dd 0x2EF3, 0x0000A643
    dd 0x2F00, 0x0000A653
    dd 0x2F01, 0x0000A663
    dd 0x2F02, 0x0000A673
    dd 0x2F03, 0x0000A683
    dd 0x2F04, 0x0000A693
    dd 0x2F05, 0x0000A6A3
    dd 0x2F06, 0x0000A6B3
    dd 0x2F07, 0x0000A6C3
    dd 0x2F08, 0x0000A6D3
    dd 0x2F09, 0x0000A6E3
    dd 0x2F0A, 0x0000A6F3
    dd 0x2F0B, 0x0000A703
    dd 0x2F0C, 0x0000A713
    dd 0x2F0D, 0x0000A723
    dd 0x2F0E, 0x0000A733
    dd 0x2F0F, 0x0000A743
    dd 0x2F10, 0x0000A753
    dd 0x2F11, 0x0000A763
    dd 0x2F12, 0x0000A773
    dd 0x2F13, 0x0000A783
    dd 0x2F14, 0x0000A793
    dd 0x2F15, 0x0000A7A3
    dd 0x2F16, 0x0000A7B3
    dd 0x2F17, 0x0000A7C3
    dd 0x2F18, 0x0000A7D3
    dd 0x2F19, 0x0000A7E3
    dd 0x2F1A, 0x0000A7F3
    dd 0x2F1B, 0x0000A803
    dd 0x2F1C, 0x0000A813
    dd 0x2F1D, 0x0000A823
    dd 0x2F1E, 0x0000A833
    dd 0x2F1F, 0x0000A843
    dd 0x2F20, 0x0000A853
    dd 0x2F21, 0x0000A863
    dd 0x2F22, 0x0000A873
    dd 0x2F23, 0x0000A883
    dd 0x2F24, 0x0000A893
    dd 0x2F25, 0x0000A8A3
    dd 0x2F26, 0x0000A8B3
    dd 0x2F27, 0x0000A8C3
    dd 0x2F28, 0x0000A8D3
    dd 0x2F29, 0x0000A8E3
    dd 0x2F2A, 0x0000A8F3
    dd 0x2F2B, 0x0000A903
    dd 0x2F2C, 0x0000A913
    dd 0x2F2D, 0x0000A923
    dd 0x2F2E, 0x0000A933
    dd 0x2F2F, 0x0000A943
    dd 0x2F30, 0x0000A953
    dd 0x2F31, 0x0000A963
    dd 0x2F32, 0x0000A973
    dd 0x2F33, 0x0000A983
    dd 0x2F34, 0x0000A993
    dd 0x2F35, 0x0000A9A3
    dd 0x2F36, 0x0000A9B3
    dd 0x2F37, 0x0000A9C3
    dd 0x2F38, 0x0000A9D3
    dd 0x2F39, 0x0000A9E3
    dd 0x2F3A, 0x0000A9F3
    dd 0x2F3B, 0x0000AA03
    dd 0x2F3C, 0x0000AA13
    dd 0x2F3D, 0x0000AA23
    dd 0x2F3E, 0x0000AA33
    dd 0x2F3F, 0x0000AA43
    dd 0x2F40, 0x0000AA53
    dd 0x2F41, 0x0000AA63
    dd 0x2F42, 0x0000AA73
    dd 0x2F43, 0x0000AA83
    dd 0x2F44, 0x0000AA93
    dd 0x2F45, 0x0000AAA3
    dd 0x2F46, 0x0000AAB3
    dd 0x2F47, 0x0000AAC3
    dd 0x2F48, 0x0000AAD3
    dd 0x2F49, 0x0000AAE3
    dd 0x2F4A, 0x0000AAF3
    dd 0x2F4B, 0x0000AB03
    dd 0x2F4C, 0x0000AB13
    dd 0x2F4D, 0x0000AB23
    dd 0x2F4E, 0x0000AB33
    dd 0x2F4F, 0x0000AB43
    dd 0x2F50, 0x0000AB53
    dd 0x2F51, 0x0000AB63
    dd 0x2F52, 0x0000AB73
    dd 0x2F53, 0x0000AB83
    dd 0x2F54, 0x0000AB93
    dd 0x2F55, 0x0000ABA3
    dd 0x2F56, 0x0000ABB3
    dd 0x2F57, 0x0000ABC3
    dd 0x2F58, 0x0000ABD3
    dd 0x2F59, 0x0000ABE3
    dd 0x2F5A, 0x0000ABF3
    dd 0x2F5B, 0x0000AC03
    dd 0x2F5C, 0x0000AC13
    dd 0x2F5D, 0x0000AC23
    dd 0x2F5E, 0x0000AC33
    dd 0x2F5F, 0x0000AC43
    dd 0x2F60, 0x0000AC53
    dd 0x2F61, 0x0000AC63
    dd 0x2F62, 0x0000AC73
    dd 0x2F63, 0x0000AC83
    dd 0x2F64, 0x0000AC93
    dd 0x2F65, 0x0000ACA3
    dd 0x2F66, 0x0000ACB3
    dd 0x2F67, 0x0000ACC3
    dd 0x2F68, 0x0000ACD3
    dd 0x2F69, 0x0000ACE3
    dd 0x2F6A, 0x0000ACF3
    dd 0x2F6B, 0x0000AD03
    dd 0x2F6C, 0x0000AD13
    dd 0x2F6D, 0x0000AD23
    dd 0x2F6E, 0x0000AD33
    dd 0x2F6F, 0x0000AD43
    dd 0x2F70, 0x0000AD53
    dd 0x2F71, 0x0000AD63
    dd 0x2F72, 0x0000AD73
    dd 0x2F73, 0x0000AD83
    dd 0x2F74, 0x0000AD93
    dd 0x2F75, 0x0000ADA3
    dd 0x2F76, 0x0000ADB3
    dd 0x2F77, 0x0000ADC3
    dd 0x2F78, 0x0000ADD3
    dd 0x2F79, 0x0000ADE3
    dd 0x2F7A, 0x0000ADF3
    dd 0x2F7B, 0x0000AE03
    dd 0x2F7C, 0x0000AE13
    dd 0x2F7D, 0x0000AE23
    dd 0x2F7E, 0x0000AE33
    dd 0x2F7F, 0x0000AE43
    dd 0x2F80, 0x0000AE53
    dd 0x2F81, 0x0000AE63
    dd 0x2F82, 0x0000AE73
    dd 0x2F83, 0x0000AE83
    dd 0x2F84, 0x0000AE93
    dd 0x2F85, 0x0000AEA3
    dd 0x2F86, 0x0000AEB3
    dd 0x2F87, 0x0000AEC3
    dd 0x2F88, 0x0000AED3
    dd 0x2F89, 0x0000AEE3
    dd 0x2F8A, 0x0000AEF3
    dd 0x2F8B, 0x0000AF03
    dd 0x2F8C, 0x0000AF13
    dd 0x2F8D, 0x0000AF23
    dd 0x2F8E, 0x0000AF33
    dd 0x2F8F, 0x0000AF43
    dd 0x2F90, 0x0000AF53
    dd 0x2F91, 0x0000AF63
    dd 0x2F92, 0x0000AF73
    dd 0x2F93, 0x0000AF83
    dd 0x2F94, 0x0000AF93
    dd 0x2F95, 0x0000AFA3
    dd 0x2F96, 0x0000AFB3
    dd 0x2F97, 0x0000AFC3
    dd 0x2F98, 0x0000AFD3
    dd 0x2F99, 0x0000AFE3
    dd 0x2F9A, 0x0000AFF3
    dd 0x2F9B, 0x0000B003
    dd 0x2F9C, 0x0000B013
    dd 0x2F9D, 0x0000B023
    dd 0x2F9E, 0x0000B033
    dd 0x2F9F, 0x0000B043
    dd 0x2FA0, 0x0000B053
    dd 0x2FA1, 0x0000B063
    dd 0x2FA2, 0x0000B073
    dd 0x2FA3, 0x0000B083
    dd 0x2FA4, 0x0000B093
    dd 0x2FA5, 0x0000B0A3
    dd 0x2FA6, 0x0000B0B3
    dd 0x2FA7, 0x0000B0C3
    dd 0x2FA8, 0x0000B0D3
    dd 0x2FA9, 0x0000B0E3
    dd 0x2FAA, 0x0000B0F3
    dd 0x2FAB, 0x0000B103
    dd 0x2FAC, 0x0000B113
    dd 0x2FAD, 0x0000B123
    dd 0x2FAE, 0x0000B133
    dd 0x2FAF, 0x0000B143
    dd 0x2FB0, 0x0000B153
    dd 0x2FB1, 0x0000B163
    dd 0x2FB2, 0x0000B173
    dd 0x2FB3, 0x0000B183
    dd 0x2FB4, 0x0000B193
    dd 0x2FB5, 0x0000B1A3
    dd 0x2FB6, 0x0000B1B3
    dd 0x2FB7, 0x0000B1C3
    dd 0x2FB8, 0x0000B1D3
    dd 0x2FB9, 0x0000B1E3
    dd 0x2FBA, 0x0000B1F3
    dd 0x2FBB, 0x0000B203
    dd 0x2FBC, 0x0000B213
    dd 0x2FBD, 0x0000B223
    dd 0x2FBE, 0x0000B233
    dd 0x2FBF, 0x0000B243
    dd 0x2FC0, 0x0000B253
    dd 0x2FC1, 0x0000B263
    dd 0x2FC2, 0x0000B273
    dd 0x2FC3, 0x0000B283
    dd 0x2FC4, 0x0000B293
    dd 0x2FC5, 0x0000B2A3
    dd 0x2FC6, 0x0000B2B3
    dd 0x2FC7, 0x0000B2C3
    dd 0x2FC8, 0x0000B2D3
    dd 0x2FC9, 0x0000B2E3
    dd 0x2FCA, 0x0000B2F3
    dd 0x2FCB, 0x0000B303
    dd 0x2FCC, 0x0000B313
    dd 0x2FCD, 0x0000B323
    dd 0x2FCE, 0x0000B333
    dd 0x2FCF, 0x0000B343
    dd 0x2FD0, 0x0000B353
    dd 0x2FD1, 0x0000B363
    dd 0x2FD2, 0x0000B373
    dd 0x2FD3, 0x0000B383
    dd 0x2FD4, 0x0000B393
    dd 0x2FD5, 0x0000B3A3
    dd 0x3000, 0x0000B3B3
    dd 0x3036, 0x0000B3C3
    dd 0x3038, 0x0000B3D3
    dd 0x3039, 0x0000B3E3
    dd 0x303A, 0x0000B3F3
    dd 0x304C, 0x0000B404
    dd 0x304E, 0x0000B424
    dd 0x3050, 0x0000B444
    dd 0x3052, 0x0000B464
    dd 0x3054, 0x0000B484
    dd 0x3056, 0x0000B4A4
    dd 0x3058, 0x0000B4C4
    dd 0x305A, 0x0000B4E4
    dd 0x305C, 0x0000B504
    dd 0x305E, 0x0000B524
    dd 0x3060, 0x0000B544
    dd 0x3062, 0x0000B564
    dd 0x3065, 0x0000B584
    dd 0x3067, 0x0000B5A4
    dd 0x3069, 0x0000B5C4
    dd 0x3070, 0x0000B5E4
    dd 0x3071, 0x0000B604
    dd 0x3073, 0x0000B624
    dd 0x3074, 0x0000B644
    dd 0x3076, 0x0000B664
    dd 0x3077, 0x0000B684
    dd 0x3079, 0x0000B6A4
    dd 0x307A, 0x0000B6C4
    dd 0x307C, 0x0000B6E4
    dd 0x307D, 0x0000B704
    dd 0x3094, 0x0000B724
    dd 0x309B, 0x0000B745
    dd 0x309C, 0x0000B765
    dd 0x309E, 0x0000B784
    dd 0x309F, 0x0000B7A5
    dd 0x30AC, 0x0000B7C4
    dd 0x30AE, 0x0000B7E4
    dd 0x30B0, 0x0000B804
    dd 0x30B2, 0x0000B824
    dd 0x30B4, 0x0000B844
    dd 0x30B6, 0x0000B864
    dd 0x30B8, 0x0000B884
    dd 0x30BA, 0x0000B8A4
    dd 0x30BC, 0x0000B8C4
    dd 0x30BE, 0x0000B8E4
    dd 0x30C0, 0x0000B904
    dd 0x30C2, 0x0000B924
    dd 0x30C5, 0x0000B944
    dd 0x30C7, 0x0000B964
    dd 0x30C9, 0x0000B984
    dd 0x30D0, 0x0000B9A4
    dd 0x30D1, 0x0000B9C4
    dd 0x30D3, 0x0000B9E4
    dd 0x30D4, 0x0000BA04
    dd 0x30D6, 0x0000BA24
    dd 0x30D7, 0x0000BA44
    dd 0x30D9, 0x0000BA64
    dd 0x30DA, 0x0000BA84
    dd 0x30DC, 0x0000BAA4
    dd 0x30DD, 0x0000BAC4
    dd 0x30F4, 0x0000BAE4
    dd 0x30F7, 0x0000BB04
    dd 0x30F8, 0x0000BB24
    dd 0x30F9, 0x0000BB44
    dd 0x30FA, 0x0000BB64
    dd 0x30FE, 0x0000BB84
    dd 0x30FF, 0x0000BBA5
    dd 0x3131, 0x0000BBC3
    dd 0x3132, 0x0000BBD3
    dd 0x3133, 0x0000BBE3
    dd 0x3134, 0x0000BBF3
    dd 0x3135, 0x0000BC03
    dd 0x3136, 0x0000BC13
    dd 0x3137, 0x0000BC23
    dd 0x3138, 0x0000BC33
    dd 0x3139, 0x0000BC43
    dd 0x313A, 0x0000BC53
    dd 0x313B, 0x0000BC63
    dd 0x313C, 0x0000BC73
    dd 0x313D, 0x0000BC83
    dd 0x313E, 0x0000BC93
    dd 0x313F, 0x0000BCA3
    dd 0x3140, 0x0000BCB3
    dd 0x3141, 0x0000BCC3
    dd 0x3142, 0x0000BCD3
    dd 0x3143, 0x0000BCE3
    dd 0x3144, 0x0000BCF3
    dd 0x3145, 0x0000BD03
    dd 0x3146, 0x0000BD13
    dd 0x3147, 0x0000BD23
    dd 0x3148, 0x0000BD33
    dd 0x3149, 0x0000BD43
    dd 0x314A, 0x0000BD53
    dd 0x314B, 0x0000BD63
    dd 0x314C, 0x0000BD73
    dd 0x314D, 0x0000BD83
    dd 0x314E, 0x0000BD93
    dd 0x314F, 0x0000BDA3
    dd 0x3150, 0x0000BDB3
    dd 0x3151, 0x0000BDC3
    dd 0x3152, 0x0000BDD3
    dd 0x3153, 0x0000BDE3
    dd 0x3154, 0x0000BDF3
    dd 0x3155, 0x0000BE03
    dd 0x3156, 0x0000BE13
    dd 0x3157, 0x0000BE23
    dd 0x3158, 0x0000BE33
    dd 0x3159, 0x0000BE43
    dd 0x315A, 0x0000BE53
    dd 0x315B, 0x0000BE63
    dd 0x315C, 0x0000BE73
    dd 0x315D, 0x0000BE83
    dd 0x315E, 0x0000BE93
    dd 0x315F, 0x0000BEA3
    dd 0x3160, 0x0000BEB3
    dd 0x3161, 0x0000BEC3
    dd 0x3162, 0x0000BED3
    dd 0x3163, 0x0000BEE3
    dd 0x3164, 0x0000BEF3
    dd 0x3165, 0x0000BF03
    dd 0x3166, 0x0000BF13
    dd 0x3167, 0x0000BF23
    dd 0x3168, 0x0000BF33
    dd 0x3169, 0x0000BF43
    dd 0x316A, 0x0000BF53
    dd 0x316B, 0x0000BF63
    dd 0x316C, 0x0000BF73
    dd 0x316D, 0x0000BF83
    dd 0x316E, 0x0000BF93
    dd 0x316F, 0x0000BFA3
    dd 0x3170, 0x0000BFB3
    dd 0x3171, 0x0000BFC3
    dd 0x3172, 0x0000BFD3
    dd 0x3173, 0x0000BFE3
    dd 0x3174, 0x0000BFF3
    dd 0x3175, 0x0000C003
    dd 0x3176, 0x0000C013
    dd 0x3177, 0x0000C023
    dd 0x3178, 0x0000C033
    dd 0x3179, 0x0000C043
    dd 0x317A, 0x0000C053
    dd 0x317B, 0x0000C063
    dd 0x317C, 0x0000C073
    dd 0x317D, 0x0000C083
    dd 0x317E, 0x0000C093
    dd 0x317F, 0x0000C0A3
    dd 0x3180, 0x0000C0B3
    dd 0x3181, 0x0000C0C3
    dd 0x3182, 0x0000C0D3
    dd 0x3183, 0x0000C0E3
    dd 0x3184, 0x0000C0F3
    dd 0x3185, 0x0000C103
    dd 0x3186, 0x0000C113
    dd 0x3187, 0x0000C123
    dd 0x3188, 0x0000C133
    dd 0x3189, 0x0000C143
    dd 0x318A, 0x0000C153
    dd 0x318B, 0x0000C163
    dd 0x318C, 0x0000C173
    dd 0x318D, 0x0000C183
    dd 0x318E, 0x0000C193
    dd 0x3192, 0x0000C1A3
    dd 0x3193, 0x0000C1B3
    dd 0x3194, 0x0000C1C3
    dd 0x3195, 0x0000C1D3
    dd 0x3196, 0x0000C1E3
    dd 0x3197, 0x0000C1F3
    dd 0x3198, 0x0000C203
    dd 0x3199, 0x0000C213
    dd 0x319A, 0x0000C223
    dd 0x319B, 0x0000C233
    dd 0x319C, 0x0000C243
    dd 0x319D, 0x0000C253
    dd 0x319E, 0x0000C263
    dd 0x319F, 0x0000C273
    dd 0x3200, 0x0000C287
    dd 0x3201, 0x0000C2B7
    dd 0x3202, 0x0000C2E7
    dd 0x3203, 0x0000C317
    dd 0x3204, 0x0000C347
    dd 0x3205, 0x0000C377
    dd 0x3206, 0x0000C3A7
    dd 0x3207, 0x0000C3D7
    dd 0x3208, 0x0000C407
    dd 0x3209, 0x0000C437
    dd 0x320A, 0x0000C467
    dd 0x320B, 0x0000C497
    dd 0x320C, 0x0000C4C7
    dd 0x320D, 0x0000C4F7
    dd 0x320E, 0x0000C529
    dd 0x320F, 0x0000C569
    dd 0x3210, 0x0000C5A9
    dd 0x3211, 0x0000C5E9
    dd 0x3212, 0x0000C629
    dd 0x3213, 0x0000C669
    dd 0x3214, 0x0000C6A9
    dd 0x3215, 0x0000C6E9
    dd 0x3216, 0x0000C729
    dd 0x3217, 0x0000C769
    dd 0x3218, 0x0000C7A9
    dd 0x3219, 0x0000C7E9
    dd 0x321A, 0x0000C829
    dd 0x321B, 0x0000C869
    dd 0x321C, 0x0000C8A9
    dd 0x321D, 0x0000C8EF
    dd 0x321E, 0x0000C95D
    dd 0x3220, 0x0000C9B7
    dd 0x3221, 0x0000C9E7
    dd 0x3222, 0x0000CA17
    dd 0x3223, 0x0000CA47
    dd 0x3224, 0x0000CA77
    dd 0x3225, 0x0000CAA7
    dd 0x3226, 0x0000CAD7
    dd 0x3227, 0x0000CB07
    dd 0x3228, 0x0000CB37
    dd 0x3229, 0x0000CB67
    dd 0x322A, 0x0000CB97
    dd 0x322B, 0x0000CBC7
    dd 0x322C, 0x0000CBF7
    dd 0x322D, 0x0000CC27
    dd 0x322E, 0x0000CC57
    dd 0x322F, 0x0000CC87
    dd 0x3230, 0x0000CCB7
    dd 0x3231, 0x0000CCE7
    dd 0x3232, 0x0000CD17
    dd 0x3233, 0x0000CD47
    dd 0x3234, 0x0000CD77
    dd 0x3235, 0x0000CDA7
    dd 0x3236, 0x0000CDD7
    dd 0x3237, 0x0000CE07
    dd 0x3238, 0x0000CE37
    dd 0x3239, 0x0000CE67
    dd 0x323A, 0x0000CE97
    dd 0x323B, 0x0000CEC7
    dd 0x323C, 0x0000CEF7
    dd 0x323D, 0x0000CF27
    dd 0x323E, 0x0000CF57
    dd 0x323F, 0x0000CF87
    dd 0x3240, 0x0000CFB7
    dd 0x3241, 0x0000CFE7
    dd 0x3242, 0x0000D017
    dd 0x3243, 0x0000D047
    dd 0x3244, 0x0000D073
    dd 0x3245, 0x0000D083
    dd 0x3246, 0x0000D093
    dd 0x3247, 0x0000D0A3
    dd 0x3250, 0x0000D0B7
    dd 0x3251, 0x0000D0E5
    dd 0x3252, 0x0000D105
    dd 0x3253, 0x0000D125
    dd 0x3254, 0x0000D145
    dd 0x3255, 0x0000D165
    dd 0x3256, 0x0000D185
    dd 0x3257, 0x0000D1A5
    dd 0x3258, 0x0000D1C5
    dd 0x3259, 0x0000D1E5
    dd 0x325A, 0x0000D205
    dd 0x325B, 0x0000D225
    dd 0x325C, 0x0000D245
    dd 0x325D, 0x0000D265
    dd 0x325E, 0x0000D285
    dd 0x325F, 0x0000D2A5
    dd 0x3260, 0x0000D2C3
    dd 0x3261, 0x0000D2D3
    dd 0x3262, 0x0000D2E3
    dd 0x3263, 0x0000D2F3
    dd 0x3264, 0x0000D303
    dd 0x3265, 0x0000D313
    dd 0x3266, 0x0000D323
    dd 0x3267, 0x0000D333
    dd 0x3268, 0x0000D343
    dd 0x3269, 0x0000D353
    dd 0x326A, 0x0000D363
    dd 0x326B, 0x0000D373
    dd 0x326C, 0x0000D383
    dd 0x326D, 0x0000D393
    dd 0x326E, 0x0000D3A5
    dd 0x326F, 0x0000D3C5
    dd 0x3270, 0x0000D3E5
    dd 0x3271, 0x0000D405
    dd 0x3272, 0x0000D425
    dd 0x3273, 0x0000D445
    dd 0x3274, 0x0000D465
    dd 0x3275, 0x0000D485
    dd 0x3276, 0x0000D4A5
    dd 0x3277, 0x0000D4C5
    dd 0x3278, 0x0000D4E5
    dd 0x3279, 0x0000D505
    dd 0x327A, 0x0000D525
    dd 0x327B, 0x0000D545
    dd 0x327C, 0x0000D56B
    dd 0x327D, 0x0000D5B9
    dd 0x327E, 0x0000D5F5
    dd 0x3280, 0x0000D613
    dd 0x3281, 0x0000D623
    dd 0x3282, 0x0000D633
    dd 0x3283, 0x0000D643
    dd 0x3284, 0x0000D653
    dd 0x3285, 0x0000D663
    dd 0x3286, 0x0000D673
    dd 0x3287, 0x0000D683
    dd 0x3288, 0x0000D693
    dd 0x3289, 0x0000D6A3
    dd 0x328A, 0x0000D6B3
    dd 0x328B, 0x0000D6C3
    dd 0x328C, 0x0000D6D3
    dd 0x328D, 0x0000D6E3
    dd 0x328E, 0x0000D6F3
    dd 0x328F, 0x0000D703
    dd 0x3290, 0x0000D713
    dd 0x3291, 0x0000D723
    dd 0x3292, 0x0000D733
    dd 0x3293, 0x0000D743
    dd 0x3294, 0x0000D753
    dd 0x3295, 0x0000D763
    dd 0x3296, 0x0000D773
    dd 0x3297, 0x0000D783
    dd 0x3298, 0x0000D793
    dd 0x3299, 0x0000D7A3
    dd 0x329A, 0x0000D7B3
    dd 0x329B, 0x0000D7C3
    dd 0x329C, 0x0000D7D3
    dd 0x329D, 0x0000D7E3
    dd 0x329E, 0x0000D7F3
    dd 0x329F, 0x0000D803
    dd 0x32A0, 0x0000D813
    dd 0x32A1, 0x0000D823
    dd 0x32A2, 0x0000D833
    dd 0x32A3, 0x0000D843
    dd 0x32A4, 0x0000D853
    dd 0x32A5, 0x0000D863
    dd 0x32A6, 0x0000D873
    dd 0x32A7, 0x0000D883
    dd 0x32A8, 0x0000D893
    dd 0x32A9, 0x0000D8A3
    dd 0x32AA, 0x0000D8B3
    dd 0x32AB, 0x0000D8C3
    dd 0x32AC, 0x0000D8D3
    dd 0x32AD, 0x0000D8E3
    dd 0x32AE, 0x0000D8F3
    dd 0x32AF, 0x0000D903
    dd 0x32B0, 0x0000D913
    dd 0x32B1, 0x0000D925
    dd 0x32B2, 0x0000D945
    dd 0x32B3, 0x0000D965
    dd 0x32B4, 0x0000D985
    dd 0x32B5, 0x0000D9A5
    dd 0x32B6, 0x0000D9C5
    dd 0x32B7, 0x0000D9E5
    dd 0x32B8, 0x0000DA05
    dd 0x32B9, 0x0000DA25
    dd 0x32BA, 0x0000DA45
    dd 0x32BB, 0x0000DA65
    dd 0x32BC, 0x0000DA85
    dd 0x32BD, 0x0000DAA5
    dd 0x32BE, 0x0000DAC5
    dd 0x32BF, 0x0000DAE5
    dd 0x32C0, 0x0000DB05
    dd 0x32C1, 0x0000DB25
    dd 0x32C2, 0x0000DB45
    dd 0x32C3, 0x0000DB65
    dd 0x32C4, 0x0000DB85
    dd 0x32C5, 0x0000DBA5
    dd 0x32C6, 0x0000DBC5
    dd 0x32C7, 0x0000DBE5
    dd 0x32C8, 0x0000DC05
    dd 0x32C9, 0x0000DC27
    dd 0x32CA, 0x0000DC57
    dd 0x32CB, 0x0000DC87
    dd 0x32CC, 0x0000DCB5
    dd 0x32CD, 0x0000DCD7
    dd 0x32CE, 0x0000DD05
    dd 0x32CF, 0x0000DD27
    dd 0x32D0, 0x0000DD53
    dd 0x32D1, 0x0000DD63
    dd 0x32D2, 0x0000DD73
    dd 0x32D3, 0x0000DD83
    dd 0x32D4, 0x0000DD93
    dd 0x32D5, 0x0000DDA3
    dd 0x32D6, 0x0000DDB3
    dd 0x32D7, 0x0000DDC3
    dd 0x32D8, 0x0000DDD3
    dd 0x32D9, 0x0000DDE3
    dd 0x32DA, 0x0000DDF3
    dd 0x32DB, 0x0000DE03
    dd 0x32DC, 0x0000DE13
    dd 0x32DD, 0x0000DE23
    dd 0x32DE, 0x0000DE33
    dd 0x32DF, 0x0000DE43
    dd 0x32E0, 0x0000DE53
    dd 0x32E1, 0x0000DE63
    dd 0x32E2, 0x0000DE73
    dd 0x32E3, 0x0000DE83
    dd 0x32E4, 0x0000DE93
    dd 0x32E5, 0x0000DEA3
    dd 0x32E6, 0x0000DEB3
    dd 0x32E7, 0x0000DEC3
    dd 0x32E8, 0x0000DED3
    dd 0x32E9, 0x0000DEE3
    dd 0x32EA, 0x0000DEF3
    dd 0x32EB, 0x0000DF03
    dd 0x32EC, 0x0000DF13
    dd 0x32ED, 0x0000DF23
    dd 0x32EE, 0x0000DF33
    dd 0x32EF, 0x0000DF43
    dd 0x32F0, 0x0000DF53
    dd 0x32F1, 0x0000DF63
    dd 0x32F2, 0x0000DF73
    dd 0x32F3, 0x0000DF83
    dd 0x32F4, 0x0000DF93
    dd 0x32F5, 0x0000DFA3
    dd 0x32F6, 0x0000DFB3
    dd 0x32F7, 0x0000DFC3
    dd 0x32F8, 0x0000DFD3
    dd 0x32F9, 0x0000DFE3
    dd 0x32FA, 0x0000DFF3
    dd 0x32FB, 0x0000E003
    dd 0x32FC, 0x0000E013
    dd 0x32FD, 0x0000E023
    dd 0x32FE, 0x0000E033
    dd 0x32FF, 0x0000E045
    dd 0x3300, 0x0000E069
    dd 0x3301, 0x0000E0A9
    dd 0x3302, 0x0000E0E9
    dd 0x3303, 0x0000E127
    dd 0x3304, 0x0000E159
    dd 0x3305, 0x0000E197
    dd 0x3306, 0x0000E1C7
    dd 0x3307, 0x0000E1FB
    dd 0x3308, 0x0000E249
    dd 0x3309, 0x0000E287
    dd 0x330A, 0x0000E2B7
    dd 0x330B, 0x0000E2E7
    dd 0x330C, 0x0000E319
    dd 0x330D, 0x0000E359
    dd 0x330E, 0x0000E397
    dd 0x330F, 0x0000E3C7
    dd 0x3310, 0x0000E3F5
    dd 0x3311, 0x0000E417
    dd 0x3312, 0x0000E449
    dd 0x3313, 0x0000E489
    dd 0x3314, 0x0000E4C5
    dd 0x3315, 0x0000E4EB
    dd 0x3316, 0x0000E53D
    dd 0x3317, 0x0000E59B
    dd 0x3318, 0x0000E5E7
    dd 0x3319, 0x0000E61B
    dd 0x331A, 0x0000E66B
    dd 0x331B, 0x0000E6B9
    dd 0x331C, 0x0000E6F7
    dd 0x331D, 0x0000E727
    dd 0x331E, 0x0000E757
    dd 0x331F, 0x0000E789
    dd 0x3320, 0x0000E7CB
    dd 0x3321, 0x0000E819
    dd 0x3322, 0x0000E857
    dd 0x3323, 0x0000E887
    dd 0x3324, 0x0000E8B7
    dd 0x3325, 0x0000E8E5
    dd 0x3326, 0x0000E905
    dd 0x3327, 0x0000E925
    dd 0x3328, 0x0000E945
    dd 0x3329, 0x0000E967
    dd 0x332A, 0x0000E997
    dd 0x332B, 0x0000E9CB
    dd 0x332C, 0x0000EA17
    dd 0x332D, 0x0000EA49
    dd 0x332E, 0x0000EA8B
    dd 0x332F, 0x0000EAD7
    dd 0x3330, 0x0000EB05
    dd 0x3331, 0x0000EB25
    dd 0x3332, 0x0000EB4B
    dd 0x3333, 0x0000EB99
    dd 0x3334, 0x0000EBDB
    dd 0x3335, 0x0000EC27
    dd 0x3336, 0x0000EC5B
    dd 0x3337, 0x0000ECA5
    dd 0x3338, 0x0000ECC7
    dd 0x3339, 0x0000ECF7
    dd 0x333A, 0x0000ED27
    dd 0x333B, 0x0000ED57
    dd 0x333C, 0x0000ED87
    dd 0x333D, 0x0000EDB9
    dd 0x333E, 0x0000EDF7
    dd 0x333F, 0x0000EE25
    dd 0x3340, 0x0000EE47
    dd 0x3341, 0x0000EE77
    dd 0x3342, 0x0000EEA7
    dd 0x3343, 0x0000EED9
    dd 0x3344, 0x0000EF17
    dd 0x3345, 0x0000EF47
    dd 0x3346, 0x0000EF77
    dd 0x3347, 0x0000EFAB
    dd 0x3348, 0x0000EFF9
    dd 0x3349, 0x0000F035
    dd 0x334A, 0x0000F05B
    dd 0x334B, 0x0000F0A5
    dd 0x334C, 0x0000F0C9
    dd 0x334D, 0x0000F109
    dd 0x334E, 0x0000F147
    dd 0x334F, 0x0000F177
    dd 0x3350, 0x0000F1A7
    dd 0x3351, 0x0000F1D9
    dd 0x3352, 0x0000F215
    dd 0x3353, 0x0000F237
    dd 0x3354, 0x0000F269
    dd 0x3355, 0x0000F2A5
    dd 0x3356, 0x0000F2CB
    dd 0x3357, 0x0000F317
    dd 0x3358, 0x0000F345
    dd 0x3359, 0x0000F365
    dd 0x335A, 0x0000F385
    dd 0x335B, 0x0000F3A5
    dd 0x335C, 0x0000F3C5
    dd 0x335D, 0x0000F3E5
    dd 0x335E, 0x0000F405
    dd 0x335F, 0x0000F425
    dd 0x3360, 0x0000F445
    dd 0x3361, 0x0000F465
    dd 0x3362, 0x0000F487
    dd 0x3363, 0x0000F4B7
    dd 0x3364, 0x0000F4E7
    dd 0x3365, 0x0000F517
    dd 0x3366, 0x0000F547
    dd 0x3367, 0x0000F577
    dd 0x3368, 0x0000F5A7
    dd 0x3369, 0x0000F5D7
    dd 0x336A, 0x0000F607
    dd 0x336B, 0x0000F637
    dd 0x336C, 0x0000F667
    dd 0x336D, 0x0000F697
    dd 0x336E, 0x0000F6C7
    dd 0x336F, 0x0000F6F7
    dd 0x3370, 0x0000F727
    dd 0x3371, 0x0000F757
    dd 0x3372, 0x0000F785
    dd 0x3373, 0x0000F7A5
    dd 0x3374, 0x0000F7C7
    dd 0x3375, 0x0000F7F5
    dd 0x3376, 0x0000F815
    dd 0x3377, 0x0000F835
    dd 0x3378, 0x0000F857
    dd 0x3379, 0x0000F887
    dd 0x337A, 0x0000F8B5
    dd 0x337B, 0x0000F8D5
    dd 0x337C, 0x0000F8F5
    dd 0x337D, 0x0000F915
    dd 0x337E, 0x0000F935
    dd 0x337F, 0x0000F959
    dd 0x3380, 0x0000F995
    dd 0x3381, 0x0000F9B5
    dd 0x3382, 0x0000F9D5
    dd 0x3383, 0x0000F9F5
    dd 0x3384, 0x0000FA15
    dd 0x3385, 0x0000FA35
    dd 0x3386, 0x0000FA55
    dd 0x3387, 0x0000FA75
    dd 0x3388, 0x0000FA97
    dd 0x3389, 0x0000FAC9
    dd 0x338A, 0x0000FB05
    dd 0x338B, 0x0000FB25
    dd 0x338C, 0x0000FB45
    dd 0x338D, 0x0000FB65
    dd 0x338E, 0x0000FB85
    dd 0x338F, 0x0000FBA5
    dd 0x3390, 0x0000FBC5
    dd 0x3391, 0x0000FBE7
    dd 0x3392, 0x0000FC17
    dd 0x3393, 0x0000FC47
    dd 0x3394, 0x0000FC77
    dd 0x3395, 0x0000FCA5
    dd 0x3396, 0x0000FCC5
    dd 0x3397, 0x0000FCE5
    dd 0x3398, 0x0000FD05
    dd 0x3399, 0x0000FD25
    dd 0x339A, 0x0000FD45
    dd 0x339B, 0x0000FD65
    dd 0x339C, 0x0000FD85
    dd 0x339D, 0x0000FDA5
    dd 0x339E, 0x0000FDC5
    dd 0x339F, 0x0000FDE7
    dd 0x33A0, 0x0000FE17
    dd 0x33A1, 0x0000FE45
    dd 0x33A2, 0x0000FE67
    dd 0x33A3, 0x0000FE97
    dd 0x33A4, 0x0000FEC7
    dd 0x33A5, 0x0000FEF5
    dd 0x33A6, 0x0000FF17
    dd 0x33A7, 0x0000FF47
    dd 0x33A8, 0x0000FF79
    dd 0x33A9, 0x0000FFB5
    dd 0x33AA, 0x0000FFD7
    dd 0x33AB, 0x00010007
    dd 0x33AC, 0x00010037
    dd 0x33AD, 0x00010067
    dd 0x33AE, 0x0001009B
    dd 0x33AF, 0x000100ED
    dd 0x33B0, 0x00010145
    dd 0x33B1, 0x00010165
    dd 0x33B2, 0x00010185
    dd 0x33B3, 0x000101A5
    dd 0x33B4, 0x000101C5
    dd 0x33B5, 0x000101E5
    dd 0x33B6, 0x00010205
    dd 0x33B7, 0x00010225
    dd 0x33B8, 0x00010245
    dd 0x33B9, 0x00010265
    dd 0x33BA, 0x00010285
    dd 0x33BB, 0x000102A5
    dd 0x33BC, 0x000102C5
    dd 0x33BD, 0x000102E5
    dd 0x33BE, 0x00010305
    dd 0x33BF, 0x00010325
    dd 0x33C0, 0x00010345
    dd 0x33C1, 0x00010365
    dd 0x33C2, 0x00010389
    dd 0x33C3, 0x000103C5
    dd 0x33C4, 0x000103E5
    dd 0x33C5, 0x00010405
    dd 0x33C6, 0x00010429
    dd 0x33C7, 0x00010467
    dd 0x33C8, 0x00010495
    dd 0x33C9, 0x000104B5
    dd 0x33CA, 0x000104D5
    dd 0x33CB, 0x000104F5
    dd 0x33CC, 0x00010515
    dd 0x33CD, 0x00010535
    dd 0x33CE, 0x00010555
    dd 0x33CF, 0x00010575
    dd 0x33D0, 0x00010595
    dd 0x33D1, 0x000105B5
    dd 0x33D2, 0x000105D7
    dd 0x33D3, 0x00010605
    dd 0x33D4, 0x00010625
    dd 0x33D5, 0x00010647
    dd 0x33D6, 0x00010677
    dd 0x33D7, 0x000106A5
    dd 0x33D8, 0x000106C9
    dd 0x33D9, 0x00010707
    dd 0x33DA, 0x00010735
    dd 0x33DB, 0x00010755
    dd 0x33DC, 0x00010775
    dd 0x33DD, 0x00010795
    dd 0x33DE, 0x000107B7
    dd 0x33DF, 0x000107E7
    dd 0x33E0, 0x00010815
    dd 0x33E1, 0x00010835
    dd 0x33E2, 0x00010855
    dd 0x33E3, 0x00010875
    dd 0x33E4, 0x00010895
    dd 0x33E5, 0x000108B5
    dd 0x33E6, 0x000108D5
    dd 0x33E7, 0x000108F5
    dd 0x33E8, 0x00010915
    dd 0x33E9, 0x00010937
    dd 0x33EA, 0x00010967
    dd 0x33EB, 0x00010997
    dd 0x33EC, 0x000109C7
    dd 0x33ED, 0x000109F7
    dd 0x33EE, 0x00010A27
    dd 0x33EF, 0x00010A57
    dd 0x33F0, 0x00010A87
    dd 0x33F1, 0x00010AB7
    dd 0x33F2, 0x00010AE7
    dd 0x33F3, 0x00010B17
    dd 0x33F4, 0x00010B47
    dd 0x33F5, 0x00010B77
    dd 0x33F6, 0x00010BA7
    dd 0x33F7, 0x00010BD7
    dd 0x33F8, 0x00010C07
    dd 0x33F9, 0x00010C37
    dd 0x33FA, 0x00010C67
    dd 0x33FB, 0x00010C97
    dd 0x33FC, 0x00010CC7
    dd 0x33FD, 0x00010CF7
    dd 0x33FE, 0x00010D27
    dd 0x33FF, 0x00010D57
    dd 0xA69C, 0x00010D83
    dd 0xA69D, 0x00010D93
    dd 0xA770, 0x00010DA3
    dd 0xA7F1, 0x00010DB3
    dd 0xA7F2, 0x00010DC3
    dd 0xA7F3, 0x00010DD3
    dd 0xA7F4, 0x00010DE3
    dd 0xA7F8, 0x00010DF3
    dd 0xA7F9, 0x00010E03
    dd 0xAB5C, 0x00010E13
    dd 0xAB5D, 0x00010E23
    dd 0xAB5E, 0x00010E33
    dd 0xAB5F, 0x00010E43
    dd 0xAB69, 0x00010E53
    dd 0xF900, 0x00010E62
    dd 0xF901, 0x00010E72
    dd 0xF902, 0x00010E82
    dd 0xF903, 0x00010E92
    dd 0xF904, 0x00010EA2
    dd 0xF905, 0x00010EB2
    dd 0xF906, 0x00010EC2
    dd 0xF907, 0x00010ED2
    dd 0xF908, 0x00010EE2
    dd 0xF909, 0x00010EF2
    dd 0xF90A, 0x00010F02
    dd 0xF90B, 0x00010F12
    dd 0xF90C, 0x00010F22
    dd 0xF90D, 0x00010F32
    dd 0xF90E, 0x00010F42
    dd 0xF90F, 0x00010F52
    dd 0xF910, 0x00010F62
    dd 0xF911, 0x00010F72
    dd 0xF912, 0x00010F82
    dd 0xF913, 0x00010F92
    dd 0xF914, 0x00010FA2
    dd 0xF915, 0x00010FB2
    dd 0xF916, 0x00010FC2
    dd 0xF917, 0x00010FD2
    dd 0xF918, 0x00010FE2
    dd 0xF919, 0x00010FF2
    dd 0xF91A, 0x00011002
    dd 0xF91B, 0x00011012
    dd 0xF91C, 0x00011022
    dd 0xF91D, 0x00011032
    dd 0xF91E, 0x00011042
    dd 0xF91F, 0x00011052
    dd 0xF920, 0x00011062
    dd 0xF921, 0x00011072
    dd 0xF922, 0x00011082
    dd 0xF923, 0x00011092
    dd 0xF924, 0x000110A2
    dd 0xF925, 0x000110B2
    dd 0xF926, 0x000110C2
    dd 0xF927, 0x000110D2
    dd 0xF928, 0x000110E2
    dd 0xF929, 0x000110F2
    dd 0xF92A, 0x00011102
    dd 0xF92B, 0x00011112
    dd 0xF92C, 0x00011122
    dd 0xF92D, 0x00011132
    dd 0xF92E, 0x00011142
    dd 0xF92F, 0x00011152
    dd 0xF930, 0x00011162
    dd 0xF931, 0x00011172
    dd 0xF932, 0x00011182
    dd 0xF933, 0x00011192
    dd 0xF934, 0x000111A2
    dd 0xF935, 0x000111B2
    dd 0xF936, 0x000111C2
    dd 0xF937, 0x000111D2
    dd 0xF938, 0x000111E2
    dd 0xF939, 0x000111F2
    dd 0xF93A, 0x00011202
    dd 0xF93B, 0x00011212
    dd 0xF93C, 0x00011222
    dd 0xF93D, 0x00011232
    dd 0xF93E, 0x00011242
    dd 0xF93F, 0x00011252
    dd 0xF940, 0x00011262
    dd 0xF941, 0x00011272
    dd 0xF942, 0x00011282
    dd 0xF943, 0x00011292
    dd 0xF944, 0x000112A2
    dd 0xF945, 0x000112B2
    dd 0xF946, 0x000112C2
    dd 0xF947, 0x000112D2
    dd 0xF948, 0x000112E2
    dd 0xF949, 0x000112F2
    dd 0xF94A, 0x00011302
    dd 0xF94B, 0x00011312
    dd 0xF94C, 0x00011322
    dd 0xF94D, 0x00011332
    dd 0xF94E, 0x00011342
    dd 0xF94F, 0x00011352
    dd 0xF950, 0x00011362
    dd 0xF951, 0x00011372
    dd 0xF952, 0x00011382
    dd 0xF953, 0x00011392
    dd 0xF954, 0x000113A2
    dd 0xF955, 0x000113B2
    dd 0xF956, 0x000113C2
    dd 0xF957, 0x000113D2
    dd 0xF958, 0x000113E2
    dd 0xF959, 0x000113F2
    dd 0xF95A, 0x00011402
    dd 0xF95B, 0x00011412
    dd 0xF95C, 0x00011422
    dd 0xF95D, 0x00011432
    dd 0xF95E, 0x00011442
    dd 0xF95F, 0x00011452
    dd 0xF960, 0x00011462
    dd 0xF961, 0x00011472
    dd 0xF962, 0x00011482
    dd 0xF963, 0x00011492
    dd 0xF964, 0x000114A2
    dd 0xF965, 0x000114B2
    dd 0xF966, 0x000114C2
    dd 0xF967, 0x000114D2
    dd 0xF968, 0x000114E2
    dd 0xF969, 0x000114F2
    dd 0xF96A, 0x00011502
    dd 0xF96B, 0x00011512
    dd 0xF96C, 0x00011522
    dd 0xF96D, 0x00011532
    dd 0xF96E, 0x00011542
    dd 0xF96F, 0x00011552
    dd 0xF970, 0x00011562
    dd 0xF971, 0x00011572
    dd 0xF972, 0x00011582
    dd 0xF973, 0x00011592
    dd 0xF974, 0x000115A2
    dd 0xF975, 0x000115B2
    dd 0xF976, 0x000115C2
    dd 0xF977, 0x000115D2
    dd 0xF978, 0x000115E2
    dd 0xF979, 0x000115F2
    dd 0xF97A, 0x00011602
    dd 0xF97B, 0x00011612
    dd 0xF97C, 0x00011622
    dd 0xF97D, 0x00011632
    dd 0xF97E, 0x00011642
    dd 0xF97F, 0x00011652
    dd 0xF980, 0x00011662
    dd 0xF981, 0x00011672
    dd 0xF982, 0x00011682
    dd 0xF983, 0x00011692
    dd 0xF984, 0x000116A2
    dd 0xF985, 0x000116B2
    dd 0xF986, 0x000116C2
    dd 0xF987, 0x000116D2
    dd 0xF988, 0x000116E2
    dd 0xF989, 0x000116F2
    dd 0xF98A, 0x00011702
    dd 0xF98B, 0x00011712
    dd 0xF98C, 0x00011722
    dd 0xF98D, 0x00011732
    dd 0xF98E, 0x00011742
    dd 0xF98F, 0x00011752
    dd 0xF990, 0x00011762
    dd 0xF991, 0x00011772
    dd 0xF992, 0x00011782
    dd 0xF993, 0x00011792
    dd 0xF994, 0x000117A2
    dd 0xF995, 0x000117B2
    dd 0xF996, 0x000117C2
    dd 0xF997, 0x000117D2
    dd 0xF998, 0x000117E2
    dd 0xF999, 0x000117F2
    dd 0xF99A, 0x00011802
    dd 0xF99B, 0x00011812
    dd 0xF99C, 0x00011822
    dd 0xF99D, 0x00011832
    dd 0xF99E, 0x00011842
    dd 0xF99F, 0x00011852
    dd 0xF9A0, 0x00011862
    dd 0xF9A1, 0x00011872
    dd 0xF9A2, 0x00011882
    dd 0xF9A3, 0x00011892
    dd 0xF9A4, 0x000118A2
    dd 0xF9A5, 0x000118B2
    dd 0xF9A6, 0x000118C2
    dd 0xF9A7, 0x000118D2
    dd 0xF9A8, 0x000118E2
    dd 0xF9A9, 0x000118F2
    dd 0xF9AA, 0x00011902
    dd 0xF9AB, 0x00011912
    dd 0xF9AC, 0x00011922
    dd 0xF9AD, 0x00011932
    dd 0xF9AE, 0x00011942
    dd 0xF9AF, 0x00011952
    dd 0xF9B0, 0x00011962
    dd 0xF9B1, 0x00011972
    dd 0xF9B2, 0x00011982
    dd 0xF9B3, 0x00011992
    dd 0xF9B4, 0x000119A2
    dd 0xF9B5, 0x000119B2
    dd 0xF9B6, 0x000119C2
    dd 0xF9B7, 0x000119D2
    dd 0xF9B8, 0x000119E2
    dd 0xF9B9, 0x000119F2
    dd 0xF9BA, 0x00011A02
    dd 0xF9BB, 0x00011A12
    dd 0xF9BC, 0x00011A22
    dd 0xF9BD, 0x00011A32
    dd 0xF9BE, 0x00011A42
    dd 0xF9BF, 0x00011A52
    dd 0xF9C0, 0x00011A62
    dd 0xF9C1, 0x00011A72
    dd 0xF9C2, 0x00011A82
    dd 0xF9C3, 0x00011A92
    dd 0xF9C4, 0x00011AA2
    dd 0xF9C5, 0x00011AB2
    dd 0xF9C6, 0x00011AC2
    dd 0xF9C7, 0x00011AD2
    dd 0xF9C8, 0x00011AE2
    dd 0xF9C9, 0x00011AF2
    dd 0xF9CA, 0x00011B02
    dd 0xF9CB, 0x00011B12
    dd 0xF9CC, 0x00011B22
    dd 0xF9CD, 0x00011B32
    dd 0xF9CE, 0x00011B42
    dd 0xF9CF, 0x00011B52
    dd 0xF9D0, 0x00011B62
    dd 0xF9D1, 0x00011B72
    dd 0xF9D2, 0x00011B82
    dd 0xF9D3, 0x00011B92
    dd 0xF9D4, 0x00011BA2
    dd 0xF9D5, 0x00011BB2
    dd 0xF9D6, 0x00011BC2
    dd 0xF9D7, 0x00011BD2
    dd 0xF9D8, 0x00011BE2
    dd 0xF9D9, 0x00011BF2
    dd 0xF9DA, 0x00011C02
    dd 0xF9DB, 0x00011C12
    dd 0xF9DC, 0x00011C22
    dd 0xF9DD, 0x00011C32
    dd 0xF9DE, 0x00011C42
    dd 0xF9DF, 0x00011C52
    dd 0xF9E0, 0x00011C62
    dd 0xF9E1, 0x00011C72
    dd 0xF9E2, 0x00011C82
    dd 0xF9E3, 0x00011C92
    dd 0xF9E4, 0x00011CA2
    dd 0xF9E5, 0x00011CB2
    dd 0xF9E6, 0x00011CC2
    dd 0xF9E7, 0x00011CD2
    dd 0xF9E8, 0x00011CE2
    dd 0xF9E9, 0x00011CF2
    dd 0xF9EA, 0x00011D02
    dd 0xF9EB, 0x00011D12
    dd 0xF9EC, 0x00011D22
    dd 0xF9ED, 0x00011D32
    dd 0xF9EE, 0x00011D42
    dd 0xF9EF, 0x00011D52
    dd 0xF9F0, 0x00011D62
    dd 0xF9F1, 0x00011D72
    dd 0xF9F2, 0x00011D82
    dd 0xF9F3, 0x00011D92
    dd 0xF9F4, 0x00011DA2
    dd 0xF9F5, 0x00011DB2
    dd 0xF9F6, 0x00011DC2
    dd 0xF9F7, 0x00011DD2
    dd 0xF9F8, 0x00011DE2
    dd 0xF9F9, 0x00011DF2
    dd 0xF9FA, 0x00011E02
    dd 0xF9FB, 0x00011E12
    dd 0xF9FC, 0x00011E22
    dd 0xF9FD, 0x00011E32
    dd 0xF9FE, 0x00011E42
    dd 0xF9FF, 0x00011E52
    dd 0xFA00, 0x00011E62
    dd 0xFA01, 0x00011E72
    dd 0xFA02, 0x00011E82
    dd 0xFA03, 0x00011E92
    dd 0xFA04, 0x00011EA2
    dd 0xFA05, 0x00011EB2
    dd 0xFA06, 0x00011EC2
    dd 0xFA07, 0x00011ED2
    dd 0xFA08, 0x00011EE2
    dd 0xFA09, 0x00011EF2
    dd 0xFA0A, 0x00011F02
    dd 0xFA0B, 0x00011F12
    dd 0xFA0C, 0x00011F22
    dd 0xFA0D, 0x00011F32
    dd 0xFA10, 0x00011F42
    dd 0xFA12, 0x00011F52
    dd 0xFA15, 0x00011F62
    dd 0xFA16, 0x00011F72
    dd 0xFA17, 0x00011F82
    dd 0xFA18, 0x00011F92
    dd 0xFA19, 0x00011FA2
    dd 0xFA1A, 0x00011FB2
    dd 0xFA1B, 0x00011FC2
    dd 0xFA1C, 0x00011FD2
    dd 0xFA1D, 0x00011FE2
    dd 0xFA1E, 0x00011FF2
    dd 0xFA20, 0x00012002
    dd 0xFA22, 0x00012012
    dd 0xFA25, 0x00012022
    dd 0xFA26, 0x00012032
    dd 0xFA2A, 0x00012042
    dd 0xFA2B, 0x00012052
    dd 0xFA2C, 0x00012062
    dd 0xFA2D, 0x00012072
    dd 0xFA2E, 0x00012082
    dd 0xFA2F, 0x00012092
    dd 0xFA30, 0x000120A2
    dd 0xFA31, 0x000120B2
    dd 0xFA32, 0x000120C2
    dd 0xFA33, 0x000120D2
    dd 0xFA34, 0x000120E2
    dd 0xFA35, 0x000120F2
    dd 0xFA36, 0x00012102
    dd 0xFA37, 0x00012112
    dd 0xFA38, 0x00012122
    dd 0xFA39, 0x00012132
    dd 0xFA3A, 0x00012142
    dd 0xFA3B, 0x00012152
    dd 0xFA3C, 0x00012162
    dd 0xFA3D, 0x00012172
    dd 0xFA3E, 0x00012182
    dd 0xFA3F, 0x00012192
    dd 0xFA40, 0x000121A2
    dd 0xFA41, 0x000121B2
    dd 0xFA42, 0x000121C2
    dd 0xFA43, 0x000121D2
    dd 0xFA44, 0x000121E2
    dd 0xFA45, 0x000121F2
    dd 0xFA46, 0x00012202
    dd 0xFA47, 0x00012212
    dd 0xFA48, 0x00012222
    dd 0xFA49, 0x00012232
    dd 0xFA4A, 0x00012242
    dd 0xFA4B, 0x00012252
    dd 0xFA4C, 0x00012262
    dd 0xFA4D, 0x00012272
    dd 0xFA4E, 0x00012282
    dd 0xFA4F, 0x00012292
    dd 0xFA50, 0x000122A2
    dd 0xFA51, 0x000122B2
    dd 0xFA52, 0x000122C2
    dd 0xFA53, 0x000122D2
    dd 0xFA54, 0x000122E2
    dd 0xFA55, 0x000122F2
    dd 0xFA56, 0x00012302
    dd 0xFA57, 0x00012312
    dd 0xFA58, 0x00012322
    dd 0xFA59, 0x00012332
    dd 0xFA5A, 0x00012342
    dd 0xFA5B, 0x00012352
    dd 0xFA5C, 0x00012362
    dd 0xFA5D, 0x00012372
    dd 0xFA5E, 0x00012382
    dd 0xFA5F, 0x00012392
    dd 0xFA60, 0x000123A2
    dd 0xFA61, 0x000123B2
    dd 0xFA62, 0x000123C2
    dd 0xFA63, 0x000123D2
    dd 0xFA64, 0x000123E2
    dd 0xFA65, 0x000123F2
    dd 0xFA66, 0x00012402
    dd 0xFA67, 0x00012412
    dd 0xFA68, 0x00012422
    dd 0xFA69, 0x00012432
    dd 0xFA6A, 0x00012442
    dd 0xFA6B, 0x00012452
    dd 0xFA6C, 0x00012462
    dd 0xFA6D, 0x00012472
    dd 0xFA70, 0x00012482
    dd 0xFA71, 0x00012492
    dd 0xFA72, 0x000124A2
    dd 0xFA73, 0x000124B2
    dd 0xFA74, 0x000124C2
    dd 0xFA75, 0x000124D2
    dd 0xFA76, 0x000124E2
    dd 0xFA77, 0x000124F2
    dd 0xFA78, 0x00012502
    dd 0xFA79, 0x00012512
    dd 0xFA7A, 0x00012522
    dd 0xFA7B, 0x00012532
    dd 0xFA7C, 0x00012542
    dd 0xFA7D, 0x00012552
    dd 0xFA7E, 0x00012562
    dd 0xFA7F, 0x00012572
    dd 0xFA80, 0x00012582
    dd 0xFA81, 0x00012592
    dd 0xFA82, 0x000125A2
    dd 0xFA83, 0x000125B2
    dd 0xFA84, 0x000125C2
    dd 0xFA85, 0x000125D2
    dd 0xFA86, 0x000125E2
    dd 0xFA87, 0x000125F2
    dd 0xFA88, 0x00012602
    dd 0xFA89, 0x00012612
    dd 0xFA8A, 0x00012622
    dd 0xFA8B, 0x00012632
    dd 0xFA8C, 0x00012642
    dd 0xFA8D, 0x00012652
    dd 0xFA8E, 0x00012662
    dd 0xFA8F, 0x00012672
    dd 0xFA90, 0x00012682
    dd 0xFA91, 0x00012692
    dd 0xFA92, 0x000126A2
    dd 0xFA93, 0x000126B2
    dd 0xFA94, 0x000126C2
    dd 0xFA95, 0x000126D2
    dd 0xFA96, 0x000126E2
    dd 0xFA97, 0x000126F2
    dd 0xFA98, 0x00012702
    dd 0xFA99, 0x00012712
    dd 0xFA9A, 0x00012722
    dd 0xFA9B, 0x00012732
    dd 0xFA9C, 0x00012742
    dd 0xFA9D, 0x00012752
    dd 0xFA9E, 0x00012762
    dd 0xFA9F, 0x00012772
    dd 0xFAA0, 0x00012782
    dd 0xFAA1, 0x00012792
    dd 0xFAA2, 0x000127A2
    dd 0xFAA3, 0x000127B2
    dd 0xFAA4, 0x000127C2
    dd 0xFAA5, 0x000127D2
    dd 0xFAA6, 0x000127E2
    dd 0xFAA7, 0x000127F2
    dd 0xFAA8, 0x00012802
    dd 0xFAA9, 0x00012812
    dd 0xFAAA, 0x00012822
    dd 0xFAAB, 0x00012832
    dd 0xFAAC, 0x00012842
    dd 0xFAAD, 0x00012852
    dd 0xFAAE, 0x00012862
    dd 0xFAAF, 0x00012872
    dd 0xFAB0, 0x00012882
    dd 0xFAB1, 0x00012892
    dd 0xFAB2, 0x000128A2
    dd 0xFAB3, 0x000128B2
    dd 0xFAB4, 0x000128C2
    dd 0xFAB5, 0x000128D2
    dd 0xFAB6, 0x000128E2
    dd 0xFAB7, 0x000128F2
    dd 0xFAB8, 0x00012902
    dd 0xFAB9, 0x00012912
    dd 0xFABA, 0x00012922
    dd 0xFABB, 0x00012932
    dd 0xFABC, 0x00012942
    dd 0xFABD, 0x00012952
    dd 0xFABE, 0x00012962
    dd 0xFABF, 0x00012972
    dd 0xFAC0, 0x00012982
    dd 0xFAC1, 0x00012992
    dd 0xFAC2, 0x000129A2
    dd 0xFAC3, 0x000129B2
    dd 0xFAC4, 0x000129C2
    dd 0xFAC5, 0x000129D2
    dd 0xFAC6, 0x000129E2
    dd 0xFAC7, 0x000129F2
    dd 0xFAC8, 0x00012A02
    dd 0xFAC9, 0x00012A12
    dd 0xFACA, 0x00012A22
    dd 0xFACB, 0x00012A32
    dd 0xFACC, 0x00012A42
    dd 0xFACD, 0x00012A52
    dd 0xFACE, 0x00012A62
    dd 0xFACF, 0x00012A72
    dd 0xFAD0, 0x00012A82
    dd 0xFAD1, 0x00012A92
    dd 0xFAD2, 0x00012AA2
    dd 0xFAD3, 0x00012AB2
    dd 0xFAD4, 0x00012AC2
    dd 0xFAD5, 0x00012AD2
    dd 0xFAD6, 0x00012AE2
    dd 0xFAD7, 0x00012AF2
    dd 0xFAD8, 0x00012B02
    dd 0xFAD9, 0x00012B12
    dd 0xFB00, 0x00012B25
    dd 0xFB01, 0x00012B45
    dd 0xFB02, 0x00012B65
    dd 0xFB03, 0x00012B87
    dd 0xFB04, 0x00012BB7
    dd 0xFB05, 0x00012BE5
    dd 0xFB06, 0x00012C05
    dd 0xFB13, 0x00012C25
    dd 0xFB14, 0x00012C45
    dd 0xFB15, 0x00012C65
    dd 0xFB16, 0x00012C85
    dd 0xFB17, 0x00012CA5
    dd 0xFB1D, 0x00012CC4
    dd 0xFB1F, 0x00012CE4
    dd 0xFB20, 0x00012D03
    dd 0xFB21, 0x00012D13
    dd 0xFB22, 0x00012D23
    dd 0xFB23, 0x00012D33
    dd 0xFB24, 0x00012D43
    dd 0xFB25, 0x00012D53
    dd 0xFB26, 0x00012D63
    dd 0xFB27, 0x00012D73
    dd 0xFB28, 0x00012D83
    dd 0xFB29, 0x00012D93
    dd 0xFB2A, 0x00012DA4
    dd 0xFB2B, 0x00012DC4
    dd 0xFB2C, 0x00012DE4
    dd 0xFB2D, 0x00012E04
    dd 0xFB2E, 0x00012E24
    dd 0xFB2F, 0x00012E44
    dd 0xFB30, 0x00012E64
    dd 0xFB31, 0x00012E84
    dd 0xFB32, 0x00012EA4
    dd 0xFB33, 0x00012EC4
    dd 0xFB34, 0x00012EE4
    dd 0xFB35, 0x00012F04
    dd 0xFB36, 0x00012F24
    dd 0xFB38, 0x00012F44
    dd 0xFB39, 0x00012F64
    dd 0xFB3A, 0x00012F84
    dd 0xFB3B, 0x00012FA4
    dd 0xFB3C, 0x00012FC4
    dd 0xFB3E, 0x00012FE4
    dd 0xFB40, 0x00013004
    dd 0xFB41, 0x00013024
    dd 0xFB43, 0x00013044
    dd 0xFB44, 0x00013064
    dd 0xFB46, 0x00013084
    dd 0xFB47, 0x000130A4
    dd 0xFB48, 0x000130C4
    dd 0xFB49, 0x000130E4
    dd 0xFB4A, 0x00013104
    dd 0xFB4B, 0x00013124
    dd 0xFB4C, 0x00013144
    dd 0xFB4D, 0x00013164
    dd 0xFB4E, 0x00013184
    dd 0xFB4F, 0x000131A5
    dd 0xFB50, 0x000131C3
    dd 0xFB51, 0x000131D3
    dd 0xFB52, 0x000131E3
    dd 0xFB53, 0x000131F3
    dd 0xFB54, 0x00013203
    dd 0xFB55, 0x00013213
    dd 0xFB56, 0x00013223
    dd 0xFB57, 0x00013233
    dd 0xFB58, 0x00013243
    dd 0xFB59, 0x00013253
    dd 0xFB5A, 0x00013263
    dd 0xFB5B, 0x00013273
    dd 0xFB5C, 0x00013283
    dd 0xFB5D, 0x00013293
    dd 0xFB5E, 0x000132A3
    dd 0xFB5F, 0x000132B3
    dd 0xFB60, 0x000132C3
    dd 0xFB61, 0x000132D3
    dd 0xFB62, 0x000132E3
    dd 0xFB63, 0x000132F3
    dd 0xFB64, 0x00013303
    dd 0xFB65, 0x00013313
    dd 0xFB66, 0x00013323
    dd 0xFB67, 0x00013333
    dd 0xFB68, 0x00013343
    dd 0xFB69, 0x00013353
    dd 0xFB6A, 0x00013363
    dd 0xFB6B, 0x00013373
    dd 0xFB6C, 0x00013383
    dd 0xFB6D, 0x00013393
    dd 0xFB6E, 0x000133A3
    dd 0xFB6F, 0x000133B3
    dd 0xFB70, 0x000133C3
    dd 0xFB71, 0x000133D3
    dd 0xFB72, 0x000133E3
    dd 0xFB73, 0x000133F3
    dd 0xFB74, 0x00013403
    dd 0xFB75, 0x00013413
    dd 0xFB76, 0x00013423
    dd 0xFB77, 0x00013433
    dd 0xFB78, 0x00013443
    dd 0xFB79, 0x00013453
    dd 0xFB7A, 0x00013463
    dd 0xFB7B, 0x00013473
    dd 0xFB7C, 0x00013483
    dd 0xFB7D, 0x00013493
    dd 0xFB7E, 0x000134A3
    dd 0xFB7F, 0x000134B3
    dd 0xFB80, 0x000134C3
    dd 0xFB81, 0x000134D3
    dd 0xFB82, 0x000134E3
    dd 0xFB83, 0x000134F3
    dd 0xFB84, 0x00013503
    dd 0xFB85, 0x00013513
    dd 0xFB86, 0x00013523
    dd 0xFB87, 0x00013533
    dd 0xFB88, 0x00013543
    dd 0xFB89, 0x00013553
    dd 0xFB8A, 0x00013563
    dd 0xFB8B, 0x00013573
    dd 0xFB8C, 0x00013583
    dd 0xFB8D, 0x00013593
    dd 0xFB8E, 0x000135A3
    dd 0xFB8F, 0x000135B3
    dd 0xFB90, 0x000135C3
    dd 0xFB91, 0x000135D3
    dd 0xFB92, 0x000135E3
    dd 0xFB93, 0x000135F3
    dd 0xFB94, 0x00013603
    dd 0xFB95, 0x00013613
    dd 0xFB96, 0x00013623
    dd 0xFB97, 0x00013633
    dd 0xFB98, 0x00013643
    dd 0xFB99, 0x00013653
    dd 0xFB9A, 0x00013663
    dd 0xFB9B, 0x00013673
    dd 0xFB9C, 0x00013683
    dd 0xFB9D, 0x00013693
    dd 0xFB9E, 0x000136A3
    dd 0xFB9F, 0x000136B3
    dd 0xFBA0, 0x000136C3
    dd 0xFBA1, 0x000136D3
    dd 0xFBA2, 0x000136E3
    dd 0xFBA3, 0x000136F3
    dd 0xFBA4, 0x00013703
    dd 0xFBA5, 0x00013713
    dd 0xFBA6, 0x00013723
    dd 0xFBA7, 0x00013733
    dd 0xFBA8, 0x00013743
    dd 0xFBA9, 0x00013753
    dd 0xFBAA, 0x00013763
    dd 0xFBAB, 0x00013773
    dd 0xFBAC, 0x00013783
    dd 0xFBAD, 0x00013793
    dd 0xFBAE, 0x000137A3
    dd 0xFBAF, 0x000137B3
    dd 0xFBB0, 0x000137C3
    dd 0xFBB1, 0x000137D3
    dd 0xFBD3, 0x000137E3
    dd 0xFBD4, 0x000137F3
    dd 0xFBD5, 0x00013803
    dd 0xFBD6, 0x00013813
    dd 0xFBD7, 0x00013823
    dd 0xFBD8, 0x00013833
    dd 0xFBD9, 0x00013843
    dd 0xFBDA, 0x00013853
    dd 0xFBDB, 0x00013863
    dd 0xFBDC, 0x00013873
    dd 0xFBDD, 0x00013883
    dd 0xFBDE, 0x00013893
    dd 0xFBDF, 0x000138A3
    dd 0xFBE0, 0x000138B3
    dd 0xFBE1, 0x000138C3
    dd 0xFBE2, 0x000138D3
    dd 0xFBE3, 0x000138E3
    dd 0xFBE4, 0x000138F3
    dd 0xFBE5, 0x00013903
    dd 0xFBE6, 0x00013913
    dd 0xFBE7, 0x00013923
    dd 0xFBE8, 0x00013933
    dd 0xFBE9, 0x00013943
    dd 0xFBEA, 0x00013955
    dd 0xFBEB, 0x00013975
    dd 0xFBEC, 0x00013995
    dd 0xFBED, 0x000139B5
    dd 0xFBEE, 0x000139D5
    dd 0xFBEF, 0x000139F5
    dd 0xFBF0, 0x00013A15
    dd 0xFBF1, 0x00013A35
    dd 0xFBF2, 0x00013A55
    dd 0xFBF3, 0x00013A75
    dd 0xFBF4, 0x00013A95
    dd 0xFBF5, 0x00013AB5
    dd 0xFBF6, 0x00013AD5
    dd 0xFBF7, 0x00013AF5
    dd 0xFBF8, 0x00013B15
    dd 0xFBF9, 0x00013B35
    dd 0xFBFA, 0x00013B55
    dd 0xFBFB, 0x00013B75
    dd 0xFBFC, 0x00013B93
    dd 0xFBFD, 0x00013BA3
    dd 0xFBFE, 0x00013BB3
    dd 0xFBFF, 0x00013BC3
    dd 0xFC00, 0x00013BD5
    dd 0xFC01, 0x00013BF5
    dd 0xFC02, 0x00013C15
    dd 0xFC03, 0x00013C35
    dd 0xFC04, 0x00013C55
    dd 0xFC05, 0x00013C75
    dd 0xFC06, 0x00013C95
    dd 0xFC07, 0x00013CB5
    dd 0xFC08, 0x00013CD5
    dd 0xFC09, 0x00013CF5
    dd 0xFC0A, 0x00013D15
    dd 0xFC0B, 0x00013D35
    dd 0xFC0C, 0x00013D55
    dd 0xFC0D, 0x00013D75
    dd 0xFC0E, 0x00013D95
    dd 0xFC0F, 0x00013DB5
    dd 0xFC10, 0x00013DD5
    dd 0xFC11, 0x00013DF5
    dd 0xFC12, 0x00013E15
    dd 0xFC13, 0x00013E35
    dd 0xFC14, 0x00013E55
    dd 0xFC15, 0x00013E75
    dd 0xFC16, 0x00013E95
    dd 0xFC17, 0x00013EB5
    dd 0xFC18, 0x00013ED5
    dd 0xFC19, 0x00013EF5
    dd 0xFC1A, 0x00013F15
    dd 0xFC1B, 0x00013F35
    dd 0xFC1C, 0x00013F55
    dd 0xFC1D, 0x00013F75
    dd 0xFC1E, 0x00013F95
    dd 0xFC1F, 0x00013FB5
    dd 0xFC20, 0x00013FD5
    dd 0xFC21, 0x00013FF5
    dd 0xFC22, 0x00014015
    dd 0xFC23, 0x00014035
    dd 0xFC24, 0x00014055
    dd 0xFC25, 0x00014075
    dd 0xFC26, 0x00014095
    dd 0xFC27, 0x000140B5
    dd 0xFC28, 0x000140D5
    dd 0xFC29, 0x000140F5
    dd 0xFC2A, 0x00014115
    dd 0xFC2B, 0x00014135
    dd 0xFC2C, 0x00014155
    dd 0xFC2D, 0x00014175
    dd 0xFC2E, 0x00014195
    dd 0xFC2F, 0x000141B5
    dd 0xFC30, 0x000141D5
    dd 0xFC31, 0x000141F5
    dd 0xFC32, 0x00014215
    dd 0xFC33, 0x00014235
    dd 0xFC34, 0x00014255
    dd 0xFC35, 0x00014275
    dd 0xFC36, 0x00014295
    dd 0xFC37, 0x000142B5
    dd 0xFC38, 0x000142D5
    dd 0xFC39, 0x000142F5
    dd 0xFC3A, 0x00014315
    dd 0xFC3B, 0x00014335
    dd 0xFC3C, 0x00014355
    dd 0xFC3D, 0x00014375
    dd 0xFC3E, 0x00014395
    dd 0xFC3F, 0x000143B5
    dd 0xFC40, 0x000143D5
    dd 0xFC41, 0x000143F5
    dd 0xFC42, 0x00014415
    dd 0xFC43, 0x00014435
    dd 0xFC44, 0x00014455
    dd 0xFC45, 0x00014475
    dd 0xFC46, 0x00014495
    dd 0xFC47, 0x000144B5
    dd 0xFC48, 0x000144D5
    dd 0xFC49, 0x000144F5
    dd 0xFC4A, 0x00014515
    dd 0xFC4B, 0x00014535
    dd 0xFC4C, 0x00014555
    dd 0xFC4D, 0x00014575
    dd 0xFC4E, 0x00014595
    dd 0xFC4F, 0x000145B5
    dd 0xFC50, 0x000145D5
    dd 0xFC51, 0x000145F5
    dd 0xFC52, 0x00014615
    dd 0xFC53, 0x00014635
    dd 0xFC54, 0x00014655
    dd 0xFC55, 0x00014675
    dd 0xFC56, 0x00014695
    dd 0xFC57, 0x000146B5
    dd 0xFC58, 0x000146D5
    dd 0xFC59, 0x000146F5
    dd 0xFC5A, 0x00014715
    dd 0xFC5B, 0x00014735
    dd 0xFC5C, 0x00014755
    dd 0xFC5D, 0x00014775
    dd 0xFC5E, 0x00014797
    dd 0xFC5F, 0x000147C7
    dd 0xFC60, 0x000147F7
    dd 0xFC61, 0x00014827
    dd 0xFC62, 0x00014857
    dd 0xFC63, 0x00014887
    dd 0xFC64, 0x000148B5
    dd 0xFC65, 0x000148D5
    dd 0xFC66, 0x000148F5
    dd 0xFC67, 0x00014915
    dd 0xFC68, 0x00014935
    dd 0xFC69, 0x00014955
    dd 0xFC6A, 0x00014975
    dd 0xFC6B, 0x00014995
    dd 0xFC6C, 0x000149B5
    dd 0xFC6D, 0x000149D5
    dd 0xFC6E, 0x000149F5
    dd 0xFC6F, 0x00014A15
    dd 0xFC70, 0x00014A35
    dd 0xFC71, 0x00014A55
    dd 0xFC72, 0x00014A75
    dd 0xFC73, 0x00014A95
    dd 0xFC74, 0x00014AB5
    dd 0xFC75, 0x00014AD5
    dd 0xFC76, 0x00014AF5
    dd 0xFC77, 0x00014B15
    dd 0xFC78, 0x00014B35
    dd 0xFC79, 0x00014B55
    dd 0xFC7A, 0x00014B75
    dd 0xFC7B, 0x00014B95
    dd 0xFC7C, 0x00014BB5
    dd 0xFC7D, 0x00014BD5
    dd 0xFC7E, 0x00014BF5
    dd 0xFC7F, 0x00014C15
    dd 0xFC80, 0x00014C35
    dd 0xFC81, 0x00014C55
    dd 0xFC82, 0x00014C75
    dd 0xFC83, 0x00014C95
    dd 0xFC84, 0x00014CB5
    dd 0xFC85, 0x00014CD5
    dd 0xFC86, 0x00014CF5
    dd 0xFC87, 0x00014D15
    dd 0xFC88, 0x00014D35
    dd 0xFC89, 0x00014D55
    dd 0xFC8A, 0x00014D75
    dd 0xFC8B, 0x00014D95
    dd 0xFC8C, 0x00014DB5
    dd 0xFC8D, 0x00014DD5
    dd 0xFC8E, 0x00014DF5
    dd 0xFC8F, 0x00014E15
    dd 0xFC90, 0x00014E35
    dd 0xFC91, 0x00014E55
    dd 0xFC92, 0x00014E75
    dd 0xFC93, 0x00014E95
    dd 0xFC94, 0x00014EB5
    dd 0xFC95, 0x00014ED5
    dd 0xFC96, 0x00014EF5
    dd 0xFC97, 0x00014F15
    dd 0xFC98, 0x00014F35
    dd 0xFC99, 0x00014F55
    dd 0xFC9A, 0x00014F75
    dd 0xFC9B, 0x00014F95
    dd 0xFC9C, 0x00014FB5
    dd 0xFC9D, 0x00014FD5
    dd 0xFC9E, 0x00014FF5
    dd 0xFC9F, 0x00015015
    dd 0xFCA0, 0x00015035
    dd 0xFCA1, 0x00015055
    dd 0xFCA2, 0x00015075
    dd 0xFCA3, 0x00015095
    dd 0xFCA4, 0x000150B5
    dd 0xFCA5, 0x000150D5
    dd 0xFCA6, 0x000150F5
    dd 0xFCA7, 0x00015115
    dd 0xFCA8, 0x00015135
    dd 0xFCA9, 0x00015155
    dd 0xFCAA, 0x00015175
    dd 0xFCAB, 0x00015195
    dd 0xFCAC, 0x000151B5
    dd 0xFCAD, 0x000151D5
    dd 0xFCAE, 0x000151F5
    dd 0xFCAF, 0x00015215
    dd 0xFCB0, 0x00015235
    dd 0xFCB1, 0x00015255
    dd 0xFCB2, 0x00015275
    dd 0xFCB3, 0x00015295
    dd 0xFCB4, 0x000152B5
    dd 0xFCB5, 0x000152D5
    dd 0xFCB6, 0x000152F5
    dd 0xFCB7, 0x00015315
    dd 0xFCB8, 0x00015335
    dd 0xFCB9, 0x00015355
    dd 0xFCBA, 0x00015375
    dd 0xFCBB, 0x00015395
    dd 0xFCBC, 0x000153B5
    dd 0xFCBD, 0x000153D5
    dd 0xFCBE, 0x000153F5
    dd 0xFCBF, 0x00015415
    dd 0xFCC0, 0x00015435
    dd 0xFCC1, 0x00015455
    dd 0xFCC2, 0x00015475
    dd 0xFCC3, 0x00015495
    dd 0xFCC4, 0x000154B5
    dd 0xFCC5, 0x000154D5
    dd 0xFCC6, 0x000154F5
    dd 0xFCC7, 0x00015515
    dd 0xFCC8, 0x00015535
    dd 0xFCC9, 0x00015555
    dd 0xFCCA, 0x00015575
    dd 0xFCCB, 0x00015595
    dd 0xFCCC, 0x000155B5
    dd 0xFCCD, 0x000155D5
    dd 0xFCCE, 0x000155F5
    dd 0xFCCF, 0x00015615
    dd 0xFCD0, 0x00015635
    dd 0xFCD1, 0x00015655
    dd 0xFCD2, 0x00015675
    dd 0xFCD3, 0x00015695
    dd 0xFCD4, 0x000156B5
    dd 0xFCD5, 0x000156D5
    dd 0xFCD6, 0x000156F5
    dd 0xFCD7, 0x00015715
    dd 0xFCD8, 0x00015735
    dd 0xFCD9, 0x00015755
    dd 0xFCDA, 0x00015775
    dd 0xFCDB, 0x00015795
    dd 0xFCDC, 0x000157B5
    dd 0xFCDD, 0x000157D5
    dd 0xFCDE, 0x000157F5
    dd 0xFCDF, 0x00015815
    dd 0xFCE0, 0x00015835
    dd 0xFCE1, 0x00015855
    dd 0xFCE2, 0x00015875
    dd 0xFCE3, 0x00015895
    dd 0xFCE4, 0x000158B5
    dd 0xFCE5, 0x000158D5
    dd 0xFCE6, 0x000158F5
    dd 0xFCE7, 0x00015915
    dd 0xFCE8, 0x00015935
    dd 0xFCE9, 0x00015955
    dd 0xFCEA, 0x00015975
    dd 0xFCEB, 0x00015995
    dd 0xFCEC, 0x000159B5
    dd 0xFCED, 0x000159D5
    dd 0xFCEE, 0x000159F5
    dd 0xFCEF, 0x00015A15
    dd 0xFCF0, 0x00015A35
    dd 0xFCF1, 0x00015A55
    dd 0xFCF2, 0x00015A77
    dd 0xFCF3, 0x00015AA7
    dd 0xFCF4, 0x00015AD7
    dd 0xFCF5, 0x00015B05
    dd 0xFCF6, 0x00015B25
    dd 0xFCF7, 0x00015B45
    dd 0xFCF8, 0x00015B65
    dd 0xFCF9, 0x00015B85
    dd 0xFCFA, 0x00015BA5
    dd 0xFCFB, 0x00015BC5
    dd 0xFCFC, 0x00015BE5
    dd 0xFCFD, 0x00015C05
    dd 0xFCFE, 0x00015C25
    dd 0xFCFF, 0x00015C45
    dd 0xFD00, 0x00015C65
    dd 0xFD01, 0x00015C85
    dd 0xFD02, 0x00015CA5
    dd 0xFD03, 0x00015CC5
    dd 0xFD04, 0x00015CE5
    dd 0xFD05, 0x00015D05
    dd 0xFD06, 0x00015D25
    dd 0xFD07, 0x00015D45
    dd 0xFD08, 0x00015D65
    dd 0xFD09, 0x00015D85
    dd 0xFD0A, 0x00015DA5
    dd 0xFD0B, 0x00015DC5
    dd 0xFD0C, 0x00015DE5
    dd 0xFD0D, 0x00015E05
    dd 0xFD0E, 0x00015E25
    dd 0xFD0F, 0x00015E45
    dd 0xFD10, 0x00015E65
    dd 0xFD11, 0x00015E85
    dd 0xFD12, 0x00015EA5
    dd 0xFD13, 0x00015EC5
    dd 0xFD14, 0x00015EE5
    dd 0xFD15, 0x00015F05
    dd 0xFD16, 0x00015F25
    dd 0xFD17, 0x00015F45
    dd 0xFD18, 0x00015F65
    dd 0xFD19, 0x00015F85
    dd 0xFD1A, 0x00015FA5
    dd 0xFD1B, 0x00015FC5
    dd 0xFD1C, 0x00015FE5
    dd 0xFD1D, 0x00016005
    dd 0xFD1E, 0x00016025
    dd 0xFD1F, 0x00016045
    dd 0xFD20, 0x00016065
    dd 0xFD21, 0x00016085
    dd 0xFD22, 0x000160A5
    dd 0xFD23, 0x000160C5
    dd 0xFD24, 0x000160E5
    dd 0xFD25, 0x00016105
    dd 0xFD26, 0x00016125
    dd 0xFD27, 0x00016145
    dd 0xFD28, 0x00016165
    dd 0xFD29, 0x00016185
    dd 0xFD2A, 0x000161A5
    dd 0xFD2B, 0x000161C5
    dd 0xFD2C, 0x000161E5
    dd 0xFD2D, 0x00016205
    dd 0xFD2E, 0x00016225
    dd 0xFD2F, 0x00016245
    dd 0xFD30, 0x00016265
    dd 0xFD31, 0x00016285
    dd 0xFD32, 0x000162A5
    dd 0xFD33, 0x000162C5
    dd 0xFD34, 0x000162E5
    dd 0xFD35, 0x00016305
    dd 0xFD36, 0x00016325
    dd 0xFD37, 0x00016345
    dd 0xFD38, 0x00016365
    dd 0xFD39, 0x00016385
    dd 0xFD3A, 0x000163A5
    dd 0xFD3B, 0x000163C5
    dd 0xFD3C, 0x000163E5
    dd 0xFD3D, 0x00016405
    dd 0xFD50, 0x00016427
    dd 0xFD51, 0x00016457
    dd 0xFD52, 0x00016487
    dd 0xFD53, 0x000164B7
    dd 0xFD54, 0x000164E7
    dd 0xFD55, 0x00016517
    dd 0xFD56, 0x00016547
    dd 0xFD57, 0x00016577
    dd 0xFD58, 0x000165A7
    dd 0xFD59, 0x000165D7
    dd 0xFD5A, 0x00016607
    dd 0xFD5B, 0x00016637
    dd 0xFD5C, 0x00016667
    dd 0xFD5D, 0x00016697
    dd 0xFD5E, 0x000166C7
    dd 0xFD5F, 0x000166F7
    dd 0xFD60, 0x00016727
    dd 0xFD61, 0x00016757
    dd 0xFD62, 0x00016787
    dd 0xFD63, 0x000167B7
    dd 0xFD64, 0x000167E7
    dd 0xFD65, 0x00016817
    dd 0xFD66, 0x00016847
    dd 0xFD67, 0x00016877
    dd 0xFD68, 0x000168A7
    dd 0xFD69, 0x000168D7
    dd 0xFD6A, 0x00016907
    dd 0xFD6B, 0x00016937
    dd 0xFD6C, 0x00016967
    dd 0xFD6D, 0x00016997
    dd 0xFD6E, 0x000169C7
    dd 0xFD6F, 0x000169F7
    dd 0xFD70, 0x00016A27
    dd 0xFD71, 0x00016A57
    dd 0xFD72, 0x00016A87
    dd 0xFD73, 0x00016AB7
    dd 0xFD74, 0x00016AE7
    dd 0xFD75, 0x00016B17
    dd 0xFD76, 0x00016B47
    dd 0xFD77, 0x00016B77
    dd 0xFD78, 0x00016BA7
    dd 0xFD79, 0x00016BD7
    dd 0xFD7A, 0x00016C07
    dd 0xFD7B, 0x00016C37
    dd 0xFD7C, 0x00016C67
    dd 0xFD7D, 0x00016C97
    dd 0xFD7E, 0x00016CC7
    dd 0xFD7F, 0x00016CF7
    dd 0xFD80, 0x00016D27
    dd 0xFD81, 0x00016D57
    dd 0xFD82, 0x00016D87
    dd 0xFD83, 0x00016DB7
    dd 0xFD84, 0x00016DE7
    dd 0xFD85, 0x00016E17
    dd 0xFD86, 0x00016E47
    dd 0xFD87, 0x00016E77
    dd 0xFD88, 0x00016EA7
    dd 0xFD89, 0x00016ED7
    dd 0xFD8A, 0x00016F07
    dd 0xFD8B, 0x00016F37
    dd 0xFD8C, 0x00016F67
    dd 0xFD8D, 0x00016F97
    dd 0xFD8E, 0x00016FC7
    dd 0xFD8F, 0x00016FF7
    dd 0xFD92, 0x00017027
    dd 0xFD93, 0x00017057
    dd 0xFD94, 0x00017087
    dd 0xFD95, 0x000170B7
    dd 0xFD96, 0x000170E7
    dd 0xFD97, 0x00017117
    dd 0xFD98, 0x00017147
    dd 0xFD99, 0x00017177
    dd 0xFD9A, 0x000171A7
    dd 0xFD9B, 0x000171D7
    dd 0xFD9C, 0x00017207
    dd 0xFD9D, 0x00017237
    dd 0xFD9E, 0x00017267
    dd 0xFD9F, 0x00017297
    dd 0xFDA0, 0x000172C7
    dd 0xFDA1, 0x000172F7
    dd 0xFDA2, 0x00017327
    dd 0xFDA3, 0x00017357
    dd 0xFDA4, 0x00017387
    dd 0xFDA5, 0x000173B7
    dd 0xFDA6, 0x000173E7
    dd 0xFDA7, 0x00017417
    dd 0xFDA8, 0x00017447
    dd 0xFDA9, 0x00017477
    dd 0xFDAA, 0x000174A7
    dd 0xFDAB, 0x000174D7
    dd 0xFDAC, 0x00017507
    dd 0xFDAD, 0x00017537
    dd 0xFDAE, 0x00017567
    dd 0xFDAF, 0x00017597
    dd 0xFDB0, 0x000175C7
    dd 0xFDB1, 0x000175F7
    dd 0xFDB2, 0x00017627
    dd 0xFDB3, 0x00017657
    dd 0xFDB4, 0x00017687
    dd 0xFDB5, 0x000176B7
    dd 0xFDB6, 0x000176E7
    dd 0xFDB7, 0x00017717
    dd 0xFDB8, 0x00017747
    dd 0xFDB9, 0x00017777
    dd 0xFDBA, 0x000177A7
    dd 0xFDBB, 0x000177D7
    dd 0xFDBC, 0x00017807
    dd 0xFDBD, 0x00017837
    dd 0xFDBE, 0x00017867
    dd 0xFDBF, 0x00017897
    dd 0xFDC0, 0x000178C7
    dd 0xFDC1, 0x000178F7
    dd 0xFDC2, 0x00017927
    dd 0xFDC3, 0x00017957
    dd 0xFDC4, 0x00017987
    dd 0xFDC5, 0x000179B7
    dd 0xFDC6, 0x000179E7
    dd 0xFDC7, 0x00017A17
    dd 0xFDF0, 0x00017A47
    dd 0xFDF1, 0x00017A77
    dd 0xFDF2, 0x00017AA9
    dd 0xFDF3, 0x00017AE9
    dd 0xFDF4, 0x00017B29
    dd 0xFDF5, 0x00017B69
    dd 0xFDF6, 0x00017BA9
    dd 0xFDF7, 0x00017BE9
    dd 0xFDF8, 0x00017C29
    dd 0xFDF9, 0x00017C67
    dd 0xFDFA, 0x00017CB5
    dd 0xFDFB, 0x00017DB1
    dd 0xFDFC, 0x00017E39
    dd 0xFE10, 0x00017E73
    dd 0xFE11, 0x00017E83
    dd 0xFE12, 0x00017E93
    dd 0xFE13, 0x00017EA3
    dd 0xFE14, 0x00017EB3
    dd 0xFE15, 0x00017EC3
    dd 0xFE16, 0x00017ED3
    dd 0xFE17, 0x00017EE3
    dd 0xFE18, 0x00017EF3
    dd 0xFE19, 0x00017F03
    dd 0xFE30, 0x00017F13
    dd 0xFE31, 0x00017F23
    dd 0xFE32, 0x00017F33
    dd 0xFE33, 0x00017F43
    dd 0xFE34, 0x00017F53
    dd 0xFE35, 0x00017F63
    dd 0xFE36, 0x00017F73
    dd 0xFE37, 0x00017F83
    dd 0xFE38, 0x00017F93
    dd 0xFE39, 0x00017FA3
    dd 0xFE3A, 0x00017FB3
    dd 0xFE3B, 0x00017FC3
    dd 0xFE3C, 0x00017FD3
    dd 0xFE3D, 0x00017FE3
    dd 0xFE3E, 0x00017FF3
    dd 0xFE3F, 0x00018003
    dd 0xFE40, 0x00018013
    dd 0xFE41, 0x00018023
    dd 0xFE42, 0x00018033
    dd 0xFE43, 0x00018043
    dd 0xFE44, 0x00018053
    dd 0xFE47, 0x00018063
    dd 0xFE48, 0x00018073
    dd 0xFE49, 0x00018083
    dd 0xFE4A, 0x00018093
    dd 0xFE4B, 0x000180A3
    dd 0xFE4C, 0x000180B3
    dd 0xFE4D, 0x000180C3
    dd 0xFE4E, 0x000180D3
    dd 0xFE4F, 0x000180E3
    dd 0xFE50, 0x000180F3
    dd 0xFE51, 0x00018103
    dd 0xFE52, 0x00018113
    dd 0xFE54, 0x00018123
    dd 0xFE55, 0x00018133
    dd 0xFE56, 0x00018143
    dd 0xFE57, 0x00018153
    dd 0xFE58, 0x00018163
    dd 0xFE59, 0x00018173
    dd 0xFE5A, 0x00018183
    dd 0xFE5B, 0x00018193
    dd 0xFE5C, 0x000181A3
    dd 0xFE5D, 0x000181B3
    dd 0xFE5E, 0x000181C3
    dd 0xFE5F, 0x000181D3
    dd 0xFE60, 0x000181E3
    dd 0xFE61, 0x000181F3
    dd 0xFE62, 0x00018203
    dd 0xFE63, 0x00018213
    dd 0xFE64, 0x00018223
    dd 0xFE65, 0x00018233
    dd 0xFE66, 0x00018243
    dd 0xFE68, 0x00018253
    dd 0xFE69, 0x00018263
    dd 0xFE6A, 0x00018273
    dd 0xFE6B, 0x00018283
    dd 0xFE70, 0x00018295
    dd 0xFE71, 0x000182B5
    dd 0xFE72, 0x000182D5
    dd 0xFE74, 0x000182F5
    dd 0xFE76, 0x00018315
    dd 0xFE77, 0x00018335
    dd 0xFE78, 0x00018355
    dd 0xFE79, 0x00018375
    dd 0xFE7A, 0x00018395
    dd 0xFE7B, 0x000183B5
    dd 0xFE7C, 0x000183D5
    dd 0xFE7D, 0x000183F5
    dd 0xFE7E, 0x00018415
    dd 0xFE7F, 0x00018435
    dd 0xFE80, 0x00018453
    dd 0xFE81, 0x00018463
    dd 0xFE82, 0x00018473
    dd 0xFE83, 0x00018483
    dd 0xFE84, 0x00018493
    dd 0xFE85, 0x000184A3
    dd 0xFE86, 0x000184B3
    dd 0xFE87, 0x000184C3
    dd 0xFE88, 0x000184D3
    dd 0xFE89, 0x000184E3
    dd 0xFE8A, 0x000184F3
    dd 0xFE8B, 0x00018503
    dd 0xFE8C, 0x00018513
    dd 0xFE8D, 0x00018523
    dd 0xFE8E, 0x00018533
    dd 0xFE8F, 0x00018543
    dd 0xFE90, 0x00018553
    dd 0xFE91, 0x00018563
    dd 0xFE92, 0x00018573
    dd 0xFE93, 0x00018583
    dd 0xFE94, 0x00018593
    dd 0xFE95, 0x000185A3
    dd 0xFE96, 0x000185B3
    dd 0xFE97, 0x000185C3
    dd 0xFE98, 0x000185D3
    dd 0xFE99, 0x000185E3
    dd 0xFE9A, 0x000185F3
    dd 0xFE9B, 0x00018603
    dd 0xFE9C, 0x00018613
    dd 0xFE9D, 0x00018623
    dd 0xFE9E, 0x00018633
    dd 0xFE9F, 0x00018643
    dd 0xFEA0, 0x00018653
    dd 0xFEA1, 0x00018663
    dd 0xFEA2, 0x00018673
    dd 0xFEA3, 0x00018683
    dd 0xFEA4, 0x00018693
    dd 0xFEA5, 0x000186A3
    dd 0xFEA6, 0x000186B3
    dd 0xFEA7, 0x000186C3
    dd 0xFEA8, 0x000186D3
    dd 0xFEA9, 0x000186E3
    dd 0xFEAA, 0x000186F3
    dd 0xFEAB, 0x00018703
    dd 0xFEAC, 0x00018713
    dd 0xFEAD, 0x00018723
    dd 0xFEAE, 0x00018733
    dd 0xFEAF, 0x00018743
    dd 0xFEB0, 0x00018753
    dd 0xFEB1, 0x00018763
    dd 0xFEB2, 0x00018773
    dd 0xFEB3, 0x00018783
    dd 0xFEB4, 0x00018793
    dd 0xFEB5, 0x000187A3
    dd 0xFEB6, 0x000187B3
    dd 0xFEB7, 0x000187C3
    dd 0xFEB8, 0x000187D3
    dd 0xFEB9, 0x000187E3
    dd 0xFEBA, 0x000187F3
    dd 0xFEBB, 0x00018803
    dd 0xFEBC, 0x00018813
    dd 0xFEBD, 0x00018823
    dd 0xFEBE, 0x00018833
    dd 0xFEBF, 0x00018843
    dd 0xFEC0, 0x00018853
    dd 0xFEC1, 0x00018863
    dd 0xFEC2, 0x00018873
    dd 0xFEC3, 0x00018883
    dd 0xFEC4, 0x00018893
    dd 0xFEC5, 0x000188A3
    dd 0xFEC6, 0x000188B3
    dd 0xFEC7, 0x000188C3
    dd 0xFEC8, 0x000188D3
    dd 0xFEC9, 0x000188E3
    dd 0xFECA, 0x000188F3
    dd 0xFECB, 0x00018903
    dd 0xFECC, 0x00018913
    dd 0xFECD, 0x00018923
    dd 0xFECE, 0x00018933
    dd 0xFECF, 0x00018943
    dd 0xFED0, 0x00018953
    dd 0xFED1, 0x00018963
    dd 0xFED2, 0x00018973
    dd 0xFED3, 0x00018983
    dd 0xFED4, 0x00018993
    dd 0xFED5, 0x000189A3
    dd 0xFED6, 0x000189B3
    dd 0xFED7, 0x000189C3
    dd 0xFED8, 0x000189D3
    dd 0xFED9, 0x000189E3
    dd 0xFEDA, 0x000189F3
    dd 0xFEDB, 0x00018A03
    dd 0xFEDC, 0x00018A13
    dd 0xFEDD, 0x00018A23
    dd 0xFEDE, 0x00018A33
    dd 0xFEDF, 0x00018A43
    dd 0xFEE0, 0x00018A53
    dd 0xFEE1, 0x00018A63
    dd 0xFEE2, 0x00018A73
    dd 0xFEE3, 0x00018A83
    dd 0xFEE4, 0x00018A93
    dd 0xFEE5, 0x00018AA3
    dd 0xFEE6, 0x00018AB3
    dd 0xFEE7, 0x00018AC3
    dd 0xFEE8, 0x00018AD3
    dd 0xFEE9, 0x00018AE3
    dd 0xFEEA, 0x00018AF3
    dd 0xFEEB, 0x00018B03
    dd 0xFEEC, 0x00018B13
    dd 0xFEED, 0x00018B23
    dd 0xFEEE, 0x00018B33
    dd 0xFEEF, 0x00018B43
    dd 0xFEF0, 0x00018B53
    dd 0xFEF1, 0x00018B63
    dd 0xFEF2, 0x00018B73
    dd 0xFEF3, 0x00018B83
    dd 0xFEF4, 0x00018B93
    dd 0xFEF5, 0x00018BA5
    dd 0xFEF6, 0x00018BC5
    dd 0xFEF7, 0x00018BE5
    dd 0xFEF8, 0x00018C05
    dd 0xFEF9, 0x00018C25
    dd 0xFEFA, 0x00018C45
    dd 0xFEFB, 0x00018C65
    dd 0xFEFC, 0x00018C85
    dd 0xFF01, 0x00018CA3
    dd 0xFF02, 0x00018CB3
    dd 0xFF03, 0x00018CC3
    dd 0xFF04, 0x00018CD3
    dd 0xFF05, 0x00018CE3
    dd 0xFF06, 0x00018CF3
    dd 0xFF07, 0x00018D03
    dd 0xFF08, 0x00018D13
    dd 0xFF09, 0x00018D23
    dd 0xFF0A, 0x00018D33
    dd 0xFF0B, 0x00018D43
    dd 0xFF0C, 0x00018D53
    dd 0xFF0D, 0x00018D63
    dd 0xFF0E, 0x00018D73
    dd 0xFF0F, 0x00018D83
    dd 0xFF10, 0x00018D93
    dd 0xFF11, 0x00018DA3
    dd 0xFF12, 0x00018DB3
    dd 0xFF13, 0x00018DC3
    dd 0xFF14, 0x00018DD3
    dd 0xFF15, 0x00018DE3
    dd 0xFF16, 0x00018DF3
    dd 0xFF17, 0x00018E03
    dd 0xFF18, 0x00018E13
    dd 0xFF19, 0x00018E23
    dd 0xFF1A, 0x00018E33
    dd 0xFF1B, 0x00018E43
    dd 0xFF1C, 0x00018E53
    dd 0xFF1D, 0x00018E63
    dd 0xFF1E, 0x00018E73
    dd 0xFF1F, 0x00018E83
    dd 0xFF20, 0x00018E93
    dd 0xFF21, 0x00018EA3
    dd 0xFF22, 0x00018EB3
    dd 0xFF23, 0x00018EC3
    dd 0xFF24, 0x00018ED3
    dd 0xFF25, 0x00018EE3
    dd 0xFF26, 0x00018EF3
    dd 0xFF27, 0x00018F03
    dd 0xFF28, 0x00018F13
    dd 0xFF29, 0x00018F23
    dd 0xFF2A, 0x00018F33
    dd 0xFF2B, 0x00018F43
    dd 0xFF2C, 0x00018F53
    dd 0xFF2D, 0x00018F63
    dd 0xFF2E, 0x00018F73
    dd 0xFF2F, 0x00018F83
    dd 0xFF30, 0x00018F93
    dd 0xFF31, 0x00018FA3
    dd 0xFF32, 0x00018FB3
    dd 0xFF33, 0x00018FC3
    dd 0xFF34, 0x00018FD3
    dd 0xFF35, 0x00018FE3
    dd 0xFF36, 0x00018FF3
    dd 0xFF37, 0x00019003
    dd 0xFF38, 0x00019013
    dd 0xFF39, 0x00019023
    dd 0xFF3A, 0x00019033
    dd 0xFF3B, 0x00019043
    dd 0xFF3C, 0x00019053
    dd 0xFF3D, 0x00019063
    dd 0xFF3E, 0x00019073
    dd 0xFF3F, 0x00019083
    dd 0xFF40, 0x00019093
    dd 0xFF41, 0x000190A3
    dd 0xFF42, 0x000190B3
    dd 0xFF43, 0x000190C3
    dd 0xFF44, 0x000190D3
    dd 0xFF45, 0x000190E3
    dd 0xFF46, 0x000190F3
    dd 0xFF47, 0x00019103
    dd 0xFF48, 0x00019113
    dd 0xFF49, 0x00019123
    dd 0xFF4A, 0x00019133
    dd 0xFF4B, 0x00019143
    dd 0xFF4C, 0x00019153
    dd 0xFF4D, 0x00019163
    dd 0xFF4E, 0x00019173
    dd 0xFF4F, 0x00019183
    dd 0xFF50, 0x00019193
    dd 0xFF51, 0x000191A3
    dd 0xFF52, 0x000191B3
    dd 0xFF53, 0x000191C3
    dd 0xFF54, 0x000191D3
    dd 0xFF55, 0x000191E3
    dd 0xFF56, 0x000191F3
    dd 0xFF57, 0x00019203
    dd 0xFF58, 0x00019213
    dd 0xFF59, 0x00019223
    dd 0xFF5A, 0x00019233
    dd 0xFF5B, 0x00019243
    dd 0xFF5C, 0x00019253
    dd 0xFF5D, 0x00019263
    dd 0xFF5E, 0x00019273
    dd 0xFF5F, 0x00019283
    dd 0xFF60, 0x00019293
    dd 0xFF61, 0x000192A3
    dd 0xFF62, 0x000192B3
    dd 0xFF63, 0x000192C3
    dd 0xFF64, 0x000192D3
    dd 0xFF65, 0x000192E3
    dd 0xFF66, 0x000192F3
    dd 0xFF67, 0x00019303
    dd 0xFF68, 0x00019313
    dd 0xFF69, 0x00019323
    dd 0xFF6A, 0x00019333
    dd 0xFF6B, 0x00019343
    dd 0xFF6C, 0x00019353
    dd 0xFF6D, 0x00019363
    dd 0xFF6E, 0x00019373
    dd 0xFF6F, 0x00019383
    dd 0xFF70, 0x00019393
    dd 0xFF71, 0x000193A3
    dd 0xFF72, 0x000193B3
    dd 0xFF73, 0x000193C3
    dd 0xFF74, 0x000193D3
    dd 0xFF75, 0x000193E3
    dd 0xFF76, 0x000193F3
    dd 0xFF77, 0x00019403
    dd 0xFF78, 0x00019413
    dd 0xFF79, 0x00019423
    dd 0xFF7A, 0x00019433
    dd 0xFF7B, 0x00019443
    dd 0xFF7C, 0x00019453
    dd 0xFF7D, 0x00019463
    dd 0xFF7E, 0x00019473
    dd 0xFF7F, 0x00019483
    dd 0xFF80, 0x00019493
    dd 0xFF81, 0x000194A3
    dd 0xFF82, 0x000194B3
    dd 0xFF83, 0x000194C3
    dd 0xFF84, 0x000194D3
    dd 0xFF85, 0x000194E3
    dd 0xFF86, 0x000194F3
    dd 0xFF87, 0x00019503
    dd 0xFF88, 0x00019513
    dd 0xFF89, 0x00019523
    dd 0xFF8A, 0x00019533
    dd 0xFF8B, 0x00019543
    dd 0xFF8C, 0x00019553
    dd 0xFF8D, 0x00019563
    dd 0xFF8E, 0x00019573
    dd 0xFF8F, 0x00019583
    dd 0xFF90, 0x00019593
    dd 0xFF91, 0x000195A3
    dd 0xFF92, 0x000195B3
    dd 0xFF93, 0x000195C3
    dd 0xFF94, 0x000195D3
    dd 0xFF95, 0x000195E3
    dd 0xFF96, 0x000195F3
    dd 0xFF97, 0x00019603
    dd 0xFF98, 0x00019613
    dd 0xFF99, 0x00019623
    dd 0xFF9A, 0x00019633
    dd 0xFF9B, 0x00019643
    dd 0xFF9C, 0x00019653
    dd 0xFF9D, 0x00019663
    dd 0xFF9E, 0x00019673
    dd 0xFF9F, 0x00019683
    dd 0xFFA0, 0x00019693
    dd 0xFFA1, 0x000196A3
    dd 0xFFA2, 0x000196B3
    dd 0xFFA3, 0x000196C3
    dd 0xFFA4, 0x000196D3
    dd 0xFFA5, 0x000196E3
    dd 0xFFA6, 0x000196F3
    dd 0xFFA7, 0x00019703
    dd 0xFFA8, 0x00019713
    dd 0xFFA9, 0x00019723
    dd 0xFFAA, 0x00019733
    dd 0xFFAB, 0x00019743
    dd 0xFFAC, 0x00019753
    dd 0xFFAD, 0x00019763
    dd 0xFFAE, 0x00019773
    dd 0xFFAF, 0x00019783
    dd 0xFFB0, 0x00019793
    dd 0xFFB1, 0x000197A3
    dd 0xFFB2, 0x000197B3
    dd 0xFFB3, 0x000197C3
    dd 0xFFB4, 0x000197D3
    dd 0xFFB5, 0x000197E3
    dd 0xFFB6, 0x000197F3
    dd 0xFFB7, 0x00019803
    dd 0xFFB8, 0x00019813
    dd 0xFFB9, 0x00019823
    dd 0xFFBA, 0x00019833
    dd 0xFFBB, 0x00019843
    dd 0xFFBC, 0x00019853
    dd 0xFFBD, 0x00019863
    dd 0xFFBE, 0x00019873
    dd 0xFFC2, 0x00019883
    dd 0xFFC3, 0x00019893
    dd 0xFFC4, 0x000198A3
    dd 0xFFC5, 0x000198B3
    dd 0xFFC6, 0x000198C3
    dd 0xFFC7, 0x000198D3
    dd 0xFFCA, 0x000198E3
    dd 0xFFCB, 0x000198F3
    dd 0xFFCC, 0x00019903
    dd 0xFFCD, 0x00019913
    dd 0xFFCE, 0x00019923
    dd 0xFFCF, 0x00019933
    dd 0xFFD2, 0x00019943
    dd 0xFFD3, 0x00019953
    dd 0xFFD4, 0x00019963
    dd 0xFFD5, 0x00019973
    dd 0xFFD6, 0x00019983
    dd 0xFFD7, 0x00019993
    dd 0xFFDA, 0x000199A3
    dd 0xFFDB, 0x000199B3
    dd 0xFFDC, 0x000199C3
    dd 0xFFE0, 0x000199D3
    dd 0xFFE1, 0x000199E3
    dd 0xFFE2, 0x000199F3
    dd 0xFFE3, 0x00019A03
    dd 0xFFE4, 0x00019A13
    dd 0xFFE5, 0x00019A23
    dd 0xFFE6, 0x00019A33
    dd 0xFFE8, 0x00019A43
    dd 0xFFE9, 0x00019A53
    dd 0xFFEA, 0x00019A63
    dd 0xFFEB, 0x00019A73
    dd 0xFFEC, 0x00019A83
    dd 0xFFED, 0x00019A93
    dd 0xFFEE, 0x00019AA3
    dd 0x105C9, 0x00019AB4
    dd 0x105E4, 0x00019AD4
    dd 0x10781, 0x00019AF3
    dd 0x10782, 0x00019B03
    dd 0x10783, 0x00019B13
    dd 0x10784, 0x00019B23
    dd 0x10785, 0x00019B33
    dd 0x10787, 0x00019B43
    dd 0x10788, 0x00019B53
    dd 0x10789, 0x00019B63
    dd 0x1078A, 0x00019B73
    dd 0x1078B, 0x00019B83
    dd 0x1078C, 0x00019B93
    dd 0x1078D, 0x00019BA3
    dd 0x1078E, 0x00019BB3
    dd 0x1078F, 0x00019BC3
    dd 0x10790, 0x00019BD3
    dd 0x10791, 0x00019BE3
    dd 0x10792, 0x00019BF3
    dd 0x10793, 0x00019C03
    dd 0x10794, 0x00019C13
    dd 0x10795, 0x00019C23
    dd 0x10796, 0x00019C33
    dd 0x10797, 0x00019C43
    dd 0x10798, 0x00019C53
    dd 0x10799, 0x00019C63
    dd 0x1079A, 0x00019C73
    dd 0x1079B, 0x00019C83
    dd 0x1079C, 0x00019C93
    dd 0x1079D, 0x00019CA3
    dd 0x1079E, 0x00019CB3
    dd 0x1079F, 0x00019CC3
    dd 0x107A0, 0x00019CD3
    dd 0x107A1, 0x00019CE3
    dd 0x107A2, 0x00019CF3
    dd 0x107A3, 0x00019D03
    dd 0x107A4, 0x00019D13
    dd 0x107A5, 0x00019D23
    dd 0x107A6, 0x00019D33
    dd 0x107A7, 0x00019D43
    dd 0x107A8, 0x00019D53
    dd 0x107A9, 0x00019D63
    dd 0x107AA, 0x00019D73
    dd 0x107AB, 0x00019D83
    dd 0x107AC, 0x00019D93
    dd 0x107AD, 0x00019DA3
    dd 0x107AE, 0x00019DB3
    dd 0x107AF, 0x00019DC3
    dd 0x107B0, 0x00019DD3
    dd 0x107B2, 0x00019DE3
    dd 0x107B3, 0x00019DF3
    dd 0x107B4, 0x00019E03
    dd 0x107B5, 0x00019E13
    dd 0x107B6, 0x00019E23
    dd 0x107B7, 0x00019E33
    dd 0x107B8, 0x00019E43
    dd 0x107B9, 0x00019E53
    dd 0x107BA, 0x00019E63
    dd 0x1109A, 0x00019E74
    dd 0x1109C, 0x00019E94
    dd 0x110AB, 0x00019EB4
    dd 0x1112E, 0x00019ED4
    dd 0x1112F, 0x00019EF4
    dd 0x1134B, 0x00019F14
    dd 0x1134C, 0x00019F34
    dd 0x11383, 0x00019F54
    dd 0x11385, 0x00019F74
    dd 0x1138E, 0x00019F94
    dd 0x11391, 0x00019FB4
    dd 0x113C5, 0x00019FD4
    dd 0x113C7, 0x00019FF4
    dd 0x113C8, 0x0001A014
    dd 0x114BB, 0x0001A034
    dd 0x114BC, 0x0001A054
    dd 0x114BE, 0x0001A074
    dd 0x115BA, 0x0001A094
    dd 0x115BB, 0x0001A0B4
    dd 0x11938, 0x0001A0D4
    dd 0x16121, 0x0001A0F4
    dd 0x16122, 0x0001A114
    dd 0x16123, 0x0001A134
    dd 0x16124, 0x0001A154
    dd 0x16125, 0x0001A174
    dd 0x16126, 0x0001A194
    dd 0x16127, 0x0001A1B4
    dd 0x16128, 0x0001A1D4
    dd 0x16D68, 0x0001A1F4
    dd 0x16D69, 0x0001A214
    dd 0x16D6A, 0x0001A234
    dd 0x1CCD6, 0x0001A253
    dd 0x1CCD7, 0x0001A263
    dd 0x1CCD8, 0x0001A273
    dd 0x1CCD9, 0x0001A283
    dd 0x1CCDA, 0x0001A293
    dd 0x1CCDB, 0x0001A2A3
    dd 0x1CCDC, 0x0001A2B3
    dd 0x1CCDD, 0x0001A2C3
    dd 0x1CCDE, 0x0001A2D3
    dd 0x1CCDF, 0x0001A2E3
    dd 0x1CCE0, 0x0001A2F3
    dd 0x1CCE1, 0x0001A303
    dd 0x1CCE2, 0x0001A313
    dd 0x1CCE3, 0x0001A323
    dd 0x1CCE4, 0x0001A333
    dd 0x1CCE5, 0x0001A343
    dd 0x1CCE6, 0x0001A353
    dd 0x1CCE7, 0x0001A363
    dd 0x1CCE8, 0x0001A373
    dd 0x1CCE9, 0x0001A383
    dd 0x1CCEA, 0x0001A393
    dd 0x1CCEB, 0x0001A3A3
    dd 0x1CCEC, 0x0001A3B3
    dd 0x1CCED, 0x0001A3C3
    dd 0x1CCEE, 0x0001A3D3
    dd 0x1CCEF, 0x0001A3E3
    dd 0x1CCF0, 0x0001A3F3
    dd 0x1CCF1, 0x0001A403
    dd 0x1CCF2, 0x0001A413
    dd 0x1CCF3, 0x0001A423
    dd 0x1CCF4, 0x0001A433
    dd 0x1CCF5, 0x0001A443
    dd 0x1CCF6, 0x0001A453
    dd 0x1CCF7, 0x0001A463
    dd 0x1CCF8, 0x0001A473
    dd 0x1CCF9, 0x0001A483
    dd 0x1D15E, 0x0001A494
    dd 0x1D15F, 0x0001A4B4
    dd 0x1D160, 0x0001A4D4
    dd 0x1D161, 0x0001A4F4
    dd 0x1D162, 0x0001A514
    dd 0x1D163, 0x0001A534
    dd 0x1D164, 0x0001A554
    dd 0x1D1BB, 0x0001A574
    dd 0x1D1BC, 0x0001A594
    dd 0x1D1BD, 0x0001A5B4
    dd 0x1D1BE, 0x0001A5D4
    dd 0x1D1BF, 0x0001A5F4
    dd 0x1D1C0, 0x0001A614
    dd 0x1D400, 0x0001A633
    dd 0x1D401, 0x0001A643
    dd 0x1D402, 0x0001A653
    dd 0x1D403, 0x0001A663
    dd 0x1D404, 0x0001A673
    dd 0x1D405, 0x0001A683
    dd 0x1D406, 0x0001A693
    dd 0x1D407, 0x0001A6A3
    dd 0x1D408, 0x0001A6B3
    dd 0x1D409, 0x0001A6C3
    dd 0x1D40A, 0x0001A6D3
    dd 0x1D40B, 0x0001A6E3
    dd 0x1D40C, 0x0001A6F3
    dd 0x1D40D, 0x0001A703
    dd 0x1D40E, 0x0001A713
    dd 0x1D40F, 0x0001A723
    dd 0x1D410, 0x0001A733
    dd 0x1D411, 0x0001A743
    dd 0x1D412, 0x0001A753
    dd 0x1D413, 0x0001A763
    dd 0x1D414, 0x0001A773
    dd 0x1D415, 0x0001A783
    dd 0x1D416, 0x0001A793
    dd 0x1D417, 0x0001A7A3
    dd 0x1D418, 0x0001A7B3
    dd 0x1D419, 0x0001A7C3
    dd 0x1D41A, 0x0001A7D3
    dd 0x1D41B, 0x0001A7E3
    dd 0x1D41C, 0x0001A7F3
    dd 0x1D41D, 0x0001A803
    dd 0x1D41E, 0x0001A813
    dd 0x1D41F, 0x0001A823
    dd 0x1D420, 0x0001A833
    dd 0x1D421, 0x0001A843
    dd 0x1D422, 0x0001A853
    dd 0x1D423, 0x0001A863
    dd 0x1D424, 0x0001A873
    dd 0x1D425, 0x0001A883
    dd 0x1D426, 0x0001A893
    dd 0x1D427, 0x0001A8A3
    dd 0x1D428, 0x0001A8B3
    dd 0x1D429, 0x0001A8C3
    dd 0x1D42A, 0x0001A8D3
    dd 0x1D42B, 0x0001A8E3
    dd 0x1D42C, 0x0001A8F3
    dd 0x1D42D, 0x0001A903
    dd 0x1D42E, 0x0001A913
    dd 0x1D42F, 0x0001A923
    dd 0x1D430, 0x0001A933
    dd 0x1D431, 0x0001A943
    dd 0x1D432, 0x0001A953
    dd 0x1D433, 0x0001A963
    dd 0x1D434, 0x0001A973
    dd 0x1D435, 0x0001A983
    dd 0x1D436, 0x0001A993
    dd 0x1D437, 0x0001A9A3
    dd 0x1D438, 0x0001A9B3
    dd 0x1D439, 0x0001A9C3
    dd 0x1D43A, 0x0001A9D3
    dd 0x1D43B, 0x0001A9E3
    dd 0x1D43C, 0x0001A9F3
    dd 0x1D43D, 0x0001AA03
    dd 0x1D43E, 0x0001AA13
    dd 0x1D43F, 0x0001AA23
    dd 0x1D440, 0x0001AA33
    dd 0x1D441, 0x0001AA43
    dd 0x1D442, 0x0001AA53
    dd 0x1D443, 0x0001AA63
    dd 0x1D444, 0x0001AA73
    dd 0x1D445, 0x0001AA83
    dd 0x1D446, 0x0001AA93
    dd 0x1D447, 0x0001AAA3
    dd 0x1D448, 0x0001AAB3
    dd 0x1D449, 0x0001AAC3
    dd 0x1D44A, 0x0001AAD3
    dd 0x1D44B, 0x0001AAE3
    dd 0x1D44C, 0x0001AAF3
    dd 0x1D44D, 0x0001AB03
    dd 0x1D44E, 0x0001AB13
    dd 0x1D44F, 0x0001AB23
    dd 0x1D450, 0x0001AB33
    dd 0x1D451, 0x0001AB43
    dd 0x1D452, 0x0001AB53
    dd 0x1D453, 0x0001AB63
    dd 0x1D454, 0x0001AB73
    dd 0x1D456, 0x0001AB83
    dd 0x1D457, 0x0001AB93
    dd 0x1D458, 0x0001ABA3
    dd 0x1D459, 0x0001ABB3
    dd 0x1D45A, 0x0001ABC3
    dd 0x1D45B, 0x0001ABD3
    dd 0x1D45C, 0x0001ABE3
    dd 0x1D45D, 0x0001ABF3
    dd 0x1D45E, 0x0001AC03
    dd 0x1D45F, 0x0001AC13
    dd 0x1D460, 0x0001AC23
    dd 0x1D461, 0x0001AC33
    dd 0x1D462, 0x0001AC43
    dd 0x1D463, 0x0001AC53
    dd 0x1D464, 0x0001AC63
    dd 0x1D465, 0x0001AC73
    dd 0x1D466, 0x0001AC83
    dd 0x1D467, 0x0001AC93
    dd 0x1D468, 0x0001ACA3
    dd 0x1D469, 0x0001ACB3
    dd 0x1D46A, 0x0001ACC3
    dd 0x1D46B, 0x0001ACD3
    dd 0x1D46C, 0x0001ACE3
    dd 0x1D46D, 0x0001ACF3
    dd 0x1D46E, 0x0001AD03
    dd 0x1D46F, 0x0001AD13
    dd 0x1D470, 0x0001AD23
    dd 0x1D471, 0x0001AD33
    dd 0x1D472, 0x0001AD43
    dd 0x1D473, 0x0001AD53
    dd 0x1D474, 0x0001AD63
    dd 0x1D475, 0x0001AD73
    dd 0x1D476, 0x0001AD83
    dd 0x1D477, 0x0001AD93
    dd 0x1D478, 0x0001ADA3
    dd 0x1D479, 0x0001ADB3
    dd 0x1D47A, 0x0001ADC3
    dd 0x1D47B, 0x0001ADD3
    dd 0x1D47C, 0x0001ADE3
    dd 0x1D47D, 0x0001ADF3
    dd 0x1D47E, 0x0001AE03
    dd 0x1D47F, 0x0001AE13
    dd 0x1D480, 0x0001AE23
    dd 0x1D481, 0x0001AE33
    dd 0x1D482, 0x0001AE43
    dd 0x1D483, 0x0001AE53
    dd 0x1D484, 0x0001AE63
    dd 0x1D485, 0x0001AE73
    dd 0x1D486, 0x0001AE83
    dd 0x1D487, 0x0001AE93
    dd 0x1D488, 0x0001AEA3
    dd 0x1D489, 0x0001AEB3
    dd 0x1D48A, 0x0001AEC3
    dd 0x1D48B, 0x0001AED3
    dd 0x1D48C, 0x0001AEE3
    dd 0x1D48D, 0x0001AEF3
    dd 0x1D48E, 0x0001AF03
    dd 0x1D48F, 0x0001AF13
    dd 0x1D490, 0x0001AF23
    dd 0x1D491, 0x0001AF33
    dd 0x1D492, 0x0001AF43
    dd 0x1D493, 0x0001AF53
    dd 0x1D494, 0x0001AF63
    dd 0x1D495, 0x0001AF73
    dd 0x1D496, 0x0001AF83
    dd 0x1D497, 0x0001AF93
    dd 0x1D498, 0x0001AFA3
    dd 0x1D499, 0x0001AFB3
    dd 0x1D49A, 0x0001AFC3
    dd 0x1D49B, 0x0001AFD3
    dd 0x1D49C, 0x0001AFE3
    dd 0x1D49E, 0x0001AFF3
    dd 0x1D49F, 0x0001B003
    dd 0x1D4A2, 0x0001B013
    dd 0x1D4A5, 0x0001B023
    dd 0x1D4A6, 0x0001B033
    dd 0x1D4A9, 0x0001B043
    dd 0x1D4AA, 0x0001B053
    dd 0x1D4AB, 0x0001B063
    dd 0x1D4AC, 0x0001B073
    dd 0x1D4AE, 0x0001B083
    dd 0x1D4AF, 0x0001B093
    dd 0x1D4B0, 0x0001B0A3
    dd 0x1D4B1, 0x0001B0B3
    dd 0x1D4B2, 0x0001B0C3
    dd 0x1D4B3, 0x0001B0D3
    dd 0x1D4B4, 0x0001B0E3
    dd 0x1D4B5, 0x0001B0F3
    dd 0x1D4B6, 0x0001B103
    dd 0x1D4B7, 0x0001B113
    dd 0x1D4B8, 0x0001B123
    dd 0x1D4B9, 0x0001B133
    dd 0x1D4BB, 0x0001B143
    dd 0x1D4BD, 0x0001B153
    dd 0x1D4BE, 0x0001B163
    dd 0x1D4BF, 0x0001B173
    dd 0x1D4C0, 0x0001B183
    dd 0x1D4C1, 0x0001B193
    dd 0x1D4C2, 0x0001B1A3
    dd 0x1D4C3, 0x0001B1B3
    dd 0x1D4C5, 0x0001B1C3
    dd 0x1D4C6, 0x0001B1D3
    dd 0x1D4C7, 0x0001B1E3
    dd 0x1D4C8, 0x0001B1F3
    dd 0x1D4C9, 0x0001B203
    dd 0x1D4CA, 0x0001B213
    dd 0x1D4CB, 0x0001B223
    dd 0x1D4CC, 0x0001B233
    dd 0x1D4CD, 0x0001B243
    dd 0x1D4CE, 0x0001B253
    dd 0x1D4CF, 0x0001B263
    dd 0x1D4D0, 0x0001B273
    dd 0x1D4D1, 0x0001B283
    dd 0x1D4D2, 0x0001B293
    dd 0x1D4D3, 0x0001B2A3
    dd 0x1D4D4, 0x0001B2B3
    dd 0x1D4D5, 0x0001B2C3
    dd 0x1D4D6, 0x0001B2D3
    dd 0x1D4D7, 0x0001B2E3
    dd 0x1D4D8, 0x0001B2F3
    dd 0x1D4D9, 0x0001B303
    dd 0x1D4DA, 0x0001B313
    dd 0x1D4DB, 0x0001B323
    dd 0x1D4DC, 0x0001B333
    dd 0x1D4DD, 0x0001B343
    dd 0x1D4DE, 0x0001B353
    dd 0x1D4DF, 0x0001B363
    dd 0x1D4E0, 0x0001B373
    dd 0x1D4E1, 0x0001B383
    dd 0x1D4E2, 0x0001B393
    dd 0x1D4E3, 0x0001B3A3
    dd 0x1D4E4, 0x0001B3B3
    dd 0x1D4E5, 0x0001B3C3
    dd 0x1D4E6, 0x0001B3D3
    dd 0x1D4E7, 0x0001B3E3
    dd 0x1D4E8, 0x0001B3F3
    dd 0x1D4E9, 0x0001B403
    dd 0x1D4EA, 0x0001B413
    dd 0x1D4EB, 0x0001B423
    dd 0x1D4EC, 0x0001B433
    dd 0x1D4ED, 0x0001B443
    dd 0x1D4EE, 0x0001B453
    dd 0x1D4EF, 0x0001B463
    dd 0x1D4F0, 0x0001B473
    dd 0x1D4F1, 0x0001B483
    dd 0x1D4F2, 0x0001B493
    dd 0x1D4F3, 0x0001B4A3
    dd 0x1D4F4, 0x0001B4B3
    dd 0x1D4F5, 0x0001B4C3
    dd 0x1D4F6, 0x0001B4D3
    dd 0x1D4F7, 0x0001B4E3
    dd 0x1D4F8, 0x0001B4F3
    dd 0x1D4F9, 0x0001B503
    dd 0x1D4FA, 0x0001B513
    dd 0x1D4FB, 0x0001B523
    dd 0x1D4FC, 0x0001B533
    dd 0x1D4FD, 0x0001B543
    dd 0x1D4FE, 0x0001B553
    dd 0x1D4FF, 0x0001B563
    dd 0x1D500, 0x0001B573
    dd 0x1D501, 0x0001B583
    dd 0x1D502, 0x0001B593
    dd 0x1D503, 0x0001B5A3
    dd 0x1D504, 0x0001B5B3
    dd 0x1D505, 0x0001B5C3
    dd 0x1D507, 0x0001B5D3
    dd 0x1D508, 0x0001B5E3
    dd 0x1D509, 0x0001B5F3
    dd 0x1D50A, 0x0001B603
    dd 0x1D50D, 0x0001B613
    dd 0x1D50E, 0x0001B623
    dd 0x1D50F, 0x0001B633
    dd 0x1D510, 0x0001B643
    dd 0x1D511, 0x0001B653
    dd 0x1D512, 0x0001B663
    dd 0x1D513, 0x0001B673
    dd 0x1D514, 0x0001B683
    dd 0x1D516, 0x0001B693
    dd 0x1D517, 0x0001B6A3
    dd 0x1D518, 0x0001B6B3
    dd 0x1D519, 0x0001B6C3
    dd 0x1D51A, 0x0001B6D3
    dd 0x1D51B, 0x0001B6E3
    dd 0x1D51C, 0x0001B6F3
    dd 0x1D51E, 0x0001B703
    dd 0x1D51F, 0x0001B713
    dd 0x1D520, 0x0001B723
    dd 0x1D521, 0x0001B733
    dd 0x1D522, 0x0001B743
    dd 0x1D523, 0x0001B753
    dd 0x1D524, 0x0001B763
    dd 0x1D525, 0x0001B773
    dd 0x1D526, 0x0001B783
    dd 0x1D527, 0x0001B793
    dd 0x1D528, 0x0001B7A3
    dd 0x1D529, 0x0001B7B3
    dd 0x1D52A, 0x0001B7C3
    dd 0x1D52B, 0x0001B7D3
    dd 0x1D52C, 0x0001B7E3
    dd 0x1D52D, 0x0001B7F3
    dd 0x1D52E, 0x0001B803
    dd 0x1D52F, 0x0001B813
    dd 0x1D530, 0x0001B823
    dd 0x1D531, 0x0001B833
    dd 0x1D532, 0x0001B843
    dd 0x1D533, 0x0001B853
    dd 0x1D534, 0x0001B863
    dd 0x1D535, 0x0001B873
    dd 0x1D536, 0x0001B883
    dd 0x1D537, 0x0001B893
    dd 0x1D538, 0x0001B8A3
    dd 0x1D539, 0x0001B8B3
    dd 0x1D53B, 0x0001B8C3
    dd 0x1D53C, 0x0001B8D3
    dd 0x1D53D, 0x0001B8E3
    dd 0x1D53E, 0x0001B8F3
    dd 0x1D540, 0x0001B903
    dd 0x1D541, 0x0001B913
    dd 0x1D542, 0x0001B923
    dd 0x1D543, 0x0001B933
    dd 0x1D544, 0x0001B943
    dd 0x1D546, 0x0001B953
    dd 0x1D54A, 0x0001B963
    dd 0x1D54B, 0x0001B973
    dd 0x1D54C, 0x0001B983
    dd 0x1D54D, 0x0001B993
    dd 0x1D54E, 0x0001B9A3
    dd 0x1D54F, 0x0001B9B3
    dd 0x1D550, 0x0001B9C3
    dd 0x1D552, 0x0001B9D3
    dd 0x1D553, 0x0001B9E3
    dd 0x1D554, 0x0001B9F3
    dd 0x1D555, 0x0001BA03
    dd 0x1D556, 0x0001BA13
    dd 0x1D557, 0x0001BA23
    dd 0x1D558, 0x0001BA33
    dd 0x1D559, 0x0001BA43
    dd 0x1D55A, 0x0001BA53
    dd 0x1D55B, 0x0001BA63
    dd 0x1D55C, 0x0001BA73
    dd 0x1D55D, 0x0001BA83
    dd 0x1D55E, 0x0001BA93
    dd 0x1D55F, 0x0001BAA3
    dd 0x1D560, 0x0001BAB3
    dd 0x1D561, 0x0001BAC3
    dd 0x1D562, 0x0001BAD3
    dd 0x1D563, 0x0001BAE3
    dd 0x1D564, 0x0001BAF3
    dd 0x1D565, 0x0001BB03
    dd 0x1D566, 0x0001BB13
    dd 0x1D567, 0x0001BB23
    dd 0x1D568, 0x0001BB33
    dd 0x1D569, 0x0001BB43
    dd 0x1D56A, 0x0001BB53
    dd 0x1D56B, 0x0001BB63
    dd 0x1D56C, 0x0001BB73
    dd 0x1D56D, 0x0001BB83
    dd 0x1D56E, 0x0001BB93
    dd 0x1D56F, 0x0001BBA3
    dd 0x1D570, 0x0001BBB3
    dd 0x1D571, 0x0001BBC3
    dd 0x1D572, 0x0001BBD3
    dd 0x1D573, 0x0001BBE3
    dd 0x1D574, 0x0001BBF3
    dd 0x1D575, 0x0001BC03
    dd 0x1D576, 0x0001BC13
    dd 0x1D577, 0x0001BC23
    dd 0x1D578, 0x0001BC33
    dd 0x1D579, 0x0001BC43
    dd 0x1D57A, 0x0001BC53
    dd 0x1D57B, 0x0001BC63
    dd 0x1D57C, 0x0001BC73
    dd 0x1D57D, 0x0001BC83
    dd 0x1D57E, 0x0001BC93
    dd 0x1D57F, 0x0001BCA3
    dd 0x1D580, 0x0001BCB3
    dd 0x1D581, 0x0001BCC3
    dd 0x1D582, 0x0001BCD3
    dd 0x1D583, 0x0001BCE3
    dd 0x1D584, 0x0001BCF3
    dd 0x1D585, 0x0001BD03
    dd 0x1D586, 0x0001BD13
    dd 0x1D587, 0x0001BD23
    dd 0x1D588, 0x0001BD33
    dd 0x1D589, 0x0001BD43
    dd 0x1D58A, 0x0001BD53
    dd 0x1D58B, 0x0001BD63
    dd 0x1D58C, 0x0001BD73
    dd 0x1D58D, 0x0001BD83
    dd 0x1D58E, 0x0001BD93
    dd 0x1D58F, 0x0001BDA3
    dd 0x1D590, 0x0001BDB3
    dd 0x1D591, 0x0001BDC3
    dd 0x1D592, 0x0001BDD3
    dd 0x1D593, 0x0001BDE3
    dd 0x1D594, 0x0001BDF3
    dd 0x1D595, 0x0001BE03
    dd 0x1D596, 0x0001BE13
    dd 0x1D597, 0x0001BE23
    dd 0x1D598, 0x0001BE33
    dd 0x1D599, 0x0001BE43
    dd 0x1D59A, 0x0001BE53
    dd 0x1D59B, 0x0001BE63
    dd 0x1D59C, 0x0001BE73
    dd 0x1D59D, 0x0001BE83
    dd 0x1D59E, 0x0001BE93
    dd 0x1D59F, 0x0001BEA3
    dd 0x1D5A0, 0x0001BEB3
    dd 0x1D5A1, 0x0001BEC3
    dd 0x1D5A2, 0x0001BED3
    dd 0x1D5A3, 0x0001BEE3
    dd 0x1D5A4, 0x0001BEF3
    dd 0x1D5A5, 0x0001BF03
    dd 0x1D5A6, 0x0001BF13
    dd 0x1D5A7, 0x0001BF23
    dd 0x1D5A8, 0x0001BF33
    dd 0x1D5A9, 0x0001BF43
    dd 0x1D5AA, 0x0001BF53
    dd 0x1D5AB, 0x0001BF63
    dd 0x1D5AC, 0x0001BF73
    dd 0x1D5AD, 0x0001BF83
    dd 0x1D5AE, 0x0001BF93
    dd 0x1D5AF, 0x0001BFA3
    dd 0x1D5B0, 0x0001BFB3
    dd 0x1D5B1, 0x0001BFC3
    dd 0x1D5B2, 0x0001BFD3
    dd 0x1D5B3, 0x0001BFE3
    dd 0x1D5B4, 0x0001BFF3
    dd 0x1D5B5, 0x0001C003
    dd 0x1D5B6, 0x0001C013
    dd 0x1D5B7, 0x0001C023
    dd 0x1D5B8, 0x0001C033
    dd 0x1D5B9, 0x0001C043
    dd 0x1D5BA, 0x0001C053
    dd 0x1D5BB, 0x0001C063
    dd 0x1D5BC, 0x0001C073
    dd 0x1D5BD, 0x0001C083
    dd 0x1D5BE, 0x0001C093
    dd 0x1D5BF, 0x0001C0A3
    dd 0x1D5C0, 0x0001C0B3
    dd 0x1D5C1, 0x0001C0C3
    dd 0x1D5C2, 0x0001C0D3
    dd 0x1D5C3, 0x0001C0E3
    dd 0x1D5C4, 0x0001C0F3
    dd 0x1D5C5, 0x0001C103
    dd 0x1D5C6, 0x0001C113
    dd 0x1D5C7, 0x0001C123
    dd 0x1D5C8, 0x0001C133
    dd 0x1D5C9, 0x0001C143
    dd 0x1D5CA, 0x0001C153
    dd 0x1D5CB, 0x0001C163
    dd 0x1D5CC, 0x0001C173
    dd 0x1D5CD, 0x0001C183
    dd 0x1D5CE, 0x0001C193
    dd 0x1D5CF, 0x0001C1A3
    dd 0x1D5D0, 0x0001C1B3
    dd 0x1D5D1, 0x0001C1C3
    dd 0x1D5D2, 0x0001C1D3
    dd 0x1D5D3, 0x0001C1E3
    dd 0x1D5D4, 0x0001C1F3
    dd 0x1D5D5, 0x0001C203
    dd 0x1D5D6, 0x0001C213
    dd 0x1D5D7, 0x0001C223
    dd 0x1D5D8, 0x0001C233
    dd 0x1D5D9, 0x0001C243
    dd 0x1D5DA, 0x0001C253
    dd 0x1D5DB, 0x0001C263
    dd 0x1D5DC, 0x0001C273
    dd 0x1D5DD, 0x0001C283
    dd 0x1D5DE, 0x0001C293
    dd 0x1D5DF, 0x0001C2A3
    dd 0x1D5E0, 0x0001C2B3
    dd 0x1D5E1, 0x0001C2C3
    dd 0x1D5E2, 0x0001C2D3
    dd 0x1D5E3, 0x0001C2E3
    dd 0x1D5E4, 0x0001C2F3
    dd 0x1D5E5, 0x0001C303
    dd 0x1D5E6, 0x0001C313
    dd 0x1D5E7, 0x0001C323
    dd 0x1D5E8, 0x0001C333
    dd 0x1D5E9, 0x0001C343
    dd 0x1D5EA, 0x0001C353
    dd 0x1D5EB, 0x0001C363
    dd 0x1D5EC, 0x0001C373
    dd 0x1D5ED, 0x0001C383
    dd 0x1D5EE, 0x0001C393
    dd 0x1D5EF, 0x0001C3A3
    dd 0x1D5F0, 0x0001C3B3
    dd 0x1D5F1, 0x0001C3C3
    dd 0x1D5F2, 0x0001C3D3
    dd 0x1D5F3, 0x0001C3E3
    dd 0x1D5F4, 0x0001C3F3
    dd 0x1D5F5, 0x0001C403
    dd 0x1D5F6, 0x0001C413
    dd 0x1D5F7, 0x0001C423
    dd 0x1D5F8, 0x0001C433
    dd 0x1D5F9, 0x0001C443
    dd 0x1D5FA, 0x0001C453
    dd 0x1D5FB, 0x0001C463
    dd 0x1D5FC, 0x0001C473
    dd 0x1D5FD, 0x0001C483
    dd 0x1D5FE, 0x0001C493
    dd 0x1D5FF, 0x0001C4A3
    dd 0x1D600, 0x0001C4B3
    dd 0x1D601, 0x0001C4C3
    dd 0x1D602, 0x0001C4D3
    dd 0x1D603, 0x0001C4E3
    dd 0x1D604, 0x0001C4F3
    dd 0x1D605, 0x0001C503
    dd 0x1D606, 0x0001C513
    dd 0x1D607, 0x0001C523
    dd 0x1D608, 0x0001C533
    dd 0x1D609, 0x0001C543
    dd 0x1D60A, 0x0001C553
    dd 0x1D60B, 0x0001C563
    dd 0x1D60C, 0x0001C573
    dd 0x1D60D, 0x0001C583
    dd 0x1D60E, 0x0001C593
    dd 0x1D60F, 0x0001C5A3
    dd 0x1D610, 0x0001C5B3
    dd 0x1D611, 0x0001C5C3
    dd 0x1D612, 0x0001C5D3
    dd 0x1D613, 0x0001C5E3
    dd 0x1D614, 0x0001C5F3
    dd 0x1D615, 0x0001C603
    dd 0x1D616, 0x0001C613
    dd 0x1D617, 0x0001C623
    dd 0x1D618, 0x0001C633
    dd 0x1D619, 0x0001C643
    dd 0x1D61A, 0x0001C653
    dd 0x1D61B, 0x0001C663
    dd 0x1D61C, 0x0001C673
    dd 0x1D61D, 0x0001C683
    dd 0x1D61E, 0x0001C693
    dd 0x1D61F, 0x0001C6A3
    dd 0x1D620, 0x0001C6B3
    dd 0x1D621, 0x0001C6C3
    dd 0x1D622, 0x0001C6D3
    dd 0x1D623, 0x0001C6E3
    dd 0x1D624, 0x0001C6F3
    dd 0x1D625, 0x0001C703
    dd 0x1D626, 0x0001C713
    dd 0x1D627, 0x0001C723
    dd 0x1D628, 0x0001C733
    dd 0x1D629, 0x0001C743
    dd 0x1D62A, 0x0001C753
    dd 0x1D62B, 0x0001C763
    dd 0x1D62C, 0x0001C773
    dd 0x1D62D, 0x0001C783
    dd 0x1D62E, 0x0001C793
    dd 0x1D62F, 0x0001C7A3
    dd 0x1D630, 0x0001C7B3
    dd 0x1D631, 0x0001C7C3
    dd 0x1D632, 0x0001C7D3
    dd 0x1D633, 0x0001C7E3
    dd 0x1D634, 0x0001C7F3
    dd 0x1D635, 0x0001C803
    dd 0x1D636, 0x0001C813
    dd 0x1D637, 0x0001C823
    dd 0x1D638, 0x0001C833
    dd 0x1D639, 0x0001C843
    dd 0x1D63A, 0x0001C853
    dd 0x1D63B, 0x0001C863
    dd 0x1D63C, 0x0001C873
    dd 0x1D63D, 0x0001C883
    dd 0x1D63E, 0x0001C893
    dd 0x1D63F, 0x0001C8A3
    dd 0x1D640, 0x0001C8B3
    dd 0x1D641, 0x0001C8C3
    dd 0x1D642, 0x0001C8D3
    dd 0x1D643, 0x0001C8E3
    dd 0x1D644, 0x0001C8F3
    dd 0x1D645, 0x0001C903
    dd 0x1D646, 0x0001C913
    dd 0x1D647, 0x0001C923
    dd 0x1D648, 0x0001C933
    dd 0x1D649, 0x0001C943
    dd 0x1D64A, 0x0001C953
    dd 0x1D64B, 0x0001C963
    dd 0x1D64C, 0x0001C973
    dd 0x1D64D, 0x0001C983
    dd 0x1D64E, 0x0001C993
    dd 0x1D64F, 0x0001C9A3
    dd 0x1D650, 0x0001C9B3
    dd 0x1D651, 0x0001C9C3
    dd 0x1D652, 0x0001C9D3
    dd 0x1D653, 0x0001C9E3
    dd 0x1D654, 0x0001C9F3
    dd 0x1D655, 0x0001CA03
    dd 0x1D656, 0x0001CA13
    dd 0x1D657, 0x0001CA23
    dd 0x1D658, 0x0001CA33
    dd 0x1D659, 0x0001CA43
    dd 0x1D65A, 0x0001CA53
    dd 0x1D65B, 0x0001CA63
    dd 0x1D65C, 0x0001CA73
    dd 0x1D65D, 0x0001CA83
    dd 0x1D65E, 0x0001CA93
    dd 0x1D65F, 0x0001CAA3
    dd 0x1D660, 0x0001CAB3
    dd 0x1D661, 0x0001CAC3
    dd 0x1D662, 0x0001CAD3
    dd 0x1D663, 0x0001CAE3
    dd 0x1D664, 0x0001CAF3
    dd 0x1D665, 0x0001CB03
    dd 0x1D666, 0x0001CB13
    dd 0x1D667, 0x0001CB23
    dd 0x1D668, 0x0001CB33
    dd 0x1D669, 0x0001CB43
    dd 0x1D66A, 0x0001CB53
    dd 0x1D66B, 0x0001CB63
    dd 0x1D66C, 0x0001CB73
    dd 0x1D66D, 0x0001CB83
    dd 0x1D66E, 0x0001CB93
    dd 0x1D66F, 0x0001CBA3
    dd 0x1D670, 0x0001CBB3
    dd 0x1D671, 0x0001CBC3
    dd 0x1D672, 0x0001CBD3
    dd 0x1D673, 0x0001CBE3
    dd 0x1D674, 0x0001CBF3
    dd 0x1D675, 0x0001CC03
    dd 0x1D676, 0x0001CC13
    dd 0x1D677, 0x0001CC23
    dd 0x1D678, 0x0001CC33
    dd 0x1D679, 0x0001CC43
    dd 0x1D67A, 0x0001CC53
    dd 0x1D67B, 0x0001CC63
    dd 0x1D67C, 0x0001CC73
    dd 0x1D67D, 0x0001CC83
    dd 0x1D67E, 0x0001CC93
    dd 0x1D67F, 0x0001CCA3
    dd 0x1D680, 0x0001CCB3
    dd 0x1D681, 0x0001CCC3
    dd 0x1D682, 0x0001CCD3
    dd 0x1D683, 0x0001CCE3
    dd 0x1D684, 0x0001CCF3
    dd 0x1D685, 0x0001CD03
    dd 0x1D686, 0x0001CD13
    dd 0x1D687, 0x0001CD23
    dd 0x1D688, 0x0001CD33
    dd 0x1D689, 0x0001CD43
    dd 0x1D68A, 0x0001CD53
    dd 0x1D68B, 0x0001CD63
    dd 0x1D68C, 0x0001CD73
    dd 0x1D68D, 0x0001CD83
    dd 0x1D68E, 0x0001CD93
    dd 0x1D68F, 0x0001CDA3
    dd 0x1D690, 0x0001CDB3
    dd 0x1D691, 0x0001CDC3
    dd 0x1D692, 0x0001CDD3
    dd 0x1D693, 0x0001CDE3
    dd 0x1D694, 0x0001CDF3
    dd 0x1D695, 0x0001CE03
    dd 0x1D696, 0x0001CE13
    dd 0x1D697, 0x0001CE23
    dd 0x1D698, 0x0001CE33
    dd 0x1D699, 0x0001CE43
    dd 0x1D69A, 0x0001CE53
    dd 0x1D69B, 0x0001CE63
    dd 0x1D69C, 0x0001CE73
    dd 0x1D69D, 0x0001CE83
    dd 0x1D69E, 0x0001CE93
    dd 0x1D69F, 0x0001CEA3
    dd 0x1D6A0, 0x0001CEB3
    dd 0x1D6A1, 0x0001CEC3
    dd 0x1D6A2, 0x0001CED3
    dd 0x1D6A3, 0x0001CEE3
    dd 0x1D6A4, 0x0001CEF3
    dd 0x1D6A5, 0x0001CF03
    dd 0x1D6A8, 0x0001CF13
    dd 0x1D6A9, 0x0001CF23
    dd 0x1D6AA, 0x0001CF33
    dd 0x1D6AB, 0x0001CF43
    dd 0x1D6AC, 0x0001CF53
    dd 0x1D6AD, 0x0001CF63
    dd 0x1D6AE, 0x0001CF73
    dd 0x1D6AF, 0x0001CF83
    dd 0x1D6B0, 0x0001CF93
    dd 0x1D6B1, 0x0001CFA3
    dd 0x1D6B2, 0x0001CFB3
    dd 0x1D6B3, 0x0001CFC3
    dd 0x1D6B4, 0x0001CFD3
    dd 0x1D6B5, 0x0001CFE3
    dd 0x1D6B6, 0x0001CFF3
    dd 0x1D6B7, 0x0001D003
    dd 0x1D6B8, 0x0001D013
    dd 0x1D6B9, 0x0001D023
    dd 0x1D6BA, 0x0001D033
    dd 0x1D6BB, 0x0001D043
    dd 0x1D6BC, 0x0001D053
    dd 0x1D6BD, 0x0001D063
    dd 0x1D6BE, 0x0001D073
    dd 0x1D6BF, 0x0001D083
    dd 0x1D6C0, 0x0001D093
    dd 0x1D6C1, 0x0001D0A3
    dd 0x1D6C2, 0x0001D0B3
    dd 0x1D6C3, 0x0001D0C3
    dd 0x1D6C4, 0x0001D0D3
    dd 0x1D6C5, 0x0001D0E3
    dd 0x1D6C6, 0x0001D0F3
    dd 0x1D6C7, 0x0001D103
    dd 0x1D6C8, 0x0001D113
    dd 0x1D6C9, 0x0001D123
    dd 0x1D6CA, 0x0001D133
    dd 0x1D6CB, 0x0001D143
    dd 0x1D6CC, 0x0001D153
    dd 0x1D6CD, 0x0001D163
    dd 0x1D6CE, 0x0001D173
    dd 0x1D6CF, 0x0001D183
    dd 0x1D6D0, 0x0001D193
    dd 0x1D6D1, 0x0001D1A3
    dd 0x1D6D2, 0x0001D1B3
    dd 0x1D6D3, 0x0001D1C3
    dd 0x1D6D4, 0x0001D1D3
    dd 0x1D6D5, 0x0001D1E3
    dd 0x1D6D6, 0x0001D1F3
    dd 0x1D6D7, 0x0001D203
    dd 0x1D6D8, 0x0001D213
    dd 0x1D6D9, 0x0001D223
    dd 0x1D6DA, 0x0001D233
    dd 0x1D6DB, 0x0001D243
    dd 0x1D6DC, 0x0001D253
    dd 0x1D6DD, 0x0001D263
    dd 0x1D6DE, 0x0001D273
    dd 0x1D6DF, 0x0001D283
    dd 0x1D6E0, 0x0001D293
    dd 0x1D6E1, 0x0001D2A3
    dd 0x1D6E2, 0x0001D2B3
    dd 0x1D6E3, 0x0001D2C3
    dd 0x1D6E4, 0x0001D2D3
    dd 0x1D6E5, 0x0001D2E3
    dd 0x1D6E6, 0x0001D2F3
    dd 0x1D6E7, 0x0001D303
    dd 0x1D6E8, 0x0001D313
    dd 0x1D6E9, 0x0001D323
    dd 0x1D6EA, 0x0001D333
    dd 0x1D6EB, 0x0001D343
    dd 0x1D6EC, 0x0001D353
    dd 0x1D6ED, 0x0001D363
    dd 0x1D6EE, 0x0001D373
    dd 0x1D6EF, 0x0001D383
    dd 0x1D6F0, 0x0001D393
    dd 0x1D6F1, 0x0001D3A3
    dd 0x1D6F2, 0x0001D3B3
    dd 0x1D6F3, 0x0001D3C3
    dd 0x1D6F4, 0x0001D3D3
    dd 0x1D6F5, 0x0001D3E3
    dd 0x1D6F6, 0x0001D3F3
    dd 0x1D6F7, 0x0001D403
    dd 0x1D6F8, 0x0001D413
    dd 0x1D6F9, 0x0001D423
    dd 0x1D6FA, 0x0001D433
    dd 0x1D6FB, 0x0001D443
    dd 0x1D6FC, 0x0001D453
    dd 0x1D6FD, 0x0001D463
    dd 0x1D6FE, 0x0001D473
    dd 0x1D6FF, 0x0001D483
    dd 0x1D700, 0x0001D493
    dd 0x1D701, 0x0001D4A3
    dd 0x1D702, 0x0001D4B3
    dd 0x1D703, 0x0001D4C3
    dd 0x1D704, 0x0001D4D3
    dd 0x1D705, 0x0001D4E3
    dd 0x1D706, 0x0001D4F3
    dd 0x1D707, 0x0001D503
    dd 0x1D708, 0x0001D513
    dd 0x1D709, 0x0001D523
    dd 0x1D70A, 0x0001D533
    dd 0x1D70B, 0x0001D543
    dd 0x1D70C, 0x0001D553
    dd 0x1D70D, 0x0001D563
    dd 0x1D70E, 0x0001D573
    dd 0x1D70F, 0x0001D583
    dd 0x1D710, 0x0001D593
    dd 0x1D711, 0x0001D5A3
    dd 0x1D712, 0x0001D5B3
    dd 0x1D713, 0x0001D5C3
    dd 0x1D714, 0x0001D5D3
    dd 0x1D715, 0x0001D5E3
    dd 0x1D716, 0x0001D5F3
    dd 0x1D717, 0x0001D603
    dd 0x1D718, 0x0001D613
    dd 0x1D719, 0x0001D623
    dd 0x1D71A, 0x0001D633
    dd 0x1D71B, 0x0001D643
    dd 0x1D71C, 0x0001D653
    dd 0x1D71D, 0x0001D663
    dd 0x1D71E, 0x0001D673
    dd 0x1D71F, 0x0001D683
    dd 0x1D720, 0x0001D693
    dd 0x1D721, 0x0001D6A3
    dd 0x1D722, 0x0001D6B3
    dd 0x1D723, 0x0001D6C3
    dd 0x1D724, 0x0001D6D3
    dd 0x1D725, 0x0001D6E3
    dd 0x1D726, 0x0001D6F3
    dd 0x1D727, 0x0001D703
    dd 0x1D728, 0x0001D713
    dd 0x1D729, 0x0001D723
    dd 0x1D72A, 0x0001D733
    dd 0x1D72B, 0x0001D743
    dd 0x1D72C, 0x0001D753
    dd 0x1D72D, 0x0001D763
    dd 0x1D72E, 0x0001D773
    dd 0x1D72F, 0x0001D783
    dd 0x1D730, 0x0001D793
    dd 0x1D731, 0x0001D7A3
    dd 0x1D732, 0x0001D7B3
    dd 0x1D733, 0x0001D7C3
    dd 0x1D734, 0x0001D7D3
    dd 0x1D735, 0x0001D7E3
    dd 0x1D736, 0x0001D7F3
    dd 0x1D737, 0x0001D803
    dd 0x1D738, 0x0001D813
    dd 0x1D739, 0x0001D823
    dd 0x1D73A, 0x0001D833
    dd 0x1D73B, 0x0001D843
    dd 0x1D73C, 0x0001D853
    dd 0x1D73D, 0x0001D863
    dd 0x1D73E, 0x0001D873
    dd 0x1D73F, 0x0001D883
    dd 0x1D740, 0x0001D893
    dd 0x1D741, 0x0001D8A3
    dd 0x1D742, 0x0001D8B3
    dd 0x1D743, 0x0001D8C3
    dd 0x1D744, 0x0001D8D3
    dd 0x1D745, 0x0001D8E3
    dd 0x1D746, 0x0001D8F3
    dd 0x1D747, 0x0001D903
    dd 0x1D748, 0x0001D913
    dd 0x1D749, 0x0001D923
    dd 0x1D74A, 0x0001D933
    dd 0x1D74B, 0x0001D943
    dd 0x1D74C, 0x0001D953
    dd 0x1D74D, 0x0001D963
    dd 0x1D74E, 0x0001D973
    dd 0x1D74F, 0x0001D983
    dd 0x1D750, 0x0001D993
    dd 0x1D751, 0x0001D9A3
    dd 0x1D752, 0x0001D9B3
    dd 0x1D753, 0x0001D9C3
    dd 0x1D754, 0x0001D9D3
    dd 0x1D755, 0x0001D9E3
    dd 0x1D756, 0x0001D9F3
    dd 0x1D757, 0x0001DA03
    dd 0x1D758, 0x0001DA13
    dd 0x1D759, 0x0001DA23
    dd 0x1D75A, 0x0001DA33
    dd 0x1D75B, 0x0001DA43
    dd 0x1D75C, 0x0001DA53
    dd 0x1D75D, 0x0001DA63
    dd 0x1D75E, 0x0001DA73
    dd 0x1D75F, 0x0001DA83
    dd 0x1D760, 0x0001DA93
    dd 0x1D761, 0x0001DAA3
    dd 0x1D762, 0x0001DAB3
    dd 0x1D763, 0x0001DAC3
    dd 0x1D764, 0x0001DAD3
    dd 0x1D765, 0x0001DAE3
    dd 0x1D766, 0x0001DAF3
    dd 0x1D767, 0x0001DB03
    dd 0x1D768, 0x0001DB13
    dd 0x1D769, 0x0001DB23
    dd 0x1D76A, 0x0001DB33
    dd 0x1D76B, 0x0001DB43
    dd 0x1D76C, 0x0001DB53
    dd 0x1D76D, 0x0001DB63
    dd 0x1D76E, 0x0001DB73
    dd 0x1D76F, 0x0001DB83
    dd 0x1D770, 0x0001DB93
    dd 0x1D771, 0x0001DBA3
    dd 0x1D772, 0x0001DBB3
    dd 0x1D773, 0x0001DBC3
    dd 0x1D774, 0x0001DBD3
    dd 0x1D775, 0x0001DBE3
    dd 0x1D776, 0x0001DBF3
    dd 0x1D777, 0x0001DC03
    dd 0x1D778, 0x0001DC13
    dd 0x1D779, 0x0001DC23
    dd 0x1D77A, 0x0001DC33
    dd 0x1D77B, 0x0001DC43
    dd 0x1D77C, 0x0001DC53
    dd 0x1D77D, 0x0001DC63
    dd 0x1D77E, 0x0001DC73
    dd 0x1D77F, 0x0001DC83
    dd 0x1D780, 0x0001DC93
    dd 0x1D781, 0x0001DCA3
    dd 0x1D782, 0x0001DCB3
    dd 0x1D783, 0x0001DCC3
    dd 0x1D784, 0x0001DCD3
    dd 0x1D785, 0x0001DCE3
    dd 0x1D786, 0x0001DCF3
    dd 0x1D787, 0x0001DD03
    dd 0x1D788, 0x0001DD13
    dd 0x1D789, 0x0001DD23
    dd 0x1D78A, 0x0001DD33
    dd 0x1D78B, 0x0001DD43
    dd 0x1D78C, 0x0001DD53
    dd 0x1D78D, 0x0001DD63
    dd 0x1D78E, 0x0001DD73
    dd 0x1D78F, 0x0001DD83
    dd 0x1D790, 0x0001DD93
    dd 0x1D791, 0x0001DDA3
    dd 0x1D792, 0x0001DDB3
    dd 0x1D793, 0x0001DDC3
    dd 0x1D794, 0x0001DDD3
    dd 0x1D795, 0x0001DDE3
    dd 0x1D796, 0x0001DDF3
    dd 0x1D797, 0x0001DE03
    dd 0x1D798, 0x0001DE13
    dd 0x1D799, 0x0001DE23
    dd 0x1D79A, 0x0001DE33
    dd 0x1D79B, 0x0001DE43
    dd 0x1D79C, 0x0001DE53
    dd 0x1D79D, 0x0001DE63
    dd 0x1D79E, 0x0001DE73
    dd 0x1D79F, 0x0001DE83
    dd 0x1D7A0, 0x0001DE93
    dd 0x1D7A1, 0x0001DEA3
    dd 0x1D7A2, 0x0001DEB3
    dd 0x1D7A3, 0x0001DEC3
    dd 0x1D7A4, 0x0001DED3
    dd 0x1D7A5, 0x0001DEE3
    dd 0x1D7A6, 0x0001DEF3
    dd 0x1D7A7, 0x0001DF03
    dd 0x1D7A8, 0x0001DF13
    dd 0x1D7A9, 0x0001DF23
    dd 0x1D7AA, 0x0001DF33
    dd 0x1D7AB, 0x0001DF43
    dd 0x1D7AC, 0x0001DF53
    dd 0x1D7AD, 0x0001DF63
    dd 0x1D7AE, 0x0001DF73
    dd 0x1D7AF, 0x0001DF83
    dd 0x1D7B0, 0x0001DF93
    dd 0x1D7B1, 0x0001DFA3
    dd 0x1D7B2, 0x0001DFB3
    dd 0x1D7B3, 0x0001DFC3
    dd 0x1D7B4, 0x0001DFD3
    dd 0x1D7B5, 0x0001DFE3
    dd 0x1D7B6, 0x0001DFF3
    dd 0x1D7B7, 0x0001E003
    dd 0x1D7B8, 0x0001E013
    dd 0x1D7B9, 0x0001E023
    dd 0x1D7BA, 0x0001E033
    dd 0x1D7BB, 0x0001E043
    dd 0x1D7BC, 0x0001E053
    dd 0x1D7BD, 0x0001E063
    dd 0x1D7BE, 0x0001E073
    dd 0x1D7BF, 0x0001E083
    dd 0x1D7C0, 0x0001E093
    dd 0x1D7C1, 0x0001E0A3
    dd 0x1D7C2, 0x0001E0B3
    dd 0x1D7C3, 0x0001E0C3
    dd 0x1D7C4, 0x0001E0D3
    dd 0x1D7C5, 0x0001E0E3
    dd 0x1D7C6, 0x0001E0F3
    dd 0x1D7C7, 0x0001E103
    dd 0x1D7C8, 0x0001E113
    dd 0x1D7C9, 0x0001E123
    dd 0x1D7CA, 0x0001E133
    dd 0x1D7CB, 0x0001E143
    dd 0x1D7CE, 0x0001E153
    dd 0x1D7CF, 0x0001E163
    dd 0x1D7D0, 0x0001E173
    dd 0x1D7D1, 0x0001E183
    dd 0x1D7D2, 0x0001E193
    dd 0x1D7D3, 0x0001E1A3
    dd 0x1D7D4, 0x0001E1B3
    dd 0x1D7D5, 0x0001E1C3
    dd 0x1D7D6, 0x0001E1D3
    dd 0x1D7D7, 0x0001E1E3
    dd 0x1D7D8, 0x0001E1F3
    dd 0x1D7D9, 0x0001E203
    dd 0x1D7DA, 0x0001E213
    dd 0x1D7DB, 0x0001E223
    dd 0x1D7DC, 0x0001E233
    dd 0x1D7DD, 0x0001E243
    dd 0x1D7DE, 0x0001E253
    dd 0x1D7DF, 0x0001E263
    dd 0x1D7E0, 0x0001E273
    dd 0x1D7E1, 0x0001E283
    dd 0x1D7E2, 0x0001E293
    dd 0x1D7E3, 0x0001E2A3
    dd 0x1D7E4, 0x0001E2B3
    dd 0x1D7E5, 0x0001E2C3
    dd 0x1D7E6, 0x0001E2D3
    dd 0x1D7E7, 0x0001E2E3
    dd 0x1D7E8, 0x0001E2F3
    dd 0x1D7E9, 0x0001E303
    dd 0x1D7EA, 0x0001E313
    dd 0x1D7EB, 0x0001E323
    dd 0x1D7EC, 0x0001E333
    dd 0x1D7ED, 0x0001E343
    dd 0x1D7EE, 0x0001E353
    dd 0x1D7EF, 0x0001E363
    dd 0x1D7F0, 0x0001E373
    dd 0x1D7F1, 0x0001E383
    dd 0x1D7F2, 0x0001E393
    dd 0x1D7F3, 0x0001E3A3
    dd 0x1D7F4, 0x0001E3B3
    dd 0x1D7F5, 0x0001E3C3
    dd 0x1D7F6, 0x0001E3D3
    dd 0x1D7F7, 0x0001E3E3
    dd 0x1D7F8, 0x0001E3F3
    dd 0x1D7F9, 0x0001E403
    dd 0x1D7FA, 0x0001E413
    dd 0x1D7FB, 0x0001E423
    dd 0x1D7FC, 0x0001E433
    dd 0x1D7FD, 0x0001E443
    dd 0x1D7FE, 0x0001E453
    dd 0x1D7FF, 0x0001E463
    dd 0x1E030, 0x0001E473
    dd 0x1E031, 0x0001E483
    dd 0x1E032, 0x0001E493
    dd 0x1E033, 0x0001E4A3
    dd 0x1E034, 0x0001E4B3
    dd 0x1E035, 0x0001E4C3
    dd 0x1E036, 0x0001E4D3
    dd 0x1E037, 0x0001E4E3
    dd 0x1E038, 0x0001E4F3
    dd 0x1E039, 0x0001E503
    dd 0x1E03A, 0x0001E513
    dd 0x1E03B, 0x0001E523
    dd 0x1E03C, 0x0001E533
    dd 0x1E03D, 0x0001E543
    dd 0x1E03E, 0x0001E553
    dd 0x1E03F, 0x0001E563
    dd 0x1E040, 0x0001E573
    dd 0x1E041, 0x0001E583
    dd 0x1E042, 0x0001E593
    dd 0x1E043, 0x0001E5A3
    dd 0x1E044, 0x0001E5B3
    dd 0x1E045, 0x0001E5C3
    dd 0x1E046, 0x0001E5D3
    dd 0x1E047, 0x0001E5E3
    dd 0x1E048, 0x0001E5F3
    dd 0x1E049, 0x0001E603
    dd 0x1E04A, 0x0001E613
    dd 0x1E04B, 0x0001E623
    dd 0x1E04C, 0x0001E633
    dd 0x1E04D, 0x0001E643
    dd 0x1E04E, 0x0001E653
    dd 0x1E04F, 0x0001E663
    dd 0x1E050, 0x0001E673
    dd 0x1E051, 0x0001E683
    dd 0x1E052, 0x0001E693
    dd 0x1E053, 0x0001E6A3
    dd 0x1E054, 0x0001E6B3
    dd 0x1E055, 0x0001E6C3
    dd 0x1E056, 0x0001E6D3
    dd 0x1E057, 0x0001E6E3
    dd 0x1E058, 0x0001E6F3
    dd 0x1E059, 0x0001E703
    dd 0x1E05A, 0x0001E713
    dd 0x1E05B, 0x0001E723
    dd 0x1E05C, 0x0001E733
    dd 0x1E05D, 0x0001E743
    dd 0x1E05E, 0x0001E753
    dd 0x1E05F, 0x0001E763
    dd 0x1E060, 0x0001E773
    dd 0x1E061, 0x0001E783
    dd 0x1E062, 0x0001E793
    dd 0x1E063, 0x0001E7A3
    dd 0x1E064, 0x0001E7B3
    dd 0x1E065, 0x0001E7C3
    dd 0x1E066, 0x0001E7D3
    dd 0x1E067, 0x0001E7E3
    dd 0x1E068, 0x0001E7F3
    dd 0x1E069, 0x0001E803
    dd 0x1E06A, 0x0001E813
    dd 0x1E06B, 0x0001E823
    dd 0x1E06C, 0x0001E833
    dd 0x1E06D, 0x0001E843
    dd 0x1EE00, 0x0001E853
    dd 0x1EE01, 0x0001E863
    dd 0x1EE02, 0x0001E873
    dd 0x1EE03, 0x0001E883
    dd 0x1EE05, 0x0001E893
    dd 0x1EE06, 0x0001E8A3
    dd 0x1EE07, 0x0001E8B3
    dd 0x1EE08, 0x0001E8C3
    dd 0x1EE09, 0x0001E8D3
    dd 0x1EE0A, 0x0001E8E3
    dd 0x1EE0B, 0x0001E8F3
    dd 0x1EE0C, 0x0001E903
    dd 0x1EE0D, 0x0001E913
    dd 0x1EE0E, 0x0001E923
    dd 0x1EE0F, 0x0001E933
    dd 0x1EE10, 0x0001E943
    dd 0x1EE11, 0x0001E953
    dd 0x1EE12, 0x0001E963
    dd 0x1EE13, 0x0001E973
    dd 0x1EE14, 0x0001E983
    dd 0x1EE15, 0x0001E993
    dd 0x1EE16, 0x0001E9A3
    dd 0x1EE17, 0x0001E9B3
    dd 0x1EE18, 0x0001E9C3
    dd 0x1EE19, 0x0001E9D3
    dd 0x1EE1A, 0x0001E9E3
    dd 0x1EE1B, 0x0001E9F3
    dd 0x1EE1C, 0x0001EA03
    dd 0x1EE1D, 0x0001EA13
    dd 0x1EE1E, 0x0001EA23
    dd 0x1EE1F, 0x0001EA33
    dd 0x1EE21, 0x0001EA43
    dd 0x1EE22, 0x0001EA53
    dd 0x1EE24, 0x0001EA63
    dd 0x1EE27, 0x0001EA73
    dd 0x1EE29, 0x0001EA83
    dd 0x1EE2A, 0x0001EA93
    dd 0x1EE2B, 0x0001EAA3
    dd 0x1EE2C, 0x0001EAB3
    dd 0x1EE2D, 0x0001EAC3
    dd 0x1EE2E, 0x0001EAD3
    dd 0x1EE2F, 0x0001EAE3
    dd 0x1EE30, 0x0001EAF3
    dd 0x1EE31, 0x0001EB03
    dd 0x1EE32, 0x0001EB13
    dd 0x1EE34, 0x0001EB23
    dd 0x1EE35, 0x0001EB33
    dd 0x1EE36, 0x0001EB43
    dd 0x1EE37, 0x0001EB53
    dd 0x1EE39, 0x0001EB63
    dd 0x1EE3B, 0x0001EB73
    dd 0x1EE42, 0x0001EB83
    dd 0x1EE47, 0x0001EB93
    dd 0x1EE49, 0x0001EBA3
    dd 0x1EE4B, 0x0001EBB3
    dd 0x1EE4D, 0x0001EBC3
    dd 0x1EE4E, 0x0001EBD3
    dd 0x1EE4F, 0x0001EBE3
    dd 0x1EE51, 0x0001EBF3
    dd 0x1EE52, 0x0001EC03
    dd 0x1EE54, 0x0001EC13
    dd 0x1EE57, 0x0001EC23
    dd 0x1EE59, 0x0001EC33
    dd 0x1EE5B, 0x0001EC43
    dd 0x1EE5D, 0x0001EC53
    dd 0x1EE5F, 0x0001EC63
    dd 0x1EE61, 0x0001EC73
    dd 0x1EE62, 0x0001EC83
    dd 0x1EE64, 0x0001EC93
    dd 0x1EE67, 0x0001ECA3
    dd 0x1EE68, 0x0001ECB3
    dd 0x1EE69, 0x0001ECC3
    dd 0x1EE6A, 0x0001ECD3
    dd 0x1EE6C, 0x0001ECE3
    dd 0x1EE6D, 0x0001ECF3
    dd 0x1EE6E, 0x0001ED03
    dd 0x1EE6F, 0x0001ED13
    dd 0x1EE70, 0x0001ED23
    dd 0x1EE71, 0x0001ED33
    dd 0x1EE72, 0x0001ED43
    dd 0x1EE74, 0x0001ED53
    dd 0x1EE75, 0x0001ED63
    dd 0x1EE76, 0x0001ED73
    dd 0x1EE77, 0x0001ED83
    dd 0x1EE79, 0x0001ED93
    dd 0x1EE7A, 0x0001EDA3
    dd 0x1EE7B, 0x0001EDB3
    dd 0x1EE7C, 0x0001EDC3
    dd 0x1EE7E, 0x0001EDD3
    dd 0x1EE80, 0x0001EDE3
    dd 0x1EE81, 0x0001EDF3
    dd 0x1EE82, 0x0001EE03
    dd 0x1EE83, 0x0001EE13
    dd 0x1EE84, 0x0001EE23
    dd 0x1EE85, 0x0001EE33
    dd 0x1EE86, 0x0001EE43
    dd 0x1EE87, 0x0001EE53
    dd 0x1EE88, 0x0001EE63
    dd 0x1EE89, 0x0001EE73
    dd 0x1EE8B, 0x0001EE83
    dd 0x1EE8C, 0x0001EE93
    dd 0x1EE8D, 0x0001EEA3
    dd 0x1EE8E, 0x0001EEB3
    dd 0x1EE8F, 0x0001EEC3
    dd 0x1EE90, 0x0001EED3
    dd 0x1EE91, 0x0001EEE3
    dd 0x1EE92, 0x0001EEF3
    dd 0x1EE93, 0x0001EF03
    dd 0x1EE94, 0x0001EF13
    dd 0x1EE95, 0x0001EF23
    dd 0x1EE96, 0x0001EF33
    dd 0x1EE97, 0x0001EF43
    dd 0x1EE98, 0x0001EF53
    dd 0x1EE99, 0x0001EF63
    dd 0x1EE9A, 0x0001EF73
    dd 0x1EE9B, 0x0001EF83
    dd 0x1EEA1, 0x0001EF93
    dd 0x1EEA2, 0x0001EFA3
    dd 0x1EEA3, 0x0001EFB3
    dd 0x1EEA5, 0x0001EFC3
    dd 0x1EEA6, 0x0001EFD3
    dd 0x1EEA7, 0x0001EFE3
    dd 0x1EEA8, 0x0001EFF3
    dd 0x1EEA9, 0x0001F003
    dd 0x1EEAB, 0x0001F013
    dd 0x1EEAC, 0x0001F023
    dd 0x1EEAD, 0x0001F033
    dd 0x1EEAE, 0x0001F043
    dd 0x1EEAF, 0x0001F053
    dd 0x1EEB0, 0x0001F063
    dd 0x1EEB1, 0x0001F073
    dd 0x1EEB2, 0x0001F083
    dd 0x1EEB3, 0x0001F093
    dd 0x1EEB4, 0x0001F0A3
    dd 0x1EEB5, 0x0001F0B3
    dd 0x1EEB6, 0x0001F0C3
    dd 0x1EEB7, 0x0001F0D3
    dd 0x1EEB8, 0x0001F0E3
    dd 0x1EEB9, 0x0001F0F3
    dd 0x1EEBA, 0x0001F103
    dd 0x1EEBB, 0x0001F113
    dd 0x1F100, 0x0001F125
    dd 0x1F101, 0x0001F145
    dd 0x1F102, 0x0001F165
    dd 0x1F103, 0x0001F185
    dd 0x1F104, 0x0001F1A5
    dd 0x1F105, 0x0001F1C5
    dd 0x1F106, 0x0001F1E5
    dd 0x1F107, 0x0001F205
    dd 0x1F108, 0x0001F225
    dd 0x1F109, 0x0001F245
    dd 0x1F10A, 0x0001F265
    dd 0x1F110, 0x0001F287
    dd 0x1F111, 0x0001F2B7
    dd 0x1F112, 0x0001F2E7
    dd 0x1F113, 0x0001F317
    dd 0x1F114, 0x0001F347
    dd 0x1F115, 0x0001F377
    dd 0x1F116, 0x0001F3A7
    dd 0x1F117, 0x0001F3D7
    dd 0x1F118, 0x0001F407
    dd 0x1F119, 0x0001F437
    dd 0x1F11A, 0x0001F467
    dd 0x1F11B, 0x0001F497
    dd 0x1F11C, 0x0001F4C7
    dd 0x1F11D, 0x0001F4F7
    dd 0x1F11E, 0x0001F527
    dd 0x1F11F, 0x0001F557
    dd 0x1F120, 0x0001F587
    dd 0x1F121, 0x0001F5B7
    dd 0x1F122, 0x0001F5E7
    dd 0x1F123, 0x0001F617
    dd 0x1F124, 0x0001F647
    dd 0x1F125, 0x0001F677
    dd 0x1F126, 0x0001F6A7
    dd 0x1F127, 0x0001F6D7
    dd 0x1F128, 0x0001F707
    dd 0x1F129, 0x0001F737
    dd 0x1F12A, 0x0001F767
    dd 0x1F12B, 0x0001F793
    dd 0x1F12C, 0x0001F7A3
    dd 0x1F12D, 0x0001F7B5
    dd 0x1F12E, 0x0001F7D5
    dd 0x1F130, 0x0001F7F3
    dd 0x1F131, 0x0001F803
    dd 0x1F132, 0x0001F813
    dd 0x1F133, 0x0001F823
    dd 0x1F134, 0x0001F833
    dd 0x1F135, 0x0001F843
    dd 0x1F136, 0x0001F853
    dd 0x1F137, 0x0001F863
    dd 0x1F138, 0x0001F873
    dd 0x1F139, 0x0001F883
    dd 0x1F13A, 0x0001F893
    dd 0x1F13B, 0x0001F8A3
    dd 0x1F13C, 0x0001F8B3
    dd 0x1F13D, 0x0001F8C3
    dd 0x1F13E, 0x0001F8D3
    dd 0x1F13F, 0x0001F8E3
    dd 0x1F140, 0x0001F8F3
    dd 0x1F141, 0x0001F903
    dd 0x1F142, 0x0001F913
    dd 0x1F143, 0x0001F923
    dd 0x1F144, 0x0001F933
    dd 0x1F145, 0x0001F943
    dd 0x1F146, 0x0001F953
    dd 0x1F147, 0x0001F963
    dd 0x1F148, 0x0001F973
    dd 0x1F149, 0x0001F983
    dd 0x1F14A, 0x0001F995
    dd 0x1F14B, 0x0001F9B5
    dd 0x1F14C, 0x0001F9D5
    dd 0x1F14D, 0x0001F9F5
    dd 0x1F14E, 0x0001FA17
    dd 0x1F14F, 0x0001FA45
    dd 0x1F16A, 0x0001FA65
    dd 0x1F16B, 0x0001FA85
    dd 0x1F16C, 0x0001FAA5
    dd 0x1F190, 0x0001FAC5
    dd 0x1F200, 0x0001FAE5
    dd 0x1F201, 0x0001FB05
    dd 0x1F202, 0x0001FB23
    dd 0x1F210, 0x0001FB33
    dd 0x1F211, 0x0001FB43
    dd 0x1F212, 0x0001FB53
    dd 0x1F213, 0x0001FB63
    dd 0x1F214, 0x0001FB73
    dd 0x1F215, 0x0001FB83
    dd 0x1F216, 0x0001FB93
    dd 0x1F217, 0x0001FBA3
    dd 0x1F218, 0x0001FBB3
    dd 0x1F219, 0x0001FBC3
    dd 0x1F21A, 0x0001FBD3
    dd 0x1F21B, 0x0001FBE3
    dd 0x1F21C, 0x0001FBF3
    dd 0x1F21D, 0x0001FC03
    dd 0x1F21E, 0x0001FC13
    dd 0x1F21F, 0x0001FC23
    dd 0x1F220, 0x0001FC33
    dd 0x1F221, 0x0001FC43
    dd 0x1F222, 0x0001FC53
    dd 0x1F223, 0x0001FC63
    dd 0x1F224, 0x0001FC73
    dd 0x1F225, 0x0001FC83
    dd 0x1F226, 0x0001FC93
    dd 0x1F227, 0x0001FCA3
    dd 0x1F228, 0x0001FCB3
    dd 0x1F229, 0x0001FCC3
    dd 0x1F22A, 0x0001FCD3
    dd 0x1F22B, 0x0001FCE3
    dd 0x1F22C, 0x0001FCF3
    dd 0x1F22D, 0x0001FD03
    dd 0x1F22E, 0x0001FD13
    dd 0x1F22F, 0x0001FD23
    dd 0x1F230, 0x0001FD33
    dd 0x1F231, 0x0001FD43
    dd 0x1F232, 0x0001FD53
    dd 0x1F233, 0x0001FD63
    dd 0x1F234, 0x0001FD73
    dd 0x1F235, 0x0001FD83
    dd 0x1F236, 0x0001FD93
    dd 0x1F237, 0x0001FDA3
    dd 0x1F238, 0x0001FDB3
    dd 0x1F239, 0x0001FDC3
    dd 0x1F23A, 0x0001FDD3
    dd 0x1F23B, 0x0001FDE3
    dd 0x1F240, 0x0001FDF7
    dd 0x1F241, 0x0001FE27
    dd 0x1F242, 0x0001FE57
    dd 0x1F243, 0x0001FE87
    dd 0x1F244, 0x0001FEB7
    dd 0x1F245, 0x0001FEE7
    dd 0x1F246, 0x0001FF17
    dd 0x1F247, 0x0001FF47
    dd 0x1F248, 0x0001FF77
    dd 0x1F250, 0x0001FFA3
    dd 0x1F251, 0x0001FFB3
    dd 0x1FBF0, 0x0001FFC3
    dd 0x1FBF1, 0x0001FFD3
    dd 0x1FBF2, 0x0001FFE3
    dd 0x1FBF3, 0x0001FFF3
    dd 0x1FBF4, 0x00020003
    dd 0x1FBF5, 0x00020013
    dd 0x1FBF6, 0x00020023
    dd 0x1FBF7, 0x00020033
    dd 0x1FBF8, 0x00020043
    dd 0x1FBF9, 0x00020053
    dd 0x2F800, 0x00020062
    dd 0x2F801, 0x00020072
    dd 0x2F802, 0x00020082
    dd 0x2F803, 0x00020092
    dd 0x2F804, 0x000200A2
    dd 0x2F805, 0x000200B2
    dd 0x2F806, 0x000200C2
    dd 0x2F807, 0x000200D2
    dd 0x2F808, 0x000200E2
    dd 0x2F809, 0x000200F2
    dd 0x2F80A, 0x00020102
    dd 0x2F80B, 0x00020112
    dd 0x2F80C, 0x00020122
    dd 0x2F80D, 0x00020132
    dd 0x2F80E, 0x00020142
    dd 0x2F80F, 0x00020152
    dd 0x2F810, 0x00020162
    dd 0x2F811, 0x00020172
    dd 0x2F812, 0x00020182
    dd 0x2F813, 0x00020192
    dd 0x2F814, 0x000201A2
    dd 0x2F815, 0x000201B2
    dd 0x2F816, 0x000201C2
    dd 0x2F817, 0x000201D2
    dd 0x2F818, 0x000201E2
    dd 0x2F819, 0x000201F2
    dd 0x2F81A, 0x00020202
    dd 0x2F81B, 0x00020212
    dd 0x2F81C, 0x00020222
    dd 0x2F81D, 0x00020232
    dd 0x2F81E, 0x00020242
    dd 0x2F81F, 0x00020252
    dd 0x2F820, 0x00020262
    dd 0x2F821, 0x00020272
    dd 0x2F822, 0x00020282
    dd 0x2F823, 0x00020292
    dd 0x2F824, 0x000202A2
    dd 0x2F825, 0x000202B2
    dd 0x2F826, 0x000202C2
    dd 0x2F827, 0x000202D2
    dd 0x2F828, 0x000202E2
    dd 0x2F829, 0x000202F2
    dd 0x2F82A, 0x00020302
    dd 0x2F82B, 0x00020312
    dd 0x2F82C, 0x00020322
    dd 0x2F82D, 0x00020332
    dd 0x2F82E, 0x00020342
    dd 0x2F82F, 0x00020352
    dd 0x2F830, 0x00020362
    dd 0x2F831, 0x00020372
    dd 0x2F832, 0x00020382
    dd 0x2F833, 0x00020392
    dd 0x2F834, 0x000203A2
    dd 0x2F835, 0x000203B2
    dd 0x2F836, 0x000203C2
    dd 0x2F837, 0x000203D2
    dd 0x2F838, 0x000203E2
    dd 0x2F839, 0x000203F2
    dd 0x2F83A, 0x00020402
    dd 0x2F83B, 0x00020412
    dd 0x2F83C, 0x00020422
    dd 0x2F83D, 0x00020432
    dd 0x2F83E, 0x00020442
    dd 0x2F83F, 0x00020452
    dd 0x2F840, 0x00020462
    dd 0x2F841, 0x00020472
    dd 0x2F842, 0x00020482
    dd 0x2F843, 0x00020492
    dd 0x2F844, 0x000204A2
    dd 0x2F845, 0x000204B2
    dd 0x2F846, 0x000204C2
    dd 0x2F847, 0x000204D2
    dd 0x2F848, 0x000204E2
    dd 0x2F849, 0x000204F2
    dd 0x2F84A, 0x00020502
    dd 0x2F84B, 0x00020512
    dd 0x2F84C, 0x00020522
    dd 0x2F84D, 0x00020532
    dd 0x2F84E, 0x00020542
    dd 0x2F84F, 0x00020552
    dd 0x2F850, 0x00020562
    dd 0x2F851, 0x00020572
    dd 0x2F852, 0x00020582
    dd 0x2F853, 0x00020592
    dd 0x2F854, 0x000205A2
    dd 0x2F855, 0x000205B2
    dd 0x2F856, 0x000205C2
    dd 0x2F857, 0x000205D2
    dd 0x2F858, 0x000205E2
    dd 0x2F859, 0x000205F2
    dd 0x2F85A, 0x00020602
    dd 0x2F85B, 0x00020612
    dd 0x2F85C, 0x00020622
    dd 0x2F85D, 0x00020632
    dd 0x2F85E, 0x00020642
    dd 0x2F85F, 0x00020652
    dd 0x2F860, 0x00020662
    dd 0x2F861, 0x00020672
    dd 0x2F862, 0x00020682
    dd 0x2F863, 0x00020692
    dd 0x2F864, 0x000206A2
    dd 0x2F865, 0x000206B2
    dd 0x2F866, 0x000206C2
    dd 0x2F867, 0x000206D2
    dd 0x2F868, 0x000206E2
    dd 0x2F869, 0x000206F2
    dd 0x2F86A, 0x00020702
    dd 0x2F86B, 0x00020712
    dd 0x2F86C, 0x00020722
    dd 0x2F86D, 0x00020732
    dd 0x2F86E, 0x00020742
    dd 0x2F86F, 0x00020752
    dd 0x2F870, 0x00020762
    dd 0x2F871, 0x00020772
    dd 0x2F872, 0x00020782
    dd 0x2F873, 0x00020792
    dd 0x2F874, 0x000207A2
    dd 0x2F875, 0x000207B2
    dd 0x2F876, 0x000207C2
    dd 0x2F877, 0x000207D2
    dd 0x2F878, 0x000207E2
    dd 0x2F879, 0x000207F2
    dd 0x2F87A, 0x00020802
    dd 0x2F87B, 0x00020812
    dd 0x2F87C, 0x00020822
    dd 0x2F87D, 0x00020832
    dd 0x2F87E, 0x00020842
    dd 0x2F87F, 0x00020852
    dd 0x2F880, 0x00020862
    dd 0x2F881, 0x00020872
    dd 0x2F882, 0x00020882
    dd 0x2F883, 0x00020892
    dd 0x2F884, 0x000208A2
    dd 0x2F885, 0x000208B2
    dd 0x2F886, 0x000208C2
    dd 0x2F887, 0x000208D2
    dd 0x2F888, 0x000208E2
    dd 0x2F889, 0x000208F2
    dd 0x2F88A, 0x00020902
    dd 0x2F88B, 0x00020912
    dd 0x2F88C, 0x00020922
    dd 0x2F88D, 0x00020932
    dd 0x2F88E, 0x00020942
    dd 0x2F88F, 0x00020952
    dd 0x2F890, 0x00020962
    dd 0x2F891, 0x00020972
    dd 0x2F892, 0x00020982
    dd 0x2F893, 0x00020992
    dd 0x2F894, 0x000209A2
    dd 0x2F895, 0x000209B2
    dd 0x2F896, 0x000209C2
    dd 0x2F897, 0x000209D2
    dd 0x2F898, 0x000209E2
    dd 0x2F899, 0x000209F2
    dd 0x2F89A, 0x00020A02
    dd 0x2F89B, 0x00020A12
    dd 0x2F89C, 0x00020A22
    dd 0x2F89D, 0x00020A32
    dd 0x2F89E, 0x00020A42
    dd 0x2F89F, 0x00020A52
    dd 0x2F8A0, 0x00020A62
    dd 0x2F8A1, 0x00020A72
    dd 0x2F8A2, 0x00020A82
    dd 0x2F8A3, 0x00020A92
    dd 0x2F8A4, 0x00020AA2
    dd 0x2F8A5, 0x00020AB2
    dd 0x2F8A6, 0x00020AC2
    dd 0x2F8A7, 0x00020AD2
    dd 0x2F8A8, 0x00020AE2
    dd 0x2F8A9, 0x00020AF2
    dd 0x2F8AA, 0x00020B02
    dd 0x2F8AB, 0x00020B12
    dd 0x2F8AC, 0x00020B22
    dd 0x2F8AD, 0x00020B32
    dd 0x2F8AE, 0x00020B42
    dd 0x2F8AF, 0x00020B52
    dd 0x2F8B0, 0x00020B62
    dd 0x2F8B1, 0x00020B72
    dd 0x2F8B2, 0x00020B82
    dd 0x2F8B3, 0x00020B92
    dd 0x2F8B4, 0x00020BA2
    dd 0x2F8B5, 0x00020BB2
    dd 0x2F8B6, 0x00020BC2
    dd 0x2F8B7, 0x00020BD2
    dd 0x2F8B8, 0x00020BE2
    dd 0x2F8B9, 0x00020BF2
    dd 0x2F8BA, 0x00020C02
    dd 0x2F8BB, 0x00020C12
    dd 0x2F8BC, 0x00020C22
    dd 0x2F8BD, 0x00020C32
    dd 0x2F8BE, 0x00020C42
    dd 0x2F8BF, 0x00020C52
    dd 0x2F8C0, 0x00020C62
    dd 0x2F8C1, 0x00020C72
    dd 0x2F8C2, 0x00020C82
    dd 0x2F8C3, 0x00020C92
    dd 0x2F8C4, 0x00020CA2
    dd 0x2F8C5, 0x00020CB2
    dd 0x2F8C6, 0x00020CC2
    dd 0x2F8C7, 0x00020CD2
    dd 0x2F8C8, 0x00020CE2
    dd 0x2F8C9, 0x00020CF2
    dd 0x2F8CA, 0x00020D02
    dd 0x2F8CB, 0x00020D12
    dd 0x2F8CC, 0x00020D22
    dd 0x2F8CD, 0x00020D32
    dd 0x2F8CE, 0x00020D42
    dd 0x2F8CF, 0x00020D52
    dd 0x2F8D0, 0x00020D62
    dd 0x2F8D1, 0x00020D72
    dd 0x2F8D2, 0x00020D82
    dd 0x2F8D3, 0x00020D92
    dd 0x2F8D4, 0x00020DA2
    dd 0x2F8D5, 0x00020DB2
    dd 0x2F8D6, 0x00020DC2
    dd 0x2F8D7, 0x00020DD2
    dd 0x2F8D8, 0x00020DE2
    dd 0x2F8D9, 0x00020DF2
    dd 0x2F8DA, 0x00020E02
    dd 0x2F8DB, 0x00020E12
    dd 0x2F8DC, 0x00020E22
    dd 0x2F8DD, 0x00020E32
    dd 0x2F8DE, 0x00020E42
    dd 0x2F8DF, 0x00020E52
    dd 0x2F8E0, 0x00020E62
    dd 0x2F8E1, 0x00020E72
    dd 0x2F8E2, 0x00020E82
    dd 0x2F8E3, 0x00020E92
    dd 0x2F8E4, 0x00020EA2
    dd 0x2F8E5, 0x00020EB2
    dd 0x2F8E6, 0x00020EC2
    dd 0x2F8E7, 0x00020ED2
    dd 0x2F8E8, 0x00020EE2
    dd 0x2F8E9, 0x00020EF2
    dd 0x2F8EA, 0x00020F02
    dd 0x2F8EB, 0x00020F12
    dd 0x2F8EC, 0x00020F22
    dd 0x2F8ED, 0x00020F32
    dd 0x2F8EE, 0x00020F42
    dd 0x2F8EF, 0x00020F52
    dd 0x2F8F0, 0x00020F62
    dd 0x2F8F1, 0x00020F72
    dd 0x2F8F2, 0x00020F82
    dd 0x2F8F3, 0x00020F92
    dd 0x2F8F4, 0x00020FA2
    dd 0x2F8F5, 0x00020FB2
    dd 0x2F8F6, 0x00020FC2
    dd 0x2F8F7, 0x00020FD2
    dd 0x2F8F8, 0x00020FE2
    dd 0x2F8F9, 0x00020FF2
    dd 0x2F8FA, 0x00021002
    dd 0x2F8FB, 0x00021012
    dd 0x2F8FC, 0x00021022
    dd 0x2F8FD, 0x00021032
    dd 0x2F8FE, 0x00021042
    dd 0x2F8FF, 0x00021052
    dd 0x2F900, 0x00021062
    dd 0x2F901, 0x00021072
    dd 0x2F902, 0x00021082
    dd 0x2F903, 0x00021092
    dd 0x2F904, 0x000210A2
    dd 0x2F905, 0x000210B2
    dd 0x2F906, 0x000210C2
    dd 0x2F907, 0x000210D2
    dd 0x2F908, 0x000210E2
    dd 0x2F909, 0x000210F2
    dd 0x2F90A, 0x00021102
    dd 0x2F90B, 0x00021112
    dd 0x2F90C, 0x00021122
    dd 0x2F90D, 0x00021132
    dd 0x2F90E, 0x00021142
    dd 0x2F90F, 0x00021152
    dd 0x2F910, 0x00021162
    dd 0x2F911, 0x00021172
    dd 0x2F912, 0x00021182
    dd 0x2F913, 0x00021192
    dd 0x2F914, 0x000211A2
    dd 0x2F915, 0x000211B2
    dd 0x2F916, 0x000211C2
    dd 0x2F917, 0x000211D2
    dd 0x2F918, 0x000211E2
    dd 0x2F919, 0x000211F2
    dd 0x2F91A, 0x00021202
    dd 0x2F91B, 0x00021212
    dd 0x2F91C, 0x00021222
    dd 0x2F91D, 0x00021232
    dd 0x2F91E, 0x00021242
    dd 0x2F91F, 0x00021252
    dd 0x2F920, 0x00021262
    dd 0x2F921, 0x00021272
    dd 0x2F922, 0x00021282
    dd 0x2F923, 0x00021292
    dd 0x2F924, 0x000212A2
    dd 0x2F925, 0x000212B2
    dd 0x2F926, 0x000212C2
    dd 0x2F927, 0x000212D2
    dd 0x2F928, 0x000212E2
    dd 0x2F929, 0x000212F2
    dd 0x2F92A, 0x00021302
    dd 0x2F92B, 0x00021312
    dd 0x2F92C, 0x00021322
    dd 0x2F92D, 0x00021332
    dd 0x2F92E, 0x00021342
    dd 0x2F92F, 0x00021352
    dd 0x2F930, 0x00021362
    dd 0x2F931, 0x00021372
    dd 0x2F932, 0x00021382
    dd 0x2F933, 0x00021392
    dd 0x2F934, 0x000213A2
    dd 0x2F935, 0x000213B2
    dd 0x2F936, 0x000213C2
    dd 0x2F937, 0x000213D2
    dd 0x2F938, 0x000213E2
    dd 0x2F939, 0x000213F2
    dd 0x2F93A, 0x00021402
    dd 0x2F93B, 0x00021412
    dd 0x2F93C, 0x00021422
    dd 0x2F93D, 0x00021432
    dd 0x2F93E, 0x00021442
    dd 0x2F93F, 0x00021452
    dd 0x2F940, 0x00021462
    dd 0x2F941, 0x00021472
    dd 0x2F942, 0x00021482
    dd 0x2F943, 0x00021492
    dd 0x2F944, 0x000214A2
    dd 0x2F945, 0x000214B2
    dd 0x2F946, 0x000214C2
    dd 0x2F947, 0x000214D2
    dd 0x2F948, 0x000214E2
    dd 0x2F949, 0x000214F2
    dd 0x2F94A, 0x00021502
    dd 0x2F94B, 0x00021512
    dd 0x2F94C, 0x00021522
    dd 0x2F94D, 0x00021532
    dd 0x2F94E, 0x00021542
    dd 0x2F94F, 0x00021552
    dd 0x2F950, 0x00021562
    dd 0x2F951, 0x00021572
    dd 0x2F952, 0x00021582
    dd 0x2F953, 0x00021592
    dd 0x2F954, 0x000215A2
    dd 0x2F955, 0x000215B2
    dd 0x2F956, 0x000215C2
    dd 0x2F957, 0x000215D2
    dd 0x2F958, 0x000215E2
    dd 0x2F959, 0x000215F2
    dd 0x2F95A, 0x00021602
    dd 0x2F95B, 0x00021612
    dd 0x2F95C, 0x00021622
    dd 0x2F95D, 0x00021632
    dd 0x2F95E, 0x00021642
    dd 0x2F95F, 0x00021652
    dd 0x2F960, 0x00021662
    dd 0x2F961, 0x00021672
    dd 0x2F962, 0x00021682
    dd 0x2F963, 0x00021692
    dd 0x2F964, 0x000216A2
    dd 0x2F965, 0x000216B2
    dd 0x2F966, 0x000216C2
    dd 0x2F967, 0x000216D2
    dd 0x2F968, 0x000216E2
    dd 0x2F969, 0x000216F2
    dd 0x2F96A, 0x00021702
    dd 0x2F96B, 0x00021712
    dd 0x2F96C, 0x00021722
    dd 0x2F96D, 0x00021732
    dd 0x2F96E, 0x00021742
    dd 0x2F96F, 0x00021752
    dd 0x2F970, 0x00021762
    dd 0x2F971, 0x00021772
    dd 0x2F972, 0x00021782
    dd 0x2F973, 0x00021792
    dd 0x2F974, 0x000217A2
    dd 0x2F975, 0x000217B2
    dd 0x2F976, 0x000217C2
    dd 0x2F977, 0x000217D2
    dd 0x2F978, 0x000217E2
    dd 0x2F979, 0x000217F2
    dd 0x2F97A, 0x00021802
    dd 0x2F97B, 0x00021812
    dd 0x2F97C, 0x00021822
    dd 0x2F97D, 0x00021832
    dd 0x2F97E, 0x00021842
    dd 0x2F97F, 0x00021852
    dd 0x2F980, 0x00021862
    dd 0x2F981, 0x00021872
    dd 0x2F982, 0x00021882
    dd 0x2F983, 0x00021892
    dd 0x2F984, 0x000218A2
    dd 0x2F985, 0x000218B2
    dd 0x2F986, 0x000218C2
    dd 0x2F987, 0x000218D2
    dd 0x2F988, 0x000218E2
    dd 0x2F989, 0x000218F2
    dd 0x2F98A, 0x00021902
    dd 0x2F98B, 0x00021912
    dd 0x2F98C, 0x00021922
    dd 0x2F98D, 0x00021932
    dd 0x2F98E, 0x00021942
    dd 0x2F98F, 0x00021952
    dd 0x2F990, 0x00021962
    dd 0x2F991, 0x00021972
    dd 0x2F992, 0x00021982
    dd 0x2F993, 0x00021992
    dd 0x2F994, 0x000219A2
    dd 0x2F995, 0x000219B2
    dd 0x2F996, 0x000219C2
    dd 0x2F997, 0x000219D2
    dd 0x2F998, 0x000219E2
    dd 0x2F999, 0x000219F2
    dd 0x2F99A, 0x00021A02
    dd 0x2F99B, 0x00021A12
    dd 0x2F99C, 0x00021A22
    dd 0x2F99D, 0x00021A32
    dd 0x2F99E, 0x00021A42
    dd 0x2F99F, 0x00021A52
    dd 0x2F9A0, 0x00021A62
    dd 0x2F9A1, 0x00021A72
    dd 0x2F9A2, 0x00021A82
    dd 0x2F9A3, 0x00021A92
    dd 0x2F9A4, 0x00021AA2
    dd 0x2F9A5, 0x00021AB2
    dd 0x2F9A6, 0x00021AC2
    dd 0x2F9A7, 0x00021AD2
    dd 0x2F9A8, 0x00021AE2
    dd 0x2F9A9, 0x00021AF2
    dd 0x2F9AA, 0x00021B02
    dd 0x2F9AB, 0x00021B12
    dd 0x2F9AC, 0x00021B22
    dd 0x2F9AD, 0x00021B32
    dd 0x2F9AE, 0x00021B42
    dd 0x2F9AF, 0x00021B52
    dd 0x2F9B0, 0x00021B62
    dd 0x2F9B1, 0x00021B72
    dd 0x2F9B2, 0x00021B82
    dd 0x2F9B3, 0x00021B92
    dd 0x2F9B4, 0x00021BA2
    dd 0x2F9B5, 0x00021BB2
    dd 0x2F9B6, 0x00021BC2
    dd 0x2F9B7, 0x00021BD2
    dd 0x2F9B8, 0x00021BE2
    dd 0x2F9B9, 0x00021BF2
    dd 0x2F9BA, 0x00021C02
    dd 0x2F9BB, 0x00021C12
    dd 0x2F9BC, 0x00021C22
    dd 0x2F9BD, 0x00021C32
    dd 0x2F9BE, 0x00021C42
    dd 0x2F9BF, 0x00021C52
    dd 0x2F9C0, 0x00021C62
    dd 0x2F9C1, 0x00021C72
    dd 0x2F9C2, 0x00021C82
    dd 0x2F9C3, 0x00021C92
    dd 0x2F9C4, 0x00021CA2
    dd 0x2F9C5, 0x00021CB2
    dd 0x2F9C6, 0x00021CC2
    dd 0x2F9C7, 0x00021CD2
    dd 0x2F9C8, 0x00021CE2
    dd 0x2F9C9, 0x00021CF2
    dd 0x2F9CA, 0x00021D02
    dd 0x2F9CB, 0x00021D12
    dd 0x2F9CC, 0x00021D22
    dd 0x2F9CD, 0x00021D32
    dd 0x2F9CE, 0x00021D42
    dd 0x2F9CF, 0x00021D52
    dd 0x2F9D0, 0x00021D62
    dd 0x2F9D1, 0x00021D72
    dd 0x2F9D2, 0x00021D82
    dd 0x2F9D3, 0x00021D92
    dd 0x2F9D4, 0x00021DA2
    dd 0x2F9D5, 0x00021DB2
    dd 0x2F9D6, 0x00021DC2
    dd 0x2F9D7, 0x00021DD2
    dd 0x2F9D8, 0x00021DE2
    dd 0x2F9D9, 0x00021DF2
    dd 0x2F9DA, 0x00021E02
    dd 0x2F9DB, 0x00021E12
    dd 0x2F9DC, 0x00021E22
    dd 0x2F9DD, 0x00021E32
    dd 0x2F9DE, 0x00021E42
    dd 0x2F9DF, 0x00021E52
    dd 0x2F9E0, 0x00021E62
    dd 0x2F9E1, 0x00021E72
    dd 0x2F9E2, 0x00021E82
    dd 0x2F9E3, 0x00021E92
    dd 0x2F9E4, 0x00021EA2
    dd 0x2F9E5, 0x00021EB2
    dd 0x2F9E6, 0x00021EC2
    dd 0x2F9E7, 0x00021ED2
    dd 0x2F9E8, 0x00021EE2
    dd 0x2F9E9, 0x00021EF2
    dd 0x2F9EA, 0x00021F02
    dd 0x2F9EB, 0x00021F12
    dd 0x2F9EC, 0x00021F22
    dd 0x2F9ED, 0x00021F32
    dd 0x2F9EE, 0x00021F42
    dd 0x2F9EF, 0x00021F52
    dd 0x2F9F0, 0x00021F62
    dd 0x2F9F1, 0x00021F72
    dd 0x2F9F2, 0x00021F82
    dd 0x2F9F3, 0x00021F92
    dd 0x2F9F4, 0x00021FA2
    dd 0x2F9F5, 0x00021FB2
    dd 0x2F9F6, 0x00021FC2
    dd 0x2F9F7, 0x00021FD2
    dd 0x2F9F8, 0x00021FE2
    dd 0x2F9F9, 0x00021FF2
    dd 0x2F9FA, 0x00022002
    dd 0x2F9FB, 0x00022012
    dd 0x2F9FC, 0x00022022
    dd 0x2F9FD, 0x00022032
    dd 0x2F9FE, 0x00022042
    dd 0x2F9FF, 0x00022052
    dd 0x2FA00, 0x00022062
    dd 0x2FA01, 0x00022072
    dd 0x2FA02, 0x00022082
    dd 0x2FA03, 0x00022092
    dd 0x2FA04, 0x000220A2
    dd 0x2FA05, 0x000220B2
    dd 0x2FA06, 0x000220C2
    dd 0x2FA07, 0x000220D2
    dd 0x2FA08, 0x000220E2
    dd 0x2FA09, 0x000220F2
    dd 0x2FA0A, 0x00022102
    dd 0x2FA0B, 0x00022112
    dd 0x2FA0C, 0x00022122
    dd 0x2FA0D, 0x00022132
    dd 0x2FA0E, 0x00022142
    dd 0x2FA0F, 0x00022152
    dd 0x2FA10, 0x00022162
    dd 0x2FA11, 0x00022172
    dd 0x2FA12, 0x00022182
    dd 0x2FA13, 0x00022192
    dd 0x2FA14, 0x000221A2
    dd 0x2FA15, 0x000221B2
    dd 0x2FA16, 0x000221C2
    dd 0x2FA17, 0x000221D2
    dd 0x2FA18, 0x000221E2
    dd 0x2FA19, 0x000221F2
    dd 0x2FA1A, 0x00022202
    dd 0x2FA1B, 0x00022212
    dd 0x2FA1C, 0x00022222
    dd 0x2FA1D, 0x00022232
    dd 0xFFFFFFFF, 0
