%ifndef GUARD_LIB_STR_ENCODING_TABLES_BIG5_TABLE_ASM
%define GUARD_LIB_STR_ENCODING_TABLES_BIG5_TABLE_ASM
; ============================================================
; str/encoding/tables/big5_table.asm
; Big5 → Unicode mapping
;
; Source: BIG5.TXT (Unicode MAPPINGS)
; *** GENERATED by tools/gen_encoding_tables.py — DO NOT EDIT ***
; ============================================================

%include "arch/common/types.inc"

section .rodata
align 16

global _big5_to_unicode
_big5_to_unicode:
    dw 0x0000, 0x0000, 0x0000, 0x0000, 0x0000, 0x0000, 0x0000, 0x0000, 0x0000, 0x0000, 0x0000, 0x0000
    dw 0x0000, 0x0000, 0x0000, 0x0000, 0x0000, 0x0000, 0x0000, 0x0000, 0x0000, 0x0000, 0x0000, 0x0000
    dw 0x0000, 0x0000, 0x0000, 0x0000, 0x0000, 0x0000, 0x0000, 0x0000, 0x0000, 0x0000, 0x0000, 0x0000
    dw 0x0000, 0x0000, 0x0000, 0x0000, 0x0000, 0x0000, 0x0000, 0x0000, 0x0000, 0x0000, 0x0000, 0x0000
    dw 0x0000, 0x0000, 0x0000, 0x0000, 0x0000, 0x0000, 0x0000, 0x0000, 0x0000, 0x0000, 0x0000, 0x0000
    dw 0x0000, 0x0000, 0x0000, 0x0000, 0x0000, 0x0000, 0x0000, 0x0000, 0x0000, 0x0000, 0x0000, 0x0000
    dw 0x0000, 0x0000, 0x0000, 0x0000, 0x0000, 0x0000, 0x0000, 0x0000, 0x0000, 0x0000, 0x0000, 0x0000
    dw 0x0000, 0x0000, 0x0000, 0x0000, 0x0000, 0x0000, 0x0000, 0x0000, 0x0000, 0x0000, 0x0000, 0x0000
    dw 0x0000, 0x0000, 0x0000, 0x0000, 0x0000, 0x0000, 0x0000, 0x0000, 0x0000, 0x0000, 0x0000, 0x0000
    dw 0x0000, 0x0000, 0x0000, 0x0000, 0x0000, 0x0000, 0x0000, 0x0000, 0x0000, 0x0000, 0x0000, 0x0000
    dw 0x0000, 0x0000, 0x0000, 0x0000, 0x0000, 0x0000, 0x0000, 0x0000, 0x0000, 0x0000, 0x0000, 0x0000
    dw 0x0000, 0x0000, 0x0000, 0x0000, 0x0000, 0x0000, 0x0000, 0x0000, 0x0000, 0x0000, 0x0000, 0x0000
    dw 0x0000, 0x0000, 0x0000, 0x0000, 0x0000, 0x0000, 0x0000, 0x0000, 0x0000, 0x0000, 0x0000, 0x0000
    dw 0x0000, 0x0000, 0x0000, 0x0000, 0x0000, 0x0000, 0x0000, 0x0000, 0x0000, 0x0000, 0x0000, 0x0000
    dw 0x0000, 0x0000, 0x0000, 0x0000, 0x0000, 0x0000, 0x0000, 0x0000, 0x0000, 0x0000, 0x0000, 0x0000
    dw 0x0000, 0x0000, 0x0000, 0x0000, 0x0000, 0x0000, 0x0000, 0x0000, 0x0000, 0x0000, 0x0000, 0x0000
    dw 0x0000, 0x0000, 0x0000, 0x0000, 0x0000, 0x0000, 0x0000, 0x0000, 0x0000, 0x0000, 0x0000, 0x0000
    dw 0x0000, 0x0000, 0x0000, 0x0000, 0x0000, 0x0000, 0x0000, 0x0000, 0x0000, 0x0000, 0x0000, 0x0000
    dw 0x0000, 0x0000, 0x0000, 0x0000, 0x0000, 0x0000, 0x0000, 0x0000, 0x0000, 0x0000, 0x0000, 0x0000
    dw 0x0000, 0x0000, 0x0000, 0x0000, 0x0000, 0x0000, 0x0000, 0x0000, 0x0000, 0x0000, 0x0000, 0x0000
    dw 0x0000, 0x0000, 0x0000, 0x0000, 0x0000, 0x0000, 0x0000, 0x0000, 0x0000, 0x0000, 0x0000, 0x0000
    dw 0x0000, 0x0000, 0x0000, 0x0000, 0x0000, 0x0000, 0x0000, 0x0000, 0x0000, 0x0000, 0x0000, 0x0000
    dw 0x0000, 0x0000, 0x0000, 0x0000, 0x0000, 0x0000, 0x0000, 0x0000, 0x0000, 0x0000, 0x0000, 0x0000
    dw 0x0000, 0x0000, 0x0000, 0x0000, 0x0000, 0x0000, 0x0000, 0x0000, 0x0000, 0x0000, 0x0000, 0x0000
    dw 0x0000, 0x0000, 0x0000, 0x0000, 0x0000, 0x0000, 0x0000, 0x0000, 0x0000, 0x0000, 0x0000, 0x0000
    dw 0x0000, 0x0000, 0x0000, 0x0000, 0x0000, 0x0000, 0x0000, 0x0000, 0x0000, 0x0000, 0x0000, 0x0000
    dw 0x0000, 0x0000, 0x0000, 0x0000, 0x0000, 0x0000, 0x0000, 0x0000, 0x0000, 0x0000, 0x0000, 0x0000
    dw 0x0000, 0x0000, 0x0000, 0x0000, 0x0000, 0x0000, 0x0000, 0x0000, 0x0000, 0x0000, 0x0000, 0x0000
    dw 0x0000, 0x0000, 0x0000, 0x0000, 0x0000, 0x0000, 0x0000, 0x0000, 0x0000, 0x0000, 0x0000, 0x0000
    dw 0x0000, 0x0000, 0x0000, 0x0000, 0x0000, 0x0000, 0x0000, 0x0000, 0x0000, 0x0000, 0x0000, 0x0000
    dw 0x0000, 0x0000, 0x0000, 0x0000, 0x0000, 0x0000, 0x0000, 0x0000, 0x0000, 0x0000, 0x0000, 0x0000
    dw 0x0000, 0x0000, 0x0000, 0x0000, 0x0000, 0x0000, 0x0000, 0x0000, 0x0000, 0x0000, 0x0000, 0x0000
    dw 0x0000, 0x0000, 0x0000, 0x0000, 0x0000, 0x0000, 0x0000, 0x0000, 0x0000, 0x0000, 0x0000, 0x0000
    dw 0x0000, 0x0000, 0x0000, 0x0000, 0x0000, 0x0000, 0x0000, 0x0000, 0x0000, 0x0000, 0x0000, 0x0000
    dw 0x0000, 0x0000, 0x0000, 0x0000, 0x0000, 0x0000, 0x0000, 0x0000, 0x0000, 0x0000, 0x0000, 0x0000
    dw 0x0000, 0x0000, 0x0000, 0x0000, 0x0000, 0x0000, 0x0000, 0x0000, 0x0000, 0x0000, 0x0000, 0x0000
    dw 0x0000, 0x0000, 0x0000, 0x0000, 0x0000, 0x0000, 0x0000, 0x0000, 0x0000, 0x0000, 0x0000, 0x0000
    dw 0x0000, 0x0000, 0x0000, 0x0000, 0x0000, 0x0000, 0x0000, 0x0000, 0x0000, 0x0000, 0x0000, 0x0000
    dw 0x0000, 0x0000, 0x0000, 0x0000, 0x0000, 0x0000, 0x0000, 0x0000, 0x0000, 0x0000, 0x0000, 0x0000
    dw 0x0000, 0x0000, 0x0000, 0x0000, 0x0000, 0x0000, 0x0000, 0x0000, 0x0000, 0x0000, 0x0000, 0x0000
    dw 0x0000, 0x0000, 0x0000, 0x0000, 0x0000, 0x0000, 0x0000, 0x0000, 0x0000, 0x0000, 0x0000, 0x0000
    dw 0x0000, 0x0000, 0x0000, 0x0000, 0x0000, 0x0000, 0x0000, 0x0000, 0x0000, 0x0000, 0x0000, 0x0000
    dw 0x0000, 0x0000, 0x0000, 0x0000, 0x0000, 0x0000, 0x0000, 0x0000, 0x0000, 0x0000, 0x0000, 0x0000
    dw 0x0000, 0x0000, 0x0000, 0x0000, 0x0000, 0x0000, 0x0000, 0x0000, 0x0000, 0x0000, 0x0000, 0x0000
    dw 0x0000, 0x0000, 0x0000, 0x0000, 0x0000, 0x0000, 0x0000, 0x0000, 0x0000, 0x0000, 0x0000, 0x0000
    dw 0x0000, 0x0000, 0x0000, 0x0000, 0x0000, 0x0000, 0x0000, 0x0000, 0x0000, 0x0000, 0x0000, 0x0000
    dw 0x0000, 0x0000, 0x0000, 0x0000, 0x0000, 0x0000, 0x0000, 0x0000, 0x0000, 0x0000, 0x0000, 0x0000
    dw 0x0000, 0x0000, 0x0000, 0x0000, 0x0000, 0x0000, 0x0000, 0x0000, 0x0000, 0x0000, 0x0000, 0x0000
    dw 0x0000, 0x0000, 0x0000, 0x0000, 0x0000, 0x0000, 0x0000, 0x0000, 0x0000, 0x0000, 0x0000, 0x0000
    dw 0x0000, 0x0000, 0x0000, 0x0000, 0x0000, 0x0000, 0x0000, 0x0000, 0x0000, 0x0000, 0x0000, 0x0000
    dw 0x0000, 0x0000, 0x0000, 0x0000, 0x0000, 0x0000, 0x0000, 0x0000, 0x0000, 0x0000, 0x0000, 0x0000
    dw 0x0000, 0x0000, 0x0000, 0x0000, 0x0000, 0x0000, 0x0000, 0x0000, 0x0000, 0x0000, 0x0000, 0x0000
    dw 0x0000, 0x0000, 0x0000, 0x0000, 0x0000, 0x0000, 0x0000, 0x0000, 0x0000, 0x0000, 0x0000, 0x0000
    dw 0x0000, 0x0000, 0x0000, 0x0000, 0x0000, 0x0000, 0x0000, 0x0000, 0x0000, 0x0000, 0x0000, 0x0000
    dw 0x0000, 0x0000, 0x0000, 0x0000, 0x0000, 0x0000, 0x0000, 0x0000, 0x0000, 0x0000, 0x0000, 0x0000
    dw 0x0000, 0x0000, 0x0000, 0x0000, 0x0000, 0x0000, 0x0000, 0x0000, 0x0000, 0x0000, 0x0000, 0x0000
    dw 0x0000, 0x0000, 0x0000, 0x0000, 0x0000, 0x0000, 0x0000, 0x0000, 0x0000, 0x0000, 0x0000, 0x0000
    dw 0x0000, 0x0000, 0x0000, 0x0000, 0x0000, 0x0000, 0x0000, 0x0000, 0x0000, 0x0000, 0x0000, 0x0000
    dw 0x0000, 0x0000, 0x0000, 0x0000, 0x0000, 0x0000, 0x0000, 0x0000, 0x0000, 0x0000, 0x0000, 0x0000
    dw 0x0000, 0x0000, 0x0000, 0x0000, 0x0000, 0x0000, 0x0000, 0x0000, 0x0000, 0x0000, 0x0000, 0x0000
    dw 0x0000, 0x0000, 0x0000, 0x0000, 0x0000, 0x0000, 0x0000, 0x0000, 0x0000, 0x0000, 0x0000, 0x0000
    dw 0x0000, 0x0000, 0x0000, 0x0000, 0x0000, 0x0000, 0x0000, 0x0000, 0x0000, 0x0000, 0x0000, 0x0000
    dw 0x0000, 0x0000, 0x0000, 0x0000, 0x0000, 0x0000, 0x0000, 0x0000, 0x0000, 0x0000, 0x0000, 0x0000
    dw 0x0000, 0x0000, 0x0000, 0x0000, 0x0000, 0x0000, 0x0000, 0x0000, 0x0000, 0x0000, 0x0000, 0x0000
    dw 0x0000, 0x0000, 0x0000, 0x0000, 0x0000, 0x0000, 0x0000, 0x0000, 0x0000, 0x0000, 0x0000, 0x0000
    dw 0x0000, 0x0000, 0x0000, 0x0000, 0x0000, 0x0000, 0x0000, 0x0000, 0x0000, 0x0000, 0x0000, 0x0000
    dw 0x0000, 0x0000, 0x0000, 0x0000, 0x0000, 0x0000, 0x0000, 0x0000, 0x0000, 0x0000, 0x0000, 0x0000
    dw 0x0000, 0x0000, 0x0000, 0x0000, 0x0000, 0x0000, 0x0000, 0x0000, 0x0000, 0x0000, 0x0000, 0x0000
    dw 0x0000, 0x0000, 0x0000, 0x0000, 0x0000, 0x0000, 0x0000, 0x0000, 0x0000, 0x0000, 0x0000, 0x0000
    dw 0x0000, 0x0000, 0x0000, 0x0000, 0x0000, 0x0000, 0x0000, 0x0000, 0x0000, 0x0000, 0x0000, 0x0000
    dw 0x0000, 0x0000, 0x0000, 0x0000, 0x0000, 0x0000, 0x0000, 0x0000, 0x0000, 0x0000, 0x0000, 0x0000
    dw 0x0000, 0x0000, 0x0000, 0x0000, 0x0000, 0x0000, 0x0000, 0x0000, 0x0000, 0x0000, 0x0000, 0x0000
    dw 0x0000, 0x0000, 0x0000, 0x0000, 0x0000, 0x0000, 0x0000, 0x0000, 0x0000, 0x0000, 0x0000, 0x0000
    dw 0x0000, 0x0000, 0x0000, 0x0000, 0x0000, 0x0000, 0x0000, 0x0000, 0x0000, 0x0000, 0x0000, 0x0000
    dw 0x0000, 0x0000, 0x0000, 0x0000, 0x0000, 0x0000, 0x0000, 0x0000, 0x0000, 0x0000, 0x0000, 0x0000
    dw 0x0000, 0x0000, 0x0000, 0x0000, 0x0000, 0x0000, 0x0000, 0x0000, 0x0000, 0x0000, 0x0000, 0x0000
    dw 0x0000, 0x0000, 0x0000, 0x0000, 0x0000, 0x0000, 0x0000, 0x0000, 0x0000, 0x0000, 0x0000, 0x0000
    dw 0x0000, 0x0000, 0x0000, 0x0000, 0x0000, 0x0000, 0x0000, 0x0000, 0x0000, 0x0000, 0x0000, 0x0000
    dw 0x0000, 0x0000, 0x0000, 0x0000, 0x0000, 0x0000, 0x0000, 0x0000, 0x0000, 0x0000, 0x0000, 0x0000
    dw 0x0000, 0x0000, 0x0000, 0x0000, 0x0000, 0x0000, 0x0000, 0x0000, 0x0000, 0x0000, 0x0000, 0x0000
    dw 0x0000, 0x0000, 0x0000, 0x0000, 0x0000, 0x0000, 0x0000, 0x0000, 0x0000, 0x0000, 0x0000, 0x0000
    dw 0x0000, 0x0000, 0x0000, 0x0000, 0x0000, 0x0000, 0x0000, 0x0000, 0x0000, 0x0000, 0x0000, 0x0000
    dw 0x0000, 0x0000, 0x0000, 0x0000, 0x0000, 0x0000, 0x0000, 0x0000, 0x0000, 0x0000, 0x0000, 0x0000
    dw 0x0000, 0x0000, 0x0000, 0x0000, 0x0000, 0x0000, 0x0000, 0x0000, 0x0000, 0x0000, 0x0000, 0x0000
    dw 0x0000, 0x0000, 0x0000, 0x0000, 0x0000, 0x0000, 0x0000, 0x0000, 0x0000, 0x0000, 0x0000, 0x0000
    dw 0x0000, 0x0000, 0x0000, 0x0000, 0x0000, 0x0000, 0x0000, 0x0000, 0x0000, 0x0000, 0x0000, 0x0000
    dw 0x0000, 0x0000, 0x0000, 0x0000, 0x0000, 0x0000, 0x0000, 0x0000, 0x0000, 0x0000, 0x0000, 0x0000
    dw 0x0000, 0x0000, 0x0000, 0x0000, 0x0000, 0x0000, 0x0000, 0x0000, 0x0000, 0x0000, 0x0000, 0x0000
    dw 0x0000, 0x0000, 0x0000, 0x0000, 0x0000, 0x0000, 0x0000, 0x0000, 0x0000, 0x0000, 0x0000, 0x0000
    dw 0x0000, 0x0000, 0x0000, 0x0000, 0x0000, 0x0000, 0x0000, 0x0000, 0x0000, 0x0000, 0x0000, 0x0000
    dw 0x0000, 0x0000, 0x0000, 0x0000, 0x0000, 0x0000, 0x0000, 0x0000, 0x0000, 0x0000, 0x0000, 0x0000
    dw 0x0000, 0x0000, 0x0000, 0x0000, 0x0000, 0x0000, 0x0000, 0x0000, 0x0000, 0x0000, 0x0000, 0x0000
    dw 0x0000, 0x0000, 0x0000, 0x0000, 0x0000, 0x0000, 0x0000, 0x0000, 0x0000, 0x0000, 0x0000, 0x0000
    dw 0x0000, 0x0000, 0x0000, 0x0000, 0x0000, 0x0000, 0x0000, 0x0000, 0x0000, 0x0000, 0x0000, 0x0000
    dw 0x0000, 0x0000, 0x0000, 0x0000, 0x0000, 0x0000, 0x0000, 0x0000, 0x0000, 0x0000, 0x0000, 0x0000
    dw 0x0000, 0x0000, 0x0000, 0x0000, 0x0000, 0x0000, 0x0000, 0x0000, 0x0000, 0x0000, 0x0000, 0x0000
    dw 0x0000, 0x0000, 0x0000, 0x0000, 0x0000, 0x0000, 0x0000, 0x0000, 0x0000, 0x0000, 0x0000, 0x0000
    dw 0x0000, 0x0000, 0x0000, 0x0000, 0x0000, 0x0000, 0x0000, 0x0000, 0x0000, 0x0000, 0x0000, 0x0000
    dw 0x0000, 0x0000, 0x0000, 0x0000, 0x0000, 0x0000, 0x0000, 0x0000, 0x0000, 0x0000, 0x0000, 0x0000
    dw 0x0000, 0x0000, 0x0000, 0x0000, 0x0000, 0x0000, 0x0000, 0x0000, 0x0000, 0x0000, 0x0000, 0x0000
    dw 0x0000, 0x0000, 0x0000, 0x0000, 0x0000, 0x0000, 0x0000, 0x0000, 0x0000, 0x0000, 0x0000, 0x0000
    dw 0x0000, 0x0000, 0x0000, 0x0000, 0x0000, 0x0000, 0x0000, 0x0000, 0x0000, 0x0000, 0x0000, 0x0000
    dw 0x0000, 0x0000, 0x0000, 0x0000, 0x0000, 0x0000, 0x0000, 0x0000, 0x0000, 0x0000, 0x0000, 0x0000
    dw 0x0000, 0x0000, 0x0000, 0x0000, 0x0000, 0x0000, 0x0000, 0x0000, 0x0000, 0x0000, 0x0000, 0x0000
    dw 0x0000, 0x0000, 0x0000, 0x0000, 0x0000, 0x0000, 0x0000, 0x0000, 0x0000, 0x0000, 0x0000, 0x0000
    dw 0x0000, 0x0000, 0x0000, 0x0000, 0x0000, 0x0000, 0x0000, 0x0000, 0x0000, 0x0000, 0x0000, 0x0000
    dw 0x0000, 0x0000, 0x0000, 0x0000, 0x0000, 0x0000, 0x0000, 0x0000, 0x0000, 0x0000, 0x0000, 0x0000
    dw 0x0000, 0x0000, 0x0000, 0x0000, 0x0000, 0x0000, 0x0000, 0x0000, 0x0000, 0x0000, 0x0000, 0x0000
    dw 0x0000, 0x0000, 0x0000, 0x0000, 0x0000, 0x0000, 0x0000, 0x0000, 0x0000, 0x0000, 0x0000, 0x0000
    dw 0x0000, 0x0000, 0x0000, 0x0000, 0x0000, 0x0000, 0x0000, 0x0000, 0x0000, 0x0000, 0x0000, 0x0000
    dw 0x0000, 0x0000, 0x0000, 0x0000, 0x0000, 0x0000, 0x0000, 0x0000, 0x0000, 0x0000, 0x0000, 0x0000
    dw 0x0000, 0x0000, 0x0000, 0x0000, 0x0000, 0x0000, 0x0000, 0x0000, 0x0000, 0x0000, 0x0000, 0x0000
    dw 0x0000, 0x0000, 0x0000, 0x0000, 0x0000, 0x0000, 0x0000, 0x0000, 0x0000, 0x0000, 0x0000, 0x0000
    dw 0x0000, 0x0000, 0x0000, 0x0000, 0x0000, 0x0000, 0x0000, 0x0000, 0x0000, 0x0000, 0x0000, 0x0000
    dw 0x0000, 0x0000, 0x0000, 0x0000, 0x0000, 0x0000, 0x0000, 0x0000, 0x0000, 0x0000, 0x0000, 0x0000
    dw 0x0000, 0x0000, 0x0000, 0x0000, 0x0000, 0x0000, 0x0000, 0x0000, 0x0000, 0x0000, 0x0000, 0x0000
    dw 0x0000, 0x0000, 0x0000, 0x0000, 0x0000, 0x0000, 0x0000, 0x0000, 0x0000, 0x0000, 0x0000, 0x0000
    dw 0x0000, 0x0000, 0x0000, 0x0000, 0x0000, 0x0000, 0x0000, 0x0000, 0x0000, 0x0000, 0x0000, 0x0000
    dw 0x0000, 0x0000, 0x0000, 0x0000, 0x0000, 0x0000, 0x0000, 0x0000, 0x0000, 0x0000, 0x0000, 0x0000
    dw 0x0000, 0x0000, 0x0000, 0x0000, 0x0000, 0x0000, 0x0000, 0x0000, 0x0000, 0x0000, 0x0000, 0x0000
    dw 0x0000, 0x0000, 0x0000, 0x0000, 0x0000, 0x0000, 0x0000, 0x0000, 0x0000, 0x0000, 0x0000, 0x0000
    dw 0x0000, 0x0000, 0x0000, 0x0000, 0x0000, 0x0000, 0x0000, 0x0000, 0x0000, 0x0000, 0x0000, 0x0000
    dw 0x0000, 0x0000, 0x0000, 0x0000, 0x0000, 0x0000, 0x0000, 0x0000, 0x0000, 0x0000, 0x0000, 0x0000
    dw 0x0000, 0x0000, 0x0000, 0x0000, 0x0000, 0x0000, 0x0000, 0x0000, 0x0000, 0x0000, 0x0000, 0x0000
    dw 0x0000, 0x0000, 0x0000, 0x0000, 0x0000, 0x0000, 0x0000, 0x0000, 0x0000, 0x0000, 0x0000, 0x0000
    dw 0x0000, 0x0000, 0x0000, 0x0000, 0x0000, 0x0000, 0x0000, 0x0000, 0x0000, 0x0000, 0x0000, 0x0000
    dw 0x0000, 0x0000, 0x0000, 0x0000, 0x0000, 0x0000, 0x0000, 0x0000, 0x0000, 0x0000, 0x0000, 0x0000
    dw 0x0000, 0x0000, 0x0000, 0x0000, 0x0000, 0x0000, 0x0000, 0x0000, 0x0000, 0x0000, 0x0000, 0x0000
    dw 0x0000, 0x0000, 0x0000, 0x0000, 0x0000, 0x0000, 0x0000, 0x0000, 0x0000, 0x0000, 0x0000, 0x0000
    dw 0x0000, 0x0000, 0x0000, 0x0000, 0x0000, 0x0000, 0x0000, 0x0000, 0x0000, 0x0000, 0x0000, 0x0000
    dw 0x0000, 0x0000, 0x0000, 0x0000, 0x0000, 0x0000, 0x0000, 0x0000, 0x0000, 0x0000, 0x0000, 0x0000
    dw 0x0000, 0x0000, 0x0000, 0x0000, 0x0000, 0x0000, 0x0000, 0x0000, 0x0000, 0x0000, 0x0000, 0x0000
    dw 0x0000, 0x0000, 0x0000, 0x0000, 0x0000, 0x0000, 0x0000, 0x0000, 0x0000, 0x0000, 0x0000, 0x0000
    dw 0x0000, 0x0000, 0x0000, 0x0000, 0x0000, 0x0000, 0x0000, 0x0000, 0x0000, 0x0000, 0x0000, 0x0000
    dw 0x0000, 0x0000, 0x0000, 0x0000, 0x0000, 0x0000, 0x0000, 0x0000, 0x0000, 0x0000, 0x0000, 0x0000
    dw 0x0000, 0x0000, 0x0000, 0x0000, 0x0000, 0x0000, 0x0000, 0x0000, 0x0000, 0x0000, 0x0000, 0x0000
    dw 0x0000, 0x0000, 0x0000, 0x0000, 0x0000, 0x0000, 0x0000, 0x0000, 0x0000, 0x0000, 0x0000, 0x0000
    dw 0x0000, 0x0000, 0x0000, 0x0000, 0x0000, 0x0000, 0x0000, 0x0000, 0x0000, 0x0000, 0x0000, 0x0000
    dw 0x0000, 0x0000, 0x0000, 0x0000, 0x0000, 0x0000, 0x0000, 0x0000, 0x0000, 0x0000, 0x0000, 0x0000
    dw 0x0000, 0x0000, 0x0000, 0x0000, 0x0000, 0x0000, 0x0000, 0x0000, 0x0000, 0x0000, 0x0000, 0x0000
    dw 0x0000, 0x0000, 0x0000, 0x0000, 0x0000, 0x0000, 0x0000, 0x0000, 0x0000, 0x0000, 0x0000, 0x0000
    dw 0x0000, 0x0000, 0x0000, 0x0000, 0x0000, 0x0000, 0x0000, 0x0000, 0x0000, 0x0000, 0x0000, 0x0000
    dw 0x0000, 0x0000, 0x0000, 0x0000, 0x0000, 0x0000, 0x0000, 0x0000, 0x0000, 0x0000, 0x0000, 0x0000
    dw 0x0000, 0x0000, 0x0000, 0x0000, 0x0000, 0x0000, 0x0000, 0x0000, 0x0000, 0x0000, 0x0000, 0x0000
    dw 0x0000, 0x0000, 0x0000, 0x0000, 0x0000, 0x0000, 0x0000, 0x0000, 0x0000, 0x0000, 0x0000, 0x0000
    dw 0x0000, 0x0000, 0x0000, 0x0000, 0x0000, 0x0000, 0x0000, 0x0000, 0x0000, 0x0000, 0x0000, 0x0000
    dw 0x0000, 0x0000, 0x0000, 0x0000, 0x0000, 0x0000, 0x0000, 0x0000, 0x0000, 0x0000, 0x0000, 0x0000
    dw 0x0000, 0x0000, 0x0000, 0x0000, 0x0000, 0x0000, 0x0000, 0x0000, 0x0000, 0x0000, 0x0000, 0x0000
    dw 0x0000, 0x0000, 0x0000, 0x0000, 0x0000, 0x0000, 0x0000, 0x0000, 0x0000, 0x0000, 0x0000, 0x0000
    dw 0x0000, 0x0000, 0x0000, 0x0000, 0x0000, 0x0000, 0x0000, 0x0000, 0x0000, 0x0000, 0x0000, 0x0000
    dw 0x0000, 0x0000, 0x0000, 0x0000, 0x0000, 0x0000, 0x0000, 0x0000, 0x0000, 0x0000, 0x0000, 0x0000
    dw 0x0000, 0x0000, 0x0000, 0x0000, 0x0000, 0x0000, 0x0000, 0x0000, 0x0000, 0x0000, 0x0000, 0x0000
    dw 0x0000, 0x0000, 0x0000, 0x0000, 0x0000, 0x0000, 0x0000, 0x0000, 0x0000, 0x0000, 0x0000, 0x0000
    dw 0x0000, 0x0000, 0x0000, 0x0000, 0x0000, 0x0000, 0x0000, 0x0000, 0x0000, 0x0000, 0x0000, 0x0000
    dw 0x0000, 0x0000, 0x0000, 0x0000, 0x0000, 0x0000, 0x0000, 0x0000, 0x0000, 0x0000, 0x0000, 0x0000
    dw 0x0000, 0x0000, 0x0000, 0x0000, 0x0000, 0x0000, 0x0000, 0x0000, 0x0000, 0x0000, 0x0000, 0x0000
    dw 0x0000, 0x0000, 0x0000, 0x0000, 0x0000, 0x0000, 0x0000, 0x0000, 0x0000, 0x0000, 0x0000, 0x0000
    dw 0x0000, 0x0000, 0x0000, 0x0000, 0x0000, 0x0000, 0x0000, 0x0000, 0x0000, 0x0000, 0x0000, 0x0000
    dw 0x0000, 0x0000, 0x0000, 0x0000, 0x0000, 0x0000, 0x0000, 0x0000, 0x0000, 0x0000, 0x0000, 0x0000
    dw 0x0000, 0x0000, 0x0000, 0x0000, 0x0000, 0x0000, 0x0000, 0x0000, 0x0000, 0x0000, 0x0000, 0x0000
    dw 0x0000, 0x0000, 0x0000, 0x0000, 0x0000, 0x0000, 0x0000, 0x0000, 0x0000, 0x0000, 0x0000, 0x0000
    dw 0x0000, 0x0000, 0x0000, 0x0000, 0x0000, 0x0000, 0x0000, 0x0000, 0x0000, 0x0000, 0x0000, 0x0000
    dw 0x0000, 0x0000, 0x0000, 0x0000, 0x0000, 0x0000, 0x0000, 0x0000, 0x0000, 0x0000, 0x0000, 0x0000
    dw 0x0000, 0x0000, 0x0000, 0x0000, 0x0000, 0x0000, 0x0000, 0x0000, 0x0000, 0x0000, 0x0000, 0x0000
    dw 0x0000, 0x0000, 0x0000, 0x0000, 0x0000, 0x0000, 0x0000, 0x0000, 0x0000, 0x0000, 0x0000, 0x0000
    dw 0x0000, 0x0000, 0x0000, 0x0000, 0x0000, 0x0000, 0x0000, 0x0000, 0x0000, 0x0000, 0x0000, 0x0000
    dw 0x0000, 0x0000, 0x0000, 0x0000, 0x0000, 0x0000, 0x0000, 0x0000, 0x0000, 0x0000, 0x0000, 0x0000
    dw 0x0000, 0x0000, 0x0000, 0x0000, 0x0000, 0x0000, 0x0000, 0x0000, 0x0000, 0x0000, 0x0000, 0x0000
    dw 0x0000, 0x0000, 0x0000, 0x0000, 0x0000, 0x0000, 0x0000, 0x0000, 0x0000, 0x0000, 0x0000, 0x0000
    dw 0x0000, 0x0000, 0x0000, 0x0000, 0x0000, 0x0000, 0x0000, 0x0000, 0x0000, 0x0000, 0x0000, 0x0000
    dw 0x0000, 0x0000, 0x0000, 0x0000, 0x0000, 0x0000, 0x0000, 0x0000, 0x0000, 0x0000, 0x0000, 0x0000
    dw 0x0000, 0x0000, 0x0000, 0x0000, 0x0000, 0x0000, 0x0000, 0x0000, 0x0000, 0x0000, 0x0000, 0x0000
    dw 0x0000, 0x0000, 0x0000, 0x0000, 0x0000, 0x0000, 0x0000, 0x0000, 0x0000, 0x0000, 0x0000, 0x0000
    dw 0x0000, 0x0000, 0x0000, 0x0000, 0x0000, 0x0000, 0x0000, 0x0000, 0x0000, 0x0000, 0x0000, 0x0000
    dw 0x0000, 0x0000, 0x0000, 0x0000, 0x0000, 0x0000, 0x0000, 0x0000, 0x0000, 0x0000, 0x0000, 0x0000
    dw 0x0000, 0x0000, 0x0000, 0x0000, 0x0000, 0x0000, 0x0000, 0x0000, 0x0000, 0x0000, 0x0000, 0x0000
    dw 0x0000, 0x0000, 0x0000, 0x0000, 0x0000, 0x0000, 0x0000, 0x0000, 0x0000, 0x0000, 0x0000, 0x0000
    dw 0x0000, 0x0000, 0x0000, 0x0000, 0x0000, 0x0000, 0x0000, 0x0000, 0x0000, 0x0000, 0x0000, 0x0000
    dw 0x0000, 0x0000, 0x0000, 0x0000, 0x0000, 0x0000, 0x0000, 0x0000, 0x0000, 0x0000, 0x0000, 0x0000
    dw 0x0000, 0x0000, 0x0000, 0x0000, 0x0000, 0x0000, 0x0000, 0x0000, 0x0000, 0x0000, 0x0000, 0x0000
    dw 0x0000, 0x0000, 0x0000, 0x0000, 0x0000, 0x0000, 0x0000, 0x0000, 0x0000, 0x0000, 0x0000, 0x0000
    dw 0x0000, 0x0000, 0x0000, 0x0000, 0x0000, 0x0000, 0x0000, 0x0000, 0x0000, 0x0000, 0x0000, 0x0000
    dw 0x0000, 0x0000, 0x0000, 0x0000, 0x0000, 0x0000, 0x0000, 0x0000, 0x0000, 0x0000, 0x0000, 0x0000
    dw 0x0000, 0x0000, 0x0000, 0x0000, 0x0000, 0x0000, 0x0000, 0x0000, 0x0000, 0x0000, 0x0000, 0x0000
    dw 0x0000, 0x0000, 0x0000, 0x0000, 0x0000, 0x0000, 0x0000, 0x0000, 0x0000, 0x0000, 0x0000, 0x0000
    dw 0x0000, 0x0000, 0x0000, 0x0000, 0x0000, 0x0000, 0x0000, 0x0000, 0x0000, 0x0000, 0x0000, 0x0000
    dw 0x0000, 0x0000, 0x0000, 0x0000, 0x0000, 0x0000, 0x0000, 0x0000, 0x0000, 0x0000, 0x0000, 0x0000
    dw 0x0000, 0x0000, 0x0000, 0x0000, 0x0000, 0x0000, 0x0000, 0x0000, 0x0000, 0x0000, 0x0000, 0x0000
    dw 0x0000, 0x0000, 0x0000, 0x0000, 0x0000, 0x0000, 0x0000, 0x0000, 0x0000, 0x0000, 0x0000, 0x0000
    dw 0x0000, 0x0000, 0x0000, 0x0000, 0x0000, 0x0000, 0x0000, 0x0000, 0x0000, 0x0000, 0x0000, 0x0000
    dw 0x0000, 0x0000, 0x0000, 0x0000, 0x0000, 0x0000, 0x0000, 0x0000, 0x0000, 0x0000, 0x0000, 0x0000
    dw 0x0000, 0x0000, 0x0000, 0x0000, 0x0000, 0x0000, 0x0000, 0x0000, 0x0000, 0x0000, 0x0000, 0x0000
    dw 0x0000, 0x0000, 0x0000, 0x0000, 0x0000, 0x0000, 0x0000, 0x0000, 0x0000, 0x0000, 0x0000, 0x0000
    dw 0x0000, 0x0000, 0x0000, 0x0000, 0x0000, 0x0000, 0x0000, 0x0000, 0x0000, 0x0000, 0x0000, 0x0000
    dw 0x0000, 0x0000, 0x0000, 0x0000, 0x0000, 0x0000, 0x0000, 0x0000, 0x0000, 0x0000, 0x0000, 0x0000
    dw 0x0000, 0x0000, 0x0000, 0x0000, 0x0000, 0x0000, 0x0000, 0x0000, 0x0000, 0x0000, 0x0000, 0x0000
    dw 0x0000, 0x0000, 0x0000, 0x0000, 0x0000, 0x0000, 0x0000, 0x0000, 0x0000, 0x0000, 0x0000, 0x0000
    dw 0x0000, 0x0000, 0x0000, 0x0000, 0x0000, 0x0000, 0x0000, 0x0000, 0x0000, 0x0000, 0x0000, 0x0000
    dw 0x0000, 0x0000, 0x0000, 0x0000, 0x0000, 0x0000, 0x0000, 0x0000, 0x0000, 0x0000, 0x0000, 0x0000
    dw 0x0000, 0x0000, 0x0000, 0x0000, 0x0000, 0x0000, 0x0000, 0x0000, 0x0000, 0x0000, 0x0000, 0x0000
    dw 0x0000, 0x0000, 0x0000, 0x0000, 0x0000, 0x0000, 0x0000, 0x0000, 0x0000, 0x0000, 0x0000, 0x0000
    dw 0x0000, 0x0000, 0x0000, 0x0000, 0x0000, 0x0000, 0x0000, 0x0000, 0x0000, 0x0000, 0x0000, 0x0000
    dw 0x0000, 0x0000, 0x0000, 0x0000, 0x0000, 0x0000, 0x0000, 0x0000, 0x0000, 0x0000, 0x0000, 0x0000
    dw 0x0000, 0x0000, 0x0000, 0x0000, 0x0000, 0x0000, 0x0000, 0x0000, 0x0000, 0x0000, 0x0000, 0x0000
    dw 0x0000, 0x0000, 0x0000, 0x0000, 0x0000, 0x0000, 0x0000, 0x0000, 0x0000, 0x0000, 0x0000, 0x0000
    dw 0x0000, 0x0000, 0x0000, 0x0000, 0x0000, 0x0000, 0x0000, 0x0000, 0x0000, 0x0000, 0x0000, 0x0000
    dw 0x0000, 0x0000, 0x0000, 0x0000, 0x0000, 0x0000, 0x0000, 0x0000, 0x0000, 0x0000, 0x0000, 0x0000
    dw 0x0000, 0x0000, 0x0000, 0x0000, 0x0000, 0x0000, 0x0000, 0x0000, 0x0000, 0x0000, 0x0000, 0x0000
    dw 0x0000, 0x0000, 0x0000, 0x0000, 0x0000, 0x0000, 0x0000, 0x0000, 0x0000, 0x0000, 0x0000, 0x0000
    dw 0x0000, 0x0000, 0x0000, 0x0000, 0x0000, 0x0000, 0x0000, 0x0000, 0x0000, 0x0000, 0x0000, 0x0000
    dw 0x0000, 0x0000, 0x0000, 0x0000, 0x0000, 0x0000, 0x0000, 0x0000, 0x0000, 0x0000, 0x0000, 0x0000
    dw 0x0000, 0x0000, 0x0000, 0x0000, 0x0000, 0x0000, 0x0000, 0x0000, 0x0000, 0x0000, 0x0000, 0x0000
    dw 0x0000, 0x0000, 0x0000, 0x0000, 0x0000, 0x0000, 0x0000, 0x0000, 0x0000, 0x0000, 0x0000, 0x0000
    dw 0x0000, 0x0000, 0x0000, 0x0000, 0x0000, 0x0000, 0x0000, 0x0000, 0x0000, 0x0000, 0x0000, 0x0000
    dw 0x0000, 0x0000, 0x0000, 0x0000, 0x0000, 0x0000, 0x0000, 0x0000, 0x0000, 0x0000, 0x0000, 0x0000
    dw 0x0000, 0x0000, 0x0000, 0x0000, 0x0000, 0x0000, 0x0000, 0x0000, 0x0000, 0x0000, 0x0000, 0x0000
    dw 0x0000, 0x0000, 0x0000, 0x0000, 0x0000, 0x0000, 0x0000, 0x0000, 0x0000, 0x0000, 0x0000, 0x0000
    dw 0x0000, 0x0000, 0x0000, 0x0000, 0x0000, 0x0000, 0x0000, 0x0000, 0x0000, 0x0000, 0x0000, 0x0000
    dw 0x0000, 0x0000, 0x0000, 0x0000, 0x0000, 0x0000, 0x0000, 0x0000, 0x0000, 0x0000, 0x0000, 0x0000
    dw 0x0000, 0x0000, 0x0000, 0x0000, 0x0000, 0x0000, 0x0000, 0x0000, 0x0000, 0x0000, 0x0000, 0x0000
    dw 0x0000, 0x0000, 0x0000, 0x0000, 0x0000, 0x0000, 0x0000, 0x0000, 0x0000, 0x0000, 0x0000, 0x0000
    dw 0x0000, 0x0000, 0x0000, 0x0000, 0x0000, 0x0000, 0x0000, 0x0000, 0x0000, 0x0000, 0x0000, 0x0000
    dw 0x0000, 0x0000, 0x0000, 0x0000, 0x0000, 0x0000, 0x0000, 0x0000, 0x0000, 0x0000, 0x0000, 0x0000
    dw 0x0000, 0x0000, 0x0000, 0x0000, 0x0000, 0x0000, 0x0000, 0x0000, 0x0000, 0x0000, 0x0000, 0x0000
    dw 0x0000, 0x0000, 0x0000, 0x0000, 0x0000, 0x0000, 0x0000, 0x0000, 0x0000, 0x0000, 0x0000, 0x0000
    dw 0x0000, 0x0000, 0x0000, 0x0000, 0x0000, 0x0000, 0x0000, 0x0000, 0x0000, 0x0000, 0x0000, 0x0000
    dw 0x0000, 0x0000, 0x0000, 0x0000, 0x0000, 0x0000, 0x0000, 0x0000, 0x0000, 0x0000, 0x0000, 0x0000
    dw 0x0000, 0x0000, 0x0000, 0x0000, 0x0000, 0x0000, 0x0000, 0x0000, 0x0000, 0x0000, 0x0000, 0x0000
    dw 0x0000, 0x0000, 0x0000, 0x0000, 0x0000, 0x0000, 0x0000, 0x0000, 0x0000, 0x0000, 0x0000, 0x0000
    dw 0x0000, 0x0000, 0x0000, 0x0000, 0x0000, 0x0000, 0x0000, 0x0000, 0x0000, 0x0000, 0x0000, 0x0000
    dw 0x0000, 0x0000, 0x0000, 0x0000, 0x0000, 0x0000, 0x0000, 0x0000, 0x0000, 0x0000, 0x0000, 0x0000
    dw 0x0000, 0x0000, 0x0000, 0x0000, 0x0000, 0x0000, 0x0000, 0x0000, 0x0000, 0x0000, 0x0000, 0x0000
    dw 0x0000, 0x0000, 0x0000, 0x0000, 0x0000, 0x0000, 0x0000, 0x0000, 0x0000, 0x0000, 0x0000, 0x0000
    dw 0x0000, 0x0000, 0x0000, 0x0000, 0x0000, 0x0000, 0x0000, 0x0000, 0x0000, 0x0000, 0x0000, 0x0000
    dw 0x0000, 0x0000, 0x0000, 0x0000, 0x0000, 0x0000, 0x0000, 0x0000, 0x0000, 0x0000, 0x0000, 0x0000
    dw 0x0000, 0x0000, 0x0000, 0x0000, 0x0000, 0x0000, 0x0000, 0x0000, 0x0000, 0x0000, 0x0000, 0x0000
    dw 0x0000, 0x0000, 0x0000, 0x0000, 0x0000, 0x0000, 0x0000, 0x0000, 0x0000, 0x0000, 0x0000, 0x0000
    dw 0x0000, 0x0000, 0x0000, 0x0000, 0x0000, 0x0000, 0x0000, 0x0000, 0x0000, 0x0000, 0x0000, 0x0000
    dw 0x0000, 0x0000, 0x0000, 0x0000, 0x0000, 0x0000, 0x0000, 0x0000, 0x0000, 0x0000, 0x0000, 0x0000
    dw 0x0000, 0x0000, 0x0000, 0x0000, 0x0000, 0x0000, 0x0000, 0x0000, 0x0000, 0x0000, 0x0000, 0x0000
    dw 0x0000, 0x0000, 0x0000, 0x0000, 0x0000, 0x0000, 0x0000, 0x0000, 0x0000, 0x0000, 0x0000, 0x0000
    dw 0x0000, 0x0000, 0x0000, 0x0000, 0x0000, 0x0000, 0x0000, 0x0000, 0x0000, 0x0000, 0x0000, 0x0000
    dw 0x0000, 0x0000, 0x0000, 0x0000, 0x0000, 0x0000, 0x0000, 0x0000, 0x0000, 0x0000, 0x0000, 0x0000
    dw 0x0000, 0x0000, 0x0000, 0x0000, 0x0000, 0x0000, 0x0000, 0x0000, 0x0000, 0x0000, 0x0000, 0x0000
    dw 0x0000, 0x0000, 0x0000, 0x0000, 0x0000, 0x0000, 0x0000, 0x0000, 0x0000, 0x0000, 0x0000, 0x0000
    dw 0x0000, 0x0000, 0x0000, 0x0000, 0x0000, 0x0000, 0x0000, 0x0000, 0x0000, 0x0000, 0x0000, 0x0000
    dw 0x0000, 0x0000, 0x0000, 0x0000, 0x0000, 0x0000, 0x0000, 0x0000, 0x0000, 0x0000, 0x0000, 0x0000
    dw 0x0000, 0x0000, 0x0000, 0x0000, 0x0000, 0x0000, 0x0000, 0x0000, 0x0000, 0x0000, 0x0000, 0x0000
    dw 0x0000, 0x0000, 0x0000, 0x0000, 0x0000, 0x0000, 0x0000, 0x0000, 0x0000, 0x0000, 0x0000, 0x0000
    dw 0x0000, 0x0000, 0x0000, 0x0000, 0x0000, 0x0000, 0x0000, 0x0000, 0x0000, 0x0000, 0x0000, 0x0000
    dw 0x0000, 0x0000, 0x0000, 0x0000, 0x0000, 0x0000, 0x0000, 0x0000, 0x0000, 0x0000, 0x0000, 0x0000
    dw 0x0000, 0x0000, 0x0000, 0x0000, 0x0000, 0x0000, 0x0000, 0x0000, 0x0000, 0x0000, 0x0000, 0x0000
    dw 0x0000, 0x0000, 0x0000, 0x0000, 0x0000, 0x0000, 0x0000, 0x0000, 0x0000, 0x0000, 0x0000, 0x0000
    dw 0x0000, 0x0000, 0x0000, 0x0000, 0x0000, 0x0000, 0x0000, 0x0000, 0x0000, 0x0000, 0x0000, 0x0000
    dw 0x0000, 0x0000, 0x0000, 0x0000, 0x0000, 0x0000, 0x0000, 0x0000, 0x0000, 0x0000, 0x0000, 0x0000
    dw 0x0000, 0x0000, 0x0000, 0x0000, 0x0000, 0x0000, 0x0000, 0x0000, 0x0000, 0x0000, 0x0000, 0x0000
    dw 0x0000, 0x0000, 0x0000, 0x0000, 0x0000, 0x0000, 0x0000, 0x0000, 0x0000, 0x0000, 0x0000, 0x0000
    dw 0x0000, 0x0000, 0x0000, 0x0000, 0x0000, 0x0000, 0x0000, 0x0000, 0x0000, 0x0000, 0x0000, 0x0000
    dw 0x0000, 0x0000, 0x0000, 0x0000, 0x0000, 0x0000, 0x0000, 0x0000, 0x0000, 0x0000, 0x0000, 0x0000
    dw 0x0000, 0x0000, 0x0000, 0x0000, 0x0000, 0x0000, 0x0000, 0x0000, 0x0000, 0x0000, 0x0000, 0x0000
    dw 0x0000, 0x0000, 0x0000, 0x0000, 0x0000, 0x0000, 0x0000, 0x0000, 0x0000, 0x0000, 0x0000, 0x0000
    dw 0x0000, 0x0000, 0x0000, 0x0000, 0x0000, 0x0000, 0x0000, 0x0000, 0x0000, 0x0000, 0x0000, 0x0000
    dw 0x0000, 0x0000, 0x0000, 0x0000, 0x0000, 0x0000, 0x0000, 0x0000, 0x0000, 0x0000, 0x0000, 0x0000
    dw 0x0000, 0x0000, 0x0000, 0x0000, 0x0000, 0x0000, 0x0000, 0x0000, 0x0000, 0x0000, 0x0000, 0x0000
    dw 0x0000, 0x0000, 0x0000, 0x0000, 0x0000, 0x0000, 0x0000, 0x0000, 0x0000, 0x0000, 0x0000, 0x0000
    dw 0x0000, 0x0000, 0x0000, 0x0000, 0x0000, 0x0000, 0x0000, 0x0000, 0x0000, 0x0000, 0x0000, 0x0000
    dw 0x0000, 0x0000, 0x0000, 0x0000, 0x0000, 0x0000, 0x0000, 0x0000, 0x0000, 0x0000, 0x0000, 0x0000
    dw 0x0000, 0x0000, 0x0000, 0x0000, 0x0000, 0x0000, 0x0000, 0x0000, 0x0000, 0x0000, 0x0000, 0x0000
    dw 0x0000, 0x0000, 0x0000, 0x0000, 0x0000, 0x0000, 0x0000, 0x0000, 0x0000, 0x0000, 0x0000, 0x0000
    dw 0x0000, 0x0000, 0x0000, 0x0000, 0x0000, 0x0000, 0x0000, 0x0000, 0x0000, 0x0000, 0x0000, 0x0000
    dw 0x0000, 0x0000, 0x0000, 0x0000, 0x0000, 0x0000, 0x0000, 0x0000, 0x0000, 0x0000, 0x0000, 0x0000
    dw 0x0000, 0x0000, 0x0000, 0x0000, 0x0000, 0x0000, 0x0000, 0x0000, 0x0000, 0x0000, 0x0000, 0x0000
    dw 0x0000, 0x0000, 0x0000, 0x0000, 0x0000, 0x0000, 0x0000, 0x0000, 0x0000, 0x0000, 0x0000, 0x0000
    dw 0x0000, 0x0000, 0x0000, 0x0000, 0x0000, 0x0000, 0x0000, 0x0000, 0x0000, 0x0000, 0x0000, 0x0000
    dw 0x0000, 0x0000, 0x0000, 0x0000, 0x0000, 0x0000, 0x0000, 0x0000, 0x0000, 0x0000, 0x0000, 0x0000
    dw 0x0000, 0x0000, 0x0000, 0x0000, 0x0000, 0x0000, 0x0000, 0x0000, 0x0000, 0x0000, 0x0000, 0x0000
    dw 0x0000, 0x0000, 0x0000, 0x0000, 0x0000, 0x0000, 0x0000, 0x0000, 0x0000, 0x0000, 0x0000, 0x0000
    dw 0x0000, 0x0000, 0x0000, 0x0000, 0x0000, 0x0000, 0x0000, 0x0000, 0x0000, 0x0000, 0x0000, 0x0000
    dw 0x0000, 0x0000, 0x0000, 0x0000, 0x0000, 0x0000, 0x0000, 0x0000, 0x0000, 0x0000, 0x0000, 0x0000
    dw 0x0000, 0x0000, 0x0000, 0x0000, 0x0000, 0x0000, 0x0000, 0x0000, 0x0000, 0x0000, 0x0000, 0x0000
    dw 0x0000, 0x0000, 0x0000, 0x0000, 0x0000, 0x0000, 0x0000, 0x0000, 0x0000, 0x0000, 0x0000, 0x0000
    dw 0x0000, 0x0000, 0x0000, 0x0000, 0x0000, 0x0000, 0x0000, 0x0000, 0x0000, 0x0000, 0x0000, 0x0000
    dw 0x0000, 0x0000, 0x0000, 0x0000, 0x0000, 0x0000, 0x0000, 0x0000, 0x0000, 0x0000, 0x0000, 0x0000
    dw 0x0000, 0x0000, 0x0000, 0x0000, 0x0000, 0x0000, 0x0000, 0x0000, 0x0000, 0x0000, 0x0000, 0x0000
    dw 0x0000, 0x0000, 0x0000, 0x0000, 0x0000, 0x0000, 0x0000, 0x0000, 0x0000, 0x0000, 0x0000, 0x0000
    dw 0x0000, 0x0000, 0x0000, 0x0000, 0x0000, 0x0000, 0x0000, 0x0000, 0x0000, 0x0000, 0x0000, 0x0000
    dw 0x0000, 0x0000, 0x0000, 0x0000, 0x0000, 0x0000, 0x0000, 0x0000, 0x0000, 0x0000, 0x0000, 0x0000
    dw 0x0000, 0x0000, 0x0000, 0x0000, 0x0000, 0x0000, 0x0000, 0x0000, 0x0000, 0x0000, 0x0000, 0x0000
    dw 0x0000, 0x0000, 0x0000, 0x0000, 0x0000, 0x0000, 0x0000, 0x0000, 0x0000, 0x0000, 0x0000, 0x0000
    dw 0x0000, 0x0000, 0x0000, 0x0000, 0x0000, 0x0000, 0x0000, 0x0000, 0x0000, 0x0000, 0x0000, 0x0000
    dw 0x0000, 0x0000, 0x0000, 0x0000, 0x0000, 0x0000, 0x0000, 0x0000, 0x0000, 0x0000, 0x0000, 0x0000
    dw 0x0000, 0x0000, 0x0000, 0x0000, 0x0000, 0x0000, 0x0000, 0x0000, 0x0000, 0x0000, 0x0000, 0x0000
    dw 0x0000, 0x0000, 0x0000, 0x0000, 0x0000, 0x0000, 0x0000, 0x0000, 0x0000, 0x0000, 0x0000, 0x0000
    dw 0x0000, 0x0000, 0x0000, 0x0000, 0x0000, 0x0000, 0x0000, 0x0000, 0x0000, 0x0000, 0x0000, 0x0000
    dw 0x0000, 0x0000, 0x0000, 0x0000, 0x0000, 0x0000, 0x0000, 0x0000, 0x0000, 0x0000, 0x0000, 0x0000
    dw 0x0000, 0x0000, 0x0000, 0x0000, 0x0000, 0x0000, 0x0000, 0x0000, 0x0000, 0x0000, 0x0000, 0x0000
    dw 0x0000, 0x0000, 0x0000, 0x0000, 0x0000, 0x0000, 0x0000, 0x0000, 0x0000, 0x0000, 0x0000, 0x0000
    dw 0x0000, 0x0000, 0x0000, 0x0000, 0x0000, 0x0000, 0x0000, 0x0000, 0x0000, 0x0000, 0x0000, 0x0000
    dw 0x0000, 0x0000, 0x0000, 0x0000, 0x0000, 0x0000, 0x0000, 0x0000, 0x0000, 0x0000, 0x0000, 0x0000
    dw 0x0000, 0x0000, 0x0000, 0x0000, 0x0000, 0x0000, 0x0000, 0x0000, 0x0000, 0x0000, 0x0000, 0x0000
    dw 0x0000, 0x0000, 0x0000, 0x0000, 0x0000, 0x0000, 0x0000, 0x0000, 0x0000, 0x0000, 0x0000, 0x0000
    dw 0x0000, 0x0000, 0x0000, 0x0000, 0x0000, 0x0000, 0x0000, 0x0000, 0x0000, 0x0000, 0x0000, 0x0000
    dw 0x0000, 0x0000, 0x0000, 0x0000, 0x0000, 0x0000, 0x0000, 0x0000, 0x0000, 0x0000, 0x0000, 0x0000
    dw 0x0000, 0x0000, 0x0000, 0x0000, 0x0000, 0x0000, 0x0000, 0x0000, 0x0000, 0x0000, 0x0000, 0x0000
    dw 0x0000, 0x0000, 0x0000, 0x0000, 0x0000, 0x0000, 0x0000, 0x0000, 0x0000, 0x0000, 0x0000, 0x0000
    dw 0x0000, 0x0000, 0x0000, 0x0000, 0x0000, 0x0000, 0x0000, 0x0000, 0x0000, 0x0000, 0x0000, 0x0000
    dw 0x0000, 0x0000, 0x0000, 0x0000, 0x0000, 0x0000, 0x0000, 0x0000, 0x0000, 0x0000, 0x0000, 0x0000
    dw 0x0000, 0x0000, 0x0000, 0x0000, 0x0000, 0x0000, 0x0000, 0x0000, 0x0000, 0x0000, 0x0000, 0x0000
    dw 0x0000, 0x0000, 0x0000, 0x0000, 0x0000, 0x0000, 0x0000, 0x0000, 0x0000, 0x0000, 0x0000, 0x0000
    dw 0x0000, 0x0000, 0x0000, 0x0000, 0x0000, 0x0000, 0x0000, 0x0000, 0x0000, 0x0000, 0x0000, 0x0000
    dw 0x0000, 0x0000, 0x0000, 0x0000, 0x0000, 0x0000, 0x0000, 0x0000, 0x0000, 0x0000, 0x0000, 0x0000
    dw 0x0000, 0x0000, 0x0000, 0x0000, 0x0000, 0x0000, 0x0000, 0x0000, 0x0000, 0x0000, 0x0000, 0x0000
    dw 0x0000, 0x0000, 0x0000, 0x0000, 0x0000, 0x0000, 0x0000, 0x0000, 0x0000, 0x0000, 0x0000, 0x0000
    dw 0x0000, 0x0000, 0x0000, 0x0000, 0x0000, 0x0000, 0x0000, 0x0000, 0x0000, 0x0000, 0x0000, 0x0000
    dw 0x0000, 0x0000, 0x0000, 0x0000, 0x0000, 0x0000, 0x0000, 0x0000, 0x0000, 0x0000, 0x0000, 0x0000
    dw 0x0000, 0x0000, 0x0000, 0x0000, 0x0000, 0x0000, 0x0000, 0x0000, 0x0000, 0x0000, 0x0000, 0x0000
    dw 0x0000, 0x0000, 0x0000, 0x0000, 0x0000, 0x0000, 0x0000, 0x0000, 0x0000, 0x0000, 0x0000, 0x0000
    dw 0x0000, 0x0000, 0x0000, 0x0000, 0x0000, 0x0000, 0x0000, 0x0000, 0x0000, 0x0000, 0x0000, 0x0000
    dw 0x0000, 0x0000, 0x0000, 0x0000, 0x0000, 0x0000, 0x0000, 0x0000, 0x0000, 0x0000, 0x0000, 0x0000
    dw 0x0000, 0x0000, 0x0000, 0x0000, 0x0000, 0x0000, 0x0000, 0x0000, 0x0000, 0x0000, 0x0000, 0x0000
    dw 0x0000, 0x0000, 0x0000, 0x0000, 0x0000, 0x0000, 0x0000, 0x0000, 0x0000, 0x0000, 0x0000, 0x0000
    dw 0x0000, 0x0000, 0x0000, 0x0000, 0x0000, 0x0000, 0x0000, 0x0000, 0x0000, 0x0000, 0x0000, 0x0000
    dw 0x0000, 0x0000, 0x0000, 0x0000, 0x0000, 0x0000, 0x0000, 0x0000, 0x0000, 0x0000, 0x0000, 0x0000
    dw 0x0000, 0x0000, 0x0000, 0x0000, 0x0000, 0x0000, 0x0000, 0x0000, 0x0000, 0x0000, 0x0000, 0x0000
    dw 0x0000, 0x0000, 0x0000, 0x0000, 0x0000, 0x0000, 0x0000, 0x0000, 0x0000, 0x0000, 0x0000, 0x0000
    dw 0x0000, 0x0000, 0x0000, 0x0000, 0x0000, 0x0000, 0x0000, 0x0000, 0x0000, 0x0000, 0x0000, 0x0000
    dw 0x0000, 0x0000, 0x0000, 0x0000, 0x0000, 0x0000, 0x0000, 0x0000, 0x0000, 0x0000, 0x0000, 0x0000
    dw 0x0000, 0x0000, 0x0000, 0x0000, 0x0000, 0x0000, 0x0000, 0x0000, 0x0000, 0x0000, 0x0000, 0x0000
    dw 0x0000, 0x0000, 0x0000, 0x0000, 0x0000, 0x0000, 0x0000, 0x0000, 0x0000, 0x0000, 0x0000, 0x0000
    dw 0x0000, 0x0000, 0x0000, 0x0000, 0x0000, 0x0000, 0x0000, 0x0000, 0x0000, 0x0000, 0x0000, 0x0000
    dw 0x0000, 0x0000, 0x0000, 0x0000, 0x0000, 0x0000, 0x0000, 0x0000, 0x0000, 0x0000, 0x0000, 0x0000
    dw 0x0000, 0x0000, 0x0000, 0x0000, 0x0000, 0x0000, 0x0000, 0x0000, 0x0000, 0x0000, 0x0000, 0x0000
    dw 0x0000, 0x0000, 0x0000, 0x0000, 0x0000, 0x0000, 0x0000, 0x0000, 0x0000, 0x0000, 0x0000, 0x0000
    dw 0x0000, 0x0000, 0x0000, 0x0000, 0x0000, 0x0000, 0x0000, 0x0000, 0x0000, 0x0000, 0x0000, 0x0000
    dw 0x0000, 0x0000, 0x0000, 0x0000, 0x0000, 0x0000, 0x0000, 0x0000, 0x0000, 0x0000, 0x0000, 0x0000
    dw 0x0000, 0x0000, 0x0000, 0x0000, 0x0000, 0x0000, 0x0000, 0x0000, 0x0000, 0x0000, 0x0000, 0x0000
    dw 0x0000, 0x0000, 0x0000, 0x0000, 0x0000, 0x0000, 0x0000, 0x0000, 0x0000, 0x0000, 0x0000, 0x0000
    dw 0x0000, 0x0000, 0x0000, 0x0000, 0x0000, 0x0000, 0x0000, 0x0000, 0x0000, 0x0000, 0x0000, 0x0000
    dw 0x0000, 0x0000, 0x0000, 0x0000, 0x0000, 0x0000, 0x0000, 0x0000, 0x0000, 0x0000, 0x0000, 0x0000
    dw 0x0000, 0x0000, 0x0000, 0x0000, 0x0000, 0x0000, 0x0000, 0x0000, 0x0000, 0x0000, 0x0000, 0x0000
    dw 0x0000, 0x0000, 0x0000, 0x0000, 0x0000, 0x0000, 0x0000, 0x0000, 0x0000, 0x0000, 0x0000, 0x0000
    dw 0x0000, 0x0000, 0x0000, 0x0000, 0x0000, 0x0000, 0x0000, 0x0000, 0x0000, 0x0000, 0x0000, 0x0000
    dw 0x0000, 0x0000, 0x0000, 0x0000, 0x0000, 0x0000, 0x0000, 0x0000, 0x0000, 0x0000, 0x0000, 0x0000
    dw 0x0000, 0x0000, 0x0000, 0x0000, 0x0000, 0x0000, 0x0000, 0x0000, 0x0000, 0x0000, 0x0000, 0x0000
    dw 0x0000, 0x0000, 0x0000, 0x0000, 0x0000, 0x0000, 0x0000, 0x0000, 0x0000, 0x0000, 0x0000, 0x0000
    dw 0x0000, 0x0000, 0x0000, 0x0000, 0x0000, 0x0000, 0x0000, 0x0000, 0x0000, 0x0000, 0x0000, 0x0000
    dw 0x0000, 0x0000, 0x0000, 0x0000, 0x0000, 0x0000, 0x0000, 0x0000, 0x0000, 0x0000, 0x0000, 0x0000
    dw 0x0000, 0x0000, 0x0000, 0x0000, 0x0000, 0x0000, 0x0000, 0x0000, 0x0000, 0x0000, 0x0000, 0x0000
    dw 0x0000, 0x0000, 0x0000, 0x0000, 0x0000, 0x0000, 0x0000, 0x0000, 0x0000, 0x0000, 0x0000, 0x0000
    dw 0x0000, 0x0000, 0x0000, 0x0000, 0x0000, 0x0000, 0x0000, 0x0000, 0x0000, 0x0000, 0x0000, 0x0000
    dw 0x0000, 0x0000, 0x0000, 0x0000, 0x0000, 0x0000, 0x0000, 0x0000, 0x0000, 0x0000, 0x0000, 0x0000
    dw 0x0000, 0x0000, 0x0000, 0x0000, 0x0000, 0x0000, 0x0000, 0x0000, 0x0000, 0x0000, 0x0000, 0x0000
    dw 0x0000, 0x0000, 0x0000, 0x0000, 0x0000, 0x0000, 0x0000, 0x0000, 0x0000, 0x0000, 0x0000, 0x0000
    dw 0x0000, 0x0000, 0x0000, 0x0000, 0x0000, 0x0000, 0x0000, 0x0000, 0x0000, 0x0000, 0x0000, 0x0000
    dw 0x0000, 0x0000, 0x0000, 0x0000, 0x0000, 0x0000, 0x0000, 0x0000, 0x0000, 0x0000, 0x0000, 0x0000
    dw 0x0000, 0x0000, 0x0000, 0x0000, 0x0000, 0x0000, 0x0000, 0x0000, 0x0000, 0x0000, 0x0000, 0x0000
    dw 0x0000, 0x0000, 0x0000, 0x0000, 0x0000, 0x0000, 0x0000, 0x0000, 0x0000, 0x0000, 0x0000, 0x0000
    dw 0x0000, 0x0000, 0x0000, 0x0000, 0x0000, 0x0000, 0x0000, 0x0000, 0x0000, 0x0000, 0x0000, 0x0000
    dw 0x0000, 0x0000, 0x0000, 0x0000, 0x0000, 0x0000, 0x0000, 0x0000, 0x0000, 0x0000, 0x0000, 0x0000
    dw 0x0000, 0x0000, 0x0000, 0x0000, 0x0000, 0x0000, 0x0000, 0x0000, 0x0000, 0x0000, 0x0000, 0x0000
    dw 0x0000, 0x0000, 0x0000, 0x0000, 0x0000, 0x0000, 0x0000, 0x0000, 0x0000, 0x0000, 0x0000, 0x0000
    dw 0x0000, 0x0000, 0x0000, 0x0000, 0x0000, 0x0000, 0x0000, 0x0000, 0x0000, 0x0000, 0x0000, 0x0000
    dw 0x0000, 0x0000, 0x0000, 0x0000, 0x0000, 0x0000, 0x0000, 0x0000, 0x0000, 0x0000, 0x0000, 0x0000
    dw 0x0000, 0x0000, 0x0000, 0x0000, 0x0000, 0x0000, 0x0000, 0x0000, 0x0000, 0x0000, 0x0000, 0x0000
    dw 0x0000, 0x0000, 0x0000, 0x0000, 0x0000, 0x0000, 0x0000, 0x0000, 0x0000, 0x0000, 0x0000, 0x0000
    dw 0x0000, 0x0000, 0x0000, 0x0000, 0x0000, 0x0000, 0x0000, 0x0000, 0x0000, 0x0000, 0x0000, 0x0000
    dw 0x0000, 0x0000, 0x0000, 0x0000, 0x0000, 0x0000, 0x0000, 0x0000, 0x0000, 0x0000, 0x0000, 0x0000
    dw 0x0000, 0x0000, 0x0000, 0x0000, 0x0000, 0x0000, 0x0000, 0x0000, 0x0000, 0x0000, 0x0000, 0x0000
    dw 0x0000, 0x0000, 0x0000, 0x0000, 0x0000, 0x0000, 0x0000, 0x0000, 0x0000, 0x0000, 0x0000, 0x0000
    dw 0x0000, 0x0000, 0x0000, 0x0000, 0x0000, 0x0000, 0x0000, 0x0000, 0x0000, 0x0000, 0x0000, 0x0000
    dw 0x0000, 0x0000, 0x0000, 0x0000, 0x0000, 0x0000, 0x0000, 0x0000, 0x0000, 0x0000, 0x0000, 0x0000
    dw 0x0000, 0x0000, 0x0000, 0x0000, 0x0000, 0x0000, 0x0000, 0x0000, 0x0000, 0x0000, 0x0000, 0x0000
    dw 0x0000, 0x0000, 0x0000, 0x0000, 0x0000, 0x0000, 0x0000, 0x0000, 0x0000, 0x0000, 0x0000, 0x0000
    dw 0x0000, 0x0000, 0x0000, 0x0000, 0x0000, 0x0000, 0x0000, 0x0000, 0x0000, 0x0000, 0x0000, 0x0000
    dw 0x0000, 0x0000, 0x0000, 0x0000, 0x0000, 0x0000, 0x0000, 0x0000, 0x0000, 0x0000, 0x0000, 0x0000
    dw 0x0000, 0x0000, 0x0000, 0x0000, 0x0000, 0x0000, 0x0000, 0x0000, 0x0000, 0x0000, 0x0000, 0x0000
    dw 0x0000, 0x0000, 0x0000, 0x0000, 0x0000, 0x0000, 0x0000, 0x0000, 0x0000, 0x0000, 0x0000, 0x0000
    dw 0x0000, 0x0000, 0x0000, 0x0000, 0x0000, 0x0000, 0x0000, 0x0000, 0x0000, 0x0000, 0x0000, 0x0000
    dw 0x0000, 0x0000, 0x0000, 0x0000, 0x0000, 0x0000, 0x0000, 0x0000, 0x0000, 0x0000, 0x0000, 0x0000
    dw 0x0000, 0x0000, 0x0000, 0x0000, 0x0000, 0x0000, 0x0000, 0x0000, 0x0000, 0x0000, 0x0000, 0x0000
    dw 0x0000, 0x0000, 0x0000, 0x0000, 0x0000, 0x0000, 0x0000, 0x0000, 0x0000, 0x0000, 0x0000, 0x0000
    dw 0x0000, 0x0000, 0x0000, 0x0000, 0x0000, 0x0000, 0x0000, 0x0000, 0x0000, 0x0000, 0x0000, 0x0000
    dw 0x0000, 0x0000, 0x0000, 0x0000, 0x0000, 0x0000, 0x0000, 0x0000, 0x0000, 0x0000, 0x0000, 0x0000
    dw 0x0000, 0x0000, 0x0000, 0x0000, 0x0000, 0x0000, 0x0000, 0x0000, 0x0000, 0x0000, 0x0000, 0x0000
    dw 0x0000, 0x0000, 0x0000, 0x0000, 0x0000, 0x0000, 0x0000, 0x0000, 0x0000, 0x0000, 0x0000, 0x0000
    dw 0x0000, 0x0000, 0x0000, 0x0000, 0x0000, 0x0000, 0x0000, 0x0000, 0x0000, 0x0000, 0x0000, 0x0000
    dw 0x0000, 0x0000, 0x0000, 0x0000, 0x0000, 0x0000, 0x0000, 0x0000, 0x0000, 0x0000, 0x0000, 0x0000
    dw 0x0000, 0x0000, 0x0000, 0x0000, 0x0000, 0x0000, 0x0000, 0x0000, 0x0000, 0x0000, 0x0000, 0x0000
    dw 0x0000, 0x0000, 0x0000, 0x0000, 0x0000, 0x0000, 0x0000, 0x0000, 0x0000, 0x0000, 0x0000, 0x0000
    dw 0x0000, 0x0000, 0x0000, 0x0000, 0x0000, 0x0000, 0x0000, 0x0000, 0x0000, 0x0000, 0x0000, 0x0000
    dw 0x0000, 0x0000, 0x0000, 0x0000, 0x0000, 0x0000, 0x0000, 0x0000, 0x0000, 0x0000, 0x0000, 0x0000
    dw 0x0000, 0x0000, 0x0000, 0x0000, 0x0000, 0x0000, 0x0000, 0x0000, 0x0000, 0x0000, 0x0000, 0x0000
    dw 0x0000, 0x0000, 0x0000, 0x0000, 0x0000, 0x0000, 0x0000, 0x0000, 0x0000, 0x0000, 0x0000, 0x0000
    dw 0x0000, 0x0000, 0x0000, 0x0000, 0x0000, 0x0000, 0x0000, 0x0000, 0x0000, 0x0000, 0x0000, 0x0000
    dw 0x0000, 0x0000, 0x0000, 0x0000, 0x0000, 0x0000, 0x0000, 0x0000, 0x0000, 0x0000, 0x0000, 0x0000
    dw 0x0000, 0x0000, 0x0000, 0x0000, 0x0000, 0x0000, 0x0000, 0x0000, 0x0000, 0x0000, 0x0000, 0x0000
    dw 0x0000, 0x0000, 0x0000, 0x0000, 0x0000, 0x0000, 0x0000, 0x0000, 0x0000, 0x0000, 0x0000, 0x0000
    dw 0x0000, 0x0000, 0x0000, 0x0000, 0x0000, 0x0000, 0x0000, 0x0000, 0x0000, 0x0000, 0x0000, 0x0000
    dw 0x0000, 0x0000, 0x0000, 0x0000, 0x0000, 0x0000, 0x0000, 0x0000, 0x0000, 0x0000, 0x0000, 0x0000
    dw 0x0000, 0x0000, 0x0000, 0x0000, 0x0000, 0x0000, 0x0000, 0x0000, 0x0000, 0x0000, 0x0000, 0x0000
    dw 0x0000, 0x0000, 0x0000, 0x0000, 0x0000, 0x0000, 0x0000, 0x0000, 0x0000, 0x0000, 0x0000, 0x0000
    dw 0x0000, 0x0000, 0x0000, 0x0000, 0x0000, 0x0000, 0x0000, 0x0000, 0x0000, 0x0000, 0x0000, 0x0000
    dw 0x0000, 0x0000, 0x0000, 0x0000, 0x0000, 0x0000, 0x0000, 0x0000, 0x0000, 0x0000, 0x0000, 0x0000
    dw 0x0000, 0x0000, 0x0000, 0x0000, 0x0000, 0x0000, 0x0000, 0x0000, 0x0000, 0x0000, 0x0000, 0x0000
    dw 0x0000, 0x0000, 0x0000, 0x0000, 0x0000, 0x0000, 0x0000, 0x0000, 0x0000, 0x0000, 0x0000, 0x0000
    dw 0x0000, 0x0000, 0x0000, 0x0000, 0x0000, 0x0000, 0x0000, 0x0000, 0x0000, 0x0000, 0x0000, 0x0000
    dw 0x0000, 0x0000, 0x0000, 0x0000, 0x0000, 0x0000, 0x0000, 0x0000, 0x0000, 0x0000, 0x0000, 0x0000
    dw 0x0000, 0x0000, 0x0000, 0x0000, 0x0000, 0x0000, 0x0000, 0x0000, 0x0000, 0x0000, 0x0000, 0x0000
    dw 0x0000, 0x0000, 0x0000, 0x0000, 0x0000, 0x0000, 0x0000, 0x0000, 0x0000, 0x0000, 0x0000, 0x0000
    dw 0x0000, 0x0000, 0x0000, 0x0000, 0x0000, 0x0000, 0x0000, 0x0000, 0x0000, 0x0000, 0x0000, 0x0000
    dw 0x0000, 0x0000, 0x0000, 0x0000, 0x0000, 0x0000, 0x0000, 0x0000, 0x0000, 0x0000, 0x0000, 0x0000
    dw 0x0000, 0x0000, 0x0000, 0x0000, 0x0000, 0x0000, 0x0000, 0x0000, 0x0000, 0x0000, 0x0000, 0x0000
    dw 0x0000, 0x0000, 0x0000, 0x0000, 0x0000, 0x0000, 0x0000, 0x0000, 0x0000, 0x0000, 0x0000, 0x0000
    dw 0x0000, 0x0000, 0x0000, 0x0000, 0x0000, 0x0000, 0x0000, 0x0000, 0x0000, 0x0000, 0x0000, 0x0000
    dw 0x0000, 0x0000, 0x0000, 0x0000, 0x0000, 0x0000, 0x0000, 0x0000, 0x0000, 0x0000, 0x0000, 0x0000
    dw 0x0000, 0x0000, 0x0000, 0x0000, 0x0000, 0x0000, 0x0000, 0x0000, 0x0000, 0x0000, 0x0000, 0x0000
    dw 0x0000, 0x0000, 0x0000, 0x0000, 0x0000, 0x0000, 0x0000, 0x0000, 0x0000, 0x0000, 0x0000, 0x0000
    dw 0x0000, 0x0000, 0x0000, 0x0000, 0x0000, 0x0000, 0x0000, 0x0000, 0x0000, 0x0000, 0x0000, 0x0000
    dw 0x0000, 0x0000, 0x0000, 0x0000, 0x0000, 0x0000, 0x0000, 0x0000, 0x3000, 0xFF0C, 0x3001, 0x3002
    dw 0xFF0E, 0x2022, 0xFF1B, 0xFF1A, 0xFF1F, 0xFF01, 0xFE30, 0x2026, 0x2025, 0xFE50, 0xFF64, 0xFE52
    dw 0x00B7, 0xFE54, 0xFE55, 0xFE56, 0xFE57, 0xFF5C, 0x2013, 0xFE31, 0x2014, 0xFE33, 0xFFFD, 0xFE34
    dw 0xFE4F, 0xFF08, 0xFF09, 0xFE35, 0xFE36, 0xFF5B, 0xFF5D, 0xFE37, 0xFE38, 0x3014, 0x3015, 0xFE39
    dw 0xFE3A, 0x3010, 0x3011, 0xFE3B, 0xFE3C, 0x300A, 0x300B, 0xFE3D, 0xFE3E, 0x3008, 0x3009, 0xFE3F
    dw 0xFE40, 0x300C, 0x300D, 0xFE41, 0xFE42, 0x300E, 0x300F, 0xFE43, 0xFE44, 0xFE59, 0xFE5A, 0xFE5B
    dw 0xFE5C, 0xFE5D, 0xFE5E, 0x2018, 0x2019, 0x201C, 0x201D, 0x301D, 0x301E, 0x2035, 0x2032, 0xFF03
    dw 0xFF06, 0xFF0A, 0x203B, 0x00A7, 0x3003, 0x25CB, 0x25CF, 0x25B3, 0x25B2, 0x25CE, 0x2606, 0x2605
    dw 0x25C7, 0x25C6, 0x25A1, 0x25A0, 0x25BD, 0x25BC, 0x32A3, 0x2105, 0x203E, 0xFFFD, 0xFF3F, 0xFFFD
    dw 0xFE49, 0xFE4A, 0xFE4D, 0xFE4E, 0xFE4B, 0xFE4C, 0xFE5F, 0xFE60, 0xFE61, 0xFF0B, 0xFF0D, 0x00D7
    dw 0x00F7, 0x00B1, 0x221A, 0xFF1C, 0xFF1E, 0xFF1D, 0x2266, 0x2267, 0x2260, 0x221E, 0x2252, 0x2261
    dw 0xFE62, 0xFE63, 0xFE64, 0xFE65, 0xFE66, 0x223C, 0x2229, 0x222A, 0x22A5, 0x2220, 0x221F, 0x22BF
    dw 0x33D2, 0x33D1, 0x222B, 0x222E, 0x2235, 0x2234, 0x2640, 0x2642, 0x2641, 0x2609, 0x2191, 0x2193
    dw 0x2190, 0x2192, 0x2196, 0x2197, 0x2199, 0x2198, 0x2225, 0x2223, 0xFFFD, 0xFFFD, 0xFF0F, 0xFF3C
    dw 0xFF04, 0x00A5, 0x3012, 0x00A2, 0x00A3, 0xFF05, 0xFF20, 0x2103, 0x2109, 0xFE69, 0xFE6A, 0xFE6B
    dw 0x33D5, 0x339C, 0x339D, 0x339E, 0x33CE, 0x33A1, 0x338E, 0x338F, 0x33C4, 0x00B0, 0x5159, 0x515B
    dw 0x515E, 0x515D, 0x5161, 0x5163, 0x55E7, 0x74E9, 0x7CCE, 0x2581, 0x2582, 0x2583, 0x2584, 0x2585
    dw 0x2586, 0x2587, 0x2588, 0x258F, 0x258E, 0x258D, 0x258C, 0x258B, 0x258A, 0x2589, 0x253C, 0x2534
    dw 0x252C, 0x2524, 0x251C, 0x2594, 0x2500, 0x2502, 0x2595, 0x250C, 0x2510, 0x2514, 0x2518, 0x256D
    dw 0x256E, 0x2570, 0x256F, 0x2550, 0x255E, 0x256A, 0x2561, 0x25E2, 0x25E3, 0x25E5, 0x25E4, 0x2571
    dw 0x2572, 0x2573, 0xFF10, 0xFF11, 0xFF12, 0xFF13, 0xFF14, 0xFF15, 0xFF16, 0xFF17, 0xFF18, 0xFF19
    dw 0x2160, 0x2161, 0x2162, 0x2163, 0x2164, 0x2165, 0x2166, 0x2167, 0x2168, 0x2169, 0x3021, 0x3022
    dw 0x3023, 0x3024, 0x3025, 0x3026, 0x3027, 0x3028, 0x3029, 0xFFFD, 0x5344, 0xFFFD, 0xFF21, 0xFF22
    dw 0xFF23, 0xFF24, 0xFF25, 0xFF26, 0xFF27, 0xFF28, 0xFF29, 0xFF2A, 0xFF2B, 0xFF2C, 0xFF2D, 0xFF2E
    dw 0xFF2F, 0xFF30, 0xFF31, 0xFF32, 0xFF33, 0xFF34, 0xFF35, 0xFF36, 0xFF37, 0xFF38, 0xFF39, 0xFF3A
    dw 0xFF41, 0xFF42, 0xFF43, 0xFF44, 0xFF45, 0xFF46, 0xFF47, 0xFF48, 0xFF49, 0xFF4A, 0xFF4B, 0xFF4C
    dw 0xFF4D, 0xFF4E, 0xFF4F, 0xFF50, 0xFF51, 0xFF52, 0xFF53, 0xFF54, 0xFF55, 0xFF56, 0xFF57, 0xFF58
    dw 0xFF59, 0xFF5A, 0x0391, 0x0392, 0x0393, 0x0394, 0x0395, 0x0396, 0x0397, 0x0398, 0x0399, 0x039A
    dw 0x039B, 0x039C, 0x039D, 0x039E, 0x039F, 0x03A0, 0x03A1, 0x03A3, 0x03A4, 0x03A5, 0x03A6, 0x03A7
    dw 0x03A8, 0x03A9, 0x03B1, 0x03B2, 0x03B3, 0x03B4, 0x03B5, 0x03B6, 0x03B7, 0x03B8, 0x03B9, 0x03BA
    dw 0x03BB, 0x03BC, 0x03BD, 0x03BE, 0x03BF, 0x03C0, 0x03C1, 0x03C3, 0x03C4, 0x03C5, 0x03C6, 0x03C7
    dw 0x03C8, 0x03C9, 0x3105, 0x3106, 0x3107, 0x3108, 0x3109, 0x310A, 0x310B, 0x310C, 0x310D, 0x310E
    dw 0x310F, 0x3110, 0x3111, 0x3112, 0x3113, 0x3114, 0x3115, 0x3116, 0x3117, 0x3118, 0x3119, 0x311A
    dw 0x311B, 0x311C, 0x311D, 0x311E, 0x311F, 0x3120, 0x3121, 0x3122, 0x3123, 0x3124, 0x3125, 0x3126
    dw 0x3127, 0x3128, 0x3129, 0x02D9, 0x02C9, 0x02CA, 0x02C7, 0x02CB, 0x0000, 0x0000, 0x0000, 0x0000
    dw 0x0000, 0x0000, 0x0000, 0x0000, 0x0000, 0x0000, 0x0000, 0x0000, 0x0000, 0x0000, 0x0000, 0x0000
    dw 0x0000, 0x0000, 0x0000, 0x0000, 0x0000, 0x0000, 0x0000, 0x0000, 0x0000, 0x0000, 0x0000, 0x0000
    dw 0x0000, 0x0000, 0x0000, 0x0000, 0x0000, 0x0000, 0x0000, 0x0000, 0x0000, 0x0000, 0x0000, 0x0000
    dw 0x0000, 0x0000, 0x0000, 0x0000, 0x0000, 0x0000, 0x0000, 0x0000, 0x0000, 0x0000, 0x0000, 0x0000
    dw 0x0000, 0x0000, 0x0000, 0x0000, 0x0000, 0x0000, 0x0000, 0x0000, 0x0000, 0x0000, 0x0000, 0x4E00
    dw 0x4E59, 0x4E01, 0x4E03, 0x4E43, 0x4E5D, 0x4E86, 0x4E8C, 0x4EBA, 0x513F, 0x5165, 0x516B, 0x51E0
    dw 0x5200, 0x5201, 0x529B, 0x5315, 0x5341, 0x535C, 0x53C8, 0x4E09, 0x4E0B, 0x4E08, 0x4E0A, 0x4E2B
    dw 0x4E38, 0x51E1, 0x4E45, 0x4E48, 0x4E5F, 0x4E5E, 0x4E8E, 0x4EA1, 0x5140, 0x5203, 0x52FA, 0x5343
    dw 0x53C9, 0x53E3, 0x571F, 0x58EB, 0x5915, 0x5927, 0x5973, 0x5B50, 0x5B51, 0x5B53, 0x5BF8, 0x5C0F
    dw 0x5C22, 0x5C38, 0x5C71, 0x5DDD, 0x5DE5, 0x5DF1, 0x5DF2, 0x5DF3, 0x5DFE, 0x5E72, 0x5EFE, 0x5F0B
    dw 0x5F13, 0x624D, 0x4E11, 0x4E10, 0x4E0D, 0x4E2D, 0x4E30, 0x4E39, 0x4E4B, 0x5C39, 0x4E88, 0x4E91
    dw 0x4E95, 0x4E92, 0x4E94, 0x4EA2, 0x4EC1, 0x4EC0, 0x4EC3, 0x4EC6, 0x4EC7, 0x4ECD, 0x4ECA, 0x4ECB
    dw 0x4EC4, 0x5143, 0x5141, 0x5167, 0x516D, 0x516E, 0x516C, 0x5197, 0x51F6, 0x5206, 0x5207, 0x5208
    dw 0x52FB, 0x52FE, 0x52FF, 0x5316, 0x5339, 0x5348, 0x5347, 0x5345, 0x535E, 0x5384, 0x53CB, 0x53CA
    dw 0x53CD, 0x58EC, 0x5929, 0x592B, 0x592A, 0x592D, 0x5B54, 0x5C11, 0x5C24, 0x5C3A, 0x5C6F, 0x5DF4
    dw 0x5E7B, 0x5EFF, 0x5F14, 0x5F15, 0x5FC3, 0x6208, 0x6236, 0x624B, 0x624E, 0x652F, 0x6587, 0x6597
    dw 0x65A4, 0x65B9, 0x65E5, 0x66F0, 0x6708, 0x6728, 0x6B20, 0x6B62, 0x6B79, 0x6BCB, 0x6BD4, 0x6BDB
    dw 0x6C0F, 0x6C34, 0x706B, 0x722A, 0x7236, 0x723B, 0x7247, 0x7259, 0x725B, 0x72AC, 0x738B, 0x4E19
    dw 0x4E16, 0x4E15, 0x4E14, 0x4E18, 0x4E3B, 0x4E4D, 0x4E4F, 0x4E4E, 0x4EE5, 0x4ED8, 0x4ED4, 0x4ED5
    dw 0x4ED6, 0x4ED7, 0x4EE3, 0x4EE4, 0x4ED9, 0x4EDE, 0x5145, 0x5144, 0x5189, 0x518A, 0x51AC, 0x51F9
    dw 0x51FA, 0x51F8, 0x520A, 0x52A0, 0x529F, 0x5305, 0x5306, 0x5317, 0x531D, 0x4EDF, 0x534A, 0x5349
    dw 0x5361, 0x5360, 0x536F, 0x536E, 0x53BB, 0x53EF, 0x53E4, 0x53F3, 0x53EC, 0x53EE, 0x53E9, 0x53E8
    dw 0x53FC, 0x53F8, 0x53F5, 0x53EB, 0x53E6, 0x53EA, 0x53F2, 0x53F1, 0x53F0, 0x53E5, 0x53ED, 0x53FB
    dw 0x56DB, 0x56DA, 0x5916, 0x592E, 0x5931, 0x5974, 0x5976, 0x5B55, 0x5B83, 0x5C3C, 0x5DE8, 0x5DE7
    dw 0x5DE6, 0x5E02, 0x5E03, 0x5E73, 0x5E7C, 0x5F01, 0x5F18, 0x5F17, 0x5FC5, 0x620A, 0x6253, 0x6254
    dw 0x6252, 0x6251, 0x65A5, 0x65E6, 0x672E, 0x672C, 0x672A, 0x672B, 0x672D, 0x6B63, 0x6BCD, 0x6C11
    dw 0x6C10, 0x6C38, 0x6C41, 0x6C40, 0x6C3E, 0x72AF, 0x7384, 0x7389, 0x74DC, 0x74E6, 0x7518, 0x751F
    dw 0x7528, 0x7529, 0x7530, 0x7531, 0x7532, 0x7533, 0x758B, 0x767D, 0x76AE, 0x76BF, 0x76EE, 0x77DB
    dw 0x77E2, 0x77F3, 0x793A, 0x79BE, 0x7A74, 0x7ACB, 0x4E1E, 0x4E1F, 0x4E52, 0x4E53, 0x4E69, 0x4E99
    dw 0x4EA4, 0x4EA6, 0x4EA5, 0x4EFF, 0x4F09, 0x4F19, 0x4F0A, 0x4F15, 0x4F0D, 0x4F10, 0x4F11, 0x4F0F
    dw 0x4EF2, 0x4EF6, 0x4EFB, 0x4EF0, 0x4EF3, 0x4EFD, 0x4F01, 0x4F0B, 0x5149, 0x5147, 0x5146, 0x5148
    dw 0x5168, 0x5171, 0x518D, 0x51B0, 0x5217, 0x5211, 0x5212, 0x520E, 0x5216, 0x52A3, 0x5308, 0x5321
    dw 0x5320, 0x5370, 0x5371, 0x5409, 0x540F, 0x540C, 0x540A, 0x5410, 0x5401, 0x540B, 0x5404, 0x5411
    dw 0x540D, 0x5408, 0x5403, 0x540E, 0x5406, 0x5412, 0x56E0, 0x56DE, 0x56DD, 0x5733, 0x5730, 0x5728
    dw 0x572D, 0x572C, 0x572F, 0x5729, 0x5919, 0x591A, 0x5937, 0x5938, 0x5984, 0x5978, 0x5983, 0x597D
    dw 0x5979, 0x5982, 0x5981, 0x5B57, 0x5B58, 0x5B87, 0x5B88, 0x5B85, 0x5B89, 0x5BFA, 0x5C16, 0x5C79
    dw 0x5DDE, 0x5E06, 0x5E76, 0x5E74, 0x5F0F, 0x5F1B, 0x5FD9, 0x5FD6, 0x620E, 0x620C, 0x620D, 0x6210
    dw 0x6263, 0x625B, 0x6258, 0x6536, 0x65E9, 0x65E8, 0x65EC, 0x65ED, 0x66F2, 0x66F3, 0x6709, 0x673D
    dw 0x6734, 0x6731, 0x6735, 0x6B21, 0x6B64, 0x6B7B, 0x6C16, 0x6C5D, 0x6C57, 0x6C59, 0x6C5F, 0x6C60
    dw 0x6C50, 0x6C55, 0x6C61, 0x6C5B, 0x6C4D, 0x6C4E, 0x7070, 0x725F, 0x725D, 0x767E, 0x7AF9, 0x7C73
    dw 0x7CF8, 0x7F36, 0x7F8A, 0x7FBD, 0x8001, 0x8003, 0x800C, 0x8012, 0x8033, 0x807F, 0x8089, 0x808B
    dw 0x808C, 0x81E3, 0x81EA, 0x81F3, 0x81FC, 0x820C, 0x821B, 0x821F, 0x826E, 0x8272, 0x827E, 0x866B
    dw 0x8840, 0x884C, 0x8863, 0x897F, 0x9621, 0x4E32, 0x4EA8, 0x4F4D, 0x4F4F, 0x4F47, 0x4F57, 0x4F5E
    dw 0x4F34, 0x4F5B, 0x4F55, 0x4F30, 0x4F50, 0x4F51, 0x4F3D, 0x4F3A, 0x4F38, 0x4F43, 0x4F54, 0x4F3C
    dw 0x4F46, 0x4F63, 0x4F5C, 0x4F60, 0x4F2F, 0x4F4E, 0x4F36, 0x4F59, 0x4F5D, 0x4F48, 0x4F5A, 0x514C
    dw 0x514B, 0x514D, 0x5175, 0x51B6, 0x51B7, 0x5225, 0x5224, 0x5229, 0x522A, 0x5228, 0x52AB, 0x52A9
    dw 0x52AA, 0x52AC, 0x5323, 0x5373, 0x5375, 0x541D, 0x542D, 0x541E, 0x543E, 0x5426, 0x544E, 0x5427
    dw 0x5446, 0x5443, 0x5433, 0x5448, 0x5442, 0x541B, 0x5429, 0x544A, 0x5439, 0x543B, 0x5438, 0x542E
    dw 0x5435, 0x5436, 0x5420, 0x543C, 0x5440, 0x5431, 0x542B, 0x541F, 0x542C, 0x56EA, 0x56F0, 0x56E4
    dw 0x56EB, 0x574A, 0x5751, 0x5740, 0x574D, 0x5747, 0x574E, 0x573E, 0x5750, 0x574F, 0x573B, 0x58EF
    dw 0x593E, 0x599D, 0x5992, 0x59A8, 0x599E, 0x59A3, 0x5999, 0x5996, 0x598D, 0x59A4, 0x5993, 0x598A
    dw 0x59A5, 0x5B5D, 0x5B5C, 0x5B5A, 0x5B5B, 0x5B8C, 0x5B8B, 0x5B8F, 0x5C2C, 0x5C40, 0x5C41, 0x5C3F
    dw 0x5C3E, 0x5C90, 0x5C91, 0x5C94, 0x5C8C, 0x5DEB, 0x5E0C, 0x5E8F, 0x5E87, 0x5E8A, 0x5EF7, 0x5F04
    dw 0x5F1F, 0x5F64, 0x5F62, 0x5F77, 0x5F79, 0x5FD8, 0x5FCC, 0x5FD7, 0x5FCD, 0x5FF1, 0x5FEB, 0x5FF8
    dw 0x5FEA, 0x6212, 0x6211, 0x6284, 0x6297, 0x6296, 0x6280, 0x6276, 0x6289, 0x626D, 0x628A, 0x627C
    dw 0x627E, 0x6279, 0x6273, 0x6292, 0x626F, 0x6298, 0x626E, 0x6295, 0x6293, 0x6291, 0x6286, 0x6539
    dw 0x653B, 0x6538, 0x65F1, 0x66F4, 0x675F, 0x674E, 0x674F, 0x6750, 0x6751, 0x675C, 0x6756, 0x675E
    dw 0x6749, 0x6746, 0x6760, 0x6753, 0x6757, 0x6B65, 0x6BCF, 0x6C42, 0x6C5E, 0x6C99, 0x6C81, 0x6C88
    dw 0x6C89, 0x6C85, 0x6C9B, 0x6C6A, 0x6C7A, 0x6C90, 0x6C70, 0x6C8C, 0x6C68, 0x6C96, 0x6C92, 0x6C7D
    dw 0x6C83, 0x6C72, 0x6C7E, 0x6C74, 0x6C86, 0x6C76, 0x6C8D, 0x6C94, 0x6C98, 0x6C82, 0x7076, 0x707C
    dw 0x707D, 0x7078, 0x7262, 0x7261, 0x7260, 0x72C4, 0x72C2, 0x7396, 0x752C, 0x752B, 0x7537, 0x7538
    dw 0x7682, 0x76EF, 0x77E3, 0x79C1, 0x79C0, 0x79BF, 0x7A76, 0x7CFB, 0x7F55, 0x8096, 0x8093, 0x809D
    dw 0x8098, 0x809B, 0x809A, 0x80B2, 0x826F, 0x8292, 0x828B, 0x828D, 0x898B, 0x89D2, 0x8A00, 0x8C37
    dw 0x8C46, 0x8C55, 0x8C9D, 0x8D64, 0x8D70, 0x8DB3, 0x8EAB, 0x8ECA, 0x8F9B, 0x8FB0, 0x8FC2, 0x8FC6
    dw 0x8FC5, 0x8FC4, 0x5DE1, 0x9091, 0x90A2, 0x90AA, 0x90A6, 0x90A3, 0x9149, 0x91C6, 0x91CC, 0x9632
    dw 0x962E, 0x9631, 0x962A, 0x962C, 0x4E26, 0x4E56, 0x4E73, 0x4E8B, 0x4E9B, 0x4E9E, 0x4EAB, 0x4EAC
    dw 0x4F6F, 0x4F9D, 0x4F8D, 0x4F73, 0x4F7F, 0x4F6C, 0x4F9B, 0x4F8B, 0x4F86, 0x4F83, 0x4F70, 0x4F75
    dw 0x4F88, 0x4F69, 0x4F7B, 0x4F96, 0x4F7E, 0x4F8F, 0x4F91, 0x4F7A, 0x5154, 0x5152, 0x5155, 0x5169
    dw 0x5177, 0x5176, 0x5178, 0x51BD, 0x51FD, 0x523B, 0x5238, 0x5237, 0x523A, 0x5230, 0x522E, 0x5236
    dw 0x5241, 0x52BE, 0x52BB, 0x5352, 0x5354, 0x5353, 0x5351, 0x5366, 0x5377, 0x5378, 0x5379, 0x53D6
    dw 0x53D4, 0x53D7, 0x5473, 0x5475, 0x5496, 0x5478, 0x5495, 0x5480, 0x547B, 0x5477, 0x5484, 0x5492
    dw 0x5486, 0x547C, 0x5490, 0x5471, 0x5476, 0x548C, 0x549A, 0x5462, 0x5468, 0x548B, 0x547D, 0x548E
    dw 0x56FA, 0x5783, 0x5777, 0x576A, 0x5769, 0x5761, 0x5766, 0x5764, 0x577C, 0x591C, 0x5949, 0x5947
    dw 0x5948, 0x5944, 0x5954, 0x59BE, 0x59BB, 0x59D4, 0x59B9, 0x59AE, 0x59D1, 0x59C6, 0x59D0, 0x59CD
    dw 0x59CB, 0x59D3, 0x59CA, 0x59AF, 0x59B3, 0x59D2, 0x59C5, 0x5B5F, 0x5B64, 0x5B63, 0x5B97, 0x5B9A
    dw 0x5B98, 0x5B9C, 0x5B99, 0x5B9B, 0x5C1A, 0x5C48, 0x5C45, 0x5C46, 0x5CB7, 0x5CA1, 0x5CB8, 0x5CA9
    dw 0x5CAB, 0x5CB1, 0x5CB3, 0x5E18, 0x5E1A, 0x5E16, 0x5E15, 0x5E1B, 0x5E11, 0x5E78, 0x5E9A, 0x5E97
    dw 0x5E9C, 0x5E95, 0x5E96, 0x5EF6, 0x5F26, 0x5F27, 0x5F29, 0x5F80, 0x5F81, 0x5F7F, 0x5F7C, 0x5FDD
    dw 0x5FE0, 0x5FFD, 0x5FF5, 0x5FFF, 0x600F, 0x6014, 0x602F, 0x6035, 0x6016, 0x602A, 0x6015, 0x6021
    dw 0x6027, 0x6029, 0x602B, 0x601B, 0x6216, 0x6215, 0x623F, 0x623E, 0x6240, 0x627F, 0x62C9, 0x62CC
    dw 0x62C4, 0x62BF, 0x62C2, 0x62B9, 0x62D2, 0x62DB, 0x62AB, 0x62D3, 0x62D4, 0x62CB, 0x62C8, 0x62A8
    dw 0x62BD, 0x62BC, 0x62D0, 0x62D9, 0x62C7, 0x62CD, 0x62B5, 0x62DA, 0x62B1, 0x62D8, 0x62D6, 0x62D7
    dw 0x62C6, 0x62AC, 0x62CE, 0x653E, 0x65A7, 0x65BC, 0x65FA, 0x6614, 0x6613, 0x660C, 0x6606, 0x6602
    dw 0x660E, 0x6600, 0x660F, 0x6615, 0x660A, 0x6607, 0x670D, 0x670B, 0x676D, 0x678B, 0x6795, 0x6771
    dw 0x679C, 0x6773, 0x6777, 0x6787, 0x679D, 0x6797, 0x676F, 0x6770, 0x677F, 0x6789, 0x677E, 0x6790
    dw 0x6775, 0x679A, 0x6793, 0x677C, 0x676A, 0x6772, 0x6B23, 0x6B66, 0x6B67, 0x6B7F, 0x6C13, 0x6C1B
    dw 0x6CE3, 0x6CE8, 0x6CF3, 0x6CB1, 0x6CCC, 0x6CE5, 0x6CB3, 0x6CBD, 0x6CBE, 0x6CBC, 0x6CE2, 0x6CAB
    dw 0x6CD5, 0x6CD3, 0x6CB8, 0x6CC4, 0x6CB9, 0x6CC1, 0x6CAE, 0x6CD7, 0x6CC5, 0x6CF1, 0x6CBF, 0x6CBB
    dw 0x6CE1, 0x6CDB, 0x6CCA, 0x6CAC, 0x6CEF, 0x6CDC, 0x6CD6, 0x6CE0, 0x7095, 0x708E, 0x7092, 0x708A
    dw 0x7099, 0x722C, 0x722D, 0x7238, 0x7248, 0x7267, 0x7269, 0x72C0, 0x72CE, 0x72D9, 0x72D7, 0x72D0
    dw 0x73A9, 0x73A8, 0x739F, 0x73AB, 0x73A5, 0x753D, 0x759D, 0x7599, 0x759A, 0x7684, 0x76C2, 0x76F2
    dw 0x76F4, 0x77E5, 0x77FD, 0x793E, 0x7940, 0x7941, 0x79C9, 0x79C8, 0x7A7A, 0x7A79, 0x7AFA, 0x7CFE
    dw 0x7F54, 0x7F8C, 0x7F8B, 0x8005, 0x80BA, 0x80A5, 0x80A2, 0x80B1, 0x80A1, 0x80AB, 0x80A9, 0x80B4
    dw 0x80AA, 0x80AF, 0x81E5, 0x81FE, 0x820D, 0x82B3, 0x829D, 0x8299, 0x82AD, 0x82BD, 0x829F, 0x82B9
    dw 0x82B1, 0x82AC, 0x82A5, 0x82AF, 0x82B8, 0x82A3, 0x82B0, 0x82BE, 0x82B7, 0x864E, 0x8671, 0x521D
    dw 0x8868, 0x8ECB, 0x8FCE, 0x8FD4, 0x8FD1, 0x90B5, 0x90B8, 0x90B1, 0x90B6, 0x91C7, 0x91D1, 0x9577
    dw 0x9580, 0x961C, 0x9640, 0x963F, 0x963B, 0x9644, 0x9642, 0x96B9, 0x96E8, 0x9752, 0x975E, 0x4E9F
    dw 0x4EAD, 0x4EAE, 0x4FE1, 0x4FB5, 0x4FAF, 0x4FBF, 0x4FE0, 0x4FD1, 0x4FCF, 0x4FDD, 0x4FC3, 0x4FB6
    dw 0x4FD8, 0x4FDF, 0x4FCA, 0x4FD7, 0x4FAE, 0x4FD0, 0x4FC4, 0x4FC2, 0x4FDA, 0x4FCE, 0x4FDE, 0x4FB7
    dw 0x5157, 0x5192, 0x5191, 0x51A0, 0x524E, 0x5243, 0x524A, 0x524D, 0x524C, 0x524B, 0x5247, 0x52C7
    dw 0x52C9, 0x52C3, 0x52C1, 0x530D, 0x5357, 0x537B, 0x539A, 0x53DB, 0x54AC, 0x54C0, 0x54A8, 0x54CE
    dw 0x54C9, 0x54B8, 0x54A6, 0x54B3, 0x54C7, 0x54C2, 0x54BD, 0x54AA, 0x54C1, 0x54C4, 0x54C8, 0x54AF
    dw 0x54AB, 0x54B1, 0x54BB, 0x54A9, 0x54A7, 0x54BF, 0x56FF, 0x5782, 0x578B, 0x57A0, 0x57A3, 0x57A2
    dw 0x57CE, 0x57AE, 0x5793, 0x5955, 0x5951, 0x594F, 0x594E, 0x5950, 0x59DC, 0x59D8, 0x59FF, 0x59E3
    dw 0x59E8, 0x5A03, 0x59E5, 0x59EA, 0x59DA, 0x59E6, 0x5A01, 0x59FB, 0x5B69, 0x5BA3, 0x5BA6, 0x5BA4
    dw 0x5BA2, 0x5BA5, 0x5C01, 0x5C4E, 0x5C4F, 0x5C4D, 0x5C4B, 0x5CD9, 0x5CD2, 0x5DF7, 0x5E1D, 0x5E25
    dw 0x5E1F, 0x5E7D, 0x5EA0, 0x5EA6, 0x5EFA, 0x5F08, 0x5F2D, 0x5F65, 0x5F88, 0x5F85, 0x5F8A, 0x5F8B
    dw 0x5F87, 0x5F8C, 0x5F89, 0x6012, 0x601D, 0x6020, 0x6025, 0x600E, 0x6028, 0x604D, 0x6070, 0x6068
    dw 0x6062, 0x6046, 0x6043, 0x606C, 0x606B, 0x606A, 0x6064, 0x6241, 0x62DC, 0x6316, 0x6309, 0x62FC
    dw 0x62ED, 0x6301, 0x62EE, 0x62FD, 0x6307, 0x62F1, 0x62F7, 0x62EF, 0x62EC, 0x62FE, 0x62F4, 0x6311
    dw 0x6302, 0x653F, 0x6545, 0x65AB, 0x65BD, 0x65E2, 0x6625, 0x662D, 0x6620, 0x6627, 0x662F, 0x661F
    dw 0x6628, 0x6631, 0x6624, 0x66F7, 0x67FF, 0x67D3, 0x67F1, 0x67D4, 0x67D0, 0x67EC, 0x67B6, 0x67AF
    dw 0x67F5, 0x67E9, 0x67EF, 0x67C4, 0x67D1, 0x67B4, 0x67DA, 0x67E5, 0x67B8, 0x67CF, 0x67DE, 0x67F3
    dw 0x67B0, 0x67D9, 0x67E2, 0x67DD, 0x67D2, 0x6B6A, 0x6B83, 0x6B86, 0x6BB5, 0x6BD2, 0x6BD7, 0x6C1F
    dw 0x6CC9, 0x6D0B, 0x6D32, 0x6D2A, 0x6D41, 0x6D25, 0x6D0C, 0x6D31, 0x6D1E, 0x6D17, 0x6D3B, 0x6D3D
    dw 0x6D3E, 0x6D36, 0x6D1B, 0x6CF5, 0x6D39, 0x6D27, 0x6D38, 0x6D29, 0x6D2E, 0x6D35, 0x6D0E, 0x6D2B
    dw 0x70AB, 0x70BA, 0x70B3, 0x70AC, 0x70AF, 0x70AD, 0x70B8, 0x70AE, 0x70A4, 0x7230, 0x7272, 0x726F
    dw 0x7274, 0x72E9, 0x72E0, 0x72E1, 0x73B7, 0x73CA, 0x73BB, 0x73B2, 0x73CD, 0x73C0, 0x73B3, 0x751A
    dw 0x752D, 0x754F, 0x754C, 0x754E, 0x754B, 0x75AB, 0x75A4, 0x75A5, 0x75A2, 0x75A3, 0x7678, 0x7686
    dw 0x7687, 0x7688, 0x76C8, 0x76C6, 0x76C3, 0x76C5, 0x7701, 0x76F9, 0x76F8, 0x7709, 0x770B, 0x76FE
    dw 0x76FC, 0x7707, 0x77DC, 0x7802, 0x7814, 0x780C, 0x780D, 0x7946, 0x7949, 0x7948, 0x7947, 0x79B9
    dw 0x79BA, 0x79D1, 0x79D2, 0x79CB, 0x7A7F, 0x7A81, 0x7AFF, 0x7AFD, 0x7C7D, 0x7D02, 0x7D05, 0x7D00
    dw 0x7D09, 0x7D07, 0x7D04, 0x7D06, 0x7F38, 0x7F8E, 0x7FBF, 0x8004, 0x8010, 0x800D, 0x8011, 0x8036
    dw 0x80D6, 0x80E5, 0x80DA, 0x80C3, 0x80C4, 0x80CC, 0x80E1, 0x80DB, 0x80CE, 0x80DE, 0x80E4, 0x80DD
    dw 0x81F4, 0x8222, 0x82E7, 0x8303, 0x8305, 0x82E3, 0x82DB, 0x82E6, 0x8304, 0x82E5, 0x8302, 0x8309
    dw 0x82D2, 0x82D7, 0x82F1, 0x8301, 0x82DC, 0x82D4, 0x82D1, 0x82DE, 0x82D3, 0x82DF, 0x82EF, 0x8306
    dw 0x8650, 0x8679, 0x867B, 0x867A, 0x884D, 0x886B, 0x8981, 0x89D4, 0x8A08, 0x8A02, 0x8A03, 0x8C9E
    dw 0x8CA0, 0x8D74, 0x8D73, 0x8DB4, 0x8ECD, 0x8ECC, 0x8FF0, 0x8FE6, 0x8FE2, 0x8FEA, 0x8FE5, 0x8FED
    dw 0x8FEB, 0x8FE4, 0x8FE8, 0x90CA, 0x90CE, 0x90C1, 0x90C3, 0x914B, 0x914A, 0x91CD, 0x9582, 0x9650
    dw 0x964B, 0x964C, 0x964D, 0x9762, 0x9769, 0x97CB, 0x97ED, 0x97F3, 0x9801, 0x98A8, 0x98DB, 0x98DF
    dw 0x9996, 0x9999, 0x4E58, 0x4EB3, 0x500C, 0x500D, 0x5023, 0x4FEF, 0x5026, 0x5025, 0x4FF8, 0x5029
    dw 0x5016, 0x5006, 0x503C, 0x501F, 0x501A, 0x5012, 0x5011, 0x4FFA, 0x5000, 0x5014, 0x5028, 0x4FF1
    dw 0x5021, 0x500B, 0x5019, 0x5018, 0x4FF3, 0x4FEE, 0x502D, 0x502A, 0x4FFE, 0x502B, 0x5009, 0x517C
    dw 0x51A4, 0x51A5, 0x51A2, 0x51CD, 0x51CC, 0x51C6, 0x51CB, 0x5256, 0x525C, 0x5254, 0x525B, 0x525D
    dw 0x532A, 0x537F, 0x539F, 0x539D, 0x53DF, 0x54E8, 0x5510, 0x5501, 0x5537, 0x54FC, 0x54E5, 0x54F2
    dw 0x5506, 0x54FA, 0x5514, 0x54E9, 0x54ED, 0x54E1, 0x5509, 0x54EE, 0x54EA, 0x54E6, 0x5527, 0x5507
    dw 0x54FD, 0x550F, 0x5703, 0x5704, 0x57C2, 0x57D4, 0x57CB, 0x57C3, 0x5809, 0x590F, 0x5957, 0x5958
    dw 0x595A, 0x5A11, 0x5A18, 0x5A1C, 0x5A1F, 0x5A1B, 0x5A13, 0x59EC, 0x5A20, 0x5A23, 0x5A29, 0x5A25
    dw 0x5A0C, 0x5A09, 0x5B6B, 0x5C58, 0x5BB0, 0x5BB3, 0x5BB6, 0x5BB4, 0x5BAE, 0x5BB5, 0x5BB9, 0x5BB8
    dw 0x5C04, 0x5C51, 0x5C55, 0x5C50, 0x5CED, 0x5CFD, 0x5CFB, 0x5CEA, 0x5CE8, 0x5CF0, 0x5CF6, 0x5D01
    dw 0x5CF4, 0x5DEE, 0x5E2D, 0x5E2B, 0x5EAB, 0x5EAD, 0x5EA7, 0x5F31, 0x5F92, 0x5F91, 0x5F90, 0x6059
    dw 0x6063, 0x6065, 0x6050, 0x6055, 0x606D, 0x6069, 0x606F, 0x6084, 0x609F, 0x609A, 0x608D, 0x6094
    dw 0x608C, 0x6085, 0x6096, 0x6247, 0x62F3, 0x6308, 0x62FF, 0x634E, 0x633E, 0x632F, 0x6355, 0x6342
    dw 0x6346, 0x634F, 0x6349, 0x633A, 0x6350, 0x633D, 0x632A, 0x632B, 0x6328, 0x634D, 0x634C, 0x6548
    dw 0x6549, 0x6599, 0x65C1, 0x65C5, 0x6642, 0x6649, 0x664F, 0x6643, 0x6652, 0x664C, 0x6645, 0x6641
    dw 0x66F8, 0x6714, 0x6715, 0x6717, 0x6821, 0x6838, 0x6848, 0x6846, 0x6853, 0x6839, 0x6842, 0x6854
    dw 0x6829, 0x68B3, 0x6817, 0x684C, 0x6851, 0x683D, 0x67F4, 0x6850, 0x6840, 0x683C, 0x6843, 0x682A
    dw 0x6845, 0x6813, 0x6818, 0x6841, 0x6B8A, 0x6B89, 0x6BB7, 0x6C23, 0x6C27, 0x6C28, 0x6C26, 0x6C24
    dw 0x6CF0, 0x6D6A, 0x6D95, 0x6D88, 0x6D87, 0x6D66, 0x6D78, 0x6D77, 0x6D59, 0x6D93, 0x6D6C, 0x6D89
    dw 0x6D6E, 0x6D5A, 0x6D74, 0x6D69, 0x6D8C, 0x6D8A, 0x6D79, 0x6D85, 0x6D65, 0x6D94, 0x70CA, 0x70D8
    dw 0x70E4, 0x70D9, 0x70C8, 0x70CF, 0x7239, 0x7279, 0x72FC, 0x72F9, 0x72FD, 0x72F8, 0x72F7, 0x7386
    dw 0x73ED, 0x7409, 0x73EE, 0x73E0, 0x73EA, 0x73DE, 0x7554, 0x755D, 0x755C, 0x755A, 0x7559, 0x75BE
    dw 0x75C5, 0x75C7, 0x75B2, 0x75B3, 0x75BD, 0x75BC, 0x75B9, 0x75C2, 0x75B8, 0x768B, 0x76B0, 0x76CA
    dw 0x76CD, 0x76CE, 0x7729, 0x771F, 0x7720, 0x7728, 0x77E9, 0x7830, 0x7827, 0x7838, 0x781D, 0x7834
    dw 0x7837, 0x7825, 0x782D, 0x7820, 0x781F, 0x7832, 0x7955, 0x7950, 0x7960, 0x795F, 0x7956, 0x795E
    dw 0x795D, 0x7957, 0x795A, 0x79E4, 0x79E3, 0x79E7, 0x79DF, 0x79E6, 0x79E9, 0x79D8, 0x7A84, 0x7A88
    dw 0x7AD9, 0x7B06, 0x7B11, 0x7C89, 0x7D21, 0x7D17, 0x7D0B, 0x7D0A, 0x7D20, 0x7D22, 0x7D14, 0x7D10
    dw 0x7D15, 0x7D1A, 0x7D1C, 0x7D0D, 0x7D19, 0x7D1B, 0x7F3A, 0x7F5F, 0x7F94, 0x7FC5, 0x7FC1, 0x8006
    dw 0x8018, 0x8015, 0x8019, 0x8017, 0x803D, 0x803F, 0x80F1, 0x8102, 0x80F0, 0x8105, 0x80ED, 0x80F4
    dw 0x8106, 0x80F8, 0x80F3, 0x8108, 0x80FD, 0x810A, 0x80FC, 0x80EF, 0x81ED, 0x81EC, 0x8200, 0x8210
    dw 0x822A, 0x822B, 0x8228, 0x822C, 0x82BB, 0x832B, 0x8352, 0x8354, 0x834A, 0x8338, 0x8350, 0x8349
    dw 0x8335, 0x8334, 0x834F, 0x8332, 0x8339, 0x8336, 0x8317, 0x8340, 0x8331, 0x8328, 0x8343, 0x8654
    dw 0x868A, 0x86AA, 0x8693, 0x86A4, 0x86A9, 0x868C, 0x86A3, 0x869C, 0x8870, 0x8877, 0x8881, 0x8882
    dw 0x887D, 0x8879, 0x8A18, 0x8A10, 0x8A0E, 0x8A0C, 0x8A15, 0x8A0A, 0x8A17, 0x8A13, 0x8A16, 0x8A0F
    dw 0x8A11, 0x8C48, 0x8C7A, 0x8C79, 0x8CA1, 0x8CA2, 0x8D77, 0x8EAC, 0x8ED2, 0x8ED4, 0x8ECF, 0x8FB1
    dw 0x9001, 0x9006, 0x8FF7, 0x9000, 0x8FFA, 0x8FF4, 0x9003, 0x8FFD, 0x9005, 0x8FF8, 0x9095, 0x90E1
    dw 0x90DD, 0x90E2, 0x9152, 0x914D, 0x914C, 0x91D8, 0x91DD, 0x91D7, 0x91DC, 0x91D9, 0x9583, 0x9662
    dw 0x9663, 0x9661, 0x965B, 0x965D, 0x9664, 0x9658, 0x965E, 0x96BB, 0x98E2, 0x99AC, 0x9AA8, 0x9AD8
    dw 0x9B25, 0x9B32, 0x9B3C, 0x4E7E, 0x507A, 0x507D, 0x505C, 0x5047, 0x5043, 0x504C, 0x505A, 0x5049
    dw 0x5065, 0x5076, 0x504E, 0x5055, 0x5075, 0x5074, 0x5077, 0x504F, 0x500F, 0x506F, 0x506D, 0x515C
    dw 0x5195, 0x51F0, 0x526A, 0x526F, 0x52D2, 0x52D9, 0x52D8, 0x52D5, 0x5310, 0x530F, 0x5319, 0x533F
    dw 0x5340, 0x533E, 0x53C3, 0x66FC, 0x5546, 0x556A, 0x5566, 0x5544, 0x555E, 0x5561, 0x5543, 0x554A
    dw 0x5531, 0x5556, 0x554F, 0x5555, 0x552F, 0x5564, 0x5538, 0x552E, 0x555C, 0x552C, 0x5563, 0x5533
    dw 0x5541, 0x5557, 0x5708, 0x570B, 0x5709, 0x57DF, 0x5805, 0x580A, 0x5806, 0x57E0, 0x57E4, 0x57FA
    dw 0x5802, 0x5835, 0x57F7, 0x57F9, 0x5920, 0x5962, 0x5A36, 0x5A41, 0x5A49, 0x5A66, 0x5A6A, 0x5A40
    dw 0x5A3C, 0x5A62, 0x5A5A, 0x5A46, 0x5A4A, 0x5B70, 0x5BC7, 0x5BC5, 0x5BC4, 0x5BC2, 0x5BBF, 0x5BC6
    dw 0x5C09, 0x5C08, 0x5C07, 0x5C60, 0x5C5C, 0x5C5D, 0x5D07, 0x5D06, 0x5D0E, 0x5D1B, 0x5D16, 0x5D22
    dw 0x5D11, 0x5D29, 0x5D14, 0x5D19, 0x5D24, 0x5D27, 0x5D17, 0x5DE2, 0x5E38, 0x5E36, 0x5E33, 0x5E37
    dw 0x5EB7, 0x5EB8, 0x5EB6, 0x5EB5, 0x5EBE, 0x5F35, 0x5F37, 0x5F57, 0x5F6C, 0x5F69, 0x5F6B, 0x5F97
    dw 0x5F99, 0x5F9E, 0x5F98, 0x5FA1, 0x5FA0, 0x5F9C, 0x607F, 0x60A3, 0x6089, 0x60A0, 0x60A8, 0x60CB
    dw 0x60B4, 0x60E6, 0x60BD, 0x60C5, 0x60BB, 0x60B5, 0x60DC, 0x60BC, 0x60D8, 0x60D5, 0x60C6, 0x60DF
    dw 0x60B8, 0x60DA, 0x60C7, 0x621A, 0x621B, 0x6248, 0x63A0, 0x63A7, 0x6372, 0x6396, 0x63A2, 0x63A5
    dw 0x6377, 0x6367, 0x6398, 0x63AA, 0x6371, 0x63A9, 0x6389, 0x6383, 0x639B, 0x636B, 0x63A8, 0x6384
    dw 0x6388, 0x6399, 0x63A1, 0x63AC, 0x6392, 0x638F, 0x6380, 0x637B, 0x6369, 0x6368, 0x637A, 0x655D
    dw 0x6556, 0x6551, 0x6559, 0x6557, 0x555F, 0x654F, 0x6558, 0x6555, 0x6554, 0x659C, 0x659B, 0x65AC
    dw 0x65CF, 0x65CB, 0x65CC, 0x65CE, 0x665D, 0x665A, 0x6664, 0x6668, 0x6666, 0x665E, 0x66F9, 0x52D7
    dw 0x671B, 0x6881, 0x68AF, 0x68A2, 0x6893, 0x68B5, 0x687F, 0x6876, 0x68B1, 0x68A7, 0x6897, 0x68B0
    dw 0x6883, 0x68C4, 0x68AD, 0x6886, 0x6885, 0x6894, 0x689D, 0x68A8, 0x689F, 0x68A1, 0x6882, 0x6B32
    dw 0x6BBA, 0x6BEB, 0x6BEC, 0x6C2B, 0x6D8E, 0x6DBC, 0x6DF3, 0x6DD9, 0x6DB2, 0x6DE1, 0x6DCC, 0x6DE4
    dw 0x6DFB, 0x6DFA, 0x6E05, 0x6DC7, 0x6DCB, 0x6DAF, 0x6DD1, 0x6DAE, 0x6DDE, 0x6DF9, 0x6DB8, 0x6DF7
    dw 0x6DF5, 0x6DC5, 0x6DD2, 0x6E1A, 0x6DB5, 0x6DDA, 0x6DEB, 0x6DD8, 0x6DEA, 0x6DF1, 0x6DEE, 0x6DE8
    dw 0x6DC6, 0x6DC4, 0x6DAA, 0x6DEC, 0x6DBF, 0x6DE6, 0x70F9, 0x7109, 0x710A, 0x70FD, 0x70EF, 0x723D
    dw 0x727D, 0x7281, 0x731C, 0x731B, 0x7316, 0x7313, 0x7319, 0x7387, 0x7405, 0x740A, 0x7403, 0x7406
    dw 0x73FE, 0x740D, 0x74E0, 0x74F6, 0x74F7, 0x751C, 0x7522, 0x7565, 0x7566, 0x7562, 0x7570, 0x758F
    dw 0x75D4, 0x75D5, 0x75B5, 0x75CA, 0x75CD, 0x768E, 0x76D4, 0x76D2, 0x76DB, 0x7737, 0x773E, 0x773C
    dw 0x7736, 0x7738, 0x773A, 0x786B, 0x7843, 0x784E, 0x7965, 0x7968, 0x796D, 0x79FB, 0x7A92, 0x7A95
    dw 0x7B20, 0x7B28, 0x7B1B, 0x7B2C, 0x7B26, 0x7B19, 0x7B1E, 0x7B2E, 0x7C92, 0x7C97, 0x7C95, 0x7D46
    dw 0x7D43, 0x7D71, 0x7D2E, 0x7D39, 0x7D3C, 0x7D40, 0x7D30, 0x7D33, 0x7D44, 0x7D2F, 0x7D42, 0x7D32
    dw 0x7D31, 0x7F3D, 0x7F9E, 0x7F9A, 0x7FCC, 0x7FCE, 0x7FD2, 0x801C, 0x804A, 0x8046, 0x812F, 0x8116
    dw 0x8123, 0x812B, 0x8129, 0x8130, 0x8124, 0x8202, 0x8235, 0x8237, 0x8236, 0x8239, 0x838E, 0x839E
    dw 0x8398, 0x8378, 0x83A2, 0x8396, 0x83BD, 0x83AB, 0x8392, 0x838A, 0x8393, 0x8389, 0x83A0, 0x8377
    dw 0x837B, 0x837C, 0x8386, 0x83A7, 0x8655, 0x5F6A, 0x86C7, 0x86C0, 0x86B6, 0x86C4, 0x86B5, 0x86C6
    dw 0x86CB, 0x86B1, 0x86AF, 0x86C9, 0x8853, 0x889E, 0x8888, 0x88AB, 0x8892, 0x8896, 0x888D, 0x888B
    dw 0x8993, 0x898F, 0x8A2A, 0x8A1D, 0x8A23, 0x8A25, 0x8A31, 0x8A2D, 0x8A1F, 0x8A1B, 0x8A22, 0x8C49
    dw 0x8C5A, 0x8CA9, 0x8CAC, 0x8CAB, 0x8CA8, 0x8CAA, 0x8CA7, 0x8D67, 0x8D66, 0x8DBE, 0x8DBA, 0x8EDB
    dw 0x8EDF, 0x9019, 0x900D, 0x901A, 0x9017, 0x9023, 0x901F, 0x901D, 0x9010, 0x9015, 0x901E, 0x9020
    dw 0x900F, 0x9022, 0x9016, 0x901B, 0x9014, 0x90E8, 0x90ED, 0x90FD, 0x9157, 0x91CE, 0x91F5, 0x91E6
    dw 0x91E3, 0x91E7, 0x91ED, 0x91E9, 0x9589, 0x966A, 0x9675, 0x9673, 0x9678, 0x9670, 0x9674, 0x9676
    dw 0x9677, 0x966C, 0x96C0, 0x96EA, 0x96E9, 0x7AE0, 0x7ADF, 0x9802, 0x9803, 0x9B5A, 0x9CE5, 0x9E75
    dw 0x9E7F, 0x9EA5, 0x9EBB, 0x50A2, 0x508D, 0x5085, 0x5099, 0x5091, 0x5080, 0x5096, 0x5098, 0x509A
    dw 0x6700, 0x51F1, 0x5272, 0x5274, 0x5275, 0x5269, 0x52DE, 0x52DD, 0x52DB, 0x535A, 0x53A5, 0x557B
    dw 0x5580, 0x55A7, 0x557C, 0x558A, 0x559D, 0x5598, 0x5582, 0x559C, 0x55AA, 0x5594, 0x5587, 0x558B
    dw 0x5583, 0x55B3, 0x55AE, 0x559F, 0x553E, 0x55B2, 0x559A, 0x55BB, 0x55AC, 0x55B1, 0x557E, 0x5589
    dw 0x55AB, 0x5599, 0x570D, 0x582F, 0x582A, 0x5834, 0x5824, 0x5830, 0x5831, 0x5821, 0x581D, 0x5820
    dw 0x58F9, 0x58FA, 0x5960, 0x5A77, 0x5A9A, 0x5A7F, 0x5A92, 0x5A9B, 0x5AA7, 0x5B73, 0x5B71, 0x5BD2
    dw 0x5BCC, 0x5BD3, 0x5BD0, 0x5C0A, 0x5C0B, 0x5C31, 0x5D4C, 0x5D50, 0x5D34, 0x5D47, 0x5DFD, 0x5E45
    dw 0x5E3D, 0x5E40, 0x5E43, 0x5E7E, 0x5ECA, 0x5EC1, 0x5EC2, 0x5EC4, 0x5F3C, 0x5F6D, 0x5FA9, 0x5FAA
    dw 0x5FA8, 0x60D1, 0x60E1, 0x60B2, 0x60B6, 0x60E0, 0x611C, 0x6123, 0x60FA, 0x6115, 0x60F0, 0x60FB
    dw 0x60F4, 0x6168, 0x60F1, 0x610E, 0x60F6, 0x6109, 0x6100, 0x6112, 0x621F, 0x6249, 0x63A3, 0x638C
    dw 0x63CF, 0x63C0, 0x63E9, 0x63C9, 0x63C6, 0x63CD, 0x63D2, 0x63E3, 0x63D0, 0x63E1, 0x63D6, 0x63ED
    dw 0x63EE, 0x6376, 0x63F4, 0x63EA, 0x63DB, 0x6452, 0x63DA, 0x63F9, 0x655E, 0x6566, 0x6562, 0x6563
    dw 0x6591, 0x6590, 0x65AF, 0x666E, 0x6670, 0x6674, 0x6676, 0x666F, 0x6691, 0x667A, 0x667E, 0x6677
    dw 0x66FE, 0x66FF, 0x671F, 0x671D, 0x68FA, 0x68D5, 0x68E0, 0x68D8, 0x68D7, 0x6905, 0x68DF, 0x68F5
    dw 0x68EE, 0x68E7, 0x68F9, 0x68D2, 0x68F2, 0x68E3, 0x68CB, 0x68CD, 0x690D, 0x6912, 0x690E, 0x68C9
    dw 0x68DA, 0x696E, 0x68FB, 0x6B3E, 0x6B3A, 0x6B3D, 0x6B98, 0x6B96, 0x6BBC, 0x6BEF, 0x6C2E, 0x6C2F
    dw 0x6C2C, 0x6E2F, 0x6E38, 0x6E54, 0x6E21, 0x6E32, 0x6E67, 0x6E4A, 0x6E20, 0x6E25, 0x6E23, 0x6E1B
    dw 0x6E5B, 0x6E58, 0x6E24, 0x6E56, 0x6E6E, 0x6E2D, 0x6E26, 0x6E6F, 0x6E34, 0x6E4D, 0x6E3A, 0x6E2C
    dw 0x6E43, 0x6E1D, 0x6E3E, 0x6ECB, 0x6E89, 0x6E19, 0x6E4E, 0x6E63, 0x6E44, 0x6E72, 0x6E69, 0x6E5F
    dw 0x7119, 0x711A, 0x7126, 0x7130, 0x7121, 0x7136, 0x716E, 0x711C, 0x724C, 0x7284, 0x7280, 0x7336
    dw 0x7325, 0x7334, 0x7329, 0x743A, 0x742A, 0x7433, 0x7422, 0x7425, 0x7435, 0x7436, 0x7434, 0x742F
    dw 0x741B, 0x7426, 0x7428, 0x7525, 0x7526, 0x756B, 0x756A, 0x75E2, 0x75DB, 0x75E3, 0x75D9, 0x75D8
    dw 0x75DE, 0x75E0, 0x767B, 0x767C, 0x7696, 0x7693, 0x76B4, 0x76DC, 0x774F, 0x77ED, 0x785D, 0x786C
    dw 0x786F, 0x7A0D, 0x7A08, 0x7A0B, 0x7A05, 0x7A00, 0x7A98, 0x7A97, 0x7A96, 0x7AE5, 0x7AE3, 0x7B49
    dw 0x7B56, 0x7B46, 0x7B50, 0x7B52, 0x7B54, 0x7B4D, 0x7B4B, 0x7B4F, 0x7B51, 0x7C9F, 0x7CA5, 0x7D5E
    dw 0x7D50, 0x7D68, 0x7D55, 0x7D2B, 0x7D6E, 0x7D72, 0x7D61, 0x7D66, 0x7D62, 0x7D70, 0x7D73, 0x5584
    dw 0x7FD4, 0x7FD5, 0x800B, 0x8052, 0x8085, 0x8155, 0x8154, 0x814B, 0x8151, 0x814E, 0x8139, 0x8146
    dw 0x813E, 0x814C, 0x8153, 0x8174, 0x8212, 0x821C, 0x83E9, 0x8403, 0x83F8, 0x840D, 0x83E0, 0x83C5
    dw 0x840B, 0x83C1, 0x83EF, 0x83F1, 0x83F4, 0x8457, 0x840A, 0x83F0, 0x840C, 0x83CC, 0x83FD, 0x83F2
    dw 0x83CA, 0x8438, 0x840E, 0x8404, 0x83DC, 0x8407, 0x83D4, 0x83DF, 0x865B, 0x86DF, 0x86D9, 0x86ED
    dw 0x86D4, 0x86DB, 0x86E4, 0x86D0, 0x86DE, 0x8857, 0x88C1, 0x88C2, 0x88B1, 0x8983, 0x8996, 0x8A3B
    dw 0x8A60, 0x8A55, 0x8A5E, 0x8A3C, 0x8A41, 0x8A54, 0x8A5B, 0x8A50, 0x8A46, 0x8A34, 0x8A3A, 0x8A36
    dw 0x8A56, 0x8C61, 0x8C82, 0x8CAF, 0x8CBC, 0x8CB3, 0x8CBD, 0x8CC1, 0x8CBB, 0x8CC0, 0x8CB4, 0x8CB7
    dw 0x8CB6, 0x8CBF, 0x8CB8, 0x8D8A, 0x8D85, 0x8D81, 0x8DCE, 0x8DDD, 0x8DCB, 0x8DDA, 0x8DD1, 0x8DCC
    dw 0x8DDB, 0x8DC6, 0x8EFB, 0x8EF8, 0x8EFC, 0x8F9C, 0x902E, 0x9035, 0x9031, 0x9038, 0x9032, 0x9036
    dw 0x9102, 0x90F5, 0x9109, 0x90FE, 0x9163, 0x9165, 0x91CF, 0x9214, 0x9215, 0x9223, 0x9209, 0x921E
    dw 0x920D, 0x9210, 0x9207, 0x9211, 0x9594, 0x958F, 0x958B, 0x9591, 0x9593, 0x9592, 0x958E, 0x968A
    dw 0x968E, 0x968B, 0x967D, 0x9685, 0x9686, 0x968D, 0x9672, 0x9684, 0x96C1, 0x96C5, 0x96C4, 0x96C6
    dw 0x96C7, 0x96EF, 0x96F2, 0x97CC, 0x9805, 0x9806, 0x9808, 0x98E7, 0x98EA, 0x98EF, 0x98E9, 0x98F2
    dw 0x98ED, 0x99AE, 0x99AD, 0x9EC3, 0x9ECD, 0x9ED1, 0x4E82, 0x50AD, 0x50B5, 0x50B2, 0x50B3, 0x50C5
    dw 0x50BE, 0x50AC, 0x50B7, 0x50BB, 0x50AF, 0x50C7, 0x527F, 0x5277, 0x527D, 0x52DF, 0x52E6, 0x52E4
    dw 0x52E2, 0x52E3, 0x532F, 0x55DF, 0x55E8, 0x55D3, 0x55E6, 0x55CE, 0x55DC, 0x55C7, 0x55D1, 0x55E3
    dw 0x55E4, 0x55EF, 0x55DA, 0x55E1, 0x55C5, 0x55C6, 0x55E5, 0x55C9, 0x5712, 0x5713, 0x585E, 0x5851
    dw 0x5858, 0x5857, 0x585A, 0x5854, 0x586B, 0x584C, 0x586D, 0x584A, 0x5862, 0x5852, 0x584B, 0x5967
    dw 0x5AC1, 0x5AC9, 0x5ACC, 0x5ABE, 0x5ABD, 0x5ABC, 0x5AB3, 0x5AC2, 0x5AB2, 0x5D69, 0x5D6F, 0x5E4C
    dw 0x5E79, 0x5EC9, 0x5EC8, 0x5F12, 0x5F59, 0x5FAC, 0x5FAE, 0x611A, 0x610F, 0x6148, 0x611F, 0x60F3
    dw 0x611B, 0x60F9, 0x6101, 0x6108, 0x614E, 0x614C, 0x6144, 0x614D, 0x613E, 0x6134, 0x6127, 0x610D
    dw 0x6106, 0x6137, 0x6221, 0x6222, 0x6413, 0x643E, 0x641E, 0x642A, 0x642D, 0x643D, 0x642C, 0x640F
    dw 0x641C, 0x6414, 0x640D, 0x6436, 0x6416, 0x6417, 0x6406, 0x656C, 0x659F, 0x65B0, 0x6697, 0x6689
    dw 0x6687, 0x6688, 0x6696, 0x6684, 0x6698, 0x668D, 0x6703, 0x6994, 0x696D, 0x695A, 0x6977, 0x6960
    dw 0x6954, 0x6975, 0x6930, 0x6982, 0x694A, 0x6968, 0x696B, 0x695E, 0x6953, 0x6979, 0x6986, 0x695D
    dw 0x6963, 0x695B, 0x6B47, 0x6B72, 0x6BC0, 0x6BBF, 0x6BD3, 0x6BFD, 0x6EA2, 0x6EAF, 0x6ED3, 0x6EB6
    dw 0x6EC2, 0x6E90, 0x6E9D, 0x6EC7, 0x6EC5, 0x6EA5, 0x6E98, 0x6EBC, 0x6EBA, 0x6EAB, 0x6ED1, 0x6E96
    dw 0x6E9C, 0x6EC4, 0x6ED4, 0x6EAA, 0x6EA7, 0x6EB4, 0x714E, 0x7159, 0x7169, 0x7164, 0x7149, 0x7167
    dw 0x715C, 0x716C, 0x7166, 0x714C, 0x7165, 0x715E, 0x7146, 0x7168, 0x7156, 0x723A, 0x7252, 0x7337
    dw 0x7345, 0x733F, 0x733E, 0x746F, 0x745A, 0x7455, 0x745F, 0x745E, 0x7441, 0x743F, 0x7459, 0x745B
    dw 0x745C, 0x7576, 0x7578, 0x7600, 0x75F0, 0x7601, 0x75F2, 0x75F1, 0x75FA, 0x75FF, 0x75F4, 0x75F3
    dw 0x76DE, 0x76DF, 0x775B, 0x776B, 0x7766, 0x775E, 0x7763, 0x7779, 0x776A, 0x776C, 0x775C, 0x7765
    dw 0x7768, 0x7762, 0x77EE, 0x788E, 0x78B0, 0x7897, 0x7898, 0x788C, 0x7889, 0x787C, 0x7891, 0x7893
    dw 0x787F, 0x797A, 0x797F, 0x7981, 0x842C, 0x79BD, 0x7A1C, 0x7A1A, 0x7A20, 0x7A14, 0x7A1F, 0x7A1E
    dw 0x7A9F, 0x7AA0, 0x7B77, 0x7BC0, 0x7B60, 0x7B6E, 0x7B67, 0x7CB1, 0x7CB3, 0x7CB5, 0x7D93, 0x7D79
    dw 0x7D91, 0x7D81, 0x7D8F, 0x7D5B, 0x7F6E, 0x7F69, 0x7F6A, 0x7F72, 0x7FA9, 0x7FA8, 0x7FA4, 0x8056
    dw 0x8058, 0x8086, 0x8084, 0x8171, 0x8170, 0x8178, 0x8165, 0x816E, 0x8173, 0x816B, 0x8179, 0x817A
    dw 0x8166, 0x8205, 0x8247, 0x8482, 0x8477, 0x843D, 0x8431, 0x8475, 0x8466, 0x846B, 0x8449, 0x846C
    dw 0x845B, 0x843C, 0x8435, 0x8461, 0x8463, 0x8469, 0x846D, 0x8446, 0x865E, 0x865C, 0x865F, 0x86F9
    dw 0x8713, 0x8708, 0x8707, 0x8700, 0x86FE, 0x86FB, 0x8702, 0x8703, 0x8706, 0x870A, 0x8859, 0x88DF
    dw 0x88D4, 0x88D9, 0x88DC, 0x88D8, 0x88DD, 0x88E1, 0x88CA, 0x88D5, 0x88D2, 0x899C, 0x89E3, 0x8A6B
    dw 0x8A72, 0x8A73, 0x8A66, 0x8A69, 0x8A70, 0x8A87, 0x8A7C, 0x8A63, 0x8AA0, 0x8A71, 0x8A85, 0x8A6D
    dw 0x8A62, 0x8A6E, 0x8A6C, 0x8A79, 0x8A7B, 0x8A3E, 0x8A68, 0x8C62, 0x8C8A, 0x8C89, 0x8CCA, 0x8CC7
    dw 0x8CC8, 0x8CC4, 0x8CB2, 0x8CC3, 0x8CC2, 0x8CC5, 0x8DE1, 0x8DDF, 0x8DE8, 0x8DEF, 0x8DF3, 0x8DFA
    dw 0x8DEA, 0x8DE4, 0x8DE6, 0x8EB2, 0x8F03, 0x8F09, 0x8EFE, 0x8F0A, 0x8F9F, 0x8FB2, 0x904B, 0x904A
    dw 0x9053, 0x9042, 0x9054, 0x903C, 0x9055, 0x9050, 0x9047, 0x904F, 0x904E, 0x904D, 0x9051, 0x903E
    dw 0x9041, 0x9112, 0x9117, 0x916C, 0x916A, 0x9169, 0x91C9, 0x9237, 0x9257, 0x9238, 0x923D, 0x9240
    dw 0x923E, 0x925B, 0x924B, 0x9264, 0x9251, 0x9234, 0x9249, 0x924D, 0x9245, 0x9239, 0x923F, 0x925A
    dw 0x9598, 0x9698, 0x9694, 0x9695, 0x96CD, 0x96CB, 0x96C9, 0x96CA, 0x96F7, 0x96FB, 0x96F9, 0x96F6
    dw 0x9756, 0x9774, 0x9776, 0x9810, 0x9811, 0x9813, 0x980A, 0x9812, 0x980C, 0x98FC, 0x98F4, 0x98FD
    dw 0x98FE, 0x99B3, 0x99B1, 0x99B4, 0x9AE1, 0x9CE9, 0x9E82, 0x9F0E, 0x9F13, 0x9F20, 0x50E7, 0x50EE
    dw 0x50E5, 0x50D6, 0x50ED, 0x50DA, 0x50D5, 0x50CF, 0x50D1, 0x50F1, 0x50CE, 0x50E9, 0x5162, 0x51F3
    dw 0x5283, 0x5282, 0x5331, 0x53AD, 0x55FE, 0x5600, 0x561B, 0x5617, 0x55FD, 0x5614, 0x5606, 0x5609
    dw 0x560D, 0x560E, 0x55F7, 0x5616, 0x561F, 0x5608, 0x5610, 0x55F6, 0x5718, 0x5716, 0x5875, 0x587E
    dw 0x5883, 0x5893, 0x588A, 0x5879, 0x5885, 0x587D, 0x58FD, 0x5925, 0x5922, 0x5924, 0x596A, 0x5969
    dw 0x5AE1, 0x5AE6, 0x5AE9, 0x5AD7, 0x5AD6, 0x5AD8, 0x5AE3, 0x5B75, 0x5BDE, 0x5BE7, 0x5BE1, 0x5BE5
    dw 0x5BE6, 0x5BE8, 0x5BE2, 0x5BE4, 0x5BDF, 0x5C0D, 0x5C62, 0x5D84, 0x5D87, 0x5E5B, 0x5E63, 0x5E55
    dw 0x5E57, 0x5E54, 0x5ED3, 0x5ED6, 0x5F0A, 0x5F46, 0x5F70, 0x5FB9, 0x6147, 0x613F, 0x614B, 0x6177
    dw 0x6162, 0x6163, 0x615F, 0x615A, 0x6158, 0x6175, 0x622A, 0x6487, 0x6458, 0x6454, 0x64A4, 0x6478
    dw 0x645F, 0x647A, 0x6451, 0x6467, 0x6434, 0x646D, 0x647B, 0x6572, 0x65A1, 0x65D7, 0x65D6, 0x66A2
    dw 0x66A8, 0x669D, 0x699C, 0x69A8, 0x6995, 0x69C1, 0x69AE, 0x69D3, 0x69CB, 0x699B, 0x69B7, 0x69BB
    dw 0x69AB, 0x69B4, 0x69D0, 0x69CD, 0x69AD, 0x69CC, 0x69A6, 0x69C3, 0x69A3, 0x6B49, 0x6B4C, 0x6C33
    dw 0x6F33, 0x6F14, 0x6EFE, 0x6F13, 0x6EF4, 0x6F29, 0x6F3E, 0x6F20, 0x6F2C, 0x6F0F, 0x6F02, 0x6F22
    dw 0x6EFF, 0x6EEF, 0x6F06, 0x6F31, 0x6F38, 0x6F32, 0x6F23, 0x6F15, 0x6F2B, 0x6F2F, 0x6F88, 0x6F2A
    dw 0x6EEC, 0x6F01, 0x6EF2, 0x6ECC, 0x6EF7, 0x7194, 0x7199, 0x717D, 0x718A, 0x7184, 0x7192, 0x723E
    dw 0x7292, 0x7296, 0x7344, 0x7350, 0x7464, 0x7463, 0x746A, 0x7470, 0x746D, 0x7504, 0x7591, 0x7627
    dw 0x760D, 0x760B, 0x7609, 0x7613, 0x76E1, 0x76E3, 0x7784, 0x777D, 0x777F, 0x7761, 0x78C1, 0x789F
    dw 0x78A7, 0x78B3, 0x78A9, 0x78A3, 0x798E, 0x798F, 0x798D, 0x7A2E, 0x7A31, 0x7AAA, 0x7AA9, 0x7AED
    dw 0x7AEF, 0x7BA1, 0x7B95, 0x7B8B, 0x7B75, 0x7B97, 0x7B9D, 0x7B94, 0x7B8F, 0x7BB8, 0x7B87, 0x7B84
    dw 0x7CB9, 0x7CBD, 0x7CBE, 0x7DBB, 0x7DB0, 0x7D9C, 0x7DBD, 0x7DBE, 0x7DA0, 0x7DCA, 0x7DB4, 0x7DB2
    dw 0x7DB1, 0x7DBA, 0x7DA2, 0x7DBF, 0x7DB5, 0x7DB8, 0x7DAD, 0x7DD2, 0x7DC7, 0x7DAC, 0x7F70, 0x7FE0
    dw 0x7FE1, 0x7FDF, 0x805E, 0x805A, 0x8087, 0x8150, 0x8180, 0x818F, 0x8188, 0x818A, 0x817F, 0x8182
    dw 0x81E7, 0x81FA, 0x8207, 0x8214, 0x821E, 0x824B, 0x84C9, 0x84BF, 0x84C6, 0x84C4, 0x8499, 0x849E
    dw 0x84B2, 0x849C, 0x84CB, 0x84B8, 0x84C0, 0x84D3, 0x8490, 0x84BC, 0x84D1, 0x84CA, 0x873F, 0x871C
    dw 0x873B, 0x8722, 0x8725, 0x8734, 0x8718, 0x8755, 0x8737, 0x8729, 0x88F3, 0x8902, 0x88F4, 0x88F9
    dw 0x88F8, 0x88FD, 0x88E8, 0x891A, 0x88EF, 0x8AA6, 0x8A8C, 0x8A9E, 0x8AA3, 0x8A8D, 0x8AA1, 0x8A93
    dw 0x8AA4, 0x8AAA, 0x8AA5, 0x8AA8, 0x8A98, 0x8A91, 0x8A9A, 0x8AA7, 0x8C6A, 0x8C8D, 0x8C8C, 0x8CD3
    dw 0x8CD1, 0x8CD2, 0x8D6B, 0x8D99, 0x8D95, 0x8DFC, 0x8F14, 0x8F12, 0x8F15, 0x8F13, 0x8FA3, 0x9060
    dw 0x9058, 0x905C, 0x9063, 0x9059, 0x905E, 0x9062, 0x905D, 0x905B, 0x9119, 0x9118, 0x911E, 0x9175
    dw 0x9178, 0x9177, 0x9174, 0x9278, 0x9280, 0x9285, 0x9298, 0x9296, 0x927B, 0x9293, 0x929C, 0x92A8
    dw 0x927C, 0x9291, 0x95A1, 0x95A8, 0x95A9, 0x95A3, 0x95A5, 0x95A4, 0x9699, 0x969C, 0x969B, 0x96CC
    dw 0x96D2, 0x9700, 0x977C, 0x9785, 0x97F6, 0x9817, 0x9818, 0x98AF, 0x98B1, 0x9903, 0x9905, 0x990C
    dw 0x9909, 0x99C1, 0x9AAF, 0x9AB0, 0x9AE6, 0x9B41, 0x9B42, 0x9CF4, 0x9CF6, 0x9CF3, 0x9EBC, 0x9F3B
    dw 0x9F4A, 0x5104, 0x5100, 0x50FB, 0x50F5, 0x50F9, 0x5102, 0x5108, 0x5109, 0x5105, 0x51DC, 0x5287
    dw 0x5288, 0x5289, 0x528D, 0x528A, 0x52F0, 0x53B2, 0x562E, 0x563B, 0x5639, 0x5632, 0x563F, 0x5634
    dw 0x5629, 0x5653, 0x564E, 0x5657, 0x5674, 0x5636, 0x562F, 0x5630, 0x5880, 0x589F, 0x589E, 0x58B3
    dw 0x589C, 0x58AE, 0x58A9, 0x58A6, 0x596D, 0x5B09, 0x5AFB, 0x5B0B, 0x5AF5, 0x5B0C, 0x5B08, 0x5BEE
    dw 0x5BEC, 0x5BE9, 0x5BEB, 0x5C64, 0x5C65, 0x5D9D, 0x5D94, 0x5E62, 0x5E5F, 0x5E61, 0x5EE2, 0x5EDA
    dw 0x5EDF, 0x5EDD, 0x5EE3, 0x5EE0, 0x5F48, 0x5F71, 0x5FB7, 0x5FB5, 0x6176, 0x6167, 0x616E, 0x615D
    dw 0x6155, 0x6182, 0x617C, 0x6170, 0x616B, 0x617E, 0x61A7, 0x6190, 0x61AB, 0x618E, 0x61AC, 0x619A
    dw 0x61A4, 0x6194, 0x61AE, 0x622E, 0x6469, 0x646F, 0x6479, 0x649E, 0x64B2, 0x6488, 0x6490, 0x64B0
    dw 0x64A5, 0x6493, 0x6495, 0x64A9, 0x6492, 0x64AE, 0x64AD, 0x64AB, 0x649A, 0x64AC, 0x6499, 0x64A2
    dw 0x64B3, 0x6575, 0x6577, 0x6578, 0x66AE, 0x66AB, 0x66B4, 0x66B1, 0x6A23, 0x6A1F, 0x69E8, 0x6A01
    dw 0x6A1E, 0x6A19, 0x69FD, 0x6A21, 0x6A13, 0x6A0A, 0x69F3, 0x6A02, 0x6A05, 0x69ED, 0x6A11, 0x6B50
    dw 0x6B4E, 0x6BA4, 0x6BC5, 0x6BC6, 0x6F3F, 0x6F7C, 0x6F84, 0x6F51, 0x6F66, 0x6F54, 0x6F86, 0x6F6D
    dw 0x6F5B, 0x6F78, 0x6F6E, 0x6F8E, 0x6F7A, 0x6F70, 0x6F64, 0x6F97, 0x6F58, 0x6ED5, 0x6F6F, 0x6F60
    dw 0x6F5F, 0x719F, 0x71AC, 0x71B1, 0x71A8, 0x7256, 0x729B, 0x734E, 0x7357, 0x7469, 0x748B, 0x7483
    dw 0x747E, 0x7480, 0x757F, 0x7620, 0x7629, 0x761F, 0x7624, 0x7626, 0x7621, 0x7622, 0x769A, 0x76BA
    dw 0x76E4, 0x778E, 0x7787, 0x778C, 0x7791, 0x778B, 0x78CB, 0x78C5, 0x78BA, 0x78CA, 0x78BE, 0x78D5
    dw 0x78BC, 0x78D0, 0x7A3F, 0x7A3C, 0x7A40, 0x7A3D, 0x7A37, 0x7A3B, 0x7AAF, 0x7AAE, 0x7BAD, 0x7BB1
    dw 0x7BC4, 0x7BB4, 0x7BC6, 0x7BC7, 0x7BC1, 0x7BA0, 0x7BCC, 0x7CCA, 0x7DE0, 0x7DF4, 0x7DEF, 0x7DFB
    dw 0x7DD8, 0x7DEC, 0x7DDD, 0x7DE8, 0x7DE3, 0x7DDA, 0x7DDE, 0x7DE9, 0x7D9E, 0x7DD9, 0x7DF2, 0x7DF9
    dw 0x7F75, 0x7F77, 0x7FAF, 0x7FE9, 0x8026, 0x819B, 0x819C, 0x819D, 0x81A0, 0x819A, 0x8198, 0x8517
    dw 0x853D, 0x851A, 0x84EE, 0x852C, 0x852D, 0x8513, 0x8511, 0x8523, 0x8521, 0x8514, 0x84EC, 0x8525
    dw 0x84FF, 0x8506, 0x8782, 0x8774, 0x8776, 0x8760, 0x8766, 0x8778, 0x8768, 0x8759, 0x8757, 0x874C
    dw 0x8753, 0x885B, 0x885D, 0x8910, 0x8907, 0x8912, 0x8913, 0x8915, 0x890A, 0x8ABC, 0x8AD2, 0x8AC7
    dw 0x8AC4, 0x8A95, 0x8ACB, 0x8AF8, 0x8AB2, 0x8AC9, 0x8AC2, 0x8ABF, 0x8AB0, 0x8AD6, 0x8ACD, 0x8AB6
    dw 0x8AB9, 0x8ADB, 0x8C4C, 0x8C4E, 0x8C6C, 0x8CE0, 0x8CDE, 0x8CE6, 0x8CE4, 0x8CEC, 0x8CED, 0x8CE2
    dw 0x8CE3, 0x8CDC, 0x8CEA, 0x8CE1, 0x8D6D, 0x8D9F, 0x8DA3, 0x8E2B, 0x8E10, 0x8E1D, 0x8E22, 0x8E0F
    dw 0x8E29, 0x8E1F, 0x8E21, 0x8E1E, 0x8EBA, 0x8F1D, 0x8F1B, 0x8F1F, 0x8F29, 0x8F26, 0x8F2A, 0x8F1C
    dw 0x8F1E, 0x8F25, 0x9069, 0x906E, 0x9068, 0x906D, 0x9077, 0x9130, 0x912D, 0x9127, 0x9131, 0x9187
    dw 0x9189, 0x918B, 0x9183, 0x92C5, 0x92BB, 0x92B7, 0x92EA, 0x92AC, 0x92E4, 0x92C1, 0x92B3, 0x92BC
    dw 0x92D2, 0x92C7, 0x92F0, 0x92B2, 0x95AD, 0x95B1, 0x9704, 0x9706, 0x9707, 0x9709, 0x9760, 0x978D
    dw 0x978B, 0x978F, 0x9821, 0x982B, 0x981C, 0x98B3, 0x990A, 0x9913, 0x9912, 0x9918, 0x99DD, 0x99D0
    dw 0x99DF, 0x99DB, 0x99D1, 0x99D5, 0x99D2, 0x99D9, 0x9AB7, 0x9AEE, 0x9AEF, 0x9B27, 0x9B45, 0x9B44
    dw 0x9B77, 0x9B6F, 0x9D06, 0x9D09, 0x9D03, 0x9EA9, 0x9EBE, 0x9ECE, 0x58A8, 0x9F52, 0x5112, 0x5118
    dw 0x5114, 0x5110, 0x5115, 0x5180, 0x51AA, 0x51DD, 0x5291, 0x5293, 0x52F3, 0x5659, 0x566B, 0x5679
    dw 0x5669, 0x5664, 0x5678, 0x566A, 0x5668, 0x5665, 0x5671, 0x566F, 0x566C, 0x5662, 0x5676, 0x58C1
    dw 0x58BE, 0x58C7, 0x58C5, 0x596E, 0x5B1D, 0x5B34, 0x5B78, 0x5BF0, 0x5C0E, 0x5F4A, 0x61B2, 0x6191
    dw 0x61A9, 0x618A, 0x61CD, 0x61B6, 0x61BE, 0x61CA, 0x61C8, 0x6230, 0x64C5, 0x64C1, 0x64CB, 0x64BB
    dw 0x64BC, 0x64DA, 0x64C4, 0x64C7, 0x64C2, 0x64CD, 0x64BF, 0x64D2, 0x64D4, 0x64BE, 0x6574, 0x66C6
    dw 0x66C9, 0x66B9, 0x66C4, 0x66C7, 0x66B8, 0x6A3D, 0x6A38, 0x6A3A, 0x6A59, 0x6A6B, 0x6A58, 0x6A39
    dw 0x6A44, 0x6A62, 0x6A61, 0x6A4B, 0x6A47, 0x6A35, 0x6A5F, 0x6A48, 0x6B59, 0x6B77, 0x6C05, 0x6FC2
    dw 0x6FB1, 0x6FA1, 0x6FC3, 0x6FA4, 0x6FC1, 0x6FA7, 0x6FB3, 0x6FC0, 0x6FB9, 0x6FB6, 0x6FA6, 0x6FA0
    dw 0x6FB4, 0x71BE, 0x71C9, 0x71D0, 0x71D2, 0x71C8, 0x71D5, 0x71B9, 0x71CE, 0x71D9, 0x71DC, 0x71C3
    dw 0x71C4, 0x7368, 0x749C, 0x74A3, 0x7498, 0x749F, 0x749E, 0x74E2, 0x750C, 0x750D, 0x7634, 0x7638
    dw 0x763A, 0x76E7, 0x76E5, 0x77A0, 0x779E, 0x779F, 0x77A5, 0x78E8, 0x78DA, 0x78EC, 0x78E7, 0x79A6
    dw 0x7A4D, 0x7A4E, 0x7A46, 0x7A4C, 0x7A4B, 0x7ABA, 0x7BD9, 0x7C11, 0x7BC9, 0x7BE4, 0x7BDB, 0x7BE1
    dw 0x7BE9, 0x7BE6, 0x7CD5, 0x7CD6, 0x7E0A, 0x7E11, 0x7E08, 0x7E1B, 0x7E23, 0x7E1E, 0x7E1D, 0x7E09
    dw 0x7E10, 0x7F79, 0x7FB2, 0x7FF0, 0x7FF1, 0x7FEE, 0x8028, 0x81B3, 0x81A9, 0x81A8, 0x81FB, 0x8208
    dw 0x8258, 0x8259, 0x854A, 0x8559, 0x8548, 0x8568, 0x8569, 0x8543, 0x8549, 0x856D, 0x856A, 0x855E
    dw 0x8783, 0x879F, 0x879E, 0x87A2, 0x878D, 0x8861, 0x892A, 0x8932, 0x8925, 0x892B, 0x8921, 0x89AA
    dw 0x89A6, 0x8AE6, 0x8AFA, 0x8AEB, 0x8AF1, 0x8B00, 0x8ADC, 0x8AE7, 0x8AEE, 0x8AFE, 0x8B01, 0x8B02
    dw 0x8AF7, 0x8AED, 0x8AF3, 0x8AF6, 0x8AFC, 0x8C6B, 0x8C6D, 0x8C93, 0x8CF4, 0x8E44, 0x8E31, 0x8E34
    dw 0x8E42, 0x8E39, 0x8E35, 0x8F3B, 0x8F2F, 0x8F38, 0x8F33, 0x8FA8, 0x8FA6, 0x9075, 0x9074, 0x9078
    dw 0x9072, 0x907C, 0x907A, 0x9134, 0x9192, 0x9320, 0x9336, 0x92F8, 0x9333, 0x932F, 0x9322, 0x92FC
    dw 0x932B, 0x9304, 0x931A, 0x9310, 0x9326, 0x9321, 0x9315, 0x932E, 0x9319, 0x95BB, 0x96A7, 0x96A8
    dw 0x96AA, 0x96D5, 0x970E, 0x9711, 0x9716, 0x970D, 0x9713, 0x970F, 0x975B, 0x975C, 0x9766, 0x9798
    dw 0x9830, 0x9838, 0x983B, 0x9837, 0x982D, 0x9839, 0x9824, 0x9910, 0x9928, 0x991E, 0x991B, 0x9921
    dw 0x991A, 0x99ED, 0x99E2, 0x99F1, 0x9AB8, 0x9ABC, 0x9AFB, 0x9AED, 0x9B28, 0x9B91, 0x9D15, 0x9D23
    dw 0x9D26, 0x9D28, 0x9D12, 0x9D1B, 0x9ED8, 0x9ED4, 0x9F8D, 0x9F9C, 0x512A, 0x511F, 0x5121, 0x5132
    dw 0x52F5, 0x568E, 0x5680, 0x5690, 0x5685, 0x5687, 0x568F, 0x58D5, 0x58D3, 0x58D1, 0x58CE, 0x5B30
    dw 0x5B2A, 0x5B24, 0x5B7A, 0x5C37, 0x5C68, 0x5DBC, 0x5DBA, 0x5DBD, 0x5DB8, 0x5E6B, 0x5F4C, 0x5FBD
    dw 0x61C9, 0x61C2, 0x61C7, 0x61E6, 0x61CB, 0x6232, 0x6234, 0x64CE, 0x64CA, 0x64D8, 0x64E0, 0x64F0
    dw 0x64E6, 0x64EC, 0x64F1, 0x64E2, 0x64ED, 0x6582, 0x6583, 0x66D9, 0x66D6, 0x6A80, 0x6A94, 0x6A84
    dw 0x6AA2, 0x6A9C, 0x6ADB, 0x6AA3, 0x6A7E, 0x6A97, 0x6A90, 0x6AA0, 0x6B5C, 0x6BAE, 0x6BDA, 0x6C08
    dw 0x6FD8, 0x6FF1, 0x6FDF, 0x6FE0, 0x6FDB, 0x6FE4, 0x6FEB, 0x6FEF, 0x6F80, 0x6FEC, 0x6FE1, 0x6FE9
    dw 0x6FD5, 0x6FEE, 0x6FF0, 0x71E7, 0x71DF, 0x71EE, 0x71E6, 0x71E5, 0x71ED, 0x71EC, 0x71F4, 0x71E0
    dw 0x7235, 0x7246, 0x7370, 0x7372, 0x74A9, 0x74B0, 0x74A6, 0x74A8, 0x7646, 0x7642, 0x764C, 0x76EA
    dw 0x77B3, 0x77AA, 0x77B0, 0x77AC, 0x77A7, 0x77AD, 0x77EF, 0x78F7, 0x78FA, 0x78F4, 0x78EF, 0x7901
    dw 0x79A7, 0x79AA, 0x7A57, 0x7ABF, 0x7C07, 0x7C0D, 0x7BFE, 0x7BF7, 0x7C0C, 0x7BE0, 0x7CE0, 0x7CDC
    dw 0x7CDE, 0x7CE2, 0x7CDF, 0x7CD9, 0x7CDD, 0x7E2E, 0x7E3E, 0x7E46, 0x7E37, 0x7E32, 0x7E43, 0x7E2B
    dw 0x7E3D, 0x7E31, 0x7E45, 0x7E41, 0x7E34, 0x7E39, 0x7E48, 0x7E35, 0x7E3F, 0x7E2F, 0x7F44, 0x7FF3
    dw 0x7FFC, 0x8071, 0x8072, 0x8070, 0x806F, 0x8073, 0x81C6, 0x81C3, 0x81BA, 0x81C2, 0x81C0, 0x81BF
    dw 0x81BD, 0x81C9, 0x81BE, 0x81E8, 0x8209, 0x8271, 0x85AA, 0x8584, 0x857E, 0x859C, 0x8591, 0x8594
    dw 0x85AF, 0x859B, 0x8587, 0x85A8, 0x858A, 0x8667, 0x87C0, 0x87D1, 0x87B3, 0x87D2, 0x87C6, 0x87AB
    dw 0x87BB, 0x87BA, 0x87C8, 0x87CB, 0x893B, 0x8936, 0x8944, 0x8938, 0x893D, 0x89AC, 0x8B0E, 0x8B17
    dw 0x8B19, 0x8B1B, 0x8B0A, 0x8B20, 0x8B1D, 0x8B04, 0x8B10, 0x8C41, 0x8C3F, 0x8C73, 0x8CFA, 0x8CFD
    dw 0x8CFC, 0x8CF8, 0x8CFB, 0x8DA8, 0x8E49, 0x8E4B, 0x8E48, 0x8E4A, 0x8F44, 0x8F3E, 0x8F42, 0x8F45
    dw 0x8F3F, 0x907F, 0x907D, 0x9084, 0x9081, 0x9082, 0x9080, 0x9139, 0x91A3, 0x919E, 0x919C, 0x934D
    dw 0x9382, 0x9328, 0x9375, 0x934A, 0x9365, 0x934B, 0x9318, 0x937E, 0x936C, 0x935B, 0x9370, 0x935A
    dw 0x9354, 0x95CA, 0x95CB, 0x95CC, 0x95C8, 0x95C6, 0x96B1, 0x96B8, 0x96D6, 0x971C, 0x971E, 0x97A0
    dw 0x97D3, 0x9846, 0x98B6, 0x9935, 0x9A01, 0x99FF, 0x9BAE, 0x9BAB, 0x9BAA, 0x9BAD, 0x9D3B, 0x9D3F
    dw 0x9E8B, 0x9ECF, 0x9EDE, 0x9EDC, 0x9EDD, 0x9EDB, 0x9F3E, 0x9F4B, 0x53E2, 0x5695, 0x56AE, 0x58D9
    dw 0x58D8, 0x5B38, 0x5F5D, 0x61E3, 0x6233, 0x64F4, 0x64F2, 0x64FE, 0x6506, 0x64FA, 0x64FB, 0x64F7
    dw 0x65B7, 0x66DC, 0x6726, 0x6AB3, 0x6AAC, 0x6AC3, 0x6ABB, 0x6AB8, 0x6AC2, 0x6AAE, 0x6AAF, 0x6B5F
    dw 0x6B78, 0x6BAF, 0x7009, 0x700B, 0x6FFE, 0x7006, 0x6FFA, 0x7011, 0x700F, 0x71FB, 0x71FC, 0x71FE
    dw 0x71F8, 0x7377, 0x7375, 0x74A7, 0x74BF, 0x7515, 0x7656, 0x7658, 0x7652, 0x77BD, 0x77BF, 0x77BB
    dw 0x77BC, 0x790E, 0x79AE, 0x7A61, 0x7A62, 0x7A60, 0x7AC4, 0x7AC5, 0x7C2B, 0x7C27, 0x7C2A, 0x7C1E
    dw 0x7C23, 0x7C21, 0x7CE7, 0x7E54, 0x7E55, 0x7E5E, 0x7E5A, 0x7E61, 0x7E52, 0x7E59, 0x7F48, 0x7FF9
    dw 0x7FFB, 0x8077, 0x8076, 0x81CD, 0x81CF, 0x820A, 0x85CF, 0x85A9, 0x85CD, 0x85D0, 0x85C9, 0x85B0
    dw 0x85BA, 0x85B9, 0x85A6, 0x87EF, 0x87EC, 0x87F2, 0x87E0, 0x8986, 0x89B2, 0x89F4, 0x8B28, 0x8B39
    dw 0x8B2C, 0x8B2B, 0x8C50, 0x8D05, 0x8E59, 0x8E63, 0x8E66, 0x8E64, 0x8E5F, 0x8E55, 0x8EC0, 0x8F49
    dw 0x8F4D, 0x9087, 0x9083, 0x9088, 0x91AB, 0x91AC, 0x91D0, 0x9394, 0x938A, 0x9396, 0x93A2, 0x93B3
    dw 0x93AE, 0x93AC, 0x93B0, 0x9398, 0x939A, 0x9397, 0x95D4, 0x95D6, 0x95D0, 0x95D5, 0x96E2, 0x96DC
    dw 0x96D9, 0x96DB, 0x96DE, 0x9724, 0x97A3, 0x97A6, 0x97AD, 0x97F9, 0x984D, 0x984F, 0x984C, 0x984E
    dw 0x9853, 0x98BA, 0x993E, 0x993F, 0x993D, 0x992E, 0x99A5, 0x9A0E, 0x9AC1, 0x9B03, 0x9B06, 0x9B4F
    dw 0x9B4E, 0x9B4D, 0x9BCA, 0x9BC9, 0x9BFD, 0x9BC8, 0x9BC0, 0x9D51, 0x9D5D, 0x9D60, 0x9EE0, 0x9F15
    dw 0x9F2C, 0x5133, 0x56A5, 0x58DE, 0x58DF, 0x58E2, 0x5BF5, 0x9F90, 0x5EEC, 0x61F2, 0x61F7, 0x61F6
    dw 0x61F5, 0x6500, 0x650F, 0x66E0, 0x66DD, 0x6AE5, 0x6ADD, 0x6ADA, 0x6AD3, 0x701B, 0x701F, 0x7028
    dw 0x701A, 0x701D, 0x7015, 0x7018, 0x7206, 0x720D, 0x7258, 0x72A2, 0x7378, 0x737A, 0x74BD, 0x74CA
    dw 0x74E3, 0x7587, 0x7586, 0x765F, 0x7661, 0x77C7, 0x7919, 0x79B1, 0x7A6B, 0x7A69, 0x7C3E, 0x7C3F
    dw 0x7C38, 0x7C3D, 0x7C37, 0x7C40, 0x7E6B, 0x7E6D, 0x7E79, 0x7E69, 0x7E6A, 0x7F85, 0x7E73, 0x7FB6
    dw 0x7FB9, 0x7FB8, 0x81D8, 0x85E9, 0x85DD, 0x85EA, 0x85D5, 0x85E4, 0x85E5, 0x85F7, 0x87FB, 0x8805
    dw 0x880D, 0x87F9, 0x87FE, 0x8960, 0x895F, 0x8956, 0x895E, 0x8B41, 0x8B5C, 0x8B58, 0x8B49, 0x8B5A
    dw 0x8B4E, 0x8B4F, 0x8B46, 0x8B59, 0x8D08, 0x8D0A, 0x8E7C, 0x8E72, 0x8E87, 0x8E76, 0x8E6C, 0x8E7A
    dw 0x8E74, 0x8F54, 0x8F4E, 0x8FAD, 0x908A, 0x908B, 0x91B1, 0x91AE, 0x93E1, 0x93D1, 0x93DF, 0x93C3
    dw 0x93C8, 0x93DC, 0x93DD, 0x93D6, 0x93E2, 0x93CD, 0x93D8, 0x93E4, 0x93D7, 0x93E8, 0x95DC, 0x96B4
    dw 0x96E3, 0x972A, 0x9727, 0x9761, 0x97DC, 0x97FB, 0x985E, 0x9858, 0x985B, 0x98BC, 0x9945, 0x9949
    dw 0x9A16, 0x9A19, 0x9B0D, 0x9BE8, 0x9BE7, 0x9BD6, 0x9BDB, 0x9D89, 0x9D61, 0x9D72, 0x9D6A, 0x9D6C
    dw 0x9E92, 0x9E97, 0x9E93, 0x9EB4, 0x52F8, 0x56A8, 0x56B7, 0x56B6, 0x56B4, 0x56BC, 0x58E4, 0x5B40
    dw 0x5B43, 0x5B7D, 0x5BF6, 0x5DC9, 0x61F8, 0x61FA, 0x6518, 0x6514, 0x6519, 0x66E6, 0x6727, 0x6AEC
    dw 0x703E, 0x7030, 0x7032, 0x7210, 0x737B, 0x74CF, 0x7662, 0x7665, 0x7926, 0x792A, 0x792C, 0x792B
    dw 0x7AC7, 0x7AF6, 0x7C4C, 0x7C43, 0x7C4D, 0x7CEF, 0x7CF0, 0x8FAE, 0x7E7D, 0x7E7C, 0x7E82, 0x7F4C
    dw 0x8000, 0x81DA, 0x8266, 0x85FB, 0x85F9, 0x8611, 0x85FA, 0x8606, 0x860B, 0x8607, 0x860A, 0x8814
    dw 0x8815, 0x8964, 0x89BA, 0x89F8, 0x8B70, 0x8B6C, 0x8B66, 0x8B6F, 0x8B5F, 0x8B6B, 0x8D0F, 0x8D0D
    dw 0x8E89, 0x8E81, 0x8E85, 0x8E82, 0x91B4, 0x91CB, 0x9418, 0x9403, 0x93FD, 0x95E1, 0x9730, 0x98C4
    dw 0x9952, 0x9951, 0x99A8, 0x9A2B, 0x9A30, 0x9A37, 0x9A35, 0x9C13, 0x9C0D, 0x9E79, 0x9EB5, 0x9EE8
    dw 0x9F2F, 0x9F5F, 0x9F63, 0x9F61, 0x5137, 0x5138, 0x56C1, 0x56C0, 0x56C2, 0x5914, 0x5C6C, 0x5DCD
    dw 0x61FC, 0x61FE, 0x651D, 0x651C, 0x6595, 0x66E9, 0x6AFB, 0x6B04, 0x6AFA, 0x6BB2, 0x704C, 0x721B
    dw 0x72A7, 0x74D6, 0x74D4, 0x7669, 0x77D3, 0x7C50, 0x7E8F, 0x7E8C, 0x7FBC, 0x8617, 0x862D, 0x861A
    dw 0x8823, 0x8822, 0x8821, 0x881F, 0x896A, 0x896C, 0x89BD, 0x8B74, 0x8B77, 0x8B7D, 0x8D13, 0x8E8A
    dw 0x8E8D, 0x8E8B, 0x8F5F, 0x8FAF, 0x91BA, 0x942E, 0x9433, 0x9435, 0x943A, 0x9438, 0x9432, 0x942B
    dw 0x95E2, 0x9738, 0x9739, 0x9732, 0x97FF, 0x9867, 0x9865, 0x9957, 0x9A45, 0x9A43, 0x9A40, 0x9A3E
    dw 0x9ACF, 0x9B54, 0x9B51, 0x9C2D, 0x9C25, 0x9DAF, 0x9DB4, 0x9DC2, 0x9DB8, 0x9E9D, 0x9EEF, 0x9F19
    dw 0x9F5C, 0x9F66, 0x9F67, 0x513C, 0x513B, 0x56C8, 0x56CA, 0x56C9, 0x5B7F, 0x5DD4, 0x5DD2, 0x5F4E
    dw 0x61FF, 0x6524, 0x6B0A, 0x6B61, 0x7051, 0x7058, 0x7380, 0x74E4, 0x758A, 0x766E, 0x766C, 0x79B3
    dw 0x7C60, 0x7C5F, 0x807E, 0x807D, 0x81DF, 0x8972, 0x896F, 0x89FC, 0x8B80, 0x8D16, 0x8D17, 0x8E91
    dw 0x8E93, 0x8F61, 0x9148, 0x9444, 0x9451, 0x9452, 0x973D, 0x973E, 0x97C3, 0x97C1, 0x986B, 0x9955
    dw 0x9A55, 0x9A4D, 0x9AD2, 0x9B1A, 0x9C49, 0x9C31, 0x9C3E, 0x9C3B, 0x9DD3, 0x9DD7, 0x9F34, 0x9F6C
    dw 0x9F6A, 0x9F94, 0x56CC, 0x5DD6, 0x6200, 0x6523, 0x652B, 0x652A, 0x66EC, 0x6B10, 0x74DA, 0x7ACA
    dw 0x7C64, 0x7C63, 0x7C65, 0x7E93, 0x7E96, 0x7E94, 0x81E2, 0x8638, 0x863F, 0x8831, 0x8B8A, 0x9090
    dw 0x908F, 0x9463, 0x9460, 0x9464, 0x9768, 0x986F, 0x995C, 0x9A5A, 0x9A5B, 0x9A57, 0x9AD3, 0x9AD4
    dw 0x9AD1, 0x9C54, 0x9C57, 0x9C56, 0x9DE5, 0x9E9F, 0x9EF4, 0x56D1, 0x58E9, 0x652C, 0x705E, 0x7671
    dw 0x7672, 0x77D7, 0x7F50, 0x7F88, 0x8836, 0x8839, 0x8862, 0x8B93, 0x8B92, 0x8B96, 0x8277, 0x8D1B
    dw 0x91C0, 0x946A, 0x9742, 0x9748, 0x9744, 0x97C6, 0x9870, 0x9A5F, 0x9B22, 0x9B58, 0x9C5F, 0x9DF9
    dw 0x9DFA, 0x9E7C, 0x9E7D, 0x9F07, 0x9F77, 0x9F72, 0x5EF3, 0x6B16, 0x7063, 0x7C6C, 0x7C6E, 0x883B
    dw 0x89C0, 0x8EA1, 0x91C1, 0x9472, 0x9470, 0x9871, 0x995E, 0x9AD6, 0x9B23, 0x9ECC, 0x7064, 0x77DA
    dw 0x8B9A, 0x9477, 0x97C9, 0x9A62, 0x9A65, 0x7E9C, 0x8B9C, 0x8EAA, 0x91C5, 0x947D, 0x947E, 0x947C
    dw 0x9C77, 0x9C78, 0x9EF7, 0x8C54, 0x947F, 0x9E1A, 0x7228, 0x9A6A, 0x9B31, 0x9E1B, 0x9E1E, 0x7C72
    dw 0x30FE, 0x309D, 0x309E, 0x3005, 0x3041, 0x3042, 0x3043, 0x3044, 0x3045, 0x3046, 0x3047, 0x3048
    dw 0x3049, 0x304A, 0x304B, 0x304C, 0x304D, 0x304E, 0x304F, 0x3050, 0x3051, 0x3052, 0x3053, 0x3054
    dw 0x3055, 0x3056, 0x3057, 0x3058, 0x3059, 0x305A, 0x305B, 0x305C, 0x305D, 0x305E, 0x305F, 0x3060
    dw 0x3061, 0x3062, 0x3063, 0x3064, 0x3065, 0x3066, 0x3067, 0x3068, 0x3069, 0x306A, 0x306B, 0x306C
    dw 0x306D, 0x306E, 0x306F, 0x3070, 0x3071, 0x3072, 0x3073, 0x3074, 0x3075, 0x3076, 0x3077, 0x3078
    dw 0x3079, 0x307A, 0x307B, 0x307C, 0x307D, 0x307E, 0x307F, 0x3080, 0x3081, 0x3082, 0x3083, 0x3084
    dw 0x3085, 0x3086, 0x3087, 0x3088, 0x3089, 0x308A, 0x308B, 0x308C, 0x308D, 0x308E, 0x308F, 0x3090
    dw 0x3091, 0x3092, 0x3093, 0x30A1, 0x30A2, 0x30A3, 0x30A4, 0x30A5, 0x30A6, 0x30A7, 0x30A8, 0x30A9
    dw 0x30AA, 0x30AB, 0x30AC, 0x30AD, 0x30AE, 0x30AF, 0x30B0, 0x30B1, 0x30B2, 0x30B3, 0x30B4, 0x30B5
    dw 0x30B6, 0x30B7, 0x30B8, 0x30B9, 0x30BA, 0x30BB, 0x30BC, 0x30BD, 0x30BE, 0x30BF, 0x30C0, 0x30C1
    dw 0x30C2, 0x30C3, 0x30C4, 0x30C5, 0x30C6, 0x30C7, 0x30C8, 0x30C9, 0x30CA, 0x30CB, 0x30CC, 0x30CD
    dw 0x30CE, 0x30CF, 0x30D0, 0x30D1, 0x30D2, 0x30D3, 0x30D4, 0x30D5, 0x30D6, 0x30D7, 0x30D8, 0x30D9
    dw 0x30DA, 0x30DB, 0x30DC, 0x30DD, 0x30DE, 0x30DF, 0x30E0, 0x30E1, 0x30E2, 0x30E3, 0x30E4, 0x30E5
    dw 0x30E6, 0x30E7, 0x30E8, 0x30E9, 0x30EA, 0x30EB, 0x30EC, 0x30ED, 0x30EE, 0x30EF, 0x30F0, 0x30F1
    dw 0x30F2, 0x30F3, 0x30F4, 0x30F5, 0x30F6, 0x0414, 0x0415, 0x0401, 0x0416, 0x0417, 0x0418, 0x0419
    dw 0x041A, 0x041B, 0x041C, 0x0423, 0x0424, 0x0425, 0x0426, 0x0427, 0x0428, 0x0429, 0x042A, 0x042B
    dw 0x042C, 0x042D, 0x042E, 0x042F, 0x0430, 0x0431, 0x0432, 0x0433, 0x0434, 0x0435, 0x0451, 0x0436
    dw 0x0437, 0x0438, 0x0439, 0x043A, 0x043B, 0x043C, 0x043D, 0x043E, 0x043F, 0x0440, 0x0441, 0x0442
    dw 0x0443, 0x0444, 0x0445, 0x0446, 0x0447, 0x0448, 0x0449, 0x044A, 0x044B, 0x044C, 0x044D, 0x044E
    dw 0x044F, 0x2460, 0x2461, 0x2462, 0x2463, 0x2464, 0x2465, 0x2466, 0x2467, 0x2468, 0x2469, 0x2474
    dw 0x2475, 0x2476, 0x2477, 0x2478, 0x2479, 0x247A, 0x247B, 0x247C, 0x247D, 0x0000, 0x0000, 0x0000
    dw 0x0000, 0x0000, 0x0000, 0x0000, 0x0000, 0x0000, 0x0000, 0x0000, 0x0000, 0x0000, 0x0000, 0x0000
    dw 0x0000, 0x0000, 0x0000, 0x0000, 0x0000, 0x0000, 0x0000, 0x0000, 0x0000, 0x0000, 0x0000, 0x0000
    dw 0x0000, 0x0000, 0x0000, 0x0000, 0x0000, 0x0000, 0x0000, 0x0000, 0x0000, 0x0000, 0x0000, 0x0000
    dw 0x0000, 0x0000, 0x0000, 0x0000, 0x0000, 0x0000, 0x0000, 0x0000, 0x0000, 0x0000, 0x0000, 0x0000
    dw 0x0000, 0x0000, 0x0000, 0x0000, 0x0000, 0x0000, 0x0000, 0x0000, 0x0000, 0x0000, 0x0000, 0x0000
    dw 0x0000, 0x0000, 0x0000, 0x0000, 0x0000, 0x0000, 0x0000, 0x0000, 0x0000, 0x0000, 0x0000, 0x0000
    dw 0x0000, 0x0000, 0x0000, 0x0000, 0x0000, 0x0000, 0x0000, 0x0000, 0x0000, 0x0000, 0x0000, 0x0000
    dw 0x0000, 0x0000, 0x0000, 0x0000, 0x0000, 0x0000, 0x0000, 0x0000, 0x0000, 0x0000, 0x0000, 0x0000
    dw 0x0000, 0x0000, 0x0000, 0x0000, 0x0000, 0x0000, 0x0000, 0x0000, 0x0000, 0x0000, 0x0000, 0x0000
    dw 0x0000, 0x0000, 0x0000, 0x0000, 0x0000, 0x0000, 0x0000, 0x0000, 0x0000, 0x0000, 0x0000, 0x0000
    dw 0x0000, 0x0000, 0x0000, 0x0000, 0x0000, 0x0000, 0x0000, 0x0000, 0x0000, 0x0000, 0x0000, 0x0000
    dw 0x0000, 0x0000, 0x0000, 0x0000, 0x0000, 0x0000, 0x0000, 0x0000, 0x0000, 0x0000, 0x0000, 0x0000
    dw 0x0000, 0x0000, 0x0000, 0x0000, 0x0000, 0x0000, 0x0000, 0x0000, 0x0000, 0x0000, 0x0000, 0x0000
    dw 0x4E42, 0x4E5C, 0x51F5, 0x531A, 0x5382, 0x4E07, 0x4E0C, 0x4E47, 0x4E8D, 0x56D7, 0xFA0C, 0x5C6E
    dw 0x5F73, 0x4E0F, 0x5187, 0x4E0E, 0x4E2E, 0x4E93, 0x4EC2, 0x4EC9, 0x4EC8, 0x5198, 0x52FC, 0x536C
    dw 0x53B9, 0x5720, 0x5903, 0x592C, 0x5C10, 0x5DFF, 0x65E1, 0x6BB3, 0x6BCC, 0x6C14, 0x723F, 0x4E31
    dw 0x4E3C, 0x4EE8, 0x4EDC, 0x4EE9, 0x4EE1, 0x4EDD, 0x4EDA, 0x520C, 0x531C, 0x534C, 0x5722, 0x5723
    dw 0x5917, 0x592F, 0x5B81, 0x5B84, 0x5C12, 0x5C3B, 0x5C74, 0x5C73, 0x5E04, 0x5E80, 0x5E82, 0x5FC9
    dw 0x6209, 0x6250, 0x6C15, 0x6C36, 0x6C43, 0x6C3F, 0x6C3B, 0x72AE, 0x72B0, 0x738A, 0x79B8, 0x808A
    dw 0x961E, 0x4F0E, 0x4F18, 0x4F2C, 0x4EF5, 0x4F14, 0x4EF1, 0x4F00, 0x4EF7, 0x4F08, 0x4F1D, 0x4F02
    dw 0x4F05, 0x4F22, 0x4F13, 0x4F04, 0x4EF4, 0x4F12, 0x51B1, 0x5213, 0x5209, 0x5210, 0x52A6, 0x5322
    dw 0x531F, 0x534D, 0x538A, 0x5407, 0x56E1, 0x56DF, 0x572E, 0x572A, 0x5734, 0x593C, 0x5980, 0x597C
    dw 0x5985, 0x597B, 0x597E, 0x5977, 0x597F, 0x5B56, 0x5C15, 0x5C25, 0x5C7C, 0x5C7A, 0x5C7B, 0x5C7E
    dw 0x5DDF, 0x5E75, 0x5E84, 0x5F02, 0x5F1A, 0x5F74, 0x5FD5, 0x5FD4, 0x5FCF, 0x625C, 0x625E, 0x6264
    dw 0x6261, 0x6266, 0x6262, 0x6259, 0x6260, 0x625A, 0x6265, 0x65EF, 0x65EE, 0x673E, 0x6739, 0x6738
    dw 0x673B, 0x673A, 0x673F, 0x673C, 0x6733, 0x6C18, 0x6C46, 0x6C52, 0x6C5C, 0x6C4F, 0x6C4A, 0x6C54
    dw 0x6C4B, 0x6C4C, 0x7071, 0x725E, 0x72B4, 0x72B5, 0x738E, 0x752A, 0x767F, 0x7A75, 0x7F51, 0x8278
    dw 0x827C, 0x8280, 0x827D, 0x827F, 0x864D, 0x897E, 0x9099, 0x9097, 0x9098, 0x909B, 0x9094, 0x9622
    dw 0x9624, 0x9620, 0x9623, 0x4F56, 0x4F3B, 0x4F62, 0x4F49, 0x4F53, 0x4F64, 0x4F3E, 0x4F67, 0x4F52
    dw 0x4F5F, 0x4F41, 0x4F58, 0x4F2D, 0x4F33, 0x4F3F, 0x4F61, 0x518F, 0x51B9, 0x521C, 0x521E, 0x5221
    dw 0x52AD, 0x52AE, 0x5309, 0x5363, 0x5372, 0x538E, 0x538F, 0x5430, 0x5437, 0x542A, 0x5454, 0x5445
    dw 0x5419, 0x541C, 0x5425, 0x5418, 0x543D, 0x544F, 0x5441, 0x5428, 0x5424, 0x5447, 0x56EE, 0x56E7
    dw 0x56E5, 0x5741, 0x5745, 0x574C, 0x5749, 0x574B, 0x5752, 0x5906, 0x5940, 0x59A6, 0x5998, 0x59A0
    dw 0x5997, 0x598E, 0x59A2, 0x5990, 0x598F, 0x59A7, 0x59A1, 0x5B8E, 0x5B92, 0x5C28, 0x5C2A, 0x5C8D
    dw 0x5C8F, 0x5C88, 0x5C8B, 0x5C89, 0x5C92, 0x5C8A, 0x5C86, 0x5C93, 0x5C95, 0x5DE0, 0x5E0A, 0x5E0E
    dw 0x5E8B, 0x5E89, 0x5E8C, 0x5E88, 0x5E8D, 0x5F05, 0x5F1D, 0x5F78, 0x5F76, 0x5FD2, 0x5FD1, 0x5FD0
    dw 0x5FED, 0x5FE8, 0x5FEE, 0x5FF3, 0x5FE1, 0x5FE4, 0x5FE3, 0x5FFA, 0x5FEF, 0x5FF7, 0x5FFB, 0x6000
    dw 0x5FF4, 0x623A, 0x6283, 0x628C, 0x628E, 0x628F, 0x6294, 0x6287, 0x6271, 0x627B, 0x627A, 0x6270
    dw 0x6281, 0x6288, 0x6277, 0x627D, 0x6272, 0x6274, 0x6537, 0x65F0, 0x65F4, 0x65F3, 0x65F2, 0x65F5
    dw 0x6745, 0x6747, 0x6759, 0x6755, 0x674C, 0x6748, 0x675D, 0x674D, 0x675A, 0x674B, 0x6BD0, 0x6C19
    dw 0x6C1A, 0x6C78, 0x6C67, 0x6C6B, 0x6C84, 0x6C8B, 0x6C8F, 0x6C71, 0x6C6F, 0x6C69, 0x6C9A, 0x6C6D
    dw 0x6C87, 0x6C95, 0x6C9C, 0x6C66, 0x6C73, 0x6C65, 0x6C7B, 0x6C8E, 0x7074, 0x707A, 0x7263, 0x72BF
    dw 0x72BD, 0x72C3, 0x72C6, 0x72C1, 0x72BA, 0x72C5, 0x7395, 0x7397, 0x7393, 0x7394, 0x7392, 0x753A
    dw 0x7539, 0x7594, 0x7595, 0x7681, 0x793D, 0x8034, 0x8095, 0x8099, 0x8090, 0x8092, 0x809C, 0x8290
    dw 0x828F, 0x8285, 0x828E, 0x8291, 0x8293, 0x828A, 0x8283, 0x8284, 0x8C78, 0x8FC9, 0x8FBF, 0x909F
    dw 0x90A1, 0x90A5, 0x909E, 0x90A7, 0x90A0, 0x9630, 0x9628, 0x962F, 0x962D, 0x4E33, 0x4F98, 0x4F7C
    dw 0x4F85, 0x4F7D, 0x4F80, 0x4F87, 0x4F76, 0x4F74, 0x4F89, 0x4F84, 0x4F77, 0x4F4C, 0x4F97, 0x4F6A
    dw 0x4F9A, 0x4F79, 0x4F81, 0x4F78, 0x4F90, 0x4F9C, 0x4F94, 0x4F9E, 0x4F92, 0x4F82, 0x4F95, 0x4F6B
    dw 0x4F6E, 0x519E, 0x51BC, 0x51BE, 0x5235, 0x5232, 0x5233, 0x5246, 0x5231, 0x52BC, 0x530A, 0x530B
    dw 0x533C, 0x5392, 0x5394, 0x5487, 0x547F, 0x5481, 0x5491, 0x5482, 0x5488, 0x546B, 0x547A, 0x547E
    dw 0x5465, 0x546C, 0x5474, 0x5466, 0x548D, 0x546F, 0x5461, 0x5460, 0x5498, 0x5463, 0x5467, 0x5464
    dw 0x56F7, 0x56F9, 0x576F, 0x5772, 0x576D, 0x576B, 0x5771, 0x5770, 0x5776, 0x5780, 0x5775, 0x577B
    dw 0x5773, 0x5774, 0x5762, 0x5768, 0x577D, 0x590C, 0x5945, 0x59B5, 0x59BA, 0x59CF, 0x59CE, 0x59B2
    dw 0x59CC, 0x59C1, 0x59B6, 0x59BC, 0x59C3, 0x59D6, 0x59B1, 0x59BD, 0x59C0, 0x59C8, 0x59B4, 0x59C7
    dw 0x5B62, 0x5B65, 0x5B93, 0x5B95, 0x5C44, 0x5C47, 0x5CAE, 0x5CA4, 0x5CA0, 0x5CB5, 0x5CAF, 0x5CA8
    dw 0x5CAC, 0x5C9F, 0x5CA3, 0x5CAD, 0x5CA2, 0x5CAA, 0x5CA7, 0x5C9D, 0x5CA5, 0x5CB6, 0x5CB0, 0x5CA6
    dw 0x5E17, 0x5E14, 0x5E19, 0x5F28, 0x5F22, 0x5F23, 0x5F24, 0x5F54, 0x5F82, 0x5F7E, 0x5F7D, 0x5FDE
    dw 0x5FE5, 0x602D, 0x6026, 0x6019, 0x6032, 0x600B, 0x6034, 0x600A, 0x6017, 0x6033, 0x601A, 0x601E
    dw 0x602C, 0x6022, 0x600D, 0x6010, 0x602E, 0x6013, 0x6011, 0x600C, 0x6009, 0x601C, 0x6214, 0x623D
    dw 0x62AD, 0x62B4, 0x62D1, 0x62BE, 0x62AA, 0x62B6, 0x62CA, 0x62AE, 0x62B3, 0x62AF, 0x62BB, 0x62A9
    dw 0x62B0, 0x62B8, 0x653D, 0x65A8, 0x65BB, 0x6609, 0x65FC, 0x6604, 0x6612, 0x6608, 0x65FB, 0x6603
    dw 0x660B, 0x660D, 0x6605, 0x65FD, 0x6611, 0x6610, 0x66F6, 0x670A, 0x6785, 0x676C, 0x678E, 0x6792
    dw 0x6776, 0x677B, 0x6798, 0x6786, 0x6784, 0x6774, 0x678D, 0x678C, 0x677A, 0x679F, 0x6791, 0x6799
    dw 0x6783, 0x677D, 0x6781, 0x6778, 0x6779, 0x6794, 0x6B25, 0x6B80, 0x6B7E, 0x6BDE, 0x6C1D, 0x6C93
    dw 0x6CEC, 0x6CEB, 0x6CEE, 0x6CD9, 0x6CB6, 0x6CD4, 0x6CAD, 0x6CE7, 0x6CB7, 0x6CD0, 0x6CC2, 0x6CBA
    dw 0x6CC3, 0x6CC6, 0x6CED, 0x6CF2, 0x6CD2, 0x6CDD, 0x6CB4, 0x6C8A, 0x6C9D, 0x6C80, 0x6CDE, 0x6CC0
    dw 0x6D30, 0x6CCD, 0x6CC7, 0x6CB0, 0x6CF9, 0x6CCF, 0x6CE9, 0x6CD1, 0x7094, 0x7098, 0x7085, 0x7093
    dw 0x7086, 0x7084, 0x7091, 0x7096, 0x7082, 0x709A, 0x7083, 0x726A, 0x72D6, 0x72CB, 0x72D8, 0x72C9
    dw 0x72DC, 0x72D2, 0x72D4, 0x72DA, 0x72CC, 0x72D1, 0x73A4, 0x73A1, 0x73AD, 0x73A6, 0x73A2, 0x73A0
    dw 0x73AC, 0x739D, 0x74DD, 0x74E8, 0x753F, 0x7540, 0x753E, 0x758C, 0x7598, 0x76AF, 0x76F3, 0x76F1
    dw 0x76F0, 0x76F5, 0x77F8, 0x77FC, 0x77F9, 0x77FB, 0x77FA, 0x77F7, 0x7942, 0x793F, 0x79C5, 0x7A78
    dw 0x7A7B, 0x7AFB, 0x7C75, 0x7CFD, 0x8035, 0x808F, 0x80AE, 0x80A3, 0x80B8, 0x80B5, 0x80AD, 0x8220
    dw 0x82A0, 0x82C0, 0x82AB, 0x829A, 0x8298, 0x829B, 0x82B5, 0x82A7, 0x82AE, 0x82BC, 0x829E, 0x82BA
    dw 0x82B4, 0x82A8, 0x82A1, 0x82A9, 0x82C2, 0x82A4, 0x82C3, 0x82B6, 0x82A2, 0x8670, 0x866F, 0x866D
    dw 0x866E, 0x8C56, 0x8FD2, 0x8FCB, 0x8FD3, 0x8FCD, 0x8FD6, 0x8FD5, 0x8FD7, 0x90B2, 0x90B4, 0x90AF
    dw 0x90B3, 0x90B0, 0x9639, 0x963D, 0x963C, 0x963A, 0x9643, 0x4FCD, 0x4FC5, 0x4FD3, 0x4FB2, 0x4FC9
    dw 0x4FCB, 0x4FC1, 0x4FD4, 0x4FDC, 0x4FD9, 0x4FBB, 0x4FB3, 0x4FDB, 0x4FC7, 0x4FD6, 0x4FBA, 0x4FC0
    dw 0x4FB9, 0x4FEC, 0x5244, 0x5249, 0x52C0, 0x52C2, 0x533D, 0x537C, 0x5397, 0x5396, 0x5399, 0x5398
    dw 0x54BA, 0x54A1, 0x54AD, 0x54A5, 0x54CF, 0x54C3, 0x830D, 0x54B7, 0x54AE, 0x54D6, 0x54B6, 0x54C5
    dw 0x54C6, 0x54A0, 0x5470, 0x54BC, 0x54A2, 0x54BE, 0x5472, 0x54DE, 0x54B0, 0x57B5, 0x579E, 0x579F
    dw 0x57A4, 0x578C, 0x5797, 0x579D, 0x579B, 0x5794, 0x5798, 0x578F, 0x5799, 0x57A5, 0x579A, 0x5795
    dw 0x58F4, 0x590D, 0x5953, 0x59E1, 0x59DE, 0x59EE, 0x5A00, 0x59F1, 0x59DD, 0x59FA, 0x59FD, 0x59FC
    dw 0x59F6, 0x59E4, 0x59F2, 0x59F7, 0x59DB, 0x59E9, 0x59F3, 0x59F5, 0x59E0, 0x59FE, 0x59F4, 0x59ED
    dw 0x5BA8, 0x5C4C, 0x5CD0, 0x5CD8, 0x5CCC, 0x5CD7, 0x5CCB, 0x5CDB, 0x5CDE, 0x5CDA, 0x5CC9, 0x5CC7
    dw 0x5CCA, 0x5CD6, 0x5CD3, 0x5CD4, 0x5CCF, 0x5CC8, 0x5CC6, 0x5CCE, 0x5CDF, 0x5CF8, 0x5DF9, 0x5E21
    dw 0x5E22, 0x5E23, 0x5E20, 0x5E24, 0x5EB0, 0x5EA4, 0x5EA2, 0x5E9B, 0x5EA3, 0x5EA5, 0x5F07, 0x5F2E
    dw 0x5F56, 0x5F86, 0x6037, 0x6039, 0x6054, 0x6072, 0x605E, 0x6045, 0x6053, 0x6047, 0x6049, 0x605B
    dw 0x604C, 0x6040, 0x6042, 0x605F, 0x6024, 0x6044, 0x6058, 0x6066, 0x606E, 0x6242, 0x6243, 0x62CF
    dw 0x630D, 0x630B, 0x62F5, 0x630E, 0x6303, 0x62EB, 0x62F9, 0x630F, 0x630C, 0x62F8, 0x62F6, 0x6300
    dw 0x6313, 0x6314, 0x62FA, 0x6315, 0x62FB, 0x62F0, 0x6541, 0x6543, 0x65AA, 0x65BF, 0x6636, 0x6621
    dw 0x6632, 0x6635, 0x661C, 0x6626, 0x6622, 0x6633, 0x662B, 0x663A, 0x661D, 0x6634, 0x6639, 0x662E
    dw 0x670F, 0x6710, 0x67C1, 0x67F2, 0x67C8, 0x67BA, 0x67DC, 0x67BB, 0x67F8, 0x67D8, 0x67C0, 0x67B7
    dw 0x67C5, 0x67EB, 0x67E4, 0x67DF, 0x67B5, 0x67CD, 0x67B3, 0x67F7, 0x67F6, 0x67EE, 0x67E3, 0x67C2
    dw 0x67B9, 0x67CE, 0x67E7, 0x67F0, 0x67B2, 0x67FC, 0x67C6, 0x67ED, 0x67CC, 0x67AE, 0x67E6, 0x67DB
    dw 0x67FA, 0x67C9, 0x67CA, 0x67C3, 0x67EA, 0x67CB, 0x6B28, 0x6B82, 0x6B84, 0x6BB6, 0x6BD6, 0x6BD8
    dw 0x6BE0, 0x6C20, 0x6C21, 0x6D28, 0x6D34, 0x6D2D, 0x6D1F, 0x6D3C, 0x6D3F, 0x6D12, 0x6D0A, 0x6CDA
    dw 0x6D33, 0x6D04, 0x6D19, 0x6D3A, 0x6D1A, 0x6D11, 0x6D00, 0x6D1D, 0x6D42, 0x6D01, 0x6D18, 0x6D37
    dw 0x6D03, 0x6D0F, 0x6D40, 0x6D07, 0x6D20, 0x6D2C, 0x6D08, 0x6D22, 0x6D09, 0x6D10, 0x70B7, 0x709F
    dw 0x70BE, 0x70B1, 0x70B0, 0x70A1, 0x70B4, 0x70B5, 0x70A9, 0x7241, 0x7249, 0x724A, 0x726C, 0x7270
    dw 0x7273, 0x726E, 0x72CA, 0x72E4, 0x72E8, 0x72EB, 0x72DF, 0x72EA, 0x72E6, 0x72E3, 0x7385, 0x73CC
    dw 0x73C2, 0x73C8, 0x73C5, 0x73B9, 0x73B6, 0x73B5, 0x73B4, 0x73EB, 0x73BF, 0x73C7, 0x73BE, 0x73C3
    dw 0x73C6, 0x73B8, 0x73CB, 0x74EC, 0x74EE, 0x752E, 0x7547, 0x7548, 0x75A7, 0x75AA, 0x7679, 0x76C4
    dw 0x7708, 0x7703, 0x7704, 0x7705, 0x770A, 0x76F7, 0x76FB, 0x76FA, 0x77E7, 0x77E8, 0x7806, 0x7811
    dw 0x7812, 0x7805, 0x7810, 0x780F, 0x780E, 0x7809, 0x7803, 0x7813, 0x794A, 0x794C, 0x794B, 0x7945
    dw 0x7944, 0x79D5, 0x79CD, 0x79CF, 0x79D6, 0x79CE, 0x7A80, 0x7A7E, 0x7AD1, 0x7B00, 0x7B01, 0x7C7A
    dw 0x7C78, 0x7C79, 0x7C7F, 0x7C80, 0x7C81, 0x7D03, 0x7D08, 0x7D01, 0x7F58, 0x7F91, 0x7F8D, 0x7FBE
    dw 0x8007, 0x800E, 0x800F, 0x8014, 0x8037, 0x80D8, 0x80C7, 0x80E0, 0x80D1, 0x80C8, 0x80C2, 0x80D0
    dw 0x80C5, 0x80E3, 0x80D9, 0x80DC, 0x80CA, 0x80D5, 0x80C9, 0x80CF, 0x80D7, 0x80E6, 0x80CD, 0x81FF
    dw 0x8221, 0x8294, 0x82D9, 0x82FE, 0x82F9, 0x8307, 0x82E8, 0x8300, 0x82D5, 0x833A, 0x82EB, 0x82D6
    dw 0x82F4, 0x82EC, 0x82E1, 0x82F2, 0x82F5, 0x830C, 0x82FB, 0x82F6, 0x82F0, 0x82EA, 0x82E4, 0x82E0
    dw 0x82FA, 0x82F3, 0x82ED, 0x8677, 0x8674, 0x867C, 0x8673, 0x8841, 0x884E, 0x8867, 0x886A, 0x8869
    dw 0x89D3, 0x8A04, 0x8A07, 0x8D72, 0x8FE3, 0x8FE1, 0x8FEE, 0x8FE0, 0x90F1, 0x90BD, 0x90BF, 0x90D5
    dw 0x90C5, 0x90BE, 0x90C7, 0x90CB, 0x90C8, 0x91D4, 0x91D3, 0x9654, 0x964F, 0x9651, 0x9653, 0x964A
    dw 0x964E, 0x501E, 0x5005, 0x5007, 0x5013, 0x5022, 0x5030, 0x501B, 0x4FF5, 0x4FF4, 0x5033, 0x5037
    dw 0x502C, 0x4FF6, 0x4FF7, 0x5017, 0x501C, 0x5020, 0x5027, 0x5035, 0x502F, 0x5031, 0x500E, 0x515A
    dw 0x5194, 0x5193, 0x51CA, 0x51C4, 0x51C5, 0x51C8, 0x51CE, 0x5261, 0x525A, 0x5252, 0x525E, 0x525F
    dw 0x5255, 0x5262, 0x52CD, 0x530E, 0x539E, 0x5526, 0x54E2, 0x5517, 0x5512, 0x54E7, 0x54F3, 0x54E4
    dw 0x551A, 0x54FF, 0x5504, 0x5508, 0x54EB, 0x5511, 0x5505, 0x54F1, 0x550A, 0x54FB, 0x54F7, 0x54F8
    dw 0x54E0, 0x550E, 0x5503, 0x550B, 0x5701, 0x5702, 0x57CC, 0x5832, 0x57D5, 0x57D2, 0x57BA, 0x57C6
    dw 0x57BD, 0x57BC, 0x57B8, 0x57B6, 0x57BF, 0x57C7, 0x57D0, 0x57B9, 0x57C1, 0x590E, 0x594A, 0x5A19
    dw 0x5A16, 0x5A2D, 0x5A2E, 0x5A15, 0x5A0F, 0x5A17, 0x5A0A, 0x5A1E, 0x5A33, 0x5B6C, 0x5BA7, 0x5BAD
    dw 0x5BAC, 0x5C03, 0x5C56, 0x5C54, 0x5CEC, 0x5CFF, 0x5CEE, 0x5CF1, 0x5CF7, 0x5D00, 0x5CF9, 0x5E29
    dw 0x5E28, 0x5EA8, 0x5EAE, 0x5EAA, 0x5EAC, 0x5F33, 0x5F30, 0x5F67, 0x605D, 0x605A, 0x6067, 0x6041
    dw 0x60A2, 0x6088, 0x6080, 0x6092, 0x6081, 0x609D, 0x6083, 0x6095, 0x609B, 0x6097, 0x6087, 0x609C
    dw 0x608E, 0x6219, 0x6246, 0x62F2, 0x6310, 0x6356, 0x632C, 0x6344, 0x6345, 0x6336, 0x6343, 0x63E4
    dw 0x6339, 0x634B, 0x634A, 0x633C, 0x6329, 0x6341, 0x6334, 0x6358, 0x6354, 0x6359, 0x632D, 0x6347
    dw 0x6333, 0x635A, 0x6351, 0x6338, 0x6357, 0x6340, 0x6348, 0x654A, 0x6546, 0x65C6, 0x65C3, 0x65C4
    dw 0x65C2, 0x664A, 0x665F, 0x6647, 0x6651, 0x6712, 0x6713, 0x681F, 0x681A, 0x6849, 0x6832, 0x6833
    dw 0x683B, 0x684B, 0x684F, 0x6816, 0x6831, 0x681C, 0x6835, 0x682B, 0x682D, 0x682F, 0x684E, 0x6844
    dw 0x6834, 0x681D, 0x6812, 0x6814, 0x6826, 0x6828, 0x682E, 0x684D, 0x683A, 0x6825, 0x6820, 0x6B2C
    dw 0x6B2F, 0x6B2D, 0x6B31, 0x6B34, 0x6B6D, 0x8082, 0x6B88, 0x6BE6, 0x6BE4, 0x6BE8, 0x6BE3, 0x6BE2
    dw 0x6BE7, 0x6C25, 0x6D7A, 0x6D63, 0x6D64, 0x6D76, 0x6D0D, 0x6D61, 0x6D92, 0x6D58, 0x6D62, 0x6D6D
    dw 0x6D6F, 0x6D91, 0x6D8D, 0x6DEF, 0x6D7F, 0x6D86, 0x6D5E, 0x6D67, 0x6D60, 0x6D97, 0x6D70, 0x6D7C
    dw 0x6D5F, 0x6D82, 0x6D98, 0x6D2F, 0x6D68, 0x6D8B, 0x6D7E, 0x6D80, 0x6D84, 0x6D16, 0x6D83, 0x6D7B
    dw 0x6D7D, 0x6D75, 0x6D90, 0x70DC, 0x70D3, 0x70D1, 0x70DD, 0x70CB, 0x7F39, 0x70E2, 0x70D7, 0x70D2
    dw 0x70DE, 0x70E0, 0x70D4, 0x70CD, 0x70C5, 0x70C6, 0x70C7, 0x70DA, 0x70CE, 0x70E1, 0x7242, 0x7278
    dw 0x7277, 0x7276, 0x7300, 0x72FA, 0x72F4, 0x72FE, 0x72F6, 0x72F3, 0x72FB, 0x7301, 0x73D3, 0x73D9
    dw 0x73E5, 0x73D6, 0x73BC, 0x73E7, 0x73E3, 0x73E9, 0x73DC, 0x73D2, 0x73DB, 0x73D4, 0x73DD, 0x73DA
    dw 0x73D7, 0x73D8, 0x73E8, 0x74DE, 0x74DF, 0x74F4, 0x74F5, 0x7521, 0x755B, 0x755F, 0x75B0, 0x75C1
    dw 0x75BB, 0x75C4, 0x75C0, 0x75BF, 0x75B6, 0x75BA, 0x768A, 0x76C9, 0x771D, 0x771B, 0x7710, 0x7713
    dw 0x7712, 0x7723, 0x7711, 0x7715, 0x7719, 0x771A, 0x7722, 0x7727, 0x7823, 0x782C, 0x7822, 0x7835
    dw 0x782F, 0x7828, 0x782E, 0x782B, 0x7821, 0x7829, 0x7833, 0x782A, 0x7831, 0x7954, 0x795B, 0x794F
    dw 0x795C, 0x7953, 0x7952, 0x7951, 0x79EB, 0x79EC, 0x79E0, 0x79EE, 0x79ED, 0x79EA, 0x79DC, 0x79DE
    dw 0x79DD, 0x7A86, 0x7A89, 0x7A85, 0x7A8B, 0x7A8C, 0x7A8A, 0x7A87, 0x7AD8, 0x7B10, 0x7B04, 0x7B13
    dw 0x7B05, 0x7B0F, 0x7B08, 0x7B0A, 0x7B0E, 0x7B09, 0x7B12, 0x7C84, 0x7C91, 0x7C8A, 0x7C8C, 0x7C88
    dw 0x7C8D, 0x7C85, 0x7D1E, 0x7D1D, 0x7D11, 0x7D0E, 0x7D18, 0x7D16, 0x7D13, 0x7D1F, 0x7D12, 0x7D0F
    dw 0x7D0C, 0x7F5C, 0x7F61, 0x7F5E, 0x7F60, 0x7F5D, 0x7F5B, 0x7F96, 0x7F92, 0x7FC3, 0x7FC2, 0x7FC0
    dw 0x8016, 0x803E, 0x8039, 0x80FA, 0x80F2, 0x80F9, 0x80F5, 0x8101, 0x80FB, 0x8100, 0x8201, 0x822F
    dw 0x8225, 0x8333, 0x832D, 0x8344, 0x8319, 0x8351, 0x8325, 0x8356, 0x833F, 0x8341, 0x8326, 0x831C
    dw 0x8322, 0x8342, 0x834E, 0x831B, 0x832A, 0x8308, 0x833C, 0x834D, 0x8316, 0x8324, 0x8320, 0x8337
    dw 0x832F, 0x8329, 0x8347, 0x8345, 0x834C, 0x8353, 0x831E, 0x832C, 0x834B, 0x8327, 0x8348, 0x8653
    dw 0x8652, 0x86A2, 0x86A8, 0x8696, 0x868D, 0x8691, 0x869E, 0x8687, 0x8697, 0x8686, 0x868B, 0x869A
    dw 0x8685, 0x86A5, 0x8699, 0x86A1, 0x86A7, 0x8695, 0x8698, 0x868E, 0x869D, 0x8690, 0x8694, 0x8843
    dw 0x8844, 0x886D, 0x8875, 0x8876, 0x8872, 0x8880, 0x8871, 0x887F, 0x886F, 0x8883, 0x887E, 0x8874
    dw 0x887C, 0x8A12, 0x8C47, 0x8C57, 0x8C7B, 0x8CA4, 0x8CA3, 0x8D76, 0x8D78, 0x8DB5, 0x8DB7, 0x8DB6
    dw 0x8ED1, 0x8ED3, 0x8FFE, 0x8FF5, 0x9002, 0x8FFF, 0x8FFB, 0x9004, 0x8FFC, 0x8FF6, 0x90D6, 0x90E0
    dw 0x90D9, 0x90DA, 0x90E3, 0x90DF, 0x90E5, 0x90D8, 0x90DB, 0x90D7, 0x90DC, 0x90E4, 0x9150, 0x914E
    dw 0x914F, 0x91D5, 0x91E2, 0x91DA, 0x965C, 0x965F, 0x96BC, 0x98E3, 0x9ADF, 0x9B2F, 0x4E7F, 0x5070
    dw 0x506A, 0x5061, 0x505E, 0x5060, 0x5053, 0x504B, 0x505D, 0x5072, 0x5048, 0x504D, 0x5041, 0x505B
    dw 0x504A, 0x5062, 0x5015, 0x5045, 0x505F, 0x5069, 0x506B, 0x5063, 0x5064, 0x5046, 0x5040, 0x506E
    dw 0x5073, 0x5057, 0x5051, 0x51D0, 0x526B, 0x526D, 0x526C, 0x526E, 0x52D6, 0x52D3, 0x532D, 0x539C
    dw 0x5575, 0x5576, 0x553C, 0x554D, 0x5550, 0x5534, 0x552A, 0x5551, 0x5562, 0x5536, 0x5535, 0x5530
    dw 0x5552, 0x5545, 0x550C, 0x5532, 0x5565, 0x554E, 0x5539, 0x5548, 0x552D, 0x553B, 0x5540, 0x554B
    dw 0x570A, 0x5707, 0x57FB, 0x5814, 0x57E2, 0x57F6, 0x57DC, 0x57F4, 0x5800, 0x57ED, 0x57FD, 0x5808
    dw 0x57F8, 0x580B, 0x57F3, 0x57CF, 0x5807, 0x57EE, 0x57E3, 0x57F2, 0x57E5, 0x57EC, 0x57E1, 0x580E
    dw 0x57FC, 0x5810, 0x57E7, 0x5801, 0x580C, 0x57F1, 0x57E9, 0x57F0, 0x580D, 0x5804, 0x595C, 0x5A60
    dw 0x5A58, 0x5A55, 0x5A67, 0x5A5E, 0x5A38, 0x5A35, 0x5A6D, 0x5A50, 0x5A5F, 0x5A65, 0x5A6C, 0x5A53
    dw 0x5A64, 0x5A57, 0x5A43, 0x5A5D, 0x5A52, 0x5A44, 0x5A5B, 0x5A48, 0x5A8E, 0x5A3E, 0x5A4D, 0x5A39
    dw 0x5A4C, 0x5A70, 0x5A69, 0x5A47, 0x5A51, 0x5A56, 0x5A42, 0x5A5C, 0x5B72, 0x5B6E, 0x5BC1, 0x5BC0
    dw 0x5C59, 0x5D1E, 0x5D0B, 0x5D1D, 0x5D1A, 0x5D20, 0x5D0C, 0x5D28, 0x5D0D, 0x5D26, 0x5D25, 0x5D0F
    dw 0x5D30, 0x5D12, 0x5D23, 0x5D1F, 0x5D2E, 0x5E3E, 0x5E34, 0x5EB1, 0x5EB4, 0x5EB9, 0x5EB2, 0x5EB3
    dw 0x5F36, 0x5F38, 0x5F9B, 0x5F96, 0x5F9F, 0x608A, 0x6090, 0x6086, 0x60BE, 0x60B0, 0x60BA, 0x60D3
    dw 0x60D4, 0x60CF, 0x60E4, 0x60D9, 0x60DD, 0x60C8, 0x60B1, 0x60DB, 0x60B7, 0x60CA, 0x60BF, 0x60C3
    dw 0x60CD, 0x60C0, 0x6332, 0x6365, 0x638A, 0x6382, 0x637D, 0x63BD, 0x639E, 0x63AD, 0x639D, 0x6397
    dw 0x63AB, 0x638E, 0x636F, 0x6387, 0x6390, 0x636E, 0x63AF, 0x6375, 0x639C, 0x636D, 0x63AE, 0x637C
    dw 0x63A4, 0x633B, 0x639F, 0x6378, 0x6385, 0x6381, 0x6391, 0x638D, 0x6370, 0x6553, 0x65CD, 0x6665
    dw 0x6661, 0x665B, 0x6659, 0x665C, 0x6662, 0x6718, 0x6879, 0x6887, 0x6890, 0x689C, 0x686D, 0x686E
    dw 0x68AE, 0x68AB, 0x6956, 0x686F, 0x68A3, 0x68AC, 0x68A9, 0x6875, 0x6874, 0x68B2, 0x688F, 0x6877
    dw 0x6892, 0x687C, 0x686B, 0x6872, 0x68AA, 0x6880, 0x6871, 0x687E, 0x689B, 0x6896, 0x688B, 0x68A0
    dw 0x6889, 0x68A4, 0x6878, 0x687B, 0x6891, 0x688C, 0x688A, 0x687D, 0x6B36, 0x6B33, 0x6B37, 0x6B38
    dw 0x6B91, 0x6B8F, 0x6B8D, 0x6B8E, 0x6B8C, 0x6C2A, 0x6DC0, 0x6DAB, 0x6DB4, 0x6DB3, 0x6E74, 0x6DAC
    dw 0x6DE9, 0x6DE2, 0x6DB7, 0x6DF6, 0x6DD4, 0x6E00, 0x6DC8, 0x6DE0, 0x6DDF, 0x6DD6, 0x6DBE, 0x6DE5
    dw 0x6DDC, 0x6DDD, 0x6DDB, 0x6DF4, 0x6DCA, 0x6DBD, 0x6DED, 0x6DF0, 0x6DBA, 0x6DD5, 0x6DC2, 0x6DCF
    dw 0x6DC9, 0x6DD0, 0x6DF2, 0x6DD3, 0x6DFD, 0x6DD7, 0x6DCD, 0x6DE3, 0x6DBB, 0x70FA, 0x710D, 0x70F7
    dw 0x7117, 0x70F4, 0x710C, 0x70F0, 0x7104, 0x70F3, 0x7110, 0x70FC, 0x70FF, 0x7106, 0x7113, 0x7100
    dw 0x70F8, 0x70F6, 0x710B, 0x7102, 0x710E, 0x727E, 0x727B, 0x727C, 0x727F, 0x731D, 0x7317, 0x7307
    dw 0x7311, 0x7318, 0x730A, 0x7308, 0x72FF, 0x730F, 0x731E, 0x7388, 0x73F6, 0x73F8, 0x73F5, 0x7404
    dw 0x7401, 0x73FD, 0x7407, 0x7400, 0x73FA, 0x73FC, 0x73FF, 0x740C, 0x740B, 0x73F4, 0x7408, 0x7564
    dw 0x7563, 0x75CE, 0x75D2, 0x75CF, 0x75CB, 0x75CC, 0x75D1, 0x75D0, 0x768F, 0x7689, 0x76D3, 0x7739
    dw 0x772F, 0x772D, 0x7731, 0x7732, 0x7734, 0x7733, 0x773D, 0x7725, 0x773B, 0x7735, 0x7848, 0x7852
    dw 0x7849, 0x784D, 0x784A, 0x784C, 0x7826, 0x7845, 0x7850, 0x7964, 0x7967, 0x7969, 0x796A, 0x7963
    dw 0x796B, 0x7961, 0x79BB, 0x79FA, 0x79F8, 0x79F6, 0x79F7, 0x7A8F, 0x7A94, 0x7A90, 0x7B35, 0x7B47
    dw 0x7B34, 0x7B25, 0x7B30, 0x7B22, 0x7B24, 0x7B33, 0x7B18, 0x7B2A, 0x7B1D, 0x7B31, 0x7B2B, 0x7B2D
    dw 0x7B2F, 0x7B32, 0x7B38, 0x7B1A, 0x7B23, 0x7C94, 0x7C98, 0x7C96, 0x7CA3, 0x7D35, 0x7D3D, 0x7D38
    dw 0x7D36, 0x7D3A, 0x7D45, 0x7D2C, 0x7D29, 0x7D41, 0x7D47, 0x7D3E, 0x7D3F, 0x7D4A, 0x7D3B, 0x7D28
    dw 0x7F63, 0x7F95, 0x7F9C, 0x7F9D, 0x7F9B, 0x7FCA, 0x7FCB, 0x7FCD, 0x7FD0, 0x7FD1, 0x7FC7, 0x7FCF
    dw 0x7FC9, 0x801F, 0x801E, 0x801B, 0x8047, 0x8043, 0x8048, 0x8118, 0x8125, 0x8119, 0x811B, 0x812D
    dw 0x811F, 0x812C, 0x811E, 0x8121, 0x8115, 0x8127, 0x811D, 0x8122, 0x8211, 0x8238, 0x8233, 0x823A
    dw 0x8234, 0x8232, 0x8274, 0x8390, 0x83A3, 0x83A8, 0x838D, 0x837A, 0x8373, 0x83A4, 0x8374, 0x838F
    dw 0x8381, 0x8395, 0x8399, 0x8375, 0x8394, 0x83A9, 0x837D, 0x8383, 0x838C, 0x839D, 0x839B, 0x83AA
    dw 0x838B, 0x837E, 0x83A5, 0x83AF, 0x8388, 0x8397, 0x83B0, 0x837F, 0x83A6, 0x8387, 0x83AE, 0x8376
    dw 0x839A, 0x8659, 0x8656, 0x86BF, 0x86B7, 0x86C2, 0x86C1, 0x86C5, 0x86BA, 0x86B0, 0x86C8, 0x86B9
    dw 0x86B3, 0x86B8, 0x86CC, 0x86B4, 0x86BB, 0x86BC, 0x86C3, 0x86BD, 0x86BE, 0x8852, 0x8889, 0x8895
    dw 0x88A8, 0x88A2, 0x88AA, 0x889A, 0x8891, 0x88A1, 0x889F, 0x8898, 0x88A7, 0x8899, 0x889B, 0x8897
    dw 0x88A4, 0x88AC, 0x888C, 0x8893, 0x888E, 0x8982, 0x89D6, 0x89D9, 0x89D5, 0x8A30, 0x8A27, 0x8A2C
    dw 0x8A1E, 0x8C39, 0x8C3B, 0x8C5C, 0x8C5D, 0x8C7D, 0x8CA5, 0x8D7D, 0x8D7B, 0x8D79, 0x8DBC, 0x8DC2
    dw 0x8DB9, 0x8DBF, 0x8DC1, 0x8ED8, 0x8EDE, 0x8EDD, 0x8EDC, 0x8ED7, 0x8EE0, 0x8EE1, 0x9024, 0x900B
    dw 0x9011, 0x901C, 0x900C, 0x9021, 0x90EF, 0x90EA, 0x90F0, 0x90F4, 0x90F2, 0x90F3, 0x90D4, 0x90EB
    dw 0x90EC, 0x90E9, 0x9156, 0x9158, 0x915A, 0x9153, 0x9155, 0x91EC, 0x91F4, 0x91F1, 0x91F3, 0x91F8
    dw 0x91E4, 0x91F9, 0x91EA, 0x91EB, 0x91F7, 0x91E8, 0x91EE, 0x957A, 0x9586, 0x9588, 0x967C, 0x966D
    dw 0x966B, 0x9671, 0x966F, 0x96BF, 0x976A, 0x9804, 0x98E5, 0x9997, 0x509B, 0x5095, 0x5094, 0x509E
    dw 0x508B, 0x50A3, 0x5083, 0x508C, 0x508E, 0x509D, 0x5068, 0x509C, 0x5092, 0x5082, 0x5087, 0x515F
    dw 0x51D4, 0x5312, 0x5311, 0x53A4, 0x53A7, 0x5591, 0x55A8, 0x55A5, 0x55AD, 0x5577, 0x5645, 0x55A2
    dw 0x5593, 0x5588, 0x558F, 0x55B5, 0x5581, 0x55A3, 0x5592, 0x55A4, 0x557D, 0x558C, 0x55A6, 0x557F
    dw 0x5595, 0x55A1, 0x558E, 0x570C, 0x5829, 0x5837, 0x5819, 0x581E, 0x5827, 0x5823, 0x5828, 0x57F5
    dw 0x5848, 0x5825, 0x581C, 0x581B, 0x5833, 0x583F, 0x5836, 0x582E, 0x5839, 0x5838, 0x582D, 0x582C
    dw 0x583B, 0x5961, 0x5AAF, 0x5A94, 0x5A9F, 0x5A7A, 0x5AA2, 0x5A9E, 0x5A78, 0x5AA6, 0x5A7C, 0x5AA5
    dw 0x5AAC, 0x5A95, 0x5AAE, 0x5A37, 0x5A84, 0x5A8A, 0x5A97, 0x5A83, 0x5A8B, 0x5AA9, 0x5A7B, 0x5A7D
    dw 0x5A8C, 0x5A9C, 0x5A8F, 0x5A93, 0x5A9D, 0x5BEA, 0x5BCD, 0x5BCB, 0x5BD4, 0x5BD1, 0x5BCA, 0x5BCE
    dw 0x5C0C, 0x5C30, 0x5D37, 0x5D43, 0x5D6B, 0x5D41, 0x5D4B, 0x5D3F, 0x5D35, 0x5D51, 0x5D4E, 0x5D55
    dw 0x5D33, 0x5D3A, 0x5D52, 0x5D3D, 0x5D31, 0x5D59, 0x5D42, 0x5D39, 0x5D49, 0x5D38, 0x5D3C, 0x5D32
    dw 0x5D36, 0x5D40, 0x5D45, 0x5E44, 0x5E41, 0x5F58, 0x5FA6, 0x5FA5, 0x5FAB, 0x60C9, 0x60B9, 0x60CC
    dw 0x60E2, 0x60CE, 0x60C4, 0x6114, 0x60F2, 0x610A, 0x6116, 0x6105, 0x60F5, 0x6113, 0x60F8, 0x60FC
    dw 0x60FE, 0x60C1, 0x6103, 0x6118, 0x611D, 0x6110, 0x60FF, 0x6104, 0x610B, 0x624A, 0x6394, 0x63B1
    dw 0x63B0, 0x63CE, 0x63E5, 0x63E8, 0x63EF, 0x63C3, 0x649D, 0x63F3, 0x63CA, 0x63E0, 0x63F6, 0x63D5
    dw 0x63F2, 0x63F5, 0x6461, 0x63DF, 0x63BE, 0x63DD, 0x63DC, 0x63C4, 0x63D8, 0x63D3, 0x63C2, 0x63C7
    dw 0x63CC, 0x63CB, 0x63C8, 0x63F0, 0x63D7, 0x63D9, 0x6532, 0x6567, 0x656A, 0x6564, 0x655C, 0x6568
    dw 0x6565, 0x658C, 0x659D, 0x659E, 0x65AE, 0x65D0, 0x65D2, 0x667C, 0x666C, 0x667B, 0x6680, 0x6671
    dw 0x6679, 0x666A, 0x6672, 0x6701, 0x690C, 0x68D3, 0x6904, 0x68DC, 0x692A, 0x68EC, 0x68EA, 0x68F1
    dw 0x690F, 0x68D6, 0x68F7, 0x68EB, 0x68E4, 0x68F6, 0x6913, 0x6910, 0x68F3, 0x68E1, 0x6907, 0x68CC
    dw 0x6908, 0x6970, 0x68B4, 0x6911, 0x68EF, 0x68C6, 0x6914, 0x68F8, 0x68D0, 0x68FD, 0x68FC, 0x68E8
    dw 0x690B, 0x690A, 0x6917, 0x68CE, 0x68C8, 0x68DD, 0x68DE, 0x68E6, 0x68F4, 0x68D1, 0x6906, 0x68D4
    dw 0x68E9, 0x6915, 0x6925, 0x68C7, 0x6B39, 0x6B3B, 0x6B3F, 0x6B3C, 0x6B94, 0x6B97, 0x6B99, 0x6B95
    dw 0x6BBD, 0x6BF0, 0x6BF2, 0x6BF3, 0x6C30, 0x6DFC, 0x6E46, 0x6E47, 0x6E1F, 0x6E49, 0x6E88, 0x6E3C
    dw 0x6E3D, 0x6E45, 0x6E62, 0x6E2B, 0x6E3F, 0x6E41, 0x6E5D, 0x6E73, 0x6E1C, 0x6E33, 0x6E4B, 0x6E40
    dw 0x6E51, 0x6E3B, 0x6E03, 0x6E2E, 0x6E5E, 0x6E68, 0x6E5C, 0x6E61, 0x6E31, 0x6E28, 0x6E60, 0x6E71
    dw 0x6E6B, 0x6E39, 0x6E22, 0x6E30, 0x6E53, 0x6E65, 0x6E27, 0x6E78, 0x6E64, 0x6E77, 0x6E55, 0x6E79
    dw 0x6E52, 0x6E66, 0x6E35, 0x6E36, 0x6E5A, 0x7120, 0x711E, 0x712F, 0x70FB, 0x712E, 0x7131, 0x7123
    dw 0x7125, 0x7122, 0x7132, 0x711F, 0x7128, 0x713A, 0x711B, 0x724B, 0x725A, 0x7288, 0x7289, 0x7286
    dw 0x7285, 0x728B, 0x7312, 0x730B, 0x7330, 0x7322, 0x7331, 0x7333, 0x7327, 0x7332, 0x732D, 0x7326
    dw 0x7323, 0x7335, 0x730C, 0x742E, 0x742C, 0x7430, 0x742B, 0x7416, 0x741A, 0x7421, 0x742D, 0x7431
    dw 0x7424, 0x7423, 0x741D, 0x7429, 0x7420, 0x7432, 0x74FB, 0x752F, 0x756F, 0x756C, 0x75E7, 0x75DA
    dw 0x75E1, 0x75E6, 0x75DD, 0x75DF, 0x75E4, 0x75D7, 0x7695, 0x7692, 0x76DA, 0x7746, 0x7747, 0x7744
    dw 0x774D, 0x7745, 0x774A, 0x774E, 0x774B, 0x774C, 0x77DE, 0x77EC, 0x7860, 0x7864, 0x7865, 0x785C
    dw 0x786D, 0x7871, 0x786A, 0x786E, 0x7870, 0x7869, 0x7868, 0x785E, 0x7862, 0x7974, 0x7973, 0x7972
    dw 0x7970, 0x7A02, 0x7A0A, 0x7A03, 0x7A0C, 0x7A04, 0x7A99, 0x7AE6, 0x7AE4, 0x7B4A, 0x7B3B, 0x7B44
    dw 0x7B48, 0x7B4C, 0x7B4E, 0x7B40, 0x7B58, 0x7B45, 0x7CA2, 0x7C9E, 0x7CA8, 0x7CA1, 0x7D58, 0x7D6F
    dw 0x7D63, 0x7D53, 0x7D56, 0x7D67, 0x7D6A, 0x7D4F, 0x7D6D, 0x7D5C, 0x7D6B, 0x7D52, 0x7D54, 0x7D69
    dw 0x7D51, 0x7D5F, 0x7D4E, 0x7F3E, 0x7F3F, 0x7F65, 0x7F66, 0x7FA2, 0x7FA0, 0x7FA1, 0x7FD7, 0x8051
    dw 0x804F, 0x8050, 0x80FE, 0x80D4, 0x8143, 0x814A, 0x8152, 0x814F, 0x8147, 0x813D, 0x814D, 0x813A
    dw 0x81E6, 0x81EE, 0x81F7, 0x81F8, 0x81F9, 0x8204, 0x823C, 0x823D, 0x823F, 0x8275, 0x833B, 0x83CF
    dw 0x83F9, 0x8423, 0x83C0, 0x83E8, 0x8412, 0x83E7, 0x83E4, 0x83FC, 0x83F6, 0x8410, 0x83C6, 0x83C8
    dw 0x83EB, 0x83E3, 0x83BF, 0x8401, 0x83DD, 0x83E5, 0x83D8, 0x83FF, 0x83E1, 0x83CB, 0x83CE, 0x83D6
    dw 0x83F5, 0x83C9, 0x8409, 0x840F, 0x83DE, 0x8411, 0x8406, 0x83C2, 0x83F3, 0x83D5, 0x83FA, 0x83C7
    dw 0x83D1, 0x83EA, 0x8413, 0x83C3, 0x83EC, 0x83EE, 0x83C4, 0x83FB, 0x83D7, 0x83E2, 0x841B, 0x83DB
    dw 0x83FE, 0x86D8, 0x86E2, 0x86E6, 0x86D3, 0x86E3, 0x86DA, 0x86EA, 0x86DD, 0x86EB, 0x86DC, 0x86EC
    dw 0x86E9, 0x86D7, 0x86E8, 0x86D1, 0x8848, 0x8856, 0x8855, 0x88BA, 0x88D7, 0x88B9, 0x88B8, 0x88C0
    dw 0x88BE, 0x88B6, 0x88BC, 0x88B7, 0x88BD, 0x88B2, 0x8901, 0x88C9, 0x8995, 0x8998, 0x8997, 0x89DD
    dw 0x89DA, 0x89DB, 0x8A4E, 0x8A4D, 0x8A39, 0x8A59, 0x8A40, 0x8A57, 0x8A58, 0x8A44, 0x8A45, 0x8A52
    dw 0x8A48, 0x8A51, 0x8A4A, 0x8A4C, 0x8A4F, 0x8C5F, 0x8C81, 0x8C80, 0x8CBA, 0x8CBE, 0x8CB0, 0x8CB9
    dw 0x8CB5, 0x8D84, 0x8D80, 0x8D89, 0x8DD8, 0x8DD3, 0x8DCD, 0x8DC7, 0x8DD6, 0x8DDC, 0x8DCF, 0x8DD5
    dw 0x8DD9, 0x8DC8, 0x8DD7, 0x8DC5, 0x8EEF, 0x8EF7, 0x8EFA, 0x8EF9, 0x8EE6, 0x8EEE, 0x8EE5, 0x8EF5
    dw 0x8EE7, 0x8EE8, 0x8EF6, 0x8EEB, 0x8EF1, 0x8EEC, 0x8EF4, 0x8EE9, 0x902D, 0x9034, 0x902F, 0x9106
    dw 0x912C, 0x9104, 0x90FF, 0x90FC, 0x9108, 0x90F9, 0x90FB, 0x9101, 0x9100, 0x9107, 0x9105, 0x9103
    dw 0x9161, 0x9164, 0x915F, 0x9162, 0x9160, 0x9201, 0x920A, 0x9225, 0x9203, 0x921A, 0x9226, 0x920F
    dw 0x920C, 0x9200, 0x9212, 0x91FF, 0x91FD, 0x9206, 0x9204, 0x9227, 0x9202, 0x921C, 0x9224, 0x9219
    dw 0x9217, 0x9205, 0x9216, 0x957B, 0x958D, 0x958C, 0x9590, 0x9687, 0x967E, 0x9688, 0x9689, 0x9683
    dw 0x9680, 0x96C2, 0x96C8, 0x96C3, 0x96F1, 0x96F0, 0x976C, 0x9770, 0x976E, 0x9807, 0x98A9, 0x98EB
    dw 0x9CE6, 0x9EF9, 0x4E83, 0x4E84, 0x4EB6, 0x50BD, 0x50BF, 0x50C6, 0x50AE, 0x50C4, 0x50CA, 0x50B4
    dw 0x50C8, 0x50C2, 0x50B0, 0x50C1, 0x50BA, 0x50B1, 0x50CB, 0x50C9, 0x50B6, 0x50B8, 0x51D7, 0x527A
    dw 0x5278, 0x527B, 0x527C, 0x55C3, 0x55DB, 0x55CC, 0x55D0, 0x55CB, 0x55CA, 0x55DD, 0x55C0, 0x55D4
    dw 0x55C4, 0x55E9, 0x55BF, 0x55D2, 0x558D, 0x55CF, 0x55D5, 0x55E2, 0x55D6, 0x55C8, 0x55F2, 0x55CD
    dw 0x55D9, 0x55C2, 0x5714, 0x5853, 0x5868, 0x5864, 0x584F, 0x584D, 0x5849, 0x586F, 0x5855, 0x584E
    dw 0x585D, 0x5859, 0x5865, 0x585B, 0x583D, 0x5863, 0x5871, 0x58FC, 0x5AC7, 0x5AC4, 0x5ACB, 0x5ABA
    dw 0x5AB8, 0x5AB1, 0x5AB5, 0x5AB0, 0x5ABF, 0x5AC8, 0x5ABB, 0x5AC6, 0x5AB7, 0x5AC0, 0x5ACA, 0x5AB4
    dw 0x5AB6, 0x5ACD, 0x5AB9, 0x5A90, 0x5BD6, 0x5BD8, 0x5BD9, 0x5C1F, 0x5C33, 0x5D71, 0x5D63, 0x5D4A
    dw 0x5D65, 0x5D72, 0x5D6C, 0x5D5E, 0x5D68, 0x5D67, 0x5D62, 0x5DF0, 0x5E4F, 0x5E4E, 0x5E4A, 0x5E4D
    dw 0x5E4B, 0x5EC5, 0x5ECC, 0x5EC6, 0x5ECB, 0x5EC7, 0x5F40, 0x5FAF, 0x5FAD, 0x60F7, 0x6149, 0x614A
    dw 0x612B, 0x6145, 0x6136, 0x6132, 0x612E, 0x6146, 0x612F, 0x614F, 0x6129, 0x6140, 0x6220, 0x9168
    dw 0x6223, 0x6225, 0x6224, 0x63C5, 0x63F1, 0x63EB, 0x6410, 0x6412, 0x6409, 0x6420, 0x6424, 0x6433
    dw 0x6443, 0x641F, 0x6415, 0x6418, 0x6439, 0x6437, 0x6422, 0x6423, 0x640C, 0x6426, 0x6430, 0x6428
    dw 0x6441, 0x6435, 0x642F, 0x640A, 0x641A, 0x6440, 0x6425, 0x6427, 0x640B, 0x63E7, 0x641B, 0x642E
    dw 0x6421, 0x640E, 0x656F, 0x6592, 0x65D3, 0x6686, 0x668C, 0x6695, 0x6690, 0x668B, 0x668A, 0x6699
    dw 0x6694, 0x6678, 0x6720, 0x6966, 0x695F, 0x6938, 0x694E, 0x6962, 0x6971, 0x693F, 0x6945, 0x696A
    dw 0x6939, 0x6942, 0x6957, 0x6959, 0x697A, 0x6948, 0x6949, 0x6935, 0x696C, 0x6933, 0x693D, 0x6965
    dw 0x68F0, 0x6978, 0x6934, 0x6969, 0x6940, 0x696F, 0x6944, 0x6976, 0x6958, 0x6941, 0x6974, 0x694C
    dw 0x693B, 0x694B, 0x6937, 0x695C, 0x694F, 0x6951, 0x6932, 0x6952, 0x692F, 0x697B, 0x693C, 0x6B46
    dw 0x6B45, 0x6B43, 0x6B42, 0x6B48, 0x6B41, 0x6B9B, 0xFA0D, 0x6BFB, 0x6BFC, 0x6BF9, 0x6BF7, 0x6BF8
    dw 0x6E9B, 0x6ED6, 0x6EC8, 0x6E8F, 0x6EC0, 0x6E9F, 0x6E93, 0x6E94, 0x6EA0, 0x6EB1, 0x6EB9, 0x6EC6
    dw 0x6ED2, 0x6EBD, 0x6EC1, 0x6E9E, 0x6EC9, 0x6EB7, 0x6EB0, 0x6ECD, 0x6EA6, 0x6ECF, 0x6EB2, 0x6EBE
    dw 0x6EC3, 0x6EDC, 0x6ED8, 0x6E99, 0x6E92, 0x6E8E, 0x6E8D, 0x6EA4, 0x6EA1, 0x6EBF, 0x6EB3, 0x6ED0
    dw 0x6ECA, 0x6E97, 0x6EAE, 0x6EA3, 0x7147, 0x7154, 0x7152, 0x7163, 0x7160, 0x7141, 0x715D, 0x7162
    dw 0x7172, 0x7178, 0x716A, 0x7161, 0x7142, 0x7158, 0x7143, 0x714B, 0x7170, 0x715F, 0x7150, 0x7153
    dw 0x7144, 0x714D, 0x715A, 0x724F, 0x728D, 0x728C, 0x7291, 0x7290, 0x728E, 0x733C, 0x7342, 0x733B
    dw 0x733A, 0x7340, 0x734A, 0x7349, 0x7444, 0x744A, 0x744B, 0x7452, 0x7451, 0x7457, 0x7440, 0x744F
    dw 0x7450, 0x744E, 0x7442, 0x7446, 0x744D, 0x7454, 0x74E1, 0x74FF, 0x74FE, 0x74FD, 0x751D, 0x7579
    dw 0x7577, 0x6983, 0x75EF, 0x760F, 0x7603, 0x75F7, 0x75FE, 0x75FC, 0x75F9, 0x75F8, 0x7610, 0x75FB
    dw 0x75F6, 0x75ED, 0x75F5, 0x75FD, 0x7699, 0x76B5, 0x76DD, 0x7755, 0x775F, 0x7760, 0x7752, 0x7756
    dw 0x775A, 0x7769, 0x7767, 0x7754, 0x7759, 0x776D, 0x77E0, 0x7887, 0x789A, 0x7894, 0x788F, 0x7884
    dw 0x7895, 0x7885, 0x7886, 0x78A1, 0x7883, 0x7879, 0x7899, 0x7880, 0x7896, 0x787B, 0x797C, 0x7982
    dw 0x797D, 0x7979, 0x7A11, 0x7A18, 0x7A19, 0x7A12, 0x7A17, 0x7A15, 0x7A22, 0x7A13, 0x7A1B, 0x7A10
    dw 0x7AA3, 0x7AA2, 0x7A9E, 0x7AEB, 0x7B66, 0x7B64, 0x7B6D, 0x7B74, 0x7B69, 0x7B72, 0x7B65, 0x7B73
    dw 0x7B71, 0x7B70, 0x7B61, 0x7B78, 0x7B76, 0x7B63, 0x7CB2, 0x7CB4, 0x7CAF, 0x7D88, 0x7D86, 0x7D80
    dw 0x7D8D, 0x7D7F, 0x7D85, 0x7D7A, 0x7D8E, 0x7D7B, 0x7D83, 0x7D7C, 0x7D8C, 0x7D94, 0x7D84, 0x7D7D
    dw 0x7D92, 0x7F6D, 0x7F6B, 0x7F67, 0x7F68, 0x7F6C, 0x7FA6, 0x7FA5, 0x7FA7, 0x7FDB, 0x7FDC, 0x8021
    dw 0x8164, 0x8160, 0x8177, 0x815C, 0x8169, 0x815B, 0x8162, 0x8172, 0x6721, 0x815E, 0x8176, 0x8167
    dw 0x816F, 0x8144, 0x8161, 0x821D, 0x8249, 0x8244, 0x8240, 0x8242, 0x8245, 0x84F1, 0x843F, 0x8456
    dw 0x8476, 0x8479, 0x848F, 0x848D, 0x8465, 0x8451, 0x8440, 0x8486, 0x8467, 0x8430, 0x844D, 0x847D
    dw 0x845A, 0x8459, 0x8474, 0x8473, 0x845D, 0x8507, 0x845E, 0x8437, 0x843A, 0x8434, 0x847A, 0x8443
    dw 0x8478, 0x8432, 0x8445, 0x8429, 0x83D9, 0x844B, 0x842F, 0x8442, 0x842D, 0x845F, 0x8470, 0x8439
    dw 0x844E, 0x844C, 0x8452, 0x846F, 0x84C5, 0x848E, 0x843B, 0x8447, 0x8436, 0x8433, 0x8468, 0x847E
    dw 0x8444, 0x842B, 0x8460, 0x8454, 0x846E, 0x8450, 0x870B, 0x8704, 0x86F7, 0x870C, 0x86FA, 0x86D6
    dw 0x86F5, 0x874D, 0x86F8, 0x870E, 0x8709, 0x8701, 0x86F6, 0x870D, 0x8705, 0x88D6, 0x88CB, 0x88CD
    dw 0x88CE, 0x88DE, 0x88DB, 0x88DA, 0x88CC, 0x88D0, 0x8985, 0x899B, 0x89DF, 0x89E5, 0x89E4, 0x89E1
    dw 0x89E0, 0x89E2, 0x89DC, 0x89E6, 0x8A76, 0x8A86, 0x8A7F, 0x8A61, 0x8A3F, 0x8A77, 0x8A82, 0x8A84
    dw 0x8A75, 0x8A83, 0x8A81, 0x8A74, 0x8A7A, 0x8C3C, 0x8C4B, 0x8C4A, 0x8C65, 0x8C64, 0x8C66, 0x8C86
    dw 0x8C84, 0x8C85, 0x8CCC, 0x8D68, 0x8D69, 0x8D91, 0x8D8C, 0x8D8E, 0x8D8F, 0x8D8D, 0x8D93, 0x8D94
    dw 0x8D90, 0x8D92, 0x8DF0, 0x8DE0, 0x8DEC, 0x8DF1, 0x8DEE, 0x8DD0, 0x8DE9, 0x8DE3, 0x8DE2, 0x8DE7
    dw 0x8DF2, 0x8DEB, 0x8DF4, 0x8F06, 0x8EFF, 0x8F01, 0x8F00, 0x8F05, 0x8F07, 0x8F08, 0x8F02, 0x8F0B
    dw 0x9052, 0x903F, 0x9044, 0x9049, 0x903D, 0x9110, 0x910D, 0x910F, 0x9111, 0x9116, 0x9114, 0x910B
    dw 0x910E, 0x916E, 0x916F, 0x9248, 0x9252, 0x9230, 0x923A, 0x9266, 0x9233, 0x9265, 0x925E, 0x9283
    dw 0x922E, 0x924A, 0x9246, 0x926D, 0x926C, 0x924F, 0x9260, 0x9267, 0x926F, 0x9236, 0x9261, 0x9270
    dw 0x9231, 0x9254, 0x9263, 0x9250, 0x9272, 0x924E, 0x9253, 0x924C, 0x9256, 0x9232, 0x959F, 0x959C
    dw 0x959E, 0x959B, 0x9692, 0x9693, 0x9691, 0x9697, 0x96CE, 0x96FA, 0x96FD, 0x96F8, 0x96F5, 0x9773
    dw 0x9777, 0x9778, 0x9772, 0x980F, 0x980D, 0x980E, 0x98AC, 0x98F6, 0x98F9, 0x99AF, 0x99B2, 0x99B0
    dw 0x99B5, 0x9AAD, 0x9AAB, 0x9B5B, 0x9CEA, 0x9CED, 0x9CE7, 0x9E80, 0x9EFD, 0x50E6, 0x50D4, 0x50D7
    dw 0x50E8, 0x50F3, 0x50DB, 0x50EA, 0x50DD, 0x50E4, 0x50D3, 0x50EC, 0x50F0, 0x50EF, 0x50E3, 0x50E0
    dw 0x51D8, 0x5280, 0x5281, 0x52E9, 0x52EB, 0x5330, 0x53AC, 0x5627, 0x5615, 0x560C, 0x5612, 0x55FC
    dw 0x560F, 0x561C, 0x5601, 0x5613, 0x5602, 0x55FA, 0x561D, 0x5604, 0x55FF, 0x55F9, 0x5889, 0x587C
    dw 0x5890, 0x5898, 0x5886, 0x5881, 0x587F, 0x5874, 0x588B, 0x587A, 0x5887, 0x5891, 0x588E, 0x5876
    dw 0x5882, 0x5888, 0x587B, 0x5894, 0x588F, 0x58FE, 0x596B, 0x5ADC, 0x5AEE, 0x5AE5, 0x5AD5, 0x5AEA
    dw 0x5ADA, 0x5AED, 0x5AEB, 0x5AF3, 0x5AE2, 0x5AE0, 0x5ADB, 0x5AEC, 0x5ADE, 0x5ADD, 0x5AD9, 0x5AE8
    dw 0x5ADF, 0x5B77, 0x5BE0, 0x5BE3, 0x5C63, 0x5D82, 0x5D80, 0x5D7D, 0x5D86, 0x5D7A, 0x5D81, 0x5D77
    dw 0x5D8A, 0x5D89, 0x5D88, 0x5D7E, 0x5D7C, 0x5D8D, 0x5D79, 0x5D7F, 0x5E58, 0x5E59, 0x5E53, 0x5ED8
    dw 0x5ED1, 0x5ED7, 0x5ECE, 0x5EDC, 0x5ED5, 0x5ED9, 0x5ED2, 0x5ED4, 0x5F44, 0x5F43, 0x5F6F, 0x5FB6
    dw 0x612C, 0x6128, 0x6141, 0x615E, 0x6171, 0x6173, 0x6152, 0x6153, 0x6172, 0x616C, 0x6180, 0x6174
    dw 0x6154, 0x617A, 0x615B, 0x6165, 0x613B, 0x616A, 0x6161, 0x6156, 0x6229, 0x6227, 0x622B, 0x642B
    dw 0x644D, 0x645B, 0x645D, 0x6474, 0x6476, 0x6472, 0x6473, 0x647D, 0x6475, 0x6466, 0x64A6, 0x644E
    dw 0x6482, 0x645E, 0x645C, 0x644B, 0x6453, 0x6460, 0x6450, 0x647F, 0x643F, 0x646C, 0x646B, 0x6459
    dw 0x6465, 0x6477, 0x6573, 0x65A0, 0x66A1, 0x66A0, 0x669F, 0x6705, 0x6704, 0x6722, 0x69B1, 0x69B6
    dw 0x69C9, 0x69A0, 0x69CE, 0x6996, 0x69B0, 0x69AC, 0x69BC, 0x6991, 0x6999, 0x698E, 0x69A7, 0x698D
    dw 0x69A9, 0x69BE, 0x69AF, 0x69BF, 0x69C4, 0x69BD, 0x69A4, 0x69D4, 0x69B9, 0x69CA, 0x699A, 0x69CF
    dw 0x69B3, 0x6993, 0x69AA, 0x69A1, 0x699E, 0x69D9, 0x6997, 0x6990, 0x69C2, 0x69B5, 0x69A5, 0x69C6
    dw 0x6B4A, 0x6B4D, 0x6B4B, 0x6B9E, 0x6B9F, 0x6BA0, 0x6BC3, 0x6BC4, 0x6BFE, 0x6ECE, 0x6EF5, 0x6EF1
    dw 0x6F03, 0x6F25, 0x6EF8, 0x6F37, 0x6EFB, 0x6F2E, 0x6F09, 0x6F4E, 0x6F19, 0x6F1A, 0x6F27, 0x6F18
    dw 0x6F3B, 0x6F12, 0x6EED, 0x6F0A, 0x6F36, 0x6F73, 0x6EF9, 0x6EEE, 0x6F2D, 0x6F40, 0x6F30, 0x6F3C
    dw 0x6F35, 0x6EEB, 0x6F07, 0x6F0E, 0x6F43, 0x6F05, 0x6EFD, 0x6EF6, 0x6F39, 0x6F1C, 0x6EFC, 0x6F3A
    dw 0x6F1F, 0x6F0D, 0x6F1E, 0x6F08, 0x6F21, 0x7187, 0x7190, 0x7189, 0x7180, 0x7185, 0x7182, 0x718F
    dw 0x717B, 0x7186, 0x7181, 0x7197, 0x7244, 0x7253, 0x7297, 0x7295, 0x7293, 0x7343, 0x734D, 0x7351
    dw 0x734C, 0x7462, 0x7473, 0x7471, 0x7475, 0x7472, 0x7467, 0x746E, 0x7500, 0x7502, 0x7503, 0x757D
    dw 0x7590, 0x7616, 0x7608, 0x760C, 0x7615, 0x7611, 0x760A, 0x7614, 0x76B8, 0x7781, 0x777C, 0x7785
    dw 0x7782, 0x776E, 0x7780, 0x776F, 0x777E, 0x7783, 0x78B2, 0x78AA, 0x78B4, 0x78AD, 0x78A8, 0x787E
    dw 0x78AB, 0x789E, 0x78A5, 0x78A0, 0x78AC, 0x78A2, 0x78A4, 0x7998, 0x798A, 0x798B, 0x7996, 0x7995
    dw 0x7994, 0x7993, 0x7997, 0x7988, 0x7992, 0x7990, 0x7A2B, 0x7A4A, 0x7A30, 0x7A2F, 0x7A28, 0x7A26
    dw 0x7AA8, 0x7AAB, 0x7AAC, 0x7AEE, 0x7B88, 0x7B9C, 0x7B8A, 0x7B91, 0x7B90, 0x7B96, 0x7B8D, 0x7B8C
    dw 0x7B9B, 0x7B8E, 0x7B85, 0x7B98, 0x5284, 0x7B99, 0x7BA4, 0x7B82, 0x7CBB, 0x7CBF, 0x7CBC, 0x7CBA
    dw 0x7DA7, 0x7DB7, 0x7DC2, 0x7DA3, 0x7DAA, 0x7DC1, 0x7DC0, 0x7DC5, 0x7D9D, 0x7DCE, 0x7DC4, 0x7DC6
    dw 0x7DCB, 0x7DCC, 0x7DAF, 0x7DB9, 0x7D96, 0x7DBC, 0x7D9F, 0x7DA6, 0x7DAE, 0x7DA9, 0x7DA1, 0x7DC9
    dw 0x7F73, 0x7FE2, 0x7FE3, 0x7FE5, 0x7FDE, 0x8024, 0x805D, 0x805C, 0x8189, 0x8186, 0x8183, 0x8187
    dw 0x818D, 0x818C, 0x818B, 0x8215, 0x8497, 0x84A4, 0x84A1, 0x849F, 0x84BA, 0x84CE, 0x84C2, 0x84AC
    dw 0x84AE, 0x84AB, 0x84B9, 0x84B4, 0x84C1, 0x84CD, 0x84AA, 0x849A, 0x84B1, 0x84D0, 0x849D, 0x84A7
    dw 0x84BB, 0x84A2, 0x8494, 0x84C7, 0x84CC, 0x849B, 0x84A9, 0x84AF, 0x84A8, 0x84D6, 0x8498, 0x84B6
    dw 0x84CF, 0x84A0, 0x84D7, 0x84D4, 0x84D2, 0x84DB, 0x84B0, 0x8491, 0x8661, 0x8733, 0x8723, 0x8728
    dw 0x876B, 0x8740, 0x872E, 0x871E, 0x8721, 0x8719, 0x871B, 0x8743, 0x872C, 0x8741, 0x873E, 0x8746
    dw 0x8720, 0x8732, 0x872A, 0x872D, 0x873C, 0x8712, 0x873A, 0x8731, 0x8735, 0x8742, 0x8726, 0x8727
    dw 0x8738, 0x8724, 0x871A, 0x8730, 0x8711, 0x88F7, 0x88E7, 0x88F1, 0x88F2, 0x88FA, 0x88FE, 0x88EE
    dw 0x88FC, 0x88F6, 0x88FB, 0x88F0, 0x88EC, 0x88EB, 0x899D, 0x89A1, 0x899F, 0x899E, 0x89E9, 0x89EB
    dw 0x89E8, 0x8AAB, 0x8A99, 0x8A8B, 0x8A92, 0x8A8F, 0x8A96, 0x8C3D, 0x8C68, 0x8C69, 0x8CD5, 0x8CCF
    dw 0x8CD7, 0x8D96, 0x8E09, 0x8E02, 0x8DFF, 0x8E0D, 0x8DFD, 0x8E0A, 0x8E03, 0x8E07, 0x8E06, 0x8E05
    dw 0x8DFE, 0x8E00, 0x8E04, 0x8F10, 0x8F11, 0x8F0E, 0x8F0D, 0x9123, 0x911C, 0x9120, 0x9122, 0x911F
    dw 0x911D, 0x911A, 0x9124, 0x9121, 0x911B, 0x917A, 0x9172, 0x9179, 0x9173, 0x92A5, 0x92A4, 0x9276
    dw 0x929B, 0x927A, 0x92A0, 0x9294, 0x92AA, 0x928D, 0x92A6, 0x929A, 0x92AB, 0x9279, 0x9297, 0x927F
    dw 0x92A3, 0x92EE, 0x928E, 0x9282, 0x9295, 0x92A2, 0x927D, 0x9288, 0x92A1, 0x928A, 0x9286, 0x928C
    dw 0x9299, 0x92A7, 0x927E, 0x9287, 0x92A9, 0x929D, 0x928B, 0x922D, 0x969E, 0x96A1, 0x96FF, 0x9758
    dw 0x977D, 0x977A, 0x977E, 0x9783, 0x9780, 0x9782, 0x977B, 0x9784, 0x9781, 0x977F, 0x97CE, 0x97CD
    dw 0x9816, 0x98AD, 0x98AE, 0x9902, 0x9900, 0x9907, 0x999D, 0x999C, 0x99C3, 0x99B9, 0x99BB, 0x99BA
    dw 0x99C2, 0x99BD, 0x99C7, 0x9AB1, 0x9AE3, 0x9AE7, 0x9B3E, 0x9B3F, 0x9B60, 0x9B61, 0x9B5F, 0x9CF1
    dw 0x9CF2, 0x9CF5, 0x9EA7, 0x50FF, 0x5103, 0x5130, 0x50F8, 0x5106, 0x5107, 0x50F6, 0x50FE, 0x510B
    dw 0x510C, 0x50FD, 0x510A, 0x528B, 0x528C, 0x52F1, 0x52EF, 0x5648, 0x5642, 0x564C, 0x5635, 0x5641
    dw 0x564A, 0x5649, 0x5646, 0x5658, 0x565A, 0x5640, 0x5633, 0x563D, 0x562C, 0x563E, 0x5638, 0x562A
    dw 0x563A, 0x571A, 0x58AB, 0x589D, 0x58B1, 0x58A0, 0x58A3, 0x58AF, 0x58AC, 0x58A5, 0x58A1, 0x58FF
    dw 0x5AFF, 0x5AF4, 0x5AFD, 0x5AF7, 0x5AF6, 0x5B03, 0x5AF8, 0x5B02, 0x5AF9, 0x5B01, 0x5B07, 0x5B05
    dw 0x5B0F, 0x5C67, 0x5D99, 0x5D97, 0x5D9F, 0x5D92, 0x5DA2, 0x5D93, 0x5D95, 0x5DA0, 0x5D9C, 0x5DA1
    dw 0x5D9A, 0x5D9E, 0x5E69, 0x5E5D, 0x5E60, 0x5E5C, 0x7DF3, 0x5EDB, 0x5EDE, 0x5EE1, 0x5F49, 0x5FB2
    dw 0x618B, 0x6183, 0x6179, 0x61B1, 0x61B0, 0x61A2, 0x6189, 0x619B, 0x6193, 0x61AF, 0x61AD, 0x619F
    dw 0x6192, 0x61AA, 0x61A1, 0x618D, 0x6166, 0x61B3, 0x622D, 0x646E, 0x6470, 0x6496, 0x64A0, 0x6485
    dw 0x6497, 0x649C, 0x648F, 0x648B, 0x648A, 0x648C, 0x64A3, 0x649F, 0x6468, 0x64B1, 0x6498, 0x6576
    dw 0x657A, 0x6579, 0x657B, 0x65B2, 0x65B3, 0x66B5, 0x66B0, 0x66A9, 0x66B2, 0x66B7, 0x66AA, 0x66AF
    dw 0x6A00, 0x6A06, 0x6A17, 0x69E5, 0x69F8, 0x6A15, 0x69F1, 0x69E4, 0x6A20, 0x69FF, 0x69EC, 0x69E2
    dw 0x6A1B, 0x6A1D, 0x69FE, 0x6A27, 0x69F2, 0x69EE, 0x6A14, 0x69F7, 0x69E7, 0x6A40, 0x6A08, 0x69E6
    dw 0x69FB, 0x6A0D, 0x69FC, 0x69EB, 0x6A09, 0x6A04, 0x6A18, 0x6A25, 0x6A0F, 0x69F6, 0x6A26, 0x6A07
    dw 0x69F4, 0x6A16, 0x6B51, 0x6BA5, 0x6BA3, 0x6BA2, 0x6BA6, 0x6C01, 0x6C00, 0x6BFF, 0x6C02, 0x6F41
    dw 0x6F26, 0x6F7E, 0x6F87, 0x6FC6, 0x6F92, 0x6F8D, 0x6F89, 0x6F8C, 0x6F62, 0x6F4F, 0x6F85, 0x6F5A
    dw 0x6F96, 0x6F76, 0x6F6C, 0x6F82, 0x6F55, 0x6F72, 0x6F52, 0x6F50, 0x6F57, 0x6F94, 0x6F93, 0x6F5D
    dw 0x6F00, 0x6F61, 0x6F6B, 0x6F7D, 0x6F67, 0x6F90, 0x6F53, 0x6F8B, 0x6F69, 0x6F7F, 0x6F95, 0x6F63
    dw 0x6F77, 0x6F6A, 0x6F7B, 0x71B2, 0x71AF, 0x719B, 0x71B0, 0x71A0, 0x719A, 0x71A9, 0x71B5, 0x719D
    dw 0x71A5, 0x719E, 0x71A4, 0x71A1, 0x71AA, 0x719C, 0x71A7, 0x71B3, 0x7298, 0x729A, 0x7358, 0x7352
    dw 0x735E, 0x735F, 0x7360, 0x735D, 0x735B, 0x7361, 0x735A, 0x7359, 0x7362, 0x7487, 0x7489, 0x748A
    dw 0x7486, 0x7481, 0x747D, 0x7485, 0x7488, 0x747C, 0x7479, 0x7508, 0x7507, 0x757E, 0x7625, 0x761E
    dw 0x7619, 0x761D, 0x761C, 0x7623, 0x761A, 0x7628, 0x761B, 0x769C, 0x769D, 0x769E, 0x769B, 0x778D
    dw 0x778F, 0x7789, 0x7788, 0x78CD, 0x78BB, 0x78CF, 0x78CC, 0x78D1, 0x78CE, 0x78D4, 0x78C8, 0x78C3
    dw 0x78C4, 0x78C9, 0x799A, 0x79A1, 0x79A0, 0x799C, 0x79A2, 0x799B, 0x6B76, 0x7A39, 0x7AB2, 0x7AB4
    dw 0x7AB3, 0x7BB7, 0x7BCB, 0x7BBE, 0x7BAC, 0x7BCE, 0x7BAF, 0x7BB9, 0x7BCA, 0x7BB5, 0x7CC5, 0x7CC8
    dw 0x7CCC, 0x7CCB, 0x7DF7, 0x7DDB, 0x7DEA, 0x7DE7, 0x7DD7, 0x7DE1, 0x7E03, 0x7DFA, 0x7DE6, 0x7DF6
    dw 0x7DF1, 0x7DF0, 0x7DEE, 0x7DDF, 0x7F76, 0x7FAC, 0x7FB0, 0x7FAD, 0x7FED, 0x7FEB, 0x7FEA, 0x7FEC
    dw 0x7FE6, 0x7FE8, 0x8064, 0x8067, 0x81A3, 0x819F, 0x819E, 0x8195, 0x81A2, 0x8199, 0x8197, 0x8216
    dw 0x824F, 0x8253, 0x8252, 0x8250, 0x824E, 0x8251, 0x8524, 0x853B, 0x850F, 0x8500, 0x8529, 0x850E
    dw 0x8509, 0x850D, 0x851F, 0x850A, 0x8527, 0x851C, 0x84FB, 0x852B, 0x84FA, 0x8508, 0x850C, 0x84F4
    dw 0x852A, 0x84F2, 0x8515, 0x84F7, 0x84EB, 0x84F3, 0x84FC, 0x8512, 0x84EA, 0x84E9, 0x8516, 0x84FE
    dw 0x8528, 0x851D, 0x852E, 0x8502, 0x84FD, 0x851E, 0x84F6, 0x8531, 0x8526, 0x84E7, 0x84E8, 0x84F0
    dw 0x84EF, 0x84F9, 0x8518, 0x8520, 0x8530, 0x850B, 0x8519, 0x852F, 0x8662, 0x8756, 0x8763, 0x8764
    dw 0x8777, 0x87E1, 0x8773, 0x8758, 0x8754, 0x875B, 0x8752, 0x8761, 0x875A, 0x8751, 0x875E, 0x876D
    dw 0x876A, 0x8750, 0x874E, 0x875F, 0x875D, 0x876F, 0x876C, 0x877A, 0x876E, 0x875C, 0x8765, 0x874F
    dw 0x877B, 0x8775, 0x8762, 0x8767, 0x8769, 0x885A, 0x8905, 0x890C, 0x8914, 0x890B, 0x8917, 0x8918
    dw 0x8919, 0x8906, 0x8916, 0x8911, 0x890E, 0x8909, 0x89A2, 0x89A4, 0x89A3, 0x89ED, 0x89F0, 0x89EC
    dw 0x8ACF, 0x8AC6, 0x8AB8, 0x8AD3, 0x8AD1, 0x8AD4, 0x8AD5, 0x8ABB, 0x8AD7, 0x8ABE, 0x8AC0, 0x8AC5
    dw 0x8AD8, 0x8AC3, 0x8ABA, 0x8ABD, 0x8AD9, 0x8C3E, 0x8C4D, 0x8C8F, 0x8CE5, 0x8CDF, 0x8CD9, 0x8CE8
    dw 0x8CDA, 0x8CDD, 0x8CE7, 0x8DA0, 0x8D9C, 0x8DA1, 0x8D9B, 0x8E20, 0x8E23, 0x8E25, 0x8E24, 0x8E2E
    dw 0x8E15, 0x8E1B, 0x8E16, 0x8E11, 0x8E19, 0x8E26, 0x8E27, 0x8E14, 0x8E12, 0x8E18, 0x8E13, 0x8E1C
    dw 0x8E17, 0x8E1A, 0x8F2C, 0x8F24, 0x8F18, 0x8F1A, 0x8F20, 0x8F23, 0x8F16, 0x8F17, 0x9073, 0x9070
    dw 0x906F, 0x9067, 0x906B, 0x912F, 0x912B, 0x9129, 0x912A, 0x9132, 0x9126, 0x912E, 0x9185, 0x9186
    dw 0x918A, 0x9181, 0x9182, 0x9184, 0x9180, 0x92D0, 0x92C3, 0x92C4, 0x92C0, 0x92D9, 0x92B6, 0x92CF
    dw 0x92F1, 0x92DF, 0x92D8, 0x92E9, 0x92D7, 0x92DD, 0x92CC, 0x92EF, 0x92C2, 0x92E8, 0x92CA, 0x92C8
    dw 0x92CE, 0x92E6, 0x92CD, 0x92D5, 0x92C9, 0x92E0, 0x92DE, 0x92E7, 0x92D1, 0x92D3, 0x92B5, 0x92E1
    dw 0x92C6, 0x92B4, 0x957C, 0x95AC, 0x95AB, 0x95AE, 0x95B0, 0x96A4, 0x96A2, 0x96D3, 0x9705, 0x9708
    dw 0x9702, 0x975A, 0x978A, 0x978E, 0x9788, 0x97D0, 0x97CF, 0x981E, 0x981D, 0x9826, 0x9829, 0x9828
    dw 0x9820, 0x981B, 0x9827, 0x98B2, 0x9908, 0x98FA, 0x9911, 0x9914, 0x9916, 0x9917, 0x9915, 0x99DC
    dw 0x99CD, 0x99CF, 0x99D3, 0x99D4, 0x99CE, 0x99C9, 0x99D6, 0x99D8, 0x99CB, 0x99D7, 0x99CC, 0x9AB3
    dw 0x9AEC, 0x9AEB, 0x9AF3, 0x9AF2, 0x9AF1, 0x9B46, 0x9B43, 0x9B67, 0x9B74, 0x9B71, 0x9B66, 0x9B76
    dw 0x9B75, 0x9B70, 0x9B68, 0x9B64, 0x9B6C, 0x9CFC, 0x9CFA, 0x9CFD, 0x9CFF, 0x9CF7, 0x9D07, 0x9D00
    dw 0x9CF9, 0x9CFB, 0x9D08, 0x9D05, 0x9D04, 0x9E83, 0x9ED3, 0x9F0F, 0x9F10, 0x511C, 0x5113, 0x5117
    dw 0x511A, 0x5111, 0x51DE, 0x5334, 0x53E1, 0x5670, 0x5660, 0x566E, 0x5673, 0x5666, 0x5663, 0x566D
    dw 0x5672, 0x565E, 0x5677, 0x571C, 0x571B, 0x58C8, 0x58BD, 0x58C9, 0x58BF, 0x58BA, 0x58C2, 0x58BC
    dw 0x58C6, 0x5B17, 0x5B19, 0x5B1B, 0x5B21, 0x5B14, 0x5B13, 0x5B10, 0x5B16, 0x5B28, 0x5B1A, 0x5B20
    dw 0x5B1E, 0x5BEF, 0x5DAC, 0x5DB1, 0x5DA9, 0x5DA7, 0x5DB5, 0x5DB0, 0x5DAE, 0x5DAA, 0x5DA8, 0x5DB2
    dw 0x5DAD, 0x5DAF, 0x5DB4, 0x5E67, 0x5E68, 0x5E66, 0x5E6F, 0x5EE9, 0x5EE7, 0x5EE6, 0x5EE8, 0x5EE5
    dw 0x5F4B, 0x5FBC, 0x619D, 0x61A8, 0x6196, 0x61C5, 0x61B4, 0x61C6, 0x61C1, 0x61CC, 0x61BA, 0x61BF
    dw 0x61B8, 0x618C, 0x64D7, 0x64D6, 0x64D0, 0x64CF, 0x64C9, 0x64BD, 0x6489, 0x64C3, 0x64DB, 0x64F3
    dw 0x64D9, 0x6533, 0x657F, 0x657C, 0x65A2, 0x66C8, 0x66BE, 0x66C0, 0x66CA, 0x66CB, 0x66CF, 0x66BD
    dw 0x66BB, 0x66BA, 0x66CC, 0x6723, 0x6A34, 0x6A66, 0x6A49, 0x6A67, 0x6A32, 0x6A68, 0x6A3E, 0x6A5D
    dw 0x6A6D, 0x6A76, 0x6A5B, 0x6A51, 0x6A28, 0x6A5A, 0x6A3B, 0x6A3F, 0x6A41, 0x6A6A, 0x6A64, 0x6A50
    dw 0x6A4F, 0x6A54, 0x6A6F, 0x6A69, 0x6A60, 0x6A3C, 0x6A5E, 0x6A56, 0x6A55, 0x6A4D, 0x6A4E, 0x6A46
    dw 0x6B55, 0x6B54, 0x6B56, 0x6BA7, 0x6BAA, 0x6BAB, 0x6BC8, 0x6BC7, 0x6C04, 0x6C03, 0x6C06, 0x6FAD
    dw 0x6FCB, 0x6FA3, 0x6FC7, 0x6FBC, 0x6FCE, 0x6FC8, 0x6F5E, 0x6FC4, 0x6FBD, 0x6F9E, 0x6FCA, 0x6FA8
    dw 0x7004, 0x6FA5, 0x6FAE, 0x6FBA, 0x6FAC, 0x6FAA, 0x6FCF, 0x6FBF, 0x6FB8, 0x6FA2, 0x6FC9, 0x6FAB
    dw 0x6FCD, 0x6FAF, 0x6FB2, 0x6FB0, 0x71C5, 0x71C2, 0x71BF, 0x71B8, 0x71D6, 0x71C0, 0x71C1, 0x71CB
    dw 0x71D4, 0x71CA, 0x71C7, 0x71CF, 0x71BD, 0x71D8, 0x71BC, 0x71C6, 0x71DA, 0x71DB, 0x729D, 0x729E
    dw 0x7369, 0x7366, 0x7367, 0x736C, 0x7365, 0x736B, 0x736A, 0x747F, 0x749A, 0x74A0, 0x7494, 0x7492
    dw 0x7495, 0x74A1, 0x750B, 0x7580, 0x762F, 0x762D, 0x7631, 0x763D, 0x7633, 0x763C, 0x7635, 0x7632
    dw 0x7630, 0x76BB, 0x76E6, 0x779A, 0x779D, 0x77A1, 0x779C, 0x779B, 0x77A2, 0x77A3, 0x7795, 0x7799
    dw 0x7797, 0x78DD, 0x78E9, 0x78E5, 0x78EA, 0x78DE, 0x78E3, 0x78DB, 0x78E1, 0x78E2, 0x78ED, 0x78DF
    dw 0x78E0, 0x79A4, 0x7A44, 0x7A48, 0x7A47, 0x7AB6, 0x7AB8, 0x7AB5, 0x7AB1, 0x7AB7, 0x7BDE, 0x7BE3
    dw 0x7BE7, 0x7BDD, 0x7BD5, 0x7BE5, 0x7BDA, 0x7BE8, 0x7BF9, 0x7BD4, 0x7BEA, 0x7BE2, 0x7BDC, 0x7BEB
    dw 0x7BD8, 0x7BDF, 0x7CD2, 0x7CD4, 0x7CD7, 0x7CD0, 0x7CD1, 0x7E12, 0x7E21, 0x7E17, 0x7E0C, 0x7E1F
    dw 0x7E20, 0x7E13, 0x7E0E, 0x7E1C, 0x7E15, 0x7E1A, 0x7E22, 0x7E0B, 0x7E0F, 0x7E16, 0x7E0D, 0x7E14
    dw 0x7E25, 0x7E24, 0x7F43, 0x7F7B, 0x7F7C, 0x7F7A, 0x7FB1, 0x7FEF, 0x802A, 0x8029, 0x806C, 0x81B1
    dw 0x81A6, 0x81AE, 0x81B9, 0x81B5, 0x81AB, 0x81B0, 0x81AC, 0x81B4, 0x81B2, 0x81B7, 0x81A7, 0x81F2
    dw 0x8255, 0x8256, 0x8257, 0x8556, 0x8545, 0x856B, 0x854D, 0x8553, 0x8561, 0x8558, 0x8540, 0x8546
    dw 0x8564, 0x8541, 0x8562, 0x8544, 0x8551, 0x8547, 0x8563, 0x853E, 0x855B, 0x8571, 0x854E, 0x856E
    dw 0x8575, 0x8555, 0x8567, 0x8560, 0x858C, 0x8566, 0x855D, 0x8554, 0x8565, 0x856C, 0x8663, 0x8665
    dw 0x8664, 0x879B, 0x878F, 0x8797, 0x8793, 0x8792, 0x8788, 0x8781, 0x8796, 0x8798, 0x8779, 0x8787
    dw 0x87A3, 0x8785, 0x8790, 0x8791, 0x879D, 0x8784, 0x8794, 0x879C, 0x879A, 0x8789, 0x891E, 0x8926
    dw 0x8930, 0x892D, 0x892E, 0x8927, 0x8931, 0x8922, 0x8929, 0x8923, 0x892F, 0x892C, 0x891F, 0x89F1
    dw 0x8AE0, 0x8AE2, 0x8AF2, 0x8AF4, 0x8AF5, 0x8ADD, 0x8B14, 0x8AE4, 0x8ADF, 0x8AF0, 0x8AC8, 0x8ADE
    dw 0x8AE1, 0x8AE8, 0x8AFF, 0x8AEF, 0x8AFB, 0x8C91, 0x8C92, 0x8C90, 0x8CF5, 0x8CEE, 0x8CF1, 0x8CF0
    dw 0x8CF3, 0x8D6C, 0x8D6E, 0x8DA5, 0x8DA7, 0x8E33, 0x8E3E, 0x8E38, 0x8E40, 0x8E45, 0x8E36, 0x8E3C
    dw 0x8E3D, 0x8E41, 0x8E30, 0x8E3F, 0x8EBD, 0x8F36, 0x8F2E, 0x8F35, 0x8F32, 0x8F39, 0x8F37, 0x8F34
    dw 0x9076, 0x9079, 0x907B, 0x9086, 0x90FA, 0x9133, 0x9135, 0x9136, 0x9193, 0x9190, 0x9191, 0x918D
    dw 0x918F, 0x9327, 0x931E, 0x9308, 0x931F, 0x9306, 0x930F, 0x937A, 0x9338, 0x933C, 0x931B, 0x9323
    dw 0x9312, 0x9301, 0x9346, 0x932D, 0x930E, 0x930D, 0x92CB, 0x931D, 0x92FA, 0x9325, 0x9313, 0x92F9
    dw 0x92F7, 0x9334, 0x9302, 0x9324, 0x92FF, 0x9329, 0x9339, 0x9335, 0x932A, 0x9314, 0x930C, 0x930B
    dw 0x92FE, 0x9309, 0x9300, 0x92FB, 0x9316, 0x95BC, 0x95CD, 0x95BE, 0x95B9, 0x95BA, 0x95B6, 0x95BF
    dw 0x95B5, 0x95BD, 0x96A9, 0x96D4, 0x970B, 0x9712, 0x9710, 0x9799, 0x9797, 0x9794, 0x97F0, 0x97F8
    dw 0x9835, 0x982F, 0x9832, 0x9924, 0x991F, 0x9927, 0x9929, 0x999E, 0x99EE, 0x99EC, 0x99E5, 0x99E4
    dw 0x99F0, 0x99E3, 0x99EA, 0x99E9, 0x99E7, 0x9AB9, 0x9ABF, 0x9AB4, 0x9ABB, 0x9AF6, 0x9AFA, 0x9AF9
    dw 0x9AF7, 0x9B33, 0x9B80, 0x9B85, 0x9B87, 0x9B7C, 0x9B7E, 0x9B7B, 0x9B82, 0x9B93, 0x9B92, 0x9B90
    dw 0x9B7A, 0x9B95, 0x9B7D, 0x9B88, 0x9D25, 0x9D17, 0x9D20, 0x9D1E, 0x9D14, 0x9D29, 0x9D1D, 0x9D18
    dw 0x9D22, 0x9D10, 0x9D19, 0x9D1F, 0x9E88, 0x9E86, 0x9E87, 0x9EAE, 0x9EAD, 0x9ED5, 0x9ED6, 0x9EFA
    dw 0x9F12, 0x9F3D, 0x5126, 0x5125, 0x5122, 0x5124, 0x5120, 0x5129, 0x52F4, 0x5693, 0x568C, 0x568D
    dw 0x5686, 0x5684, 0x5683, 0x567E, 0x5682, 0x567F, 0x5681, 0x58D6, 0x58D4, 0x58CF, 0x58D2, 0x5B2D
    dw 0x5B25, 0x5B32, 0x5B23, 0x5B2C, 0x5B27, 0x5B26, 0x5B2F, 0x5B2E, 0x5B7B, 0x5BF1, 0x5BF2, 0x5DB7
    dw 0x5E6C, 0x5E6A, 0x5FBE, 0x5FBB, 0x61C3, 0x61B5, 0x61BC, 0x61E7, 0x61E0, 0x61E5, 0x61E4, 0x61E8
    dw 0x61DE, 0x64EF, 0x64E9, 0x64E3, 0x64EB, 0x64E4, 0x64E8, 0x6581, 0x6580, 0x65B6, 0x65DA, 0x66D2
    dw 0x6A8D, 0x6A96, 0x6A81, 0x6AA5, 0x6A89, 0x6A9F, 0x6A9B, 0x6AA1, 0x6A9E, 0x6A87, 0x6A93, 0x6A8E
    dw 0x6A95, 0x6A83, 0x6AA8, 0x6AA4, 0x6A91, 0x6A7F, 0x6AA6, 0x6A9A, 0x6A85, 0x6A8C, 0x6A92, 0x6B5B
    dw 0x6BAD, 0x6C09, 0x6FCC, 0x6FA9, 0x6FF4, 0x6FD4, 0x6FE3, 0x6FDC, 0x6FED, 0x6FE7, 0x6FE6, 0x6FDE
    dw 0x6FF2, 0x6FDD, 0x6FE2, 0x6FE8, 0x71E1, 0x71F1, 0x71E8, 0x71F2, 0x71E4, 0x71F0, 0x71E2, 0x7373
    dw 0x736E, 0x736F, 0x7497, 0x74B2, 0x74AB, 0x7490, 0x74AA, 0x74AD, 0x74B1, 0x74A5, 0x74AF, 0x7510
    dw 0x7511, 0x7512, 0x750F, 0x7584, 0x7643, 0x7648, 0x7649, 0x7647, 0x76A4, 0x76E9, 0x77B5, 0x77AB
    dw 0x77B2, 0x77B7, 0x77B6, 0x77B4, 0x77B1, 0x77A8, 0x77F0, 0x78F3, 0x78FD, 0x7902, 0x78FB, 0x78FC
    dw 0x78F2, 0x7905, 0x78F9, 0x78FE, 0x7904, 0x79AB, 0x79A8, 0x7A5C, 0x7A5B, 0x7A56, 0x7A58, 0x7A54
    dw 0x7A5A, 0x7ABE, 0x7AC0, 0x7AC1, 0x7C05, 0x7C0F, 0x7BF2, 0x7C00, 0x7BFF, 0x7BFB, 0x7C0E, 0x7BF4
    dw 0x7C0B, 0x7BF3, 0x7C02, 0x7C09, 0x7C03, 0x7C01, 0x7BF8, 0x7BFD, 0x7C06, 0x7BF0, 0x7BF1, 0x7C10
    dw 0x7C0A, 0x7CE8, 0x7E2D, 0x7E3C, 0x7E42, 0x7E33, 0x9848, 0x7E38, 0x7E2A, 0x7E49, 0x7E40, 0x7E47
    dw 0x7E29, 0x7E4C, 0x7E30, 0x7E3B, 0x7E36, 0x7E44, 0x7E3A, 0x7F45, 0x7F7F, 0x7F7E, 0x7F7D, 0x7FF4
    dw 0x7FF2, 0x802C, 0x81BB, 0x81C4, 0x81CC, 0x81CA, 0x81C5, 0x81C7, 0x81BC, 0x81E9, 0x825B, 0x825A
    dw 0x825C, 0x8583, 0x8580, 0x858F, 0x85A7, 0x8595, 0x85A0, 0x858B, 0x85A3, 0x857B, 0x85A4, 0x859A
    dw 0x859E, 0x8577, 0x857C, 0x8589, 0x85A1, 0x857A, 0x8578, 0x8557, 0x858E, 0x8596, 0x8586, 0x858D
    dw 0x8599, 0x859D, 0x8581, 0x85A2, 0x8582, 0x8588, 0x8585, 0x8579, 0x8576, 0x8598, 0x8590, 0x859F
    dw 0x8668, 0x87BE, 0x87AA, 0x87AD, 0x87C5, 0x87B0, 0x87AC, 0x87B9, 0x87B5, 0x87BC, 0x87AE, 0x87C9
    dw 0x87C3, 0x87C2, 0x87CC, 0x87B7, 0x87AF, 0x87C4, 0x87CA, 0x87B4, 0x87B6, 0x87BF, 0x87B8, 0x87BD
    dw 0x87DE, 0x87B2, 0x8935, 0x8933, 0x893C, 0x893E, 0x8941, 0x8952, 0x8937, 0x8942, 0x89AD, 0x89AF
    dw 0x89AE, 0x89F2, 0x89F3, 0x8B1E, 0x8B18, 0x8B16, 0x8B11, 0x8B05, 0x8B0B, 0x8B22, 0x8B0F, 0x8B12
    dw 0x8B15, 0x8B07, 0x8B0D, 0x8B08, 0x8B06, 0x8B1C, 0x8B13, 0x8B1A, 0x8C4F, 0x8C70, 0x8C72, 0x8C71
    dw 0x8C6F, 0x8C95, 0x8C94, 0x8CF9, 0x8D6F, 0x8E4E, 0x8E4D, 0x8E53, 0x8E50, 0x8E4C, 0x8E47, 0x8F43
    dw 0x8F40, 0x9085, 0x907E, 0x9138, 0x919A, 0x91A2, 0x919B, 0x9199, 0x919F, 0x91A1, 0x919D, 0x91A0
    dw 0x93A1, 0x9383, 0x93AF, 0x9364, 0x9356, 0x9347, 0x937C, 0x9358, 0x935C, 0x9376, 0x9349, 0x9350
    dw 0x9351, 0x9360, 0x936D, 0x938F, 0x934C, 0x936A, 0x9379, 0x9357, 0x9355, 0x9352, 0x934F, 0x9371
    dw 0x9377, 0x937B, 0x9361, 0x935E, 0x9363, 0x9367, 0x9380, 0x934E, 0x9359, 0x95C7, 0x95C0, 0x95C9
    dw 0x95C3, 0x95C5, 0x95B7, 0x96AE, 0x96B0, 0x96AC, 0x9720, 0x971F, 0x9718, 0x971D, 0x9719, 0x979A
    dw 0x97A1, 0x979C, 0x979E, 0x979D, 0x97D5, 0x97D4, 0x97F1, 0x9841, 0x9844, 0x984A, 0x9849, 0x9845
    dw 0x9843, 0x9925, 0x992B, 0x992C, 0x992A, 0x9933, 0x9932, 0x992F, 0x992D, 0x9931, 0x9930, 0x9998
    dw 0x99A3, 0x99A1, 0x9A02, 0x99FA, 0x99F4, 0x99F7, 0x99F9, 0x99F8, 0x99F6, 0x99FB, 0x99FD, 0x99FE
    dw 0x99FC, 0x9A03, 0x9ABE, 0x9AFE, 0x9AFD, 0x9B01, 0x9AFC, 0x9B48, 0x9B9A, 0x9BA8, 0x9B9E, 0x9B9B
    dw 0x9BA6, 0x9BA1, 0x9BA5, 0x9BA4, 0x9B86, 0x9BA2, 0x9BA0, 0x9BAF, 0x9D33, 0x9D41, 0x9D67, 0x9D36
    dw 0x9D2E, 0x9D2F, 0x9D31, 0x9D38, 0x9D30, 0x9D45, 0x9D42, 0x9D43, 0x9D3E, 0x9D37, 0x9D40, 0x9D3D
    dw 0x7FF5, 0x9D2D, 0x9E8A, 0x9E89, 0x9E8D, 0x9EB0, 0x9EC8, 0x9EDA, 0x9EFB, 0x9EFF, 0x9F24, 0x9F23
    dw 0x9F22, 0x9F54, 0x9FA0, 0x5131, 0x512D, 0x512E, 0x5698, 0x569C, 0x5697, 0x569A, 0x569D, 0x5699
    dw 0x5970, 0x5B3C, 0x5C69, 0x5C6A, 0x5DC0, 0x5E6D, 0x5E6E, 0x61D8, 0x61DF, 0x61ED, 0x61EE, 0x61F1
    dw 0x61EA, 0x61F0, 0x61EB, 0x61D6, 0x61E9, 0x64FF, 0x6504, 0x64FD, 0x64F8, 0x6501, 0x6503, 0x64FC
    dw 0x6594, 0x65DB, 0x66DA, 0x66DB, 0x66D8, 0x6AC5, 0x6AB9, 0x6ABD, 0x6AE1, 0x6AC6, 0x6ABA, 0x6AB6
    dw 0x6AB7, 0x6AC7, 0x6AB4, 0x6AAD, 0x6B5E, 0x6BC9, 0x6C0B, 0x7007, 0x700C, 0x700D, 0x7001, 0x7005
    dw 0x7014, 0x700E, 0x6FFF, 0x7000, 0x6FFB, 0x7026, 0x6FFC, 0x6FF7, 0x700A, 0x7201, 0x71FF, 0x71F9
    dw 0x7203, 0x71FD, 0x7376, 0x74B8, 0x74C0, 0x74B5, 0x74C1, 0x74BE, 0x74B6, 0x74BB, 0x74C2, 0x7514
    dw 0x7513, 0x765C, 0x7664, 0x7659, 0x7650, 0x7653, 0x7657, 0x765A, 0x76A6, 0x76BD, 0x76EC, 0x77C2
    dw 0x77BA, 0x78FF, 0x790C, 0x7913, 0x7914, 0x7909, 0x7910, 0x7912, 0x7911, 0x79AD, 0x79AC, 0x7A5F
    dw 0x7C1C, 0x7C29, 0x7C19, 0x7C20, 0x7C1F, 0x7C2D, 0x7C1D, 0x7C26, 0x7C28, 0x7C22, 0x7C25, 0x7C30
    dw 0x7E5C, 0x7E50, 0x7E56, 0x7E63, 0x7E58, 0x7E62, 0x7E5F, 0x7E51, 0x7E60, 0x7E57, 0x7E53, 0x7FB5
    dw 0x7FB3, 0x7FF7, 0x7FF8, 0x8075, 0x81D1, 0x81D2, 0x81D0, 0x825F, 0x825E, 0x85B4, 0x85C6, 0x85C0
    dw 0x85C3, 0x85C2, 0x85B3, 0x85B5, 0x85BD, 0x85C7, 0x85C4, 0x85BF, 0x85CB, 0x85CE, 0x85C8, 0x85C5
    dw 0x85B1, 0x85B6, 0x85D2, 0x8624, 0x85B8, 0x85B7, 0x85BE, 0x8669, 0x87E7, 0x87E6, 0x87E2, 0x87DB
    dw 0x87EB, 0x87EA, 0x87E5, 0x87DF, 0x87F3, 0x87E4, 0x87D4, 0x87DC, 0x87D3, 0x87ED, 0x87D8, 0x87E3
    dw 0x87A4, 0x87D7, 0x87D9, 0x8801, 0x87F4, 0x87E8, 0x87DD, 0x8953, 0x894B, 0x894F, 0x894C, 0x8946
    dw 0x8950, 0x8951, 0x8949, 0x8B2A, 0x8B27, 0x8B23, 0x8B33, 0x8B30, 0x8B35, 0x8B47, 0x8B2F, 0x8B3C
    dw 0x8B3E, 0x8B31, 0x8B25, 0x8B37, 0x8B26, 0x8B36, 0x8B2E, 0x8B24, 0x8B3B, 0x8B3D, 0x8B3A, 0x8C42
    dw 0x8C75, 0x8C99, 0x8C98, 0x8C97, 0x8CFE, 0x8D04, 0x8D02, 0x8D00, 0x8E5C, 0x8E62, 0x8E60, 0x8E57
    dw 0x8E56, 0x8E5E, 0x8E65, 0x8E67, 0x8E5B, 0x8E5A, 0x8E61, 0x8E5D, 0x8E69, 0x8E54, 0x8F46, 0x8F47
    dw 0x8F48, 0x8F4B, 0x9128, 0x913A, 0x913B, 0x913E, 0x91A8, 0x91A5, 0x91A7, 0x91AF, 0x91AA, 0x93B5
    dw 0x938C, 0x9392, 0x93B7, 0x939B, 0x939D, 0x9389, 0x93A7, 0x938E, 0x93AA, 0x939E, 0x93A6, 0x9395
    dw 0x9388, 0x9399, 0x939F, 0x938D, 0x93B1, 0x9391, 0x93B2, 0x93A4, 0x93A8, 0x93B4, 0x93A3, 0x93A5
    dw 0x95D2, 0x95D3, 0x95D1, 0x96B3, 0x96D7, 0x96DA, 0x5DC2, 0x96DF, 0x96D8, 0x96DD, 0x9723, 0x9722
    dw 0x9725, 0x97AC, 0x97AE, 0x97A8, 0x97AB, 0x97A4, 0x97AA, 0x97A2, 0x97A5, 0x97D7, 0x97D9, 0x97D6
    dw 0x97D8, 0x97FA, 0x9850, 0x9851, 0x9852, 0x98B8, 0x9941, 0x993C, 0x993A, 0x9A0F, 0x9A0B, 0x9A09
    dw 0x9A0D, 0x9A04, 0x9A11, 0x9A0A, 0x9A05, 0x9A07, 0x9A06, 0x9AC0, 0x9ADC, 0x9B08, 0x9B04, 0x9B05
    dw 0x9B29, 0x9B35, 0x9B4A, 0x9B4C, 0x9B4B, 0x9BC7, 0x9BC6, 0x9BC3, 0x9BBF, 0x9BC1, 0x9BB5, 0x9BB8
    dw 0x9BD3, 0x9BB6, 0x9BC4, 0x9BB9, 0x9BBD, 0x9D5C, 0x9D53, 0x9D4F, 0x9D4A, 0x9D5B, 0x9D4B, 0x9D59
    dw 0x9D56, 0x9D4C, 0x9D57, 0x9D52, 0x9D54, 0x9D5F, 0x9D58, 0x9D5A, 0x9E8E, 0x9E8C, 0x9EDF, 0x9F01
    dw 0x9F00, 0x9F16, 0x9F25, 0x9F2B, 0x9F2A, 0x9F29, 0x9F28, 0x9F4C, 0x9F55, 0x5134, 0x5135, 0x5296
    dw 0x52F7, 0x53B4, 0x56AB, 0x56AD, 0x56A6, 0x56A7, 0x56AA, 0x56AC, 0x58DA, 0x58DD, 0x58DB, 0x5912
    dw 0x5B3D, 0x5B3E, 0x5B3F, 0x5DC3, 0x5E70, 0x5FBF, 0x61FB, 0x6507, 0x6510, 0x650D, 0x6509, 0x650C
    dw 0x650E, 0x6584, 0x65DE, 0x65DD, 0x66DE, 0x6AE7, 0x6AE0, 0x6ACC, 0x6AD1, 0x6AD9, 0x6ACB, 0x6ADF
    dw 0x6ADC, 0x6AD0, 0x6AEB, 0x6ACF, 0x6ACD, 0x6ADE, 0x6B60, 0x6BB0, 0x6C0C, 0x7019, 0x7027, 0x7020
    dw 0x7016, 0x702B, 0x7021, 0x7022, 0x7023, 0x7029, 0x7017, 0x7024, 0x701C, 0x702A, 0x720C, 0x720A
    dw 0x7207, 0x7202, 0x7205, 0x72A5, 0x72A6, 0x72A4, 0x72A3, 0x72A1, 0x74CB, 0x74C5, 0x74B7, 0x74C3
    dw 0x7516, 0x7660, 0x77C9, 0x77CA, 0x77C4, 0x77F1, 0x791D, 0x791B, 0x7921, 0x791C, 0x7917, 0x791E
    dw 0x79B0, 0x7A67, 0x7A68, 0x7C33, 0x7C3C, 0x7C39, 0x7C2C, 0x7C3B, 0x7CEC, 0x7CEA, 0x7E76, 0x7E75
    dw 0x7E78, 0x7E70, 0x7E77, 0x7E6F, 0x7E7A, 0x7E72, 0x7E74, 0x7E68, 0x7F4B, 0x7F4A, 0x7F83, 0x7F86
    dw 0x7FB7, 0x7FFD, 0x7FFE, 0x8078, 0x81D7, 0x81D5, 0x8264, 0x8261, 0x8263, 0x85EB, 0x85F1, 0x85ED
    dw 0x85D9, 0x85E1, 0x85E8, 0x85DA, 0x85D7, 0x85EC, 0x85F2, 0x85F8, 0x85D8, 0x85DF, 0x85E3, 0x85DC
    dw 0x85D1, 0x85F0, 0x85E6, 0x85EF, 0x85DE, 0x85E2, 0x8800, 0x87FA, 0x8803, 0x87F6, 0x87F7, 0x8809
    dw 0x880C, 0x880B, 0x8806, 0x87FC, 0x8808, 0x87FF, 0x880A, 0x8802, 0x8962, 0x895A, 0x895B, 0x8957
    dw 0x8961, 0x895C, 0x8958, 0x895D, 0x8959, 0x8988, 0x89B7, 0x89B6, 0x89F6, 0x8B50, 0x8B48, 0x8B4A
    dw 0x8B40, 0x8B53, 0x8B56, 0x8B54, 0x8B4B, 0x8B55, 0x8B51, 0x8B42, 0x8B52, 0x8B57, 0x8C43, 0x8C77
    dw 0x8C76, 0x8C9A, 0x8D06, 0x8D07, 0x8D09, 0x8DAC, 0x8DAA, 0x8DAD, 0x8DAB, 0x8E6D, 0x8E78, 0x8E73
    dw 0x8E6A, 0x8E6F, 0x8E7B, 0x8EC2, 0x8F52, 0x8F51, 0x8F4F, 0x8F50, 0x8F53, 0x8FB4, 0x9140, 0x913F
    dw 0x91B0, 0x91AD, 0x93DE, 0x93C7, 0x93CF, 0x93C2, 0x93DA, 0x93D0, 0x93F9, 0x93EC, 0x93CC, 0x93D9
    dw 0x93A9, 0x93E6, 0x93CA, 0x93D4, 0x93EE, 0x93E3, 0x93D5, 0x93C4, 0x93CE, 0x93C0, 0x93D2, 0x93E7
    dw 0x957D, 0x95DA, 0x95DB, 0x96E1, 0x9729, 0x972B, 0x972C, 0x9728, 0x9726, 0x97B3, 0x97B7, 0x97B6
    dw 0x97DD, 0x97DE, 0x97DF, 0x985C, 0x9859, 0x985D, 0x9857, 0x98BF, 0x98BD, 0x98BB, 0x98BE, 0x9948
    dw 0x9947, 0x9943, 0x99A6, 0x99A7, 0x9A1A, 0x9A15, 0x9A25, 0x9A1D, 0x9A24, 0x9A1B, 0x9A22, 0x9A20
    dw 0x9A27, 0x9A23, 0x9A1E, 0x9A1C, 0x9A14, 0x9AC2, 0x9B0B, 0x9B0A, 0x9B0E, 0x9B0C, 0x9B37, 0x9BEA
    dw 0x9BEB, 0x9BE0, 0x9BDE, 0x9BE4, 0x9BE6, 0x9BE2, 0x9BF0, 0x9BD4, 0x9BD7, 0x9BEC, 0x9BDC, 0x9BD9
    dw 0x9BE5, 0x9BD5, 0x9BE1, 0x9BDA, 0x9D77, 0x9D81, 0x9D8A, 0x9D84, 0x9D88, 0x9D71, 0x9D80, 0x9D78
    dw 0x9D86, 0x9D8B, 0x9D8C, 0x9D7D, 0x9D6B, 0x9D74, 0x9D75, 0x9D70, 0x9D69, 0x9D85, 0x9D73, 0x9D7B
    dw 0x9D82, 0x9D6F, 0x9D79, 0x9D7F, 0x9D87, 0x9D68, 0x9E94, 0x9E91, 0x9EC0, 0x9EFC, 0x9F2D, 0x9F40
    dw 0x9F41, 0x9F4D, 0x9F56, 0x9F57, 0x9F58, 0x5337, 0x56B2, 0x56B5, 0x56B3, 0x58E3, 0x5B45, 0x5DC6
    dw 0x5DC7, 0x5EEE, 0x5EEF, 0x5FC0, 0x5FC1, 0x61F9, 0x6517, 0x6516, 0x6515, 0x6513, 0x65DF, 0x66E8
    dw 0x66E3, 0x66E4, 0x6AF3, 0x6AF0, 0x6AEA, 0x6AE8, 0x6AF9, 0x6AF1, 0x6AEE, 0x6AEF, 0x703C, 0x7035
    dw 0x702F, 0x7037, 0x7034, 0x7031, 0x7042, 0x7038, 0x703F, 0x703A, 0x7039, 0x7040, 0x703B, 0x7033
    dw 0x7041, 0x7213, 0x7214, 0x72A8, 0x737D, 0x737C, 0x74BA, 0x76AB, 0x76AA, 0x76BE, 0x76ED, 0x77CC
    dw 0x77CE, 0x77CF, 0x77CD, 0x77F2, 0x7925, 0x7923, 0x7927, 0x7928, 0x7924, 0x7929, 0x79B2, 0x7A6E
    dw 0x7A6C, 0x7A6D, 0x7AF7, 0x7C49, 0x7C48, 0x7C4A, 0x7C47, 0x7C45, 0x7CEE, 0x7E7B, 0x7E7E, 0x7E81
    dw 0x7E80, 0x7FBA, 0x7FFF, 0x8079, 0x81DB, 0x81D9, 0x820B, 0x8268, 0x8269, 0x8622, 0x85FF, 0x8601
    dw 0x85FE, 0x861B, 0x8600, 0x85F6, 0x8604, 0x8609, 0x8605, 0x860C, 0x85FD, 0x8819, 0x8810, 0x8811
    dw 0x8817, 0x8813, 0x8816, 0x8963, 0x8966, 0x89B9, 0x89F7, 0x8B60, 0x8B6A, 0x8B5D, 0x8B68, 0x8B63
    dw 0x8B65, 0x8B67, 0x8B6D, 0x8DAE, 0x8E86, 0x8E88, 0x8E84, 0x8F59, 0x8F56, 0x8F57, 0x8F55, 0x8F58
    dw 0x8F5A, 0x908D, 0x9143, 0x9141, 0x91B7, 0x91B5, 0x91B2, 0x91B3, 0x940B, 0x9413, 0x93FB, 0x9420
    dw 0x940F, 0x9414, 0x93FE, 0x9415, 0x9410, 0x9428, 0x9419, 0x940D, 0x93F5, 0x9400, 0x93F7, 0x9407
    dw 0x940E, 0x9416, 0x9412, 0x93FA, 0x9409, 0x93F8, 0x940A, 0x93FF, 0x93FC, 0x940C, 0x93F6, 0x9411
    dw 0x9406, 0x95DE, 0x95E0, 0x95DF, 0x972E, 0x972F, 0x97B9, 0x97BB, 0x97FD, 0x97FE, 0x9860, 0x9862
    dw 0x9863, 0x985F, 0x98C1, 0x98C2, 0x9950, 0x994E, 0x9959, 0x994C, 0x994B, 0x9953, 0x9A32, 0x9A34
    dw 0x9A31, 0x9A2C, 0x9A2A, 0x9A36, 0x9A29, 0x9A2E, 0x9A38, 0x9A2D, 0x9AC7, 0x9ACA, 0x9AC6, 0x9B10
    dw 0x9B12, 0x9B11, 0x9C0B, 0x9C08, 0x9BF7, 0x9C05, 0x9C12, 0x9BF8, 0x9C40, 0x9C07, 0x9C0E, 0x9C06
    dw 0x9C17, 0x9C14, 0x9C09, 0x9D9F, 0x9D99, 0x9DA4, 0x9D9D, 0x9D92, 0x9D98, 0x9D90, 0x9D9B, 0x9DA0
    dw 0x9D94, 0x9D9C, 0x9DAA, 0x9D97, 0x9DA1, 0x9D9A, 0x9DA2, 0x9DA8, 0x9D9E, 0x9DA3, 0x9DBF, 0x9DA9
    dw 0x9D96, 0x9DA6, 0x9DA7, 0x9E99, 0x9E9B, 0x9E9A, 0x9EE5, 0x9EE4, 0x9EE7, 0x9EE6, 0x9F30, 0x9F2E
    dw 0x9F5B, 0x9F60, 0x9F5E, 0x9F5D, 0x9F59, 0x9F91, 0x513A, 0x5139, 0x5298, 0x5297, 0x56C3, 0x56BD
    dw 0x56BE, 0x5B48, 0x5B47, 0x5DCB, 0x5DCF, 0x5EF1, 0x61FD, 0x651B, 0x6B02, 0x6AFC, 0x6B03, 0x6AF8
    dw 0x6B00, 0x7043, 0x7044, 0x704A, 0x7048, 0x7049, 0x7045, 0x7046, 0x721D, 0x721A, 0x7219, 0x737E
    dw 0x7517, 0x766A, 0x77D0, 0x792D, 0x7931, 0x792F, 0x7C54, 0x7C53, 0x7CF2, 0x7E8A, 0x7E87, 0x7E88
    dw 0x7E8B, 0x7E86, 0x7E8D, 0x7F4D, 0x7FBB, 0x8030, 0x81DD, 0x8618, 0x862A, 0x8626, 0x861F, 0x8623
    dw 0x861C, 0x8619, 0x8627, 0x862E, 0x8621, 0x8620, 0x8629, 0x861E, 0x8625, 0x8829, 0x881D, 0x881B
    dw 0x8820, 0x8824, 0x881C, 0x882B, 0x884A, 0x896D, 0x8969, 0x896E, 0x896B, 0x89FA, 0x8B79, 0x8B78
    dw 0x8B45, 0x8B7A, 0x8B7B, 0x8D10, 0x8D14, 0x8DAF, 0x8E8E, 0x8E8C, 0x8F5E, 0x8F5B, 0x8F5D, 0x9146
    dw 0x9144, 0x9145, 0x91B9, 0x943F, 0x943B, 0x9436, 0x9429, 0x943D, 0x943C, 0x9430, 0x9439, 0x942A
    dw 0x9437, 0x942C, 0x9440, 0x9431, 0x95E5, 0x95E4, 0x95E3, 0x9735, 0x973A, 0x97BF, 0x97E1, 0x9864
    dw 0x98C9, 0x98C6, 0x98C0, 0x9958, 0x9956, 0x9A39, 0x9A3D, 0x9A46, 0x9A44, 0x9A42, 0x9A41, 0x9A3A
    dw 0x9A3F, 0x9ACD, 0x9B15, 0x9B17, 0x9B18, 0x9B16, 0x9B3A, 0x9B52, 0x9C2B, 0x9C1D, 0x9C1C, 0x9C2C
    dw 0x9C23, 0x9C28, 0x9C29, 0x9C24, 0x9C21, 0x9DB7, 0x9DB6, 0x9DBC, 0x9DC1, 0x9DC7, 0x9DCA, 0x9DCF
    dw 0x9DBE, 0x9DC5, 0x9DC3, 0x9DBB, 0x9DB5, 0x9DCE, 0x9DB9, 0x9DBA, 0x9DAC, 0x9DC8, 0x9DB1, 0x9DAD
    dw 0x9DCC, 0x9DB3, 0x9DCD, 0x9DB2, 0x9E7A, 0x9E9C, 0x9EEB, 0x9EEE, 0x9EED, 0x9F1B, 0x9F18, 0x9F1A
    dw 0x9F31, 0x9F4E, 0x9F65, 0x9F64, 0x9F92, 0x4EB9, 0x56C6, 0x56C5, 0x56CB, 0x5971, 0x5B4B, 0x5B4C
    dw 0x5DD5, 0x5DD1, 0x5EF2, 0x6521, 0x6520, 0x6526, 0x6522, 0x6B0B, 0x6B08, 0x6B09, 0x6C0D, 0x7055
    dw 0x7056, 0x7057, 0x7052, 0x721E, 0x721F, 0x72A9, 0x737F, 0x74D8, 0x74D5, 0x74D9, 0x74D7, 0x766D
    dw 0x76AD, 0x7935, 0x79B4, 0x7A70, 0x7A71, 0x7C57, 0x7C5C, 0x7C59, 0x7C5B, 0x7C5A, 0x7CF4, 0x7CF1
    dw 0x7E91, 0x7F4F, 0x7F87, 0x81DE, 0x826B, 0x8634, 0x8635, 0x8633, 0x862C, 0x8632, 0x8636, 0x882C
    dw 0x8828, 0x8826, 0x882A, 0x8825, 0x8971, 0x89BF, 0x89BE, 0x89FB, 0x8B7E, 0x8B84, 0x8B82, 0x8B86
    dw 0x8B85, 0x8B7F, 0x8D15, 0x8E95, 0x8E94, 0x8E9A, 0x8E92, 0x8E90, 0x8E96, 0x8E97, 0x8F60, 0x8F62
    dw 0x9147, 0x944C, 0x9450, 0x944A, 0x944B, 0x944F, 0x9447, 0x9445, 0x9448, 0x9449, 0x9446, 0x973F
    dw 0x97E3, 0x986A, 0x9869, 0x98CB, 0x9954, 0x995B, 0x9A4E, 0x9A53, 0x9A54, 0x9A4C, 0x9A4F, 0x9A48
    dw 0x9A4A, 0x9A49, 0x9A52, 0x9A50, 0x9AD0, 0x9B19, 0x9B2B, 0x9B3B, 0x9B56, 0x9B55, 0x9C46, 0x9C48
    dw 0x9C3F, 0x9C44, 0x9C39, 0x9C33, 0x9C41, 0x9C3C, 0x9C37, 0x9C34, 0x9C32, 0x9C3D, 0x9C36, 0x9DDB
    dw 0x9DD2, 0x9DDE, 0x9DDA, 0x9DCB, 0x9DD0, 0x9DDC, 0x9DD1, 0x9DDF, 0x9DE9, 0x9DD9, 0x9DD8, 0x9DD6
    dw 0x9DF5, 0x9DD5, 0x9DDD, 0x9EB6, 0x9EF0, 0x9F35, 0x9F33, 0x9F32, 0x9F42, 0x9F6B, 0x9F95, 0x9FA2
    dw 0x513D, 0x5299, 0x58E8, 0x58E7, 0x5972, 0x5B4D, 0x5DD8, 0x882F, 0x5F4F, 0x6201, 0x6203, 0x6204
    dw 0x6529, 0x6525, 0x6596, 0x66EB, 0x6B11, 0x6B12, 0x6B0F, 0x6BCA, 0x705B, 0x705A, 0x7222, 0x7382
    dw 0x7381, 0x7383, 0x7670, 0x77D4, 0x7C67, 0x7C66, 0x7E95, 0x826C, 0x863A, 0x8640, 0x8639, 0x863C
    dw 0x8631, 0x863B, 0x863E, 0x8830, 0x8832, 0x882E, 0x8833, 0x8976, 0x8974, 0x8973, 0x89FE, 0x8B8C
    dw 0x8B8E, 0x8B8B, 0x8B88, 0x8C45, 0x8D19, 0x8E98, 0x8F64, 0x8F63, 0x91BC, 0x9462, 0x9455, 0x945D
    dw 0x9457, 0x945E, 0x97C4, 0x97C5, 0x9800, 0x9A56, 0x9A59, 0x9B1E, 0x9B1F, 0x9B20, 0x9C52, 0x9C58
    dw 0x9C50, 0x9C4A, 0x9C4D, 0x9C4B, 0x9C55, 0x9C59, 0x9C4C, 0x9C4E, 0x9DFB, 0x9DF7, 0x9DEF, 0x9DE3
    dw 0x9DEB, 0x9DF8, 0x9DE4, 0x9DF6, 0x9DE1, 0x9DEE, 0x9DE6, 0x9DF2, 0x9DF0, 0x9DE2, 0x9DEC, 0x9DF4
    dw 0x9DF3, 0x9DE8, 0x9DED, 0x9EC2, 0x9ED0, 0x9EF2, 0x9EF3, 0x9F06, 0x9F1C, 0x9F38, 0x9F37, 0x9F36
    dw 0x9F43, 0x9F4F, 0x9F71, 0x9F70, 0x9F6E, 0x9F6F, 0x56D3, 0x56CD, 0x5B4E, 0x5C6D, 0x652D, 0x66ED
    dw 0x66EE, 0x6B13, 0x705F, 0x7061, 0x705D, 0x7060, 0x7223, 0x74DB, 0x74E5, 0x77D5, 0x7938, 0x79B7
    dw 0x79B6, 0x7C6A, 0x7E97, 0x7F89, 0x826D, 0x8643, 0x8838, 0x8837, 0x8835, 0x884B, 0x8B94, 0x8B95
    dw 0x8E9E, 0x8E9F, 0x8EA0, 0x8E9D, 0x91BE, 0x91BD, 0x91C2, 0x946B, 0x9468, 0x9469, 0x96E5, 0x9746
    dw 0x9743, 0x9747, 0x97C7, 0x97E5, 0x9A5E, 0x9AD5, 0x9B59, 0x9C63, 0x9C67, 0x9C66, 0x9C62, 0x9C5E
    dw 0x9C60, 0x9E02, 0x9DFE, 0x9E07, 0x9E03, 0x9E06, 0x9E05, 0x9E00, 0x9E01, 0x9E09, 0x9DFF, 0x9DFD
    dw 0x9E04, 0x9EA0, 0x9F1E, 0x9F46, 0x9F74, 0x9F75, 0x9F76, 0x56D4, 0x652E, 0x65B8, 0x6B18, 0x6B19
    dw 0x6B17, 0x6B1A, 0x7062, 0x7226, 0x72AA, 0x77D8, 0x77D9, 0x7939, 0x7C69, 0x7C6B, 0x7CF6, 0x7E9A
    dw 0x7E98, 0x7E9B, 0x7E99, 0x81E0, 0x81E1, 0x8646, 0x8647, 0x8648, 0x8979, 0x897A, 0x897C, 0x897B
    dw 0x89FF, 0x8B98, 0x8B99, 0x8EA5, 0x8EA4, 0x8EA3, 0x946E, 0x946D, 0x946F, 0x9471, 0x9473, 0x9749
    dw 0x9872, 0x995F, 0x9C68, 0x9C6E, 0x9C6D, 0x9E0B, 0x9E0D, 0x9E10, 0x9E0F, 0x9E12, 0x9E11, 0x9EA1
    dw 0x9EF5, 0x9F09, 0x9F47, 0x9F78, 0x9F7B, 0x9F7A, 0x9F79, 0x571E, 0x7066, 0x7C6F, 0x883C, 0x8DB2
    dw 0x8EA6, 0x91C3, 0x9474, 0x9478, 0x9476, 0x9475, 0x9A60, 0x9C74, 0x9C73, 0x9C71, 0x9C75, 0x9E14
    dw 0x9E13, 0x9EF6, 0x9F0A, 0x9FA4, 0x7068, 0x7065, 0x7CF7, 0x866A, 0x883E, 0x883D, 0x883F, 0x8B9E
    dw 0x8C9C, 0x8EA9, 0x8EC9, 0x974B, 0x9873, 0x9874, 0x98CC, 0x9961, 0x99AB, 0x9A64, 0x9A66, 0x9A67
    dw 0x9B24, 0x9E15, 0x9E17, 0x9F48, 0x6207, 0x6B1E, 0x7227, 0x864C, 0x8EA8, 0x9482, 0x9480, 0x9481
    dw 0x9A69, 0x9A68, 0x9B2E, 0x9E19, 0x7229, 0x864B, 0x8B9F, 0x9483, 0x9C79, 0x9EB7, 0x7675, 0x9A6B
    dw 0x9C7A, 0x9E1D, 0x7069, 0x706A, 0x9EA4, 0x9F7E, 0x9F49, 0x9F98, 0x0000, 0x0000, 0x0000, 0x0000
    dw 0x0000, 0x0000, 0x0000, 0x0000, 0x0000, 0x0000, 0x0000, 0x0000, 0x0000, 0x0000, 0x0000, 0x0000
    dw 0x0000, 0x0000, 0x0000, 0x0000, 0x0000, 0x0000, 0x0000, 0x0000, 0x0000, 0x0000, 0x0000, 0x0000
    dw 0x0000, 0x0000, 0x0000, 0x0000, 0x0000, 0x0000, 0x0000, 0x0000, 0x0000, 0x0000, 0x0000, 0x0000
    dw 0x0000, 0x0000, 0x0000, 0x0000, 0x0000, 0x0000, 0x0000, 0x0000, 0x0000, 0x0000, 0x0000, 0x0000
    dw 0x0000, 0x0000, 0x0000, 0x0000, 0x0000, 0x0000, 0x0000, 0x0000, 0x0000, 0x0000, 0x0000, 0x0000
    dw 0x0000, 0x0000, 0x0000, 0x0000, 0x0000, 0x0000, 0x0000, 0x0000, 0x0000, 0x0000, 0x0000, 0x0000
    dw 0x0000, 0x0000, 0x0000, 0x0000, 0x0000, 0x0000, 0x0000, 0x0000, 0x0000, 0x0000, 0x0000, 0x0000
    dw 0x0000, 0x0000, 0x0000, 0x0000, 0x0000, 0x0000, 0x0000, 0x0000, 0x0000, 0x0000, 0x0000, 0x0000
    dw 0x0000, 0x0000, 0x0000, 0x0000, 0x0000, 0x0000, 0x0000, 0x0000, 0x0000, 0x0000, 0x0000, 0x0000
    dw 0x0000, 0x0000, 0x0000, 0x0000, 0x0000, 0x0000, 0x0000, 0x0000, 0x0000, 0x0000, 0x0000, 0x0000
    dw 0x0000, 0x0000, 0x0000, 0x0000, 0x0000, 0x0000, 0x0000, 0x0000, 0x0000, 0x0000, 0x0000, 0x0000
    dw 0x0000, 0x0000, 0x0000, 0x0000, 0x0000, 0x0000, 0x0000, 0x0000, 0x0000, 0x0000, 0x0000, 0x0000
    dw 0x0000, 0x0000, 0x0000, 0x0000, 0x0000, 0x0000, 0x0000, 0x0000, 0x0000, 0x0000, 0x0000, 0x0000
    dw 0x0000, 0x0000, 0x0000, 0x0000, 0x0000, 0x0000, 0x0000, 0x0000, 0x0000, 0x0000, 0x0000, 0x0000
    dw 0x0000, 0x0000, 0x0000, 0x0000, 0x0000, 0x0000, 0x0000, 0x0000, 0x0000, 0x0000, 0x0000, 0x0000
    dw 0x0000, 0x0000, 0x0000, 0x0000, 0x0000, 0x0000, 0x0000, 0x0000, 0x0000, 0x0000, 0x0000, 0x0000
    dw 0x0000, 0x0000, 0x0000, 0x0000, 0x0000, 0x0000, 0x0000, 0x0000, 0x0000, 0x0000, 0x0000, 0x0000
    dw 0x0000, 0x0000, 0x0000, 0x0000, 0x0000, 0x0000, 0x0000, 0x0000, 0x0000, 0x0000, 0x0000, 0x0000
    dw 0x0000, 0x0000, 0x0000, 0x0000, 0x0000, 0x0000, 0x0000, 0x0000, 0x0000, 0x0000, 0x0000, 0x0000
    dw 0x0000, 0x0000, 0x0000, 0x0000, 0x0000, 0x0000, 0x0000, 0x0000, 0x0000, 0x0000, 0x0000, 0x0000
    dw 0x0000, 0x0000, 0x0000, 0x0000, 0x0000, 0x0000, 0x0000, 0x0000, 0x0000, 0x0000, 0x0000, 0x0000
    dw 0x0000, 0x0000, 0x0000, 0x0000, 0x0000, 0x0000, 0x0000, 0x0000, 0x0000, 0x0000, 0x0000, 0x0000
    dw 0x0000, 0x0000, 0x0000, 0x0000, 0x0000, 0x0000, 0x0000, 0x0000, 0x0000, 0x0000, 0x0000, 0x0000
    dw 0x0000, 0x0000, 0x0000, 0x0000, 0x0000, 0x0000, 0x0000, 0x0000, 0x0000, 0x0000, 0x0000, 0x0000
    dw 0x0000, 0x0000, 0x0000, 0x0000, 0x0000, 0x0000, 0x0000, 0x0000, 0x0000, 0x0000, 0x0000, 0x0000
    dw 0x0000, 0x0000, 0x0000, 0x0000, 0x0000, 0x0000, 0x0000, 0x0000, 0x0000, 0x0000, 0x0000, 0x0000
    dw 0x0000, 0x0000, 0x0000, 0x0000, 0x0000, 0x0000, 0x0000, 0x0000, 0x0000, 0x0000, 0x0000, 0x0000
    dw 0x0000, 0x0000, 0x0000, 0x0000, 0x0000, 0x0000, 0x0000, 0x0000, 0x0000, 0x0000, 0x0000, 0x0000
    dw 0x0000, 0x0000, 0x0000, 0x0000, 0x0000, 0x0000, 0x0000, 0x0000, 0x0000, 0x0000, 0x0000, 0x0000
    dw 0x0000, 0x0000, 0x0000, 0x0000, 0x0000, 0x0000, 0x0000, 0x0000, 0x0000, 0x0000, 0x0000, 0x0000
    dw 0x0000, 0x0000, 0x0000, 0x0000, 0x0000, 0x0000, 0x0000, 0x0000, 0x0000, 0x0000, 0x0000, 0x0000
    dw 0x0000, 0x0000, 0x0000, 0x0000, 0x0000, 0x0000, 0x0000, 0x0000, 0x0000, 0x0000, 0x0000, 0x0000
    dw 0x0000, 0x0000, 0x0000, 0x0000, 0x0000, 0x0000, 0x0000, 0x0000, 0x0000, 0x0000, 0x0000, 0x0000
    dw 0x0000, 0x0000, 0x0000, 0x0000, 0x0000, 0x0000, 0x0000, 0x0000, 0x0000, 0x0000, 0x0000, 0x0000
    dw 0x0000, 0x0000, 0x0000, 0x0000, 0x0000, 0x0000, 0x0000, 0x0000, 0x0000, 0x0000, 0x0000, 0x0000
    dw 0x0000, 0x0000, 0x0000, 0x0000, 0x0000, 0x0000, 0x0000, 0x0000, 0x0000, 0x0000, 0x0000, 0x0000
    dw 0x0000, 0x0000, 0x0000, 0x0000, 0x0000, 0x0000, 0x0000, 0x0000, 0x0000, 0x0000, 0x0000, 0x0000
    dw 0x0000, 0x0000, 0x0000, 0x0000, 0x0000, 0x0000, 0x0000, 0x0000, 0x0000, 0x0000, 0x0000, 0x0000
    dw 0x0000, 0x0000, 0x0000, 0x0000, 0x0000, 0x0000, 0x0000, 0x0000, 0x0000, 0x0000, 0x0000, 0x0000
    dw 0x0000, 0x0000, 0x0000, 0x0000, 0x0000, 0x0000, 0x0000, 0x0000, 0x0000, 0x0000, 0x0000, 0x0000
    dw 0x0000, 0x0000, 0x0000, 0x0000, 0x0000, 0x0000, 0x0000, 0x0000, 0x0000, 0x0000, 0x0000, 0x0000
    dw 0x0000, 0x0000, 0x0000, 0x0000, 0x0000, 0x0000, 0x0000, 0x0000, 0x0000, 0x0000, 0x0000, 0x0000
    dw 0x0000, 0x0000, 0x0000, 0x0000, 0x0000, 0x0000, 0x0000, 0x0000, 0x0000, 0x0000, 0x0000, 0x0000
    dw 0x0000, 0x0000, 0x0000, 0x0000, 0x0000, 0x0000, 0x0000, 0x0000, 0x0000, 0x0000, 0x0000, 0x0000
    dw 0x0000, 0x0000, 0x0000, 0x0000, 0x0000, 0x0000, 0x0000, 0x0000, 0x0000, 0x0000, 0x0000, 0x0000
    dw 0x0000, 0x0000, 0x0000, 0x0000, 0x0000, 0x0000, 0x0000, 0x0000, 0x0000, 0x0000, 0x0000, 0x0000
    dw 0x0000, 0x0000, 0x0000, 0x0000, 0x0000, 0x0000, 0x0000, 0x0000, 0x0000, 0x0000, 0x0000, 0x0000
    dw 0x0000, 0x0000, 0x0000, 0x0000, 0x0000, 0x0000, 0x0000, 0x0000, 0x0000, 0x0000, 0x0000, 0x0000
    dw 0x0000, 0x0000, 0x0000, 0x0000, 0x0000, 0x0000, 0x0000, 0x0000, 0x0000, 0x0000, 0x0000, 0x0000
    dw 0x0000, 0x0000, 0x0000, 0x0000, 0x0000, 0x0000, 0x0000, 0x0000, 0x0000, 0x0000, 0x0000, 0x0000
    dw 0x0000, 0x0000, 0x0000, 0x0000, 0x0000, 0x0000, 0x0000, 0x0000, 0x0000, 0x0000, 0x0000, 0x0000
    dw 0x0000, 0x0000, 0x0000, 0x0000, 0x0000, 0x0000, 0x0000, 0x0000, 0x0000, 0x0000, 0x0000, 0x0000
    dw 0x0000, 0x0000, 0x0000, 0x0000, 0x0000, 0x0000, 0x0000, 0x0000, 0x0000, 0x0000, 0x0000, 0x0000
    dw 0x0000, 0x0000, 0x0000, 0x0000, 0x0000, 0x0000, 0x0000, 0x0000, 0x0000, 0x0000, 0x0000, 0x0000
    dw 0x0000, 0x0000, 0x0000, 0x0000, 0x0000, 0x0000, 0x0000, 0x0000, 0x0000, 0x0000, 0x0000, 0x0000
    dw 0x0000, 0x0000, 0x0000, 0x0000, 0x0000, 0x0000, 0x0000, 0x0000, 0x0000, 0x0000, 0x0000, 0x0000
    dw 0x0000, 0x0000, 0x0000, 0x0000, 0x0000, 0x0000, 0x0000, 0x0000, 0x0000, 0x0000, 0x0000, 0x0000
    dw 0x0000, 0x0000, 0x0000, 0x0000, 0x0000, 0x0000, 0x0000, 0x0000, 0x0000, 0x0000, 0x0000, 0x0000
    dw 0x0000, 0x0000, 0x0000, 0x0000, 0x0000, 0x0000, 0x0000, 0x0000, 0x0000, 0x0000, 0x0000, 0x0000
    dw 0x0000, 0x0000, 0x0000, 0x0000, 0x0000, 0x0000, 0x0000, 0x0000, 0x0000, 0x0000, 0x0000, 0x0000
    dw 0x0000, 0x0000, 0x0000, 0x0000, 0x0000, 0x0000, 0x0000, 0x0000, 0x0000, 0x0000, 0x0000, 0x0000
    dw 0x0000, 0x0000, 0x0000, 0x0000, 0x0000, 0x0000, 0x0000, 0x0000, 0x0000, 0x0000, 0x0000, 0x0000
    dw 0x0000, 0x0000, 0x0000, 0x0000, 0x0000, 0x0000, 0x0000, 0x0000, 0x0000, 0x0000, 0x0000, 0x0000
    dw 0x0000, 0x0000, 0x0000, 0x0000, 0x0000, 0x0000, 0x0000, 0x0000, 0x0000, 0x0000, 0x0000, 0x0000
    dw 0x0000, 0x0000, 0x0000, 0x0000, 0x0000, 0x0000, 0x0000, 0x0000, 0x0000, 0x0000, 0x0000, 0x0000
    dw 0x0000, 0x0000, 0x0000, 0x0000, 0x0000, 0x0000, 0x0000, 0x0000, 0x0000, 0x0000, 0x0000, 0x0000
    dw 0x0000, 0x0000, 0x0000, 0x0000, 0x0000, 0x0000, 0x0000, 0x0000, 0x0000, 0x0000, 0x0000, 0x0000
    dw 0x0000, 0x0000, 0x0000, 0x0000, 0x0000, 0x0000, 0x0000, 0x0000, 0x0000, 0x0000, 0x0000, 0x0000
    dw 0x0000, 0x0000, 0x0000, 0x0000, 0x0000, 0x0000

global _big5_table_rows
_big5_table_rows: dq 126
global _big5_table_cols
_big5_table_cols: dq 157
global _big5_table_size
_big5_table_size: dq 19782

global _big5_from_unicode
_big5_from_unicode:
    dd 0x00A2, 0xA246
    dd 0x00A3, 0xA247
    dd 0x00A5, 0xA244
    dd 0x00A7, 0xA1B1
    dd 0x00B0, 0xA258
    dd 0x00B1, 0xA1D3
    dd 0x00B7, 0xA150
    dd 0x00D7, 0xA1D1
    dd 0x00F7, 0xA1D2
    dd 0x02C7, 0xA3BE
    dd 0x02C9, 0xA3BC
    dd 0x02CA, 0xA3BD
    dd 0x02CB, 0xA3BF
    dd 0x02D9, 0xA3BB
    dd 0x0391, 0xA344
    dd 0x0392, 0xA345
    dd 0x0393, 0xA346
    dd 0x0394, 0xA347
    dd 0x0395, 0xA348
    dd 0x0396, 0xA349
    dd 0x0397, 0xA34A
    dd 0x0398, 0xA34B
    dd 0x0399, 0xA34C
    dd 0x039A, 0xA34D
    dd 0x039B, 0xA34E
    dd 0x039C, 0xA34F
    dd 0x039D, 0xA350
    dd 0x039E, 0xA351
    dd 0x039F, 0xA352
    dd 0x03A0, 0xA353
    dd 0x03A1, 0xA354
    dd 0x03A3, 0xA355
    dd 0x03A4, 0xA356
    dd 0x03A5, 0xA357
    dd 0x03A6, 0xA358
    dd 0x03A7, 0xA359
    dd 0x03A8, 0xA35A
    dd 0x03A9, 0xA35B
    dd 0x03B1, 0xA35C
    dd 0x03B2, 0xA35D
    dd 0x03B3, 0xA35E
    dd 0x03B4, 0xA35F
    dd 0x03B5, 0xA360
    dd 0x03B6, 0xA361
    dd 0x03B7, 0xA362
    dd 0x03B8, 0xA363
    dd 0x03B9, 0xA364
    dd 0x03BA, 0xA365
    dd 0x03BB, 0xA366
    dd 0x03BC, 0xA367
    dd 0x03BD, 0xA368
    dd 0x03BE, 0xA369
    dd 0x03BF, 0xA36A
    dd 0x03C0, 0xA36B
    dd 0x03C1, 0xA36C
    dd 0x03C3, 0xA36D
    dd 0x03C4, 0xA36E
    dd 0x03C5, 0xA36F
    dd 0x03C6, 0xA370
    dd 0x03C7, 0xA371
    dd 0x03C8, 0xA372
    dd 0x03C9, 0xA373
    dd 0x0401, 0xC7B3
    dd 0x0414, 0xC7B1
    dd 0x0415, 0xC7B2
    dd 0x0416, 0xC7B4
    dd 0x0417, 0xC7B5
    dd 0x0418, 0xC7B6
    dd 0x0419, 0xC7B7
    dd 0x041A, 0xC7B8
    dd 0x041B, 0xC7B9
    dd 0x041C, 0xC7BA
    dd 0x0423, 0xC7BB
    dd 0x0424, 0xC7BC
    dd 0x0425, 0xC7BD
    dd 0x0426, 0xC7BE
    dd 0x0427, 0xC7BF
    dd 0x0428, 0xC7C0
    dd 0x0429, 0xC7C1
    dd 0x042A, 0xC7C2
    dd 0x042B, 0xC7C3
    dd 0x042C, 0xC7C4
    dd 0x042D, 0xC7C5
    dd 0x042E, 0xC7C6
    dd 0x042F, 0xC7C7
    dd 0x0430, 0xC7C8
    dd 0x0431, 0xC7C9
    dd 0x0432, 0xC7CA
    dd 0x0433, 0xC7CB
    dd 0x0434, 0xC7CC
    dd 0x0435, 0xC7CD
    dd 0x0436, 0xC7CF
    dd 0x0437, 0xC7D0
    dd 0x0438, 0xC7D1
    dd 0x0439, 0xC7D2
    dd 0x043A, 0xC7D3
    dd 0x043B, 0xC7D4
    dd 0x043C, 0xC7D5
    dd 0x043D, 0xC7D6
    dd 0x043E, 0xC7D7
    dd 0x043F, 0xC7D8
    dd 0x0440, 0xC7D9
    dd 0x0441, 0xC7DA
    dd 0x0442, 0xC7DB
    dd 0x0443, 0xC7DC
    dd 0x0444, 0xC7DD
    dd 0x0445, 0xC7DE
    dd 0x0446, 0xC7DF
    dd 0x0447, 0xC7E0
    dd 0x0448, 0xC7E1
    dd 0x0449, 0xC7E2
    dd 0x044A, 0xC7E3
    dd 0x044B, 0xC7E4
    dd 0x044C, 0xC7E5
    dd 0x044D, 0xC7E6
    dd 0x044E, 0xC7E7
    dd 0x044F, 0xC7E8
    dd 0x0451, 0xC7CE
    dd 0x2013, 0xA156
    dd 0x2014, 0xA158
    dd 0x2018, 0xA1A5
    dd 0x2019, 0xA1A6
    dd 0x201C, 0xA1A7
    dd 0x201D, 0xA1A8
    dd 0x2022, 0xA145
    dd 0x2025, 0xA14C
    dd 0x2026, 0xA14B
    dd 0x2032, 0xA1AC
    dd 0x2035, 0xA1AB
    dd 0x203B, 0xA1B0
    dd 0x203E, 0xA1C2
    dd 0x2103, 0xA24A
    dd 0x2105, 0xA1C1
    dd 0x2109, 0xA24B
    dd 0x2160, 0xA2B9
    dd 0x2161, 0xA2BA
    dd 0x2162, 0xA2BB
    dd 0x2163, 0xA2BC
    dd 0x2164, 0xA2BD
    dd 0x2165, 0xA2BE
    dd 0x2166, 0xA2BF
    dd 0x2167, 0xA2C0
    dd 0x2168, 0xA2C1
    dd 0x2169, 0xA2C2
    dd 0x2190, 0xA1F6
    dd 0x2191, 0xA1F4
    dd 0x2192, 0xA1F7
    dd 0x2193, 0xA1F5
    dd 0x2196, 0xA1F8
    dd 0x2197, 0xA1F9
    dd 0x2198, 0xA1FB
    dd 0x2199, 0xA1FA
    dd 0x221A, 0xA1D4
    dd 0x221E, 0xA1DB
    dd 0x221F, 0xA1E8
    dd 0x2220, 0xA1E7
    dd 0x2223, 0xA1FD
    dd 0x2225, 0xA1FC
    dd 0x2229, 0xA1E4
    dd 0x222A, 0xA1E5
    dd 0x222B, 0xA1EC
    dd 0x222E, 0xA1ED
    dd 0x2234, 0xA1EF
    dd 0x2235, 0xA1EE
    dd 0x223C, 0xA1E3
    dd 0x2252, 0xA1DC
    dd 0x2260, 0xA1DA
    dd 0x2261, 0xA1DD
    dd 0x2266, 0xA1D8
    dd 0x2267, 0xA1D9
    dd 0x22A5, 0xA1E6
    dd 0x22BF, 0xA1E9
    dd 0x2460, 0xC7E9
    dd 0x2461, 0xC7EA
    dd 0x2462, 0xC7EB
    dd 0x2463, 0xC7EC
    dd 0x2464, 0xC7ED
    dd 0x2465, 0xC7EE
    dd 0x2466, 0xC7EF
    dd 0x2467, 0xC7F0
    dd 0x2468, 0xC7F1
    dd 0x2469, 0xC7F2
    dd 0x2474, 0xC7F3
    dd 0x2475, 0xC7F4
    dd 0x2476, 0xC7F5
    dd 0x2477, 0xC7F6
    dd 0x2478, 0xC7F7
    dd 0x2479, 0xC7F8
    dd 0x247A, 0xC7F9
    dd 0x247B, 0xC7FA
    dd 0x247C, 0xC7FB
    dd 0x247D, 0xC7FC
    dd 0x2500, 0xA277
    dd 0x2502, 0xA278
    dd 0x250C, 0xA27A
    dd 0x2510, 0xA27B
    dd 0x2514, 0xA27C
    dd 0x2518, 0xA27D
    dd 0x251C, 0xA275
    dd 0x2524, 0xA274
    dd 0x252C, 0xA273
    dd 0x2534, 0xA272
    dd 0x253C, 0xA271
    dd 0x2550, 0xA2A4
    dd 0x255E, 0xA2A5
    dd 0x2561, 0xA2A7
    dd 0x256A, 0xA2A6
    dd 0x256D, 0xA27E
    dd 0x256E, 0xA2A1
    dd 0x256F, 0xA2A3
    dd 0x2570, 0xA2A2
    dd 0x2571, 0xA2AC
    dd 0x2572, 0xA2AD
    dd 0x2573, 0xA2AE
    dd 0x2581, 0xA262
    dd 0x2582, 0xA263
    dd 0x2583, 0xA264
    dd 0x2584, 0xA265
    dd 0x2585, 0xA266
    dd 0x2586, 0xA267
    dd 0x2587, 0xA268
    dd 0x2588, 0xA269
    dd 0x2589, 0xA270
    dd 0x258A, 0xA26F
    dd 0x258B, 0xA26E
    dd 0x258C, 0xA26D
    dd 0x258D, 0xA26C
    dd 0x258E, 0xA26B
    dd 0x258F, 0xA26A
    dd 0x2594, 0xA276
    dd 0x2595, 0xA279
    dd 0x25A0, 0xA1BD
    dd 0x25A1, 0xA1BC
    dd 0x25B2, 0xA1B6
    dd 0x25B3, 0xA1B5
    dd 0x25BC, 0xA1BF
    dd 0x25BD, 0xA1BE
    dd 0x25C6, 0xA1BB
    dd 0x25C7, 0xA1BA
    dd 0x25CB, 0xA1B3
    dd 0x25CE, 0xA1B7
    dd 0x25CF, 0xA1B4
    dd 0x25E2, 0xA2A8
    dd 0x25E3, 0xA2A9
    dd 0x25E4, 0xA2AB
    dd 0x25E5, 0xA2AA
    dd 0x2605, 0xA1B9
    dd 0x2606, 0xA1B8
    dd 0x2609, 0xA1F3
    dd 0x2640, 0xA1F0
    dd 0x2641, 0xA1F2
    dd 0x2642, 0xA1F1
    dd 0x3000, 0xA140
    dd 0x3001, 0xA142
    dd 0x3002, 0xA143
    dd 0x3003, 0xA1B2
    dd 0x3005, 0xC6A4
    dd 0x3008, 0xA171
    dd 0x3009, 0xA172
    dd 0x300A, 0xA16D
    dd 0x300B, 0xA16E
    dd 0x300C, 0xA175
    dd 0x300D, 0xA176
    dd 0x300E, 0xA179
    dd 0x300F, 0xA17A
    dd 0x3010, 0xA169
    dd 0x3011, 0xA16A
    dd 0x3012, 0xA245
    dd 0x3014, 0xA165
    dd 0x3015, 0xA166
    dd 0x301D, 0xA1A9
    dd 0x301E, 0xA1AA
    dd 0x3021, 0xA2C3
    dd 0x3022, 0xA2C4
    dd 0x3023, 0xA2C5
    dd 0x3024, 0xA2C6
    dd 0x3025, 0xA2C7
    dd 0x3026, 0xA2C8
    dd 0x3027, 0xA2C9
    dd 0x3028, 0xA2CA
    dd 0x3029, 0xA2CB
    dd 0x3041, 0xC6A5
    dd 0x3042, 0xC6A6
    dd 0x3043, 0xC6A7
    dd 0x3044, 0xC6A8
    dd 0x3045, 0xC6A9
    dd 0x3046, 0xC6AA
    dd 0x3047, 0xC6AB
    dd 0x3048, 0xC6AC
    dd 0x3049, 0xC6AD
    dd 0x304A, 0xC6AE
    dd 0x304B, 0xC6AF
    dd 0x304C, 0xC6B0
    dd 0x304D, 0xC6B1
    dd 0x304E, 0xC6B2
    dd 0x304F, 0xC6B3
    dd 0x3050, 0xC6B4
    dd 0x3051, 0xC6B5
    dd 0x3052, 0xC6B6
    dd 0x3053, 0xC6B7
    dd 0x3054, 0xC6B8
    dd 0x3055, 0xC6B9
    dd 0x3056, 0xC6BA
    dd 0x3057, 0xC6BB
    dd 0x3058, 0xC6BC
    dd 0x3059, 0xC6BD
    dd 0x305A, 0xC6BE
    dd 0x305B, 0xC6BF
    dd 0x305C, 0xC6C0
    dd 0x305D, 0xC6C1
    dd 0x305E, 0xC6C2
    dd 0x305F, 0xC6C3
    dd 0x3060, 0xC6C4
    dd 0x3061, 0xC6C5
    dd 0x3062, 0xC6C6
    dd 0x3063, 0xC6C7
    dd 0x3064, 0xC6C8
    dd 0x3065, 0xC6C9
    dd 0x3066, 0xC6CA
    dd 0x3067, 0xC6CB
    dd 0x3068, 0xC6CC
    dd 0x3069, 0xC6CD
    dd 0x306A, 0xC6CE
    dd 0x306B, 0xC6CF
    dd 0x306C, 0xC6D0
    dd 0x306D, 0xC6D1
    dd 0x306E, 0xC6D2
    dd 0x306F, 0xC6D3
    dd 0x3070, 0xC6D4
    dd 0x3071, 0xC6D5
    dd 0x3072, 0xC6D6
    dd 0x3073, 0xC6D7
    dd 0x3074, 0xC6D8
    dd 0x3075, 0xC6D9
    dd 0x3076, 0xC6DA
    dd 0x3077, 0xC6DB
    dd 0x3078, 0xC6DC
    dd 0x3079, 0xC6DD
    dd 0x307A, 0xC6DE
    dd 0x307B, 0xC6DF
    dd 0x307C, 0xC6E0
    dd 0x307D, 0xC6E1
    dd 0x307E, 0xC6E2
    dd 0x307F, 0xC6E3
    dd 0x3080, 0xC6E4
    dd 0x3081, 0xC6E5
    dd 0x3082, 0xC6E6
    dd 0x3083, 0xC6E7
    dd 0x3084, 0xC6E8
    dd 0x3085, 0xC6E9
    dd 0x3086, 0xC6EA
    dd 0x3087, 0xC6EB
    dd 0x3088, 0xC6EC
    dd 0x3089, 0xC6ED
    dd 0x308A, 0xC6EE
    dd 0x308B, 0xC6EF
    dd 0x308C, 0xC6F0
    dd 0x308D, 0xC6F1
    dd 0x308E, 0xC6F2
    dd 0x308F, 0xC6F3
    dd 0x3090, 0xC6F4
    dd 0x3091, 0xC6F5
    dd 0x3092, 0xC6F6
    dd 0x3093, 0xC6F7
    dd 0x309D, 0xC6A2
    dd 0x309E, 0xC6A3
    dd 0x30A1, 0xC6F8
    dd 0x30A2, 0xC6F9
    dd 0x30A3, 0xC6FA
    dd 0x30A4, 0xC6FB
    dd 0x30A5, 0xC6FC
    dd 0x30A6, 0xC6FD
    dd 0x30A7, 0xC6FE
    dd 0x30A8, 0xC740
    dd 0x30A9, 0xC741
    dd 0x30AA, 0xC742
    dd 0x30AB, 0xC743
    dd 0x30AC, 0xC744
    dd 0x30AD, 0xC745
    dd 0x30AE, 0xC746
    dd 0x30AF, 0xC747
    dd 0x30B0, 0xC748
    dd 0x30B1, 0xC749
    dd 0x30B2, 0xC74A
    dd 0x30B3, 0xC74B
    dd 0x30B4, 0xC74C
    dd 0x30B5, 0xC74D
    dd 0x30B6, 0xC74E
    dd 0x30B7, 0xC74F
    dd 0x30B8, 0xC750
    dd 0x30B9, 0xC751
    dd 0x30BA, 0xC752
    dd 0x30BB, 0xC753
    dd 0x30BC, 0xC754
    dd 0x30BD, 0xC755
    dd 0x30BE, 0xC756
    dd 0x30BF, 0xC757
    dd 0x30C0, 0xC758
    dd 0x30C1, 0xC759
    dd 0x30C2, 0xC75A
    dd 0x30C3, 0xC75B
    dd 0x30C4, 0xC75C
    dd 0x30C5, 0xC75D
    dd 0x30C6, 0xC75E
    dd 0x30C7, 0xC75F
    dd 0x30C8, 0xC760
    dd 0x30C9, 0xC761
    dd 0x30CA, 0xC762
    dd 0x30CB, 0xC763
    dd 0x30CC, 0xC764
    dd 0x30CD, 0xC765
    dd 0x30CE, 0xC766
    dd 0x30CF, 0xC767
    dd 0x30D0, 0xC768
    dd 0x30D1, 0xC769
    dd 0x30D2, 0xC76A
    dd 0x30D3, 0xC76B
    dd 0x30D4, 0xC76C
    dd 0x30D5, 0xC76D
    dd 0x30D6, 0xC76E
    dd 0x30D7, 0xC76F
    dd 0x30D8, 0xC770
    dd 0x30D9, 0xC771
    dd 0x30DA, 0xC772
    dd 0x30DB, 0xC773
    dd 0x30DC, 0xC774
    dd 0x30DD, 0xC775
    dd 0x30DE, 0xC776
    dd 0x30DF, 0xC777
    dd 0x30E0, 0xC778
    dd 0x30E1, 0xC779
    dd 0x30E2, 0xC77A
    dd 0x30E3, 0xC77B
    dd 0x30E4, 0xC77C
    dd 0x30E5, 0xC77D
    dd 0x30E6, 0xC77E
    dd 0x30E7, 0xC7A1
    dd 0x30E8, 0xC7A2
    dd 0x30E9, 0xC7A3
    dd 0x30EA, 0xC7A4
    dd 0x30EB, 0xC7A5
    dd 0x30EC, 0xC7A6
    dd 0x30ED, 0xC7A7
    dd 0x30EE, 0xC7A8
    dd 0x30EF, 0xC7A9
    dd 0x30F0, 0xC7AA
    dd 0x30F1, 0xC7AB
    dd 0x30F2, 0xC7AC
    dd 0x30F3, 0xC7AD
    dd 0x30F4, 0xC7AE
    dd 0x30F5, 0xC7AF
    dd 0x30F6, 0xC7B0
    dd 0x30FE, 0xC6A1
    dd 0x3105, 0xA374
    dd 0x3106, 0xA375
    dd 0x3107, 0xA376
    dd 0x3108, 0xA377
    dd 0x3109, 0xA378
    dd 0x310A, 0xA379
    dd 0x310B, 0xA37A
    dd 0x310C, 0xA37B
    dd 0x310D, 0xA37C
    dd 0x310E, 0xA37D
    dd 0x310F, 0xA37E
    dd 0x3110, 0xA3A1
    dd 0x3111, 0xA3A2
    dd 0x3112, 0xA3A3
    dd 0x3113, 0xA3A4
    dd 0x3114, 0xA3A5
    dd 0x3115, 0xA3A6
    dd 0x3116, 0xA3A7
    dd 0x3117, 0xA3A8
    dd 0x3118, 0xA3A9
    dd 0x3119, 0xA3AA
    dd 0x311A, 0xA3AB
    dd 0x311B, 0xA3AC
    dd 0x311C, 0xA3AD
    dd 0x311D, 0xA3AE
    dd 0x311E, 0xA3AF
    dd 0x311F, 0xA3B0
    dd 0x3120, 0xA3B1
    dd 0x3121, 0xA3B2
    dd 0x3122, 0xA3B3
    dd 0x3123, 0xA3B4
    dd 0x3124, 0xA3B5
    dd 0x3125, 0xA3B6
    dd 0x3126, 0xA3B7
    dd 0x3127, 0xA3B8
    dd 0x3128, 0xA3B9
    dd 0x3129, 0xA3BA
    dd 0x32A3, 0xA1C0
    dd 0x338E, 0xA255
    dd 0x338F, 0xA256
    dd 0x339C, 0xA250
    dd 0x339D, 0xA251
    dd 0x339E, 0xA252
    dd 0x33A1, 0xA254
    dd 0x33C4, 0xA257
    dd 0x33CE, 0xA253
    dd 0x33D1, 0xA1EB
    dd 0x33D2, 0xA1EA
    dd 0x33D5, 0xA24F
    dd 0x4E00, 0xA440
    dd 0x4E01, 0xA442
    dd 0x4E03, 0xA443
    dd 0x4E07, 0xC945
    dd 0x4E08, 0xA456
    dd 0x4E09, 0xA454
    dd 0x4E0A, 0xA457
    dd 0x4E0B, 0xA455
    dd 0x4E0C, 0xC946
    dd 0x4E0D, 0xA4A3
    dd 0x4E0E, 0xC94F
    dd 0x4E0F, 0xC94D
    dd 0x4E10, 0xA4A2
    dd 0x4E11, 0xA4A1
    dd 0x4E14, 0xA542
    dd 0x4E15, 0xA541
    dd 0x4E16, 0xA540
    dd 0x4E18, 0xA543
    dd 0x4E19, 0xA4FE
    dd 0x4E1E, 0xA5E0
    dd 0x4E1F, 0xA5E1
    dd 0x4E26, 0xA8C3
    dd 0x4E2B, 0xA458
    dd 0x4E2D, 0xA4A4
    dd 0x4E2E, 0xC950
    dd 0x4E30, 0xA4A5
    dd 0x4E31, 0xC963
    dd 0x4E32, 0xA6EA
    dd 0x4E33, 0xCBB1
    dd 0x4E38, 0xA459
    dd 0x4E39, 0xA4A6
    dd 0x4E3B, 0xA544
    dd 0x4E3C, 0xC964
    dd 0x4E42, 0xC940
    dd 0x4E43, 0xA444
    dd 0x4E45, 0xA45B
    dd 0x4E47, 0xC947
    dd 0x4E48, 0xA45C
    dd 0x4E4B, 0xA4A7
    dd 0x4E4D, 0xA545
    dd 0x4E4E, 0xA547
    dd 0x4E4F, 0xA546
    dd 0x4E52, 0xA5E2
    dd 0x4E53, 0xA5E3
    dd 0x4E56, 0xA8C4
    dd 0x4E58, 0xADBC
    dd 0x4E59, 0xA441
    dd 0x4E5C, 0xC941
    dd 0x4E5D, 0xA445
    dd 0x4E5E, 0xA45E
    dd 0x4E5F, 0xA45D
    dd 0x4E69, 0xA5E4
    dd 0x4E73, 0xA8C5
    dd 0x4E7E, 0xB0AE
    dd 0x4E7F, 0xD44B
    dd 0x4E82, 0xB6C3
    dd 0x4E83, 0xDCB1
    dd 0x4E84, 0xDCB2
    dd 0x4E86, 0xA446
    dd 0x4E88, 0xA4A9
    dd 0x4E8B, 0xA8C6
    dd 0x4E8C, 0xA447
    dd 0x4E8D, 0xC948
    dd 0x4E8E, 0xA45F
    dd 0x4E91, 0xA4AA
    dd 0x4E92, 0xA4AC
    dd 0x4E93, 0xC951
    dd 0x4E94, 0xA4AD
    dd 0x4E95, 0xA4AB
    dd 0x4E99, 0xA5E5
    dd 0x4E9B, 0xA8C7
    dd 0x4E9E, 0xA8C8
    dd 0x4E9F, 0xAB45
    dd 0x4EA1, 0xA460
    dd 0x4EA2, 0xA4AE
    dd 0x4EA4, 0xA5E6
    dd 0x4EA5, 0xA5E8
    dd 0x4EA6, 0xA5E7
    dd 0x4EA8, 0xA6EB
    dd 0x4EAB, 0xA8C9
    dd 0x4EAC, 0xA8CA
    dd 0x4EAD, 0xAB46
    dd 0x4EAE, 0xAB47
    dd 0x4EB3, 0xADBD
    dd 0x4EB6, 0xDCB3
    dd 0x4EB9, 0xF6D6
    dd 0x4EBA, 0xA448
    dd 0x4EC0, 0xA4B0
    dd 0x4EC1, 0xA4AF
    dd 0x4EC2, 0xC952
    dd 0x4EC3, 0xA4B1
    dd 0x4EC4, 0xA4B7
    dd 0x4EC6, 0xA4B2
    dd 0x4EC7, 0xA4B3
    dd 0x4EC8, 0xC954
    dd 0x4EC9, 0xC953
    dd 0x4ECA, 0xA4B5
    dd 0x4ECB, 0xA4B6
    dd 0x4ECD, 0xA4B4
    dd 0x4ED4, 0xA54A
    dd 0x4ED5, 0xA54B
    dd 0x4ED6, 0xA54C
    dd 0x4ED7, 0xA54D
    dd 0x4ED8, 0xA549
    dd 0x4ED9, 0xA550
    dd 0x4EDA, 0xC96A
    dd 0x4EDC, 0xC966
    dd 0x4EDD, 0xC969
    dd 0x4EDE, 0xA551
    dd 0x4EDF, 0xA561
    dd 0x4EE1, 0xC968
    dd 0x4EE3, 0xA54E
    dd 0x4EE4, 0xA54F
    dd 0x4EE5, 0xA548
    dd 0x4EE8, 0xC965
    dd 0x4EE9, 0xC967
    dd 0x4EF0, 0xA5F5
    dd 0x4EF1, 0xC9B0
    dd 0x4EF2, 0xA5F2
    dd 0x4EF3, 0xA5F6
    dd 0x4EF4, 0xC9BA
    dd 0x4EF5, 0xC9AE
    dd 0x4EF6, 0xA5F3
    dd 0x4EF7, 0xC9B2
    dd 0x4EFB, 0xA5F4
    dd 0x4EFD, 0xA5F7
    dd 0x4EFF, 0xA5E9
    dd 0x4F00, 0xC9B1
    dd 0x4F01, 0xA5F8
    dd 0x4F02, 0xC9B5
    dd 0x4F04, 0xC9B9
    dd 0x4F05, 0xC9B6
    dd 0x4F08, 0xC9B3
    dd 0x4F09, 0xA5EA
    dd 0x4F0A, 0xA5EC
    dd 0x4F0B, 0xA5F9
    dd 0x4F0D, 0xA5EE
    dd 0x4F0E, 0xC9AB
    dd 0x4F0F, 0xA5F1
    dd 0x4F10, 0xA5EF
    dd 0x4F11, 0xA5F0
    dd 0x4F12, 0xC9BB
    dd 0x4F13, 0xC9B8
    dd 0x4F14, 0xC9AF
    dd 0x4F15, 0xA5ED
    dd 0x4F18, 0xC9AC
    dd 0x4F19, 0xA5EB
    dd 0x4F1D, 0xC9B4
    dd 0x4F22, 0xC9B7
    dd 0x4F2C, 0xC9AD
    dd 0x4F2D, 0xCA66
    dd 0x4F2F, 0xA742
    dd 0x4F30, 0xA6F4
    dd 0x4F33, 0xCA67
    dd 0x4F34, 0xA6F1
    dd 0x4F36, 0xA744
    dd 0x4F38, 0xA6F9
    dd 0x4F3A, 0xA6F8
    dd 0x4F3B, 0xCA5B
    dd 0x4F3C, 0xA6FC
    dd 0x4F3D, 0xA6F7
    dd 0x4F3E, 0xCA60
    dd 0x4F3F, 0xCA68
    dd 0x4F41, 0xCA64
    dd 0x4F43, 0xA6FA
    dd 0x4F46, 0xA6FD
    dd 0x4F47, 0xA6EE
    dd 0x4F48, 0xA747
    dd 0x4F49, 0xCA5D
    dd 0x4F4C, 0xCBBD
    dd 0x4F4D, 0xA6EC
    dd 0x4F4E, 0xA743
    dd 0x4F4F, 0xA6ED
    dd 0x4F50, 0xA6F5
    dd 0x4F51, 0xA6F6
    dd 0x4F52, 0xCA62
    dd 0x4F53, 0xCA5E
    dd 0x4F54, 0xA6FB
    dd 0x4F55, 0xA6F3
    dd 0x4F56, 0xCA5A
    dd 0x4F57, 0xA6EF
    dd 0x4F58, 0xCA65
    dd 0x4F59, 0xA745
    dd 0x4F5A, 0xA748
    dd 0x4F5B, 0xA6F2
    dd 0x4F5C, 0xA740
    dd 0x4F5D, 0xA746
    dd 0x4F5E, 0xA6F0
    dd 0x4F5F, 0xCA63
    dd 0x4F60, 0xA741
    dd 0x4F61, 0xCA69
    dd 0x4F62, 0xCA5C
    dd 0x4F63, 0xA6FE
    dd 0x4F64, 0xCA5F
    dd 0x4F67, 0xCA61
    dd 0x4F69, 0xA8D8
    dd 0x4F6A, 0xCBBF
    dd 0x4F6B, 0xCBCB
    dd 0x4F6C, 0xA8D0
    dd 0x4F6E, 0xCBCC
    dd 0x4F6F, 0xA8CB
    dd 0x4F70, 0xA8D5
    dd 0x4F73, 0xA8CE
    dd 0x4F74, 0xCBB9
    dd 0x4F75, 0xA8D6
    dd 0x4F76, 0xCBB8
    dd 0x4F77, 0xCBBC
    dd 0x4F78, 0xCBC3
    dd 0x4F79, 0xCBC1
    dd 0x4F7A, 0xA8DE
    dd 0x4F7B, 0xA8D9
    dd 0x4F7C, 0xCBB3
    dd 0x4F7D, 0xCBB5
    dd 0x4F7E, 0xA8DB
    dd 0x4F7F, 0xA8CF
    dd 0x4F80, 0xCBB6
    dd 0x4F81, 0xCBC2
    dd 0x4F82, 0xCBC9
    dd 0x4F83, 0xA8D4
    dd 0x4F84, 0xCBBB
    dd 0x4F85, 0xCBB4
    dd 0x4F86, 0xA8D3
    dd 0x4F87, 0xCBB7
    dd 0x4F88, 0xA8D7
    dd 0x4F89, 0xCBBA
    dd 0x4F8B, 0xA8D2
    dd 0x4F8D, 0xA8CD
    dd 0x4F8F, 0xA8DC
    dd 0x4F90, 0xCBC4
    dd 0x4F91, 0xA8DD
    dd 0x4F92, 0xCBC8
    dd 0x4F94, 0xCBC6
    dd 0x4F95, 0xCBCA
    dd 0x4F96, 0xA8DA
    dd 0x4F97, 0xCBBE
    dd 0x4F98, 0xCBB2
    dd 0x4F9A, 0xCBC0
    dd 0x4F9B, 0xA8D1
    dd 0x4F9C, 0xCBC5
    dd 0x4F9D, 0xA8CC
    dd 0x4F9E, 0xCBC7
    dd 0x4FAE, 0xAB56
    dd 0x4FAF, 0xAB4A
    dd 0x4FB2, 0xCDE0
    dd 0x4FB3, 0xCDE8
    dd 0x4FB5, 0xAB49
    dd 0x4FB6, 0xAB51
    dd 0x4FB7, 0xAB5D
    dd 0x4FB9, 0xCDEE
    dd 0x4FBA, 0xCDEC
    dd 0x4FBB, 0xCDE7
    dd 0x4FBF, 0xAB4B
    dd 0x4FC0, 0xCDED
    dd 0x4FC1, 0xCDE3
    dd 0x4FC2, 0xAB59
    dd 0x4FC3, 0xAB50
    dd 0x4FC4, 0xAB58
    dd 0x4FC5, 0xCDDE
    dd 0x4FC7, 0xCDEA
    dd 0x4FC9, 0xCDE1
    dd 0x4FCA, 0xAB54
    dd 0x4FCB, 0xCDE2
    dd 0x4FCD, 0xCDDD
    dd 0x4FCE, 0xAB5B
    dd 0x4FCF, 0xAB4E
    dd 0x4FD0, 0xAB57
    dd 0x4FD1, 0xAB4D
    dd 0x4FD3, 0xCDDF
    dd 0x4FD4, 0xCDE4
    dd 0x4FD6, 0xCDEB
    dd 0x4FD7, 0xAB55
    dd 0x4FD8, 0xAB52
    dd 0x4FD9, 0xCDE6
    dd 0x4FDA, 0xAB5A
    dd 0x4FDB, 0xCDE9
    dd 0x4FDC, 0xCDE5
    dd 0x4FDD, 0xAB4F
    dd 0x4FDE, 0xAB5C
    dd 0x4FDF, 0xAB53
    dd 0x4FE0, 0xAB4C
    dd 0x4FE1, 0xAB48
    dd 0x4FEC, 0xCDEF
    dd 0x4FEE, 0xADD7
    dd 0x4FEF, 0xADC1
    dd 0x4FF1, 0xADD1
    dd 0x4FF3, 0xADD6
    dd 0x4FF4, 0xD0D0
    dd 0x4FF5, 0xD0CF
    dd 0x4FF6, 0xD0D4
    dd 0x4FF7, 0xD0D5
    dd 0x4FF8, 0xADC4
    dd 0x4FFA, 0xADCD
    dd 0x4FFE, 0xADDA
    dd 0x5000, 0xADCE
    dd 0x5005, 0xD0C9
    dd 0x5006, 0xADC7
    dd 0x5007, 0xD0CA
    dd 0x5009, 0xADDC
    dd 0x500B, 0xADD3
    dd 0x500C, 0xADBE
    dd 0x500D, 0xADBF
    dd 0x500E, 0xD0DD
    dd 0x500F, 0xB0BF
    dd 0x5011, 0xADCC
    dd 0x5012, 0xADCB
    dd 0x5013, 0xD0CB
    dd 0x5014, 0xADCF
    dd 0x5015, 0xD45B
    dd 0x5016, 0xADC6
    dd 0x5017, 0xD0D6
    dd 0x5018, 0xADD5
    dd 0x5019, 0xADD4
    dd 0x501A, 0xADCA
    dd 0x501B, 0xD0CE
    dd 0x501C, 0xD0D7
    dd 0x501E, 0xD0C8
    dd 0x501F, 0xADC9
    dd 0x5020, 0xD0D8
    dd 0x5021, 0xADD2
    dd 0x5022, 0xD0CC
    dd 0x5023, 0xADC0
    dd 0x5025, 0xADC3
    dd 0x5026, 0xADC2
    dd 0x5027, 0xD0D9
    dd 0x5028, 0xADD0
    dd 0x5029, 0xADC5
    dd 0x502A, 0xADD9
    dd 0x502B, 0xADDB
    dd 0x502C, 0xD0D3
    dd 0x502D, 0xADD8
    dd 0x502F, 0xD0DB
    dd 0x5030, 0xD0CD
    dd 0x5031, 0xD0DC
    dd 0x5033, 0xD0D1
    dd 0x5035, 0xD0DA
    dd 0x5037, 0xD0D2
    dd 0x503C, 0xADC8
    dd 0x5040, 0xD463
    dd 0x5041, 0xD457
    dd 0x5043, 0xB0B3
    dd 0x5045, 0xD45C
    dd 0x5046, 0xD462
    dd 0x5047, 0xB0B2
    dd 0x5048, 0xD455
    dd 0x5049, 0xB0B6
    dd 0x504A, 0xD459
    dd 0x504B, 0xD452
    dd 0x504C, 0xB0B4
    dd 0x504D, 0xD456
    dd 0x504E, 0xB0B9
    dd 0x504F, 0xB0BE
    dd 0x5051, 0xD467
    dd 0x5053, 0xD451
    dd 0x5055, 0xB0BA
    dd 0x5057, 0xD466
    dd 0x505A, 0xB0B5
    dd 0x505B, 0xD458
    dd 0x505C, 0xB0B1
    dd 0x505D, 0xD453
    dd 0x505E, 0xD44F
    dd 0x505F, 0xD45D
    dd 0x5060, 0xD450
    dd 0x5061, 0xD44E
    dd 0x5062, 0xD45A
    dd 0x5063, 0xD460
    dd 0x5064, 0xD461
    dd 0x5065, 0xB0B7
    dd 0x5068, 0xD85B
    dd 0x5069, 0xD45E
    dd 0x506A, 0xD44D
    dd 0x506B, 0xD45F
    dd 0x506D, 0xB0C1
    dd 0x506E, 0xD464
    dd 0x506F, 0xB0C0
    dd 0x5070, 0xD44C
    dd 0x5072, 0xD454
    dd 0x5073, 0xD465
    dd 0x5074, 0xB0BC
    dd 0x5075, 0xB0BB
    dd 0x5076, 0xB0B8
    dd 0x5077, 0xB0BD
    dd 0x507A, 0xB0AF
    dd 0x507D, 0xB0B0
    dd 0x5080, 0xB3C8
    dd 0x5082, 0xD85E
    dd 0x5083, 0xD857
    dd 0x5085, 0xB3C5
    dd 0x5087, 0xD85F
    dd 0x508B, 0xD855
    dd 0x508C, 0xD858
    dd 0x508D, 0xB3C4
    dd 0x508E, 0xD859
    dd 0x5091, 0xB3C7
    dd 0x5092, 0xD85D
    dd 0x5094, 0xD853
    dd 0x5095, 0xD852
    dd 0x5096, 0xB3C9
    dd 0x5098, 0xB3CA
    dd 0x5099, 0xB3C6
    dd 0x509A, 0xB3CB
    dd 0x509B, 0xD851
    dd 0x509C, 0xD85C
    dd 0x509D, 0xD85A
    dd 0x509E, 0xD854
    dd 0x50A2, 0xB3C3
    dd 0x50A3, 0xD856
    dd 0x50AC, 0xB6CA
    dd 0x50AD, 0xB6C4
    dd 0x50AE, 0xDCB7
    dd 0x50AF, 0xB6CD
    dd 0x50B0, 0xDCBD
    dd 0x50B1, 0xDCC0
    dd 0x50B2, 0xB6C6
    dd 0x50B3, 0xB6C7
    dd 0x50B4, 0xDCBA
    dd 0x50B5, 0xB6C5
    dd 0x50B6, 0xDCC3
    dd 0x50B7, 0xB6CB
    dd 0x50B8, 0xDCC4
    dd 0x50BA, 0xDCBF
    dd 0x50BB, 0xB6CC
    dd 0x50BD, 0xDCB4
    dd 0x50BE, 0xB6C9
    dd 0x50BF, 0xDCB5
    dd 0x50C1, 0xDCBE
    dd 0x50C2, 0xDCBC
    dd 0x50C4, 0xDCB8
    dd 0x50C5, 0xB6C8
    dd 0x50C6, 0xDCB6
    dd 0x50C7, 0xB6CE
    dd 0x50C8, 0xDCBB
    dd 0x50C9, 0xDCC2
    dd 0x50CA, 0xDCB9
    dd 0x50CB, 0xDCC1
    dd 0x50CE, 0xB9B6
    dd 0x50CF, 0xB9B3
    dd 0x50D1, 0xB9B4
    dd 0x50D3, 0xE0F9
    dd 0x50D4, 0xE0F1
    dd 0x50D5, 0xB9B2
    dd 0x50D6, 0xB9AF
    dd 0x50D7, 0xE0F2
    dd 0x50DA, 0xB9B1
    dd 0x50DB, 0xE0F5
    dd 0x50DD, 0xE0F7
    dd 0x50E0, 0xE0FE
    dd 0x50E3, 0xE0FD
    dd 0x50E4, 0xE0F8
    dd 0x50E5, 0xB9AE
    dd 0x50E6, 0xE0F0
    dd 0x50E7, 0xB9AC
    dd 0x50E8, 0xE0F3
    dd 0x50E9, 0xB9B7
    dd 0x50EA, 0xE0F6
    dd 0x50EC, 0xE0FA
    dd 0x50ED, 0xB9B0
    dd 0x50EE, 0xB9AD
    dd 0x50EF, 0xE0FC
    dd 0x50F0, 0xE0FB
    dd 0x50F1, 0xB9B5
    dd 0x50F3, 0xE0F4
    dd 0x50F5, 0xBBF8
    dd 0x50F6, 0xE4EC
    dd 0x50F8, 0xE4E9
    dd 0x50F9, 0xBBF9
    dd 0x50FB, 0xBBF7
    dd 0x50FD, 0xE4F0
    dd 0x50FE, 0xE4ED
    dd 0x50FF, 0xE4E6
    dd 0x5100, 0xBBF6
    dd 0x5102, 0xBBFA
    dd 0x5103, 0xE4E7
    dd 0x5104, 0xBBF5
    dd 0x5105, 0xBBFD
    dd 0x5106, 0xE4EA
    dd 0x5107, 0xE4EB
    dd 0x5108, 0xBBFB
    dd 0x5109, 0xBBFC
    dd 0x510A, 0xE4F1
    dd 0x510B, 0xE4EE
    dd 0x510C, 0xE4EF
    dd 0x5110, 0xBEAA
    dd 0x5111, 0xE8F8
    dd 0x5112, 0xBEA7
    dd 0x5113, 0xE8F5
    dd 0x5114, 0xBEA9
    dd 0x5115, 0xBEAB
    dd 0x5117, 0xE8F6
    dd 0x5118, 0xBEA8
    dd 0x511A, 0xE8F7
    dd 0x511C, 0xE8F4
    dd 0x511F, 0xC076
    dd 0x5120, 0xECBD
    dd 0x5121, 0xC077
    dd 0x5122, 0xECBB
    dd 0x5124, 0xECBC
    dd 0x5125, 0xECBA
    dd 0x5126, 0xECB9
    dd 0x5129, 0xECBE
    dd 0x512A, 0xC075
    dd 0x512D, 0xEFB8
    dd 0x512E, 0xEFB9
    dd 0x5130, 0xE4E8
    dd 0x5131, 0xEFB7
    dd 0x5132, 0xC078
    dd 0x5133, 0xC35F
    dd 0x5134, 0xF1EB
    dd 0x5135, 0xF1EC
    dd 0x5137, 0xC4D7
    dd 0x5138, 0xC4D8
    dd 0x5139, 0xF5C1
    dd 0x513A, 0xF5C0
    dd 0x513B, 0xC56C
    dd 0x513C, 0xC56B
    dd 0x513D, 0xF7D0
    dd 0x513F, 0xA449
    dd 0x5140, 0xA461
    dd 0x5141, 0xA4B9
    dd 0x5143, 0xA4B8
    dd 0x5144, 0xA553
    dd 0x5145, 0xA552
    dd 0x5146, 0xA5FC
    dd 0x5147, 0xA5FB
    dd 0x5148, 0xA5FD
    dd 0x5149, 0xA5FA
    dd 0x514B, 0xA74A
    dd 0x514C, 0xA749
    dd 0x514D, 0xA74B
    dd 0x5152, 0xA8E0
    dd 0x5154, 0xA8DF
    dd 0x5155, 0xA8E1
    dd 0x5157, 0xAB5E
    dd 0x5159, 0xA259
    dd 0x515A, 0xD0DE
    dd 0x515B, 0xA25A
    dd 0x515C, 0xB0C2
    dd 0x515D, 0xA25C
    dd 0x515E, 0xA25B
    dd 0x515F, 0xD860
    dd 0x5161, 0xA25D
    dd 0x5162, 0xB9B8
    dd 0x5163, 0xA25E
    dd 0x5165, 0xA44A
    dd 0x5167, 0xA4BA
    dd 0x5168, 0xA5FE
    dd 0x5169, 0xA8E2
    dd 0x516B, 0xA44B
    dd 0x516C, 0xA4BD
    dd 0x516D, 0xA4BB
    dd 0x516E, 0xA4BC
    dd 0x5171, 0xA640
    dd 0x5175, 0xA74C
    dd 0x5176, 0xA8E4
    dd 0x5177, 0xA8E3
    dd 0x5178, 0xA8E5
    dd 0x517C, 0xADDD
    dd 0x5180, 0xBEAC
    dd 0x5187, 0xC94E
    dd 0x5189, 0xA554
    dd 0x518A, 0xA555
    dd 0x518D, 0xA641
    dd 0x518F, 0xCA6A
    dd 0x5191, 0xAB60
    dd 0x5192, 0xAB5F
    dd 0x5193, 0xD0E0
    dd 0x5194, 0xD0DF
    dd 0x5195, 0xB0C3
    dd 0x5197, 0xA4BE
    dd 0x5198, 0xC955
    dd 0x519E, 0xCBCD
    dd 0x51A0, 0xAB61
    dd 0x51A2, 0xADE0
    dd 0x51A4, 0xADDE
    dd 0x51A5, 0xADDF
    dd 0x51AA, 0xBEAD
    dd 0x51AC, 0xA556
    dd 0x51B0, 0xA642
    dd 0x51B1, 0xC9BC
    dd 0x51B6, 0xA74D
    dd 0x51B7, 0xA74E
    dd 0x51B9, 0xCA6B
    dd 0x51BC, 0xCBCE
    dd 0x51BD, 0xA8E6
    dd 0x51BE, 0xCBCF
    dd 0x51C4, 0xD0E2
    dd 0x51C5, 0xD0E3
    dd 0x51C6, 0xADE3
    dd 0x51C8, 0xD0E4
    dd 0x51CA, 0xD0E1
    dd 0x51CB, 0xADE4
    dd 0x51CC, 0xADE2
    dd 0x51CD, 0xADE1
    dd 0x51CE, 0xD0E5
    dd 0x51D0, 0xD468
    dd 0x51D4, 0xD861
    dd 0x51D7, 0xDCC5
    dd 0x51D8, 0xE140
    dd 0x51DC, 0xBBFE
    dd 0x51DD, 0xBEAE
    dd 0x51DE, 0xE8F9
    dd 0x51E0, 0xA44C
    dd 0x51E1, 0xA45A
    dd 0x51F0, 0xB0C4
    dd 0x51F1, 0xB3CD
    dd 0x51F3, 0xB9B9
    dd 0x51F5, 0xC942
    dd 0x51F6, 0xA4BF
    dd 0x51F8, 0xA559
    dd 0x51F9, 0xA557
    dd 0x51FA, 0xA558
    dd 0x51FD, 0xA8E7
    dd 0x5200, 0xA44D
    dd 0x5201, 0xA44E
    dd 0x5203, 0xA462
    dd 0x5206, 0xA4C0
    dd 0x5207, 0xA4C1
    dd 0x5208, 0xA4C2
    dd 0x5209, 0xC9BE
    dd 0x520A, 0xA55A
    dd 0x520C, 0xC96B
    dd 0x520E, 0xA646
    dd 0x5210, 0xC9BF
    dd 0x5211, 0xA644
    dd 0x5212, 0xA645
    dd 0x5213, 0xC9BD
    dd 0x5216, 0xA647
    dd 0x5217, 0xA643
    dd 0x521C, 0xCA6C
    dd 0x521D, 0xAAEC
    dd 0x521E, 0xCA6D
    dd 0x5221, 0xCA6E
    dd 0x5224, 0xA750
    dd 0x5225, 0xA74F
    dd 0x5228, 0xA753
    dd 0x5229, 0xA751
    dd 0x522A, 0xA752
    dd 0x522E, 0xA8ED
    dd 0x5230, 0xA8EC
    dd 0x5231, 0xCBD4
    dd 0x5232, 0xCBD1
    dd 0x5233, 0xCBD2
    dd 0x5235, 0xCBD0
    dd 0x5236, 0xA8EE
    dd 0x5237, 0xA8EA
    dd 0x5238, 0xA8E9
    dd 0x523A, 0xA8EB
    dd 0x523B, 0xA8E8
    dd 0x5241, 0xA8EF
    dd 0x5243, 0xAB63
    dd 0x5244, 0xCDF0
    dd 0x5246, 0xCBD3
    dd 0x5247, 0xAB68
    dd 0x5249, 0xCDF1
    dd 0x524A, 0xAB64
    dd 0x524B, 0xAB67
    dd 0x524C, 0xAB66
    dd 0x524D, 0xAB65
    dd 0x524E, 0xAB62
    dd 0x5252, 0xD0E8
    dd 0x5254, 0xADE7
    dd 0x5255, 0xD0EB
    dd 0x5256, 0xADE5
    dd 0x525A, 0xD0E7
    dd 0x525B, 0xADE8
    dd 0x525C, 0xADE6
    dd 0x525D, 0xADE9
    dd 0x525E, 0xD0E9
    dd 0x525F, 0xD0EA
    dd 0x5261, 0xD0E6
    dd 0x5262, 0xD0EC
    dd 0x5269, 0xB3D1
    dd 0x526A, 0xB0C5
    dd 0x526B, 0xD469
    dd 0x526C, 0xD46B
    dd 0x526D, 0xD46A
    dd 0x526E, 0xD46C
    dd 0x526F, 0xB0C6
    dd 0x5272, 0xB3CE
    dd 0x5274, 0xB3CF
    dd 0x5275, 0xB3D0
    dd 0x5277, 0xB6D0
    dd 0x5278, 0xDCC7
    dd 0x527A, 0xDCC6
    dd 0x527B, 0xDCC8
    dd 0x527C, 0xDCC9
    dd 0x527D, 0xB6D1
    dd 0x527F, 0xB6CF
    dd 0x5280, 0xE141
    dd 0x5281, 0xE142
    dd 0x5282, 0xB9BB
    dd 0x5283, 0xB9BA
    dd 0x5284, 0xE35A
    dd 0x5287, 0xBC40
    dd 0x5288, 0xBC41
    dd 0x5289, 0xBC42
    dd 0x528A, 0xBC44
    dd 0x528B, 0xE4F2
    dd 0x528C, 0xE4F3
    dd 0x528D, 0xBC43
    dd 0x5291, 0xBEAF
    dd 0x5293, 0xBEB0
    dd 0x5296, 0xF1ED
    dd 0x5297, 0xF5C3
    dd 0x5298, 0xF5C2
    dd 0x5299, 0xF7D1
    dd 0x529B, 0xA44F
    dd 0x529F, 0xA55C
    dd 0x52A0, 0xA55B
    dd 0x52A3, 0xA648
    dd 0x52A6, 0xC9C0
    dd 0x52A9, 0xA755
    dd 0x52AA, 0xA756
    dd 0x52AB, 0xA754
    dd 0x52AC, 0xA757
    dd 0x52AD, 0xCA6F
    dd 0x52AE, 0xCA70
    dd 0x52BB, 0xA8F1
    dd 0x52BC, 0xCBD5
    dd 0x52BE, 0xA8F0
    dd 0x52C0, 0xCDF2
    dd 0x52C1, 0xAB6C
    dd 0x52C2, 0xCDF3
    dd 0x52C3, 0xAB6B
    dd 0x52C7, 0xAB69
    dd 0x52C9, 0xAB6A
    dd 0x52CD, 0xD0ED
    dd 0x52D2, 0xB0C7
    dd 0x52D3, 0xD46E
    dd 0x52D5, 0xB0CA
    dd 0x52D6, 0xD46D
    dd 0x52D7, 0xB1E5
    dd 0x52D8, 0xB0C9
    dd 0x52D9, 0xB0C8
    dd 0x52DB, 0xB3D4
    dd 0x52DD, 0xB3D3
    dd 0x52DE, 0xB3D2
    dd 0x52DF, 0xB6D2
    dd 0x52E2, 0xB6D5
    dd 0x52E3, 0xB6D6
    dd 0x52E4, 0xB6D4
    dd 0x52E6, 0xB6D3
    dd 0x52E9, 0xE143
    dd 0x52EB, 0xE144
    dd 0x52EF, 0xE4F5
    dd 0x52F0, 0xBC45
    dd 0x52F1, 0xE4F4
    dd 0x52F3, 0xBEB1
    dd 0x52F4, 0xECBF
    dd 0x52F5, 0xC079
    dd 0x52F7, 0xF1EE
    dd 0x52F8, 0xC455
    dd 0x52FA, 0xA463
    dd 0x52FB, 0xA4C3
    dd 0x52FC, 0xC956
    dd 0x52FE, 0xA4C4
    dd 0x52FF, 0xA4C5
    dd 0x5305, 0xA55D
    dd 0x5306, 0xA55E
    dd 0x5308, 0xA649
    dd 0x5309, 0xCA71
    dd 0x530A, 0xCBD6
    dd 0x530B, 0xCBD7
    dd 0x530D, 0xAB6D
    dd 0x530E, 0xD0EE
    dd 0x530F, 0xB0CC
    dd 0x5310, 0xB0CB
    dd 0x5311, 0xD863
    dd 0x5312, 0xD862
    dd 0x5315, 0xA450
    dd 0x5316, 0xA4C6
    dd 0x5317, 0xA55F
    dd 0x5319, 0xB0CD
    dd 0x531A, 0xC943
    dd 0x531C, 0xC96C
    dd 0x531D, 0xA560
    dd 0x531F, 0xC9C2
    dd 0x5320, 0xA64B
    dd 0x5321, 0xA64A
    dd 0x5322, 0xC9C1
    dd 0x5323, 0xA758
    dd 0x532A, 0xADEA
    dd 0x532D, 0xD46F
    dd 0x532F, 0xB6D7
    dd 0x5330, 0xE145
    dd 0x5331, 0xB9BC
    dd 0x5334, 0xE8FA
    dd 0x5337, 0xF3FD
    dd 0x5339, 0xA4C7
    dd 0x533C, 0xCBD8
    dd 0x533D, 0xCDF4
    dd 0x533E, 0xB0D0
    dd 0x533F, 0xB0CE
    dd 0x5340, 0xB0CF
    dd 0x5341, 0xA451
    dd 0x5343, 0xA464
    dd 0x5344, 0xA2CD
    dd 0x5345, 0xA4CA
    dd 0x5347, 0xA4C9
    dd 0x5348, 0xA4C8
    dd 0x5349, 0xA563
    dd 0x534A, 0xA562
    dd 0x534C, 0xC96D
    dd 0x534D, 0xC9C3
    dd 0x5351, 0xA8F5
    dd 0x5352, 0xA8F2
    dd 0x5353, 0xA8F4
    dd 0x5354, 0xA8F3
    dd 0x5357, 0xAB6E
    dd 0x535A, 0xB3D5
    dd 0x535C, 0xA452
    dd 0x535E, 0xA4CB
    dd 0x5360, 0xA565
    dd 0x5361, 0xA564
    dd 0x5363, 0xCA72
    dd 0x5366, 0xA8F6
    dd 0x536C, 0xC957
    dd 0x536E, 0xA567
    dd 0x536F, 0xA566
    dd 0x5370, 0xA64C
    dd 0x5371, 0xA64D
    dd 0x5372, 0xCA73
    dd 0x5373, 0xA759
    dd 0x5375, 0xA75A
    dd 0x5377, 0xA8F7
    dd 0x5378, 0xA8F8
    dd 0x5379, 0xA8F9
    dd 0x537B, 0xAB6F
    dd 0x537C, 0xCDF5
    dd 0x537F, 0xADEB
    dd 0x5382, 0xC944
    dd 0x5384, 0xA4CC
    dd 0x538A, 0xC9C4
    dd 0x538E, 0xCA74
    dd 0x538F, 0xCA75
    dd 0x5392, 0xCBD9
    dd 0x5394, 0xCBDA
    dd 0x5396, 0xCDF7
    dd 0x5397, 0xCDF6
    dd 0x5398, 0xCDF9
    dd 0x5399, 0xCDF8
    dd 0x539A, 0xAB70
    dd 0x539C, 0xD470
    dd 0x539D, 0xADED
    dd 0x539E, 0xD0EF
    dd 0x539F, 0xADEC
    dd 0x53A4, 0xD864
    dd 0x53A5, 0xB3D6
    dd 0x53A7, 0xD865
    dd 0x53AC, 0xE146
    dd 0x53AD, 0xB9BD
    dd 0x53B2, 0xBC46
    dd 0x53B4, 0xF1EF
    dd 0x53B9, 0xC958
    dd 0x53BB, 0xA568
    dd 0x53C3, 0xB0D1
    dd 0x53C8, 0xA453
    dd 0x53C9, 0xA465
    dd 0x53CA, 0xA4CE
    dd 0x53CB, 0xA4CD
    dd 0x53CD, 0xA4CF
    dd 0x53D4, 0xA8FB
    dd 0x53D6, 0xA8FA
    dd 0x53D7, 0xA8FC
    dd 0x53DB, 0xAB71
    dd 0x53DF, 0xADEE
    dd 0x53E1, 0xE8FB
    dd 0x53E2, 0xC24F
    dd 0x53E3, 0xA466
    dd 0x53E4, 0xA56A
    dd 0x53E5, 0xA579
    dd 0x53E6, 0xA574
    dd 0x53E8, 0xA56F
    dd 0x53E9, 0xA56E
    dd 0x53EA, 0xA575
    dd 0x53EB, 0xA573
    dd 0x53EC, 0xA56C
    dd 0x53ED, 0xA57A
    dd 0x53EE, 0xA56D
    dd 0x53EF, 0xA569
    dd 0x53F0, 0xA578
    dd 0x53F1, 0xA577
    dd 0x53F2, 0xA576
    dd 0x53F3, 0xA56B
    dd 0x53F5, 0xA572
    dd 0x53F8, 0xA571
    dd 0x53FB, 0xA57B
    dd 0x53FC, 0xA570
    dd 0x5401, 0xA653
    dd 0x5403, 0xA659
    dd 0x5404, 0xA655
    dd 0x5406, 0xA65B
    dd 0x5407, 0xC9C5
    dd 0x5408, 0xA658
    dd 0x5409, 0xA64E
    dd 0x540A, 0xA651
    dd 0x540B, 0xA654
    dd 0x540C, 0xA650
    dd 0x540D, 0xA657
    dd 0x540E, 0xA65A
    dd 0x540F, 0xA64F
    dd 0x5410, 0xA652
    dd 0x5411, 0xA656
    dd 0x5412, 0xA65C
    dd 0x5418, 0xCA7E
    dd 0x5419, 0xCA7B
    dd 0x541B, 0xA767
    dd 0x541C, 0xCA7C
    dd 0x541D, 0xA75B
    dd 0x541E, 0xA75D
    dd 0x541F, 0xA775
    dd 0x5420, 0xA770
    dd 0x5424, 0xCAA5
    dd 0x5425, 0xCA7D
    dd 0x5426, 0xA75F
    dd 0x5427, 0xA761
    dd 0x5428, 0xCAA4
    dd 0x5429, 0xA768
    dd 0x542A, 0xCA78
    dd 0x542B, 0xA774
    dd 0x542C, 0xA776
    dd 0x542D, 0xA75C
    dd 0x542E, 0xA76D
    dd 0x5430, 0xCA76
    dd 0x5431, 0xA773
    dd 0x5433, 0xA764
    dd 0x5435, 0xA76E
    dd 0x5436, 0xA76F
    dd 0x5437, 0xCA77
    dd 0x5438, 0xA76C
    dd 0x5439, 0xA76A
    dd 0x543B, 0xA76B
    dd 0x543C, 0xA771
    dd 0x543D, 0xCAA1
    dd 0x543E, 0xA75E
    dd 0x5440, 0xA772
    dd 0x5441, 0xCAA3
    dd 0x5442, 0xA766
    dd 0x5443, 0xA763
    dd 0x5445, 0xCA7A
    dd 0x5446, 0xA762
    dd 0x5447, 0xCAA6
    dd 0x5448, 0xA765
    dd 0x544A, 0xA769
    dd 0x544E, 0xA760
    dd 0x544F, 0xCAA2
    dd 0x5454, 0xCA79
    dd 0x5460, 0xCBEB
    dd 0x5461, 0xCBEA
    dd 0x5462, 0xA94F
    dd 0x5463, 0xCBED
    dd 0x5464, 0xCBEF
    dd 0x5465, 0xCBE4
    dd 0x5466, 0xCBE7
    dd 0x5467, 0xCBEE
    dd 0x5468, 0xA950
    dd 0x546B, 0xCBE1
    dd 0x546C, 0xCBE5
    dd 0x546F, 0xCBE9
    dd 0x5470, 0xCE49
    dd 0x5471, 0xA94B
    dd 0x5472, 0xCE4D
    dd 0x5473, 0xA8FD
    dd 0x5474, 0xCBE6
    dd 0x5475, 0xA8FE
    dd 0x5476, 0xA94C
    dd 0x5477, 0xA945
    dd 0x5478, 0xA941
    dd 0x547A, 0xCBE2
    dd 0x547B, 0xA944
    dd 0x547C, 0xA949
    dd 0x547D, 0xA952
    dd 0x547E, 0xCBE3
    dd 0x547F, 0xCBDC
    dd 0x5480, 0xA943
    dd 0x5481, 0xCBDD
    dd 0x5482, 0xCBDF
    dd 0x5484, 0xA946
    dd 0x5486, 0xA948
    dd 0x5487, 0xCBDB
    dd 0x5488, 0xCBE0
    dd 0x548B, 0xA951
    dd 0x548C, 0xA94D
    dd 0x548D, 0xCBE8
    dd 0x548E, 0xA953
    dd 0x5490, 0xA94A
    dd 0x5491, 0xCBDE
    dd 0x5492, 0xA947
    dd 0x5495, 0xA942
    dd 0x5496, 0xA940
    dd 0x5498, 0xCBEC
    dd 0x549A, 0xA94E
    dd 0x54A0, 0xCE48
    dd 0x54A1, 0xCDFB
    dd 0x54A2, 0xCE4B
    dd 0x54A5, 0xCDFD
    dd 0x54A6, 0xAB78
    dd 0x54A7, 0xABA8
    dd 0x54A8, 0xAB74
    dd 0x54A9, 0xABA7
    dd 0x54AA, 0xAB7D
    dd 0x54AB, 0xABA4
    dd 0x54AC, 0xAB72
    dd 0x54AD, 0xCDFC
    dd 0x54AE, 0xCE43
    dd 0x54AF, 0xABA3
    dd 0x54B0, 0xCE4F
    dd 0x54B1, 0xABA5
    dd 0x54B3, 0xAB79
    dd 0x54B6, 0xCE45
    dd 0x54B7, 0xCE42
    dd 0x54B8, 0xAB77
    dd 0x54BA, 0xCDFA
    dd 0x54BB, 0xABA6
    dd 0x54BC, 0xCE4A
    dd 0x54BD, 0xAB7C
    dd 0x54BE, 0xCE4C
    dd 0x54BF, 0xABA9
    dd 0x54C0, 0xAB73
    dd 0x54C1, 0xAB7E
    dd 0x54C2, 0xAB7B
    dd 0x54C3, 0xCE40
    dd 0x54C4, 0xABA1
    dd 0x54C5, 0xCE46
    dd 0x54C6, 0xCE47
    dd 0x54C7, 0xAB7A
    dd 0x54C8, 0xABA2
    dd 0x54C9, 0xAB76
    dd 0x54CE, 0xAB75
    dd 0x54CF, 0xCDFE
    dd 0x54D6, 0xCE44
    dd 0x54DE, 0xCE4E
    dd 0x54E0, 0xD144
    dd 0x54E1, 0xADFB
    dd 0x54E2, 0xD0F1
    dd 0x54E4, 0xD0F6
    dd 0x54E5, 0xADF4
    dd 0x54E6, 0xAE40
    dd 0x54E7, 0xD0F4
    dd 0x54E8, 0xADEF
    dd 0x54E9, 0xADF9
    dd 0x54EA, 0xADFE
    dd 0x54EB, 0xD0FB
    dd 0x54ED, 0xADFA
    dd 0x54EE, 0xADFD
    dd 0x54F1, 0xD0FE
    dd 0x54F2, 0xADF5
    dd 0x54F3, 0xD0F5
    dd 0x54F7, 0xD142
    dd 0x54F8, 0xD143
    dd 0x54FA, 0xADF7
    dd 0x54FB, 0xD141
    dd 0x54FC, 0xADF3
    dd 0x54FD, 0xAE43
    dd 0x54FF, 0xD0F8
    dd 0x5501, 0xADF1
    dd 0x5503, 0xD146
    dd 0x5504, 0xD0F9
    dd 0x5505, 0xD0FD
    dd 0x5506, 0xADF6
    dd 0x5507, 0xAE42
    dd 0x5508, 0xD0FA
    dd 0x5509, 0xADFC
    dd 0x550A, 0xD140
    dd 0x550B, 0xD147
    dd 0x550C, 0xD4A1
    dd 0x550E, 0xD145
    dd 0x550F, 0xAE44
    dd 0x5510, 0xADF0
    dd 0x5511, 0xD0FC
    dd 0x5512, 0xD0F3
    dd 0x5514, 0xADF8
    dd 0x5517, 0xD0F2
    dd 0x551A, 0xD0F7
    dd 0x5526, 0xD0F0
    dd 0x5527, 0xAE41
    dd 0x552A, 0xD477
    dd 0x552C, 0xB0E4
    dd 0x552D, 0xD4A7
    dd 0x552E, 0xB0E2
    dd 0x552F, 0xB0DF
    dd 0x5530, 0xD47C
    dd 0x5531, 0xB0DB
    dd 0x5532, 0xD4A2
    dd 0x5533, 0xB0E6
    dd 0x5534, 0xD476
    dd 0x5535, 0xD47B
    dd 0x5536, 0xD47A
    dd 0x5537, 0xADF2
    dd 0x5538, 0xB0E1
    dd 0x5539, 0xD4A5
    dd 0x553B, 0xD4A8
    dd 0x553C, 0xD473
    dd 0x553E, 0xB3E8
    dd 0x5540, 0xD4A9
    dd 0x5541, 0xB0E7
    dd 0x5543, 0xB0D9
    dd 0x5544, 0xB0D6
    dd 0x5545, 0xD47E
    dd 0x5546, 0xB0D3
    dd 0x5548, 0xD4A6
    dd 0x554A, 0xB0DA
    dd 0x554B, 0xD4AA
    dd 0x554D, 0xD474
    dd 0x554E, 0xD4A4
    dd 0x554F, 0xB0DD
    dd 0x5550, 0xD475
    dd 0x5551, 0xD478
    dd 0x5552, 0xD47D
    dd 0x5555, 0xB0DE
    dd 0x5556, 0xB0DC
    dd 0x5557, 0xB0E8
    dd 0x555C, 0xB0E3
    dd 0x555E, 0xB0D7
    dd 0x555F, 0xB1D2
    dd 0x5561, 0xB0D8
    dd 0x5562, 0xD479
    dd 0x5563, 0xB0E5
    dd 0x5564, 0xB0E0
    dd 0x5565, 0xD4A3
    dd 0x5566, 0xB0D5
    dd 0x556A, 0xB0D4
    dd 0x5575, 0xD471
    dd 0x5576, 0xD472
    dd 0x5577, 0xD86A
    dd 0x557B, 0xB3D7
    dd 0x557C, 0xB3DA
    dd 0x557D, 0xD875
    dd 0x557E, 0xB3EE
    dd 0x557F, 0xD878
    dd 0x5580, 0xB3D8
    dd 0x5581, 0xD871
    dd 0x5582, 0xB3DE
    dd 0x5583, 0xB3E4
    dd 0x5584, 0xB5BD
    dd 0x5587, 0xB3E2
    dd 0x5588, 0xD86E
    dd 0x5589, 0xB3EF
    dd 0x558A, 0xB3DB
    dd 0x558B, 0xB3E3
    dd 0x558C, 0xD876
    dd 0x558D, 0xDCD7
    dd 0x558E, 0xD87B
    dd 0x558F, 0xD86F
    dd 0x5591, 0xD866
    dd 0x5592, 0xD873
    dd 0x5593, 0xD86D
    dd 0x5594, 0xB3E1
    dd 0x5595, 0xD879
    dd 0x5598, 0xB3DD
    dd 0x5599, 0xB3F1
    dd 0x559A, 0xB3EA
    dd 0x559C, 0xB3DF
    dd 0x559D, 0xB3DC
    dd 0x559F, 0xB3E7
    dd 0x55A1, 0xD87A
    dd 0x55A2, 0xD86C
    dd 0x55A3, 0xD872
    dd 0x55A4, 0xD874
    dd 0x55A5, 0xD868
    dd 0x55A6, 0xD877
    dd 0x55A7, 0xB3D9
    dd 0x55A8, 0xD867
    dd 0x55AA, 0xB3E0
    dd 0x55AB, 0xB3F0
    dd 0x55AC, 0xB3EC
    dd 0x55AD, 0xD869
    dd 0x55AE, 0xB3E6
    dd 0x55B1, 0xB3ED
    dd 0x55B2, 0xB3E9
    dd 0x55B3, 0xB3E5
    dd 0x55B5, 0xD870
    dd 0x55BB, 0xB3EB
    dd 0x55BF, 0xDCD5
    dd 0x55C0, 0xDCD1
    dd 0x55C2, 0xDCE0
    dd 0x55C3, 0xDCCA
    dd 0x55C4, 0xDCD3
    dd 0x55C5, 0xB6E5
    dd 0x55C6, 0xB6E6
    dd 0x55C7, 0xB6DE
    dd 0x55C8, 0xDCDC
    dd 0x55C9, 0xB6E8
    dd 0x55CA, 0xDCCF
    dd 0x55CB, 0xDCCE
    dd 0x55CC, 0xDCCC
    dd 0x55CD, 0xDCDE
    dd 0x55CE, 0xB6DC
    dd 0x55CF, 0xDCD8
    dd 0x55D0, 0xDCCD
    dd 0x55D1, 0xB6DF
    dd 0x55D2, 0xDCD6
    dd 0x55D3, 0xB6DA
    dd 0x55D4, 0xDCD2
    dd 0x55D5, 0xDCD9
    dd 0x55D6, 0xDCDB
    dd 0x55D9, 0xDCDF
    dd 0x55DA, 0xB6E3
    dd 0x55DB, 0xDCCB
    dd 0x55DC, 0xB6DD
    dd 0x55DD, 0xDCD0
    dd 0x55DF, 0xB6D8
    dd 0x55E1, 0xB6E4
    dd 0x55E2, 0xDCDA
    dd 0x55E3, 0xB6E0
    dd 0x55E4, 0xB6E1
    dd 0x55E5, 0xB6E7
    dd 0x55E6, 0xB6DB
    dd 0x55E7, 0xA25F
    dd 0x55E8, 0xB6D9
    dd 0x55E9, 0xDCD4
    dd 0x55EF, 0xB6E2
    dd 0x55F2, 0xDCDD
    dd 0x55F6, 0xB9CD
    dd 0x55F7, 0xB9C8
    dd 0x55F9, 0xE155
    dd 0x55FA, 0xE151
    dd 0x55FC, 0xE14B
    dd 0x55FD, 0xB9C2
    dd 0x55FE, 0xB9BE
    dd 0x55FF, 0xE154
    dd 0x5600, 0xB9BF
    dd 0x5601, 0xE14E
    dd 0x5602, 0xE150
    dd 0x5604, 0xE153
    dd 0x5606, 0xB9C4
    dd 0x5608, 0xB9CB
    dd 0x5609, 0xB9C5
    dd 0x560C, 0xE149
    dd 0x560D, 0xB9C6
    dd 0x560E, 0xB9C7
    dd 0x560F, 0xE14C
    dd 0x5610, 0xB9CC
    dd 0x5612, 0xE14A
    dd 0x5613, 0xE14F
    dd 0x5614, 0xB9C3
    dd 0x5615, 0xE148
    dd 0x5616, 0xB9C9
    dd 0x5617, 0xB9C1
    dd 0x561B, 0xB9C0
    dd 0x561C, 0xE14D
    dd 0x561D, 0xE152
    dd 0x561F, 0xB9CA
    dd 0x5627, 0xE147
    dd 0x5629, 0xBC4D
    dd 0x562A, 0xE547
    dd 0x562C, 0xE544
    dd 0x562E, 0xBC47
    dd 0x562F, 0xBC53
    dd 0x5630, 0xBC54
    dd 0x5632, 0xBC4A
    dd 0x5633, 0xE542
    dd 0x5634, 0xBC4C
    dd 0x5635, 0xE4F9
    dd 0x5636, 0xBC52
    dd 0x5638, 0xE546
    dd 0x5639, 0xBC49
    dd 0x563A, 0xE548
    dd 0x563B, 0xBC48
    dd 0x563D, 0xE543
    dd 0x563E, 0xE545
    dd 0x563F, 0xBC4B
    dd 0x5640, 0xE541
    dd 0x5641, 0xE4FA
    dd 0x5642, 0xE4F7
    dd 0x5645, 0xD86B
    dd 0x5646, 0xE4FD
    dd 0x5648, 0xE4F6
    dd 0x5649, 0xE4FC
    dd 0x564A, 0xE4FB
    dd 0x564C, 0xE4F8
    dd 0x564E, 0xBC4F
    dd 0x5653, 0xBC4E
    dd 0x5657, 0xBC50
    dd 0x5658, 0xE4FE
    dd 0x5659, 0xBEB2
    dd 0x565A, 0xE540
    dd 0x565E, 0xE945
    dd 0x5660, 0xE8FD
    dd 0x5662, 0xBEBE
    dd 0x5663, 0xE942
    dd 0x5664, 0xBEB6
    dd 0x5665, 0xBEBA
    dd 0x5666, 0xE941
    dd 0x5668, 0xBEB9
    dd 0x5669, 0xBEB5
    dd 0x566A, 0xBEB8
    dd 0x566B, 0xBEB3
    dd 0x566C, 0xBEBD
    dd 0x566D, 0xE943
    dd 0x566E, 0xE8FE
    dd 0x566F, 0xBEBC
    dd 0x5670, 0xE8FC
    dd 0x5671, 0xBEBB
    dd 0x5672, 0xE944
    dd 0x5673, 0xE940
    dd 0x5674, 0xBC51
    dd 0x5676, 0xBEBF
    dd 0x5677, 0xE946
    dd 0x5678, 0xBEB7
    dd 0x5679, 0xBEB4
    dd 0x567E, 0xECC6
    dd 0x567F, 0xECC8
    dd 0x5680, 0xC07B
    dd 0x5681, 0xECC9
    dd 0x5682, 0xECC7
    dd 0x5683, 0xECC5
    dd 0x5684, 0xECC4
    dd 0x5685, 0xC07D
    dd 0x5686, 0xECC3
    dd 0x5687, 0xC07E
    dd 0x568C, 0xECC1
    dd 0x568D, 0xECC2
    dd 0x568E, 0xC07A
    dd 0x568F, 0xC0A1
    dd 0x5690, 0xC07C
    dd 0x5693, 0xECC0
    dd 0x5695, 0xC250
    dd 0x5697, 0xEFBC
    dd 0x5698, 0xEFBA
    dd 0x5699, 0xEFBF
    dd 0x569A, 0xEFBD
    dd 0x569C, 0xEFBB
    dd 0x569D, 0xEFBE
    dd 0x56A5, 0xC360
    dd 0x56A6, 0xF1F2
    dd 0x56A7, 0xF1F3
    dd 0x56A8, 0xC456
    dd 0x56AA, 0xF1F4
    dd 0x56AB, 0xF1F0
    dd 0x56AC, 0xF1F5
    dd 0x56AD, 0xF1F1
    dd 0x56AE, 0xC251
    dd 0x56B2, 0xF3FE
    dd 0x56B3, 0xF441
    dd 0x56B4, 0xC459
    dd 0x56B5, 0xF440
    dd 0x56B6, 0xC458
    dd 0x56B7, 0xC457
    dd 0x56BC, 0xC45A
    dd 0x56BD, 0xF5C5
    dd 0x56BE, 0xF5C6
    dd 0x56C0, 0xC4DA
    dd 0x56C1, 0xC4D9
    dd 0x56C2, 0xC4DB
    dd 0x56C3, 0xF5C4
    dd 0x56C5, 0xF6D8
    dd 0x56C6, 0xF6D7
    dd 0x56C8, 0xC56D
    dd 0x56C9, 0xC56F
    dd 0x56CA, 0xC56E
    dd 0x56CB, 0xF6D9
    dd 0x56CC, 0xC5C8
    dd 0x56CD, 0xF8A6
    dd 0x56D1, 0xC5F1
    dd 0x56D3, 0xF8A5
    dd 0x56D4, 0xF8EE
    dd 0x56D7, 0xC949
    dd 0x56DA, 0xA57D
    dd 0x56DB, 0xA57C
    dd 0x56DD, 0xA65F
    dd 0x56DE, 0xA65E
    dd 0x56DF, 0xC9C7
    dd 0x56E0, 0xA65D
    dd 0x56E1, 0xC9C6
    dd 0x56E4, 0xA779
    dd 0x56E5, 0xCAA9
    dd 0x56E7, 0xCAA8
    dd 0x56EA, 0xA777
    dd 0x56EB, 0xA77A
    dd 0x56EE, 0xCAA7
    dd 0x56F0, 0xA778
    dd 0x56F7, 0xCBF0
    dd 0x56F9, 0xCBF1
    dd 0x56FA, 0xA954
    dd 0x56FF, 0xABAA
    dd 0x5701, 0xD148
    dd 0x5702, 0xD149
    dd 0x5703, 0xAE45
    dd 0x5704, 0xAE46
    dd 0x5707, 0xD4AC
    dd 0x5708, 0xB0E9
    dd 0x5709, 0xB0EB
    dd 0x570A, 0xD4AB
    dd 0x570B, 0xB0EA
    dd 0x570C, 0xD87C
    dd 0x570D, 0xB3F2
    dd 0x5712, 0xB6E9
    dd 0x5713, 0xB6EA
    dd 0x5714, 0xDCE1
    dd 0x5716, 0xB9CF
    dd 0x5718, 0xB9CE
    dd 0x571A, 0xE549
    dd 0x571B, 0xE948
    dd 0x571C, 0xE947
    dd 0x571E, 0xF96B
    dd 0x571F, 0xA467
    dd 0x5720, 0xC959
    dd 0x5722, 0xC96E
    dd 0x5723, 0xC96F
    dd 0x5728, 0xA662
    dd 0x5729, 0xA666
    dd 0x572A, 0xC9C9
    dd 0x572C, 0xA664
    dd 0x572D, 0xA663
    dd 0x572E, 0xC9C8
    dd 0x572F, 0xA665
    dd 0x5730, 0xA661
    dd 0x5733, 0xA660
    dd 0x5734, 0xC9CA
    dd 0x573B, 0xA7A6
    dd 0x573E, 0xA7A3
    dd 0x5740, 0xA77D
    dd 0x5741, 0xCAAA
    dd 0x5745, 0xCAAB
    dd 0x5747, 0xA7A1
    dd 0x5749, 0xCAAD
    dd 0x574A, 0xA77B
    dd 0x574B, 0xCAAE
    dd 0x574C, 0xCAAC
    dd 0x574D, 0xA77E
    dd 0x574E, 0xA7A2
    dd 0x574F, 0xA7A5
    dd 0x5750, 0xA7A4
    dd 0x5751, 0xA77C
    dd 0x5752, 0xCAAF
    dd 0x5761, 0xA959
    dd 0x5762, 0xCBFE
    dd 0x5764, 0xA95B
    dd 0x5766, 0xA95A
    dd 0x5768, 0xCC40
    dd 0x5769, 0xA958
    dd 0x576A, 0xA957
    dd 0x576B, 0xCBF5
    dd 0x576D, 0xCBF4
    dd 0x576F, 0xCBF2
    dd 0x5770, 0xCBF7
    dd 0x5771, 0xCBF6
    dd 0x5772, 0xCBF3
    dd 0x5773, 0xCBFC
    dd 0x5774, 0xCBFD
    dd 0x5775, 0xCBFA
    dd 0x5776, 0xCBF8
    dd 0x5777, 0xA956
    dd 0x577B, 0xCBFB
    dd 0x577C, 0xA95C
    dd 0x577D, 0xCC41
    dd 0x5780, 0xCBF9
    dd 0x5782, 0xABAB
    dd 0x5783, 0xA955
    dd 0x578B, 0xABAC
    dd 0x578C, 0xCE54
    dd 0x578F, 0xCE5A
    dd 0x5793, 0xABB2
    dd 0x5794, 0xCE58
    dd 0x5795, 0xCE5E
    dd 0x5797, 0xCE55
    dd 0x5798, 0xCE59
    dd 0x5799, 0xCE5B
    dd 0x579A, 0xCE5D
    dd 0x579B, 0xCE57
    dd 0x579D, 0xCE56
    dd 0x579E, 0xCE51
    dd 0x579F, 0xCE52
    dd 0x57A0, 0xABAD
    dd 0x57A2, 0xABAF
    dd 0x57A3, 0xABAE
    dd 0x57A4, 0xCE53
    dd 0x57A5, 0xCE5C
    dd 0x57AE, 0xABB1
    dd 0x57B5, 0xCE50
    dd 0x57B6, 0xD153
    dd 0x57B8, 0xD152
    dd 0x57B9, 0xD157
    dd 0x57BA, 0xD14E
    dd 0x57BC, 0xD151
    dd 0x57BD, 0xD150
    dd 0x57BF, 0xD154
    dd 0x57C1, 0xD158
    dd 0x57C2, 0xAE47
    dd 0x57C3, 0xAE4A
    dd 0x57C6, 0xD14F
    dd 0x57C7, 0xD155
    dd 0x57CB, 0xAE49
    dd 0x57CC, 0xD14A
    dd 0x57CE, 0xABB0
    dd 0x57CF, 0xD4BA
    dd 0x57D0, 0xD156
    dd 0x57D2, 0xD14D
    dd 0x57D4, 0xAE48
    dd 0x57D5, 0xD14C
    dd 0x57DC, 0xD4B1
    dd 0x57DF, 0xB0EC
    dd 0x57E0, 0xB0F0
    dd 0x57E1, 0xD4C1
    dd 0x57E2, 0xD4AF
    dd 0x57E3, 0xD4BD
    dd 0x57E4, 0xB0F1
    dd 0x57E5, 0xD4BF
    dd 0x57E7, 0xD4C5
    dd 0x57E9, 0xD4C9
    dd 0x57EC, 0xD4C0
    dd 0x57ED, 0xD4B4
    dd 0x57EE, 0xD4BC
    dd 0x57F0, 0xD4CA
    dd 0x57F1, 0xD4C8
    dd 0x57F2, 0xD4BE
    dd 0x57F3, 0xD4B9
    dd 0x57F4, 0xD4B2
    dd 0x57F5, 0xD8A6
    dd 0x57F6, 0xD4B0
    dd 0x57F7, 0xB0F5
    dd 0x57F8, 0xD4B7
    dd 0x57F9, 0xB0F6
    dd 0x57FA, 0xB0F2
    dd 0x57FB, 0xD4AD
    dd 0x57FC, 0xD4C3
    dd 0x57FD, 0xD4B5
    dd 0x5800, 0xD4B3
    dd 0x5801, 0xD4C6
    dd 0x5802, 0xB0F3
    dd 0x5804, 0xD4CC
    dd 0x5805, 0xB0ED
    dd 0x5806, 0xB0EF
    dd 0x5807, 0xD4BB
    dd 0x5808, 0xD4B6
    dd 0x5809, 0xAE4B
    dd 0x580A, 0xB0EE
    dd 0x580B, 0xD4B8
    dd 0x580C, 0xD4C7
    dd 0x580D, 0xD4CB
    dd 0x580E, 0xD4C2
    dd 0x5810, 0xD4C4
    dd 0x5814, 0xD4AE
    dd 0x5819, 0xD8A1
    dd 0x581B, 0xD8AA
    dd 0x581C, 0xD8A9
    dd 0x581D, 0xB3FA
    dd 0x581E, 0xD8A2
    dd 0x5820, 0xB3FB
    dd 0x5821, 0xB3F9
    dd 0x5823, 0xD8A4
    dd 0x5824, 0xB3F6
    dd 0x5825, 0xD8A8
    dd 0x5827, 0xD8A3
    dd 0x5828, 0xD8A5
    dd 0x5829, 0xD87D
    dd 0x582A, 0xB3F4
    dd 0x582C, 0xD8B2
    dd 0x582D, 0xD8B1
    dd 0x582E, 0xD8AE
    dd 0x582F, 0xB3F3
    dd 0x5830, 0xB3F7
    dd 0x5831, 0xB3F8
    dd 0x5832, 0xD14B
    dd 0x5833, 0xD8AB
    dd 0x5834, 0xB3F5
    dd 0x5835, 0xB0F4
    dd 0x5836, 0xD8AD
    dd 0x5837, 0xD87E
    dd 0x5838, 0xD8B0
    dd 0x5839, 0xD8AF
    dd 0x583B, 0xD8B3
    dd 0x583D, 0xDCEF
    dd 0x583F, 0xD8AC
    dd 0x5848, 0xD8A7
    dd 0x5849, 0xDCE7
    dd 0x584A, 0xB6F4
    dd 0x584B, 0xB6F7
    dd 0x584C, 0xB6F2
    dd 0x584D, 0xDCE6
    dd 0x584E, 0xDCEA
    dd 0x584F, 0xDCE5
    dd 0x5851, 0xB6EC
    dd 0x5852, 0xB6F6
    dd 0x5853, 0xDCE2
    dd 0x5854, 0xB6F0
    dd 0x5855, 0xDCE9
    dd 0x5857, 0xB6EE
    dd 0x5858, 0xB6ED
    dd 0x5859, 0xDCEC
    dd 0x585A, 0xB6EF
    dd 0x585B, 0xDCEE
    dd 0x585D, 0xDCEB
    dd 0x585E, 0xB6EB
    dd 0x5862, 0xB6F5
    dd 0x5863, 0xDCF0
    dd 0x5864, 0xDCE4
    dd 0x5865, 0xDCED
    dd 0x5868, 0xDCE3
    dd 0x586B, 0xB6F1
    dd 0x586D, 0xB6F3
    dd 0x586F, 0xDCE8
    dd 0x5871, 0xDCF1
    dd 0x5874, 0xE15D
    dd 0x5875, 0xB9D0
    dd 0x5876, 0xE163
    dd 0x5879, 0xB9D5
    dd 0x587A, 0xE15F
    dd 0x587B, 0xE166
    dd 0x587C, 0xE157
    dd 0x587D, 0xB9D7
    dd 0x587E, 0xB9D1
    dd 0x587F, 0xE15C
    dd 0x5880, 0xBC55
    dd 0x5881, 0xE15B
    dd 0x5882, 0xE164
    dd 0x5883, 0xB9D2
    dd 0x5885, 0xB9D6
    dd 0x5886, 0xE15A
    dd 0x5887, 0xE160
    dd 0x5888, 0xE165
    dd 0x5889, 0xE156
    dd 0x588A, 0xB9D4
    dd 0x588B, 0xE15E
    dd 0x588E, 0xE162
    dd 0x588F, 0xE168
    dd 0x5890, 0xE158
    dd 0x5891, 0xE161
    dd 0x5893, 0xB9D3
    dd 0x5894, 0xE167
    dd 0x5898, 0xE159
    dd 0x589C, 0xBC59
    dd 0x589D, 0xE54B
    dd 0x589E, 0xBC57
    dd 0x589F, 0xBC56
    dd 0x58A0, 0xE54D
    dd 0x58A1, 0xE552
    dd 0x58A3, 0xE54E
    dd 0x58A5, 0xE551
    dd 0x58A6, 0xBC5C
    dd 0x58A8, 0xBEA5
    dd 0x58A9, 0xBC5B
    dd 0x58AB, 0xE54A
    dd 0x58AC, 0xE550
    dd 0x58AE, 0xBC5A
    dd 0x58AF, 0xE54F
    dd 0x58B1, 0xE54C
    dd 0x58B3, 0xBC58
    dd 0x58BA, 0xE94D
    dd 0x58BC, 0xE94F
    dd 0x58BD, 0xE94A
    dd 0x58BE, 0xBEC1
    dd 0x58BF, 0xE94C
    dd 0x58C1, 0xBEC0
    dd 0x58C2, 0xE94E
    dd 0x58C5, 0xBEC3
    dd 0x58C6, 0xE950
    dd 0x58C7, 0xBEC2
    dd 0x58C8, 0xE949
    dd 0x58C9, 0xE94B
    dd 0x58CE, 0xC0A5
    dd 0x58CF, 0xECCC
    dd 0x58D1, 0xC0A4
    dd 0x58D2, 0xECCD
    dd 0x58D3, 0xC0A3
    dd 0x58D4, 0xECCB
    dd 0x58D5, 0xC0A2
    dd 0x58D6, 0xECCA
    dd 0x58D8, 0xC253
    dd 0x58D9, 0xC252
    dd 0x58DA, 0xF1F6
    dd 0x58DB, 0xF1F8
    dd 0x58DD, 0xF1F7
    dd 0x58DE, 0xC361
    dd 0x58DF, 0xC362
    dd 0x58E2, 0xC363
    dd 0x58E3, 0xF442
    dd 0x58E4, 0xC45B
    dd 0x58E7, 0xF7D3
    dd 0x58E8, 0xF7D2
    dd 0x58E9, 0xC5F2
    dd 0x58EB, 0xA468
    dd 0x58EC, 0xA4D0
    dd 0x58EF, 0xA7A7
    dd 0x58F4, 0xCE5F
    dd 0x58F9, 0xB3FC
    dd 0x58FA, 0xB3FD
    dd 0x58FC, 0xDCF2
    dd 0x58FD, 0xB9D8
    dd 0x58FE, 0xE169
    dd 0x58FF, 0xE553
    dd 0x5903, 0xC95A
    dd 0x5906, 0xCAB0
    dd 0x590C, 0xCC42
    dd 0x590D, 0xCE60
    dd 0x590E, 0xD159
    dd 0x590F, 0xAE4C
    dd 0x5912, 0xF1F9
    dd 0x5914, 0xC4DC
    dd 0x5915, 0xA469
    dd 0x5916, 0xA57E
    dd 0x5917, 0xC970
    dd 0x5919, 0xA667
    dd 0x591A, 0xA668
    dd 0x591C, 0xA95D
    dd 0x5920, 0xB0F7
    dd 0x5922, 0xB9DA
    dd 0x5924, 0xB9DB
    dd 0x5925, 0xB9D9
    dd 0x5927, 0xA46A
    dd 0x5929, 0xA4D1
    dd 0x592A, 0xA4D3
    dd 0x592B, 0xA4D2
    dd 0x592C, 0xC95B
    dd 0x592D, 0xA4D4
    dd 0x592E, 0xA5A1
    dd 0x592F, 0xC971
    dd 0x5931, 0xA5A2
    dd 0x5937, 0xA669
    dd 0x5938, 0xA66A
    dd 0x593C, 0xC9CB
    dd 0x593E, 0xA7A8
    dd 0x5940, 0xCAB1
    dd 0x5944, 0xA961
    dd 0x5945, 0xCC43
    dd 0x5947, 0xA95F
    dd 0x5948, 0xA960
    dd 0x5949, 0xA95E
    dd 0x594A, 0xD15A
    dd 0x594E, 0xABB6
    dd 0x594F, 0xABB5
    dd 0x5950, 0xABB7
    dd 0x5951, 0xABB4
    dd 0x5953, 0xCE61
    dd 0x5954, 0xA962
    dd 0x5955, 0xABB3
    dd 0x5957, 0xAE4D
    dd 0x5958, 0xAE4E
    dd 0x595A, 0xAE4F
    dd 0x595C, 0xD4CD
    dd 0x5960, 0xB3FE
    dd 0x5961, 0xD8B4
    dd 0x5962, 0xB0F8
    dd 0x5967, 0xB6F8
    dd 0x5969, 0xB9DD
    dd 0x596A, 0xB9DC
    dd 0x596B, 0xE16A
    dd 0x596D, 0xBC5D
    dd 0x596E, 0xBEC4
    dd 0x5970, 0xEFC0
    dd 0x5971, 0xF6DA
    dd 0x5972, 0xF7D4
    dd 0x5973, 0xA46B
    dd 0x5974, 0xA5A3
    dd 0x5976, 0xA5A4
    dd 0x5977, 0xC9D1
    dd 0x5978, 0xA66C
    dd 0x5979, 0xA66F
    dd 0x597B, 0xC9CF
    dd 0x597C, 0xC9CD
    dd 0x597D, 0xA66E
    dd 0x597E, 0xC9D0
    dd 0x597F, 0xC9D2
    dd 0x5980, 0xC9CC
    dd 0x5981, 0xA671
    dd 0x5982, 0xA670
    dd 0x5983, 0xA66D
    dd 0x5984, 0xA66B
    dd 0x5985, 0xC9CE
    dd 0x598A, 0xA7B3
    dd 0x598D, 0xA7B0
    dd 0x598E, 0xCAB6
    dd 0x598F, 0xCAB9
    dd 0x5990, 0xCAB8
    dd 0x5992, 0xA7AA
    dd 0x5993, 0xA7B2
    dd 0x5996, 0xA7AF
    dd 0x5997, 0xCAB5
    dd 0x5998, 0xCAB3
    dd 0x5999, 0xA7AE
    dd 0x599D, 0xA7A9
    dd 0x599E, 0xA7AC
    dd 0x59A0, 0xCAB4
    dd 0x59A1, 0xCABB
    dd 0x59A2, 0xCAB7
    dd 0x59A3, 0xA7AD
    dd 0x59A4, 0xA7B1
    dd 0x59A5, 0xA7B4
    dd 0x59A6, 0xCAB2
    dd 0x59A7, 0xCABA
    dd 0x59A8, 0xA7AB
    dd 0x59AE, 0xA967
    dd 0x59AF, 0xA96F
    dd 0x59B1, 0xCC4F
    dd 0x59B2, 0xCC48
    dd 0x59B3, 0xA970
    dd 0x59B4, 0xCC53
    dd 0x59B5, 0xCC44
    dd 0x59B6, 0xCC4B
    dd 0x59B9, 0xA966
    dd 0x59BA, 0xCC45
    dd 0x59BB, 0xA964
    dd 0x59BC, 0xCC4C
    dd 0x59BD, 0xCC50
    dd 0x59BE, 0xA963
    dd 0x59C0, 0xCC51
    dd 0x59C1, 0xCC4A
    dd 0x59C3, 0xCC4D
    dd 0x59C5, 0xA972
    dd 0x59C6, 0xA969
    dd 0x59C7, 0xCC54
    dd 0x59C8, 0xCC52
    dd 0x59CA, 0xA96E
    dd 0x59CB, 0xA96C
    dd 0x59CC, 0xCC49
    dd 0x59CD, 0xA96B
    dd 0x59CE, 0xCC47
    dd 0x59CF, 0xCC46
    dd 0x59D0, 0xA96A
    dd 0x59D1, 0xA968
    dd 0x59D2, 0xA971
    dd 0x59D3, 0xA96D
    dd 0x59D4, 0xA965
    dd 0x59D6, 0xCC4E
    dd 0x59D8, 0xABB9
    dd 0x59DA, 0xABC0
    dd 0x59DB, 0xCE6F
    dd 0x59DC, 0xABB8
    dd 0x59DD, 0xCE67
    dd 0x59DE, 0xCE63
    dd 0x59E0, 0xCE73
    dd 0x59E1, 0xCE62
    dd 0x59E3, 0xABBB
    dd 0x59E4, 0xCE6C
    dd 0x59E5, 0xABBE
    dd 0x59E6, 0xABC1
    dd 0x59E8, 0xABBC
    dd 0x59E9, 0xCE70
    dd 0x59EA, 0xABBF
    dd 0x59EC, 0xAE56
    dd 0x59ED, 0xCE76
    dd 0x59EE, 0xCE64
    dd 0x59F1, 0xCE66
    dd 0x59F2, 0xCE6D
    dd 0x59F3, 0xCE71
    dd 0x59F4, 0xCE75
    dd 0x59F5, 0xCE72
    dd 0x59F6, 0xCE6B
    dd 0x59F7, 0xCE6E
    dd 0x59FA, 0xCE68
    dd 0x59FB, 0xABC3
    dd 0x59FC, 0xCE6A
    dd 0x59FD, 0xCE69
    dd 0x59FE, 0xCE74
    dd 0x59FF, 0xABBA
    dd 0x5A00, 0xCE65
    dd 0x5A01, 0xABC2
    dd 0x5A03, 0xABBD
    dd 0x5A09, 0xAE5C
    dd 0x5A0A, 0xD162
    dd 0x5A0C, 0xAE5B
    dd 0x5A0F, 0xD160
    dd 0x5A11, 0xAE50
    dd 0x5A13, 0xAE55
    dd 0x5A15, 0xD15F
    dd 0x5A16, 0xD15C
    dd 0x5A17, 0xD161
    dd 0x5A18, 0xAE51
    dd 0x5A19, 0xD15B
    dd 0x5A1B, 0xAE54
    dd 0x5A1C, 0xAE52
    dd 0x5A1E, 0xD163
    dd 0x5A1F, 0xAE53
    dd 0x5A20, 0xAE57
    dd 0x5A23, 0xAE58
    dd 0x5A25, 0xAE5A
    dd 0x5A29, 0xAE59
    dd 0x5A2D, 0xD15D
    dd 0x5A2E, 0xD15E
    dd 0x5A33, 0xD164
    dd 0x5A35, 0xD4D4
    dd 0x5A36, 0xB0F9
    dd 0x5A37, 0xD8C2
    dd 0x5A38, 0xD4D3
    dd 0x5A39, 0xD4E6
    dd 0x5A3C, 0xB140
    dd 0x5A3E, 0xD4E4
    dd 0x5A40, 0xB0FE
    dd 0x5A41, 0xB0FA
    dd 0x5A42, 0xD4ED
    dd 0x5A43, 0xD4DD
    dd 0x5A44, 0xD4E0
    dd 0x5A46, 0xB143
    dd 0x5A47, 0xD4EA
    dd 0x5A48, 0xD4E2
    dd 0x5A49, 0xB0FB
    dd 0x5A4A, 0xB144
    dd 0x5A4C, 0xD4E7
    dd 0x5A4D, 0xD4E5
    dd 0x5A50, 0xD4D6
    dd 0x5A51, 0xD4EB
    dd 0x5A52, 0xD4DF
    dd 0x5A53, 0xD4DA
    dd 0x5A55, 0xD4D0
    dd 0x5A56, 0xD4EC
    dd 0x5A57, 0xD4DC
    dd 0x5A58, 0xD4CF
    dd 0x5A5A, 0xB142
    dd 0x5A5B, 0xD4E1
    dd 0x5A5C, 0xD4EE
    dd 0x5A5D, 0xD4DE
    dd 0x5A5E, 0xD4D2
    dd 0x5A5F, 0xD4D7
    dd 0x5A60, 0xD4CE
    dd 0x5A62, 0xB141
    dd 0x5A64, 0xD4DB
    dd 0x5A65, 0xD4D8
    dd 0x5A66, 0xB0FC
    dd 0x5A67, 0xD4D1
    dd 0x5A69, 0xD4E9
    dd 0x5A6A, 0xB0FD
    dd 0x5A6C, 0xD4D9
    dd 0x5A6D, 0xD4D5
    dd 0x5A70, 0xD4E8
    dd 0x5A77, 0xB440
    dd 0x5A78, 0xD8BB
    dd 0x5A7A, 0xD8B8
    dd 0x5A7B, 0xD8C9
    dd 0x5A7C, 0xD8BD
    dd 0x5A7D, 0xD8CA
    dd 0x5A7F, 0xB442
    dd 0x5A83, 0xD8C6
    dd 0x5A84, 0xD8C3
    dd 0x5A8A, 0xD8C4
    dd 0x5A8B, 0xD8C7
    dd 0x5A8C, 0xD8CB
    dd 0x5A8E, 0xD4E3
    dd 0x5A8F, 0xD8CD
    dd 0x5A90, 0xDD47
    dd 0x5A92, 0xB443
    dd 0x5A93, 0xD8CE
    dd 0x5A94, 0xD8B6
    dd 0x5A95, 0xD8C0
    dd 0x5A97, 0xD8C5
    dd 0x5A9A, 0xB441
    dd 0x5A9B, 0xB444
    dd 0x5A9C, 0xD8CC
    dd 0x5A9D, 0xD8CF
    dd 0x5A9E, 0xD8BA
    dd 0x5A9F, 0xD8B7
    dd 0x5AA2, 0xD8B9
    dd 0x5AA5, 0xD8BE
    dd 0x5AA6, 0xD8BC
    dd 0x5AA7, 0xB445
    dd 0x5AA9, 0xD8C8
    dd 0x5AAC, 0xD8BF
    dd 0x5AAE, 0xD8C1
    dd 0x5AAF, 0xD8B5
    dd 0x5AB0, 0xDCFA
    dd 0x5AB1, 0xDCF8
    dd 0x5AB2, 0xB742
    dd 0x5AB3, 0xB740
    dd 0x5AB4, 0xDD43
    dd 0x5AB5, 0xDCF9
    dd 0x5AB6, 0xDD44
    dd 0x5AB7, 0xDD40
    dd 0x5AB8, 0xDCF7
    dd 0x5AB9, 0xDD46
    dd 0x5ABA, 0xDCF6
    dd 0x5ABB, 0xDCFD
    dd 0x5ABC, 0xB6FE
    dd 0x5ABD, 0xB6FD
    dd 0x5ABE, 0xB6FC
    dd 0x5ABF, 0xDCFB
    dd 0x5AC0, 0xDD41
    dd 0x5AC1, 0xB6F9
    dd 0x5AC2, 0xB741
    dd 0x5AC4, 0xDCF4
    dd 0x5AC6, 0xDCFE
    dd 0x5AC7, 0xDCF3
    dd 0x5AC8, 0xDCFC
    dd 0x5AC9, 0xB6FA
    dd 0x5ACA, 0xDD42
    dd 0x5ACB, 0xDCF5
    dd 0x5ACC, 0xB6FB
    dd 0x5ACD, 0xDD45
    dd 0x5AD5, 0xE16E
    dd 0x5AD6, 0xB9E2
    dd 0x5AD7, 0xB9E1
    dd 0x5AD8, 0xB9E3
    dd 0x5AD9, 0xE17A
    dd 0x5ADA, 0xE170
    dd 0x5ADB, 0xE176
    dd 0x5ADC, 0xE16B
    dd 0x5ADD, 0xE179
    dd 0x5ADE, 0xE178
    dd 0x5ADF, 0xE17C
    dd 0x5AE0, 0xE175
    dd 0x5AE1, 0xB9DE
    dd 0x5AE2, 0xE174
    dd 0x5AE3, 0xB9E4
    dd 0x5AE5, 0xE16D
    dd 0x5AE6, 0xB9DF
    dd 0x5AE8, 0xE17B
    dd 0x5AE9, 0xB9E0
    dd 0x5AEA, 0xE16F
    dd 0x5AEB, 0xE172
    dd 0x5AEC, 0xE177
    dd 0x5AED, 0xE171
    dd 0x5AEE, 0xE16C
    dd 0x5AF3, 0xE173
    dd 0x5AF4, 0xE555
    dd 0x5AF5, 0xBC61
    dd 0x5AF6, 0xE558
    dd 0x5AF7, 0xE557
    dd 0x5AF8, 0xE55A
    dd 0x5AF9, 0xE55C
    dd 0x5AFB, 0xBC5F
    dd 0x5AFD, 0xE556
    dd 0x5AFF, 0xE554
    dd 0x5B01, 0xE55D
    dd 0x5B02, 0xE55B
    dd 0x5B03, 0xE559
    dd 0x5B05, 0xE55F
    dd 0x5B07, 0xE55E
    dd 0x5B08, 0xBC63
    dd 0x5B09, 0xBC5E
    dd 0x5B0B, 0xBC60
    dd 0x5B0C, 0xBC62
    dd 0x5B0F, 0xE560
    dd 0x5B10, 0xE957
    dd 0x5B13, 0xE956
    dd 0x5B14, 0xE955
    dd 0x5B16, 0xE958
    dd 0x5B17, 0xE951
    dd 0x5B19, 0xE952
    dd 0x5B1A, 0xE95A
    dd 0x5B1B, 0xE953
    dd 0x5B1D, 0xBEC5
    dd 0x5B1E, 0xE95C
    dd 0x5B20, 0xE95B
    dd 0x5B21, 0xE954
    dd 0x5B23, 0xECD1
    dd 0x5B24, 0xC0A8
    dd 0x5B25, 0xECCF
    dd 0x5B26, 0xECD4
    dd 0x5B27, 0xECD3
    dd 0x5B28, 0xE959
    dd 0x5B2A, 0xC0A7
    dd 0x5B2C, 0xECD2
    dd 0x5B2D, 0xECCE
    dd 0x5B2E, 0xECD6
    dd 0x5B2F, 0xECD5
    dd 0x5B30, 0xC0A6
    dd 0x5B32, 0xECD0
    dd 0x5B34, 0xBEC6
    dd 0x5B38, 0xC254
    dd 0x5B3C, 0xEFC1
    dd 0x5B3D, 0xF1FA
    dd 0x5B3E, 0xF1FB
    dd 0x5B3F, 0xF1FC
    dd 0x5B40, 0xC45C
    dd 0x5B43, 0xC45D
    dd 0x5B45, 0xF443
    dd 0x5B47, 0xF5C8
    dd 0x5B48, 0xF5C7
    dd 0x5B4B, 0xF6DB
    dd 0x5B4C, 0xF6DC
    dd 0x5B4D, 0xF7D5
    dd 0x5B4E, 0xF8A7
    dd 0x5B50, 0xA46C
    dd 0x5B51, 0xA46D
    dd 0x5B53, 0xA46E
    dd 0x5B54, 0xA4D5
    dd 0x5B55, 0xA5A5
    dd 0x5B56, 0xC9D3
    dd 0x5B57, 0xA672
    dd 0x5B58, 0xA673
    dd 0x5B5A, 0xA7B7
    dd 0x5B5B, 0xA7B8
    dd 0x5B5C, 0xA7B6
    dd 0x5B5D, 0xA7B5
    dd 0x5B5F, 0xA973
    dd 0x5B62, 0xCC55
    dd 0x5B63, 0xA975
    dd 0x5B64, 0xA974
    dd 0x5B65, 0xCC56
    dd 0x5B69, 0xABC4
    dd 0x5B6B, 0xAE5D
    dd 0x5B6C, 0xD165
    dd 0x5B6E, 0xD4F0
    dd 0x5B70, 0xB145
    dd 0x5B71, 0xB447
    dd 0x5B72, 0xD4EF
    dd 0x5B73, 0xB446
    dd 0x5B75, 0xB9E5
    dd 0x5B77, 0xE17D
    dd 0x5B78, 0xBEC7
    dd 0x5B7A, 0xC0A9
    dd 0x5B7B, 0xECD7
    dd 0x5B7D, 0xC45E
    dd 0x5B7F, 0xC570
    dd 0x5B81, 0xC972
    dd 0x5B83, 0xA5A6
    dd 0x5B84, 0xC973
    dd 0x5B85, 0xA676
    dd 0x5B87, 0xA674
    dd 0x5B88, 0xA675
    dd 0x5B89, 0xA677
    dd 0x5B8B, 0xA7BA
    dd 0x5B8C, 0xA7B9
    dd 0x5B8E, 0xCABC
    dd 0x5B8F, 0xA7BB
    dd 0x5B92, 0xCABD
    dd 0x5B93, 0xCC57
    dd 0x5B95, 0xCC58
    dd 0x5B97, 0xA976
    dd 0x5B98, 0xA978
    dd 0x5B99, 0xA97A
    dd 0x5B9A, 0xA977
    dd 0x5B9B, 0xA97B
    dd 0x5B9C, 0xA979
    dd 0x5BA2, 0xABC8
    dd 0x5BA3, 0xABC5
    dd 0x5BA4, 0xABC7
    dd 0x5BA5, 0xABC9
    dd 0x5BA6, 0xABC6
    dd 0x5BA7, 0xD166
    dd 0x5BA8, 0xCE77
    dd 0x5BAC, 0xD168
    dd 0x5BAD, 0xD167
    dd 0x5BAE, 0xAE63
    dd 0x5BB0, 0xAE5F
    dd 0x5BB3, 0xAE60
    dd 0x5BB4, 0xAE62
    dd 0x5BB5, 0xAE64
    dd 0x5BB6, 0xAE61
    dd 0x5BB8, 0xAE66
    dd 0x5BB9, 0xAE65
    dd 0x5BBF, 0xB14A
    dd 0x5BC0, 0xD4F2
    dd 0x5BC1, 0xD4F1
    dd 0x5BC2, 0xB149
    dd 0x5BC4, 0xB148
    dd 0x5BC5, 0xB147
    dd 0x5BC6, 0xB14B
    dd 0x5BC7, 0xB146
    dd 0x5BCA, 0xD8D5
    dd 0x5BCB, 0xD8D2
    dd 0x5BCC, 0xB449
    dd 0x5BCD, 0xD8D1
    dd 0x5BCE, 0xD8D6
    dd 0x5BD0, 0xB44B
    dd 0x5BD1, 0xD8D4
    dd 0x5BD2, 0xB448
    dd 0x5BD3, 0xB44A
    dd 0x5BD4, 0xD8D3
    dd 0x5BD6, 0xDD48
    dd 0x5BD8, 0xDD49
    dd 0x5BD9, 0xDD4A
    dd 0x5BDE, 0xB9E6
    dd 0x5BDF, 0xB9EE
    dd 0x5BE0, 0xE17E
    dd 0x5BE1, 0xB9E8
    dd 0x5BE2, 0xB9EC
    dd 0x5BE3, 0xE1A1
    dd 0x5BE4, 0xB9ED
    dd 0x5BE5, 0xB9E9
    dd 0x5BE6, 0xB9EA
    dd 0x5BE7, 0xB9E7
    dd 0x5BE8, 0xB9EB
    dd 0x5BE9, 0xBC66
    dd 0x5BEA, 0xD8D0
    dd 0x5BEB, 0xBC67
    dd 0x5BEC, 0xBC65
    dd 0x5BEE, 0xBC64
    dd 0x5BEF, 0xE95D
    dd 0x5BF0, 0xBEC8
    dd 0x5BF1, 0xECD8
    dd 0x5BF2, 0xECD9
    dd 0x5BF5, 0xC364
    dd 0x5BF6, 0xC45F
    dd 0x5BF8, 0xA46F
    dd 0x5BFA, 0xA678
    dd 0x5C01, 0xABCA
    dd 0x5C03, 0xD169
    dd 0x5C04, 0xAE67
    dd 0x5C07, 0xB14E
    dd 0x5C08, 0xB14D
    dd 0x5C09, 0xB14C
    dd 0x5C0A, 0xB44C
    dd 0x5C0B, 0xB44D
    dd 0x5C0C, 0xD8D7
    dd 0x5C0D, 0xB9EF
    dd 0x5C0E, 0xBEC9
    dd 0x5C0F, 0xA470
    dd 0x5C10, 0xC95C
    dd 0x5C11, 0xA4D6
    dd 0x5C12, 0xC974
    dd 0x5C15, 0xC9D4
    dd 0x5C16, 0xA679
    dd 0x5C1A, 0xA97C
    dd 0x5C1F, 0xDD4B
    dd 0x5C22, 0xA471
    dd 0x5C24, 0xA4D7
    dd 0x5C25, 0xC9D5
    dd 0x5C28, 0xCABE
    dd 0x5C2A, 0xCABF
    dd 0x5C2C, 0xA7BC
    dd 0x5C30, 0xD8D8
    dd 0x5C31, 0xB44E
    dd 0x5C33, 0xDD4C
    dd 0x5C37, 0xC0AA
    dd 0x5C38, 0xA472
    dd 0x5C39, 0xA4A8
    dd 0x5C3A, 0xA4D8
    dd 0x5C3B, 0xC975
    dd 0x5C3C, 0xA5A7
    dd 0x5C3E, 0xA7C0
    dd 0x5C3F, 0xA7BF
    dd 0x5C40, 0xA7BD
    dd 0x5C41, 0xA7BE
    dd 0x5C44, 0xCC59
    dd 0x5C45, 0xA97E
    dd 0x5C46, 0xA9A1
    dd 0x5C47, 0xCC5A
    dd 0x5C48, 0xA97D
    dd 0x5C4B, 0xABCE
    dd 0x5C4C, 0xCE78
    dd 0x5C4D, 0xABCD
    dd 0x5C4E, 0xABCB
    dd 0x5C4F, 0xABCC
    dd 0x5C50, 0xAE6A
    dd 0x5C51, 0xAE68
    dd 0x5C54, 0xD16B
    dd 0x5C55, 0xAE69
    dd 0x5C56, 0xD16A
    dd 0x5C58, 0xAE5E
    dd 0x5C59, 0xD4F3
    dd 0x5C5C, 0xB150
    dd 0x5C5D, 0xB151
    dd 0x5C60, 0xB14F
    dd 0x5C62, 0xB9F0
    dd 0x5C63, 0xE1A2
    dd 0x5C64, 0xBC68
    dd 0x5C65, 0xBC69
    dd 0x5C67, 0xE561
    dd 0x5C68, 0xC0AB
    dd 0x5C69, 0xEFC2
    dd 0x5C6A, 0xEFC3
    dd 0x5C6C, 0xC4DD
    dd 0x5C6D, 0xF8A8
    dd 0x5C6E, 0xC94B
    dd 0x5C6F, 0xA4D9
    dd 0x5C71, 0xA473
    dd 0x5C73, 0xC977
    dd 0x5C74, 0xC976
    dd 0x5C79, 0xA67A
    dd 0x5C7A, 0xC9D7
    dd 0x5C7B, 0xC9D8
    dd 0x5C7C, 0xC9D6
    dd 0x5C7E, 0xC9D9
    dd 0x5C86, 0xCAC7
    dd 0x5C88, 0xCAC2
    dd 0x5C89, 0xCAC4
    dd 0x5C8A, 0xCAC6
    dd 0x5C8B, 0xCAC3
    dd 0x5C8C, 0xA7C4
    dd 0x5C8D, 0xCAC0
    dd 0x5C8F, 0xCAC1
    dd 0x5C90, 0xA7C1
    dd 0x5C91, 0xA7C2
    dd 0x5C92, 0xCAC5
    dd 0x5C93, 0xCAC8
    dd 0x5C94, 0xA7C3
    dd 0x5C95, 0xCAC9
    dd 0x5C9D, 0xCC68
    dd 0x5C9F, 0xCC62
    dd 0x5CA0, 0xCC5D
    dd 0x5CA1, 0xA9A3
    dd 0x5CA2, 0xCC65
    dd 0x5CA3, 0xCC63
    dd 0x5CA4, 0xCC5C
    dd 0x5CA5, 0xCC69
    dd 0x5CA6, 0xCC6C
    dd 0x5CA7, 0xCC67
    dd 0x5CA8, 0xCC60
    dd 0x5CA9, 0xA9A5
    dd 0x5CAA, 0xCC66
    dd 0x5CAB, 0xA9A6
    dd 0x5CAC, 0xCC61
    dd 0x5CAD, 0xCC64
    dd 0x5CAE, 0xCC5B
    dd 0x5CAF, 0xCC5F
    dd 0x5CB0, 0xCC6B
    dd 0x5CB1, 0xA9A7
    dd 0x5CB3, 0xA9A8
    dd 0x5CB5, 0xCC5E
    dd 0x5CB6, 0xCC6A
    dd 0x5CB7, 0xA9A2
    dd 0x5CB8, 0xA9A4
    dd 0x5CC6, 0xCEAB
    dd 0x5CC7, 0xCEA4
    dd 0x5CC8, 0xCEAA
    dd 0x5CC9, 0xCEA3
    dd 0x5CCA, 0xCEA5
    dd 0x5CCB, 0xCE7D
    dd 0x5CCC, 0xCE7B
    dd 0x5CCE, 0xCEAC
    dd 0x5CCF, 0xCEA9
    dd 0x5CD0, 0xCE79
    dd 0x5CD2, 0xABD0
    dd 0x5CD3, 0xCEA7
    dd 0x5CD4, 0xCEA8
    dd 0x5CD6, 0xCEA6
    dd 0x5CD7, 0xCE7C
    dd 0x5CD8, 0xCE7A
    dd 0x5CD9, 0xABCF
    dd 0x5CDA, 0xCEA2
    dd 0x5CDB, 0xCE7E
    dd 0x5CDE, 0xCEA1
    dd 0x5CDF, 0xCEAD
    dd 0x5CE8, 0xAE6F
    dd 0x5CEA, 0xAE6E
    dd 0x5CEC, 0xD16C
    dd 0x5CED, 0xAE6B
    dd 0x5CEE, 0xD16E
    dd 0x5CF0, 0xAE70
    dd 0x5CF1, 0xD16F
    dd 0x5CF4, 0xAE73
    dd 0x5CF6, 0xAE71
    dd 0x5CF7, 0xD170
    dd 0x5CF8, 0xCEAE
    dd 0x5CF9, 0xD172
    dd 0x5CFB, 0xAE6D
    dd 0x5CFD, 0xAE6C
    dd 0x5CFF, 0xD16D
    dd 0x5D00, 0xD171
    dd 0x5D01, 0xAE72
    dd 0x5D06, 0xB153
    dd 0x5D07, 0xB152
    dd 0x5D0B, 0xD4F5
    dd 0x5D0C, 0xD4F9
    dd 0x5D0D, 0xD4FB
    dd 0x5D0E, 0xB154
    dd 0x5D0F, 0xD4FE
    dd 0x5D11, 0xB158
    dd 0x5D12, 0xD541
    dd 0x5D14, 0xB15A
    dd 0x5D16, 0xB156
    dd 0x5D17, 0xB15E
    dd 0x5D19, 0xB15B
    dd 0x5D1A, 0xD4F7
    dd 0x5D1B, 0xB155
    dd 0x5D1D, 0xD4F6
    dd 0x5D1E, 0xD4F4
    dd 0x5D1F, 0xD543
    dd 0x5D20, 0xD4F8
    dd 0x5D22, 0xB157
    dd 0x5D23, 0xD542
    dd 0x5D24, 0xB15C
    dd 0x5D25, 0xD4FD
    dd 0x5D26, 0xD4FC
    dd 0x5D27, 0xB15D
    dd 0x5D28, 0xD4FA
    dd 0x5D29, 0xB159
    dd 0x5D2E, 0xD544
    dd 0x5D30, 0xD540
    dd 0x5D31, 0xD8E7
    dd 0x5D32, 0xD8EE
    dd 0x5D33, 0xD8E3
    dd 0x5D34, 0xB451
    dd 0x5D35, 0xD8DF
    dd 0x5D36, 0xD8EF
    dd 0x5D37, 0xD8D9
    dd 0x5D38, 0xD8EC
    dd 0x5D39, 0xD8EA
    dd 0x5D3A, 0xD8E4
    dd 0x5D3C, 0xD8ED
    dd 0x5D3D, 0xD8E6
    dd 0x5D3F, 0xD8DE
    dd 0x5D40, 0xD8F0
    dd 0x5D41, 0xD8DC
    dd 0x5D42, 0xD8E9
    dd 0x5D43, 0xD8DA
    dd 0x5D45, 0xD8F1
    dd 0x5D47, 0xB452
    dd 0x5D49, 0xD8EB
    dd 0x5D4A, 0xDD4F
    dd 0x5D4B, 0xD8DD
    dd 0x5D4C, 0xB44F
    dd 0x5D4E, 0xD8E1
    dd 0x5D50, 0xB450
    dd 0x5D51, 0xD8E0
    dd 0x5D52, 0xD8E5
    dd 0x5D55, 0xD8E2
    dd 0x5D59, 0xD8E8
    dd 0x5D5E, 0xDD53
    dd 0x5D62, 0xDD56
    dd 0x5D63, 0xDD4E
    dd 0x5D65, 0xDD50
    dd 0x5D67, 0xDD55
    dd 0x5D68, 0xDD54
    dd 0x5D69, 0xB743
    dd 0x5D6B, 0xD8DB
    dd 0x5D6C, 0xDD52
    dd 0x5D6F, 0xB744
    dd 0x5D71, 0xDD4D
    dd 0x5D72, 0xDD51
    dd 0x5D77, 0xE1A9
    dd 0x5D79, 0xE1B0
    dd 0x5D7A, 0xE1A7
    dd 0x5D7C, 0xE1AE
    dd 0x5D7D, 0xE1A5
    dd 0x5D7E, 0xE1AD
    dd 0x5D7F, 0xE1B1
    dd 0x5D80, 0xE1A4
    dd 0x5D81, 0xE1A8
    dd 0x5D82, 0xE1A3
    dd 0x5D84, 0xB9F1
    dd 0x5D86, 0xE1A6
    dd 0x5D87, 0xB9F2
    dd 0x5D88, 0xE1AC
    dd 0x5D89, 0xE1AB
    dd 0x5D8A, 0xE1AA
    dd 0x5D8D, 0xE1AF
    dd 0x5D92, 0xE565
    dd 0x5D93, 0xE567
    dd 0x5D94, 0xBC6B
    dd 0x5D95, 0xE568
    dd 0x5D97, 0xE563
    dd 0x5D99, 0xE562
    dd 0x5D9A, 0xE56C
    dd 0x5D9C, 0xE56A
    dd 0x5D9D, 0xBC6A
    dd 0x5D9E, 0xE56D
    dd 0x5D9F, 0xE564
    dd 0x5DA0, 0xE569
    dd 0x5DA1, 0xE56B
    dd 0x5DA2, 0xE566
    dd 0x5DA7, 0xE961
    dd 0x5DA8, 0xE966
    dd 0x5DA9, 0xE960
    dd 0x5DAA, 0xE965
    dd 0x5DAC, 0xE95E
    dd 0x5DAD, 0xE968
    dd 0x5DAE, 0xE964
    dd 0x5DAF, 0xE969
    dd 0x5DB0, 0xE963
    dd 0x5DB1, 0xE95F
    dd 0x5DB2, 0xE967
    dd 0x5DB4, 0xE96A
    dd 0x5DB5, 0xE962
    dd 0x5DB7, 0xECDA
    dd 0x5DB8, 0xC0AF
    dd 0x5DBA, 0xC0AD
    dd 0x5DBC, 0xC0AC
    dd 0x5DBD, 0xC0AE
    dd 0x5DC0, 0xEFC4
    dd 0x5DC2, 0xF172
    dd 0x5DC3, 0xF1FD
    dd 0x5DC6, 0xF444
    dd 0x5DC7, 0xF445
    dd 0x5DC9, 0xC460
    dd 0x5DCB, 0xF5C9
    dd 0x5DCD, 0xC4DE
    dd 0x5DCF, 0xF5CA
    dd 0x5DD1, 0xF6DE
    dd 0x5DD2, 0xC572
    dd 0x5DD4, 0xC571
    dd 0x5DD5, 0xF6DD
    dd 0x5DD6, 0xC5C9
    dd 0x5DD8, 0xF7D6
    dd 0x5DDD, 0xA474
    dd 0x5DDE, 0xA67B
    dd 0x5DDF, 0xC9DA
    dd 0x5DE0, 0xCACA
    dd 0x5DE1, 0xA8B5
    dd 0x5DE2, 0xB15F
    dd 0x5DE5, 0xA475
    dd 0x5DE6, 0xA5AA
    dd 0x5DE7, 0xA5A9
    dd 0x5DE8, 0xA5A8
    dd 0x5DEB, 0xA7C5
    dd 0x5DEE, 0xAE74
    dd 0x5DF0, 0xDD57
    dd 0x5DF1, 0xA476
    dd 0x5DF2, 0xA477
    dd 0x5DF3, 0xA478
    dd 0x5DF4, 0xA4DA
    dd 0x5DF7, 0xABD1
    dd 0x5DF9, 0xCEAF
    dd 0x5DFD, 0xB453
    dd 0x5DFE, 0xA479
    dd 0x5DFF, 0xC95D
    dd 0x5E02, 0xA5AB
    dd 0x5E03, 0xA5AC
    dd 0x5E04, 0xC978
    dd 0x5E06, 0xA67C
    dd 0x5E0A, 0xCACB
    dd 0x5E0C, 0xA7C6
    dd 0x5E0E, 0xCACC
    dd 0x5E11, 0xA9AE
    dd 0x5E14, 0xCC6E
    dd 0x5E15, 0xA9AC
    dd 0x5E16, 0xA9AB
    dd 0x5E17, 0xCC6D
    dd 0x5E18, 0xA9A9
    dd 0x5E19, 0xCC6F
    dd 0x5E1A, 0xA9AA
    dd 0x5E1B, 0xA9AD
    dd 0x5E1D, 0xABD2
    dd 0x5E1F, 0xABD4
    dd 0x5E20, 0xCEB3
    dd 0x5E21, 0xCEB0
    dd 0x5E22, 0xCEB1
    dd 0x5E23, 0xCEB2
    dd 0x5E24, 0xCEB4
    dd 0x5E25, 0xABD3
    dd 0x5E28, 0xD174
    dd 0x5E29, 0xD173
    dd 0x5E2B, 0xAE76
    dd 0x5E2D, 0xAE75
    dd 0x5E33, 0xB162
    dd 0x5E34, 0xD546
    dd 0x5E36, 0xB161
    dd 0x5E37, 0xB163
    dd 0x5E38, 0xB160
    dd 0x5E3D, 0xB455
    dd 0x5E3E, 0xD545
    dd 0x5E40, 0xB456
    dd 0x5E41, 0xD8F3
    dd 0x5E43, 0xB457
    dd 0x5E44, 0xD8F2
    dd 0x5E45, 0xB454
    dd 0x5E4A, 0xDD5A
    dd 0x5E4B, 0xDD5C
    dd 0x5E4C, 0xB745
    dd 0x5E4D, 0xDD5B
    dd 0x5E4E, 0xDD59
    dd 0x5E4F, 0xDD58
    dd 0x5E53, 0xE1B4
    dd 0x5E54, 0xB9F7
    dd 0x5E55, 0xB9F5
    dd 0x5E57, 0xB9F6
    dd 0x5E58, 0xE1B2
    dd 0x5E59, 0xE1B3
    dd 0x5E5B, 0xB9F3
    dd 0x5E5C, 0xE571
    dd 0x5E5D, 0xE56F
    dd 0x5E5F, 0xBC6D
    dd 0x5E60, 0xE570
    dd 0x5E61, 0xBC6E
    dd 0x5E62, 0xBC6C
    dd 0x5E63, 0xB9F4
    dd 0x5E66, 0xE96D
    dd 0x5E67, 0xE96B
    dd 0x5E68, 0xE96C
    dd 0x5E69, 0xE56E
    dd 0x5E6A, 0xECDC
    dd 0x5E6B, 0xC0B0
    dd 0x5E6C, 0xECDB
    dd 0x5E6D, 0xEFC5
    dd 0x5E6E, 0xEFC6
    dd 0x5E6F, 0xE96E
    dd 0x5E70, 0xF1FE
    dd 0x5E72, 0xA47A
    dd 0x5E73, 0xA5AD
    dd 0x5E74, 0xA67E
    dd 0x5E75, 0xC9DB
    dd 0x5E76, 0xA67D
    dd 0x5E78, 0xA9AF
    dd 0x5E79, 0xB746
    dd 0x5E7B, 0xA4DB
    dd 0x5E7C, 0xA5AE
    dd 0x5E7D, 0xABD5
    dd 0x5E7E, 0xB458
    dd 0x5E80, 0xC979
    dd 0x5E82, 0xC97A
    dd 0x5E84, 0xC9DC
    dd 0x5E87, 0xA7C8
    dd 0x5E88, 0xCAD0
    dd 0x5E89, 0xCACE
    dd 0x5E8A, 0xA7C9
    dd 0x5E8B, 0xCACD
    dd 0x5E8C, 0xCACF
    dd 0x5E8D, 0xCAD1
    dd 0x5E8F, 0xA7C7
    dd 0x5E95, 0xA9B3
    dd 0x5E96, 0xA9B4
    dd 0x5E97, 0xA9B1
    dd 0x5E9A, 0xA9B0
    dd 0x5E9B, 0xCEB8
    dd 0x5E9C, 0xA9B2
    dd 0x5EA0, 0xABD6
    dd 0x5EA2, 0xCEB7
    dd 0x5EA3, 0xCEB9
    dd 0x5EA4, 0xCEB6
    dd 0x5EA5, 0xCEBA
    dd 0x5EA6, 0xABD7
    dd 0x5EA7, 0xAE79
    dd 0x5EA8, 0xD175
    dd 0x5EAA, 0xD177
    dd 0x5EAB, 0xAE77
    dd 0x5EAC, 0xD178
    dd 0x5EAD, 0xAE78
    dd 0x5EAE, 0xD176
    dd 0x5EB0, 0xCEB5
    dd 0x5EB1, 0xD547
    dd 0x5EB2, 0xD54A
    dd 0x5EB3, 0xD54B
    dd 0x5EB4, 0xD548
    dd 0x5EB5, 0xB167
    dd 0x5EB6, 0xB166
    dd 0x5EB7, 0xB164
    dd 0x5EB8, 0xB165
    dd 0x5EB9, 0xD549
    dd 0x5EBE, 0xB168
    dd 0x5EC1, 0xB45A
    dd 0x5EC2, 0xB45B
    dd 0x5EC4, 0xB45C
    dd 0x5EC5, 0xDD5D
    dd 0x5EC6, 0xDD5F
    dd 0x5EC7, 0xDD61
    dd 0x5EC8, 0xB748
    dd 0x5EC9, 0xB747
    dd 0x5ECA, 0xB459
    dd 0x5ECB, 0xDD60
    dd 0x5ECC, 0xDD5E
    dd 0x5ECE, 0xE1B8
    dd 0x5ED1, 0xE1B6
    dd 0x5ED2, 0xE1BC
    dd 0x5ED3, 0xB9F8
    dd 0x5ED4, 0xE1BD
    dd 0x5ED5, 0xE1BA
    dd 0x5ED6, 0xB9F9
    dd 0x5ED7, 0xE1B7
    dd 0x5ED8, 0xE1B5
    dd 0x5ED9, 0xE1BB
    dd 0x5EDA, 0xBC70
    dd 0x5EDB, 0xE573
    dd 0x5EDC, 0xE1B9
    dd 0x5EDD, 0xBC72
    dd 0x5EDE, 0xE574
    dd 0x5EDF, 0xBC71
    dd 0x5EE0, 0xBC74
    dd 0x5EE1, 0xE575
    dd 0x5EE2, 0xBC6F
    dd 0x5EE3, 0xBC73
    dd 0x5EE5, 0xE973
    dd 0x5EE6, 0xE971
    dd 0x5EE7, 0xE970
    dd 0x5EE8, 0xE972
    dd 0x5EE9, 0xE96F
    dd 0x5EEC, 0xC366
    dd 0x5EEE, 0xF446
    dd 0x5EEF, 0xF447
    dd 0x5EF1, 0xF5CB
    dd 0x5EF2, 0xF6DF
    dd 0x5EF3, 0xC655
    dd 0x5EF6, 0xA9B5
    dd 0x5EF7, 0xA7CA
    dd 0x5EFA, 0xABD8
    dd 0x5EFE, 0xA47B
    dd 0x5EFF, 0xA4DC
    dd 0x5F01, 0xA5AF
    dd 0x5F02, 0xC9DD
    dd 0x5F04, 0xA7CB
    dd 0x5F05, 0xCAD2
    dd 0x5F07, 0xCEBB
    dd 0x5F08, 0xABD9
    dd 0x5F0A, 0xB9FA
    dd 0x5F0B, 0xA47C
    dd 0x5F0F, 0xA6A1
    dd 0x5F12, 0xB749
    dd 0x5F13, 0xA47D
    dd 0x5F14, 0xA4DD
    dd 0x5F15, 0xA4DE
    dd 0x5F17, 0xA5B1
    dd 0x5F18, 0xA5B0
    dd 0x5F1A, 0xC9DE
    dd 0x5F1B, 0xA6A2
    dd 0x5F1D, 0xCAD3
    dd 0x5F1F, 0xA7CC
    dd 0x5F22, 0xCC71
    dd 0x5F23, 0xCC72
    dd 0x5F24, 0xCC73
    dd 0x5F26, 0xA9B6
    dd 0x5F27, 0xA9B7
    dd 0x5F28, 0xCC70
    dd 0x5F29, 0xA9B8
    dd 0x5F2D, 0xABDA
    dd 0x5F2E, 0xCEBC
    dd 0x5F30, 0xD17A
    dd 0x5F31, 0xAE7A
    dd 0x5F33, 0xD179
    dd 0x5F35, 0xB169
    dd 0x5F36, 0xD54C
    dd 0x5F37, 0xB16A
    dd 0x5F38, 0xD54D
    dd 0x5F3C, 0xB45D
    dd 0x5F40, 0xDD62
    dd 0x5F43, 0xE1BF
    dd 0x5F44, 0xE1BE
    dd 0x5F46, 0xB9FB
    dd 0x5F48, 0xBC75
    dd 0x5F49, 0xE576
    dd 0x5F4A, 0xBECA
    dd 0x5F4B, 0xE974
    dd 0x5F4C, 0xC0B1
    dd 0x5F4E, 0xC573
    dd 0x5F4F, 0xF7D8
    dd 0x5F54, 0xCC74
    dd 0x5F56, 0xCEBD
    dd 0x5F57, 0xB16B
    dd 0x5F58, 0xD8F4
    dd 0x5F59, 0xB74A
    dd 0x5F5D, 0xC255
    dd 0x5F62, 0xA7CE
    dd 0x5F64, 0xA7CD
    dd 0x5F65, 0xABDB
    dd 0x5F67, 0xD17B
    dd 0x5F69, 0xB16D
    dd 0x5F6A, 0xB343
    dd 0x5F6B, 0xB16E
    dd 0x5F6C, 0xB16C
    dd 0x5F6D, 0xB45E
    dd 0x5F6F, 0xE1C0
    dd 0x5F70, 0xB9FC
    dd 0x5F71, 0xBC76
    dd 0x5F73, 0xC94C
    dd 0x5F74, 0xC9DF
    dd 0x5F76, 0xCAD5
    dd 0x5F77, 0xA7CF
    dd 0x5F78, 0xCAD4
    dd 0x5F79, 0xA7D0
    dd 0x5F7C, 0xA9BC
    dd 0x5F7D, 0xCC77
    dd 0x5F7E, 0xCC76
    dd 0x5F7F, 0xA9BB
    dd 0x5F80, 0xA9B9
    dd 0x5F81, 0xA9BA
    dd 0x5F82, 0xCC75
    dd 0x5F85, 0xABDD
    dd 0x5F86, 0xCEBE
    dd 0x5F87, 0xABE0
    dd 0x5F88, 0xABDC
    dd 0x5F89, 0xABE2
    dd 0x5F8A, 0xABDE
    dd 0x5F8B, 0xABDF
    dd 0x5F8C, 0xABE1
    dd 0x5F90, 0xAE7D
    dd 0x5F91, 0xAE7C
    dd 0x5F92, 0xAE7B
    dd 0x5F96, 0xD54F
    dd 0x5F97, 0xB16F
    dd 0x5F98, 0xB172
    dd 0x5F99, 0xB170
    dd 0x5F9B, 0xD54E
    dd 0x5F9C, 0xB175
    dd 0x5F9E, 0xB171
    dd 0x5F9F, 0xD550
    dd 0x5FA0, 0xB174
    dd 0x5FA1, 0xB173
    dd 0x5FA5, 0xD8F6
    dd 0x5FA6, 0xD8F5
    dd 0x5FA8, 0xB461
    dd 0x5FA9, 0xB45F
    dd 0x5FAA, 0xB460
    dd 0x5FAB, 0xD8F7
    dd 0x5FAC, 0xB74B
    dd 0x5FAD, 0xDD64
    dd 0x5FAE, 0xB74C
    dd 0x5FAF, 0xDD63
    dd 0x5FB2, 0xE577
    dd 0x5FB5, 0xBC78
    dd 0x5FB6, 0xE1C1
    dd 0x5FB7, 0xBC77
    dd 0x5FB9, 0xB9FD
    dd 0x5FBB, 0xECDE
    dd 0x5FBC, 0xE975
    dd 0x5FBD, 0xC0B2
    dd 0x5FBE, 0xECDD
    dd 0x5FBF, 0xF240
    dd 0x5FC0, 0xF448
    dd 0x5FC1, 0xF449
    dd 0x5FC3, 0xA4DF
    dd 0x5FC5, 0xA5B2
    dd 0x5FC9, 0xC97B
    dd 0x5FCC, 0xA7D2
    dd 0x5FCD, 0xA7D4
    dd 0x5FCF, 0xC9E2
    dd 0x5FD0, 0xCAD8
    dd 0x5FD1, 0xCAD7
    dd 0x5FD2, 0xCAD6
    dd 0x5FD4, 0xC9E1
    dd 0x5FD5, 0xC9E0
    dd 0x5FD6, 0xA6A4
    dd 0x5FD7, 0xA7D3
    dd 0x5FD8, 0xA7D1
    dd 0x5FD9, 0xA6A3
    dd 0x5FDD, 0xA9BD
    dd 0x5FDE, 0xCC78
    dd 0x5FE0, 0xA9BE
    dd 0x5FE1, 0xCADD
    dd 0x5FE3, 0xCADF
    dd 0x5FE4, 0xCADE
    dd 0x5FE5, 0xCC79
    dd 0x5FE8, 0xCADA
    dd 0x5FEA, 0xA7D8
    dd 0x5FEB, 0xA7D6
    dd 0x5FED, 0xCAD9
    dd 0x5FEE, 0xCADB
    dd 0x5FEF, 0xCAE1
    dd 0x5FF1, 0xA7D5
    dd 0x5FF3, 0xCADC
    dd 0x5FF4, 0xCAE5
    dd 0x5FF5, 0xA9C0
    dd 0x5FF7, 0xCAE2
    dd 0x5FF8, 0xA7D7
    dd 0x5FFA, 0xCAE0
    dd 0x5FFB, 0xCAE3
    dd 0x5FFD, 0xA9BF
    dd 0x5FFF, 0xA9C1
    dd 0x6000, 0xCAE4
    dd 0x6009, 0xCCAF
    dd 0x600A, 0xCCA2
    dd 0x600B, 0xCC7E
    dd 0x600C, 0xCCAE
    dd 0x600D, 0xCCA9
    dd 0x600E, 0xABE7
    dd 0x600F, 0xA9C2
    dd 0x6010, 0xCCAA
    dd 0x6011, 0xCCAD
    dd 0x6012, 0xABE3
    dd 0x6013, 0xCCAC
    dd 0x6014, 0xA9C3
    dd 0x6015, 0xA9C8
    dd 0x6016, 0xA9C6
    dd 0x6017, 0xCCA3
    dd 0x6019, 0xCC7C
    dd 0x601A, 0xCCA5
    dd 0x601B, 0xA9CD
    dd 0x601C, 0xCCB0
    dd 0x601D, 0xABE4
    dd 0x601E, 0xCCA6
    dd 0x6020, 0xABE5
    dd 0x6021, 0xA9C9
    dd 0x6022, 0xCCA8
    dd 0x6024, 0xCECD
    dd 0x6025, 0xABE6
    dd 0x6026, 0xCC7B
    dd 0x6027, 0xA9CA
    dd 0x6028, 0xABE8
    dd 0x6029, 0xA9CB
    dd 0x602A, 0xA9C7
    dd 0x602B, 0xA9CC
    dd 0x602C, 0xCCA7
    dd 0x602D, 0xCC7A
    dd 0x602E, 0xCCAB
    dd 0x602F, 0xA9C4
    dd 0x6032, 0xCC7D
    dd 0x6033, 0xCCA4
    dd 0x6034, 0xCCA1
    dd 0x6035, 0xA9C5
    dd 0x6037, 0xCEBF
    dd 0x6039, 0xCEC0
    dd 0x6040, 0xCECA
    dd 0x6041, 0xD1A1
    dd 0x6042, 0xCECB
    dd 0x6043, 0xABEE
    dd 0x6044, 0xCECE
    dd 0x6045, 0xCEC4
    dd 0x6046, 0xABED
    dd 0x6047, 0xCEC6
    dd 0x6049, 0xCEC7
    dd 0x604C, 0xCEC9
    dd 0x604D, 0xABE9
    dd 0x6050, 0xAEA3
    dd 0x6053, 0xCEC5
    dd 0x6054, 0xCEC1
    dd 0x6055, 0xAEA4
    dd 0x6058, 0xCECF
    dd 0x6059, 0xAE7E
    dd 0x605A, 0xD17D
    dd 0x605B, 0xCEC8
    dd 0x605D, 0xD17C
    dd 0x605E, 0xCEC3
    dd 0x605F, 0xCECC
    dd 0x6062, 0xABEC
    dd 0x6063, 0xAEA1
    dd 0x6064, 0xABF2
    dd 0x6065, 0xAEA2
    dd 0x6066, 0xCED0
    dd 0x6067, 0xD17E
    dd 0x6068, 0xABEB
    dd 0x6069, 0xAEA6
    dd 0x606A, 0xABF1
    dd 0x606B, 0xABF0
    dd 0x606C, 0xABEF
    dd 0x606D, 0xAEA5
    dd 0x606E, 0xCED1
    dd 0x606F, 0xAEA7
    dd 0x6070, 0xABEA
    dd 0x6072, 0xCEC2
    dd 0x607F, 0xB176
    dd 0x6080, 0xD1A4
    dd 0x6081, 0xD1A6
    dd 0x6083, 0xD1A8
    dd 0x6084, 0xAEA8
    dd 0x6085, 0xAEAE
    dd 0x6086, 0xD553
    dd 0x6087, 0xD1AC
    dd 0x6088, 0xD1A3
    dd 0x6089, 0xB178
    dd 0x608A, 0xD551
    dd 0x608C, 0xAEAD
    dd 0x608D, 0xAEAB
    dd 0x608E, 0xD1AE
    dd 0x6090, 0xD552
    dd 0x6092, 0xD1A5
    dd 0x6094, 0xAEAC
    dd 0x6095, 0xD1A9
    dd 0x6096, 0xAEAF
    dd 0x6097, 0xD1AB
    dd 0x609A, 0xAEAA
    dd 0x609B, 0xD1AA
    dd 0x609C, 0xD1AD
    dd 0x609D, 0xD1A7
    dd 0x609F, 0xAEA9
    dd 0x60A0, 0xB179
    dd 0x60A2, 0xD1A2
    dd 0x60A3, 0xB177
    dd 0x60A8, 0xB17A
    dd 0x60B0, 0xD555
    dd 0x60B1, 0xD55E
    dd 0x60B2, 0xB464
    dd 0x60B4, 0xB17C
    dd 0x60B5, 0xB1A3
    dd 0x60B6, 0xB465
    dd 0x60B7, 0xD560
    dd 0x60B8, 0xB1AA
    dd 0x60B9, 0xD8F9
    dd 0x60BA, 0xD556
    dd 0x60BB, 0xB1A2
    dd 0x60BC, 0xB1A5
    dd 0x60BD, 0xB17E
    dd 0x60BE, 0xD554
    dd 0x60BF, 0xD562
    dd 0x60C0, 0xD565
    dd 0x60C1, 0xD949
    dd 0x60C3, 0xD563
    dd 0x60C4, 0xD8FD
    dd 0x60C5, 0xB1A1
    dd 0x60C6, 0xB1A8
    dd 0x60C7, 0xB1AC
    dd 0x60C8, 0xD55D
    dd 0x60C9, 0xD8F8
    dd 0x60CA, 0xD561
    dd 0x60CB, 0xB17B
    dd 0x60CC, 0xD8FA
    dd 0x60CD, 0xD564
    dd 0x60CE, 0xD8FC
    dd 0x60CF, 0xD559
    dd 0x60D1, 0xB462
    dd 0x60D3, 0xD557
    dd 0x60D4, 0xD558
    dd 0x60D5, 0xB1A7
    dd 0x60D8, 0xB1A6
    dd 0x60D9, 0xD55B
    dd 0x60DA, 0xB1AB
    dd 0x60DB, 0xD55F
    dd 0x60DC, 0xB1A4
    dd 0x60DD, 0xD55C
    dd 0x60DF, 0xB1A9
    dd 0x60E0, 0xB466
    dd 0x60E1, 0xB463
    dd 0x60E2, 0xD8FB
    dd 0x60E4, 0xD55A
    dd 0x60E6, 0xB17D
    dd 0x60F0, 0xB46B
    dd 0x60F1, 0xB46F
    dd 0x60F2, 0xD940
    dd 0x60F3, 0xB751
    dd 0x60F4, 0xB46D
    dd 0x60F5, 0xD944
    dd 0x60F6, 0xB471
    dd 0x60F7, 0xDD65
    dd 0x60F8, 0xD946
    dd 0x60F9, 0xB753
    dd 0x60FA, 0xB469
    dd 0x60FB, 0xB46C
    dd 0x60FC, 0xD947
    dd 0x60FE, 0xD948
    dd 0x60FF, 0xD94E
    dd 0x6100, 0xB473
    dd 0x6101, 0xB754
    dd 0x6103, 0xD94A
    dd 0x6104, 0xD94F
    dd 0x6105, 0xD943
    dd 0x6106, 0xB75E
    dd 0x6108, 0xB755
    dd 0x6109, 0xB472
    dd 0x610A, 0xD941
    dd 0x610B, 0xD950
    dd 0x610D, 0xB75D
    dd 0x610E, 0xB470
    dd 0x610F, 0xB74E
    dd 0x6110, 0xD94D
    dd 0x6112, 0xB474
    dd 0x6113, 0xD945
    dd 0x6114, 0xD8FE
    dd 0x6115, 0xB46A
    dd 0x6116, 0xD942
    dd 0x6118, 0xD94B
    dd 0x611A, 0xB74D
    dd 0x611B, 0xB752
    dd 0x611C, 0xB467
    dd 0x611D, 0xD94C
    dd 0x611F, 0xB750
    dd 0x6123, 0xB468
    dd 0x6127, 0xB75C
    dd 0x6128, 0xE1C3
    dd 0x6129, 0xDD70
    dd 0x612B, 0xDD68
    dd 0x612C, 0xE1C2
    dd 0x612E, 0xDD6C
    dd 0x612F, 0xDD6E
    dd 0x6132, 0xDD6B
    dd 0x6134, 0xB75B
    dd 0x6136, 0xDD6A
    dd 0x6137, 0xB75F
    dd 0x613B, 0xE1D2
    dd 0x613E, 0xB75A
    dd 0x613F, 0xBA40
    dd 0x6140, 0xDD71
    dd 0x6141, 0xE1C4
    dd 0x6144, 0xB758
    dd 0x6145, 0xDD69
    dd 0x6146, 0xDD6D
    dd 0x6147, 0xB9FE
    dd 0x6148, 0xB74F
    dd 0x6149, 0xDD66
    dd 0x614A, 0xDD67
    dd 0x614B, 0xBA41
    dd 0x614C, 0xB757
    dd 0x614D, 0xB759
    dd 0x614E, 0xB756
    dd 0x614F, 0xDD6F
    dd 0x6152, 0xE1C8
    dd 0x6153, 0xE1C9
    dd 0x6154, 0xE1CE
    dd 0x6155, 0xBC7D
    dd 0x6156, 0xE1D5
    dd 0x6158, 0xBA47
    dd 0x615A, 0xBA46
    dd 0x615B, 0xE1D0
    dd 0x615D, 0xBC7C
    dd 0x615E, 0xE1C5
    dd 0x615F, 0xBA45
    dd 0x6161, 0xE1D4
    dd 0x6162, 0xBA43
    dd 0x6163, 0xBA44
    dd 0x6165, 0xE1D1
    dd 0x6166, 0xE5AA
    dd 0x6167, 0xBC7A
    dd 0x6168, 0xB46E
    dd 0x616A, 0xE1D3
    dd 0x616B, 0xBCA3
    dd 0x616C, 0xE1CB
    dd 0x616E, 0xBC7B
    dd 0x6170, 0xBCA2
    dd 0x6171, 0xE1C6
    dd 0x6172, 0xE1CA
    dd 0x6173, 0xE1C7
    dd 0x6174, 0xE1CD
    dd 0x6175, 0xBA48
    dd 0x6176, 0xBC79
    dd 0x6177, 0xBA42
    dd 0x6179, 0xE57A
    dd 0x617A, 0xE1CF
    dd 0x617C, 0xBCA1
    dd 0x617E, 0xBCA4
    dd 0x6180, 0xE1CC
    dd 0x6182, 0xBC7E
    dd 0x6183, 0xE579
    dd 0x6189, 0xE57E
    dd 0x618A, 0xBECE
    dd 0x618B, 0xE578
    dd 0x618C, 0xE9A3
    dd 0x618D, 0xE5A9
    dd 0x618E, 0xBCA8
    dd 0x6190, 0xBCA6
    dd 0x6191, 0xBECC
    dd 0x6192, 0xE5A6
    dd 0x6193, 0xE5A2
    dd 0x6194, 0xBCAC
    dd 0x6196, 0xE978
    dd 0x619A, 0xBCAA
    dd 0x619B, 0xE5A1
    dd 0x619D, 0xE976
    dd 0x619F, 0xE5A5
    dd 0x61A1, 0xE5A8
    dd 0x61A2, 0xE57D
    dd 0x61A4, 0xBCAB
    dd 0x61A7, 0xBCA5
    dd 0x61A8, 0xE977
    dd 0x61A9, 0xBECD
    dd 0x61AA, 0xE5A7
    dd 0x61AB, 0xBCA7
    dd 0x61AC, 0xBCA9
    dd 0x61AD, 0xE5A4
    dd 0x61AE, 0xBCAD
    dd 0x61AF, 0xE5A3
    dd 0x61B0, 0xE57C
    dd 0x61B1, 0xE57B
    dd 0x61B2, 0xBECB
    dd 0x61B3, 0xE5AB
    dd 0x61B4, 0xE97A
    dd 0x61B5, 0xECE0
    dd 0x61B6, 0xBED0
    dd 0x61B8, 0xE9A2
    dd 0x61BA, 0xE97E
    dd 0x61BC, 0xECE1
    dd 0x61BE, 0xBED1
    dd 0x61BF, 0xE9A1
    dd 0x61C1, 0xE97C
    dd 0x61C2, 0xC0B4
    dd 0x61C3, 0xECDF
    dd 0x61C5, 0xE979
    dd 0x61C6, 0xE97B
    dd 0x61C7, 0xC0B5
    dd 0x61C8, 0xBED3
    dd 0x61C9, 0xC0B3
    dd 0x61CA, 0xBED2
    dd 0x61CB, 0xC0B7
    dd 0x61CC, 0xE97D
    dd 0x61CD, 0xBECF
    dd 0x61D6, 0xEFCF
    dd 0x61D8, 0xEFC7
    dd 0x61DE, 0xECE7
    dd 0x61DF, 0xEFC8
    dd 0x61E0, 0xECE3
    dd 0x61E3, 0xC256
    dd 0x61E4, 0xECE5
    dd 0x61E5, 0xECE4
    dd 0x61E6, 0xC0B6
    dd 0x61E7, 0xECE2
    dd 0x61E8, 0xECE6
    dd 0x61E9, 0xEFD0
    dd 0x61EA, 0xEFCC
    dd 0x61EB, 0xEFCE
    dd 0x61ED, 0xEFC9
    dd 0x61EE, 0xEFCA
    dd 0x61F0, 0xEFCD
    dd 0x61F1, 0xEFCB
    dd 0x61F2, 0xC367
    dd 0x61F5, 0xC36A
    dd 0x61F6, 0xC369
    dd 0x61F7, 0xC368
    dd 0x61F8, 0xC461
    dd 0x61F9, 0xF44A
    dd 0x61FA, 0xC462
    dd 0x61FB, 0xF241
    dd 0x61FC, 0xC4DF
    dd 0x61FD, 0xF5CC
    dd 0x61FE, 0xC4E0
    dd 0x61FF, 0xC574
    dd 0x6200, 0xC5CA
    dd 0x6201, 0xF7D9
    dd 0x6203, 0xF7DA
    dd 0x6204, 0xF7DB
    dd 0x6207, 0xF9BA
    dd 0x6208, 0xA4E0
    dd 0x6209, 0xC97C
    dd 0x620A, 0xA5B3
    dd 0x620C, 0xA6A6
    dd 0x620D, 0xA6A7
    dd 0x620E, 0xA6A5
    dd 0x6210, 0xA6A8
    dd 0x6211, 0xA7DA
    dd 0x6212, 0xA7D9
    dd 0x6214, 0xCCB1
    dd 0x6215, 0xA9CF
    dd 0x6216, 0xA9CE
    dd 0x6219, 0xD1AF
    dd 0x621A, 0xB1AD
    dd 0x621B, 0xB1AE
    dd 0x621F, 0xB475
    dd 0x6220, 0xDD72
    dd 0x6221, 0xB760
    dd 0x6222, 0xB761
    dd 0x6223, 0xDD74
    dd 0x6224, 0xDD76
    dd 0x6225, 0xDD75
    dd 0x6227, 0xE1D7
    dd 0x6229, 0xE1D6
    dd 0x622A, 0xBA49
    dd 0x622B, 0xE1D8
    dd 0x622D, 0xE5AC
    dd 0x622E, 0xBCAE
    dd 0x6230, 0xBED4
    dd 0x6232, 0xC0B8
    dd 0x6233, 0xC257
    dd 0x6234, 0xC0B9
    dd 0x6236, 0xA4E1
    dd 0x623A, 0xCAE6
    dd 0x623D, 0xCCB2
    dd 0x623E, 0xA9D1
    dd 0x623F, 0xA9D0
    dd 0x6240, 0xA9D2
    dd 0x6241, 0xABF3
    dd 0x6242, 0xCED2
    dd 0x6243, 0xCED3
    dd 0x6246, 0xD1B0
    dd 0x6247, 0xAEB0
    dd 0x6248, 0xB1AF
    dd 0x6249, 0xB476
    dd 0x624A, 0xD951
    dd 0x624B, 0xA4E2
    dd 0x624D, 0xA47E
    dd 0x624E, 0xA4E3
    dd 0x6250, 0xC97D
    dd 0x6251, 0xA5B7
    dd 0x6252, 0xA5B6
    dd 0x6253, 0xA5B4
    dd 0x6254, 0xA5B5
    dd 0x6258, 0xA6AB
    dd 0x6259, 0xC9E9
    dd 0x625A, 0xC9EB
    dd 0x625B, 0xA6AA
    dd 0x625C, 0xC9E3
    dd 0x625E, 0xC9E4
    dd 0x6260, 0xC9EA
    dd 0x6261, 0xC9E6
    dd 0x6262, 0xC9E8
    dd 0x6263, 0xA6A9
    dd 0x6264, 0xC9E5
    dd 0x6265, 0xC9EC
    dd 0x6266, 0xC9E7
    dd 0x626D, 0xA7E1
    dd 0x626E, 0xA7EA
    dd 0x626F, 0xA7E8
    dd 0x6270, 0xCAF0
    dd 0x6271, 0xCAED
    dd 0x6272, 0xCAF5
    dd 0x6273, 0xA7E6
    dd 0x6274, 0xCAF6
    dd 0x6276, 0xA7DF
    dd 0x6277, 0xCAF3
    dd 0x6279, 0xA7E5
    dd 0x627A, 0xCAEF
    dd 0x627B, 0xCAEE
    dd 0x627C, 0xA7E3
    dd 0x627D, 0xCAF4
    dd 0x627E, 0xA7E4
    dd 0x627F, 0xA9D3
    dd 0x6280, 0xA7DE
    dd 0x6281, 0xCAF1
    dd 0x6283, 0xCAE7
    dd 0x6284, 0xA7DB
    dd 0x6286, 0xA7EE
    dd 0x6287, 0xCAEC
    dd 0x6288, 0xCAF2
    dd 0x6289, 0xA7E0
    dd 0x628A, 0xA7E2
    dd 0x628C, 0xCAE8
    dd 0x628E, 0xCAE9
    dd 0x628F, 0xCAEA
    dd 0x6291, 0xA7ED
    dd 0x6292, 0xA7E7
    dd 0x6293, 0xA7EC
    dd 0x6294, 0xCAEB
    dd 0x6295, 0xA7EB
    dd 0x6296, 0xA7DD
    dd 0x6297, 0xA7DC
    dd 0x6298, 0xA7E9
    dd 0x62A8, 0xA9E1
    dd 0x62A9, 0xCCBE
    dd 0x62AA, 0xCCB7
    dd 0x62AB, 0xA9DC
    dd 0x62AC, 0xA9EF
    dd 0x62AD, 0xCCB3
    dd 0x62AE, 0xCCBA
    dd 0x62AF, 0xCCBC
    dd 0x62B0, 0xCCBF
    dd 0x62B1, 0xA9EA
    dd 0x62B3, 0xCCBB
    dd 0x62B4, 0xCCB4
    dd 0x62B5, 0xA9E8
    dd 0x62B6, 0xCCB8
    dd 0x62B8, 0xCCC0
    dd 0x62B9, 0xA9D9
    dd 0x62BB, 0xCCBD
    dd 0x62BC, 0xA9E3
    dd 0x62BD, 0xA9E2
    dd 0x62BE, 0xCCB6
    dd 0x62BF, 0xA9D7
    dd 0x62C2, 0xA9D8
    dd 0x62C4, 0xA9D6
    dd 0x62C6, 0xA9EE
    dd 0x62C7, 0xA9E6
    dd 0x62C8, 0xA9E0
    dd 0x62C9, 0xA9D4
    dd 0x62CA, 0xCCB9
    dd 0x62CB, 0xA9DF
    dd 0x62CC, 0xA9D5
    dd 0x62CD, 0xA9E7
    dd 0x62CE, 0xA9F0
    dd 0x62CF, 0xCED4
    dd 0x62D0, 0xA9E4
    dd 0x62D1, 0xCCB5
    dd 0x62D2, 0xA9DA
    dd 0x62D3, 0xA9DD
    dd 0x62D4, 0xA9DE
    dd 0x62D6, 0xA9EC
    dd 0x62D7, 0xA9ED
    dd 0x62D8, 0xA9EB
    dd 0x62D9, 0xA9E5
    dd 0x62DA, 0xA9E9
    dd 0x62DB, 0xA9DB
    dd 0x62DC, 0xABF4
    dd 0x62EB, 0xCEDA
    dd 0x62EC, 0xAC41
    dd 0x62ED, 0xABF8
    dd 0x62EE, 0xABFA
    dd 0x62EF, 0xAC40
    dd 0x62F0, 0xCEE6
    dd 0x62F1, 0xABFD
    dd 0x62F2, 0xD1B1
    dd 0x62F3, 0xAEB1
    dd 0x62F4, 0xAC43
    dd 0x62F5, 0xCED7
    dd 0x62F6, 0xCEDF
    dd 0x62F7, 0xABFE
    dd 0x62F8, 0xCEDE
    dd 0x62F9, 0xCEDB
    dd 0x62FA, 0xCEE3
    dd 0x62FB, 0xCEE5
    dd 0x62FC, 0xABF7
    dd 0x62FD, 0xABFB
    dd 0x62FE, 0xAC42
    dd 0x62FF, 0xAEB3
    dd 0x6300, 0xCEE0
    dd 0x6301, 0xABF9
    dd 0x6302, 0xAC45
    dd 0x6303, 0xCED9
    dd 0x6307, 0xABFC
    dd 0x6308, 0xAEB2
    dd 0x6309, 0xABF6
    dd 0x630B, 0xCED6
    dd 0x630C, 0xCEDD
    dd 0x630D, 0xCED5
    dd 0x630E, 0xCED8
    dd 0x630F, 0xCEDC
    dd 0x6310, 0xD1B2
    dd 0x6311, 0xAC44
    dd 0x6313, 0xCEE1
    dd 0x6314, 0xCEE2
    dd 0x6315, 0xCEE4
    dd 0x6316, 0xABF5
    dd 0x6328, 0xAEC1
    dd 0x6329, 0xD1BE
    dd 0x632A, 0xAEBF
    dd 0x632B, 0xAEC0
    dd 0x632C, 0xD1B4
    dd 0x632D, 0xD1C4
    dd 0x632F, 0xAEB6
    dd 0x6332, 0xD566
    dd 0x6333, 0xD1C6
    dd 0x6334, 0xD1C0
    dd 0x6336, 0xD1B7
    dd 0x6338, 0xD1C9
    dd 0x6339, 0xD1BA
    dd 0x633A, 0xAEBC
    dd 0x633B, 0xD57D
    dd 0x633C, 0xD1BD
    dd 0x633D, 0xAEBE
    dd 0x633E, 0xAEB5
    dd 0x6340, 0xD1CB
    dd 0x6341, 0xD1BF
    dd 0x6342, 0xAEB8
    dd 0x6343, 0xD1B8
    dd 0x6344, 0xD1B5
    dd 0x6345, 0xD1B6
    dd 0x6346, 0xAEB9
    dd 0x6347, 0xD1C5
    dd 0x6348, 0xD1CC
    dd 0x6349, 0xAEBB
    dd 0x634A, 0xD1BC
    dd 0x634B, 0xD1BB
    dd 0x634C, 0xAEC3
    dd 0x634D, 0xAEC2
    dd 0x634E, 0xAEB4
    dd 0x634F, 0xAEBA
    dd 0x6350, 0xAEBD
    dd 0x6351, 0xD1C8
    dd 0x6354, 0xD1C2
    dd 0x6355, 0xAEB7
    dd 0x6356, 0xD1B3
    dd 0x6357, 0xD1CA
    dd 0x6358, 0xD1C1
    dd 0x6359, 0xD1C3
    dd 0x635A, 0xD1C7
    dd 0x6365, 0xD567
    dd 0x6367, 0xB1B7
    dd 0x6368, 0xB1CB
    dd 0x6369, 0xB1CA
    dd 0x636B, 0xB1BF
    dd 0x636D, 0xD579
    dd 0x636E, 0xD575
    dd 0x636F, 0xD572
    dd 0x6370, 0xD5A6
    dd 0x6371, 0xB1BA
    dd 0x6372, 0xB1B2
    dd 0x6375, 0xD577
    dd 0x6376, 0xB4A8
    dd 0x6377, 0xB1B6
    dd 0x6378, 0xD5A1
    dd 0x637A, 0xB1CC
    dd 0x637B, 0xB1C9
    dd 0x637C, 0xD57B
    dd 0x637D, 0xD56A
    dd 0x6380, 0xB1C8
    dd 0x6381, 0xD5A3
    dd 0x6382, 0xD569
    dd 0x6383, 0xB1BD
    dd 0x6384, 0xB1C1
    dd 0x6385, 0xD5A2
    dd 0x6387, 0xD573
    dd 0x6388, 0xB1C2
    dd 0x6389, 0xB1BC
    dd 0x638A, 0xD568
    dd 0x638C, 0xB478
    dd 0x638D, 0xD5A5
    dd 0x638E, 0xD571
    dd 0x638F, 0xB1C7
    dd 0x6390, 0xD574
    dd 0x6391, 0xD5A4
    dd 0x6392, 0xB1C6
    dd 0x6394, 0xD952
    dd 0x6396, 0xB1B3
    dd 0x6397, 0xD56F
    dd 0x6398, 0xB1B8
    dd 0x6399, 0xB1C3
    dd 0x639B, 0xB1BE
    dd 0x639C, 0xD578
    dd 0x639D, 0xD56E
    dd 0x639E, 0xD56C
    dd 0x639F, 0xD57E
    dd 0x63A0, 0xB1B0
    dd 0x63A1, 0xB1C4
    dd 0x63A2, 0xB1B4
    dd 0x63A3, 0xB477
    dd 0x63A4, 0xD57C
    dd 0x63A5, 0xB1B5
    dd 0x63A7, 0xB1B1
    dd 0x63A8, 0xB1C0
    dd 0x63A9, 0xB1BB
    dd 0x63AA, 0xB1B9
    dd 0x63AB, 0xD570
    dd 0x63AC, 0xB1C5
    dd 0x63AD, 0xD56D
    dd 0x63AE, 0xD57A
    dd 0x63AF, 0xD576
    dd 0x63B0, 0xD954
    dd 0x63B1, 0xD953
    dd 0x63BD, 0xD56B
    dd 0x63BE, 0xD964
    dd 0x63C0, 0xB47A
    dd 0x63C2, 0xD96A
    dd 0x63C3, 0xD959
    dd 0x63C4, 0xD967
    dd 0x63C5, 0xDD77
    dd 0x63C6, 0xB47D
    dd 0x63C7, 0xD96B
    dd 0x63C8, 0xD96E
    dd 0x63C9, 0xB47C
    dd 0x63CA, 0xD95C
    dd 0x63CB, 0xD96D
    dd 0x63CC, 0xD96C
    dd 0x63CD, 0xB47E
    dd 0x63CE, 0xD955
    dd 0x63CF, 0xB479
    dd 0x63D0, 0xB4A3
    dd 0x63D2, 0xB4A1
    dd 0x63D3, 0xD969
    dd 0x63D5, 0xD95F
    dd 0x63D6, 0xB4A5
    dd 0x63D7, 0xD970
    dd 0x63D8, 0xD968
    dd 0x63D9, 0xD971
    dd 0x63DA, 0xB4AD
    dd 0x63DB, 0xB4AB
    dd 0x63DC, 0xD966
    dd 0x63DD, 0xD965
    dd 0x63DF, 0xD963
    dd 0x63E0, 0xD95D
    dd 0x63E1, 0xB4A4
    dd 0x63E3, 0xB4A2
    dd 0x63E4, 0xD1B9
    dd 0x63E5, 0xD956
    dd 0x63E7, 0xDDB7
    dd 0x63E8, 0xD957
    dd 0x63E9, 0xB47B
    dd 0x63EA, 0xB4AA
    dd 0x63EB, 0xDD79
    dd 0x63ED, 0xB4A6
    dd 0x63EE, 0xB4A7
    dd 0x63EF, 0xD958
    dd 0x63F0, 0xD96F
    dd 0x63F1, 0xDD78
    dd 0x63F2, 0xD960
    dd 0x63F3, 0xD95B
    dd 0x63F4, 0xB4A9
    dd 0x63F5, 0xD961
    dd 0x63F6, 0xD95E
    dd 0x63F9, 0xB4AE
    dd 0x6406, 0xB770
    dd 0x6409, 0xDD7C
    dd 0x640A, 0xDDB1
    dd 0x640B, 0xDDB6
    dd 0x640C, 0xDDAA
    dd 0x640D, 0xB76C
    dd 0x640E, 0xDDBB
    dd 0x640F, 0xB769
    dd 0x6410, 0xDD7A
    dd 0x6412, 0xDD7B
    dd 0x6413, 0xB762
    dd 0x6414, 0xB76B
    dd 0x6415, 0xDDA4
    dd 0x6416, 0xB76E
    dd 0x6417, 0xB76F
    dd 0x6418, 0xDDA5
    dd 0x641A, 0xDDB2
    dd 0x641B, 0xDDB8
    dd 0x641C, 0xB76A
    dd 0x641E, 0xB764
    dd 0x641F, 0xDDA3
    dd 0x6420, 0xDD7D
    dd 0x6421, 0xDDBA
    dd 0x6422, 0xDDA8
    dd 0x6423, 0xDDA9
    dd 0x6424, 0xDD7E
    dd 0x6425, 0xDDB4
    dd 0x6426, 0xDDAB
    dd 0x6427, 0xDDB5
    dd 0x6428, 0xDDAD
    dd 0x642A, 0xB765
    dd 0x642B, 0xE1D9
    dd 0x642C, 0xB768
    dd 0x642D, 0xB766
    dd 0x642E, 0xDDB9
    dd 0x642F, 0xDDB0
    dd 0x6430, 0xDDAC
    dd 0x6433, 0xDDA1
    dd 0x6434, 0xBA53
    dd 0x6435, 0xDDAF
    dd 0x6436, 0xB76D
    dd 0x6437, 0xDDA7
    dd 0x6439, 0xDDA6
    dd 0x643D, 0xB767
    dd 0x643E, 0xB763
    dd 0x643F, 0xE1EE
    dd 0x6440, 0xDDB3
    dd 0x6441, 0xDDAE
    dd 0x6443, 0xDDA2
    dd 0x644B, 0xE1E9
    dd 0x644D, 0xE1DA
    dd 0x644E, 0xE1E5
    dd 0x6450, 0xE1EC
    dd 0x6451, 0xBA51
    dd 0x6452, 0xB4AC
    dd 0x6453, 0xE1EA
    dd 0x6454, 0xBA4C
    dd 0x6458, 0xBA4B
    dd 0x6459, 0xE1F1
    dd 0x645B, 0xE1DB
    dd 0x645C, 0xE1E8
    dd 0x645D, 0xE1DC
    dd 0x645E, 0xE1E7
    dd 0x645F, 0xBA4F
    dd 0x6460, 0xE1EB
    dd 0x6461, 0xD962
    dd 0x6465, 0xE1F2
    dd 0x6466, 0xE1E3
    dd 0x6467, 0xBA52
    dd 0x6468, 0xE5BA
    dd 0x6469, 0xBCAF
    dd 0x646B, 0xE1F0
    dd 0x646C, 0xE1EF
    dd 0x646D, 0xBA54
    dd 0x646E, 0xE5AD
    dd 0x646F, 0xBCB0
    dd 0x6470, 0xE5AE
    dd 0x6472, 0xE1DF
    dd 0x6473, 0xE1E0
    dd 0x6474, 0xE1DD
    dd 0x6475, 0xE1E2
    dd 0x6476, 0xE1DE
    dd 0x6477, 0xE1F3
    dd 0x6478, 0xBA4E
    dd 0x6479, 0xBCB1
    dd 0x647A, 0xBA50
    dd 0x647B, 0xBA55
    dd 0x647D, 0xE1E1
    dd 0x647F, 0xE1ED
    dd 0x6482, 0xE1E6
    dd 0x6485, 0xE5B1
    dd 0x6487, 0xBA4A
    dd 0x6488, 0xBCB4
    dd 0x6489, 0xE9AA
    dd 0x648A, 0xE5B6
    dd 0x648B, 0xE5B5
    dd 0x648C, 0xE5B7
    dd 0x648F, 0xE5B4
    dd 0x6490, 0xBCB5
    dd 0x6492, 0xBCBB
    dd 0x6493, 0xBCB8
    dd 0x6495, 0xBCB9
    dd 0x6496, 0xE5AF
    dd 0x6497, 0xE5B2
    dd 0x6498, 0xE5BC
    dd 0x6499, 0xBCC1
    dd 0x649A, 0xBCBF
    dd 0x649C, 0xE5B3
    dd 0x649D, 0xD95A
    dd 0x649E, 0xBCB2
    dd 0x649F, 0xE5B9
    dd 0x64A0, 0xE5B0
    dd 0x64A2, 0xBCC2
    dd 0x64A3, 0xE5B8
    dd 0x64A4, 0xBA4D
    dd 0x64A5, 0xBCB7
    dd 0x64A6, 0xE1E4
    dd 0x64A9, 0xBCBA
    dd 0x64AB, 0xBCBE
    dd 0x64AC, 0xBCC0
    dd 0x64AD, 0xBCBD
    dd 0x64AE, 0xBCBC
    dd 0x64B0, 0xBCB6
    dd 0x64B1, 0xE5BB
    dd 0x64B2, 0xBCB3
    dd 0x64B3, 0xBCC3
    dd 0x64BB, 0xBED8
    dd 0x64BC, 0xBED9
    dd 0x64BD, 0xE9A9
    dd 0x64BE, 0xBEE2
    dd 0x64BF, 0xBEDF
    dd 0x64C1, 0xBED6
    dd 0x64C2, 0xBEDD
    dd 0x64C3, 0xE9AB
    dd 0x64C4, 0xBEDB
    dd 0x64C5, 0xBED5
    dd 0x64C7, 0xBEDC
    dd 0x64C9, 0xE9A8
    dd 0x64CA, 0xC0BB
    dd 0x64CB, 0xBED7
    dd 0x64CD, 0xBEDE
    dd 0x64CE, 0xC0BA
    dd 0x64CF, 0xE9A7
    dd 0x64D0, 0xE9A6
    dd 0x64D2, 0xBEE0
    dd 0x64D4, 0xBEE1
    dd 0x64D6, 0xE9A5
    dd 0x64D7, 0xE9A4
    dd 0x64D8, 0xC0BC
    dd 0x64D9, 0xE9AE
    dd 0x64DA, 0xBEDA
    dd 0x64DB, 0xE9AC
    dd 0x64E0, 0xC0BD
    dd 0x64E2, 0xC0C2
    dd 0x64E3, 0xECEA
    dd 0x64E4, 0xECEC
    dd 0x64E6, 0xC0BF
    dd 0x64E8, 0xECED
    dd 0x64E9, 0xECE9
    dd 0x64EB, 0xECEB
    dd 0x64EC, 0xC0C0
    dd 0x64ED, 0xC0C3
    dd 0x64EF, 0xECE8
    dd 0x64F0, 0xC0BE
    dd 0x64F1, 0xC0C1
    dd 0x64F2, 0xC259
    dd 0x64F3, 0xE9AD
    dd 0x64F4, 0xC258
    dd 0x64F7, 0xC25E
    dd 0x64F8, 0xEFD4
    dd 0x64FA, 0xC25C
    dd 0x64FB, 0xC25D
    dd 0x64FC, 0xEFD7
    dd 0x64FD, 0xEFD3
    dd 0x64FE, 0xC25A
    dd 0x64FF, 0xEFD1
    dd 0x6500, 0xC36B
    dd 0x6501, 0xEFD5
    dd 0x6503, 0xEFD6
    dd 0x6504, 0xEFD2
    dd 0x6506, 0xC25B
    dd 0x6507, 0xF242
    dd 0x6509, 0xF245
    dd 0x650C, 0xF246
    dd 0x650D, 0xF244
    dd 0x650E, 0xF247
    dd 0x650F, 0xC36C
    dd 0x6510, 0xF243
    dd 0x6513, 0xF44E
    dd 0x6514, 0xC464
    dd 0x6515, 0xF44D
    dd 0x6516, 0xF44C
    dd 0x6517, 0xF44B
    dd 0x6518, 0xC463
    dd 0x6519, 0xC465
    dd 0x651B, 0xF5CD
    dd 0x651C, 0xC4E2
    dd 0x651D, 0xC4E1
    dd 0x6520, 0xF6E1
    dd 0x6521, 0xF6E0
    dd 0x6522, 0xF6E3
    dd 0x6523, 0xC5CB
    dd 0x6524, 0xC575
    dd 0x6525, 0xF7DD
    dd 0x6526, 0xF6E2
    dd 0x6529, 0xF7DC
    dd 0x652A, 0xC5CD
    dd 0x652B, 0xC5CC
    dd 0x652C, 0xC5F3
    dd 0x652D, 0xF8A9
    dd 0x652E, 0xF8EF
    dd 0x652F, 0xA4E4
    dd 0x6532, 0xD972
    dd 0x6533, 0xE9AF
    dd 0x6536, 0xA6AC
    dd 0x6537, 0xCAF7
    dd 0x6538, 0xA7F1
    dd 0x6539, 0xA7EF
    dd 0x653B, 0xA7F0
    dd 0x653D, 0xCCC1
    dd 0x653E, 0xA9F1
    dd 0x653F, 0xAC46
    dd 0x6541, 0xCEE7
    dd 0x6543, 0xCEE8
    dd 0x6545, 0xAC47
    dd 0x6546, 0xD1CE
    dd 0x6548, 0xAEC4
    dd 0x6549, 0xAEC5
    dd 0x654A, 0xD1CD
    dd 0x654F, 0xB1D3
    dd 0x6551, 0xB1CF
    dd 0x6553, 0xD5A7
    dd 0x6554, 0xB1D6
    dd 0x6555, 0xB1D5
    dd 0x6556, 0xB1CE
    dd 0x6557, 0xB1D1
    dd 0x6558, 0xB1D4
    dd 0x6559, 0xB1D0
    dd 0x655C, 0xD976
    dd 0x655D, 0xB1CD
    dd 0x655E, 0xB4AF
    dd 0x6562, 0xB4B1
    dd 0x6563, 0xB4B2
    dd 0x6564, 0xD975
    dd 0x6565, 0xD978
    dd 0x6566, 0xB4B0
    dd 0x6567, 0xD973
    dd 0x6568, 0xD977
    dd 0x656A, 0xD974
    dd 0x656C, 0xB771
    dd 0x656F, 0xDDBC
    dd 0x6572, 0xBA56
    dd 0x6573, 0xE1F4
    dd 0x6574, 0xBEE3
    dd 0x6575, 0xBCC4
    dd 0x6576, 0xE5BD
    dd 0x6577, 0xBCC5
    dd 0x6578, 0xBCC6
    dd 0x6579, 0xE5BF
    dd 0x657A, 0xE5BE
    dd 0x657B, 0xE5C0
    dd 0x657C, 0xE9B1
    dd 0x657F, 0xE9B0
    dd 0x6580, 0xECEF
    dd 0x6581, 0xECEE
    dd 0x6582, 0xC0C4
    dd 0x6583, 0xC0C5
    dd 0x6584, 0xF248
    dd 0x6587, 0xA4E5
    dd 0x658C, 0xD979
    dd 0x6590, 0xB4B4
    dd 0x6591, 0xB4B3
    dd 0x6592, 0xDDBD
    dd 0x6594, 0xEFD8
    dd 0x6595, 0xC4E3
    dd 0x6596, 0xF7DE
    dd 0x6597, 0xA4E6
    dd 0x6599, 0xAEC6
    dd 0x659B, 0xB1D8
    dd 0x659C, 0xB1D7
    dd 0x659D, 0xD97A
    dd 0x659E, 0xD97B
    dd 0x659F, 0xB772
    dd 0x65A0, 0xE1F5
    dd 0x65A1, 0xBA57
    dd 0x65A2, 0xE9B2
    dd 0x65A4, 0xA4E7
    dd 0x65A5, 0xA5B8
    dd 0x65A7, 0xA9F2
    dd 0x65A8, 0xCCC2
    dd 0x65AA, 0xCEE9
    dd 0x65AB, 0xAC48
    dd 0x65AC, 0xB1D9
    dd 0x65AE, 0xD97C
    dd 0x65AF, 0xB4B5
    dd 0x65B0, 0xB773
    dd 0x65B2, 0xE5C1
    dd 0x65B3, 0xE5C2
    dd 0x65B6, 0xECF0
    dd 0x65B7, 0xC25F
    dd 0x65B8, 0xF8F0
    dd 0x65B9, 0xA4E8
    dd 0x65BB, 0xCCC3
    dd 0x65BC, 0xA9F3
    dd 0x65BD, 0xAC49
    dd 0x65BF, 0xCEEA
    dd 0x65C1, 0xAEC7
    dd 0x65C2, 0xD1D2
    dd 0x65C3, 0xD1D0
    dd 0x65C4, 0xD1D1
    dd 0x65C5, 0xAEC8
    dd 0x65C6, 0xD1CF
    dd 0x65CB, 0xB1DB
    dd 0x65CC, 0xB1DC
    dd 0x65CD, 0xD5A8
    dd 0x65CE, 0xB1DD
    dd 0x65CF, 0xB1DA
    dd 0x65D0, 0xD97D
    dd 0x65D2, 0xD97E
    dd 0x65D3, 0xDDBE
    dd 0x65D6, 0xBA59
    dd 0x65D7, 0xBA58
    dd 0x65DA, 0xECF1
    dd 0x65DB, 0xEFD9
    dd 0x65DD, 0xF24A
    dd 0x65DE, 0xF249
    dd 0x65DF, 0xF44F
    dd 0x65E1, 0xC95E
    dd 0x65E2, 0xAC4A
    dd 0x65E5, 0xA4E9
    dd 0x65E6, 0xA5B9
    dd 0x65E8, 0xA6AE
    dd 0x65E9, 0xA6AD
    dd 0x65EC, 0xA6AF
    dd 0x65ED, 0xA6B0
    dd 0x65EE, 0xC9EE
    dd 0x65EF, 0xC9ED
    dd 0x65F0, 0xCAF8
    dd 0x65F1, 0xA7F2
    dd 0x65F2, 0xCAFB
    dd 0x65F3, 0xCAFA
    dd 0x65F4, 0xCAF9
    dd 0x65F5, 0xCAFC
    dd 0x65FA, 0xA9F4
    dd 0x65FB, 0xCCC9
    dd 0x65FC, 0xCCC5
    dd 0x65FD, 0xCCCE
    dd 0x6600, 0xA9FB
    dd 0x6602, 0xA9F9
    dd 0x6603, 0xCCCA
    dd 0x6604, 0xCCC6
    dd 0x6605, 0xCCCD
    dd 0x6606, 0xA9F8
    dd 0x6607, 0xAA40
    dd 0x6608, 0xCCC8
    dd 0x6609, 0xCCC4
    dd 0x660A, 0xA9FE
    dd 0x660B, 0xCCCB
    dd 0x660C, 0xA9F7
    dd 0x660D, 0xCCCC
    dd 0x660E, 0xA9FA
    dd 0x660F, 0xA9FC
    dd 0x6610, 0xCCD0
    dd 0x6611, 0xCCCF
    dd 0x6612, 0xCCC7
    dd 0x6613, 0xA9F6
    dd 0x6614, 0xA9F5
    dd 0x6615, 0xA9FD
    dd 0x661C, 0xCEEF
    dd 0x661D, 0xCEF5
    dd 0x661F, 0xAC50
    dd 0x6620, 0xAC4D
    dd 0x6621, 0xCEEC
    dd 0x6622, 0xCEF1
    dd 0x6624, 0xAC53
    dd 0x6625, 0xAC4B
    dd 0x6626, 0xCEF0
    dd 0x6627, 0xAC4E
    dd 0x6628, 0xAC51
    dd 0x662B, 0xCEF3
    dd 0x662D, 0xAC4C
    dd 0x662E, 0xCEF8
    dd 0x662F, 0xAC4F
    dd 0x6631, 0xAC52
    dd 0x6632, 0xCEED
    dd 0x6633, 0xCEF2
    dd 0x6634, 0xCEF6
    dd 0x6635, 0xCEEE
    dd 0x6636, 0xCEEB
    dd 0x6639, 0xCEF7
    dd 0x663A, 0xCEF4
    dd 0x6641, 0xAED0
    dd 0x6642, 0xAEC9
    dd 0x6643, 0xAECC
    dd 0x6645, 0xAECF
    dd 0x6647, 0xD1D5
    dd 0x6649, 0xAECA
    dd 0x664A, 0xD1D3
    dd 0x664C, 0xAECE
    dd 0x664F, 0xAECB
    dd 0x6651, 0xD1D6
    dd 0x6652, 0xAECD
    dd 0x6659, 0xD5AC
    dd 0x665A, 0xB1DF
    dd 0x665B, 0xD5AB
    dd 0x665C, 0xD5AD
    dd 0x665D, 0xB1DE
    dd 0x665E, 0xB1E3
    dd 0x665F, 0xD1D4
    dd 0x6661, 0xD5AA
    dd 0x6662, 0xD5AE
    dd 0x6664, 0xB1E0
    dd 0x6665, 0xD5A9
    dd 0x6666, 0xB1E2
    dd 0x6668, 0xB1E1
    dd 0x666A, 0xD9A7
    dd 0x666C, 0xD9A2
    dd 0x666E, 0xB4B6
    dd 0x666F, 0xB4BA
    dd 0x6670, 0xB4B7
    dd 0x6671, 0xD9A5
    dd 0x6672, 0xD9A8
    dd 0x6674, 0xB4B8
    dd 0x6676, 0xB4B9
    dd 0x6677, 0xB4BE
    dd 0x6678, 0xDDC7
    dd 0x6679, 0xD9A6
    dd 0x667A, 0xB4BC
    dd 0x667B, 0xD9A3
    dd 0x667C, 0xD9A1
    dd 0x667E, 0xB4BD
    dd 0x6680, 0xD9A4
    dd 0x6684, 0xB779
    dd 0x6686, 0xDDBF
    dd 0x6687, 0xB776
    dd 0x6688, 0xB777
    dd 0x6689, 0xB775
    dd 0x668A, 0xDDC4
    dd 0x668B, 0xDDC3
    dd 0x668C, 0xDDC0
    dd 0x668D, 0xB77B
    dd 0x6690, 0xDDC2
    dd 0x6691, 0xB4BB
    dd 0x6694, 0xDDC6
    dd 0x6695, 0xDDC1
    dd 0x6696, 0xB778
    dd 0x6697, 0xB774
    dd 0x6698, 0xB77A
    dd 0x6699, 0xDDC5
    dd 0x669D, 0xBA5C
    dd 0x669F, 0xE1F8
    dd 0x66A0, 0xE1F7
    dd 0x66A1, 0xE1F6
    dd 0x66A2, 0xBA5A
    dd 0x66A8, 0xBA5B
    dd 0x66A9, 0xE5C5
    dd 0x66AA, 0xE5C8
    dd 0x66AB, 0xBCC8
    dd 0x66AE, 0xBCC7
    dd 0x66AF, 0xE5C9
    dd 0x66B0, 0xE5C4
    dd 0x66B1, 0xBCCA
    dd 0x66B2, 0xE5C6
    dd 0x66B4, 0xBCC9
    dd 0x66B5, 0xE5C3
    dd 0x66B7, 0xE5C7
    dd 0x66B8, 0xBEE9
    dd 0x66B9, 0xBEE6
    dd 0x66BA, 0xE9BB
    dd 0x66BB, 0xE9BA
    dd 0x66BD, 0xE9B9
    dd 0x66BE, 0xE9B4
    dd 0x66C0, 0xE9B5
    dd 0x66C4, 0xBEE7
    dd 0x66C6, 0xBEE4
    dd 0x66C7, 0xBEE8
    dd 0x66C8, 0xE9B3
    dd 0x66C9, 0xBEE5
    dd 0x66CA, 0xE9B6
    dd 0x66CB, 0xE9B7
    dd 0x66CC, 0xE9BC
    dd 0x66CF, 0xE9B8
    dd 0x66D2, 0xECF2
    dd 0x66D6, 0xC0C7
    dd 0x66D8, 0xEFDC
    dd 0x66D9, 0xC0C6
    dd 0x66DA, 0xEFDA
    dd 0x66DB, 0xEFDB
    dd 0x66DC, 0xC260
    dd 0x66DD, 0xC36E
    dd 0x66DE, 0xF24B
    dd 0x66E0, 0xC36D
    dd 0x66E3, 0xF451
    dd 0x66E4, 0xF452
    dd 0x66E6, 0xC466
    dd 0x66E8, 0xF450
    dd 0x66E9, 0xC4E4
    dd 0x66EB, 0xF7DF
    dd 0x66EC, 0xC5CE
    dd 0x66ED, 0xF8AA
    dd 0x66EE, 0xF8AB
    dd 0x66F0, 0xA4EA
    dd 0x66F2, 0xA6B1
    dd 0x66F3, 0xA6B2
    dd 0x66F4, 0xA7F3
    dd 0x66F6, 0xCCD1
    dd 0x66F7, 0xAC54
    dd 0x66F8, 0xAED1
    dd 0x66F9, 0xB1E4
    dd 0x66FC, 0xB0D2
    dd 0x66FE, 0xB4BF
    dd 0x66FF, 0xB4C0
    dd 0x6700, 0xB3CC
    dd 0x6701, 0xD9A9
    dd 0x6703, 0xB77C
    dd 0x6704, 0xE1FA
    dd 0x6705, 0xE1F9
    dd 0x6708, 0xA4EB
    dd 0x6709, 0xA6B3
    dd 0x670A, 0xCCD2
    dd 0x670B, 0xAA42
    dd 0x670D, 0xAA41
    dd 0x670F, 0xCEF9
    dd 0x6710, 0xCEFA
    dd 0x6712, 0xD1D7
    dd 0x6713, 0xD1D8
    dd 0x6714, 0xAED2
    dd 0x6715, 0xAED3
    dd 0x6717, 0xAED4
    dd 0x6718, 0xD5AF
    dd 0x671B, 0xB1E6
    dd 0x671D, 0xB4C2
    dd 0x671F, 0xB4C1
    dd 0x6720, 0xDDC8
    dd 0x6721, 0xDF7A
    dd 0x6722, 0xE1FB
    dd 0x6723, 0xE9BD
    dd 0x6726, 0xC261
    dd 0x6727, 0xC467
    dd 0x6728, 0xA4EC
    dd 0x672A, 0xA5BC
    dd 0x672B, 0xA5BD
    dd 0x672C, 0xA5BB
    dd 0x672D, 0xA5BE
    dd 0x672E, 0xA5BA
    dd 0x6731, 0xA6B6
    dd 0x6733, 0xC9F6
    dd 0x6734, 0xA6B5
    dd 0x6735, 0xA6B7
    dd 0x6738, 0xC9F1
    dd 0x6739, 0xC9F0
    dd 0x673A, 0xC9F3
    dd 0x673B, 0xC9F2
    dd 0x673C, 0xC9F5
    dd 0x673D, 0xA6B4
    dd 0x673E, 0xC9EF
    dd 0x673F, 0xC9F4
    dd 0x6745, 0xCAFD
    dd 0x6746, 0xA7FD
    dd 0x6747, 0xCAFE
    dd 0x6748, 0xCB43
    dd 0x6749, 0xA7FC
    dd 0x674B, 0xCB47
    dd 0x674C, 0xCB42
    dd 0x674D, 0xCB45
    dd 0x674E, 0xA7F5
    dd 0x674F, 0xA7F6
    dd 0x6750, 0xA7F7
    dd 0x6751, 0xA7F8
    dd 0x6753, 0xA840
    dd 0x6755, 0xCB41
    dd 0x6756, 0xA7FA
    dd 0x6757, 0xA841
    dd 0x6759, 0xCB40
    dd 0x675A, 0xCB46
    dd 0x675C, 0xA7F9
    dd 0x675D, 0xCB44
    dd 0x675E, 0xA7FB
    dd 0x675F, 0xA7F4
    dd 0x6760, 0xA7FE
    dd 0x676A, 0xAA57
    dd 0x676C, 0xCCD4
    dd 0x676D, 0xAA43
    dd 0x676F, 0xAA4D
    dd 0x6770, 0xAA4E
    dd 0x6771, 0xAA46
    dd 0x6772, 0xAA58
    dd 0x6773, 0xAA48
    dd 0x6774, 0xCCDC
    dd 0x6775, 0xAA53
    dd 0x6776, 0xCCD7
    dd 0x6777, 0xAA49
    dd 0x6778, 0xCCE6
    dd 0x6779, 0xCCE7
    dd 0x677A, 0xCCDF
    dd 0x677B, 0xCCD8
    dd 0x677C, 0xAA56
    dd 0x677D, 0xCCE4
    dd 0x677E, 0xAA51
    dd 0x677F, 0xAA4F
    dd 0x6781, 0xCCE5
    dd 0x6783, 0xCCE3
    dd 0x6784, 0xCCDB
    dd 0x6785, 0xCCD3
    dd 0x6786, 0xCCDA
    dd 0x6787, 0xAA4A
    dd 0x6789, 0xAA50
    dd 0x678B, 0xAA44
    dd 0x678C, 0xCCDE
    dd 0x678D, 0xCCDD
    dd 0x678E, 0xCCD5
    dd 0x6790, 0xAA52
    dd 0x6791, 0xCCE1
    dd 0x6792, 0xCCD6
    dd 0x6793, 0xAA55
    dd 0x6794, 0xCCE8
    dd 0x6795, 0xAA45
    dd 0x6797, 0xAA4C
    dd 0x6798, 0xCCD9
    dd 0x6799, 0xCCE2
    dd 0x679A, 0xAA54
    dd 0x679C, 0xAA47
    dd 0x679D, 0xAA4B
    dd 0x679F, 0xCCE0
    dd 0x67AE, 0xCF5B
    dd 0x67AF, 0xAC5C
    dd 0x67B0, 0xAC69
    dd 0x67B2, 0xCF56
    dd 0x67B3, 0xCF4C
    dd 0x67B4, 0xAC62
    dd 0x67B5, 0xCF4A
    dd 0x67B6, 0xAC5B
    dd 0x67B7, 0xCF45
    dd 0x67B8, 0xAC65
    dd 0x67B9, 0xCF52
    dd 0x67BA, 0xCEFE
    dd 0x67BB, 0xCF41
    dd 0x67C0, 0xCF44
    dd 0x67C1, 0xCEFB
    dd 0x67C2, 0xCF51
    dd 0x67C3, 0xCF61
    dd 0x67C4, 0xAC60
    dd 0x67C5, 0xCF46
    dd 0x67C6, 0xCF58
    dd 0x67C8, 0xCEFD
    dd 0x67C9, 0xCF5F
    dd 0x67CA, 0xCF60
    dd 0x67CB, 0xCF63
    dd 0x67CC, 0xCF5A
    dd 0x67CD, 0xCF4B
    dd 0x67CE, 0xCF53
    dd 0x67CF, 0xAC66
    dd 0x67D0, 0xAC59
    dd 0x67D1, 0xAC61
    dd 0x67D2, 0xAC6D
    dd 0x67D3, 0xAC56
    dd 0x67D4, 0xAC58
    dd 0x67D8, 0xCF43
    dd 0x67D9, 0xAC6A
    dd 0x67DA, 0xAC63
    dd 0x67DB, 0xCF5D
    dd 0x67DC, 0xCF40
    dd 0x67DD, 0xAC6C
    dd 0x67DE, 0xAC67
    dd 0x67DF, 0xCF49
    dd 0x67E2, 0xAC6B
    dd 0x67E3, 0xCF50
    dd 0x67E4, 0xCF48
    dd 0x67E5, 0xAC64
    dd 0x67E6, 0xCF5C
    dd 0x67E7, 0xCF54
    dd 0x67E9, 0xAC5E
    dd 0x67EA, 0xCF62
    dd 0x67EB, 0xCF47
    dd 0x67EC, 0xAC5A
    dd 0x67ED, 0xCF59
    dd 0x67EE, 0xCF4F
    dd 0x67EF, 0xAC5F
    dd 0x67F0, 0xCF55
    dd 0x67F1, 0xAC57
    dd 0x67F2, 0xCEFC
    dd 0x67F3, 0xAC68
    dd 0x67F4, 0xAEE3
    dd 0x67F5, 0xAC5D
    dd 0x67F6, 0xCF4E
    dd 0x67F7, 0xCF4D
    dd 0x67F8, 0xCF42
    dd 0x67FA, 0xCF5E
    dd 0x67FC, 0xCF57
    dd 0x67FF, 0xAC55
    dd 0x6812, 0xD1EC
    dd 0x6813, 0xAEEA
    dd 0x6814, 0xD1ED
    dd 0x6816, 0xD1E1
    dd 0x6817, 0xAEDF
    dd 0x6818, 0xAEEB
    dd 0x681A, 0xD1DA
    dd 0x681C, 0xD1E3
    dd 0x681D, 0xD1EB
    dd 0x681F, 0xD1D9
    dd 0x6820, 0xD1F4
    dd 0x6821, 0xAED5
    dd 0x6825, 0xD1F3
    dd 0x6826, 0xD1EE
    dd 0x6828, 0xD1EF
    dd 0x6829, 0xAEDD
    dd 0x682A, 0xAEE8
    dd 0x682B, 0xD1E5
    dd 0x682D, 0xD1E6
    dd 0x682E, 0xD1F0
    dd 0x682F, 0xD1E7
    dd 0x6831, 0xD1E2
    dd 0x6832, 0xD1DC
    dd 0x6833, 0xD1DD
    dd 0x6834, 0xD1EA
    dd 0x6835, 0xD1E4
    dd 0x6838, 0xAED6
    dd 0x6839, 0xAEDA
    dd 0x683A, 0xD1F2
    dd 0x683B, 0xD1DE
    dd 0x683C, 0xAEE6
    dd 0x683D, 0xAEE2
    dd 0x6840, 0xAEE5
    dd 0x6841, 0xAEEC
    dd 0x6842, 0xAEDB
    dd 0x6843, 0xAEE7
    dd 0x6844, 0xD1E9
    dd 0x6845, 0xAEE9
    dd 0x6846, 0xAED8
    dd 0x6848, 0xAED7
    dd 0x6849, 0xD1DB
    dd 0x684B, 0xD1DF
    dd 0x684C, 0xAEE0
    dd 0x684D, 0xD1F1
    dd 0x684E, 0xD1E8
    dd 0x684F, 0xD1E0
    dd 0x6850, 0xAEE4
    dd 0x6851, 0xAEE1
    dd 0x6853, 0xAED9
    dd 0x6854, 0xAEDC
    dd 0x686B, 0xD5C4
    dd 0x686D, 0xD5B4
    dd 0x686E, 0xD5B5
    dd 0x686F, 0xD5B9
    dd 0x6871, 0xD5C8
    dd 0x6872, 0xD5C5
    dd 0x6874, 0xD5BE
    dd 0x6875, 0xD5BD
    dd 0x6876, 0xB1ED
    dd 0x6877, 0xD5C1
    dd 0x6878, 0xD5D0
    dd 0x6879, 0xD5B0
    dd 0x687B, 0xD5D1
    dd 0x687C, 0xD5C3
    dd 0x687D, 0xD5D5
    dd 0x687E, 0xD5C9
    dd 0x687F, 0xB1EC
    dd 0x6880, 0xD5C7
    dd 0x6881, 0xB1E7
    dd 0x6882, 0xB1FC
    dd 0x6883, 0xB1F2
    dd 0x6885, 0xB1F6
    dd 0x6886, 0xB1F5
    dd 0x6887, 0xD5B1
    dd 0x6889, 0xD5CE
    dd 0x688A, 0xD5D4
    dd 0x688B, 0xD5CC
    dd 0x688C, 0xD5D3
    dd 0x688F, 0xD5C0
    dd 0x6890, 0xD5B2
    dd 0x6891, 0xD5D2
    dd 0x6892, 0xD5C2
    dd 0x6893, 0xB1EA
    dd 0x6894, 0xB1F7
    dd 0x6896, 0xD5CB
    dd 0x6897, 0xB1F0
    dd 0x689B, 0xD5CA
    dd 0x689C, 0xD5B3
    dd 0x689D, 0xB1F8
    dd 0x689F, 0xB1FA
    dd 0x68A0, 0xD5CD
    dd 0x68A1, 0xB1FB
    dd 0x68A2, 0xB1E9
    dd 0x68A3, 0xD5BA
    dd 0x68A4, 0xD5CF
    dd 0x68A7, 0xB1EF
    dd 0x68A8, 0xB1F9
    dd 0x68A9, 0xD5BC
    dd 0x68AA, 0xD5C6
    dd 0x68AB, 0xD5B7
    dd 0x68AC, 0xD5BB
    dd 0x68AD, 0xB1F4
    dd 0x68AE, 0xD5B6
    dd 0x68AF, 0xB1E8
    dd 0x68B0, 0xB1F1
    dd 0x68B1, 0xB1EE
    dd 0x68B2, 0xD5BF
    dd 0x68B3, 0xAEDE
    dd 0x68B4, 0xD9C0
    dd 0x68B5, 0xB1EB
    dd 0x68C4, 0xB1F3
    dd 0x68C6, 0xD9C3
    dd 0x68C7, 0xD9D9
    dd 0x68C8, 0xD9CE
    dd 0x68C9, 0xB4D6
    dd 0x68CB, 0xB4D1
    dd 0x68CC, 0xD9BD
    dd 0x68CD, 0xB4D2
    dd 0x68CE, 0xD9CD
    dd 0x68D0, 0xD9C6
    dd 0x68D1, 0xD9D3
    dd 0x68D2, 0xB4CE
    dd 0x68D3, 0xD9AB
    dd 0x68D4, 0xD9D5
    dd 0x68D5, 0xB4C4
    dd 0x68D6, 0xD9B3
    dd 0x68D7, 0xB4C7
    dd 0x68D8, 0xB4C6
    dd 0x68DA, 0xB4D7
    dd 0x68DC, 0xD9AD
    dd 0x68DD, 0xD9CF
    dd 0x68DE, 0xD9D0
    dd 0x68DF, 0xB4C9
    dd 0x68E0, 0xB4C5
    dd 0x68E1, 0xD9BB
    dd 0x68E3, 0xB4D0
    dd 0x68E4, 0xD9B6
    dd 0x68E6, 0xD9D1
    dd 0x68E7, 0xB4CC
    dd 0x68E8, 0xD9C9
    dd 0x68E9, 0xD9D6
    dd 0x68EA, 0xD9B0
    dd 0x68EB, 0xD9B5
    dd 0x68EC, 0xD9AF
    dd 0x68EE, 0xB4CB
    dd 0x68EF, 0xD9C2
    dd 0x68F0, 0xDDDE
    dd 0x68F1, 0xD9B1
    dd 0x68F2, 0xB4CF
    dd 0x68F3, 0xD9BA
    dd 0x68F4, 0xD9D2
    dd 0x68F5, 0xB4CA
    dd 0x68F6, 0xD9B7
    dd 0x68F7, 0xD9B4
    dd 0x68F8, 0xD9C5
    dd 0x68F9, 0xB4CD
    dd 0x68FA, 0xB4C3
    dd 0x68FB, 0xB4D9
    dd 0x68FC, 0xD9C8
    dd 0x68FD, 0xD9C7
    dd 0x6904, 0xD9AC
    dd 0x6905, 0xB4C8
    dd 0x6906, 0xD9D4
    dd 0x6907, 0xD9BC
    dd 0x6908, 0xD9BE
    dd 0x690A, 0xD9CB
    dd 0x690B, 0xD9CA
    dd 0x690C, 0xD9AA
    dd 0x690D, 0xB4D3
    dd 0x690E, 0xB4D5
    dd 0x690F, 0xD9B2
    dd 0x6910, 0xD9B9
    dd 0x6911, 0xD9C1
    dd 0x6912, 0xB4D4
    dd 0x6913, 0xD9B8
    dd 0x6914, 0xD9C4
    dd 0x6915, 0xD9D7
    dd 0x6917, 0xD9CC
    dd 0x6925, 0xD9D8
    dd 0x692A, 0xD9AE
    dd 0x692F, 0xDDF2
    dd 0x6930, 0xB7A6
    dd 0x6932, 0xDDF0
    dd 0x6933, 0xDDDB
    dd 0x6934, 0xDDE0
    dd 0x6935, 0xDDD9
    dd 0x6937, 0xDDEC
    dd 0x6938, 0xDDCB
    dd 0x6939, 0xDDD2
    dd 0x693B, 0xDDEA
    dd 0x693C, 0xDDF4
    dd 0x693D, 0xDDDC
    dd 0x693F, 0xDDCF
    dd 0x6940, 0xDDE2
    dd 0x6941, 0xDDE7
    dd 0x6942, 0xDDD3
    dd 0x6944, 0xDDE4
    dd 0x6945, 0xDDD0
    dd 0x6948, 0xDDD7
    dd 0x6949, 0xDDD8
    dd 0x694A, 0xB7A8
    dd 0x694B, 0xDDEB
    dd 0x694C, 0xDDE9
    dd 0x694E, 0xDDCC
    dd 0x694F, 0xDDEE
    dd 0x6951, 0xDDEF
    dd 0x6952, 0xDDF1
    dd 0x6953, 0xB7AC
    dd 0x6954, 0xB7A4
    dd 0x6956, 0xD5B8
    dd 0x6957, 0xDDD4
    dd 0x6958, 0xDDE6
    dd 0x6959, 0xDDD5
    dd 0x695A, 0xB7A1
    dd 0x695B, 0xB7B1
    dd 0x695C, 0xDDED
    dd 0x695D, 0xB7AF
    dd 0x695E, 0xB7AB
    dd 0x695F, 0xDDCA
    dd 0x6960, 0xB7A3
    dd 0x6962, 0xDDCD
    dd 0x6963, 0xB7B0
    dd 0x6965, 0xDDDD
    dd 0x6966, 0xDDC9
    dd 0x6968, 0xB7A9
    dd 0x6969, 0xDDE1
    dd 0x696A, 0xDDD1
    dd 0x696B, 0xB7AA
    dd 0x696C, 0xDDDA
    dd 0x696D, 0xB77E
    dd 0x696E, 0xB4D8
    dd 0x696F, 0xDDE3
    dd 0x6970, 0xD9BF
    dd 0x6971, 0xDDCE
    dd 0x6974, 0xDDE8
    dd 0x6975, 0xB7A5
    dd 0x6976, 0xDDE5
    dd 0x6977, 0xB7A2
    dd 0x6978, 0xDDDF
    dd 0x6979, 0xB7AD
    dd 0x697A, 0xDDD6
    dd 0x697B, 0xDDF3
    dd 0x6982, 0xB7A7
    dd 0x6983, 0xDEC6
    dd 0x6986, 0xB7AE
    dd 0x698D, 0xE24A
    dd 0x698E, 0xE248
    dd 0x6990, 0xE25E
    dd 0x6991, 0xE246
    dd 0x6993, 0xE258
    dd 0x6994, 0xB77D
    dd 0x6995, 0xBA5F
    dd 0x6996, 0xE242
    dd 0x6997, 0xE25D
    dd 0x6999, 0xE247
    dd 0x699A, 0xE255
    dd 0x699B, 0xBA64
    dd 0x699C, 0xBA5D
    dd 0x699E, 0xE25B
    dd 0x69A0, 0xE240
    dd 0x69A1, 0xE25A
    dd 0x69A3, 0xBA6F
    dd 0x69A4, 0xE251
    dd 0x69A5, 0xE261
    dd 0x69A6, 0xBA6D
    dd 0x69A7, 0xE249
    dd 0x69A8, 0xBA5E
    dd 0x69A9, 0xE24B
    dd 0x69AA, 0xE259
    dd 0x69AB, 0xBA67
    dd 0x69AC, 0xE244
    dd 0x69AD, 0xBA6B
    dd 0x69AE, 0xBA61
    dd 0x69AF, 0xE24D
    dd 0x69B0, 0xE243
    dd 0x69B1, 0xE1FC
    dd 0x69B3, 0xE257
    dd 0x69B4, 0xBA68
    dd 0x69B5, 0xE260
    dd 0x69B6, 0xE1FD
    dd 0x69B7, 0xBA65
    dd 0x69B9, 0xE253
    dd 0x69BB, 0xBA66
    dd 0x69BC, 0xE245
    dd 0x69BD, 0xE250
    dd 0x69BE, 0xE24C
    dd 0x69BF, 0xE24E
    dd 0x69C1, 0xBA60
    dd 0x69C2, 0xE25F
    dd 0x69C3, 0xBA6E
    dd 0x69C4, 0xE24F
    dd 0x69C6, 0xE262
    dd 0x69C9, 0xE1FE
    dd 0x69CA, 0xE254
    dd 0x69CB, 0xBA63
    dd 0x69CC, 0xBA6C
    dd 0x69CD, 0xBA6A
    dd 0x69CE, 0xE241
    dd 0x69CF, 0xE256
    dd 0x69D0, 0xBA69
    dd 0x69D3, 0xBA62
    dd 0x69D4, 0xE252
    dd 0x69D9, 0xE25C
    dd 0x69E2, 0xE5D5
    dd 0x69E4, 0xE5D1
    dd 0x69E5, 0xE5CD
    dd 0x69E6, 0xE5E1
    dd 0x69E7, 0xE5DE
    dd 0x69E8, 0xBCCD
    dd 0x69EB, 0xE5E5
    dd 0x69EC, 0xE5D4
    dd 0x69ED, 0xBCD8
    dd 0x69EE, 0xE5DB
    dd 0x69F1, 0xE5D0
    dd 0x69F2, 0xE5DA
    dd 0x69F3, 0xBCD5
    dd 0x69F4, 0xE5EE
    dd 0x69F6, 0xE5EB
    dd 0x69F7, 0xE5DD
    dd 0x69F8, 0xE5CE
    dd 0x69FB, 0xE5E2
    dd 0x69FC, 0xE5E4
    dd 0x69FD, 0xBCD1
    dd 0x69FE, 0xE5D8
    dd 0x69FF, 0xE5D3
    dd 0x6A00, 0xE5CA
    dd 0x6A01, 0xBCCE
    dd 0x6A02, 0xBCD6
    dd 0x6A04, 0xE5E7
    dd 0x6A05, 0xBCD7
    dd 0x6A06, 0xE5CB
    dd 0x6A07, 0xE5ED
    dd 0x6A08, 0xE5E0
    dd 0x6A09, 0xE5E6
    dd 0x6A0A, 0xBCD4
    dd 0x6A0D, 0xE5E3
    dd 0x6A0F, 0xE5EA
    dd 0x6A11, 0xBCD9
    dd 0x6A13, 0xBCD3
    dd 0x6A14, 0xE5DC
    dd 0x6A15, 0xE5CF
    dd 0x6A16, 0xE5EF
    dd 0x6A17, 0xE5CC
    dd 0x6A18, 0xE5E8
    dd 0x6A19, 0xBCD0
    dd 0x6A1B, 0xE5D6
    dd 0x6A1D, 0xE5D7
    dd 0x6A1E, 0xBCCF
    dd 0x6A1F, 0xBCCC
    dd 0x6A20, 0xE5D2
    dd 0x6A21, 0xBCD2
    dd 0x6A23, 0xBCCB
    dd 0x6A25, 0xE5E9
    dd 0x6A26, 0xE5EC
    dd 0x6A27, 0xE5D9
    dd 0x6A28, 0xE9CA
    dd 0x6A32, 0xE9C2
    dd 0x6A34, 0xE9BE
    dd 0x6A35, 0xBEF6
    dd 0x6A38, 0xBEEB
    dd 0x6A39, 0xBEF0
    dd 0x6A3A, 0xBEEC
    dd 0x6A3B, 0xE9CC
    dd 0x6A3C, 0xE9D7
    dd 0x6A3D, 0xBEEA
    dd 0x6A3E, 0xE9C4
    dd 0x6A3F, 0xE9CD
    dd 0x6A40, 0xE5DF
    dd 0x6A41, 0xE9CE
    dd 0x6A44, 0xBEF1
    dd 0x6A46, 0xE9DD
    dd 0x6A47, 0xBEF5
    dd 0x6A48, 0xBEF8
    dd 0x6A49, 0xE9C0
    dd 0x6A4B, 0xBEF4
    dd 0x6A4D, 0xE9DB
    dd 0x6A4E, 0xE9DC
    dd 0x6A4F, 0xE9D2
    dd 0x6A50, 0xE9D1
    dd 0x6A51, 0xE9C9
    dd 0x6A54, 0xE9D3
    dd 0x6A55, 0xE9DA
    dd 0x6A56, 0xE9D9
    dd 0x6A58, 0xBEEF
    dd 0x6A59, 0xBEED
    dd 0x6A5A, 0xE9CB
    dd 0x6A5B, 0xE9C8
    dd 0x6A5D, 0xE9C5
    dd 0x6A5E, 0xE9D8
    dd 0x6A5F, 0xBEF7
    dd 0x6A60, 0xE9D6
    dd 0x6A61, 0xBEF3
    dd 0x6A62, 0xBEF2
    dd 0x6A64, 0xE9D0
    dd 0x6A66, 0xE9BF
    dd 0x6A67, 0xE9C1
    dd 0x6A68, 0xE9C3
    dd 0x6A69, 0xE9D5
    dd 0x6A6A, 0xE9CF
    dd 0x6A6B, 0xBEEE
    dd 0x6A6D, 0xE9C6
    dd 0x6A6F, 0xE9D4
    dd 0x6A76, 0xE9C7
    dd 0x6A7E, 0xC0CF
    dd 0x6A7F, 0xED45
    dd 0x6A80, 0xC0C8
    dd 0x6A81, 0xECF5
    dd 0x6A83, 0xED41
    dd 0x6A84, 0xC0CA
    dd 0x6A85, 0xED48
    dd 0x6A87, 0xECFC
    dd 0x6A89, 0xECF7
    dd 0x6A8C, 0xED49
    dd 0x6A8D, 0xECF3
    dd 0x6A8E, 0xECFE
    dd 0x6A90, 0xC0D1
    dd 0x6A91, 0xED44
    dd 0x6A92, 0xED4A
    dd 0x6A93, 0xECFD
    dd 0x6A94, 0xC0C9
    dd 0x6A95, 0xED40
    dd 0x6A96, 0xECF4
    dd 0x6A97, 0xC0D0
    dd 0x6A9A, 0xED47
    dd 0x6A9B, 0xECF9
    dd 0x6A9C, 0xC0CC
    dd 0x6A9E, 0xECFB
    dd 0x6A9F, 0xECF8
    dd 0x6AA0, 0xC0D2
    dd 0x6AA1, 0xECFA
    dd 0x6AA2, 0xC0CB
    dd 0x6AA3, 0xC0CE
    dd 0x6AA4, 0xED43
    dd 0x6AA5, 0xECF6
    dd 0x6AA6, 0xED46
    dd 0x6AA8, 0xED42
    dd 0x6AAC, 0xC263
    dd 0x6AAD, 0xEFE7
    dd 0x6AAE, 0xC268
    dd 0x6AAF, 0xC269
    dd 0x6AB3, 0xC262
    dd 0x6AB4, 0xEFE6
    dd 0x6AB6, 0xEFE3
    dd 0x6AB7, 0xEFE4
    dd 0x6AB8, 0xC266
    dd 0x6AB9, 0xEFDE
    dd 0x6ABA, 0xEFE2
    dd 0x6ABB, 0xC265
    dd 0x6ABD, 0xEFDF
    dd 0x6AC2, 0xC267
    dd 0x6AC3, 0xC264
    dd 0x6AC5, 0xEFDD
    dd 0x6AC6, 0xEFE1
    dd 0x6AC7, 0xEFE5
    dd 0x6ACB, 0xF251
    dd 0x6ACC, 0xF24E
    dd 0x6ACD, 0xF257
    dd 0x6ACF, 0xF256
    dd 0x6AD0, 0xF254
    dd 0x6AD1, 0xF24F
    dd 0x6AD3, 0xC372
    dd 0x6AD9, 0xF250
    dd 0x6ADA, 0xC371
    dd 0x6ADB, 0xC0CD
    dd 0x6ADC, 0xF253
    dd 0x6ADD, 0xC370
    dd 0x6ADE, 0xF258
    dd 0x6ADF, 0xF252
    dd 0x6AE0, 0xF24D
    dd 0x6AE1, 0xEFE0
    dd 0x6AE5, 0xC36F
    dd 0x6AE7, 0xF24C
    dd 0x6AE8, 0xF456
    dd 0x6AEA, 0xF455
    dd 0x6AEB, 0xF255
    dd 0x6AEC, 0xC468
    dd 0x6AEE, 0xF459
    dd 0x6AEF, 0xF45A
    dd 0x6AF0, 0xF454
    dd 0x6AF1, 0xF458
    dd 0x6AF3, 0xF453
    dd 0x6AF8, 0xF5D1
    dd 0x6AF9, 0xF457
    dd 0x6AFA, 0xC4E7
    dd 0x6AFB, 0xC4E5
    dd 0x6AFC, 0xF5CF
    dd 0x6B00, 0xF5D2
    dd 0x6B02, 0xF5CE
    dd 0x6B03, 0xF5D0
    dd 0x6B04, 0xC4E6
    dd 0x6B08, 0xF6E5
    dd 0x6B09, 0xF6E6
    dd 0x6B0A, 0xC576
    dd 0x6B0B, 0xF6E4
    dd 0x6B0F, 0xF7E2
    dd 0x6B10, 0xC5CF
    dd 0x6B11, 0xF7E0
    dd 0x6B12, 0xF7E1
    dd 0x6B13, 0xF8AC
    dd 0x6B16, 0xC656
    dd 0x6B17, 0xF8F3
    dd 0x6B18, 0xF8F1
    dd 0x6B19, 0xF8F2
    dd 0x6B1A, 0xF8F4
    dd 0x6B1E, 0xF9BB
    dd 0x6B20, 0xA4ED
    dd 0x6B21, 0xA6B8
    dd 0x6B23, 0xAA59
    dd 0x6B25, 0xCCE9
    dd 0x6B28, 0xCF64
    dd 0x6B2C, 0xD1F5
    dd 0x6B2D, 0xD1F7
    dd 0x6B2F, 0xD1F6
    dd 0x6B31, 0xD1F8
    dd 0x6B32, 0xB1FD
    dd 0x6B33, 0xD5D7
    dd 0x6B34, 0xD1F9
    dd 0x6B36, 0xD5D6
    dd 0x6B37, 0xD5D8
    dd 0x6B38, 0xD5D9
    dd 0x6B39, 0xD9DA
    dd 0x6B3A, 0xB4DB
    dd 0x6B3B, 0xD9DB
    dd 0x6B3C, 0xD9DD
    dd 0x6B3D, 0xB4DC
    dd 0x6B3E, 0xB4DA
    dd 0x6B3F, 0xD9DC
    dd 0x6B41, 0xDDFA
    dd 0x6B42, 0xDDF8
    dd 0x6B43, 0xDDF7
    dd 0x6B45, 0xDDF6
    dd 0x6B46, 0xDDF5
    dd 0x6B47, 0xB7B2
    dd 0x6B48, 0xDDF9
    dd 0x6B49, 0xBA70
    dd 0x6B4A, 0xE263
    dd 0x6B4B, 0xE265
    dd 0x6B4C, 0xBA71
    dd 0x6B4D, 0xE264
    dd 0x6B4E, 0xBCDB
    dd 0x6B50, 0xBCDA
    dd 0x6B51, 0xE5F0
    dd 0x6B54, 0xE9DF
    dd 0x6B55, 0xE9DE
    dd 0x6B56, 0xE9E0
    dd 0x6B59, 0xBEF9
    dd 0x6B5B, 0xED4B
    dd 0x6B5C, 0xC0D3
    dd 0x6B5E, 0xEFE8
    dd 0x6B5F, 0xC26A
    dd 0x6B60, 0xF259
    dd 0x6B61, 0xC577
    dd 0x6B62, 0xA4EE
    dd 0x6B63, 0xA5BF
    dd 0x6B64, 0xA6B9
    dd 0x6B65, 0xA842
    dd 0x6B66, 0xAA5A
    dd 0x6B67, 0xAA5B
    dd 0x6B6A, 0xAC6E
    dd 0x6B6D, 0xD1FA
    dd 0x6B72, 0xB7B3
    dd 0x6B76, 0xE6D1
    dd 0x6B77, 0xBEFA
    dd 0x6B78, 0xC26B
    dd 0x6B79, 0xA4EF
    dd 0x6B7B, 0xA6BA
    dd 0x6B7E, 0xCCEB
    dd 0x6B7F, 0xAA5C
    dd 0x6B80, 0xCCEA
    dd 0x6B82, 0xCF65
    dd 0x6B83, 0xAC6F
    dd 0x6B84, 0xCF66
    dd 0x6B86, 0xAC70
    dd 0x6B88, 0xD1FC
    dd 0x6B89, 0xAEEE
    dd 0x6B8A, 0xAEED
    dd 0x6B8C, 0xD5DE
    dd 0x6B8D, 0xD5DC
    dd 0x6B8E, 0xD5DD
    dd 0x6B8F, 0xD5DB
    dd 0x6B91, 0xD5DA
    dd 0x6B94, 0xD9DE
    dd 0x6B95, 0xD9E1
    dd 0x6B96, 0xB4DE
    dd 0x6B97, 0xD9DF
    dd 0x6B98, 0xB4DD
    dd 0x6B99, 0xD9E0
    dd 0x6B9B, 0xDDFB
    dd 0x6B9E, 0xE266
    dd 0x6B9F, 0xE267
    dd 0x6BA0, 0xE268
    dd 0x6BA2, 0xE5F3
    dd 0x6BA3, 0xE5F2
    dd 0x6BA4, 0xBCDC
    dd 0x6BA5, 0xE5F1
    dd 0x6BA6, 0xE5F4
    dd 0x6BA7, 0xE9E1
    dd 0x6BAA, 0xE9E2
    dd 0x6BAB, 0xE9E3
    dd 0x6BAD, 0xED4C
    dd 0x6BAE, 0xC0D4
    dd 0x6BAF, 0xC26C
    dd 0x6BB0, 0xF25A
    dd 0x6BB2, 0xC4E8
    dd 0x6BB3, 0xC95F
    dd 0x6BB5, 0xAC71
    dd 0x6BB6, 0xCF67
    dd 0x6BB7, 0xAEEF
    dd 0x6BBA, 0xB1FE
    dd 0x6BBC, 0xB4DF
    dd 0x6BBD, 0xD9E2
    dd 0x6BBF, 0xB7B5
    dd 0x6BC0, 0xB7B4
    dd 0x6BC3, 0xE269
    dd 0x6BC4, 0xE26A
    dd 0x6BC5, 0xBCDD
    dd 0x6BC6, 0xBCDE
    dd 0x6BC7, 0xE9E5
    dd 0x6BC8, 0xE9E4
    dd 0x6BC9, 0xEFE9
    dd 0x6BCA, 0xF7E3
    dd 0x6BCB, 0xA4F0
    dd 0x6BCC, 0xC960
    dd 0x6BCD, 0xA5C0
    dd 0x6BCF, 0xA843
    dd 0x6BD0, 0xCB48
    dd 0x6BD2, 0xAC72
    dd 0x6BD3, 0xB7B6
    dd 0x6BD4, 0xA4F1
    dd 0x6BD6, 0xCF68
    dd 0x6BD7, 0xAC73
    dd 0x6BD8, 0xCF69
    dd 0x6BDA, 0xC0D5
    dd 0x6BDB, 0xA4F2
    dd 0x6BDE, 0xCCEC
    dd 0x6BE0, 0xCF6A
    dd 0x6BE2, 0xD242
    dd 0x6BE3, 0xD241
    dd 0x6BE4, 0xD1FE
    dd 0x6BE6, 0xD1FD
    dd 0x6BE7, 0xD243
    dd 0x6BE8, 0xD240
    dd 0x6BEB, 0xB240
    dd 0x6BEC, 0xB241
    dd 0x6BEF, 0xB4E0
    dd 0x6BF0, 0xD9E3
    dd 0x6BF2, 0xD9E4
    dd 0x6BF3, 0xD9E5
    dd 0x6BF7, 0xDE41
    dd 0x6BF8, 0xDE42
    dd 0x6BF9, 0xDE40
    dd 0x6BFB, 0xDDFD
    dd 0x6BFC, 0xDDFE
    dd 0x6BFD, 0xB7B7
    dd 0x6BFE, 0xE26B
    dd 0x6BFF, 0xE5F7
    dd 0x6C00, 0xE5F6
    dd 0x6C01, 0xE5F5
    dd 0x6C02, 0xE5F8
    dd 0x6C03, 0xE9E7
    dd 0x6C04, 0xE9E6
    dd 0x6C05, 0xBEFB
    dd 0x6C06, 0xE9E8
    dd 0x6C08, 0xC0D6
    dd 0x6C09, 0xED4D
    dd 0x6C0B, 0xEFEA
    dd 0x6C0C, 0xF25B
    dd 0x6C0D, 0xF6E7
    dd 0x6C0F, 0xA4F3
    dd 0x6C10, 0xA5C2
    dd 0x6C11, 0xA5C1
    dd 0x6C13, 0xAA5D
    dd 0x6C14, 0xC961
    dd 0x6C15, 0xC97E
    dd 0x6C16, 0xA6BB
    dd 0x6C18, 0xC9F7
    dd 0x6C19, 0xCB49
    dd 0x6C1A, 0xCB4A
    dd 0x6C1B, 0xAA5E
    dd 0x6C1D, 0xCCED
    dd 0x6C1F, 0xAC74
    dd 0x6C20, 0xCF6B
    dd 0x6C21, 0xCF6C
    dd 0x6C23, 0xAEF0
    dd 0x6C24, 0xAEF4
    dd 0x6C25, 0xD244
    dd 0x6C26, 0xAEF3
    dd 0x6C27, 0xAEF1
    dd 0x6C28, 0xAEF2
    dd 0x6C2A, 0xD5DF
    dd 0x6C2B, 0xB242
    dd 0x6C2C, 0xB4E3
    dd 0x6C2E, 0xB4E1
    dd 0x6C2F, 0xB4E2
    dd 0x6C30, 0xD9E6
    dd 0x6C33, 0xBA72
    dd 0x6C34, 0xA4F4
    dd 0x6C36, 0xC9A1
    dd 0x6C38, 0xA5C3
    dd 0x6C3B, 0xC9A4
    dd 0x6C3E, 0xA5C6
    dd 0x6C3F, 0xC9A3
    dd 0x6C40, 0xA5C5
    dd 0x6C41, 0xA5C4
    dd 0x6C42, 0xA844
    dd 0x6C43, 0xC9A2
    dd 0x6C46, 0xC9F8
    dd 0x6C4A, 0xC9FC
    dd 0x6C4B, 0xC9FE
    dd 0x6C4C, 0xCA40
    dd 0x6C4D, 0xA6C5
    dd 0x6C4E, 0xA6C6
    dd 0x6C4F, 0xC9FB
    dd 0x6C50, 0xA6C1
    dd 0x6C52, 0xC9F9
    dd 0x6C54, 0xC9FD
    dd 0x6C55, 0xA6C2
    dd 0x6C57, 0xA6BD
    dd 0x6C59, 0xA6BE
    dd 0x6C5B, 0xA6C4
    dd 0x6C5C, 0xC9FA
    dd 0x6C5D, 0xA6BC
    dd 0x6C5E, 0xA845
    dd 0x6C5F, 0xA6BF
    dd 0x6C60, 0xA6C0
    dd 0x6C61, 0xA6C3
    dd 0x6C65, 0xCB5B
    dd 0x6C66, 0xCB59
    dd 0x6C67, 0xCB4C
    dd 0x6C68, 0xA851
    dd 0x6C69, 0xCB53
    dd 0x6C6A, 0xA84C
    dd 0x6C6B, 0xCB4D
    dd 0x6C6D, 0xCB55
    dd 0x6C6F, 0xCB52
    dd 0x6C70, 0xA84F
    dd 0x6C71, 0xCB51
    dd 0x6C72, 0xA856
    dd 0x6C73, 0xCB5A
    dd 0x6C74, 0xA858
    dd 0x6C76, 0xA85A
    dd 0x6C78, 0xCB4B
    dd 0x6C7A, 0xA84D
    dd 0x6C7B, 0xCB5C
    dd 0x6C7D, 0xA854
    dd 0x6C7E, 0xA857
    dd 0x6C80, 0xCD45
    dd 0x6C81, 0xA847
    dd 0x6C82, 0xA85E
    dd 0x6C83, 0xA855
    dd 0x6C84, 0xCB4E
    dd 0x6C85, 0xA84A
    dd 0x6C86, 0xA859
    dd 0x6C87, 0xCB56
    dd 0x6C88, 0xA848
    dd 0x6C89, 0xA849
    dd 0x6C8A, 0xCD43
    dd 0x6C8B, 0xCB4F
    dd 0x6C8C, 0xA850
    dd 0x6C8D, 0xA85B
    dd 0x6C8E, 0xCB5D
    dd 0x6C8F, 0xCB50
    dd 0x6C90, 0xA84E
    dd 0x6C92, 0xA853
    dd 0x6C93, 0xCCEE
    dd 0x6C94, 0xA85C
    dd 0x6C95, 0xCB57
    dd 0x6C96, 0xA852
    dd 0x6C98, 0xA85D
    dd 0x6C99, 0xA846
    dd 0x6C9A, 0xCB54
    dd 0x6C9B, 0xA84B
    dd 0x6C9C, 0xCB58
    dd 0x6C9D, 0xCD44
    dd 0x6CAB, 0xAA6A
    dd 0x6CAC, 0xAA7A
    dd 0x6CAD, 0xCCF5
    dd 0x6CAE, 0xAA71
    dd 0x6CB0, 0xCD4B
    dd 0x6CB1, 0xAA62
    dd 0x6CB3, 0xAA65
    dd 0x6CB4, 0xCD42
    dd 0x6CB6, 0xCCF3
    dd 0x6CB7, 0xCCF7
    dd 0x6CB8, 0xAA6D
    dd 0x6CB9, 0xAA6F
    dd 0x6CBA, 0xCCFA
    dd 0x6CBB, 0xAA76
    dd 0x6CBC, 0xAA68
    dd 0x6CBD, 0xAA66
    dd 0x6CBE, 0xAA67
    dd 0x6CBF, 0xAA75
    dd 0x6CC0, 0xCD47
    dd 0x6CC1, 0xAA70
    dd 0x6CC2, 0xCCF9
    dd 0x6CC3, 0xCCFB
    dd 0x6CC4, 0xAA6E
    dd 0x6CC5, 0xAA73
    dd 0x6CC6, 0xCCFC
    dd 0x6CC7, 0xCD4A
    dd 0x6CC9, 0xAC75
    dd 0x6CCA, 0xAA79
    dd 0x6CCC, 0xAA63
    dd 0x6CCD, 0xCD49
    dd 0x6CCF, 0xCD4D
    dd 0x6CD0, 0xCCF8
    dd 0x6CD1, 0xCD4F
    dd 0x6CD2, 0xCD40
    dd 0x6CD3, 0xAA6C
    dd 0x6CD4, 0xCCF4
    dd 0x6CD5, 0xAA6B
    dd 0x6CD6, 0xAA7D
    dd 0x6CD7, 0xAA72
    dd 0x6CD9, 0xCCF2
    dd 0x6CDA, 0xCF75
    dd 0x6CDB, 0xAA78
    dd 0x6CDC, 0xAA7C
    dd 0x6CDD, 0xCD41
    dd 0x6CDE, 0xCD46
    dd 0x6CE0, 0xAA7E
    dd 0x6CE1, 0xAA77
    dd 0x6CE2, 0xAA69
    dd 0x6CE3, 0xAA5F
    dd 0x6CE5, 0xAA64
    dd 0x6CE7, 0xCCF6
    dd 0x6CE8, 0xAA60
    dd 0x6CE9, 0xCD4E
    dd 0x6CEB, 0xCCF0
    dd 0x6CEC, 0xCCEF
    dd 0x6CED, 0xCCFD
    dd 0x6CEE, 0xCCF1
    dd 0x6CEF, 0xAA7B
    dd 0x6CF0, 0xAEF5
    dd 0x6CF1, 0xAA74
    dd 0x6CF2, 0xCCFE
    dd 0x6CF3, 0xAA61
    dd 0x6CF5, 0xACA6
    dd 0x6CF9, 0xCD4C
    dd 0x6D00, 0xCF7C
    dd 0x6D01, 0xCFA1
    dd 0x6D03, 0xCFA4
    dd 0x6D04, 0xCF77
    dd 0x6D07, 0xCFA7
    dd 0x6D08, 0xCFAA
    dd 0x6D09, 0xCFAC
    dd 0x6D0A, 0xCF74
    dd 0x6D0B, 0xAC76
    dd 0x6D0C, 0xAC7B
    dd 0x6D0D, 0xD249
    dd 0x6D0E, 0xACAD
    dd 0x6D0F, 0xCFA5
    dd 0x6D10, 0xCFAD
    dd 0x6D11, 0xCF7B
    dd 0x6D12, 0xCF73
    dd 0x6D16, 0xD264
    dd 0x6D17, 0xAC7E
    dd 0x6D18, 0xCFA2
    dd 0x6D19, 0xCF78
    dd 0x6D1A, 0xCF7A
    dd 0x6D1B, 0xACA5
    dd 0x6D1D, 0xCF7D
    dd 0x6D1E, 0xAC7D
    dd 0x6D1F, 0xCF70
    dd 0x6D20, 0xCFA8
    dd 0x6D22, 0xCFAB
    dd 0x6D25, 0xAC7A
    dd 0x6D27, 0xACA8
    dd 0x6D28, 0xCF6D
    dd 0x6D29, 0xACAA
    dd 0x6D2A, 0xAC78
    dd 0x6D2B, 0xACAE
    dd 0x6D2C, 0xCFA9
    dd 0x6D2D, 0xCF6F
    dd 0x6D2E, 0xACAB
    dd 0x6D2F, 0xD25E
    dd 0x6D30, 0xCD48
    dd 0x6D31, 0xAC7C
    dd 0x6D32, 0xAC77
    dd 0x6D33, 0xCF76
    dd 0x6D34, 0xCF6E
    dd 0x6D35, 0xACAC
    dd 0x6D36, 0xACA4
    dd 0x6D37, 0xCFA3
    dd 0x6D38, 0xACA9
    dd 0x6D39, 0xACA7
    dd 0x6D3A, 0xCF79
    dd 0x6D3B, 0xACA1
    dd 0x6D3C, 0xCF71
    dd 0x6D3D, 0xACA2
    dd 0x6D3E, 0xACA3
    dd 0x6D3F, 0xCF72
    dd 0x6D40, 0xCFA6
    dd 0x6D41, 0xAC79
    dd 0x6D42, 0xCF7E
    dd 0x6D58, 0xD24C
    dd 0x6D59, 0xAEFD
    dd 0x6D5A, 0xAF43
    dd 0x6D5E, 0xD255
    dd 0x6D5F, 0xD25B
    dd 0x6D60, 0xD257
    dd 0x6D61, 0xD24A
    dd 0x6D62, 0xD24D
    dd 0x6D63, 0xD246
    dd 0x6D64, 0xD247
    dd 0x6D65, 0xAF4A
    dd 0x6D66, 0xAEFA
    dd 0x6D67, 0xD256
    dd 0x6D68, 0xD25F
    dd 0x6D69, 0xAF45
    dd 0x6D6A, 0xAEF6
    dd 0x6D6C, 0xAF40
    dd 0x6D6D, 0xD24E
    dd 0x6D6E, 0xAF42
    dd 0x6D6F, 0xD24F
    dd 0x6D70, 0xD259
    dd 0x6D74, 0xAF44
    dd 0x6D75, 0xD268
    dd 0x6D76, 0xD248
    dd 0x6D77, 0xAEFC
    dd 0x6D78, 0xAEFB
    dd 0x6D79, 0xAF48
    dd 0x6D7A, 0xD245
    dd 0x6D7B, 0xD266
    dd 0x6D7C, 0xD25A
    dd 0x6D7D, 0xD267
    dd 0x6D7E, 0xD261
    dd 0x6D7F, 0xD253
    dd 0x6D80, 0xD262
    dd 0x6D82, 0xD25C
    dd 0x6D83, 0xD265
    dd 0x6D84, 0xD263
    dd 0x6D85, 0xAF49
    dd 0x6D86, 0xD254
    dd 0x6D87, 0xAEF9
    dd 0x6D88, 0xAEF8
    dd 0x6D89, 0xAF41
    dd 0x6D8A, 0xAF47
    dd 0x6D8B, 0xD260
    dd 0x6D8C, 0xAF46
    dd 0x6D8D, 0xD251
    dd 0x6D8E, 0xB243
    dd 0x6D90, 0xD269
    dd 0x6D91, 0xD250
    dd 0x6D92, 0xD24B
    dd 0x6D93, 0xAEFE
    dd 0x6D94, 0xAF4B
    dd 0x6D95, 0xAEF7
    dd 0x6D97, 0xD258
    dd 0x6D98, 0xD25D
    dd 0x6DAA, 0xB265
    dd 0x6DAB, 0xD5E1
    dd 0x6DAC, 0xD5E5
    dd 0x6DAE, 0xB252
    dd 0x6DAF, 0xB250
    dd 0x6DB2, 0xB247
    dd 0x6DB3, 0xD5E3
    dd 0x6DB4, 0xD5E2
    dd 0x6DB5, 0xB25B
    dd 0x6DB7, 0xD5E8
    dd 0x6DB8, 0xB255
    dd 0x6DBA, 0xD5FA
    dd 0x6DBB, 0xD647
    dd 0x6DBC, 0xB244
    dd 0x6DBD, 0xD5F7
    dd 0x6DBE, 0xD5F0
    dd 0x6DBF, 0xB267
    dd 0x6DC0, 0xD5E0
    dd 0x6DC2, 0xD5FC
    dd 0x6DC4, 0xB264
    dd 0x6DC5, 0xB258
    dd 0x6DC6, 0xB263
    dd 0x6DC7, 0xB24E
    dd 0x6DC8, 0xD5EC
    dd 0x6DC9, 0xD5FE
    dd 0x6DCA, 0xD5F6
    dd 0x6DCB, 0xB24F
    dd 0x6DCC, 0xB249
    dd 0x6DCD, 0xD645
    dd 0x6DCF, 0xD5FD
    dd 0x6DD0, 0xD640
    dd 0x6DD1, 0xB251
    dd 0x6DD2, 0xB259
    dd 0x6DD3, 0xD642
    dd 0x6DD4, 0xD5EA
    dd 0x6DD5, 0xD5FB
    dd 0x6DD6, 0xD5EF
    dd 0x6DD7, 0xD644
    dd 0x6DD8, 0xB25E
    dd 0x6DD9, 0xB246
    dd 0x6DDA, 0xB25C
    dd 0x6DDB, 0xD5F4
    dd 0x6DDC, 0xD5F2
    dd 0x6DDD, 0xD5F3
    dd 0x6DDE, 0xB253
    dd 0x6DDF, 0xD5EE
    dd 0x6DE0, 0xD5ED
    dd 0x6DE1, 0xB248
    dd 0x6DE2, 0xD5E7
    dd 0x6DE3, 0xD646
    dd 0x6DE4, 0xB24A
    dd 0x6DE5, 0xD5F1
    dd 0x6DE6, 0xB268
    dd 0x6DE8, 0xB262
    dd 0x6DE9, 0xD5E6
    dd 0x6DEA, 0xB25F
    dd 0x6DEB, 0xB25D
    dd 0x6DEC, 0xB266
    dd 0x6DED, 0xD5F8
    dd 0x6DEE, 0xB261
    dd 0x6DEF, 0xD252
    dd 0x6DF0, 0xD5F9
    dd 0x6DF1, 0xB260
    dd 0x6DF2, 0xD641
    dd 0x6DF3, 0xB245
    dd 0x6DF4, 0xD5F5
    dd 0x6DF5, 0xB257
    dd 0x6DF6, 0xD5E9
    dd 0x6DF7, 0xB256
    dd 0x6DF9, 0xB254
    dd 0x6DFA, 0xB24C
    dd 0x6DFB, 0xB24B
    dd 0x6DFC, 0xD9E7
    dd 0x6DFD, 0xD643
    dd 0x6E00, 0xD5EB
    dd 0x6E03, 0xD9FC
    dd 0x6E05, 0xB24D
    dd 0x6E19, 0xB541
    dd 0x6E1A, 0xB25A
    dd 0x6E1B, 0xB4EE
    dd 0x6E1C, 0xD9F6
    dd 0x6E1D, 0xB4FC
    dd 0x6E1F, 0xD9EA
    dd 0x6E20, 0xB4EB
    dd 0x6E21, 0xB4E7
    dd 0x6E22, 0xDA49
    dd 0x6E23, 0xB4ED
    dd 0x6E24, 0xB4F1
    dd 0x6E25, 0xB4EC
    dd 0x6E26, 0xB4F5
    dd 0x6E27, 0xDA4D
    dd 0x6E28, 0xDA44
    dd 0x6E2B, 0xD9F1
    dd 0x6E2C, 0xB4FA
    dd 0x6E2D, 0xB4F4
    dd 0x6E2E, 0xD9FD
    dd 0x6E2F, 0xB4E4
    dd 0x6E30, 0xDA4A
    dd 0x6E31, 0xDA43
    dd 0x6E32, 0xB4E8
    dd 0x6E33, 0xD9F7
    dd 0x6E34, 0xB4F7
    dd 0x6E35, 0xDA55
    dd 0x6E36, 0xDA56
    dd 0x6E38, 0xB4E5
    dd 0x6E39, 0xDA48
    dd 0x6E3A, 0xB4F9
    dd 0x6E3B, 0xD9FB
    dd 0x6E3C, 0xD9ED
    dd 0x6E3D, 0xD9EE
    dd 0x6E3E, 0xB4FD
    dd 0x6E3F, 0xD9F2
    dd 0x6E40, 0xD9F9
    dd 0x6E41, 0xD9F3
    dd 0x6E43, 0xB4FB
    dd 0x6E44, 0xB544
    dd 0x6E45, 0xD9EF
    dd 0x6E46, 0xD9E8
    dd 0x6E47, 0xD9E9
    dd 0x6E49, 0xD9EB
    dd 0x6E4A, 0xB4EA
    dd 0x6E4B, 0xD9F8
    dd 0x6E4D, 0xB4F8
    dd 0x6E4E, 0xB542
    dd 0x6E51, 0xD9FA
    dd 0x6E52, 0xDA53
    dd 0x6E53, 0xDA4B
    dd 0x6E54, 0xB4E6
    dd 0x6E55, 0xDA51
    dd 0x6E56, 0xB4F2
    dd 0x6E58, 0xB4F0
    dd 0x6E5A, 0xDA57
    dd 0x6E5B, 0xB4EF
    dd 0x6E5C, 0xDA41
    dd 0x6E5D, 0xD9F4
    dd 0x6E5E, 0xD9FE
    dd 0x6E5F, 0xB547
    dd 0x6E60, 0xDA45
    dd 0x6E61, 0xDA42
    dd 0x6E62, 0xD9F0
    dd 0x6E63, 0xB543
    dd 0x6E64, 0xDA4F
    dd 0x6E65, 0xDA4C
    dd 0x6E66, 0xDA54
    dd 0x6E67, 0xB4E9
    dd 0x6E68, 0xDA40
    dd 0x6E69, 0xB546
    dd 0x6E6B, 0xDA47
    dd 0x6E6E, 0xB4F3
    dd 0x6E6F, 0xB4F6
    dd 0x6E71, 0xDA46
    dd 0x6E72, 0xB545
    dd 0x6E73, 0xD9F5
    dd 0x6E74, 0xD5E4
    dd 0x6E77, 0xDA50
    dd 0x6E78, 0xDA4E
    dd 0x6E79, 0xDA52
    dd 0x6E88, 0xD9EC
    dd 0x6E89, 0xB540
    dd 0x6E8D, 0xDE61
    dd 0x6E8E, 0xDE60
    dd 0x6E8F, 0xDE46
    dd 0x6E90, 0xB7BD
    dd 0x6E92, 0xDE5F
    dd 0x6E93, 0xDE49
    dd 0x6E94, 0xDE4A
    dd 0x6E96, 0xB7C7
    dd 0x6E97, 0xDE68
    dd 0x6E98, 0xB7C2
    dd 0x6E99, 0xDE5E
    dd 0x6E9B, 0xDE43
    dd 0x6E9C, 0xB7C8
    dd 0x6E9D, 0xB7BE
    dd 0x6E9E, 0xDE52
    dd 0x6E9F, 0xDE48
    dd 0x6EA0, 0xDE4B
    dd 0x6EA1, 0xDE63
    dd 0x6EA2, 0xB7B8
    dd 0x6EA3, 0xDE6A
    dd 0x6EA4, 0xDE62
    dd 0x6EA5, 0xB7C1
    dd 0x6EA6, 0xDE57
    dd 0x6EA7, 0xB7CC
    dd 0x6EAA, 0xB7CB
    dd 0x6EAB, 0xB7C5
    dd 0x6EAE, 0xDE69
    dd 0x6EAF, 0xB7B9
    dd 0x6EB0, 0xDE55
    dd 0x6EB1, 0xDE4C
    dd 0x6EB2, 0xDE59
    dd 0x6EB3, 0xDE65
    dd 0x6EB4, 0xB7CD
    dd 0x6EB6, 0xB7BB
    dd 0x6EB7, 0xDE54
    dd 0x6EB9, 0xDE4D
    dd 0x6EBA, 0xB7C4
    dd 0x6EBC, 0xB7C3
    dd 0x6EBD, 0xDE50
    dd 0x6EBE, 0xDE5A
    dd 0x6EBF, 0xDE64
    dd 0x6EC0, 0xDE47
    dd 0x6EC1, 0xDE51
    dd 0x6EC2, 0xB7BC
    dd 0x6EC3, 0xDE5B
    dd 0x6EC4, 0xB7C9
    dd 0x6EC5, 0xB7C0
    dd 0x6EC6, 0xDE4E
    dd 0x6EC7, 0xB7BF
    dd 0x6EC8, 0xDE45
    dd 0x6EC9, 0xDE53
    dd 0x6ECA, 0xDE67
    dd 0x6ECB, 0xB4FE
    dd 0x6ECC, 0xBAB0
    dd 0x6ECD, 0xDE56
    dd 0x6ECE, 0xE26C
    dd 0x6ECF, 0xDE58
    dd 0x6ED0, 0xDE66
    dd 0x6ED1, 0xB7C6
    dd 0x6ED2, 0xDE4F
    dd 0x6ED3, 0xB7BA
    dd 0x6ED4, 0xB7CA
    dd 0x6ED5, 0xBCF0
    dd 0x6ED6, 0xDE44
    dd 0x6ED8, 0xDE5D
    dd 0x6EDC, 0xDE5C
    dd 0x6EEB, 0xE2AA
    dd 0x6EEC, 0xBAAD
    dd 0x6EED, 0xE27D
    dd 0x6EEE, 0xE2A4
    dd 0x6EEF, 0xBAA2
    dd 0x6EF1, 0xE26E
    dd 0x6EF2, 0xBAAF
    dd 0x6EF4, 0xBA77
    dd 0x6EF5, 0xE26D
    dd 0x6EF6, 0xE2B0
    dd 0x6EF7, 0xBAB1
    dd 0x6EF8, 0xE271
    dd 0x6EF9, 0xE2A3
    dd 0x6EFB, 0xE273
    dd 0x6EFC, 0xE2B3
    dd 0x6EFD, 0xE2AF
    dd 0x6EFE, 0xBA75
    dd 0x6EFF, 0xBAA1
    dd 0x6F00, 0xE653
    dd 0x6F01, 0xBAAE
    dd 0x6F02, 0xBA7D
    dd 0x6F03, 0xE26F
    dd 0x6F05, 0xE2AE
    dd 0x6F06, 0xBAA3
    dd 0x6F07, 0xE2AB
    dd 0x6F08, 0xE2B8
    dd 0x6F09, 0xE275
    dd 0x6F0A, 0xE27E
    dd 0x6F0D, 0xE2B6
    dd 0x6F0E, 0xE2AC
    dd 0x6F0F, 0xBA7C
    dd 0x6F12, 0xE27C
    dd 0x6F13, 0xBA76
    dd 0x6F14, 0xBA74
    dd 0x6F15, 0xBAA8
    dd 0x6F18, 0xE27A
    dd 0x6F19, 0xE277
    dd 0x6F1A, 0xE278
    dd 0x6F1C, 0xE2B2
    dd 0x6F1E, 0xE2B7
    dd 0x6F1F, 0xE2B5
    dd 0x6F20, 0xBA7A
    dd 0x6F21, 0xE2B9
    dd 0x6F22, 0xBA7E
    dd 0x6F23, 0xBAA7
    dd 0x6F25, 0xE270
    dd 0x6F26, 0xE5FA
    dd 0x6F27, 0xE279
    dd 0x6F29, 0xBA78
    dd 0x6F2A, 0xBAAC
    dd 0x6F2B, 0xBAA9
    dd 0x6F2C, 0xBA7B
    dd 0x6F2D, 0xE2A5
    dd 0x6F2E, 0xE274
    dd 0x6F2F, 0xBAAA
    dd 0x6F30, 0xE2A7
    dd 0x6F31, 0xBAA4
    dd 0x6F32, 0xBAA6
    dd 0x6F33, 0xBA73
    dd 0x6F35, 0xE2A9
    dd 0x6F36, 0xE2A1
    dd 0x6F37, 0xE272
    dd 0x6F38, 0xBAA5
    dd 0x6F39, 0xE2B1
    dd 0x6F3A, 0xE2B4
    dd 0x6F3B, 0xE27B
    dd 0x6F3C, 0xE2A8
    dd 0x6F3E, 0xBA79
    dd 0x6F3F, 0xBCDF
    dd 0x6F40, 0xE2A6
    dd 0x6F41, 0xE5F9
    dd 0x6F43, 0xE2AD
    dd 0x6F4E, 0xE276
    dd 0x6F4F, 0xE644
    dd 0x6F50, 0xE64E
    dd 0x6F51, 0xBCE2
    dd 0x6F52, 0xE64D
    dd 0x6F53, 0xE659
    dd 0x6F54, 0xBCE4
    dd 0x6F55, 0xE64B
    dd 0x6F57, 0xE64F
    dd 0x6F58, 0xBCEF
    dd 0x6F5A, 0xE646
    dd 0x6F5B, 0xBCE7
    dd 0x6F5D, 0xE652
    dd 0x6F5E, 0xE9F0
    dd 0x6F5F, 0xBCF3
    dd 0x6F60, 0xBCF2
    dd 0x6F61, 0xE654
    dd 0x6F62, 0xE643
    dd 0x6F63, 0xE65E
    dd 0x6F64, 0xBCED
    dd 0x6F66, 0xBCE3
    dd 0x6F67, 0xE657
    dd 0x6F69, 0xE65B
    dd 0x6F6A, 0xE660
    dd 0x6F6B, 0xE655
    dd 0x6F6C, 0xE649
    dd 0x6F6D, 0xBCE6
    dd 0x6F6E, 0xBCE9
    dd 0x6F6F, 0xBCF1
    dd 0x6F70, 0xBCEC
    dd 0x6F72, 0xE64C
    dd 0x6F73, 0xE2A2
    dd 0x6F76, 0xE648
    dd 0x6F77, 0xE65F
    dd 0x6F78, 0xBCE8
    dd 0x6F7A, 0xBCEB
    dd 0x6F7B, 0xE661
    dd 0x6F7C, 0xBCE0
    dd 0x6F7D, 0xE656
    dd 0x6F7E, 0xE5FB
    dd 0x6F7F, 0xE65C
    dd 0x6F80, 0xC0DF
    dd 0x6F82, 0xE64A
    dd 0x6F84, 0xBCE1
    dd 0x6F85, 0xE645
    dd 0x6F86, 0xBCE5
    dd 0x6F87, 0xE5FC
    dd 0x6F88, 0xBAAB
    dd 0x6F89, 0xE641
    dd 0x6F8B, 0xE65A
    dd 0x6F8C, 0xE642
    dd 0x6F8D, 0xE640
    dd 0x6F8E, 0xBCEA
    dd 0x6F90, 0xE658
    dd 0x6F92, 0xE5FE
    dd 0x6F93, 0xE651
    dd 0x6F94, 0xE650
    dd 0x6F95, 0xE65D
    dd 0x6F96, 0xE647
    dd 0x6F97, 0xBCEE
    dd 0x6F9E, 0xE9F3
    dd 0x6FA0, 0xBF49
    dd 0x6FA1, 0xBEFE
    dd 0x6FA2, 0xEA40
    dd 0x6FA3, 0xE9EB
    dd 0x6FA4, 0xBF41
    dd 0x6FA5, 0xE9F7
    dd 0x6FA6, 0xBF48
    dd 0x6FA7, 0xBF43
    dd 0x6FA8, 0xE9F5
    dd 0x6FA9, 0xED4F
    dd 0x6FAA, 0xE9FB
    dd 0x6FAB, 0xEA42
    dd 0x6FAC, 0xE9FA
    dd 0x6FAD, 0xE9E9
    dd 0x6FAE, 0xE9F8
    dd 0x6FAF, 0xEA44
    dd 0x6FB0, 0xEA46
    dd 0x6FB1, 0xBEFD
    dd 0x6FB2, 0xEA45
    dd 0x6FB3, 0xBF44
    dd 0x6FB4, 0xBF4A
    dd 0x6FB6, 0xBF47
    dd 0x6FB8, 0xE9FE
    dd 0x6FB9, 0xBF46
    dd 0x6FBA, 0xE9F9
    dd 0x6FBC, 0xE9ED
    dd 0x6FBD, 0xE9F2
    dd 0x6FBF, 0xE9FD
    dd 0x6FC0, 0xBF45
    dd 0x6FC1, 0xBF42
    dd 0x6FC2, 0xBEFC
    dd 0x6FC3, 0xBF40
    dd 0x6FC4, 0xE9F1
    dd 0x6FC6, 0xE5FD
    dd 0x6FC7, 0xE9EC
    dd 0x6FC8, 0xE9EF
    dd 0x6FC9, 0xEA41
    dd 0x6FCA, 0xE9F4
    dd 0x6FCB, 0xE9EA
    dd 0x6FCC, 0xED4E
    dd 0x6FCD, 0xEA43
    dd 0x6FCE, 0xE9EE
    dd 0x6FCF, 0xE9FC
    dd 0x6FD4, 0xED51
    dd 0x6FD5, 0xC0E3
    dd 0x6FD8, 0xC0D7
    dd 0x6FDB, 0xC0DB
    dd 0x6FDC, 0xED53
    dd 0x6FDD, 0xED59
    dd 0x6FDE, 0xED57
    dd 0x6FDF, 0xC0D9
    dd 0x6FE0, 0xC0DA
    dd 0x6FE1, 0xC0E1
    dd 0x6FE2, 0xED5A
    dd 0x6FE3, 0xED52
    dd 0x6FE4, 0xC0DC
    dd 0x6FE6, 0xED56
    dd 0x6FE7, 0xED55
    dd 0x6FE8, 0xED5B
    dd 0x6FE9, 0xC0E2
    dd 0x6FEB, 0xC0DD
    dd 0x6FEC, 0xC0E0
    dd 0x6FED, 0xED54
    dd 0x6FEE, 0xC0E4
    dd 0x6FEF, 0xC0DE
    dd 0x6FF0, 0xC0E5
    dd 0x6FF1, 0xC0D8
    dd 0x6FF2, 0xED58
    dd 0x6FF4, 0xED50
    dd 0x6FF7, 0xEFF7
    dd 0x6FFA, 0xC271
    dd 0x6FFB, 0xEFF4
    dd 0x6FFC, 0xEFF6
    dd 0x6FFE, 0xC26F
    dd 0x6FFF, 0xEFF2
    dd 0x7000, 0xEFF3
    dd 0x7001, 0xEFEE
    dd 0x7004, 0xE9F6
    dd 0x7005, 0xEFEF
    dd 0x7006, 0xC270
    dd 0x7007, 0xEFEB
    dd 0x7009, 0xC26D
    dd 0x700A, 0xEFF8
    dd 0x700B, 0xC26E
    dd 0x700C, 0xEFEC
    dd 0x700D, 0xEFED
    dd 0x700E, 0xEFF1
    dd 0x700F, 0xC273
    dd 0x7011, 0xC272
    dd 0x7014, 0xEFF0
    dd 0x7015, 0xC378
    dd 0x7016, 0xF25F
    dd 0x7017, 0xF265
    dd 0x7018, 0xC379
    dd 0x7019, 0xF25C
    dd 0x701A, 0xC376
    dd 0x701B, 0xC373
    dd 0x701C, 0xF267
    dd 0x701D, 0xC377
    dd 0x701F, 0xC374
    dd 0x7020, 0xF25E
    dd 0x7021, 0xF261
    dd 0x7022, 0xF262
    dd 0x7023, 0xF263
    dd 0x7024, 0xF266
    dd 0x7026, 0xEFF5
    dd 0x7027, 0xF25D
    dd 0x7028, 0xC375
    dd 0x7029, 0xF264
    dd 0x702A, 0xF268
    dd 0x702B, 0xF260
    dd 0x702F, 0xF45D
    dd 0x7030, 0xC46A
    dd 0x7031, 0xF460
    dd 0x7032, 0xC46B
    dd 0x7033, 0xF468
    dd 0x7034, 0xF45F
    dd 0x7035, 0xF45C
    dd 0x7037, 0xF45E
    dd 0x7038, 0xF462
    dd 0x7039, 0xF465
    dd 0x703A, 0xF464
    dd 0x703B, 0xF467
    dd 0x703C, 0xF45B
    dd 0x703E, 0xC469
    dd 0x703F, 0xF463
    dd 0x7040, 0xF466
    dd 0x7041, 0xF469
    dd 0x7042, 0xF461
    dd 0x7043, 0xF5D3
    dd 0x7044, 0xF5D4
    dd 0x7045, 0xF5D8
    dd 0x7046, 0xF5D9
    dd 0x7048, 0xF5D6
    dd 0x7049, 0xF5D7
    dd 0x704A, 0xF5D5
    dd 0x704C, 0xC4E9
    dd 0x7051, 0xC578
    dd 0x7052, 0xF6EB
    dd 0x7055, 0xF6E8
    dd 0x7056, 0xF6E9
    dd 0x7057, 0xF6EA
    dd 0x7058, 0xC579
    dd 0x705A, 0xF7E5
    dd 0x705B, 0xF7E4
    dd 0x705D, 0xF8AF
    dd 0x705E, 0xC5F4
    dd 0x705F, 0xF8AD
    dd 0x7060, 0xF8B0
    dd 0x7061, 0xF8AE
    dd 0x7062, 0xF8F5
    dd 0x7063, 0xC657
    dd 0x7064, 0xC665
    dd 0x7065, 0xF9A3
    dd 0x7066, 0xF96C
    dd 0x7068, 0xF9A2
    dd 0x7069, 0xF9D0
    dd 0x706A, 0xF9D1
    dd 0x706B, 0xA4F5
    dd 0x7070, 0xA6C7
    dd 0x7071, 0xCA41
    dd 0x7074, 0xCB5E
    dd 0x7076, 0xA85F
    dd 0x7078, 0xA862
    dd 0x707A, 0xCB5F
    dd 0x707C, 0xA860
    dd 0x707D, 0xA861
    dd 0x7082, 0xCD58
    dd 0x7083, 0xCD5A
    dd 0x7084, 0xCD55
    dd 0x7085, 0xCD52
    dd 0x7086, 0xCD54
    dd 0x708A, 0xAAA4
    dd 0x708E, 0xAAA2
    dd 0x7091, 0xCD56
    dd 0x7092, 0xAAA3
    dd 0x7093, 0xCD53
    dd 0x7094, 0xCD50
    dd 0x7095, 0xAAA1
    dd 0x7096, 0xCD57
    dd 0x7098, 0xCD51
    dd 0x7099, 0xAAA5
    dd 0x709A, 0xCD59
    dd 0x709F, 0xCFAF
    dd 0x70A1, 0xCFB3
    dd 0x70A4, 0xACB7
    dd 0x70A9, 0xCFB6
    dd 0x70AB, 0xACAF
    dd 0x70AC, 0xACB2
    dd 0x70AD, 0xACB4
    dd 0x70AE, 0xACB6
    dd 0x70AF, 0xACB3
    dd 0x70B0, 0xCFB2
    dd 0x70B1, 0xCFB1
    dd 0x70B3, 0xACB1
    dd 0x70B4, 0xCFB4
    dd 0x70B5, 0xCFB5
    dd 0x70B7, 0xCFAE
    dd 0x70B8, 0xACB5
    dd 0x70BA, 0xACB0
    dd 0x70BE, 0xCFB0
    dd 0x70C5, 0xD277
    dd 0x70C6, 0xD278
    dd 0x70C7, 0xD279
    dd 0x70C8, 0xAF50
    dd 0x70CA, 0xAF4C
    dd 0x70CB, 0xD26E
    dd 0x70CD, 0xD276
    dd 0x70CE, 0xD27B
    dd 0x70CF, 0xAF51
    dd 0x70D1, 0xD26C
    dd 0x70D2, 0xD272
    dd 0x70D3, 0xD26B
    dd 0x70D4, 0xD275
    dd 0x70D7, 0xD271
    dd 0x70D8, 0xAF4D
    dd 0x70D9, 0xAF4F
    dd 0x70DA, 0xD27A
    dd 0x70DC, 0xD26A
    dd 0x70DD, 0xD26D
    dd 0x70DE, 0xD273
    dd 0x70E0, 0xD274
    dd 0x70E1, 0xD27C
    dd 0x70E2, 0xD270
    dd 0x70E4, 0xAF4E
    dd 0x70EF, 0xB26D
    dd 0x70F0, 0xD64E
    dd 0x70F3, 0xD650
    dd 0x70F4, 0xD64C
    dd 0x70F6, 0xD658
    dd 0x70F7, 0xD64A
    dd 0x70F8, 0xD657
    dd 0x70F9, 0xB269
    dd 0x70FA, 0xD648
    dd 0x70FB, 0xDA5B
    dd 0x70FC, 0xD652
    dd 0x70FD, 0xB26C
    dd 0x70FF, 0xD653
    dd 0x7100, 0xD656
    dd 0x7102, 0xD65A
    dd 0x7104, 0xD64F
    dd 0x7106, 0xD654
    dd 0x7109, 0xB26A
    dd 0x710A, 0xB26B
    dd 0x710B, 0xD659
    dd 0x710C, 0xD64D
    dd 0x710D, 0xD649
    dd 0x710E, 0xD65B
    dd 0x7110, 0xD651
    dd 0x7113, 0xD655
    dd 0x7117, 0xD64B
    dd 0x7119, 0xB548
    dd 0x711A, 0xB549
    dd 0x711B, 0xDA65
    dd 0x711C, 0xB54F
    dd 0x711E, 0xDA59
    dd 0x711F, 0xDA62
    dd 0x7120, 0xDA58
    dd 0x7121, 0xB54C
    dd 0x7122, 0xDA60
    dd 0x7123, 0xDA5E
    dd 0x7125, 0xDA5F
    dd 0x7126, 0xB54A
    dd 0x7128, 0xDA63
    dd 0x712E, 0xDA5C
    dd 0x712F, 0xDA5A
    dd 0x7130, 0xB54B
    dd 0x7131, 0xDA5D
    dd 0x7132, 0xDA61
    dd 0x7136, 0xB54D
    dd 0x713A, 0xDA64
    dd 0x7141, 0xDE70
    dd 0x7142, 0xDE77
    dd 0x7143, 0xDE79
    dd 0x7144, 0xDEA1
    dd 0x7146, 0xB7DA
    dd 0x7147, 0xDE6B
    dd 0x7149, 0xB7D2
    dd 0x714B, 0xDE7A
    dd 0x714C, 0xB7D7
    dd 0x714D, 0xDEA2
    dd 0x714E, 0xB7CE
    dd 0x7150, 0xDE7D
    dd 0x7152, 0xDE6D
    dd 0x7153, 0xDE7E
    dd 0x7154, 0xDE6C
    dd 0x7156, 0xB7DC
    dd 0x7158, 0xDE78
    dd 0x7159, 0xB7CF
    dd 0x715A, 0xDEA3
    dd 0x715C, 0xB7D4
    dd 0x715D, 0xDE71
    dd 0x715E, 0xB7D9
    dd 0x715F, 0xDE7C
    dd 0x7160, 0xDE6F
    dd 0x7161, 0xDE76
    dd 0x7162, 0xDE72
    dd 0x7163, 0xDE6E
    dd 0x7164, 0xB7D1
    dd 0x7165, 0xB7D8
    dd 0x7166, 0xB7D6
    dd 0x7167, 0xB7D3
    dd 0x7168, 0xB7DB
    dd 0x7169, 0xB7D0
    dd 0x716A, 0xDE75
    dd 0x716C, 0xB7D5
    dd 0x716E, 0xB54E
    dd 0x7170, 0xDE7B
    dd 0x7172, 0xDE73
    dd 0x7178, 0xDE74
    dd 0x717B, 0xE2C1
    dd 0x717D, 0xBAB4
    dd 0x7180, 0xE2BD
    dd 0x7181, 0xE2C3
    dd 0x7182, 0xE2BF
    dd 0x7184, 0xBAB6
    dd 0x7185, 0xE2BE
    dd 0x7186, 0xE2C2
    dd 0x7187, 0xE2BA
    dd 0x7189, 0xE2BC
    dd 0x718A, 0xBAB5
    dd 0x718F, 0xE2C0
    dd 0x7190, 0xE2BB
    dd 0x7192, 0xBAB7
    dd 0x7194, 0xBAB2
    dd 0x7197, 0xE2C4
    dd 0x7199, 0xBAB3
    dd 0x719A, 0xE667
    dd 0x719B, 0xE664
    dd 0x719C, 0xE670
    dd 0x719D, 0xE66A
    dd 0x719E, 0xE66C
    dd 0x719F, 0xBCF4
    dd 0x71A0, 0xE666
    dd 0x71A1, 0xE66E
    dd 0x71A4, 0xE66D
    dd 0x71A5, 0xE66B
    dd 0x71A7, 0xE671
    dd 0x71A8, 0xBCF7
    dd 0x71A9, 0xE668
    dd 0x71AA, 0xE66F
    dd 0x71AC, 0xBCF5
    dd 0x71AF, 0xE663
    dd 0x71B0, 0xE665
    dd 0x71B1, 0xBCF6
    dd 0x71B2, 0xE662
    dd 0x71B3, 0xE672
    dd 0x71B5, 0xE669
    dd 0x71B8, 0xEA4A
    dd 0x71B9, 0xBF51
    dd 0x71BC, 0xEA55
    dd 0x71BD, 0xEA53
    dd 0x71BE, 0xBF4B
    dd 0x71BF, 0xEA49
    dd 0x71C0, 0xEA4C
    dd 0x71C1, 0xEA4D
    dd 0x71C2, 0xEA48
    dd 0x71C3, 0xBF55
    dd 0x71C4, 0xBF56
    dd 0x71C5, 0xEA47
    dd 0x71C6, 0xEA56
    dd 0x71C7, 0xEA51
    dd 0x71C8, 0xBF4F
    dd 0x71C9, 0xBF4C
    dd 0x71CA, 0xEA50
    dd 0x71CB, 0xEA4E
    dd 0x71CE, 0xBF52
    dd 0x71CF, 0xEA52
    dd 0x71D0, 0xBF4D
    dd 0x71D2, 0xBF4E
    dd 0x71D4, 0xEA4F
    dd 0x71D5, 0xBF50
    dd 0x71D6, 0xEA4B
    dd 0x71D8, 0xEA54
    dd 0x71D9, 0xBF53
    dd 0x71DA, 0xEA57
    dd 0x71DB, 0xEA58
    dd 0x71DC, 0xBF54
    dd 0x71DF, 0xC0E7
    dd 0x71E0, 0xC0EE
    dd 0x71E1, 0xED5C
    dd 0x71E2, 0xED62
    dd 0x71E4, 0xED60
    dd 0x71E5, 0xC0EA
    dd 0x71E6, 0xC0E9
    dd 0x71E7, 0xC0E6
    dd 0x71E8, 0xED5E
    dd 0x71EC, 0xC0EC
    dd 0x71ED, 0xC0EB
    dd 0x71EE, 0xC0E8
    dd 0x71F0, 0xED61
    dd 0x71F1, 0xED5D
    dd 0x71F2, 0xED5F
    dd 0x71F4, 0xC0ED
    dd 0x71F8, 0xC277
    dd 0x71F9, 0xEFFB
    dd 0x71FB, 0xC274
    dd 0x71FC, 0xC275
    dd 0x71FD, 0xEFFD
    dd 0x71FE, 0xC276
    dd 0x71FF, 0xEFFA
    dd 0x7201, 0xEFF9
    dd 0x7202, 0xF26C
    dd 0x7203, 0xEFFC
    dd 0x7205, 0xF26D
    dd 0x7206, 0xC37A
    dd 0x7207, 0xF26B
    dd 0x720A, 0xF26A
    dd 0x720C, 0xF269
    dd 0x720D, 0xC37B
    dd 0x7210, 0xC46C
    dd 0x7213, 0xF46A
    dd 0x7214, 0xF46B
    dd 0x7219, 0xF5DC
    dd 0x721A, 0xF5DB
    dd 0x721B, 0xC4EA
    dd 0x721D, 0xF5DA
    dd 0x721E, 0xF6EC
    dd 0x721F, 0xF6ED
    dd 0x7222, 0xF7E6
    dd 0x7223, 0xF8B1
    dd 0x7226, 0xF8F6
    dd 0x7227, 0xF9BC
    dd 0x7228, 0xC679
    dd 0x7229, 0xF9C6
    dd 0x722A, 0xA4F6
    dd 0x722C, 0xAAA6
    dd 0x722D, 0xAAA7
    dd 0x7230, 0xACB8
    dd 0x7235, 0xC0EF
    dd 0x7236, 0xA4F7
    dd 0x7238, 0xAAA8
    dd 0x7239, 0xAF52
    dd 0x723A, 0xB7DD
    dd 0x723B, 0xA4F8
    dd 0x723D, 0xB26E
    dd 0x723E, 0xBAB8
    dd 0x723F, 0xC962
    dd 0x7241, 0xCFB7
    dd 0x7242, 0xD27D
    dd 0x7244, 0xE2C5
    dd 0x7246, 0xC0F0
    dd 0x7247, 0xA4F9
    dd 0x7248, 0xAAA9
    dd 0x7249, 0xCFB8
    dd 0x724A, 0xCFB9
    dd 0x724B, 0xDA66
    dd 0x724C, 0xB550
    dd 0x724F, 0xDEA4
    dd 0x7252, 0xB7DE
    dd 0x7253, 0xE2C6
    dd 0x7256, 0xBCF8
    dd 0x7258, 0xC37C
    dd 0x7259, 0xA4FA
    dd 0x725A, 0xDA67
    dd 0x725B, 0xA4FB
    dd 0x725D, 0xA6C9
    dd 0x725E, 0xCA42
    dd 0x725F, 0xA6C8
    dd 0x7260, 0xA865
    dd 0x7261, 0xA864
    dd 0x7262, 0xA863
    dd 0x7263, 0xCB60
    dd 0x7267, 0xAAAA
    dd 0x7269, 0xAAAB
    dd 0x726A, 0xCD5B
    dd 0x726C, 0xCFBA
    dd 0x726E, 0xCFBD
    dd 0x726F, 0xACBA
    dd 0x7270, 0xCFBB
    dd 0x7272, 0xACB9
    dd 0x7273, 0xCFBC
    dd 0x7274, 0xACBB
    dd 0x7276, 0xD2A2
    dd 0x7277, 0xD2A1
    dd 0x7278, 0xD27E
    dd 0x7279, 0xAF53
    dd 0x727B, 0xD65D
    dd 0x727C, 0xD65E
    dd 0x727D, 0xB26F
    dd 0x727E, 0xD65C
    dd 0x727F, 0xD65F
    dd 0x7280, 0xB552
    dd 0x7281, 0xB270
    dd 0x7284, 0xB551
    dd 0x7285, 0xDA6B
    dd 0x7286, 0xDA6A
    dd 0x7288, 0xDA68
    dd 0x7289, 0xDA69
    dd 0x728B, 0xDA6C
    dd 0x728C, 0xDEA6
    dd 0x728D, 0xDEA5
    dd 0x728E, 0xDEA9
    dd 0x7290, 0xDEA8
    dd 0x7291, 0xDEA7
    dd 0x7292, 0xBAB9
    dd 0x7293, 0xE2C9
    dd 0x7295, 0xE2C8
    dd 0x7296, 0xBABA
    dd 0x7297, 0xE2C7
    dd 0x7298, 0xE673
    dd 0x729A, 0xE674
    dd 0x729B, 0xBCF9
    dd 0x729D, 0xEA59
    dd 0x729E, 0xEA5A
    dd 0x72A1, 0xF272
    dd 0x72A2, 0xC37D
    dd 0x72A3, 0xF271
    dd 0x72A4, 0xF270
    dd 0x72A5, 0xF26E
    dd 0x72A6, 0xF26F
    dd 0x72A7, 0xC4EB
    dd 0x72A8, 0xF46C
    dd 0x72A9, 0xF6EE
    dd 0x72AA, 0xF8F7
    dd 0x72AC, 0xA4FC
    dd 0x72AE, 0xC9A5
    dd 0x72AF, 0xA5C7
    dd 0x72B0, 0xC9A6
    dd 0x72B4, 0xCA43
    dd 0x72B5, 0xCA44
    dd 0x72BA, 0xCB66
    dd 0x72BD, 0xCB62
    dd 0x72BF, 0xCB61
    dd 0x72C0, 0xAAAC
    dd 0x72C1, 0xCB65
    dd 0x72C2, 0xA867
    dd 0x72C3, 0xCB63
    dd 0x72C4, 0xA866
    dd 0x72C5, 0xCB67
    dd 0x72C6, 0xCB64
    dd 0x72C9, 0xCD5F
    dd 0x72CA, 0xCFBE
    dd 0x72CB, 0xCD5D
    dd 0x72CC, 0xCD64
    dd 0x72CE, 0xAAAD
    dd 0x72D0, 0xAAB0
    dd 0x72D1, 0xCD65
    dd 0x72D2, 0xCD61
    dd 0x72D4, 0xCD62
    dd 0x72D6, 0xCD5C
    dd 0x72D7, 0xAAAF
    dd 0x72D8, 0xCD5E
    dd 0x72D9, 0xAAAE
    dd 0x72DA, 0xCD63
    dd 0x72DC, 0xCD60
    dd 0x72DF, 0xCFC2
    dd 0x72E0, 0xACBD
    dd 0x72E1, 0xACBE
    dd 0x72E3, 0xCFC5
    dd 0x72E4, 0xCFBF
    dd 0x72E6, 0xCFC4
    dd 0x72E8, 0xCFC0
    dd 0x72E9, 0xACBC
    dd 0x72EA, 0xCFC3
    dd 0x72EB, 0xCFC1
    dd 0x72F3, 0xD2A8
    dd 0x72F4, 0xD2A5
    dd 0x72F6, 0xD2A7
    dd 0x72F7, 0xAF58
    dd 0x72F8, 0xAF57
    dd 0x72F9, 0xAF55
    dd 0x72FA, 0xD2A4
    dd 0x72FB, 0xD2A9
    dd 0x72FC, 0xAF54
    dd 0x72FD, 0xAF56
    dd 0x72FE, 0xD2A6
    dd 0x72FF, 0xD667
    dd 0x7300, 0xD2A3
    dd 0x7301, 0xD2AA
    dd 0x7307, 0xD662
    dd 0x7308, 0xD666
    dd 0x730A, 0xD665
    dd 0x730B, 0xDA6E
    dd 0x730C, 0xDA79
    dd 0x730F, 0xD668
    dd 0x7311, 0xD663
    dd 0x7312, 0xDA6D
    dd 0x7313, 0xB274
    dd 0x7316, 0xB273
    dd 0x7317, 0xD661
    dd 0x7318, 0xD664
    dd 0x7319, 0xB275
    dd 0x731B, 0xB272
    dd 0x731C, 0xB271
    dd 0x731D, 0xD660
    dd 0x731E, 0xD669
    dd 0x7322, 0xDA70
    dd 0x7323, 0xDA77
    dd 0x7325, 0xB554
    dd 0x7326, 0xDA76
    dd 0x7327, 0xDA73
    dd 0x7329, 0xB556
    dd 0x732D, 0xDA75
    dd 0x7330, 0xDA6F
    dd 0x7331, 0xDA71
    dd 0x7332, 0xDA74
    dd 0x7333, 0xDA72
    dd 0x7334, 0xB555
    dd 0x7335, 0xDA78
    dd 0x7336, 0xB553
    dd 0x7337, 0xB7DF
    dd 0x733A, 0xDEAD
    dd 0x733B, 0xDEAC
    dd 0x733C, 0xDEAA
    dd 0x733E, 0xB7E2
    dd 0x733F, 0xB7E1
    dd 0x7340, 0xDEAE
    dd 0x7342, 0xDEAB
    dd 0x7343, 0xE2CA
    dd 0x7344, 0xBABB
    dd 0x7345, 0xB7E0
    dd 0x7349, 0xDEB0
    dd 0x734A, 0xDEAF
    dd 0x734C, 0xE2CD
    dd 0x734D, 0xE2CB
    dd 0x734E, 0xBCFA
    dd 0x7350, 0xBABC
    dd 0x7351, 0xE2CC
    dd 0x7352, 0xE676
    dd 0x7357, 0xBCFB
    dd 0x7358, 0xE675
    dd 0x7359, 0xE67E
    dd 0x735A, 0xE67D
    dd 0x735B, 0xE67B
    dd 0x735D, 0xE67A
    dd 0x735E, 0xE677
    dd 0x735F, 0xE678
    dd 0x7360, 0xE679
    dd 0x7361, 0xE67C
    dd 0x7362, 0xE6A1
    dd 0x7365, 0xEA5F
    dd 0x7366, 0xEA5C
    dd 0x7367, 0xEA5D
    dd 0x7368, 0xBF57
    dd 0x7369, 0xEA5B
    dd 0x736A, 0xEA61
    dd 0x736B, 0xEA60
    dd 0x736C, 0xEA5E
    dd 0x736E, 0xED64
    dd 0x736F, 0xED65
    dd 0x7370, 0xC0F1
    dd 0x7372, 0xC0F2
    dd 0x7373, 0xED63
    dd 0x7375, 0xC279
    dd 0x7376, 0xEFFE
    dd 0x7377, 0xC278
    dd 0x7378, 0xC37E
    dd 0x737A, 0xC3A1
    dd 0x737B, 0xC46D
    dd 0x737C, 0xF46E
    dd 0x737D, 0xF46D
    dd 0x737E, 0xF5DD
    dd 0x737F, 0xF6EF
    dd 0x7380, 0xC57A
    dd 0x7381, 0xF7E8
    dd 0x7382, 0xF7E7
    dd 0x7383, 0xF7E9
    dd 0x7384, 0xA5C8
    dd 0x7385, 0xCFC6
    dd 0x7386, 0xAF59
    dd 0x7387, 0xB276
    dd 0x7388, 0xD66A
    dd 0x7389, 0xA5C9
    dd 0x738A, 0xC9A7
    dd 0x738B, 0xA4FD
    dd 0x738E, 0xCA45
    dd 0x7392, 0xCB6C
    dd 0x7393, 0xCB6A
    dd 0x7394, 0xCB6B
    dd 0x7395, 0xCB68
    dd 0x7396, 0xA868
    dd 0x7397, 0xCB69
    dd 0x739D, 0xCD6D
    dd 0x739F, 0xAAB3
    dd 0x73A0, 0xCD6B
    dd 0x73A1, 0xCD67
    dd 0x73A2, 0xCD6A
    dd 0x73A4, 0xCD66
    dd 0x73A5, 0xAAB5
    dd 0x73A6, 0xCD69
    dd 0x73A8, 0xAAB2
    dd 0x73A9, 0xAAB1
    dd 0x73AB, 0xAAB4
    dd 0x73AC, 0xCD6C
    dd 0x73AD, 0xCD68
    dd 0x73B2, 0xACC2
    dd 0x73B3, 0xACC5
    dd 0x73B4, 0xCFCE
    dd 0x73B5, 0xCFCD
    dd 0x73B6, 0xCFCC
    dd 0x73B7, 0xACBF
    dd 0x73B8, 0xCFD5
    dd 0x73B9, 0xCFCB
    dd 0x73BB, 0xACC1
    dd 0x73BC, 0xD2AF
    dd 0x73BE, 0xCFD2
    dd 0x73BF, 0xCFD0
    dd 0x73C0, 0xACC4
    dd 0x73C2, 0xCFC8
    dd 0x73C3, 0xCFD3
    dd 0x73C5, 0xCFCA
    dd 0x73C6, 0xCFD4
    dd 0x73C7, 0xCFD1
    dd 0x73C8, 0xCFC9
    dd 0x73CA, 0xACC0
    dd 0x73CB, 0xCFD6
    dd 0x73CC, 0xCFC7
    dd 0x73CD, 0xACC3
    dd 0x73D2, 0xD2B4
    dd 0x73D3, 0xD2AB
    dd 0x73D4, 0xD2B6
    dd 0x73D6, 0xD2AE
    dd 0x73D7, 0xD2B9
    dd 0x73D8, 0xD2BA
    dd 0x73D9, 0xD2AC
    dd 0x73DA, 0xD2B8
    dd 0x73DB, 0xD2B5
    dd 0x73DC, 0xD2B3
    dd 0x73DD, 0xD2B7
    dd 0x73DE, 0xAF5F
    dd 0x73E0, 0xAF5D
    dd 0x73E3, 0xD2B1
    dd 0x73E5, 0xD2AD
    dd 0x73E7, 0xD2B0
    dd 0x73E8, 0xD2BB
    dd 0x73E9, 0xD2B2
    dd 0x73EA, 0xAF5E
    dd 0x73EB, 0xCFCF
    dd 0x73ED, 0xAF5A
    dd 0x73EE, 0xAF5C
    dd 0x73F4, 0xD678
    dd 0x73F5, 0xD66D
    dd 0x73F6, 0xD66B
    dd 0x73F8, 0xD66C
    dd 0x73FA, 0xD673
    dd 0x73FC, 0xD674
    dd 0x73FD, 0xD670
    dd 0x73FE, 0xB27B
    dd 0x73FF, 0xD675
    dd 0x7400, 0xD672
    dd 0x7401, 0xD66F
    dd 0x7403, 0xB279
    dd 0x7404, 0xD66E
    dd 0x7405, 0xB277
    dd 0x7406, 0xB27A
    dd 0x7407, 0xD671
    dd 0x7408, 0xD679
    dd 0x7409, 0xAF5B
    dd 0x740A, 0xB278
    dd 0x740B, 0xD677
    dd 0x740C, 0xD676
    dd 0x740D, 0xB27C
    dd 0x7416, 0xDA7E
    dd 0x741A, 0xDAA1
    dd 0x741B, 0xB560
    dd 0x741D, 0xDAA7
    dd 0x7420, 0xDAA9
    dd 0x7421, 0xDAA2
    dd 0x7422, 0xB55A
    dd 0x7423, 0xDAA6
    dd 0x7424, 0xDAA5
    dd 0x7425, 0xB55B
    dd 0x7426, 0xB561
    dd 0x7428, 0xB562
    dd 0x7429, 0xDAA8
    dd 0x742A, 0xB558
    dd 0x742B, 0xDA7D
    dd 0x742C, 0xDA7B
    dd 0x742D, 0xDAA3
    dd 0x742E, 0xDA7A
    dd 0x742F, 0xB55F
    dd 0x7430, 0xDA7C
    dd 0x7431, 0xDAA4
    dd 0x7432, 0xDAAA
    dd 0x7433, 0xB559
    dd 0x7434, 0xB55E
    dd 0x7435, 0xB55C
    dd 0x7436, 0xB55D
    dd 0x743A, 0xB557
    dd 0x743F, 0xB7E9
    dd 0x7440, 0xDEB7
    dd 0x7441, 0xB7E8
    dd 0x7442, 0xDEBB
    dd 0x7444, 0xDEB1
    dd 0x7446, 0xDEBC
    dd 0x744A, 0xDEB2
    dd 0x744B, 0xDEB3
    dd 0x744D, 0xDEBD
    dd 0x744E, 0xDEBA
    dd 0x744F, 0xDEB8
    dd 0x7450, 0xDEB9
    dd 0x7451, 0xDEB5
    dd 0x7452, 0xDEB4
    dd 0x7454, 0xDEBE
    dd 0x7455, 0xB7E5
    dd 0x7457, 0xDEB6
    dd 0x7459, 0xB7EA
    dd 0x745A, 0xB7E4
    dd 0x745B, 0xB7EB
    dd 0x745C, 0xB7EC
    dd 0x745E, 0xB7E7
    dd 0x745F, 0xB7E6
    dd 0x7462, 0xE2CE
    dd 0x7463, 0xBABE
    dd 0x7464, 0xBABD
    dd 0x7467, 0xE2D3
    dd 0x7469, 0xBCFC
    dd 0x746A, 0xBABF
    dd 0x746D, 0xBAC1
    dd 0x746E, 0xE2D4
    dd 0x746F, 0xB7E3
    dd 0x7470, 0xBAC0
    dd 0x7471, 0xE2D0
    dd 0x7472, 0xE2D2
    dd 0x7473, 0xE2CF
    dd 0x7475, 0xE2D1
    dd 0x7479, 0xE6AB
    dd 0x747C, 0xE6AA
    dd 0x747D, 0xE6A7
    dd 0x747E, 0xBD40
    dd 0x747F, 0xEA62
    dd 0x7480, 0xBD41
    dd 0x7481, 0xE6A6
    dd 0x7483, 0xBCFE
    dd 0x7485, 0xE6A8
    dd 0x7486, 0xE6A5
    dd 0x7487, 0xE6A2
    dd 0x7488, 0xE6A9
    dd 0x7489, 0xE6A3
    dd 0x748A, 0xE6A4
    dd 0x748B, 0xBCFD
    dd 0x7490, 0xED69
    dd 0x7492, 0xEA66
    dd 0x7494, 0xEA65
    dd 0x7495, 0xEA67
    dd 0x7497, 0xED66
    dd 0x7498, 0xBF5A
    dd 0x749A, 0xEA63
    dd 0x749C, 0xBF58
    dd 0x749E, 0xBF5C
    dd 0x749F, 0xBF5B
    dd 0x74A0, 0xEA64
    dd 0x74A1, 0xEA68
    dd 0x74A3, 0xBF59
    dd 0x74A5, 0xED6D
    dd 0x74A6, 0xC0F5
    dd 0x74A7, 0xC27A
    dd 0x74A8, 0xC0F6
    dd 0x74A9, 0xC0F3
    dd 0x74AA, 0xED6A
    dd 0x74AB, 0xED68
    dd 0x74AD, 0xED6B
    dd 0x74AF, 0xED6E
    dd 0x74B0, 0xC0F4
    dd 0x74B1, 0xED6C
    dd 0x74B2, 0xED67
    dd 0x74B5, 0xF042
    dd 0x74B6, 0xF045
    dd 0x74B7, 0xF275
    dd 0x74B8, 0xF040
    dd 0x74BA, 0xF46F
    dd 0x74BB, 0xF046
    dd 0x74BD, 0xC3A2
    dd 0x74BE, 0xF044
    dd 0x74BF, 0xC27B
    dd 0x74C0, 0xF041
    dd 0x74C1, 0xF043
    dd 0x74C2, 0xF047
    dd 0x74C3, 0xF276
    dd 0x74C5, 0xF274
    dd 0x74CA, 0xC3A3
    dd 0x74CB, 0xF273
    dd 0x74CF, 0xC46E
    dd 0x74D4, 0xC4ED
    dd 0x74D5, 0xF6F1
    dd 0x74D6, 0xC4EC
    dd 0x74D7, 0xF6F3
    dd 0x74D8, 0xF6F0
    dd 0x74D9, 0xF6F2
    dd 0x74DA, 0xC5D0
    dd 0x74DB, 0xF8B2
    dd 0x74DC, 0xA5CA
    dd 0x74DD, 0xCD6E
    dd 0x74DE, 0xD2BC
    dd 0x74DF, 0xD2BD
    dd 0x74E0, 0xB27D
    dd 0x74E1, 0xDEBF
    dd 0x74E2, 0xBF5D
    dd 0x74E3, 0xC3A4
    dd 0x74E4, 0xC57B
    dd 0x74E5, 0xF8B3
    dd 0x74E6, 0xA5CB
    dd 0x74E8, 0xCD6F
    dd 0x74E9, 0xA260
    dd 0x74EC, 0xCFD7
    dd 0x74EE, 0xCFD8
    dd 0x74F4, 0xD2BE
    dd 0x74F5, 0xD2BF
    dd 0x74F6, 0xB27E
    dd 0x74F7, 0xB2A1
    dd 0x74FB, 0xDAAB
    dd 0x74FD, 0xDEC2
    dd 0x74FE, 0xDEC1
    dd 0x74FF, 0xDEC0
    dd 0x7500, 0xE2D5
    dd 0x7502, 0xE2D6
    dd 0x7503, 0xE2D7
    dd 0x7504, 0xBAC2
    dd 0x7507, 0xE6AD
    dd 0x7508, 0xE6AC
    dd 0x750B, 0xEA69
    dd 0x750C, 0xBF5E
    dd 0x750D, 0xBF5F
    dd 0x750F, 0xED72
    dd 0x7510, 0xED6F
    dd 0x7511, 0xED70
    dd 0x7512, 0xED71
    dd 0x7513, 0xF049
    dd 0x7514, 0xF048
    dd 0x7515, 0xC27C
    dd 0x7516, 0xF277
    dd 0x7517, 0xF5DE
    dd 0x7518, 0xA5CC
    dd 0x751A, 0xACC6
    dd 0x751C, 0xB2A2
    dd 0x751D, 0xDEC3
    dd 0x751F, 0xA5CD
    dd 0x7521, 0xD2C0
    dd 0x7522, 0xB2A3
    dd 0x7525, 0xB563
    dd 0x7526, 0xB564
    dd 0x7528, 0xA5CE
    dd 0x7529, 0xA5CF
    dd 0x752A, 0xCA46
    dd 0x752B, 0xA86A
    dd 0x752C, 0xA869
    dd 0x752D, 0xACC7
    dd 0x752E, 0xCFD9
    dd 0x752F, 0xDAAC
    dd 0x7530, 0xA5D0
    dd 0x7531, 0xA5D1
    dd 0x7532, 0xA5D2
    dd 0x7533, 0xA5D3
    dd 0x7537, 0xA86B
    dd 0x7538, 0xA86C
    dd 0x7539, 0xCB6E
    dd 0x753A, 0xCB6D
    dd 0x753D, 0xAAB6
    dd 0x753E, 0xCD72
    dd 0x753F, 0xCD70
    dd 0x7540, 0xCD71
    dd 0x7547, 0xCFDA
    dd 0x7548, 0xCFDB
    dd 0x754B, 0xACCB
    dd 0x754C, 0xACC9
    dd 0x754E, 0xACCA
    dd 0x754F, 0xACC8
    dd 0x7554, 0xAF60
    dd 0x7559, 0xAF64
    dd 0x755A, 0xAF63
    dd 0x755B, 0xD2C1
    dd 0x755C, 0xAF62
    dd 0x755D, 0xAF61
    dd 0x755F, 0xD2C2
    dd 0x7562, 0xB2A6
    dd 0x7563, 0xD67B
    dd 0x7564, 0xD67A
    dd 0x7565, 0xB2A4
    dd 0x7566, 0xB2A5
    dd 0x756A, 0xB566
    dd 0x756B, 0xB565
    dd 0x756C, 0xDAAE
    dd 0x756F, 0xDAAD
    dd 0x7570, 0xB2A7
    dd 0x7576, 0xB7ED
    dd 0x7577, 0xDEC5
    dd 0x7578, 0xB7EE
    dd 0x7579, 0xDEC4
    dd 0x757D, 0xE2D8
    dd 0x757E, 0xE6AE
    dd 0x757F, 0xBD42
    dd 0x7580, 0xEA6A
    dd 0x7584, 0xED73
    dd 0x7586, 0xC3A6
    dd 0x7587, 0xC3A5
    dd 0x758A, 0xC57C
    dd 0x758B, 0xA5D4
    dd 0x758C, 0xCD73
    dd 0x758F, 0xB2A8
    dd 0x7590, 0xE2D9
    dd 0x7591, 0xBAC3
    dd 0x7594, 0xCB6F
    dd 0x7595, 0xCB70
    dd 0x7598, 0xCD74
    dd 0x7599, 0xAAB8
    dd 0x759A, 0xAAB9
    dd 0x759D, 0xAAB7
    dd 0x75A2, 0xACCF
    dd 0x75A3, 0xACD0
    dd 0x75A4, 0xACCD
    dd 0x75A5, 0xACCE
    dd 0x75A7, 0xCFDC
    dd 0x75AA, 0xCFDD
    dd 0x75AB, 0xACCC
    dd 0x75B0, 0xD2C3
    dd 0x75B2, 0xAF68
    dd 0x75B3, 0xAF69
    dd 0x75B5, 0xB2AB
    dd 0x75B6, 0xD2C9
    dd 0x75B8, 0xAF6E
    dd 0x75B9, 0xAF6C
    dd 0x75BA, 0xD2CA
    dd 0x75BB, 0xD2C5
    dd 0x75BC, 0xAF6B
    dd 0x75BD, 0xAF6A
    dd 0x75BE, 0xAF65
    dd 0x75BF, 0xD2C8
    dd 0x75C0, 0xD2C7
    dd 0x75C1, 0xD2C4
    dd 0x75C2, 0xAF6D
    dd 0x75C4, 0xD2C6
    dd 0x75C5, 0xAF66
    dd 0x75C7, 0xAF67
    dd 0x75CA, 0xB2AC
    dd 0x75CB, 0xD6A1
    dd 0x75CC, 0xD6A2
    dd 0x75CD, 0xB2AD
    dd 0x75CE, 0xD67C
    dd 0x75CF, 0xD67E
    dd 0x75D0, 0xD6A4
    dd 0x75D1, 0xD6A3
    dd 0x75D2, 0xD67D
    dd 0x75D4, 0xB2A9
    dd 0x75D5, 0xB2AA
    dd 0x75D7, 0xDAB6
    dd 0x75D8, 0xB56B
    dd 0x75D9, 0xB56A
    dd 0x75DA, 0xDAB0
    dd 0x75DB, 0xB568
    dd 0x75DD, 0xDAB3
    dd 0x75DE, 0xB56C
    dd 0x75DF, 0xDAB4
    dd 0x75E0, 0xB56D
    dd 0x75E1, 0xDAB1
    dd 0x75E2, 0xB567
    dd 0x75E3, 0xB569
    dd 0x75E4, 0xDAB5
    dd 0x75E6, 0xDAB2
    dd 0x75E7, 0xDAAF
    dd 0x75ED, 0xDED2
    dd 0x75EF, 0xDEC7
    dd 0x75F0, 0xB7F0
    dd 0x75F1, 0xB7F3
    dd 0x75F2, 0xB7F2
    dd 0x75F3, 0xB7F7
    dd 0x75F4, 0xB7F6
    dd 0x75F5, 0xDED3
    dd 0x75F6, 0xDED1
    dd 0x75F7, 0xDECA
    dd 0x75F8, 0xDECE
    dd 0x75F9, 0xDECD
    dd 0x75FA, 0xB7F4
    dd 0x75FB, 0xDED0
    dd 0x75FC, 0xDECC
    dd 0x75FD, 0xDED4
    dd 0x75FE, 0xDECB
    dd 0x75FF, 0xB7F5
    dd 0x7600, 0xB7EF
    dd 0x7601, 0xB7F1
    dd 0x7603, 0xDEC9
    dd 0x7608, 0xE2DB
    dd 0x7609, 0xBAC7
    dd 0x760A, 0xE2DF
    dd 0x760B, 0xBAC6
    dd 0x760C, 0xE2DC
    dd 0x760D, 0xBAC5
    dd 0x760F, 0xDEC8
    dd 0x7610, 0xDECF
    dd 0x7611, 0xE2DE
    dd 0x7613, 0xBAC8
    dd 0x7614, 0xE2E0
    dd 0x7615, 0xE2DD
    dd 0x7616, 0xE2DA
    dd 0x7619, 0xE6B1
    dd 0x761A, 0xE6B5
    dd 0x761B, 0xE6B7
    dd 0x761C, 0xE6B3
    dd 0x761D, 0xE6B2
    dd 0x761E, 0xE6B0
    dd 0x761F, 0xBD45
    dd 0x7620, 0xBD43
    dd 0x7621, 0xBD48
    dd 0x7622, 0xBD49
    dd 0x7623, 0xE6B4
    dd 0x7624, 0xBD46
    dd 0x7625, 0xE6AF
    dd 0x7626, 0xBD47
    dd 0x7627, 0xBAC4
    dd 0x7628, 0xE6B6
    dd 0x7629, 0xBD44
    dd 0x762D, 0xEA6C
    dd 0x762F, 0xEA6B
    dd 0x7630, 0xEA73
    dd 0x7631, 0xEA6D
    dd 0x7632, 0xEA72
    dd 0x7633, 0xEA6F
    dd 0x7634, 0xBF60
    dd 0x7635, 0xEA71
    dd 0x7638, 0xBF61
    dd 0x763A, 0xBF62
    dd 0x763C, 0xEA70
    dd 0x763D, 0xEA6E
    dd 0x7642, 0xC0F8
    dd 0x7643, 0xED74
    dd 0x7646, 0xC0F7
    dd 0x7647, 0xED77
    dd 0x7648, 0xED75
    dd 0x7649, 0xED76
    dd 0x764C, 0xC0F9
    dd 0x7650, 0xF04D
    dd 0x7652, 0xC2A1
    dd 0x7653, 0xF04E
    dd 0x7656, 0xC27D
    dd 0x7657, 0xF04F
    dd 0x7658, 0xC27E
    dd 0x7659, 0xF04C
    dd 0x765A, 0xF050
    dd 0x765C, 0xF04A
    dd 0x765F, 0xC3A7
    dd 0x7660, 0xF278
    dd 0x7661, 0xC3A8
    dd 0x7662, 0xC46F
    dd 0x7664, 0xF04B
    dd 0x7665, 0xC470
    dd 0x7669, 0xC4EE
    dd 0x766A, 0xF5DF
    dd 0x766C, 0xC57E
    dd 0x766D, 0xF6F4
    dd 0x766E, 0xC57D
    dd 0x7670, 0xF7EA
    dd 0x7671, 0xC5F5
    dd 0x7672, 0xC5F6
    dd 0x7675, 0xF9CC
    dd 0x7678, 0xACD1
    dd 0x7679, 0xCFDE
    dd 0x767B, 0xB56E
    dd 0x767C, 0xB56F
    dd 0x767D, 0xA5D5
    dd 0x767E, 0xA6CA
    dd 0x767F, 0xCA47
    dd 0x7681, 0xCB71
    dd 0x7682, 0xA86D
    dd 0x7684, 0xAABA
    dd 0x7686, 0xACD2
    dd 0x7687, 0xACD3
    dd 0x7688, 0xACD4
    dd 0x7689, 0xD6A6
    dd 0x768A, 0xD2CB
    dd 0x768B, 0xAF6F
    dd 0x768E, 0xB2AE
    dd 0x768F, 0xD6A5
    dd 0x7692, 0xDAB8
    dd 0x7693, 0xB571
    dd 0x7695, 0xDAB7
    dd 0x7696, 0xB570
    dd 0x7699, 0xDED5
    dd 0x769A, 0xBD4A
    dd 0x769B, 0xE6BB
    dd 0x769C, 0xE6B8
    dd 0x769D, 0xE6B9
    dd 0x769E, 0xE6BA
    dd 0x76A4, 0xED78
    dd 0x76A6, 0xF051
    dd 0x76AA, 0xF471
    dd 0x76AB, 0xF470
    dd 0x76AD, 0xF6F5
    dd 0x76AE, 0xA5D6
    dd 0x76AF, 0xCD75
    dd 0x76B0, 0xAF70
    dd 0x76B4, 0xB572
    dd 0x76B5, 0xDED6
    dd 0x76B8, 0xE2E1
    dd 0x76BA, 0xBD4B
    dd 0x76BB, 0xEA74
    dd 0x76BD, 0xF052
    dd 0x76BE, 0xF472
    dd 0x76BF, 0xA5D7
    dd 0x76C2, 0xAABB
    dd 0x76C3, 0xACD7
    dd 0x76C4, 0xCFDF
    dd 0x76C5, 0xACD8
    dd 0x76C6, 0xACD6
    dd 0x76C8, 0xACD5
    dd 0x76C9, 0xD2CC
    dd 0x76CA, 0xAF71
    dd 0x76CD, 0xAF72
    dd 0x76CE, 0xAF73
    dd 0x76D2, 0xB2B0
    dd 0x76D3, 0xD6A7
    dd 0x76D4, 0xB2AF
    dd 0x76DA, 0xDAB9
    dd 0x76DB, 0xB2B1
    dd 0x76DC, 0xB573
    dd 0x76DD, 0xDED7
    dd 0x76DE, 0xB7F8
    dd 0x76DF, 0xB7F9
    dd 0x76E1, 0xBAC9
    dd 0x76E3, 0xBACA
    dd 0x76E4, 0xBD4C
    dd 0x76E5, 0xBF64
    dd 0x76E6, 0xEA75
    dd 0x76E7, 0xBF63
    dd 0x76E9, 0xED79
    dd 0x76EA, 0xC0FA
    dd 0x76EC, 0xF053
    dd 0x76ED, 0xF473
    dd 0x76EE, 0xA5D8
    dd 0x76EF, 0xA86E
    dd 0x76F0, 0xCD78
    dd 0x76F1, 0xCD77
    dd 0x76F2, 0xAABC
    dd 0x76F3, 0xCD76
    dd 0x76F4, 0xAABD
    dd 0x76F5, 0xCD79
    dd 0x76F7, 0xCFE5
    dd 0x76F8, 0xACDB
    dd 0x76F9, 0xACDA
    dd 0x76FA, 0xCFE7
    dd 0x76FB, 0xCFE6
    dd 0x76FC, 0xACDF
    dd 0x76FE, 0xACDE
    dd 0x7701, 0xACD9
    dd 0x7703, 0xCFE1
    dd 0x7704, 0xCFE2
    dd 0x7705, 0xCFE3
    dd 0x7707, 0xACE0
    dd 0x7708, 0xCFE0
    dd 0x7709, 0xACDC
    dd 0x770A, 0xCFE4
    dd 0x770B, 0xACDD
    dd 0x7710, 0xD2CF
    dd 0x7711, 0xD2D3
    dd 0x7712, 0xD2D1
    dd 0x7713, 0xD2D0
    dd 0x7715, 0xD2D4
    dd 0x7719, 0xD2D5
    dd 0x771A, 0xD2D6
    dd 0x771B, 0xD2CE
    dd 0x771D, 0xD2CD
    dd 0x771F, 0xAF75
    dd 0x7720, 0xAF76
    dd 0x7722, 0xD2D7
    dd 0x7723, 0xD2D2
    dd 0x7725, 0xD6B0
    dd 0x7727, 0xD2D8
    dd 0x7728, 0xAF77
    dd 0x7729, 0xAF74
    dd 0x772D, 0xD6AA
    dd 0x772F, 0xD6A9
    dd 0x7731, 0xD6AB
    dd 0x7732, 0xD6AC
    dd 0x7733, 0xD6AE
    dd 0x7734, 0xD6AD
    dd 0x7735, 0xD6B2
    dd 0x7736, 0xB2B5
    dd 0x7737, 0xB2B2
    dd 0x7738, 0xB2B6
    dd 0x7739, 0xD6A8
    dd 0x773A, 0xB2B7
    dd 0x773B, 0xD6B1
    dd 0x773C, 0xB2B4
    dd 0x773D, 0xD6AF
    dd 0x773E, 0xB2B3
    dd 0x7744, 0xDABC
    dd 0x7745, 0xDABE
    dd 0x7746, 0xDABA
    dd 0x7747, 0xDABB
    dd 0x774A, 0xDABF
    dd 0x774B, 0xDAC1
    dd 0x774C, 0xDAC2
    dd 0x774D, 0xDABD
    dd 0x774E, 0xDAC0
    dd 0x774F, 0xB574
    dd 0x7752, 0xDEDB
    dd 0x7754, 0xDEE0
    dd 0x7755, 0xDED8
    dd 0x7756, 0xDEDC
    dd 0x7759, 0xDEE1
    dd 0x775A, 0xDEDD
    dd 0x775B, 0xB7FA
    dd 0x775C, 0xB843
    dd 0x775E, 0xB7FD
    dd 0x775F, 0xDED9
    dd 0x7760, 0xDEDA
    dd 0x7761, 0xBACE
    dd 0x7762, 0xB846
    dd 0x7763, 0xB7FE
    dd 0x7765, 0xB844
    dd 0x7766, 0xB7FC
    dd 0x7767, 0xDEDF
    dd 0x7768, 0xB845
    dd 0x7769, 0xDEDE
    dd 0x776A, 0xB841
    dd 0x776B, 0xB7FB
    dd 0x776C, 0xB842
    dd 0x776D, 0xDEE2
    dd 0x776E, 0xE2E6
    dd 0x776F, 0xE2E8
    dd 0x7779, 0xB840
    dd 0x777C, 0xE2E3
    dd 0x777D, 0xBACC
    dd 0x777E, 0xE2E9
    dd 0x777F, 0xBACD
    dd 0x7780, 0xE2E7
    dd 0x7781, 0xE2E2
    dd 0x7782, 0xE2E5
    dd 0x7783, 0xE2EA
    dd 0x7784, 0xBACB
    dd 0x7785, 0xE2E4
    dd 0x7787, 0xBD4E
    dd 0x7788, 0xE6BF
    dd 0x7789, 0xE6BE
    dd 0x778B, 0xBD51
    dd 0x778C, 0xBD4F
    dd 0x778D, 0xE6BC
    dd 0x778E, 0xBD4D
    dd 0x778F, 0xE6BD
    dd 0x7791, 0xBD50
    dd 0x7795, 0xEA7D
    dd 0x7797, 0xEAA1
    dd 0x7799, 0xEA7E
    dd 0x779A, 0xEA76
    dd 0x779B, 0xEA7A
    dd 0x779C, 0xEA79
    dd 0x779D, 0xEA77
    dd 0x779E, 0xBF66
    dd 0x779F, 0xBF67
    dd 0x77A0, 0xBF65
    dd 0x77A1, 0xEA78
    dd 0x77A2, 0xEA7B
    dd 0x77A3, 0xEA7C
    dd 0x77A5, 0xBF68
    dd 0x77A7, 0xC140
    dd 0x77A8, 0xEDA3
    dd 0x77AA, 0xC0FC
    dd 0x77AB, 0xED7B
    dd 0x77AC, 0xC0FE
    dd 0x77AD, 0xC141
    dd 0x77B0, 0xC0FD
    dd 0x77B1, 0xEDA2
    dd 0x77B2, 0xED7C
    dd 0x77B3, 0xC0FB
    dd 0x77B4, 0xEDA1
    dd 0x77B5, 0xED7A
    dd 0x77B6, 0xED7E
    dd 0x77B7, 0xED7D
    dd 0x77BA, 0xF055
    dd 0x77BB, 0xC2A4
    dd 0x77BC, 0xC2A5
    dd 0x77BD, 0xC2A2
    dd 0x77BF, 0xC2A3
    dd 0x77C2, 0xF054
    dd 0x77C4, 0xF27B
    dd 0x77C7, 0xC3A9
    dd 0x77C9, 0xF279
    dd 0x77CA, 0xF27A
    dd 0x77CC, 0xF474
    dd 0x77CD, 0xF477
    dd 0x77CE, 0xF475
    dd 0x77CF, 0xF476
    dd 0x77D0, 0xF5E0
    dd 0x77D3, 0xC4EF
    dd 0x77D4, 0xF7EB
    dd 0x77D5, 0xF8B4
    dd 0x77D7, 0xC5F7
    dd 0x77D8, 0xF8F8
    dd 0x77D9, 0xF8F9
    dd 0x77DA, 0xC666
    dd 0x77DB, 0xA5D9
    dd 0x77DC, 0xACE1
    dd 0x77DE, 0xDAC3
    dd 0x77E0, 0xDEE3
    dd 0x77E2, 0xA5DA
    dd 0x77E3, 0xA86F
    dd 0x77E5, 0xAABE
    dd 0x77E7, 0xCFE8
    dd 0x77E8, 0xCFE9
    dd 0x77E9, 0xAF78
    dd 0x77EC, 0xDAC4
    dd 0x77ED, 0xB575
    dd 0x77EE, 0xB847
    dd 0x77EF, 0xC142
    dd 0x77F0, 0xEDA4
    dd 0x77F1, 0xF27C
    dd 0x77F2, 0xF478
    dd 0x77F3, 0xA5DB
    dd 0x77F7, 0xCDA1
    dd 0x77F8, 0xCD7A
    dd 0x77F9, 0xCD7C
    dd 0x77FA, 0xCD7E
    dd 0x77FB, 0xCD7D
    dd 0x77FC, 0xCD7B
    dd 0x77FD, 0xAABF
    dd 0x7802, 0xACE2
    dd 0x7803, 0xCFF2
    dd 0x7805, 0xCFED
    dd 0x7806, 0xCFEA
    dd 0x7809, 0xCFF1
    dd 0x780C, 0xACE4
    dd 0x780D, 0xACE5
    dd 0x780E, 0xCFF0
    dd 0x780F, 0xCFEF
    dd 0x7810, 0xCFEE
    dd 0x7811, 0xCFEB
    dd 0x7812, 0xCFEC
    dd 0x7813, 0xCFF3
    dd 0x7814, 0xACE3
    dd 0x781D, 0xAF7C
    dd 0x781F, 0xAFA4
    dd 0x7820, 0xAFA3
    dd 0x7821, 0xD2E1
    dd 0x7822, 0xD2DB
    dd 0x7823, 0xD2D9
    dd 0x7825, 0xAFA1
    dd 0x7826, 0xD6B9
    dd 0x7827, 0xAF7A
    dd 0x7828, 0xD2DE
    dd 0x7829, 0xD2E2
    dd 0x782A, 0xD2E4
    dd 0x782B, 0xD2E0
    dd 0x782C, 0xD2DA
    dd 0x782D, 0xAFA2
    dd 0x782E, 0xD2DF
    dd 0x782F, 0xD2DD
    dd 0x7830, 0xAF79
    dd 0x7831, 0xD2E5
    dd 0x7832, 0xAFA5
    dd 0x7833, 0xD2E3
    dd 0x7834, 0xAF7D
    dd 0x7835, 0xD2DC
    dd 0x7837, 0xAF7E
    dd 0x7838, 0xAF7B
    dd 0x7843, 0xB2B9
    dd 0x7845, 0xD6BA
    dd 0x7848, 0xD6B3
    dd 0x7849, 0xD6B5
    dd 0x784A, 0xD6B7
    dd 0x784C, 0xD6B8
    dd 0x784D, 0xD6B6
    dd 0x784E, 0xB2BA
    dd 0x7850, 0xD6BB
    dd 0x7852, 0xD6B4
    dd 0x785C, 0xDAC8
    dd 0x785D, 0xB576
    dd 0x785E, 0xDAD0
    dd 0x7860, 0xDAC5
    dd 0x7862, 0xDAD1
    dd 0x7864, 0xDAC6
    dd 0x7865, 0xDAC7
    dd 0x7868, 0xDACF
    dd 0x7869, 0xDACE
    dd 0x786A, 0xDACB
    dd 0x786B, 0xB2B8
    dd 0x786C, 0xB577
    dd 0x786D, 0xDAC9
    dd 0x786E, 0xDACC
    dd 0x786F, 0xB578
    dd 0x7870, 0xDACD
    dd 0x7871, 0xDACA
    dd 0x7879, 0xDEEE
    dd 0x787B, 0xDEF2
    dd 0x787C, 0xB84E
    dd 0x787E, 0xE2F0
    dd 0x787F, 0xB851
    dd 0x7880, 0xDEF0
    dd 0x7883, 0xDEED
    dd 0x7884, 0xDEE8
    dd 0x7885, 0xDEEA
    dd 0x7886, 0xDEEB
    dd 0x7887, 0xDEE4
    dd 0x7889, 0xB84D
    dd 0x788C, 0xB84C
    dd 0x788E, 0xB848
    dd 0x788F, 0xDEE7
    dd 0x7891, 0xB84F
    dd 0x7893, 0xB850
    dd 0x7894, 0xDEE6
    dd 0x7895, 0xDEE9
    dd 0x7896, 0xDEF1
    dd 0x7897, 0xB84A
    dd 0x7898, 0xB84B
    dd 0x7899, 0xDEEF
    dd 0x789A, 0xDEE5
    dd 0x789E, 0xE2F2
    dd 0x789F, 0xBAD0
    dd 0x78A0, 0xE2F4
    dd 0x78A1, 0xDEEC
    dd 0x78A2, 0xE2F6
    dd 0x78A3, 0xBAD4
    dd 0x78A4, 0xE2F7
    dd 0x78A5, 0xE2F3
    dd 0x78A7, 0xBAD1
    dd 0x78A8, 0xE2EF
    dd 0x78A9, 0xBAD3
    dd 0x78AA, 0xE2EC
    dd 0x78AB, 0xE2F1
    dd 0x78AC, 0xE2F5
    dd 0x78AD, 0xE2EE
    dd 0x78B0, 0xB849
    dd 0x78B2, 0xE2EB
    dd 0x78B3, 0xBAD2
    dd 0x78B4, 0xE2ED
    dd 0x78BA, 0xBD54
    dd 0x78BB, 0xE6C1
    dd 0x78BC, 0xBD58
    dd 0x78BE, 0xBD56
    dd 0x78C1, 0xBACF
    dd 0x78C3, 0xE6C8
    dd 0x78C4, 0xE6C9
    dd 0x78C5, 0xBD53
    dd 0x78C8, 0xE6C7
    dd 0x78C9, 0xE6CA
    dd 0x78CA, 0xBD55
    dd 0x78CB, 0xBD52
    dd 0x78CC, 0xE6C3
    dd 0x78CD, 0xE6C0
    dd 0x78CE, 0xE6C5
    dd 0x78CF, 0xE6C2
    dd 0x78D0, 0xBD59
    dd 0x78D1, 0xE6C4
    dd 0x78D4, 0xE6C6
    dd 0x78D5, 0xBD57
    dd 0x78DA, 0xBF6A
    dd 0x78DB, 0xEAA8
    dd 0x78DD, 0xEAA2
    dd 0x78DE, 0xEAA6
    dd 0x78DF, 0xEAAC
    dd 0x78E0, 0xEAAD
    dd 0x78E1, 0xEAA9
    dd 0x78E2, 0xEAAA
    dd 0x78E3, 0xEAA7
    dd 0x78E5, 0xEAA4
    dd 0x78E7, 0xBF6C
    dd 0x78E8, 0xBF69
    dd 0x78E9, 0xEAA3
    dd 0x78EA, 0xEAA5
    dd 0x78EC, 0xBF6B
    dd 0x78ED, 0xEAAB
    dd 0x78EF, 0xC146
    dd 0x78F2, 0xEDAA
    dd 0x78F3, 0xEDA5
    dd 0x78F4, 0xC145
    dd 0x78F7, 0xC143
    dd 0x78F9, 0xEDAC
    dd 0x78FA, 0xC144
    dd 0x78FB, 0xEDA8
    dd 0x78FC, 0xEDA9
    dd 0x78FD, 0xEDA6
    dd 0x78FE, 0xEDAD
    dd 0x78FF, 0xF056
    dd 0x7901, 0xC147
    dd 0x7902, 0xEDA7
    dd 0x7904, 0xEDAE
    dd 0x7905, 0xEDAB
    dd 0x7909, 0xF05A
    dd 0x790C, 0xF057
    dd 0x790E, 0xC2A6
    dd 0x7910, 0xF05B
    dd 0x7911, 0xF05D
    dd 0x7912, 0xF05C
    dd 0x7913, 0xF058
    dd 0x7914, 0xF059
    dd 0x7917, 0xF2A3
    dd 0x7919, 0xC3AA
    dd 0x791B, 0xF27E
    dd 0x791C, 0xF2A2
    dd 0x791D, 0xF27D
    dd 0x791E, 0xF2A4
    dd 0x7921, 0xF2A1
    dd 0x7923, 0xF47A
    dd 0x7924, 0xF47D
    dd 0x7925, 0xF479
    dd 0x7926, 0xC471
    dd 0x7927, 0xF47B
    dd 0x7928, 0xF47C
    dd 0x7929, 0xF47E
    dd 0x792A, 0xC472
    dd 0x792B, 0xC474
    dd 0x792C, 0xC473
    dd 0x792D, 0xF5E1
    dd 0x792F, 0xF5E3
    dd 0x7931, 0xF5E2
    dd 0x7935, 0xF6F6
    dd 0x7938, 0xF8B5
    dd 0x7939, 0xF8FA
    dd 0x793A, 0xA5DC
    dd 0x793D, 0xCB72
    dd 0x793E, 0xAAC0
    dd 0x793F, 0xCDA3
    dd 0x7940, 0xAAC1
    dd 0x7941, 0xAAC2
    dd 0x7942, 0xCDA2
    dd 0x7944, 0xCFF8
    dd 0x7945, 0xCFF7
    dd 0x7946, 0xACE6
    dd 0x7947, 0xACE9
    dd 0x7948, 0xACE8
    dd 0x7949, 0xACE7
    dd 0x794A, 0xCFF4
    dd 0x794B, 0xCFF6
    dd 0x794C, 0xCFF5
    dd 0x794F, 0xD2E8
    dd 0x7950, 0xAFA7
    dd 0x7951, 0xD2EC
    dd 0x7952, 0xD2EB
    dd 0x7953, 0xD2EA
    dd 0x7954, 0xD2E6
    dd 0x7955, 0xAFA6
    dd 0x7956, 0xAFAA
    dd 0x7957, 0xAFAD
    dd 0x795A, 0xAFAE
    dd 0x795B, 0xD2E7
    dd 0x795C, 0xD2E9
    dd 0x795D, 0xAFAC
    dd 0x795E, 0xAFAB
    dd 0x795F, 0xAFA9
    dd 0x7960, 0xAFA8
    dd 0x7961, 0xD6C2
    dd 0x7963, 0xD6C0
    dd 0x7964, 0xD6BC
    dd 0x7965, 0xB2BB
    dd 0x7967, 0xD6BD
    dd 0x7968, 0xB2BC
    dd 0x7969, 0xD6BE
    dd 0x796A, 0xD6BF
    dd 0x796B, 0xD6C1
    dd 0x796D, 0xB2BD
    dd 0x7970, 0xDAD5
    dd 0x7972, 0xDAD4
    dd 0x7973, 0xDAD3
    dd 0x7974, 0xDAD2
    dd 0x7979, 0xDEF6
    dd 0x797A, 0xB852
    dd 0x797C, 0xDEF3
    dd 0x797D, 0xDEF5
    dd 0x797F, 0xB853
    dd 0x7981, 0xB854
    dd 0x7982, 0xDEF4
    dd 0x7988, 0xE341
    dd 0x798A, 0xE2F9
    dd 0x798B, 0xE2FA
    dd 0x798D, 0xBAD7
    dd 0x798E, 0xBAD5
    dd 0x798F, 0xBAD6
    dd 0x7990, 0xE343
    dd 0x7992, 0xE342
    dd 0x7993, 0xE2FE
    dd 0x7994, 0xE2FD
    dd 0x7995, 0xE2FC
    dd 0x7996, 0xE2FB
    dd 0x7997, 0xE340
    dd 0x7998, 0xE2F8
    dd 0x799A, 0xE6CB
    dd 0x799B, 0xE6D0
    dd 0x799C, 0xE6CE
    dd 0x79A0, 0xE6CD
    dd 0x79A1, 0xE6CC
    dd 0x79A2, 0xE6CF
    dd 0x79A4, 0xEAAE
    dd 0x79A6, 0xBF6D
    dd 0x79A7, 0xC148
    dd 0x79A8, 0xEDB0
    dd 0x79AA, 0xC149
    dd 0x79AB, 0xEDAF
    dd 0x79AC, 0xF05F
    dd 0x79AD, 0xF05E
    dd 0x79AE, 0xC2A7
    dd 0x79B0, 0xF2A5
    dd 0x79B1, 0xC3AB
    dd 0x79B2, 0xF4A1
    dd 0x79B3, 0xC5A1
    dd 0x79B4, 0xF6F7
    dd 0x79B6, 0xF8B7
    dd 0x79B7, 0xF8B6
    dd 0x79B8, 0xC9A8
    dd 0x79B9, 0xACEA
    dd 0x79BA, 0xACEB
    dd 0x79BB, 0xD6C3
    dd 0x79BD, 0xB856
    dd 0x79BE, 0xA5DD
    dd 0x79BF, 0xA872
    dd 0x79C0, 0xA871
    dd 0x79C1, 0xA870
    dd 0x79C5, 0xCDA4
    dd 0x79C8, 0xAAC4
    dd 0x79C9, 0xAAC3
    dd 0x79CB, 0xACEE
    dd 0x79CD, 0xCFFA
    dd 0x79CE, 0xCFFD
    dd 0x79CF, 0xCFFB
    dd 0x79D1, 0xACEC
    dd 0x79D2, 0xACED
    dd 0x79D5, 0xCFF9
    dd 0x79D6, 0xCFFC
    dd 0x79D8, 0xAFB5
    dd 0x79DC, 0xD2F3
    dd 0x79DD, 0xD2F5
    dd 0x79DE, 0xD2F4
    dd 0x79DF, 0xAFB2
    dd 0x79E0, 0xD2EF
    dd 0x79E3, 0xAFB0
    dd 0x79E4, 0xAFAF
    dd 0x79E6, 0xAFB3
    dd 0x79E7, 0xAFB1
    dd 0x79E9, 0xAFB4
    dd 0x79EA, 0xD2F2
    dd 0x79EB, 0xD2ED
    dd 0x79EC, 0xD2EE
    dd 0x79ED, 0xD2F1
    dd 0x79EE, 0xD2F0
    dd 0x79F6, 0xD6C6
    dd 0x79F7, 0xD6C7
    dd 0x79F8, 0xD6C5
    dd 0x79FA, 0xD6C4
    dd 0x79FB, 0xB2BE
    dd 0x7A00, 0xB57D
    dd 0x7A02, 0xDAD6
    dd 0x7A03, 0xDAD8
    dd 0x7A04, 0xDADA
    dd 0x7A05, 0xB57C
    dd 0x7A08, 0xB57A
    dd 0x7A0A, 0xDAD7
    dd 0x7A0B, 0xB57B
    dd 0x7A0C, 0xDAD9
    dd 0x7A0D, 0xB579
    dd 0x7A10, 0xDF41
    dd 0x7A11, 0xDEF7
    dd 0x7A12, 0xDEFA
    dd 0x7A13, 0xDEFE
    dd 0x7A14, 0xB85A
    dd 0x7A15, 0xDEFC
    dd 0x7A17, 0xDEFB
    dd 0x7A18, 0xDEF8
    dd 0x7A19, 0xDEF9
    dd 0x7A1A, 0xB858
    dd 0x7A1B, 0xDF40
    dd 0x7A1C, 0xB857
    dd 0x7A1E, 0xB85C
    dd 0x7A1F, 0xB85B
    dd 0x7A20, 0xB859
    dd 0x7A22, 0xDEFD
    dd 0x7A26, 0xE349
    dd 0x7A28, 0xE348
    dd 0x7A2B, 0xE344
    dd 0x7A2E, 0xBAD8
    dd 0x7A2F, 0xE347
    dd 0x7A30, 0xE346
    dd 0x7A31, 0xBAD9
    dd 0x7A37, 0xBD5E
    dd 0x7A39, 0xE6D2
    dd 0x7A3B, 0xBD5F
    dd 0x7A3C, 0xBD5B
    dd 0x7A3D, 0xBD5D
    dd 0x7A3F, 0xBD5A
    dd 0x7A40, 0xBD5C
    dd 0x7A44, 0xEAAF
    dd 0x7A46, 0xBF70
    dd 0x7A47, 0xEAB1
    dd 0x7A48, 0xEAB0
    dd 0x7A4A, 0xE345
    dd 0x7A4B, 0xBF72
    dd 0x7A4C, 0xBF71
    dd 0x7A4D, 0xBF6E
    dd 0x7A4E, 0xBF6F
    dd 0x7A54, 0xEDB5
    dd 0x7A56, 0xEDB3
    dd 0x7A57, 0xC14A
    dd 0x7A58, 0xEDB4
    dd 0x7A5A, 0xEDB6
    dd 0x7A5B, 0xEDB2
    dd 0x7A5C, 0xEDB1
    dd 0x7A5F, 0xF060
    dd 0x7A60, 0xC2AA
    dd 0x7A61, 0xC2A8
    dd 0x7A62, 0xC2A9
    dd 0x7A67, 0xF2A6
    dd 0x7A68, 0xF2A7
    dd 0x7A69, 0xC3AD
    dd 0x7A6B, 0xC3AC
    dd 0x7A6C, 0xF4A3
    dd 0x7A6D, 0xF4A4
    dd 0x7A6E, 0xF4A2
    dd 0x7A70, 0xF6F8
    dd 0x7A71, 0xF6F9
    dd 0x7A74, 0xA5DE
    dd 0x7A75, 0xCA48
    dd 0x7A76, 0xA873
    dd 0x7A78, 0xCDA5
    dd 0x7A79, 0xAAC6
    dd 0x7A7A, 0xAAC5
    dd 0x7A7B, 0xCDA6
    dd 0x7A7E, 0xD040
    dd 0x7A7F, 0xACEF
    dd 0x7A80, 0xCFFE
    dd 0x7A81, 0xACF0
    dd 0x7A84, 0xAFB6
    dd 0x7A85, 0xD2F8
    dd 0x7A86, 0xD2F6
    dd 0x7A87, 0xD2FC
    dd 0x7A88, 0xAFB7
    dd 0x7A89, 0xD2F7
    dd 0x7A8A, 0xD2FB
    dd 0x7A8B, 0xD2F9
    dd 0x7A8C, 0xD2FA
    dd 0x7A8F, 0xD6C8
    dd 0x7A90, 0xD6CA
    dd 0x7A92, 0xB2BF
    dd 0x7A94, 0xD6C9
    dd 0x7A95, 0xB2C0
    dd 0x7A96, 0xB5A2
    dd 0x7A97, 0xB5A1
    dd 0x7A98, 0xB57E
    dd 0x7A99, 0xDADB
    dd 0x7A9E, 0xDF44
    dd 0x7A9F, 0xB85D
    dd 0x7AA0, 0xB85E
    dd 0x7AA2, 0xDF43
    dd 0x7AA3, 0xDF42
    dd 0x7AA8, 0xE34A
    dd 0x7AA9, 0xBADB
    dd 0x7AAA, 0xBADA
    dd 0x7AAB, 0xE34B
    dd 0x7AAC, 0xE34C
    dd 0x7AAE, 0xBD61
    dd 0x7AAF, 0xBD60
    dd 0x7AB1, 0xEAB5
    dd 0x7AB2, 0xE6D3
    dd 0x7AB3, 0xE6D5
    dd 0x7AB4, 0xE6D4
    dd 0x7AB5, 0xEAB4
    dd 0x7AB6, 0xEAB2
    dd 0x7AB7, 0xEAB6
    dd 0x7AB8, 0xEAB3
    dd 0x7ABA, 0xBF73
    dd 0x7ABE, 0xEDB7
    dd 0x7ABF, 0xC14B
    dd 0x7AC0, 0xEDB8
    dd 0x7AC1, 0xEDB9
    dd 0x7AC4, 0xC2AB
    dd 0x7AC5, 0xC2AC
    dd 0x7AC7, 0xC475
    dd 0x7ACA, 0xC5D1
    dd 0x7ACB, 0xA5DF
    dd 0x7AD1, 0xD041
    dd 0x7AD8, 0xD2FD
    dd 0x7AD9, 0xAFB8
    dd 0x7ADF, 0xB3BA
    dd 0x7AE0, 0xB3B9
    dd 0x7AE3, 0xB5A4
    dd 0x7AE4, 0xDADD
    dd 0x7AE5, 0xB5A3
    dd 0x7AE6, 0xDADC
    dd 0x7AEB, 0xDF45
    dd 0x7AED, 0xBADC
    dd 0x7AEE, 0xE34D
    dd 0x7AEF, 0xBADD
    dd 0x7AF6, 0xC476
    dd 0x7AF7, 0xF4A5
    dd 0x7AF9, 0xA6CB
    dd 0x7AFA, 0xAAC7
    dd 0x7AFB, 0xCDA7
    dd 0x7AFD, 0xACF2
    dd 0x7AFF, 0xACF1
    dd 0x7B00, 0xD042
    dd 0x7B01, 0xD043
    dd 0x7B04, 0xD340
    dd 0x7B05, 0xD342
    dd 0x7B06, 0xAFB9
    dd 0x7B08, 0xD344
    dd 0x7B09, 0xD347
    dd 0x7B0A, 0xD345
    dd 0x7B0E, 0xD346
    dd 0x7B0F, 0xD343
    dd 0x7B10, 0xD2FE
    dd 0x7B11, 0xAFBA
    dd 0x7B12, 0xD348
    dd 0x7B13, 0xD341
    dd 0x7B18, 0xD6D3
    dd 0x7B19, 0xB2C6
    dd 0x7B1A, 0xD6DC
    dd 0x7B1B, 0xB2C3
    dd 0x7B1D, 0xD6D5
    dd 0x7B1E, 0xB2C7
    dd 0x7B20, 0xB2C1
    dd 0x7B22, 0xD6D0
    dd 0x7B23, 0xD6DD
    dd 0x7B24, 0xD6D1
    dd 0x7B25, 0xD6CE
    dd 0x7B26, 0xB2C5
    dd 0x7B28, 0xB2C2
    dd 0x7B2A, 0xD6D4
    dd 0x7B2B, 0xD6D7
    dd 0x7B2C, 0xB2C4
    dd 0x7B2D, 0xD6D8
    dd 0x7B2E, 0xB2C8
    dd 0x7B2F, 0xD6D9
    dd 0x7B30, 0xD6CF
    dd 0x7B31, 0xD6D6
    dd 0x7B32, 0xD6DA
    dd 0x7B33, 0xD6D2
    dd 0x7B34, 0xD6CD
    dd 0x7B35, 0xD6CB
    dd 0x7B38, 0xD6DB
    dd 0x7B3B, 0xDADF
    dd 0x7B40, 0xDAE4
    dd 0x7B44, 0xDAE0
    dd 0x7B45, 0xDAE6
    dd 0x7B46, 0xB5A7
    dd 0x7B47, 0xD6CC
    dd 0x7B48, 0xDAE1
    dd 0x7B49, 0xB5A5
    dd 0x7B4A, 0xDADE
    dd 0x7B4B, 0xB5AC
    dd 0x7B4C, 0xDAE2
    dd 0x7B4D, 0xB5AB
    dd 0x7B4E, 0xDAE3
    dd 0x7B4F, 0xB5AD
    dd 0x7B50, 0xB5A8
    dd 0x7B51, 0xB5AE
    dd 0x7B52, 0xB5A9
    dd 0x7B54, 0xB5AA
    dd 0x7B56, 0xB5A6
    dd 0x7B58, 0xDAE5
    dd 0x7B60, 0xB861
    dd 0x7B61, 0xDF50
    dd 0x7B63, 0xDF53
    dd 0x7B64, 0xDF47
    dd 0x7B65, 0xDF4C
    dd 0x7B66, 0xDF46
    dd 0x7B67, 0xB863
    dd 0x7B69, 0xDF4A
    dd 0x7B6D, 0xDF48
    dd 0x7B6E, 0xB862
    dd 0x7B70, 0xDF4F
    dd 0x7B71, 0xDF4E
    dd 0x7B72, 0xDF4B
    dd 0x7B73, 0xDF4D
    dd 0x7B74, 0xDF49
    dd 0x7B75, 0xBAE1
    dd 0x7B76, 0xDF52
    dd 0x7B77, 0xB85F
    dd 0x7B78, 0xDF51
    dd 0x7B82, 0xE35D
    dd 0x7B84, 0xBAE8
    dd 0x7B85, 0xE358
    dd 0x7B87, 0xBAE7
    dd 0x7B88, 0xE34E
    dd 0x7B8A, 0xE350
    dd 0x7B8B, 0xBAE0
    dd 0x7B8C, 0xE355
    dd 0x7B8D, 0xE354
    dd 0x7B8E, 0xE357
    dd 0x7B8F, 0xBAE5
    dd 0x7B90, 0xE352
    dd 0x7B91, 0xE351
    dd 0x7B94, 0xBAE4
    dd 0x7B95, 0xBADF
    dd 0x7B96, 0xE353
    dd 0x7B97, 0xBAE2
    dd 0x7B98, 0xE359
    dd 0x7B99, 0xE35B
    dd 0x7B9B, 0xE356
    dd 0x7B9C, 0xE34F
    dd 0x7B9D, 0xBAE3
    dd 0x7BA0, 0xBD69
    dd 0x7BA1, 0xBADE
    dd 0x7BA4, 0xE35C
    dd 0x7BAC, 0xE6D9
    dd 0x7BAD, 0xBD62
    dd 0x7BAF, 0xE6DB
    dd 0x7BB1, 0xBD63
    dd 0x7BB4, 0xBD65
    dd 0x7BB5, 0xE6DE
    dd 0x7BB7, 0xE6D6
    dd 0x7BB8, 0xBAE6
    dd 0x7BB9, 0xE6DC
    dd 0x7BBE, 0xE6D8
    dd 0x7BC0, 0xB860
    dd 0x7BC1, 0xBD68
    dd 0x7BC4, 0xBD64
    dd 0x7BC6, 0xBD66
    dd 0x7BC7, 0xBD67
    dd 0x7BC9, 0xBF76
    dd 0x7BCA, 0xE6DD
    dd 0x7BCB, 0xE6D7
    dd 0x7BCC, 0xBD6A
    dd 0x7BCE, 0xE6DA
    dd 0x7BD4, 0xEAC0
    dd 0x7BD5, 0xEABB
    dd 0x7BD8, 0xEAC5
    dd 0x7BD9, 0xBF74
    dd 0x7BDA, 0xEABD
    dd 0x7BDB, 0xBF78
    dd 0x7BDC, 0xEAC3
    dd 0x7BDD, 0xEABA
    dd 0x7BDE, 0xEAB7
    dd 0x7BDF, 0xEAC6
    dd 0x7BE0, 0xC151
    dd 0x7BE1, 0xBF79
    dd 0x7BE2, 0xEAC2
    dd 0x7BE3, 0xEAB8
    dd 0x7BE4, 0xBF77
    dd 0x7BE5, 0xEABC
    dd 0x7BE6, 0xBF7B
    dd 0x7BE7, 0xEAB9
    dd 0x7BE8, 0xEABE
    dd 0x7BE9, 0xBF7A
    dd 0x7BEA, 0xEAC1
    dd 0x7BEB, 0xEAC4
    dd 0x7BF0, 0xEDCB
    dd 0x7BF1, 0xEDCC
    dd 0x7BF2, 0xEDBC
    dd 0x7BF3, 0xEDC3
    dd 0x7BF4, 0xEDC1
    dd 0x7BF7, 0xC14F
    dd 0x7BF8, 0xEDC8
    dd 0x7BF9, 0xEABF
    dd 0x7BFB, 0xEDBF
    dd 0x7BFD, 0xEDC9
    dd 0x7BFE, 0xC14E
    dd 0x7BFF, 0xEDBE
    dd 0x7C00, 0xEDBD
    dd 0x7C01, 0xEDC7
    dd 0x7C02, 0xEDC4
    dd 0x7C03, 0xEDC6
    dd 0x7C05, 0xEDBA
    dd 0x7C06, 0xEDCA
    dd 0x7C07, 0xC14C
    dd 0x7C09, 0xEDC5
    dd 0x7C0A, 0xEDCE
    dd 0x7C0B, 0xEDC2
    dd 0x7C0C, 0xC150
    dd 0x7C0D, 0xC14D
    dd 0x7C0E, 0xEDC0
    dd 0x7C0F, 0xEDBB
    dd 0x7C10, 0xEDCD
    dd 0x7C11, 0xBF75
    dd 0x7C19, 0xF063
    dd 0x7C1C, 0xF061
    dd 0x7C1D, 0xF067
    dd 0x7C1E, 0xC2B0
    dd 0x7C1F, 0xF065
    dd 0x7C20, 0xF064
    dd 0x7C21, 0xC2B2
    dd 0x7C22, 0xF06A
    dd 0x7C23, 0xC2B1
    dd 0x7C25, 0xF06B
    dd 0x7C26, 0xF068
    dd 0x7C27, 0xC2AE
    dd 0x7C28, 0xF069
    dd 0x7C29, 0xF062
    dd 0x7C2A, 0xC2AF
    dd 0x7C2B, 0xC2AD
    dd 0x7C2C, 0xF2AB
    dd 0x7C2D, 0xF066
    dd 0x7C30, 0xF06C
    dd 0x7C33, 0xF2A8
    dd 0x7C37, 0xC3B2
    dd 0x7C38, 0xC3B0
    dd 0x7C39, 0xF2AA
    dd 0x7C3B, 0xF2AC
    dd 0x7C3C, 0xF2A9
    dd 0x7C3D, 0xC3B1
    dd 0x7C3E, 0xC3AE
    dd 0x7C3F, 0xC3AF
    dd 0x7C40, 0xC3B3
    dd 0x7C43, 0xC478
    dd 0x7C45, 0xF4AA
    dd 0x7C47, 0xF4A9
    dd 0x7C48, 0xF4A7
    dd 0x7C49, 0xF4A6
    dd 0x7C4A, 0xF4A8
    dd 0x7C4C, 0xC477
    dd 0x7C4D, 0xC479
    dd 0x7C50, 0xC4F0
    dd 0x7C53, 0xF5E5
    dd 0x7C54, 0xF5E4
    dd 0x7C57, 0xF6FA
    dd 0x7C59, 0xF6FC
    dd 0x7C5A, 0xF6FE
    dd 0x7C5B, 0xF6FD
    dd 0x7C5C, 0xF6FB
    dd 0x7C5F, 0xC5A3
    dd 0x7C60, 0xC5A2
    dd 0x7C63, 0xC5D3
    dd 0x7C64, 0xC5D2
    dd 0x7C65, 0xC5D4
    dd 0x7C66, 0xF7ED
    dd 0x7C67, 0xF7EC
    dd 0x7C69, 0xF8FB
    dd 0x7C6A, 0xF8B8
    dd 0x7C6B, 0xF8FC
    dd 0x7C6C, 0xC658
    dd 0x7C6E, 0xC659
    dd 0x7C6F, 0xF96D
    dd 0x7C72, 0xC67E
    dd 0x7C73, 0xA6CC
    dd 0x7C75, 0xCDA8
    dd 0x7C78, 0xD045
    dd 0x7C79, 0xD046
    dd 0x7C7A, 0xD044
    dd 0x7C7D, 0xACF3
    dd 0x7C7F, 0xD047
    dd 0x7C80, 0xD048
    dd 0x7C81, 0xD049
    dd 0x7C84, 0xD349
    dd 0x7C85, 0xD34F
    dd 0x7C88, 0xD34D
    dd 0x7C89, 0xAFBB
    dd 0x7C8A, 0xD34B
    dd 0x7C8C, 0xD34C
    dd 0x7C8D, 0xD34E
    dd 0x7C91, 0xD34A
    dd 0x7C92, 0xB2C9
    dd 0x7C94, 0xD6DE
    dd 0x7C95, 0xB2CB
    dd 0x7C96, 0xD6E0
    dd 0x7C97, 0xB2CA
    dd 0x7C98, 0xD6DF
    dd 0x7C9E, 0xDAE8
    dd 0x7C9F, 0xB5AF
    dd 0x7CA1, 0xDAEA
    dd 0x7CA2, 0xDAE7
    dd 0x7CA3, 0xD6E1
    dd 0x7CA5, 0xB5B0
    dd 0x7CA8, 0xDAE9
    dd 0x7CAF, 0xDF56
    dd 0x7CB1, 0xB864
    dd 0x7CB2, 0xDF54
    dd 0x7CB3, 0xB865
    dd 0x7CB4, 0xDF55
    dd 0x7CB5, 0xB866
    dd 0x7CB9, 0xBAE9
    dd 0x7CBA, 0xE361
    dd 0x7CBB, 0xE35E
    dd 0x7CBC, 0xE360
    dd 0x7CBD, 0xBAEA
    dd 0x7CBE, 0xBAEB
    dd 0x7CBF, 0xE35F
    dd 0x7CC5, 0xE6DF
    dd 0x7CC8, 0xE6E0
    dd 0x7CCA, 0xBD6B
    dd 0x7CCB, 0xE6E2
    dd 0x7CCC, 0xE6E1
    dd 0x7CCE, 0xA261
    dd 0x7CD0, 0xEACA
    dd 0x7CD1, 0xEACB
    dd 0x7CD2, 0xEAC7
    dd 0x7CD4, 0xEAC8
    dd 0x7CD5, 0xBF7C
    dd 0x7CD6, 0xBF7D
    dd 0x7CD7, 0xEAC9
    dd 0x7CD9, 0xC157
    dd 0x7CDC, 0xC153
    dd 0x7CDD, 0xC158
    dd 0x7CDE, 0xC154
    dd 0x7CDF, 0xC156
    dd 0x7CE0, 0xC152
    dd 0x7CE2, 0xC155
    dd 0x7CE7, 0xC2B3
    dd 0x7CE8, 0xEDCF
    dd 0x7CEA, 0xF2AE
    dd 0x7CEC, 0xF2AD
    dd 0x7CEE, 0xF4AB
    dd 0x7CEF, 0xC47A
    dd 0x7CF0, 0xC47B
    dd 0x7CF1, 0xF741
    dd 0x7CF2, 0xF5E6
    dd 0x7CF4, 0xF740
    dd 0x7CF6, 0xF8FD
    dd 0x7CF7, 0xF9A4
    dd 0x7CF8, 0xA6CD
    dd 0x7CFB, 0xA874
    dd 0x7CFD, 0xCDA9
    dd 0x7CFE, 0xAAC8
    dd 0x7D00, 0xACF6
    dd 0x7D01, 0xD04C
    dd 0x7D02, 0xACF4
    dd 0x7D03, 0xD04A
    dd 0x7D04, 0xACF9
    dd 0x7D05, 0xACF5
    dd 0x7D06, 0xACFA
    dd 0x7D07, 0xACF8
    dd 0x7D08, 0xD04B
    dd 0x7D09, 0xACF7
    dd 0x7D0A, 0xAFBF
    dd 0x7D0B, 0xAFBE
    dd 0x7D0C, 0xD35A
    dd 0x7D0D, 0xAFC7
    dd 0x7D0E, 0xD353
    dd 0x7D0F, 0xD359
    dd 0x7D10, 0xAFC3
    dd 0x7D11, 0xD352
    dd 0x7D12, 0xD358
    dd 0x7D13, 0xD356
    dd 0x7D14, 0xAFC2
    dd 0x7D15, 0xAFC4
    dd 0x7D16, 0xD355
    dd 0x7D17, 0xAFBD
    dd 0x7D18, 0xD354
    dd 0x7D19, 0xAFC8
    dd 0x7D1A, 0xAFC5
    dd 0x7D1B, 0xAFC9
    dd 0x7D1C, 0xAFC6
    dd 0x7D1D, 0xD351
    dd 0x7D1E, 0xD350
    dd 0x7D1F, 0xD357
    dd 0x7D20, 0xAFC0
    dd 0x7D21, 0xAFBC
    dd 0x7D22, 0xAFC1
    dd 0x7D28, 0xD6F0
    dd 0x7D29, 0xD6E9
    dd 0x7D2B, 0xB5B5
    dd 0x7D2C, 0xD6E8
    dd 0x7D2E, 0xB2CF
    dd 0x7D2F, 0xB2D6
    dd 0x7D30, 0xB2D3
    dd 0x7D31, 0xB2D9
    dd 0x7D32, 0xB2D8
    dd 0x7D33, 0xB2D4
    dd 0x7D35, 0xD6E2
    dd 0x7D36, 0xD6E5
    dd 0x7D38, 0xD6E4
    dd 0x7D39, 0xB2D0
    dd 0x7D3A, 0xD6E6
    dd 0x7D3B, 0xD6EF
    dd 0x7D3C, 0xB2D1
    dd 0x7D3D, 0xD6E3
    dd 0x7D3E, 0xD6EC
    dd 0x7D3F, 0xD6ED
    dd 0x7D40, 0xB2D2
    dd 0x7D41, 0xD6EA
    dd 0x7D42, 0xB2D7
    dd 0x7D43, 0xB2CD
    dd 0x7D44, 0xB2D5
    dd 0x7D45, 0xD6E7
    dd 0x7D46, 0xB2CC
    dd 0x7D47, 0xD6EB
    dd 0x7D4A, 0xD6EE
    dd 0x7D4E, 0xDAFB
    dd 0x7D4F, 0xDAF2
    dd 0x7D50, 0xB5B2
    dd 0x7D51, 0xDAF9
    dd 0x7D52, 0xDAF6
    dd 0x7D53, 0xDAEE
    dd 0x7D54, 0xDAF7
    dd 0x7D55, 0xB5B4
    dd 0x7D56, 0xDAEF
    dd 0x7D58, 0xDAEB
    dd 0x7D5B, 0xB86C
    dd 0x7D5C, 0xDAF4
    dd 0x7D5E, 0xB5B1
    dd 0x7D5F, 0xDAFA
    dd 0x7D61, 0xB5B8
    dd 0x7D62, 0xB5BA
    dd 0x7D63, 0xDAED
    dd 0x7D66, 0xB5B9
    dd 0x7D67, 0xDAF0
    dd 0x7D68, 0xB5B3
    dd 0x7D69, 0xDAF8
    dd 0x7D6A, 0xDAF1
    dd 0x7D6B, 0xDAF5
    dd 0x7D6D, 0xDAF3
    dd 0x7D6E, 0xB5B6
    dd 0x7D6F, 0xDAEC
    dd 0x7D70, 0xB5BB
    dd 0x7D71, 0xB2CE
    dd 0x7D72, 0xB5B7
    dd 0x7D73, 0xB5BC
    dd 0x7D79, 0xB868
    dd 0x7D7A, 0xDF5D
    dd 0x7D7B, 0xDF5F
    dd 0x7D7C, 0xDF61
    dd 0x7D7D, 0xDF65
    dd 0x7D7F, 0xDF5B
    dd 0x7D80, 0xDF59
    dd 0x7D81, 0xB86A
    dd 0x7D83, 0xDF60
    dd 0x7D84, 0xDF64
    dd 0x7D85, 0xDF5C
    dd 0x7D86, 0xDF58
    dd 0x7D88, 0xDF57
    dd 0x7D8C, 0xDF62
    dd 0x7D8D, 0xDF5A
    dd 0x7D8E, 0xDF5E
    dd 0x7D8F, 0xB86B
    dd 0x7D91, 0xB869
    dd 0x7D92, 0xDF66
    dd 0x7D93, 0xB867
    dd 0x7D94, 0xDF63
    dd 0x7D96, 0xE372
    dd 0x7D9C, 0xBAEE
    dd 0x7D9D, 0xE36A
    dd 0x7D9E, 0xBD78
    dd 0x7D9F, 0xE374
    dd 0x7DA0, 0xBAF1
    dd 0x7DA1, 0xE378
    dd 0x7DA2, 0xBAF7
    dd 0x7DA3, 0xE365
    dd 0x7DA6, 0xE375
    dd 0x7DA7, 0xE362
    dd 0x7DA9, 0xE377
    dd 0x7DAA, 0xE366
    dd 0x7DAC, 0xBAFE
    dd 0x7DAD, 0xBAFB
    dd 0x7DAE, 0xE376
    dd 0x7DAF, 0xE370
    dd 0x7DB0, 0xBAED
    dd 0x7DB1, 0xBAF5
    dd 0x7DB2, 0xBAF4
    dd 0x7DB4, 0xBAF3
    dd 0x7DB5, 0xBAF9
    dd 0x7DB7, 0xE363
    dd 0x7DB8, 0xBAFA
    dd 0x7DB9, 0xE371
    dd 0x7DBA, 0xBAF6
    dd 0x7DBB, 0xBAEC
    dd 0x7DBC, 0xE373
    dd 0x7DBD, 0xBAEF
    dd 0x7DBE, 0xBAF0
    dd 0x7DBF, 0xBAF8
    dd 0x7DC0, 0xE368
    dd 0x7DC1, 0xE367
    dd 0x7DC2, 0xE364
    dd 0x7DC4, 0xE36C
    dd 0x7DC5, 0xE369
    dd 0x7DC6, 0xE36D
    dd 0x7DC7, 0xBAFD
    dd 0x7DC9, 0xE379
    dd 0x7DCA, 0xBAF2
    dd 0x7DCB, 0xE36E
    dd 0x7DCC, 0xE36F
    dd 0x7DCE, 0xE36B
    dd 0x7DD2, 0xBAFC
    dd 0x7DD7, 0xE6E7
    dd 0x7DD8, 0xBD70
    dd 0x7DD9, 0xBD79
    dd 0x7DDA, 0xBD75
    dd 0x7DDB, 0xE6E4
    dd 0x7DDD, 0xBD72
    dd 0x7DDE, 0xBD76
    dd 0x7DDF, 0xE6F0
    dd 0x7DE0, 0xBD6C
    dd 0x7DE1, 0xE6E8
    dd 0x7DE3, 0xBD74
    dd 0x7DE6, 0xE6EB
    dd 0x7DE7, 0xE6E6
    dd 0x7DE8, 0xBD73
    dd 0x7DE9, 0xBD77
    dd 0x7DEA, 0xE6E5
    dd 0x7DEC, 0xBD71
    dd 0x7DEE, 0xE6EF
    dd 0x7DEF, 0xBD6E
    dd 0x7DF0, 0xE6EE
    dd 0x7DF1, 0xE6ED
    dd 0x7DF2, 0xBD7A
    dd 0x7DF3, 0xE572
    dd 0x7DF4, 0xBD6D
    dd 0x7DF6, 0xE6EC
    dd 0x7DF7, 0xE6E3
    dd 0x7DF9, 0xBD7B
    dd 0x7DFA, 0xE6EA
    dd 0x7DFB, 0xBD6F
    dd 0x7E03, 0xE6E9
    dd 0x7E08, 0xBFA2
    dd 0x7E09, 0xBFA7
    dd 0x7E0A, 0xBF7E
    dd 0x7E0B, 0xEAD8
    dd 0x7E0C, 0xEACF
    dd 0x7E0D, 0xEADB
    dd 0x7E0E, 0xEAD3
    dd 0x7E0F, 0xEAD9
    dd 0x7E10, 0xBFA8
    dd 0x7E11, 0xBFA1
    dd 0x7E12, 0xEACC
    dd 0x7E13, 0xEAD2
    dd 0x7E14, 0xEADC
    dd 0x7E15, 0xEAD5
    dd 0x7E16, 0xEADA
    dd 0x7E17, 0xEACE
    dd 0x7E1A, 0xEAD6
    dd 0x7E1B, 0xBFA3
    dd 0x7E1C, 0xEAD4
    dd 0x7E1D, 0xBFA6
    dd 0x7E1E, 0xBFA5
    dd 0x7E1F, 0xEAD0
    dd 0x7E20, 0xEAD1
    dd 0x7E21, 0xEACD
    dd 0x7E22, 0xEAD7
    dd 0x7E23, 0xBFA4
    dd 0x7E24, 0xEADE
    dd 0x7E25, 0xEADD
    dd 0x7E29, 0xEDDA
    dd 0x7E2A, 0xEDD6
    dd 0x7E2B, 0xC15F
    dd 0x7E2D, 0xEDD0
    dd 0x7E2E, 0xC159
    dd 0x7E2F, 0xC169
    dd 0x7E30, 0xEDDC
    dd 0x7E31, 0xC161
    dd 0x7E32, 0xC15D
    dd 0x7E33, 0xEDD3
    dd 0x7E34, 0xC164
    dd 0x7E35, 0xC167
    dd 0x7E36, 0xEDDE
    dd 0x7E37, 0xC15C
    dd 0x7E38, 0xEDD5
    dd 0x7E39, 0xC165
    dd 0x7E3A, 0xEDE0
    dd 0x7E3B, 0xEDDD
    dd 0x7E3C, 0xEDD1
    dd 0x7E3D, 0xC160
    dd 0x7E3E, 0xC15A
    dd 0x7E3F, 0xC168
    dd 0x7E40, 0xEDD8
    dd 0x7E41, 0xC163
    dd 0x7E42, 0xEDD2
    dd 0x7E43, 0xC15E
    dd 0x7E44, 0xEDDF
    dd 0x7E45, 0xC162
    dd 0x7E46, 0xC15B
    dd 0x7E47, 0xEDD9
    dd 0x7E48, 0xC166
    dd 0x7E49, 0xEDD7
    dd 0x7E4C, 0xEDDB
    dd 0x7E50, 0xF06E
    dd 0x7E51, 0xF074
    dd 0x7E52, 0xC2B9
    dd 0x7E53, 0xF077
    dd 0x7E54, 0xC2B4
    dd 0x7E55, 0xC2B5
    dd 0x7E56, 0xF06F
    dd 0x7E57, 0xF076
    dd 0x7E58, 0xF071
    dd 0x7E59, 0xC2BA
    dd 0x7E5A, 0xC2B7
    dd 0x7E5C, 0xF06D
    dd 0x7E5E, 0xC2B6
    dd 0x7E5F, 0xF073
    dd 0x7E60, 0xF075
    dd 0x7E61, 0xC2B8
    dd 0x7E62, 0xF072
    dd 0x7E63, 0xF070
    dd 0x7E68, 0xF2B8
    dd 0x7E69, 0xC3B7
    dd 0x7E6A, 0xC3B8
    dd 0x7E6B, 0xC3B4
    dd 0x7E6D, 0xC3B5
    dd 0x7E6F, 0xF2B4
    dd 0x7E70, 0xF2B2
    dd 0x7E72, 0xF2B6
    dd 0x7E73, 0xC3BA
    dd 0x7E74, 0xF2B7
    dd 0x7E75, 0xF2B0
    dd 0x7E76, 0xF2AF
    dd 0x7E77, 0xF2B3
    dd 0x7E78, 0xF2B1
    dd 0x7E79, 0xC3B6
    dd 0x7E7A, 0xF2B5
    dd 0x7E7B, 0xF4AC
    dd 0x7E7C, 0xC47E
    dd 0x7E7D, 0xC47D
    dd 0x7E7E, 0xF4AD
    dd 0x7E80, 0xF4AF
    dd 0x7E81, 0xF4AE
    dd 0x7E82, 0xC4A1
    dd 0x7E86, 0xF5EB
    dd 0x7E87, 0xF5E8
    dd 0x7E88, 0xF5E9
    dd 0x7E8A, 0xF5E7
    dd 0x7E8B, 0xF5EA
    dd 0x7E8C, 0xC4F2
    dd 0x7E8D, 0xF5EC
    dd 0x7E8F, 0xC4F1
    dd 0x7E91, 0xF742
    dd 0x7E93, 0xC5D5
    dd 0x7E94, 0xC5D7
    dd 0x7E95, 0xF7EE
    dd 0x7E96, 0xC5D6
    dd 0x7E97, 0xF8B9
    dd 0x7E98, 0xF940
    dd 0x7E99, 0xF942
    dd 0x7E9A, 0xF8FE
    dd 0x7E9B, 0xF941
    dd 0x7E9C, 0xC66C
    dd 0x7F36, 0xA6CE
    dd 0x7F38, 0xACFB
    dd 0x7F39, 0xD26F
    dd 0x7F3A, 0xAFCA
    dd 0x7F3D, 0xB2DA
    dd 0x7F3E, 0xDAFC
    dd 0x7F3F, 0xDAFD
    dd 0x7F43, 0xEADF
    dd 0x7F44, 0xC16A
    dd 0x7F45, 0xEDE1
    dd 0x7F48, 0xC2BB
    dd 0x7F4A, 0xF2BA
    dd 0x7F4B, 0xF2B9
    dd 0x7F4C, 0xC4A2
    dd 0x7F4D, 0xF5ED
    dd 0x7F4F, 0xF743
    dd 0x7F50, 0xC5F8
    dd 0x7F51, 0xCA49
    dd 0x7F54, 0xAAC9
    dd 0x7F55, 0xA875
    dd 0x7F58, 0xD04D
    dd 0x7F5B, 0xD360
    dd 0x7F5C, 0xD35B
    dd 0x7F5D, 0xD35F
    dd 0x7F5E, 0xD35D
    dd 0x7F5F, 0xAFCB
    dd 0x7F60, 0xD35E
    dd 0x7F61, 0xD35C
    dd 0x7F63, 0xD6F1
    dd 0x7F65, 0xDAFE
    dd 0x7F66, 0xDB40
    dd 0x7F67, 0xDF69
    dd 0x7F68, 0xDF6A
    dd 0x7F69, 0xB86E
    dd 0x7F6A, 0xB86F
    dd 0x7F6B, 0xDF68
    dd 0x7F6C, 0xDF6B
    dd 0x7F6D, 0xDF67
    dd 0x7F6E, 0xB86D
    dd 0x7F70, 0xBB40
    dd 0x7F72, 0xB870
    dd 0x7F73, 0xE37A
    dd 0x7F75, 0xBD7C
    dd 0x7F76, 0xE6F1
    dd 0x7F77, 0xBD7D
    dd 0x7F79, 0xBFA9
    dd 0x7F7A, 0xEAE2
    dd 0x7F7B, 0xEAE0
    dd 0x7F7C, 0xEAE1
    dd 0x7F7D, 0xEDE4
    dd 0x7F7E, 0xEDE3
    dd 0x7F7F, 0xEDE2
    dd 0x7F83, 0xF2BB
    dd 0x7F85, 0xC3B9
    dd 0x7F86, 0xF2BC
    dd 0x7F87, 0xF744
    dd 0x7F88, 0xC5F9
    dd 0x7F89, 0xF8BA
    dd 0x7F8A, 0xA6CF
    dd 0x7F8B, 0xAACB
    dd 0x7F8C, 0xAACA
    dd 0x7F8D, 0xD04F
    dd 0x7F8E, 0xACFC
    dd 0x7F91, 0xD04E
    dd 0x7F92, 0xD362
    dd 0x7F94, 0xAFCC
    dd 0x7F95, 0xD6F2
    dd 0x7F96, 0xD361
    dd 0x7F9A, 0xB2DC
    dd 0x7F9B, 0xD6F5
    dd 0x7F9C, 0xD6F3
    dd 0x7F9D, 0xD6F4
    dd 0x7F9E, 0xB2DB
    dd 0x7FA0, 0xDB42
    dd 0x7FA1, 0xDB43
    dd 0x7FA2, 0xDB41
    dd 0x7FA4, 0xB873
    dd 0x7FA5, 0xDF6D
    dd 0x7FA6, 0xDF6C
    dd 0x7FA7, 0xDF6E
    dd 0x7FA8, 0xB872
    dd 0x7FA9, 0xB871
    dd 0x7FAC, 0xE6F2
    dd 0x7FAD, 0xE6F4
    dd 0x7FAF, 0xBD7E
    dd 0x7FB0, 0xE6F3
    dd 0x7FB1, 0xEAE3
    dd 0x7FB2, 0xBFAA
    dd 0x7FB3, 0xF079
    dd 0x7FB5, 0xF078
    dd 0x7FB6, 0xC3BB
    dd 0x7FB7, 0xF2BD
    dd 0x7FB8, 0xC3BD
    dd 0x7FB9, 0xC3BC
    dd 0x7FBA, 0xF4B0
    dd 0x7FBB, 0xF5EE
    dd 0x7FBC, 0xC4F3
    dd 0x7FBD, 0xA6D0
    dd 0x7FBE, 0xD050
    dd 0x7FBF, 0xACFD
    dd 0x7FC0, 0xD365
    dd 0x7FC1, 0xAFCE
    dd 0x7FC2, 0xD364
    dd 0x7FC3, 0xD363
    dd 0x7FC5, 0xAFCD
    dd 0x7FC7, 0xD6FB
    dd 0x7FC9, 0xD6FD
    dd 0x7FCA, 0xD6F6
    dd 0x7FCB, 0xD6F7
    dd 0x7FCC, 0xB2DD
    dd 0x7FCD, 0xD6F8
    dd 0x7FCE, 0xB2DE
    dd 0x7FCF, 0xD6FC
    dd 0x7FD0, 0xD6F9
    dd 0x7FD1, 0xD6FA
    dd 0x7FD2, 0xB2DF
    dd 0x7FD4, 0xB5BE
    dd 0x7FD5, 0xB5BF
    dd 0x7FD7, 0xDB44
    dd 0x7FDB, 0xDF6F
    dd 0x7FDC, 0xDF70
    dd 0x7FDE, 0xE37E
    dd 0x7FDF, 0xBB43
    dd 0x7FE0, 0xBB41
    dd 0x7FE1, 0xBB42
    dd 0x7FE2, 0xE37B
    dd 0x7FE3, 0xE37C
    dd 0x7FE5, 0xE37D
    dd 0x7FE6, 0xE6F9
    dd 0x7FE8, 0xE6FA
    dd 0x7FE9, 0xBDA1
    dd 0x7FEA, 0xE6F7
    dd 0x7FEB, 0xE6F6
    dd 0x7FEC, 0xE6F8
    dd 0x7FED, 0xE6F5
    dd 0x7FEE, 0xBFAD
    dd 0x7FEF, 0xEAE4
    dd 0x7FF0, 0xBFAB
    dd 0x7FF1, 0xBFAC
    dd 0x7FF2, 0xEDE6
    dd 0x7FF3, 0xC16B
    dd 0x7FF4, 0xEDE5
    dd 0x7FF5, 0xEFA8
    dd 0x7FF7, 0xF07A
    dd 0x7FF8, 0xF07B
    dd 0x7FF9, 0xC2BC
    dd 0x7FFB, 0xC2BD
    dd 0x7FFC, 0xC16C
    dd 0x7FFD, 0xF2BE
    dd 0x7FFE, 0xF2BF
    dd 0x7FFF, 0xF4B1
    dd 0x8000, 0xC4A3
    dd 0x8001, 0xA6D1
    dd 0x8003, 0xA6D2
    dd 0x8004, 0xACFE
    dd 0x8005, 0xAACC
    dd 0x8006, 0xAFCF
    dd 0x8007, 0xD051
    dd 0x800B, 0xB5C0
    dd 0x800C, 0xA6D3
    dd 0x800D, 0xAD41
    dd 0x800E, 0xD052
    dd 0x800F, 0xD053
    dd 0x8010, 0xAD40
    dd 0x8011, 0xAD42
    dd 0x8012, 0xA6D4
    dd 0x8014, 0xD054
    dd 0x8015, 0xAFD1
    dd 0x8016, 0xD366
    dd 0x8017, 0xAFD3
    dd 0x8018, 0xAFD0
    dd 0x8019, 0xAFD2
    dd 0x801B, 0xD741
    dd 0x801C, 0xB2E0
    dd 0x801E, 0xD740
    dd 0x801F, 0xD6FE
    dd 0x8021, 0xDF71
    dd 0x8024, 0xE3A1
    dd 0x8026, 0xBDA2
    dd 0x8028, 0xBFAE
    dd 0x8029, 0xEAE6
    dd 0x802A, 0xEAE5
    dd 0x802C, 0xEDE7
    dd 0x8030, 0xF5EF
    dd 0x8033, 0xA6D5
    dd 0x8034, 0xCB73
    dd 0x8035, 0xCDAA
    dd 0x8036, 0xAD43
    dd 0x8037, 0xD055
    dd 0x8039, 0xD368
    dd 0x803D, 0xAFD4
    dd 0x803E, 0xD367
    dd 0x803F, 0xAFD5
    dd 0x8043, 0xD743
    dd 0x8046, 0xB2E2
    dd 0x8047, 0xD742
    dd 0x8048, 0xD744
    dd 0x804A, 0xB2E1
    dd 0x804F, 0xDB46
    dd 0x8050, 0xDB47
    dd 0x8051, 0xDB45
    dd 0x8052, 0xB5C1
    dd 0x8056, 0xB874
    dd 0x8058, 0xB875
    dd 0x805A, 0xBB45
    dd 0x805C, 0xE3A3
    dd 0x805D, 0xE3A2
    dd 0x805E, 0xBB44
    dd 0x8064, 0xE6FB
    dd 0x8067, 0xE6FC
    dd 0x806C, 0xEAE7
    dd 0x806F, 0xC170
    dd 0x8070, 0xC16F
    dd 0x8071, 0xC16D
    dd 0x8072, 0xC16E
    dd 0x8073, 0xC171
    dd 0x8075, 0xF07C
    dd 0x8076, 0xC2BF
    dd 0x8077, 0xC2BE
    dd 0x8078, 0xF2C0
    dd 0x8079, 0xF4B2
    dd 0x807D, 0xC5A5
    dd 0x807E, 0xC5A4
    dd 0x807F, 0xA6D6
    dd 0x8082, 0xD1FB
    dd 0x8084, 0xB877
    dd 0x8085, 0xB5C2
    dd 0x8086, 0xB876
    dd 0x8087, 0xBB46
    dd 0x8089, 0xA6D7
    dd 0x808A, 0xC9A9
    dd 0x808B, 0xA6D8
    dd 0x808C, 0xA6D9
    dd 0x808F, 0xCDAB
    dd 0x8090, 0xCB76
    dd 0x8092, 0xCB77
    dd 0x8093, 0xA877
    dd 0x8095, 0xCB74
    dd 0x8096, 0xA876
    dd 0x8098, 0xA879
    dd 0x8099, 0xCB75
    dd 0x809A, 0xA87B
    dd 0x809B, 0xA87A
    dd 0x809C, 0xCB78
    dd 0x809D, 0xA878
    dd 0x80A1, 0xAAD1
    dd 0x80A2, 0xAACF
    dd 0x80A3, 0xCDAD
    dd 0x80A5, 0xAACE
    dd 0x80A9, 0xAAD3
    dd 0x80AA, 0xAAD5
    dd 0x80AB, 0xAAD2
    dd 0x80AD, 0xCDB0
    dd 0x80AE, 0xCDAC
    dd 0x80AF, 0xAAD6
    dd 0x80B1, 0xAAD0
    dd 0x80B2, 0xA87C
    dd 0x80B4, 0xAAD4
    dd 0x80B5, 0xCDAF
    dd 0x80B8, 0xCDAE
    dd 0x80BA, 0xAACD
    dd 0x80C2, 0xD05B
    dd 0x80C3, 0xAD47
    dd 0x80C4, 0xAD48
    dd 0x80C5, 0xD05D
    dd 0x80C7, 0xD057
    dd 0x80C8, 0xD05A
    dd 0x80C9, 0xD063
    dd 0x80CA, 0xD061
    dd 0x80CC, 0xAD49
    dd 0x80CD, 0xD067
    dd 0x80CE, 0xAD4C
    dd 0x80CF, 0xD064
    dd 0x80D0, 0xD05C
    dd 0x80D1, 0xD059
    dd 0x80D4, 0xDB49
    dd 0x80D5, 0xD062
    dd 0x80D6, 0xAD44
    dd 0x80D7, 0xD065
    dd 0x80D8, 0xD056
    dd 0x80D9, 0xD05F
    dd 0x80DA, 0xAD46
    dd 0x80DB, 0xAD4B
    dd 0x80DC, 0xD060
    dd 0x80DD, 0xAD4F
    dd 0x80DE, 0xAD4D
    dd 0x80E0, 0xD058
    dd 0x80E1, 0xAD4A
    dd 0x80E3, 0xD05E
    dd 0x80E4, 0xAD4E
    dd 0x80E5, 0xAD45
    dd 0x80E6, 0xD066
    dd 0x80ED, 0xAFDA
    dd 0x80EF, 0xAFE3
    dd 0x80F0, 0xAFD8
    dd 0x80F1, 0xAFD6
    dd 0x80F2, 0xD36A
    dd 0x80F3, 0xAFDE
    dd 0x80F4, 0xAFDB
    dd 0x80F5, 0xD36C
    dd 0x80F8, 0xAFDD
    dd 0x80F9, 0xD36B
    dd 0x80FA, 0xD369
    dd 0x80FB, 0xD36E
    dd 0x80FC, 0xAFE2
    dd 0x80FD, 0xAFE0
    dd 0x80FE, 0xDB48
    dd 0x8100, 0xD36F
    dd 0x8101, 0xD36D
    dd 0x8102, 0xAFD7
    dd 0x8105, 0xAFD9
    dd 0x8106, 0xAFDC
    dd 0x8108, 0xAFDF
    dd 0x810A, 0xAFE1
    dd 0x8115, 0xD74E
    dd 0x8116, 0xB2E4
    dd 0x8118, 0xD745
    dd 0x8119, 0xD747
    dd 0x811B, 0xD748
    dd 0x811D, 0xD750
    dd 0x811E, 0xD74C
    dd 0x811F, 0xD74A
    dd 0x8121, 0xD74D
    dd 0x8122, 0xD751
    dd 0x8123, 0xB2E5
    dd 0x8124, 0xB2E9
    dd 0x8125, 0xD746
    dd 0x8127, 0xD74F
    dd 0x8129, 0xB2E7
    dd 0x812B, 0xB2E6
    dd 0x812C, 0xD74B
    dd 0x812D, 0xD749
    dd 0x812F, 0xB2E3
    dd 0x8130, 0xB2E8
    dd 0x8139, 0xB5C8
    dd 0x813A, 0xDB51
    dd 0x813D, 0xDB4F
    dd 0x813E, 0xB5CA
    dd 0x8143, 0xDB4A
    dd 0x8144, 0xDFA1
    dd 0x8146, 0xB5C9
    dd 0x8147, 0xDB4E
    dd 0x814A, 0xDB4B
    dd 0x814B, 0xB5C5
    dd 0x814C, 0xB5CB
    dd 0x814D, 0xDB50
    dd 0x814E, 0xB5C7
    dd 0x814F, 0xDB4D
    dd 0x8150, 0xBB47
    dd 0x8151, 0xB5C6
    dd 0x8152, 0xDB4C
    dd 0x8153, 0xB5CC
    dd 0x8154, 0xB5C4
    dd 0x8155, 0xB5C3
    dd 0x815B, 0xDF77
    dd 0x815C, 0xDF75
    dd 0x815E, 0xDF7B
    dd 0x8160, 0xDF73
    dd 0x8161, 0xDFA2
    dd 0x8162, 0xDF78
    dd 0x8164, 0xDF72
    dd 0x8165, 0xB87B
    dd 0x8166, 0xB8A3
    dd 0x8167, 0xDF7D
    dd 0x8169, 0xDF76
    dd 0x816B, 0xB87E
    dd 0x816E, 0xB87C
    dd 0x816F, 0xDF7E
    dd 0x8170, 0xB879
    dd 0x8171, 0xB878
    dd 0x8172, 0xDF79
    dd 0x8173, 0xB87D
    dd 0x8174, 0xB5CD
    dd 0x8176, 0xDF7C
    dd 0x8177, 0xDF74
    dd 0x8178, 0xB87A
    dd 0x8179, 0xB8A1
    dd 0x817A, 0xB8A2
    dd 0x817F, 0xBB4C
    dd 0x8180, 0xBB48
    dd 0x8182, 0xBB4D
    dd 0x8183, 0xE3A6
    dd 0x8186, 0xE3A5
    dd 0x8187, 0xE3A7
    dd 0x8188, 0xBB4A
    dd 0x8189, 0xE3A4
    dd 0x818A, 0xBB4B
    dd 0x818B, 0xE3AA
    dd 0x818C, 0xE3A9
    dd 0x818D, 0xE3A8
    dd 0x818F, 0xBB49
    dd 0x8195, 0xE741
    dd 0x8197, 0xE744
    dd 0x8198, 0xBDA8
    dd 0x8199, 0xE743
    dd 0x819A, 0xBDA7
    dd 0x819B, 0xBDA3
    dd 0x819C, 0xBDA4
    dd 0x819D, 0xBDA5
    dd 0x819E, 0xE740
    dd 0x819F, 0xE6FE
    dd 0x81A0, 0xBDA6
    dd 0x81A2, 0xE742
    dd 0x81A3, 0xE6FD
    dd 0x81A6, 0xEAE9
    dd 0x81A7, 0xEAF3
    dd 0x81A8, 0xBFB1
    dd 0x81A9, 0xBFB0
    dd 0x81AB, 0xEAED
    dd 0x81AC, 0xEAEF
    dd 0x81AE, 0xEAEA
    dd 0x81B0, 0xEAEE
    dd 0x81B1, 0xEAE8
    dd 0x81B2, 0xEAF1
    dd 0x81B3, 0xBFAF
    dd 0x81B4, 0xEAF0
    dd 0x81B5, 0xEAEC
    dd 0x81B7, 0xEAF2
    dd 0x81B9, 0xEAEB
    dd 0x81BA, 0xC174
    dd 0x81BB, 0xEDE8
    dd 0x81BC, 0xEDEE
    dd 0x81BD, 0xC178
    dd 0x81BE, 0xC17A
    dd 0x81BF, 0xC177
    dd 0x81C0, 0xC176
    dd 0x81C2, 0xC175
    dd 0x81C3, 0xC173
    dd 0x81C4, 0xEDE9
    dd 0x81C5, 0xEDEC
    dd 0x81C6, 0xC172
    dd 0x81C7, 0xEDED
    dd 0x81C9, 0xC179
    dd 0x81CA, 0xEDEB
    dd 0x81CC, 0xEDEA
    dd 0x81CD, 0xC2C0
    dd 0x81CF, 0xC2C1
    dd 0x81D0, 0xF0A1
    dd 0x81D1, 0xF07D
    dd 0x81D2, 0xF07E
    dd 0x81D5, 0xF2C2
    dd 0x81D7, 0xF2C1
    dd 0x81D8, 0xC3BE
    dd 0x81D9, 0xF4B4
    dd 0x81DA, 0xC4A4
    dd 0x81DB, 0xF4B3
    dd 0x81DD, 0xF5F0
    dd 0x81DE, 0xF745
    dd 0x81DF, 0xC5A6
    dd 0x81E0, 0xF943
    dd 0x81E1, 0xF944
    dd 0x81E2, 0xC5D8
    dd 0x81E3, 0xA6DA
    dd 0x81E5, 0xAAD7
    dd 0x81E6, 0xDB52
    dd 0x81E7, 0xBB4E
    dd 0x81E8, 0xC17B
    dd 0x81E9, 0xEDEF
    dd 0x81EA, 0xA6DB
    dd 0x81EC, 0xAFE5
    dd 0x81ED, 0xAFE4
    dd 0x81EE, 0xDB53
    dd 0x81F2, 0xEAF4
    dd 0x81F3, 0xA6DC
    dd 0x81F4, 0xAD50
    dd 0x81F7, 0xDB54
    dd 0x81F8, 0xDB55
    dd 0x81F9, 0xDB56
    dd 0x81FA, 0xBB4F
    dd 0x81FB, 0xBFB2
    dd 0x81FC, 0xA6DD
    dd 0x81FE, 0xAAD8
    dd 0x81FF, 0xD068
    dd 0x8200, 0xAFE6
    dd 0x8201, 0xD370
    dd 0x8202, 0xB2EA
    dd 0x8204, 0xDB57
    dd 0x8205, 0xB8A4
    dd 0x8207, 0xBB50
    dd 0x8208, 0xBFB3
    dd 0x8209, 0xC17C
    dd 0x820A, 0xC2C2
    dd 0x820B, 0xF4B5
    dd 0x820C, 0xA6DE
    dd 0x820D, 0xAAD9
    dd 0x8210, 0xAFE7
    dd 0x8211, 0xD752
    dd 0x8212, 0xB5CE
    dd 0x8214, 0xBB51
    dd 0x8215, 0xE3AB
    dd 0x8216, 0xE745
    dd 0x821B, 0xA6DF
    dd 0x821C, 0xB5CF
    dd 0x821D, 0xDFA3
    dd 0x821E, 0xBB52
    dd 0x821F, 0xA6E0
    dd 0x8220, 0xCDB1
    dd 0x8221, 0xD069
    dd 0x8222, 0xAD51
    dd 0x8225, 0xD372
    dd 0x8228, 0xAFEA
    dd 0x822A, 0xAFE8
    dd 0x822B, 0xAFE9
    dd 0x822C, 0xAFEB
    dd 0x822F, 0xD371
    dd 0x8232, 0xD757
    dd 0x8233, 0xD754
    dd 0x8234, 0xD756
    dd 0x8235, 0xB2EB
    dd 0x8236, 0xB2ED
    dd 0x8237, 0xB2EC
    dd 0x8238, 0xD753
    dd 0x8239, 0xB2EE
    dd 0x823A, 0xD755
    dd 0x823C, 0xDB58
    dd 0x823D, 0xDB59
    dd 0x823F, 0xDB5A
    dd 0x8240, 0xDFA6
    dd 0x8242, 0xDFA7
    dd 0x8244, 0xDFA5
    dd 0x8245, 0xDFA8
    dd 0x8247, 0xB8A5
    dd 0x8249, 0xDFA4
    dd 0x824B, 0xBB53
    dd 0x824E, 0xE74A
    dd 0x824F, 0xE746
    dd 0x8250, 0xE749
    dd 0x8251, 0xE74B
    dd 0x8252, 0xE748
    dd 0x8253, 0xE747
    dd 0x8255, 0xEAF5
    dd 0x8256, 0xEAF6
    dd 0x8257, 0xEAF7
    dd 0x8258, 0xBFB4
    dd 0x8259, 0xBFB5
    dd 0x825A, 0xEDF1
    dd 0x825B, 0xEDF0
    dd 0x825C, 0xEDF2
    dd 0x825E, 0xF0A3
    dd 0x825F, 0xF0A2
    dd 0x8261, 0xF2C4
    dd 0x8263, 0xF2C5
    dd 0x8264, 0xF2C3
    dd 0x8266, 0xC4A5
    dd 0x8268, 0xF4B6
    dd 0x8269, 0xF4B7
    dd 0x826B, 0xF746
    dd 0x826C, 0xF7EF
    dd 0x826D, 0xF8BB
    dd 0x826E, 0xA6E1
    dd 0x826F, 0xA87D
    dd 0x8271, 0xC17D
    dd 0x8272, 0xA6E2
    dd 0x8274, 0xD758
    dd 0x8275, 0xDB5B
    dd 0x8277, 0xC641
    dd 0x8278, 0xCA4A
    dd 0x827C, 0xCA4B
    dd 0x827D, 0xCA4D
    dd 0x827E, 0xA6E3
    dd 0x827F, 0xCA4E
    dd 0x8280, 0xCA4C
    dd 0x8283, 0xCBA2
    dd 0x8284, 0xCBA3
    dd 0x8285, 0xCB7B
    dd 0x828A, 0xCBA1
    dd 0x828B, 0xA8A1
    dd 0x828D, 0xA8A2
    dd 0x828E, 0xCB7C
    dd 0x828F, 0xCB7A
    dd 0x8290, 0xCB79
    dd 0x8291, 0xCB7D
    dd 0x8292, 0xA87E
    dd 0x8293, 0xCB7E
    dd 0x8294, 0xD06A
    dd 0x8298, 0xCDB6
    dd 0x8299, 0xAADC
    dd 0x829A, 0xCDB5
    dd 0x829B, 0xCDB7
    dd 0x829D, 0xAADB
    dd 0x829E, 0xCDBC
    dd 0x829F, 0xAADF
    dd 0x82A0, 0xCDB2
    dd 0x82A1, 0xCDC0
    dd 0x82A2, 0xCDC6
    dd 0x82A3, 0xAAE6
    dd 0x82A4, 0xCDC3
    dd 0x82A5, 0xAAE3
    dd 0x82A7, 0xCDB9
    dd 0x82A8, 0xCDBF
    dd 0x82A9, 0xCDC1
    dd 0x82AB, 0xCDB4
    dd 0x82AC, 0xAAE2
    dd 0x82AD, 0xAADD
    dd 0x82AE, 0xCDBA
    dd 0x82AF, 0xAAE4
    dd 0x82B0, 0xAAE7
    dd 0x82B1, 0xAAE1
    dd 0x82B3, 0xAADA
    dd 0x82B4, 0xCDBE
    dd 0x82B5, 0xCDB8
    dd 0x82B6, 0xCDC5
    dd 0x82B7, 0xAAE9
    dd 0x82B8, 0xAAE5
    dd 0x82B9, 0xAAE0
    dd 0x82BA, 0xCDBD
    dd 0x82BB, 0xAFEC
    dd 0x82BC, 0xCDBB
    dd 0x82BD, 0xAADE
    dd 0x82BE, 0xAAE8
    dd 0x82C0, 0xCDB3
    dd 0x82C2, 0xCDC2
    dd 0x82C3, 0xCDC4
    dd 0x82D1, 0xAD62
    dd 0x82D2, 0xAD5C
    dd 0x82D3, 0xAD64
    dd 0x82D4, 0xAD61
    dd 0x82D5, 0xD071
    dd 0x82D6, 0xD074
    dd 0x82D7, 0xAD5D
    dd 0x82D9, 0xD06B
    dd 0x82DB, 0xAD56
    dd 0x82DC, 0xAD60
    dd 0x82DE, 0xAD63
    dd 0x82DF, 0xAD65
    dd 0x82E0, 0xD0A2
    dd 0x82E1, 0xD077
    dd 0x82E3, 0xAD55
    dd 0x82E4, 0xD0A1
    dd 0x82E5, 0xAD59
    dd 0x82E6, 0xAD57
    dd 0x82E7, 0xAD52
    dd 0x82E8, 0xD06F
    dd 0x82EA, 0xD07E
    dd 0x82EB, 0xD073
    dd 0x82EC, 0xD076
    dd 0x82ED, 0xD0A5
    dd 0x82EF, 0xAD66
    dd 0x82F0, 0xD07D
    dd 0x82F1, 0xAD5E
    dd 0x82F2, 0xD078
    dd 0x82F3, 0xD0A4
    dd 0x82F4, 0xD075
    dd 0x82F5, 0xD079
    dd 0x82F6, 0xD07C
    dd 0x82F9, 0xD06D
    dd 0x82FA, 0xD0A3
    dd 0x82FB, 0xD07B
    dd 0x82FE, 0xD06C
    dd 0x8300, 0xD070
    dd 0x8301, 0xAD5F
    dd 0x8302, 0xAD5A
    dd 0x8303, 0xAD53
    dd 0x8304, 0xAD58
    dd 0x8305, 0xAD54
    dd 0x8306, 0xAD67
    dd 0x8307, 0xD06E
    dd 0x8308, 0xD3A5
    dd 0x8309, 0xAD5B
    dd 0x830C, 0xD07A
    dd 0x830D, 0xCE41
    dd 0x8316, 0xD3A8
    dd 0x8317, 0xAFFA
    dd 0x8319, 0xD376
    dd 0x831B, 0xD3A3
    dd 0x831C, 0xD37D
    dd 0x831E, 0xD3B2
    dd 0x8320, 0xD3AA
    dd 0x8322, 0xD37E
    dd 0x8324, 0xD3A9
    dd 0x8325, 0xD378
    dd 0x8326, 0xD37C
    dd 0x8327, 0xD3B5
    dd 0x8328, 0xAFFD
    dd 0x8329, 0xD3AD
    dd 0x832A, 0xD3A4
    dd 0x832B, 0xAFED
    dd 0x832C, 0xD3B3
    dd 0x832D, 0xD374
    dd 0x832F, 0xD3AC
    dd 0x8331, 0xAFFC
    dd 0x8332, 0xAFF7
    dd 0x8333, 0xD373
    dd 0x8334, 0xAFF5
    dd 0x8335, 0xAFF4
    dd 0x8336, 0xAFF9
    dd 0x8337, 0xD3AB
    dd 0x8338, 0xAFF1
    dd 0x8339, 0xAFF8
    dd 0x833A, 0xD072
    dd 0x833B, 0xDB5C
    dd 0x833C, 0xD3A6
    dd 0x833F, 0xD37A
    dd 0x8340, 0xAFFB
    dd 0x8341, 0xD37B
    dd 0x8342, 0xD3A1
    dd 0x8343, 0xAFFE
    dd 0x8344, 0xD375
    dd 0x8345, 0xD3AF
    dd 0x8347, 0xD3AE
    dd 0x8348, 0xD3B6
    dd 0x8349, 0xAFF3
    dd 0x834A, 0xAFF0
    dd 0x834B, 0xD3B4
    dd 0x834C, 0xD3B0
    dd 0x834D, 0xD3A7
    dd 0x834E, 0xD3A2
    dd 0x834F, 0xAFF6
    dd 0x8350, 0xAFF2
    dd 0x8351, 0xD377
    dd 0x8352, 0xAFEE
    dd 0x8353, 0xD3B1
    dd 0x8354, 0xAFEF
    dd 0x8356, 0xD379
    dd 0x8373, 0xD75E
    dd 0x8374, 0xD760
    dd 0x8375, 0xD765
    dd 0x8376, 0xD779
    dd 0x8377, 0xB2FC
    dd 0x8378, 0xB2F2
    dd 0x837A, 0xD75D
    dd 0x837B, 0xB2FD
    dd 0x837C, 0xB2FE
    dd 0x837D, 0xD768
    dd 0x837E, 0xD76F
    dd 0x837F, 0xD775
    dd 0x8381, 0xD762
    dd 0x8383, 0xD769
    dd 0x8386, 0xB340
    dd 0x8387, 0xD777
    dd 0x8388, 0xD772
    dd 0x8389, 0xB2FA
    dd 0x838A, 0xB2F8
    dd 0x838B, 0xD76E
    dd 0x838C, 0xD76A
    dd 0x838D, 0xD75C
    dd 0x838E, 0xB2EF
    dd 0x838F, 0xD761
    dd 0x8390, 0xD759
    dd 0x8392, 0xB2F7
    dd 0x8393, 0xB2F9
    dd 0x8394, 0xD766
    dd 0x8395, 0xD763
    dd 0x8396, 0xB2F4
    dd 0x8397, 0xD773
    dd 0x8398, 0xB2F1
    dd 0x8399, 0xD764
    dd 0x839A, 0xD77A
    dd 0x839B, 0xD76C
    dd 0x839D, 0xD76B
    dd 0x839E, 0xB2F0
    dd 0x83A0, 0xB2FB
    dd 0x83A2, 0xB2F3
    dd 0x83A3, 0xD75A
    dd 0x83A4, 0xD75F
    dd 0x83A5, 0xD770
    dd 0x83A6, 0xD776
    dd 0x83A7, 0xB341
    dd 0x83A8, 0xD75B
    dd 0x83A9, 0xD767
    dd 0x83AA, 0xD76D
    dd 0x83AB, 0xB2F6
    dd 0x83AE, 0xD778
    dd 0x83AF, 0xD771
    dd 0x83B0, 0xD774
    dd 0x83BD, 0xB2F5
    dd 0x83BF, 0xDB6C
    dd 0x83C0, 0xDB60
    dd 0x83C1, 0xB5D7
    dd 0x83C2, 0xDB7D
    dd 0x83C3, 0xDBA7
    dd 0x83C4, 0xDBAA
    dd 0x83C5, 0xB5D5
    dd 0x83C6, 0xDB68
    dd 0x83C7, 0xDBA3
    dd 0x83C8, 0xDB69
    dd 0x83C9, 0xDB77
    dd 0x83CA, 0xB5E2
    dd 0x83CB, 0xDB73
    dd 0x83CC, 0xB5DF
    dd 0x83CE, 0xDB74
    dd 0x83CF, 0xDB5D
    dd 0x83D1, 0xDBA4
    dd 0x83D4, 0xB5E8
    dd 0x83D5, 0xDBA1
    dd 0x83D6, 0xDB75
    dd 0x83D7, 0xDBAC
    dd 0x83D8, 0xDB70
    dd 0x83D9, 0xDFC8
    dd 0x83DB, 0xDBAF
    dd 0x83DC, 0xB5E6
    dd 0x83DD, 0xDB6E
    dd 0x83DE, 0xDB7A
    dd 0x83DF, 0xB5E9
    dd 0x83E0, 0xB5D4
    dd 0x83E1, 0xDB72
    dd 0x83E2, 0xDBAD
    dd 0x83E3, 0xDB6B
    dd 0x83E4, 0xDB64
    dd 0x83E5, 0xDB6F
    dd 0x83E7, 0xDB63
    dd 0x83E8, 0xDB61
    dd 0x83E9, 0xB5D0
    dd 0x83EA, 0xDBA5
    dd 0x83EB, 0xDB6A
    dd 0x83EC, 0xDBA8
    dd 0x83EE, 0xDBA9
    dd 0x83EF, 0xB5D8
    dd 0x83F0, 0xB5DD
    dd 0x83F1, 0xB5D9
    dd 0x83F2, 0xB5E1
    dd 0x83F3, 0xDB7E
    dd 0x83F4, 0xB5DA
    dd 0x83F5, 0xDB76
    dd 0x83F6, 0xDB66
    dd 0x83F8, 0xB5D2
    dd 0x83F9, 0xDB5E
    dd 0x83FA, 0xDBA2
    dd 0x83FB, 0xDBAB
    dd 0x83FC, 0xDB65
    dd 0x83FD, 0xB5E0
    dd 0x83FE, 0xDBB0
    dd 0x83FF, 0xDB71
    dd 0x8401, 0xDB6D
    dd 0x8403, 0xB5D1
    dd 0x8404, 0xB5E5
    dd 0x8406, 0xDB7C
    dd 0x8407, 0xB5E7
    dd 0x8409, 0xDB78
    dd 0x840A, 0xB5DC
    dd 0x840B, 0xB5D6
    dd 0x840C, 0xB5DE
    dd 0x840D, 0xB5D3
    dd 0x840E, 0xB5E4
    dd 0x840F, 0xDB79
    dd 0x8410, 0xDB67
    dd 0x8411, 0xDB7B
    dd 0x8412, 0xDB62
    dd 0x8413, 0xDBA6
    dd 0x841B, 0xDBAE
    dd 0x8423, 0xDB5F
    dd 0x8429, 0xDFC7
    dd 0x842B, 0xDFDD
    dd 0x842C, 0xB855
    dd 0x842D, 0xDFCC
    dd 0x842F, 0xDFCA
    dd 0x8430, 0xDFB5
    dd 0x8431, 0xB8A9
    dd 0x8432, 0xDFC5
    dd 0x8433, 0xDFD9
    dd 0x8434, 0xDFC1
    dd 0x8435, 0xB8B1
    dd 0x8436, 0xDFD8
    dd 0x8437, 0xDFBF
    dd 0x8438, 0xB5E3
    dd 0x8439, 0xDFCF
    dd 0x843A, 0xDFC0
    dd 0x843B, 0xDFD6
    dd 0x843C, 0xB8B0
    dd 0x843D, 0xB8A8
    dd 0x843F, 0xDFAA
    dd 0x8440, 0xDFB2
    dd 0x8442, 0xDFCB
    dd 0x8443, 0xDFC3
    dd 0x8444, 0xDFDC
    dd 0x8445, 0xDFC6
    dd 0x8446, 0xB8B6
    dd 0x8447, 0xDFD7
    dd 0x8449, 0xB8AD
    dd 0x844B, 0xDFC9
    dd 0x844C, 0xDFD1
    dd 0x844D, 0xDFB6
    dd 0x844E, 0xDFD0
    dd 0x8450, 0xDFE1
    dd 0x8451, 0xDFB1
    dd 0x8452, 0xDFD2
    dd 0x8454, 0xDFDF
    dd 0x8456, 0xDFAB
    dd 0x8457, 0xB5DB
    dd 0x8459, 0xDFB9
    dd 0x845A, 0xDFB8
    dd 0x845B, 0xB8AF
    dd 0x845D, 0xDFBC
    dd 0x845E, 0xDFBE
    dd 0x845F, 0xDFCD
    dd 0x8460, 0xDFDE
    dd 0x8461, 0xB8B2
    dd 0x8463, 0xB8B3
    dd 0x8465, 0xDFB0
    dd 0x8466, 0xB8AB
    dd 0x8467, 0xDFB4
    dd 0x8468, 0xDFDA
    dd 0x8469, 0xB8B4
    dd 0x846B, 0xB8AC
    dd 0x846C, 0xB8AE
    dd 0x846D, 0xB8B5
    dd 0x846E, 0xDFE0
    dd 0x846F, 0xDFD3
    dd 0x8470, 0xDFCE
    dd 0x8473, 0xDFBB
    dd 0x8474, 0xDFBA
    dd 0x8475, 0xB8AA
    dd 0x8476, 0xDFAC
    dd 0x8477, 0xB8A7
    dd 0x8478, 0xDFC4
    dd 0x8479, 0xDFAD
    dd 0x847A, 0xDFC2
    dd 0x847D, 0xDFB7
    dd 0x847E, 0xDFDB
    dd 0x8482, 0xB8A6
    dd 0x8486, 0xDFB3
    dd 0x848D, 0xDFAF
    dd 0x848E, 0xDFD5
    dd 0x848F, 0xDFAE
    dd 0x8490, 0xBB60
    dd 0x8491, 0xE3D3
    dd 0x8494, 0xE3C2
    dd 0x8497, 0xE3AC
    dd 0x8498, 0xE3CA
    dd 0x8499, 0xBB58
    dd 0x849A, 0xE3BB
    dd 0x849B, 0xE3C5
    dd 0x849C, 0xBB5B
    dd 0x849D, 0xE3BE
    dd 0x849E, 0xBB59
    dd 0x849F, 0xE3AF
    dd 0x84A0, 0xE3CD
    dd 0x84A1, 0xE3AE
    dd 0x84A2, 0xE3C1
    dd 0x84A4, 0xE3AD
    dd 0x84A7, 0xE3BF
    dd 0x84A8, 0xE3C8
    dd 0x84A9, 0xE3C6
    dd 0x84AA, 0xE3BA
    dd 0x84AB, 0xE3B5
    dd 0x84AC, 0xE3B3
    dd 0x84AE, 0xE3B4
    dd 0x84AF, 0xE3C7
    dd 0x84B0, 0xE3D2
    dd 0x84B1, 0xE3BC
    dd 0x84B2, 0xBB5A
    dd 0x84B4, 0xE3B7
    dd 0x84B6, 0xE3CB
    dd 0x84B8, 0xBB5D
    dd 0x84B9, 0xE3B6
    dd 0x84BA, 0xE3B0
    dd 0x84BB, 0xE3C0
    dd 0x84BC, 0xBB61
    dd 0x84BF, 0xBB55
    dd 0x84C0, 0xBB5E
    dd 0x84C1, 0xE3B8
    dd 0x84C2, 0xE3B2
    dd 0x84C4, 0xBB57
    dd 0x84C5, 0xDFD4
    dd 0x84C6, 0xBB56
    dd 0x84C7, 0xE3C3
    dd 0x84C9, 0xBB54
    dd 0x84CA, 0xBB63
    dd 0x84CB, 0xBB5C
    dd 0x84CC, 0xE3C4
    dd 0x84CD, 0xE3B9
    dd 0x84CE, 0xE3B1
    dd 0x84CF, 0xE3CC
    dd 0x84D0, 0xE3BD
    dd 0x84D1, 0xBB62
    dd 0x84D2, 0xE3D0
    dd 0x84D3, 0xBB5F
    dd 0x84D4, 0xE3CF
    dd 0x84D6, 0xE3C9
    dd 0x84D7, 0xE3CE
    dd 0x84DB, 0xE3D1
    dd 0x84E7, 0xE773
    dd 0x84E8, 0xE774
    dd 0x84E9, 0xE767
    dd 0x84EA, 0xE766
    dd 0x84EB, 0xE762
    dd 0x84EC, 0xBDB4
    dd 0x84EE, 0xBDAC
    dd 0x84EF, 0xE776
    dd 0x84F0, 0xE775
    dd 0x84F1, 0xDFA9
    dd 0x84F2, 0xE75F
    dd 0x84F3, 0xE763
    dd 0x84F4, 0xE75D
    dd 0x84F6, 0xE770
    dd 0x84F7, 0xE761
    dd 0x84F9, 0xE777
    dd 0x84FA, 0xE75A
    dd 0x84FB, 0xE758
    dd 0x84FC, 0xE764
    dd 0x84FD, 0xE76E
    dd 0x84FE, 0xE769
    dd 0x84FF, 0xBDB6
    dd 0x8500, 0xE74F
    dd 0x8502, 0xE76D
    dd 0x8506, 0xBDB7
    dd 0x8507, 0xDFBD
    dd 0x8508, 0xE75B
    dd 0x8509, 0xE752
    dd 0x850A, 0xE755
    dd 0x850B, 0xE77B
    dd 0x850C, 0xE75C
    dd 0x850D, 0xE753
    dd 0x850E, 0xE751
    dd 0x850F, 0xE74E
    dd 0x8511, 0xBDB0
    dd 0x8512, 0xE765
    dd 0x8513, 0xBDAF
    dd 0x8514, 0xBDB3
    dd 0x8515, 0xE760
    dd 0x8516, 0xE768
    dd 0x8517, 0xBDA9
    dd 0x8518, 0xE778
    dd 0x8519, 0xE77C
    dd 0x851A, 0xBDAB
    dd 0x851C, 0xE757
    dd 0x851D, 0xE76B
    dd 0x851E, 0xE76F
    dd 0x851F, 0xE754
    dd 0x8520, 0xE779
    dd 0x8521, 0xBDB2
    dd 0x8523, 0xBDB1
    dd 0x8524, 0xE74C
    dd 0x8525, 0xBDB5
    dd 0x8526, 0xE772
    dd 0x8527, 0xE756
    dd 0x8528, 0xE76A
    dd 0x8529, 0xE750
    dd 0x852A, 0xE75E
    dd 0x852B, 0xE759
    dd 0x852C, 0xBDAD
    dd 0x852D, 0xBDAE
    dd 0x852E, 0xE76C
    dd 0x852F, 0xE77D
    dd 0x8530, 0xE77A
    dd 0x8531, 0xE771
    dd 0x853B, 0xE74D
    dd 0x853D, 0xBDAA
    dd 0x853E, 0xEB49
    dd 0x8540, 0xEB40
    dd 0x8541, 0xEB43
    dd 0x8543, 0xBFBB
    dd 0x8544, 0xEB45
    dd 0x8545, 0xEAF9
    dd 0x8546, 0xEB41
    dd 0x8547, 0xEB47
    dd 0x8548, 0xBFB8
    dd 0x8549, 0xBFBC
    dd 0x854A, 0xBFB6
    dd 0x854D, 0xEAFB
    dd 0x854E, 0xEB4C
    dd 0x8551, 0xEB46
    dd 0x8553, 0xEAFC
    dd 0x8554, 0xEB55
    dd 0x8555, 0xEB4F
    dd 0x8556, 0xEAF8
    dd 0x8557, 0xEE46
    dd 0x8558, 0xEAFE
    dd 0x8559, 0xBFB7
    dd 0x855B, 0xEB4A
    dd 0x855D, 0xEB54
    dd 0x855E, 0xBFBF
    dd 0x8560, 0xEB51
    dd 0x8561, 0xEAFD
    dd 0x8562, 0xEB44
    dd 0x8563, 0xEB48
    dd 0x8564, 0xEB42
    dd 0x8565, 0xEB56
    dd 0x8566, 0xEB53
    dd 0x8567, 0xEB50
    dd 0x8568, 0xBFB9
    dd 0x8569, 0xBFBA
    dd 0x856A, 0xBFBE
    dd 0x856B, 0xEAFA
    dd 0x856C, 0xEB57
    dd 0x856D, 0xBFBD
    dd 0x856E, 0xEB4D
    dd 0x8571, 0xEB4B
    dd 0x8575, 0xEB4E
    dd 0x8576, 0xEE53
    dd 0x8577, 0xEE40
    dd 0x8578, 0xEE45
    dd 0x8579, 0xEE52
    dd 0x857A, 0xEE44
    dd 0x857B, 0xEDFB
    dd 0x857C, 0xEE41
    dd 0x857E, 0xC1A2
    dd 0x8580, 0xEDF4
    dd 0x8581, 0xEE4D
    dd 0x8582, 0xEE4F
    dd 0x8583, 0xEDF3
    dd 0x8584, 0xC1A1
    dd 0x8585, 0xEE51
    dd 0x8586, 0xEE49
    dd 0x8587, 0xC1A8
    dd 0x8588, 0xEE50
    dd 0x8589, 0xEE42
    dd 0x858A, 0xC1AA
    dd 0x858B, 0xEDF9
    dd 0x858C, 0xEB52
    dd 0x858D, 0xEE4A
    dd 0x858E, 0xEE47
    dd 0x858F, 0xEDF5
    dd 0x8590, 0xEE55
    dd 0x8591, 0xC1A4
    dd 0x8594, 0xC1A5
    dd 0x8595, 0xEDF7
    dd 0x8596, 0xEE48
    dd 0x8598, 0xEE54
    dd 0x8599, 0xEE4B
    dd 0x859A, 0xEDFD
    dd 0x859B, 0xC1A7
    dd 0x859C, 0xC1A3
    dd 0x859D, 0xEE4C
    dd 0x859E, 0xEDFE
    dd 0x859F, 0xEE56
    dd 0x85A0, 0xEDF8
    dd 0x85A1, 0xEE43
    dd 0x85A2, 0xEE4E
    dd 0x85A3, 0xEDFA
    dd 0x85A4, 0xEDFC
    dd 0x85A6, 0xC2CB
    dd 0x85A7, 0xEDF6
    dd 0x85A8, 0xC1A9
    dd 0x85A9, 0xC2C4
    dd 0x85AA, 0xC17E
    dd 0x85AF, 0xC1A6
    dd 0x85B0, 0xC2C8
    dd 0x85B1, 0xF0B3
    dd 0x85B3, 0xF0A9
    dd 0x85B4, 0xF0A4
    dd 0x85B5, 0xF0AA
    dd 0x85B6, 0xF0B4
    dd 0x85B7, 0xF0B8
    dd 0x85B8, 0xF0B7
    dd 0x85B9, 0xC2CA
    dd 0x85BA, 0xC2C9
    dd 0x85BD, 0xF0AB
    dd 0x85BE, 0xF0B9
    dd 0x85BF, 0xF0AE
    dd 0x85C0, 0xF0A6
    dd 0x85C2, 0xF0A8
    dd 0x85C3, 0xF0A7
    dd 0x85C4, 0xF0AD
    dd 0x85C5, 0xF0B2
    dd 0x85C6, 0xF0A5
    dd 0x85C7, 0xF0AC
    dd 0x85C8, 0xF0B1
    dd 0x85C9, 0xC2C7
    dd 0x85CB, 0xF0AF
    dd 0x85CD, 0xC2C5
    dd 0x85CE, 0xF0B0
    dd 0x85CF, 0xC2C3
    dd 0x85D0, 0xC2C6
    dd 0x85D1, 0xF2D5
    dd 0x85D2, 0xF0B5
    dd 0x85D5, 0xC3C2
    dd 0x85D7, 0xF2CD
    dd 0x85D8, 0xF2D1
    dd 0x85D9, 0xF2C9
    dd 0x85DA, 0xF2CC
    dd 0x85DC, 0xF2D4
    dd 0x85DD, 0xC3C0
    dd 0x85DE, 0xF2D9
    dd 0x85DF, 0xF2D2
    dd 0x85E1, 0xF2CA
    dd 0x85E2, 0xF2DA
    dd 0x85E3, 0xF2D3
    dd 0x85E4, 0xC3C3
    dd 0x85E5, 0xC3C4
    dd 0x85E6, 0xF2D7
    dd 0x85E8, 0xF2CB
    dd 0x85E9, 0xC3BF
    dd 0x85EA, 0xC3C1
    dd 0x85EB, 0xF2C6
    dd 0x85EC, 0xF2CE
    dd 0x85ED, 0xF2C8
    dd 0x85EF, 0xF2D8
    dd 0x85F0, 0xF2D6
    dd 0x85F1, 0xF2C7
    dd 0x85F2, 0xF2CF
    dd 0x85F6, 0xF4BE
    dd 0x85F7, 0xC3C5
    dd 0x85F8, 0xF2D0
    dd 0x85F9, 0xC4A7
    dd 0x85FA, 0xC4A9
    dd 0x85FB, 0xC4A6
    dd 0x85FD, 0xF4C3
    dd 0x85FE, 0xF4BB
    dd 0x85FF, 0xF4B9
    dd 0x8600, 0xF4BD
    dd 0x8601, 0xF4BA
    dd 0x8604, 0xF4BF
    dd 0x8605, 0xF4C1
    dd 0x8606, 0xC4AA
    dd 0x8607, 0xC4AC
    dd 0x8609, 0xF4C0
    dd 0x860A, 0xC4AD
    dd 0x860B, 0xC4AB
    dd 0x860C, 0xF4C2
    dd 0x8611, 0xC4A8
    dd 0x8617, 0xC4F4
    dd 0x8618, 0xF5F1
    dd 0x8619, 0xF5F7
    dd 0x861A, 0xC4F6
    dd 0x861B, 0xF4BC
    dd 0x861C, 0xF5F6
    dd 0x861E, 0xF5FD
    dd 0x861F, 0xF5F4
    dd 0x8620, 0xF5FB
    dd 0x8621, 0xF5FA
    dd 0x8622, 0xF4B8
    dd 0x8623, 0xF5F5
    dd 0x8624, 0xF0B6
    dd 0x8625, 0xF5FE
    dd 0x8626, 0xF5F3
    dd 0x8627, 0xF5F8
    dd 0x8629, 0xF5FC
    dd 0x862A, 0xF5F2
    dd 0x862C, 0xF74A
    dd 0x862D, 0xC4F5
    dd 0x862E, 0xF5F9
    dd 0x8631, 0xF7F4
    dd 0x8632, 0xF74B
    dd 0x8633, 0xF749
    dd 0x8634, 0xF747
    dd 0x8635, 0xF748
    dd 0x8636, 0xF74C
    dd 0x8638, 0xC5D9
    dd 0x8639, 0xF7F2
    dd 0x863A, 0xF7F0
    dd 0x863B, 0xF7F5
    dd 0x863C, 0xF7F3
    dd 0x863E, 0xF7F6
    dd 0x863F, 0xC5DA
    dd 0x8640, 0xF7F1
    dd 0x8643, 0xF8BC
    dd 0x8646, 0xF945
    dd 0x8647, 0xF946
    dd 0x8648, 0xF947
    dd 0x864B, 0xF9C7
    dd 0x864C, 0xF9BD
    dd 0x864D, 0xCA4F
    dd 0x864E, 0xAAEA
    dd 0x8650, 0xAD68
    dd 0x8652, 0xD3B8
    dd 0x8653, 0xD3B7
    dd 0x8654, 0xB040
    dd 0x8655, 0xB342
    dd 0x8656, 0xD77C
    dd 0x8659, 0xD77B
    dd 0x865B, 0xB5EA
    dd 0x865C, 0xB8B8
    dd 0x865E, 0xB8B7
    dd 0x865F, 0xB8B9
    dd 0x8661, 0xE3D4
    dd 0x8662, 0xE77E
    dd 0x8663, 0xEB58
    dd 0x8664, 0xEB5A
    dd 0x8665, 0xEB59
    dd 0x8667, 0xC1AB
    dd 0x8668, 0xEE57
    dd 0x8669, 0xF0BA
    dd 0x866A, 0xF9A5
    dd 0x866B, 0xA6E4
    dd 0x866D, 0xCDC9
    dd 0x866E, 0xCDCA
    dd 0x866F, 0xCDC8
    dd 0x8670, 0xCDC7
    dd 0x8671, 0xAAEB
    dd 0x8673, 0xD0A9
    dd 0x8674, 0xD0A7
    dd 0x8677, 0xD0A6
    dd 0x8679, 0xAD69
    dd 0x867A, 0xAD6B
    dd 0x867B, 0xAD6A
    dd 0x867C, 0xD0A8
    dd 0x8685, 0xD3C4
    dd 0x8686, 0xD3C1
    dd 0x8687, 0xD3BF
    dd 0x868A, 0xB041
    dd 0x868B, 0xD3C2
    dd 0x868C, 0xB046
    dd 0x868D, 0xD3BC
    dd 0x868E, 0xD3CB
    dd 0x8690, 0xD3CD
    dd 0x8691, 0xD3BD
    dd 0x8693, 0xB043
    dd 0x8694, 0xD3CE
    dd 0x8695, 0xD3C9
    dd 0x8696, 0xD3BB
    dd 0x8697, 0xD3C0
    dd 0x8698, 0xD3CA
    dd 0x8699, 0xD3C6
    dd 0x869A, 0xD3C3
    dd 0x869C, 0xB048
    dd 0x869D, 0xD3CC
    dd 0x869E, 0xD3BE
    dd 0x86A1, 0xD3C7
    dd 0x86A2, 0xD3B9
    dd 0x86A3, 0xB047
    dd 0x86A4, 0xB044
    dd 0x86A5, 0xD3C5
    dd 0x86A7, 0xD3C8
    dd 0x86A8, 0xD3BA
    dd 0x86A9, 0xB045
    dd 0x86AA, 0xB042
    dd 0x86AF, 0xB34C
    dd 0x86B0, 0xD7A5
    dd 0x86B1, 0xB34B
    dd 0x86B3, 0xD7A8
    dd 0x86B4, 0xD7AB
    dd 0x86B5, 0xB348
    dd 0x86B6, 0xB346
    dd 0x86B7, 0xD77E
    dd 0x86B8, 0xD7A9
    dd 0x86B9, 0xD7A7
    dd 0x86BA, 0xD7A4
    dd 0x86BB, 0xD7AC
    dd 0x86BC, 0xD7AD
    dd 0x86BD, 0xD7AF
    dd 0x86BE, 0xD7B0
    dd 0x86BF, 0xD77D
    dd 0x86C0, 0xB345
    dd 0x86C1, 0xD7A2
    dd 0x86C2, 0xD7A1
    dd 0x86C3, 0xD7AE
    dd 0x86C4, 0xB347
    dd 0x86C5, 0xD7A3
    dd 0x86C6, 0xB349
    dd 0x86C7, 0xB344
    dd 0x86C8, 0xD7A6
    dd 0x86C9, 0xB34D
    dd 0x86CB, 0xB34A
    dd 0x86CC, 0xD7AA
    dd 0x86D0, 0xB5F1
    dd 0x86D1, 0xDBBF
    dd 0x86D3, 0xDBB4
    dd 0x86D4, 0xB5EE
    dd 0x86D6, 0xDFE7
    dd 0x86D7, 0xDBBD
    dd 0x86D8, 0xDBB1
    dd 0x86D9, 0xB5EC
    dd 0x86DA, 0xDBB6
    dd 0x86DB, 0xB5EF
    dd 0x86DC, 0xDBBA
    dd 0x86DD, 0xDBB8
    dd 0x86DE, 0xB5F2
    dd 0x86DF, 0xB5EB
    dd 0x86E2, 0xDBB2
    dd 0x86E3, 0xDBB5
    dd 0x86E4, 0xB5F0
    dd 0x86E6, 0xDBB3
    dd 0x86E8, 0xDBBE
    dd 0x86E9, 0xDBBC
    dd 0x86EA, 0xDBB7
    dd 0x86EB, 0xDBB9
    dd 0x86EC, 0xDBBB
    dd 0x86ED, 0xB5ED
    dd 0x86F5, 0xDFE8
    dd 0x86F6, 0xDFEE
    dd 0x86F7, 0xDFE4
    dd 0x86F8, 0xDFEA
    dd 0x86F9, 0xB8BA
    dd 0x86FA, 0xDFE6
    dd 0x86FB, 0xB8C0
    dd 0x86FE, 0xB8BF
    dd 0x8700, 0xB8BE
    dd 0x8701, 0xDFED
    dd 0x8702, 0xB8C1
    dd 0x8703, 0xB8C2
    dd 0x8704, 0xDFE3
    dd 0x8705, 0xDFF0
    dd 0x8706, 0xB8C3
    dd 0x8707, 0xB8BD
    dd 0x8708, 0xB8BC
    dd 0x8709, 0xDFEC
    dd 0x870A, 0xB8C4
    dd 0x870B, 0xDFE2
    dd 0x870C, 0xDFE5
    dd 0x870D, 0xDFEF
    dd 0x870E, 0xDFEB
    dd 0x8711, 0xE3F4
    dd 0x8712, 0xE3E9
    dd 0x8713, 0xB8BB
    dd 0x8718, 0xBB6A
    dd 0x8719, 0xE3DD
    dd 0x871A, 0xE3F2
    dd 0x871B, 0xE3DE
    dd 0x871C, 0xBB65
    dd 0x871E, 0xE3DB
    dd 0x8720, 0xE3E4
    dd 0x8721, 0xE3DC
    dd 0x8722, 0xBB67
    dd 0x8723, 0xE3D6
    dd 0x8724, 0xE3F1
    dd 0x8725, 0xBB68
    dd 0x8726, 0xE3EE
    dd 0x8727, 0xE3EF
    dd 0x8728, 0xE3D7
    dd 0x8729, 0xBB6D
    dd 0x872A, 0xE3E6
    dd 0x872C, 0xE3E0
    dd 0x872D, 0xE3E7
    dd 0x872E, 0xE3DA
    dd 0x8730, 0xE3F3
    dd 0x8731, 0xE3EB
    dd 0x8732, 0xE3E5
    dd 0x8733, 0xE3D5
    dd 0x8734, 0xBB69
    dd 0x8735, 0xE3EC
    dd 0x8737, 0xBB6C
    dd 0x8738, 0xE3F0
    dd 0x873A, 0xE3EA
    dd 0x873B, 0xBB66
    dd 0x873C, 0xE3E8
    dd 0x873E, 0xE3E2
    dd 0x873F, 0xBB64
    dd 0x8740, 0xE3D9
    dd 0x8741, 0xE3E1
    dd 0x8742, 0xE3ED
    dd 0x8743, 0xE3DF
    dd 0x8746, 0xE3E3
    dd 0x874C, 0xBDC1
    dd 0x874D, 0xDFE9
    dd 0x874E, 0xE7B2
    dd 0x874F, 0xE7BB
    dd 0x8750, 0xE7B1
    dd 0x8751, 0xE7AD
    dd 0x8752, 0xE7AA
    dd 0x8753, 0xBDC2
    dd 0x8754, 0xE7A8
    dd 0x8755, 0xBB6B
    dd 0x8756, 0xE7A1
    dd 0x8757, 0xBDC0
    dd 0x8758, 0xE7A7
    dd 0x8759, 0xBDBF
    dd 0x875A, 0xE7AC
    dd 0x875B, 0xE7A9
    dd 0x875C, 0xE7B9
    dd 0x875D, 0xE7B4
    dd 0x875E, 0xE7AE
    dd 0x875F, 0xE7B3
    dd 0x8760, 0xBDBB
    dd 0x8761, 0xE7AB
    dd 0x8762, 0xE7BE
    dd 0x8763, 0xE7A2
    dd 0x8764, 0xE7A3
    dd 0x8765, 0xE7BA
    dd 0x8766, 0xBDBC
    dd 0x8767, 0xE7BF
    dd 0x8768, 0xBDBE
    dd 0x8769, 0xE7C0
    dd 0x876A, 0xE7B0
    dd 0x876B, 0xE3D8
    dd 0x876C, 0xE7B6
    dd 0x876D, 0xE7AF
    dd 0x876E, 0xE7B8
    dd 0x876F, 0xE7B5
    dd 0x8773, 0xE7A6
    dd 0x8774, 0xBDB9
    dd 0x8775, 0xE7BD
    dd 0x8776, 0xBDBA
    dd 0x8777, 0xE7A4
    dd 0x8778, 0xBDBD
    dd 0x8779, 0xEB64
    dd 0x877A, 0xE7B7
    dd 0x877B, 0xE7BC
    dd 0x8781, 0xEB61
    dd 0x8782, 0xBDB8
    dd 0x8783, 0xBFC0
    dd 0x8784, 0xEB6B
    dd 0x8785, 0xEB67
    dd 0x8787, 0xEB65
    dd 0x8788, 0xEB60
    dd 0x8789, 0xEB6F
    dd 0x878D, 0xBFC4
    dd 0x878F, 0xEB5C
    dd 0x8790, 0xEB68
    dd 0x8791, 0xEB69
    dd 0x8792, 0xEB5F
    dd 0x8793, 0xEB5E
    dd 0x8794, 0xEB6C
    dd 0x8796, 0xEB62
    dd 0x8797, 0xEB5D
    dd 0x8798, 0xEB63
    dd 0x879A, 0xEB6E
    dd 0x879B, 0xEB5B
    dd 0x879C, 0xEB6D
    dd 0x879D, 0xEB6A
    dd 0x879E, 0xBFC2
    dd 0x879F, 0xBFC1
    dd 0x87A2, 0xBFC3
    dd 0x87A3, 0xEB66
    dd 0x87A4, 0xF0CB
    dd 0x87AA, 0xEE59
    dd 0x87AB, 0xC1B1
    dd 0x87AC, 0xEE5D
    dd 0x87AD, 0xEE5A
    dd 0x87AE, 0xEE61
    dd 0x87AF, 0xEE67
    dd 0x87B0, 0xEE5C
    dd 0x87B2, 0xEE70
    dd 0x87B3, 0xC1AE
    dd 0x87B4, 0xEE6A
    dd 0x87B5, 0xEE5F
    dd 0x87B6, 0xEE6B
    dd 0x87B7, 0xEE66
    dd 0x87B8, 0xEE6D
    dd 0x87B9, 0xEE5E
    dd 0x87BA, 0xC1B3
    dd 0x87BB, 0xC1B2
    dd 0x87BC, 0xEE60
    dd 0x87BD, 0xEE6E
    dd 0x87BE, 0xEE58
    dd 0x87BF, 0xEE6C
    dd 0x87C0, 0xC1AC
    dd 0x87C2, 0xEE64
    dd 0x87C3, 0xEE63
    dd 0x87C4, 0xEE68
    dd 0x87C5, 0xEE5B
    dd 0x87C6, 0xC1B0
    dd 0x87C8, 0xC1B4
    dd 0x87C9, 0xEE62
    dd 0x87CA, 0xEE69
    dd 0x87CB, 0xC1B5
    dd 0x87CC, 0xEE65
    dd 0x87D1, 0xC1AD
    dd 0x87D2, 0xC1AF
    dd 0x87D3, 0xF0C7
    dd 0x87D4, 0xF0C5
    dd 0x87D7, 0xF0CC
    dd 0x87D8, 0xF0C9
    dd 0x87D9, 0xF0CD
    dd 0x87DB, 0xF0BE
    dd 0x87DC, 0xF0C6
    dd 0x87DD, 0xF0D1
    dd 0x87DE, 0xEE6F
    dd 0x87DF, 0xF0C2
    dd 0x87E0, 0xC2CF
    dd 0x87E1, 0xE7A5
    dd 0x87E2, 0xF0BD
    dd 0x87E3, 0xF0CA
    dd 0x87E4, 0xF0C4
    dd 0x87E5, 0xF0C1
    dd 0x87E6, 0xF0BC
    dd 0x87E7, 0xF0BB
    dd 0x87E8, 0xF0D0
    dd 0x87EA, 0xF0C0
    dd 0x87EB, 0xF0BF
    dd 0x87EC, 0xC2CD
    dd 0x87ED, 0xF0C8
    dd 0x87EF, 0xC2CC
    dd 0x87F2, 0xC2CE
    dd 0x87F3, 0xF0C3
    dd 0x87F4, 0xF0CF
    dd 0x87F6, 0xF2DE
    dd 0x87F7, 0xF2DF
    dd 0x87F9, 0xC3C9
    dd 0x87FA, 0xF2DC
    dd 0x87FB, 0xC3C6
    dd 0x87FC, 0xF2E4
    dd 0x87FE, 0xC3CA
    dd 0x87FF, 0xF2E6
    dd 0x8800, 0xF2DB
    dd 0x8801, 0xF0CE
    dd 0x8802, 0xF2E8
    dd 0x8803, 0xF2DD
    dd 0x8805, 0xC3C7
    dd 0x8806, 0xF2E3
    dd 0x8808, 0xF2E5
    dd 0x8809, 0xF2E0
    dd 0x880A, 0xF2E7
    dd 0x880B, 0xF2E2
    dd 0x880C, 0xF2E1
    dd 0x880D, 0xC3C8
    dd 0x8810, 0xF4C5
    dd 0x8811, 0xF4C6
    dd 0x8813, 0xF4C8
    dd 0x8814, 0xC4AE
    dd 0x8815, 0xC4AF
    dd 0x8816, 0xF4C9
    dd 0x8817, 0xF4C7
    dd 0x8819, 0xF4C4
    dd 0x881B, 0xF642
    dd 0x881C, 0xF645
    dd 0x881D, 0xF641
    dd 0x881F, 0xC4FA
    dd 0x8820, 0xF643
    dd 0x8821, 0xC4F9
    dd 0x8822, 0xC4F8
    dd 0x8823, 0xC4F7
    dd 0x8824, 0xF644
    dd 0x8825, 0xF751
    dd 0x8826, 0xF74F
    dd 0x8828, 0xF74E
    dd 0x8829, 0xF640
    dd 0x882A, 0xF750
    dd 0x882B, 0xF646
    dd 0x882C, 0xF74D
    dd 0x882E, 0xF7F9
    dd 0x882F, 0xF7D7
    dd 0x8830, 0xF7F7
    dd 0x8831, 0xC5DB
    dd 0x8832, 0xF7F8
    dd 0x8833, 0xF7FA
    dd 0x8835, 0xF8BF
    dd 0x8836, 0xC5FA
    dd 0x8837, 0xF8BE
    dd 0x8838, 0xF8BD
    dd 0x8839, 0xC5FB
    dd 0x883B, 0xC65A
    dd 0x883C, 0xF96E
    dd 0x883D, 0xF9A7
    dd 0x883E, 0xF9A6
    dd 0x883F, 0xF9A8
    dd 0x8840, 0xA6E5
    dd 0x8841, 0xD0AA
    dd 0x8843, 0xD3CF
    dd 0x8844, 0xD3D0
    dd 0x8848, 0xDBC0
    dd 0x884A, 0xF647
    dd 0x884B, 0xF8C0
    dd 0x884C, 0xA6E6
    dd 0x884D, 0xAD6C
    dd 0x884E, 0xD0AB
    dd 0x8852, 0xD7B1
    dd 0x8853, 0xB34E
    dd 0x8855, 0xDBC2
    dd 0x8856, 0xDBC1
    dd 0x8857, 0xB5F3
    dd 0x8859, 0xB8C5
    dd 0x885A, 0xE7C1
    dd 0x885B, 0xBDC3
    dd 0x885D, 0xBDC4
    dd 0x8861, 0xBFC5
    dd 0x8862, 0xC5FC
    dd 0x8863, 0xA6E7
    dd 0x8867, 0xD0AC
    dd 0x8868, 0xAAED
    dd 0x8869, 0xD0AE
    dd 0x886A, 0xD0AD
    dd 0x886B, 0xAD6D
    dd 0x886D, 0xD3D1
    dd 0x886F, 0xD3D8
    dd 0x8870, 0xB049
    dd 0x8871, 0xD3D6
    dd 0x8872, 0xD3D4
    dd 0x8874, 0xD3DB
    dd 0x8875, 0xD3D2
    dd 0x8876, 0xD3D3
    dd 0x8877, 0xB04A
    dd 0x8879, 0xB04E
    dd 0x887C, 0xD3DC
    dd 0x887D, 0xB04D
    dd 0x887E, 0xD3DA
    dd 0x887F, 0xD3D7
    dd 0x8880, 0xD3D5
    dd 0x8881, 0xB04B
    dd 0x8882, 0xB04C
    dd 0x8883, 0xD3D9
    dd 0x8888, 0xB350
    dd 0x8889, 0xD7B2
    dd 0x888B, 0xB355
    dd 0x888C, 0xD7C2
    dd 0x888D, 0xB354
    dd 0x888E, 0xD7C4
    dd 0x8891, 0xD7B8
    dd 0x8892, 0xB352
    dd 0x8893, 0xD7C3
    dd 0x8895, 0xD7B3
    dd 0x8896, 0xB353
    dd 0x8897, 0xD7BF
    dd 0x8898, 0xD7BB
    dd 0x8899, 0xD7BD
    dd 0x889A, 0xD7B7
    dd 0x889B, 0xD7BE
    dd 0x889E, 0xB34F
    dd 0x889F, 0xD7BA
    dd 0x88A1, 0xD7B9
    dd 0x88A2, 0xD7B5
    dd 0x88A4, 0xD7C0
    dd 0x88A7, 0xD7BC
    dd 0x88A8, 0xD7B4
    dd 0x88AA, 0xD7B6
    dd 0x88AB, 0xB351
    dd 0x88AC, 0xD7C1
    dd 0x88B1, 0xB5F6
    dd 0x88B2, 0xDBCD
    dd 0x88B6, 0xDBC9
    dd 0x88B7, 0xDBCB
    dd 0x88B8, 0xDBC6
    dd 0x88B9, 0xDBC5
    dd 0x88BA, 0xDBC3
    dd 0x88BC, 0xDBCA
    dd 0x88BD, 0xDBCC
    dd 0x88BE, 0xDBC8
    dd 0x88C0, 0xDBC7
    dd 0x88C1, 0xB5F4
    dd 0x88C2, 0xB5F5
    dd 0x88C9, 0xDBCF
    dd 0x88CA, 0xB8CD
    dd 0x88CB, 0xDFF2
    dd 0x88CC, 0xDFF8
    dd 0x88CD, 0xDFF3
    dd 0x88CE, 0xDFF4
    dd 0x88D0, 0xDFF9
    dd 0x88D2, 0xB8CF
    dd 0x88D4, 0xB8C7
    dd 0x88D5, 0xB8CE
    dd 0x88D6, 0xDFF1
    dd 0x88D7, 0xDBC4
    dd 0x88D8, 0xB8CA
    dd 0x88D9, 0xB8C8
    dd 0x88DA, 0xDFF7
    dd 0x88DB, 0xDFF6
    dd 0x88DC, 0xB8C9
    dd 0x88DD, 0xB8CB
    dd 0x88DE, 0xDFF5
    dd 0x88DF, 0xB8C6
    dd 0x88E1, 0xB8CC
    dd 0x88E7, 0xE3F6
    dd 0x88E8, 0xBB74
    dd 0x88EB, 0xE442
    dd 0x88EC, 0xE441
    dd 0x88EE, 0xE3FB
    dd 0x88EF, 0xBB76
    dd 0x88F0, 0xE440
    dd 0x88F1, 0xE3F7
    dd 0x88F2, 0xE3F8
    dd 0x88F3, 0xBB6E
    dd 0x88F4, 0xBB70
    dd 0x88F6, 0xE3FD
    dd 0x88F7, 0xE3F5
    dd 0x88F8, 0xBB72
    dd 0x88F9, 0xBB71
    dd 0x88FA, 0xE3F9
    dd 0x88FB, 0xE3FE
    dd 0x88FC, 0xE3FC
    dd 0x88FD, 0xBB73
    dd 0x88FE, 0xE3FA
    dd 0x8901, 0xDBCE
    dd 0x8902, 0xBB6F
    dd 0x8905, 0xE7C2
    dd 0x8906, 0xE7C9
    dd 0x8907, 0xBDC6
    dd 0x8909, 0xE7CD
    dd 0x890A, 0xBDCA
    dd 0x890B, 0xE7C5
    dd 0x890C, 0xE7C3
    dd 0x890E, 0xE7CC
    dd 0x8910, 0xBDC5
    dd 0x8911, 0xE7CB
    dd 0x8912, 0xBDC7
    dd 0x8913, 0xBDC8
    dd 0x8914, 0xE7C4
    dd 0x8915, 0xBDC9
    dd 0x8916, 0xE7CA
    dd 0x8917, 0xE7C6
    dd 0x8918, 0xE7C7
    dd 0x8919, 0xE7C8
    dd 0x891A, 0xBB75
    dd 0x891E, 0xEB70
    dd 0x891F, 0xEB7C
    dd 0x8921, 0xBFCA
    dd 0x8922, 0xEB77
    dd 0x8923, 0xEB79
    dd 0x8925, 0xBFC8
    dd 0x8926, 0xEB71
    dd 0x8927, 0xEB75
    dd 0x8929, 0xEB78
    dd 0x892A, 0xBFC6
    dd 0x892B, 0xBFC9
    dd 0x892C, 0xEB7B
    dd 0x892D, 0xEB73
    dd 0x892E, 0xEB74
    dd 0x892F, 0xEB7A
    dd 0x8930, 0xEB72
    dd 0x8931, 0xEB76
    dd 0x8932, 0xBFC7
    dd 0x8933, 0xEE72
    dd 0x8935, 0xEE71
    dd 0x8936, 0xC1B7
    dd 0x8937, 0xEE77
    dd 0x8938, 0xC1B9
    dd 0x893B, 0xC1B6
    dd 0x893C, 0xEE73
    dd 0x893D, 0xC1BA
    dd 0x893E, 0xEE74
    dd 0x8941, 0xEE75
    dd 0x8942, 0xEE78
    dd 0x8944, 0xC1B8
    dd 0x8946, 0xF0D6
    dd 0x8949, 0xF0D9
    dd 0x894B, 0xF0D3
    dd 0x894C, 0xF0D5
    dd 0x894F, 0xF0D4
    dd 0x8950, 0xF0D7
    dd 0x8951, 0xF0D8
    dd 0x8952, 0xEE76
    dd 0x8953, 0xF0D2
    dd 0x8956, 0xC3CD
    dd 0x8957, 0xF2EC
    dd 0x8958, 0xF2EF
    dd 0x8959, 0xF2F1
    dd 0x895A, 0xF2EA
    dd 0x895B, 0xF2EB
    dd 0x895C, 0xF2EE
    dd 0x895D, 0xF2F0
    dd 0x895E, 0xC3CE
    dd 0x895F, 0xC3CC
    dd 0x8960, 0xC3CB
    dd 0x8961, 0xF2ED
    dd 0x8962, 0xF2E9
    dd 0x8963, 0xF4CA
    dd 0x8964, 0xC4B0
    dd 0x8966, 0xF4CB
    dd 0x8969, 0xF649
    dd 0x896A, 0xC4FB
    dd 0x896B, 0xF64B
    dd 0x896C, 0xC4FC
    dd 0x896D, 0xF648
    dd 0x896E, 0xF64A
    dd 0x896F, 0xC5A8
    dd 0x8971, 0xF752
    dd 0x8972, 0xC5A7
    dd 0x8973, 0xF7FD
    dd 0x8974, 0xF7FC
    dd 0x8976, 0xF7FB
    dd 0x8979, 0xF948
    dd 0x897A, 0xF949
    dd 0x897B, 0xF94B
    dd 0x897C, 0xF94A
    dd 0x897E, 0xCA50
    dd 0x897F, 0xA6E8
    dd 0x8981, 0xAD6E
    dd 0x8982, 0xD7C5
    dd 0x8983, 0xB5F7
    dd 0x8985, 0xDFFA
    dd 0x8986, 0xC2D0
    dd 0x8988, 0xF2F2
    dd 0x898B, 0xA8A3
    dd 0x898F, 0xB357
    dd 0x8993, 0xB356
    dd 0x8995, 0xDBD0
    dd 0x8996, 0xB5F8
    dd 0x8997, 0xDBD2
    dd 0x8998, 0xDBD1
    dd 0x899B, 0xDFFB
    dd 0x899C, 0xB8D0
    dd 0x899D, 0xE443
    dd 0x899E, 0xE446
    dd 0x899F, 0xE445
    dd 0x89A1, 0xE444
    dd 0x89A2, 0xE7CE
    dd 0x89A3, 0xE7D0
    dd 0x89A4, 0xE7CF
    dd 0x89A6, 0xBFCC
    dd 0x89AA, 0xBFCB
    dd 0x89AC, 0xC1BB
    dd 0x89AD, 0xEE79
    dd 0x89AE, 0xEE7B
    dd 0x89AF, 0xEE7A
    dd 0x89B2, 0xC2D1
    dd 0x89B6, 0xF2F4
    dd 0x89B7, 0xF2F3
    dd 0x89B9, 0xF4CC
    dd 0x89BA, 0xC4B1
    dd 0x89BD, 0xC4FD
    dd 0x89BE, 0xF754
    dd 0x89BF, 0xF753
    dd 0x89C0, 0xC65B
    dd 0x89D2, 0xA8A4
    dd 0x89D3, 0xD0AF
    dd 0x89D4, 0xAD6F
    dd 0x89D5, 0xD7C8
    dd 0x89D6, 0xD7C6
    dd 0x89D9, 0xD7C7
    dd 0x89DA, 0xDBD4
    dd 0x89DB, 0xDBD5
    dd 0x89DC, 0xE043
    dd 0x89DD, 0xDBD3
    dd 0x89DF, 0xDFFC
    dd 0x89E0, 0xE041
    dd 0x89E1, 0xE040
    dd 0x89E2, 0xE042
    dd 0x89E3, 0xB8D1
    dd 0x89E4, 0xDFFE
    dd 0x89E5, 0xDFFD
    dd 0x89E6, 0xE044
    dd 0x89E8, 0xE449
    dd 0x89E9, 0xE447
    dd 0x89EB, 0xE448
    dd 0x89EC, 0xE7D3
    dd 0x89ED, 0xE7D1
    dd 0x89F0, 0xE7D2
    dd 0x89F1, 0xEB7D
    dd 0x89F2, 0xEE7C
    dd 0x89F3, 0xEE7D
    dd 0x89F4, 0xC2D2
    dd 0x89F6, 0xF2F5
    dd 0x89F7, 0xF4CD
    dd 0x89F8, 0xC4B2
    dd 0x89FA, 0xF64C
    dd 0x89FB, 0xF755
    dd 0x89FC, 0xC5A9
    dd 0x89FE, 0xF7FE
    dd 0x89FF, 0xF94C
    dd 0x8A00, 0xA8A5
    dd 0x8A02, 0xAD71
    dd 0x8A03, 0xAD72
    dd 0x8A04, 0xD0B0
    dd 0x8A07, 0xD0B1
    dd 0x8A08, 0xAD70
    dd 0x8A0A, 0xB054
    dd 0x8A0C, 0xB052
    dd 0x8A0E, 0xB051
    dd 0x8A0F, 0xB058
    dd 0x8A10, 0xB050
    dd 0x8A11, 0xB059
    dd 0x8A12, 0xD3DD
    dd 0x8A13, 0xB056
    dd 0x8A15, 0xB053
    dd 0x8A16, 0xB057
    dd 0x8A17, 0xB055
    dd 0x8A18, 0xB04F
    dd 0x8A1B, 0xB35F
    dd 0x8A1D, 0xB359
    dd 0x8A1E, 0xD7CC
    dd 0x8A1F, 0xB35E
    dd 0x8A22, 0xB360
    dd 0x8A23, 0xB35A
    dd 0x8A25, 0xB35B
    dd 0x8A27, 0xD7CA
    dd 0x8A2A, 0xB358
    dd 0x8A2C, 0xD7CB
    dd 0x8A2D, 0xB35D
    dd 0x8A30, 0xD7C9
    dd 0x8A31, 0xB35C
    dd 0x8A34, 0xB644
    dd 0x8A36, 0xB646
    dd 0x8A39, 0xDBD8
    dd 0x8A3A, 0xB645
    dd 0x8A3B, 0xB5F9
    dd 0x8A3C, 0xB5FD
    dd 0x8A3E, 0xB8E4
    dd 0x8A3F, 0xE049
    dd 0x8A40, 0xDBDA
    dd 0x8A41, 0xB5FE
    dd 0x8A44, 0xDBDD
    dd 0x8A45, 0xDBDE
    dd 0x8A46, 0xB643
    dd 0x8A48, 0xDBE0
    dd 0x8A4A, 0xDBE2
    dd 0x8A4C, 0xDBE3
    dd 0x8A4D, 0xDBD7
    dd 0x8A4E, 0xDBD6
    dd 0x8A4F, 0xDBE4
    dd 0x8A50, 0xB642
    dd 0x8A51, 0xDBE1
    dd 0x8A52, 0xDBDF
    dd 0x8A54, 0xB640
    dd 0x8A55, 0xB5FB
    dd 0x8A56, 0xB647
    dd 0x8A57, 0xDBDB
    dd 0x8A58, 0xDBDC
    dd 0x8A59, 0xDBD9
    dd 0x8A5B, 0xB641
    dd 0x8A5E, 0xB5FC
    dd 0x8A60, 0xB5FA
    dd 0x8A61, 0xE048
    dd 0x8A62, 0xB8DF
    dd 0x8A63, 0xB8DA
    dd 0x8A66, 0xB8D5
    dd 0x8A68, 0xB8E5
    dd 0x8A69, 0xB8D6
    dd 0x8A6B, 0xB8D2
    dd 0x8A6C, 0xB8E1
    dd 0x8A6D, 0xB8DE
    dd 0x8A6E, 0xB8E0
    dd 0x8A70, 0xB8D7
    dd 0x8A71, 0xB8DC
    dd 0x8A72, 0xB8D3
    dd 0x8A73, 0xB8D4
    dd 0x8A74, 0xE050
    dd 0x8A75, 0xE04D
    dd 0x8A76, 0xE045
    dd 0x8A77, 0xE04A
    dd 0x8A79, 0xB8E2
    dd 0x8A7A, 0xE051
    dd 0x8A7B, 0xB8E3
    dd 0x8A7C, 0xB8D9
    dd 0x8A7F, 0xE047
    dd 0x8A81, 0xE04F
    dd 0x8A82, 0xE04B
    dd 0x8A83, 0xE04E
    dd 0x8A84, 0xE04C
    dd 0x8A85, 0xB8DD
    dd 0x8A86, 0xE046
    dd 0x8A87, 0xB8D8
    dd 0x8A8B, 0xE44C
    dd 0x8A8C, 0xBB78
    dd 0x8A8D, 0xBB7B
    dd 0x8A8F, 0xE44E
    dd 0x8A91, 0xBBA5
    dd 0x8A92, 0xE44D
    dd 0x8A93, 0xBB7D
    dd 0x8A95, 0xBDCF
    dd 0x8A96, 0xE44F
    dd 0x8A98, 0xBBA4
    dd 0x8A99, 0xE44B
    dd 0x8A9A, 0xBBA6
    dd 0x8A9E, 0xBB79
    dd 0x8AA0, 0xB8DB
    dd 0x8AA1, 0xBB7C
    dd 0x8AA3, 0xBB7A
    dd 0x8AA4, 0xBB7E
    dd 0x8AA5, 0xBBA2
    dd 0x8AA6, 0xBB77
    dd 0x8AA7, 0xBBA7
    dd 0x8AA8, 0xBBA3
    dd 0x8AAA, 0xBBA1
    dd 0x8AAB, 0xE44A
    dd 0x8AB0, 0xBDD6
    dd 0x8AB2, 0xBDD2
    dd 0x8AB6, 0xBDD9
    dd 0x8AB8, 0xE7D6
    dd 0x8AB9, 0xBDDA
    dd 0x8ABA, 0xE7E2
    dd 0x8ABB, 0xE7DB
    dd 0x8ABC, 0xBDCB
    dd 0x8ABD, 0xE7E3
    dd 0x8ABE, 0xE7DD
    dd 0x8ABF, 0xBDD5
    dd 0x8AC0, 0xE7DE
    dd 0x8AC2, 0xBDD4
    dd 0x8AC3, 0xE7E1
    dd 0x8AC4, 0xBDCE
    dd 0x8AC5, 0xE7DF
    dd 0x8AC6, 0xE7D5
    dd 0x8AC7, 0xBDCD
    dd 0x8AC8, 0xEBAA
    dd 0x8AC9, 0xBDD3
    dd 0x8ACB, 0xBDD0
    dd 0x8ACD, 0xBDD8
    dd 0x8ACF, 0xE7D4
    dd 0x8AD1, 0xE7D8
    dd 0x8AD2, 0xBDCC
    dd 0x8AD3, 0xE7D7
    dd 0x8AD4, 0xE7D9
    dd 0x8AD5, 0xE7DA
    dd 0x8AD6, 0xBDD7
    dd 0x8AD7, 0xE7DC
    dd 0x8AD8, 0xE7E0
    dd 0x8AD9, 0xE7E4
    dd 0x8ADB, 0xBDDB
    dd 0x8ADC, 0xBFD2
    dd 0x8ADD, 0xEBA5
    dd 0x8ADE, 0xEBAB
    dd 0x8ADF, 0xEBA8
    dd 0x8AE0, 0xEB7E
    dd 0x8AE1, 0xEBAC
    dd 0x8AE2, 0xEBA1
    dd 0x8AE4, 0xEBA7
    dd 0x8AE6, 0xBFCD
    dd 0x8AE7, 0xBFD3
    dd 0x8AE8, 0xEBAD
    dd 0x8AEB, 0xBFCF
    dd 0x8AED, 0xBFD9
    dd 0x8AEE, 0xBFD4
    dd 0x8AEF, 0xEBAF
    dd 0x8AF0, 0xEBA9
    dd 0x8AF1, 0xBFD0
    dd 0x8AF2, 0xEBA2
    dd 0x8AF3, 0xBFDA
    dd 0x8AF4, 0xEBA3
    dd 0x8AF5, 0xEBA4
    dd 0x8AF6, 0xBFDB
    dd 0x8AF7, 0xBFD8
    dd 0x8AF8, 0xBDD1
    dd 0x8AFA, 0xBFCE
    dd 0x8AFB, 0xEBB0
    dd 0x8AFC, 0xBFDC
    dd 0x8AFE, 0xBFD5
    dd 0x8AFF, 0xEBAE
    dd 0x8B00, 0xBFD1
    dd 0x8B01, 0xBFD6
    dd 0x8B02, 0xBFD7
    dd 0x8B04, 0xC1C3
    dd 0x8B05, 0xEEA4
    dd 0x8B06, 0xEEAD
    dd 0x8B07, 0xEEAA
    dd 0x8B08, 0xEEAC
    dd 0x8B0A, 0xC1C0
    dd 0x8B0B, 0xEEA5
    dd 0x8B0D, 0xEEAB
    dd 0x8B0E, 0xC1BC
    dd 0x8B0F, 0xEEA7
    dd 0x8B10, 0xC1C4
    dd 0x8B11, 0xEEA3
    dd 0x8B12, 0xEEA8
    dd 0x8B13, 0xEEAF
    dd 0x8B14, 0xEBA6
    dd 0x8B15, 0xEEA9
    dd 0x8B16, 0xEEA2
    dd 0x8B17, 0xC1BD
    dd 0x8B18, 0xEEA1
    dd 0x8B19, 0xC1BE
    dd 0x8B1A, 0xEEB0
    dd 0x8B1B, 0xC1BF
    dd 0x8B1C, 0xEEAE
    dd 0x8B1D, 0xC1C2
    dd 0x8B1E, 0xEE7E
    dd 0x8B20, 0xC1C1
    dd 0x8B22, 0xEEA6
    dd 0x8B23, 0xF0DC
    dd 0x8B24, 0xF0EA
    dd 0x8B25, 0xF0E5
    dd 0x8B26, 0xF0E7
    dd 0x8B27, 0xF0DB
    dd 0x8B28, 0xC2D3
    dd 0x8B2A, 0xF0DA
    dd 0x8B2B, 0xC2D6
    dd 0x8B2C, 0xC2D5
    dd 0x8B2E, 0xF0E9
    dd 0x8B2F, 0xF0E1
    dd 0x8B30, 0xF0DE
    dd 0x8B31, 0xF0E4
    dd 0x8B33, 0xF0DD
    dd 0x8B35, 0xF0DF
    dd 0x8B36, 0xF0E8
    dd 0x8B37, 0xF0E6
    dd 0x8B39, 0xC2D4
    dd 0x8B3A, 0xF0ED
    dd 0x8B3B, 0xF0EB
    dd 0x8B3C, 0xF0E2
    dd 0x8B3D, 0xF0EC
    dd 0x8B3E, 0xF0E3
    dd 0x8B40, 0xF2F9
    dd 0x8B41, 0xC3CF
    dd 0x8B42, 0xF341
    dd 0x8B45, 0xF64F
    dd 0x8B46, 0xC3D6
    dd 0x8B47, 0xF0E0
    dd 0x8B48, 0xF2F7
    dd 0x8B49, 0xC3D2
    dd 0x8B4A, 0xF2F8
    dd 0x8B4B, 0xF2FD
    dd 0x8B4E, 0xC3D4
    dd 0x8B4F, 0xC3D5
    dd 0x8B50, 0xF2F6
    dd 0x8B51, 0xF340
    dd 0x8B52, 0xF342
    dd 0x8B53, 0xF2FA
    dd 0x8B54, 0xF2FC
    dd 0x8B55, 0xF2FE
    dd 0x8B56, 0xF2FB
    dd 0x8B57, 0xF343
    dd 0x8B58, 0xC3D1
    dd 0x8B59, 0xC3D7
    dd 0x8B5A, 0xC3D3
    dd 0x8B5C, 0xC3D0
    dd 0x8B5D, 0xF4D0
    dd 0x8B5F, 0xC4B7
    dd 0x8B60, 0xF4CE
    dd 0x8B63, 0xF4D2
    dd 0x8B65, 0xF4D3
    dd 0x8B66, 0xC4B5
    dd 0x8B67, 0xF4D4
    dd 0x8B68, 0xF4D1
    dd 0x8B6A, 0xF4CF
    dd 0x8B6B, 0xC4B8
    dd 0x8B6C, 0xC4B4
    dd 0x8B6D, 0xF4D5
    dd 0x8B6F, 0xC4B6
    dd 0x8B70, 0xC4B3
    dd 0x8B74, 0xC4FE
    dd 0x8B77, 0xC540
    dd 0x8B78, 0xF64E
    dd 0x8B79, 0xF64D
    dd 0x8B7A, 0xF650
    dd 0x8B7B, 0xF651
    dd 0x8B7D, 0xC541
    dd 0x8B7E, 0xF756
    dd 0x8B7F, 0xF75B
    dd 0x8B80, 0xC5AA
    dd 0x8B82, 0xF758
    dd 0x8B84, 0xF757
    dd 0x8B85, 0xF75A
    dd 0x8B86, 0xF759
    dd 0x8B88, 0xF843
    dd 0x8B8A, 0xC5DC
    dd 0x8B8B, 0xF842
    dd 0x8B8C, 0xF840
    dd 0x8B8E, 0xF841
    dd 0x8B92, 0xC5FE
    dd 0x8B93, 0xC5FD
    dd 0x8B94, 0xF8C1
    dd 0x8B95, 0xF8C2
    dd 0x8B96, 0xC640
    dd 0x8B98, 0xF94D
    dd 0x8B99, 0xF94E
    dd 0x8B9A, 0xC667
    dd 0x8B9C, 0xC66D
    dd 0x8B9E, 0xF9A9
    dd 0x8B9F, 0xF9C8
    dd 0x8C37, 0xA8A6
    dd 0x8C39, 0xD7CD
    dd 0x8C3B, 0xD7CE
    dd 0x8C3C, 0xE052
    dd 0x8C3D, 0xE450
    dd 0x8C3E, 0xE7E5
    dd 0x8C3F, 0xC1C6
    dd 0x8C41, 0xC1C5
    dd 0x8C42, 0xF0EE
    dd 0x8C43, 0xF344
    dd 0x8C45, 0xF844
    dd 0x8C46, 0xA8A7
    dd 0x8C47, 0xD3DE
    dd 0x8C48, 0xB05A
    dd 0x8C49, 0xB361
    dd 0x8C4A, 0xE054
    dd 0x8C4B, 0xE053
    dd 0x8C4C, 0xBDDC
    dd 0x8C4D, 0xE7E6
    dd 0x8C4E, 0xBDDD
    dd 0x8C4F, 0xEEB1
    dd 0x8C50, 0xC2D7
    dd 0x8C54, 0xC676
    dd 0x8C55, 0xA8A8
    dd 0x8C56, 0xCDCB
    dd 0x8C57, 0xD3DF
    dd 0x8C5A, 0xB362
    dd 0x8C5C, 0xD7CF
    dd 0x8C5D, 0xD7D0
    dd 0x8C5F, 0xDBE5
    dd 0x8C61, 0xB648
    dd 0x8C62, 0xB8E6
    dd 0x8C64, 0xE056
    dd 0x8C65, 0xE055
    dd 0x8C66, 0xE057
    dd 0x8C68, 0xE451
    dd 0x8C69, 0xE452
    dd 0x8C6A, 0xBBA8
    dd 0x8C6B, 0xBFDD
    dd 0x8C6C, 0xBDDE
    dd 0x8C6D, 0xBFDE
    dd 0x8C6F, 0xEEB5
    dd 0x8C70, 0xEEB2
    dd 0x8C71, 0xEEB4
    dd 0x8C72, 0xEEB3
    dd 0x8C73, 0xC1C7
    dd 0x8C75, 0xF0EF
    dd 0x8C76, 0xF346
    dd 0x8C77, 0xF345
    dd 0x8C78, 0xCBA4
    dd 0x8C79, 0xB05C
    dd 0x8C7A, 0xB05B
    dd 0x8C7B, 0xD3E0
    dd 0x8C7D, 0xD7D1
    dd 0x8C80, 0xDBE7
    dd 0x8C81, 0xDBE6
    dd 0x8C82, 0xB649
    dd 0x8C84, 0xE059
    dd 0x8C85, 0xE05A
    dd 0x8C86, 0xE058
    dd 0x8C89, 0xB8E8
    dd 0x8C8A, 0xB8E7
    dd 0x8C8C, 0xBBAA
    dd 0x8C8D, 0xBBA9
    dd 0x8C8F, 0xE7E7
    dd 0x8C90, 0xEBB3
    dd 0x8C91, 0xEBB1
    dd 0x8C92, 0xEBB2
    dd 0x8C93, 0xBFDF
    dd 0x8C94, 0xEEB7
    dd 0x8C95, 0xEEB6
    dd 0x8C97, 0xF0F2
    dd 0x8C98, 0xF0F1
    dd 0x8C99, 0xF0F0
    dd 0x8C9A, 0xF347
    dd 0x8C9C, 0xF9AA
    dd 0x8C9D, 0xA8A9
    dd 0x8C9E, 0xAD73
    dd 0x8CA0, 0xAD74
    dd 0x8CA1, 0xB05D
    dd 0x8CA2, 0xB05E
    dd 0x8CA3, 0xD3E2
    dd 0x8CA4, 0xD3E1
    dd 0x8CA5, 0xD7D2
    dd 0x8CA7, 0xB368
    dd 0x8CA8, 0xB366
    dd 0x8CA9, 0xB363
    dd 0x8CAA, 0xB367
    dd 0x8CAB, 0xB365
    dd 0x8CAC, 0xB364
    dd 0x8CAF, 0xB64A
    dd 0x8CB0, 0xDBEA
    dd 0x8CB2, 0xB8ED
    dd 0x8CB3, 0xB64C
    dd 0x8CB4, 0xB651
    dd 0x8CB5, 0xDBEC
    dd 0x8CB6, 0xB653
    dd 0x8CB7, 0xB652
    dd 0x8CB8, 0xB655
    dd 0x8CB9, 0xDBEB
    dd 0x8CBA, 0xDBE8
    dd 0x8CBB, 0xB64F
    dd 0x8CBC, 0xB64B
    dd 0x8CBD, 0xB64D
    dd 0x8CBE, 0xDBE9
    dd 0x8CBF, 0xB654
    dd 0x8CC0, 0xB650
    dd 0x8CC1, 0xB64E
    dd 0x8CC2, 0xB8EF
    dd 0x8CC3, 0xB8EE
    dd 0x8CC4, 0xB8EC
    dd 0x8CC5, 0xB8F0
    dd 0x8CC7, 0xB8EA
    dd 0x8CC8, 0xB8EB
    dd 0x8CCA, 0xB8E9
    dd 0x8CCC, 0xE05B
    dd 0x8CCF, 0xE454
    dd 0x8CD1, 0xBBAC
    dd 0x8CD2, 0xBBAD
    dd 0x8CD3, 0xBBAB
    dd 0x8CD5, 0xE453
    dd 0x8CD7, 0xE455
    dd 0x8CD9, 0xE7EA
    dd 0x8CDA, 0xE7EC
    dd 0x8CDC, 0xBDE7
    dd 0x8CDD, 0xE7ED
    dd 0x8CDE, 0xBDE0
    dd 0x8CDF, 0xE7E9
    dd 0x8CE0, 0xBDDF
    dd 0x8CE1, 0xBDE9
    dd 0x8CE2, 0xBDE5
    dd 0x8CE3, 0xBDE6
    dd 0x8CE4, 0xBDE2
    dd 0x8CE5, 0xE7E8
    dd 0x8CE6, 0xBDE1
    dd 0x8CE7, 0xE7EE
    dd 0x8CE8, 0xE7EB
    dd 0x8CEA, 0xBDE8
    dd 0x8CEC, 0xBDE3
    dd 0x8CED, 0xBDE4
    dd 0x8CEE, 0xEBB5
    dd 0x8CF0, 0xEBB7
    dd 0x8CF1, 0xEBB6
    dd 0x8CF3, 0xEBB8
    dd 0x8CF4, 0xBFE0
    dd 0x8CF5, 0xEBB4
    dd 0x8CF8, 0xC1CB
    dd 0x8CF9, 0xEEB8
    dd 0x8CFA, 0xC1C8
    dd 0x8CFB, 0xC1CC
    dd 0x8CFC, 0xC1CA
    dd 0x8CFD, 0xC1C9
    dd 0x8CFE, 0xF0F3
    dd 0x8D00, 0xF0F6
    dd 0x8D02, 0xF0F5
    dd 0x8D04, 0xF0F4
    dd 0x8D05, 0xC2D8
    dd 0x8D06, 0xF348
    dd 0x8D07, 0xF349
    dd 0x8D08, 0xC3D8
    dd 0x8D09, 0xF34A
    dd 0x8D0A, 0xC3D9
    dd 0x8D0D, 0xC4BA
    dd 0x8D0F, 0xC4B9
    dd 0x8D10, 0xF652
    dd 0x8D13, 0xC542
    dd 0x8D14, 0xF653
    dd 0x8D15, 0xF75C
    dd 0x8D16, 0xC5AB
    dd 0x8D17, 0xC5AC
    dd 0x8D19, 0xF845
    dd 0x8D1B, 0xC642
    dd 0x8D64, 0xA8AA
    dd 0x8D66, 0xB36A
    dd 0x8D67, 0xB369
    dd 0x8D68, 0xE05C
    dd 0x8D69, 0xE05D
    dd 0x8D6B, 0xBBAE
    dd 0x8D6C, 0xEBB9
    dd 0x8D6D, 0xBDEA
    dd 0x8D6E, 0xEBBA
    dd 0x8D6F, 0xEEB9
    dd 0x8D70, 0xA8AB
    dd 0x8D72, 0xD0B2
    dd 0x8D73, 0xAD76
    dd 0x8D74, 0xAD75
    dd 0x8D76, 0xD3E3
    dd 0x8D77, 0xB05F
    dd 0x8D78, 0xD3E4
    dd 0x8D79, 0xD7D5
    dd 0x8D7B, 0xD7D4
    dd 0x8D7D, 0xD7D3
    dd 0x8D80, 0xDBEE
    dd 0x8D81, 0xB658
    dd 0x8D84, 0xDBED
    dd 0x8D85, 0xB657
    dd 0x8D89, 0xDBEF
    dd 0x8D8A, 0xB656
    dd 0x8D8C, 0xE05F
    dd 0x8D8D, 0xE062
    dd 0x8D8E, 0xE060
    dd 0x8D8F, 0xE061
    dd 0x8D90, 0xE065
    dd 0x8D91, 0xE05E
    dd 0x8D92, 0xE066
    dd 0x8D93, 0xE063
    dd 0x8D94, 0xE064
    dd 0x8D95, 0xBBB0
    dd 0x8D96, 0xE456
    dd 0x8D99, 0xBBAF
    dd 0x8D9B, 0xE7F2
    dd 0x8D9C, 0xE7F0
    dd 0x8D9F, 0xBDEB
    dd 0x8DA0, 0xE7EF
    dd 0x8DA1, 0xE7F1
    dd 0x8DA3, 0xBDEC
    dd 0x8DA5, 0xEBBB
    dd 0x8DA7, 0xEBBC
    dd 0x8DA8, 0xC1CD
    dd 0x8DAA, 0xF34C
    dd 0x8DAB, 0xF34E
    dd 0x8DAC, 0xF34B
    dd 0x8DAD, 0xF34D
    dd 0x8DAE, 0xF4D6
    dd 0x8DAF, 0xF654
    dd 0x8DB2, 0xF96F
    dd 0x8DB3, 0xA8AC
    dd 0x8DB4, 0xAD77
    dd 0x8DB5, 0xD3E5
    dd 0x8DB6, 0xD3E7
    dd 0x8DB7, 0xD3E6
    dd 0x8DB9, 0xD7D8
    dd 0x8DBA, 0xB36C
    dd 0x8DBC, 0xD7D6
    dd 0x8DBE, 0xB36B
    dd 0x8DBF, 0xD7D9
    dd 0x8DC1, 0xD7DA
    dd 0x8DC2, 0xD7D7
    dd 0x8DC5, 0xDBFB
    dd 0x8DC6, 0xB660
    dd 0x8DC7, 0xDBF3
    dd 0x8DC8, 0xDBF9
    dd 0x8DCB, 0xB65B
    dd 0x8DCC, 0xB65E
    dd 0x8DCD, 0xDBF2
    dd 0x8DCE, 0xB659
    dd 0x8DCF, 0xDBF6
    dd 0x8DD0, 0xE06C
    dd 0x8DD1, 0xB65D
    dd 0x8DD3, 0xDBF1
    dd 0x8DD5, 0xDBF7
    dd 0x8DD6, 0xDBF4
    dd 0x8DD7, 0xDBFA
    dd 0x8DD8, 0xDBF0
    dd 0x8DD9, 0xDBF8
    dd 0x8DDA, 0xB65C
    dd 0x8DDB, 0xB65F
    dd 0x8DDC, 0xDBF5
    dd 0x8DDD, 0xB65A
    dd 0x8DDF, 0xB8F2
    dd 0x8DE0, 0xE068
    dd 0x8DE1, 0xB8F1
    dd 0x8DE2, 0xE06F
    dd 0x8DE3, 0xE06E
    dd 0x8DE4, 0xB8F8
    dd 0x8DE6, 0xB8F9
    dd 0x8DE7, 0xE070
    dd 0x8DE8, 0xB8F3
    dd 0x8DE9, 0xE06D
    dd 0x8DEA, 0xB8F7
    dd 0x8DEB, 0xE072
    dd 0x8DEC, 0xE069
    dd 0x8DEE, 0xE06B
    dd 0x8DEF, 0xB8F4
    dd 0x8DF0, 0xE067
    dd 0x8DF1, 0xE06A
    dd 0x8DF2, 0xE071
    dd 0x8DF3, 0xB8F5
    dd 0x8DF4, 0xE073
    dd 0x8DFA, 0xB8F6
    dd 0x8DFC, 0xBBB1
    dd 0x8DFD, 0xE45B
    dd 0x8DFE, 0xE461
    dd 0x8DFF, 0xE459
    dd 0x8E00, 0xE462
    dd 0x8E02, 0xE458
    dd 0x8E03, 0xE45D
    dd 0x8E04, 0xE463
    dd 0x8E05, 0xE460
    dd 0x8E06, 0xE45F
    dd 0x8E07, 0xE45E
    dd 0x8E09, 0xE457
    dd 0x8E0A, 0xE45C
    dd 0x8E0D, 0xE45A
    dd 0x8E0F, 0xBDF1
    dd 0x8E10, 0xBDEE
    dd 0x8E11, 0xE7FB
    dd 0x8E12, 0xE841
    dd 0x8E13, 0xE843
    dd 0x8E14, 0xE840
    dd 0x8E15, 0xE7F8
    dd 0x8E16, 0xE7FA
    dd 0x8E17, 0xE845
    dd 0x8E18, 0xE842
    dd 0x8E19, 0xE7FC
    dd 0x8E1A, 0xE846
    dd 0x8E1B, 0xE7F9
    dd 0x8E1C, 0xE844
    dd 0x8E1D, 0xBDEF
    dd 0x8E1E, 0xBDF5
    dd 0x8E1F, 0xBDF3
    dd 0x8E20, 0xE7F3
    dd 0x8E21, 0xBDF4
    dd 0x8E22, 0xBDF0
    dd 0x8E23, 0xE7F4
    dd 0x8E24, 0xE7F6
    dd 0x8E25, 0xE7F5
    dd 0x8E26, 0xE7FD
    dd 0x8E27, 0xE7FE
    dd 0x8E29, 0xBDF2
    dd 0x8E2B, 0xBDED
    dd 0x8E2E, 0xE7F7
    dd 0x8E30, 0xEBC6
    dd 0x8E31, 0xBFE2
    dd 0x8E33, 0xEBBD
    dd 0x8E34, 0xBFE3
    dd 0x8E35, 0xBFE6
    dd 0x8E36, 0xEBC2
    dd 0x8E38, 0xEBBF
    dd 0x8E39, 0xBFE5
    dd 0x8E3C, 0xEBC3
    dd 0x8E3D, 0xEBC4
    dd 0x8E3E, 0xEBBE
    dd 0x8E3F, 0xEBC7
    dd 0x8E40, 0xEBC0
    dd 0x8E41, 0xEBC5
    dd 0x8E42, 0xBFE4
    dd 0x8E44, 0xBFE1
    dd 0x8E45, 0xEBC1
    dd 0x8E47, 0xEEBF
    dd 0x8E48, 0xC1D0
    dd 0x8E49, 0xC1CE
    dd 0x8E4A, 0xC1D1
    dd 0x8E4B, 0xC1CF
    dd 0x8E4C, 0xEEBE
    dd 0x8E4D, 0xEEBB
    dd 0x8E4E, 0xEEBA
    dd 0x8E50, 0xEEBD
    dd 0x8E53, 0xEEBC
    dd 0x8E54, 0xF145
    dd 0x8E55, 0xC2DE
    dd 0x8E56, 0xF0FB
    dd 0x8E57, 0xF0FA
    dd 0x8E59, 0xC2D9
    dd 0x8E5A, 0xF141
    dd 0x8E5B, 0xF140
    dd 0x8E5C, 0xF0F7
    dd 0x8E5D, 0xF143
    dd 0x8E5E, 0xF0FC
    dd 0x8E5F, 0xC2DD
    dd 0x8E60, 0xF0F9
    dd 0x8E61, 0xF142
    dd 0x8E62, 0xF0F8
    dd 0x8E63, 0xC2DA
    dd 0x8E64, 0xC2DC
    dd 0x8E65, 0xF0FD
    dd 0x8E66, 0xC2DB
    dd 0x8E67, 0xF0FE
    dd 0x8E69, 0xF144
    dd 0x8E6A, 0xF352
    dd 0x8E6C, 0xC3DE
    dd 0x8E6D, 0xF34F
    dd 0x8E6F, 0xF353
    dd 0x8E72, 0xC3DB
    dd 0x8E73, 0xF351
    dd 0x8E74, 0xC3E0
    dd 0x8E76, 0xC3DD
    dd 0x8E78, 0xF350
    dd 0x8E7A, 0xC3DF
    dd 0x8E7B, 0xF354
    dd 0x8E7C, 0xC3DA
    dd 0x8E81, 0xC4BC
    dd 0x8E82, 0xC4BE
    dd 0x8E84, 0xF4D9
    dd 0x8E85, 0xC4BD
    dd 0x8E86, 0xF4D7
    dd 0x8E87, 0xC3DC
    dd 0x8E88, 0xF4D8
    dd 0x8E89, 0xC4BB
    dd 0x8E8A, 0xC543
    dd 0x8E8B, 0xC545
    dd 0x8E8C, 0xF656
    dd 0x8E8D, 0xC544
    dd 0x8E8E, 0xF655
    dd 0x8E90, 0xF761
    dd 0x8E91, 0xC5AD
    dd 0x8E92, 0xF760
    dd 0x8E93, 0xC5AE
    dd 0x8E94, 0xF75E
    dd 0x8E95, 0xF75D
    dd 0x8E96, 0xF762
    dd 0x8E97, 0xF763
    dd 0x8E98, 0xF846
    dd 0x8E9A, 0xF75F
    dd 0x8E9D, 0xF8C6
    dd 0x8E9E, 0xF8C3
    dd 0x8E9F, 0xF8C4
    dd 0x8EA0, 0xF8C5
    dd 0x8EA1, 0xC65C
    dd 0x8EA3, 0xF951
    dd 0x8EA4, 0xF950
    dd 0x8EA5, 0xF94F
    dd 0x8EA6, 0xF970
    dd 0x8EA8, 0xF9BE
    dd 0x8EA9, 0xF9AB
    dd 0x8EAA, 0xC66E
    dd 0x8EAB, 0xA8AD
    dd 0x8EAC, 0xB060
    dd 0x8EB2, 0xB8FA
    dd 0x8EBA, 0xBDF6
    dd 0x8EBD, 0xEBC8
    dd 0x8EC0, 0xC2DF
    dd 0x8EC2, 0xF355
    dd 0x8EC9, 0xF9AC
    dd 0x8ECA, 0xA8AE
    dd 0x8ECB, 0xAAEE
    dd 0x8ECC, 0xAD79
    dd 0x8ECD, 0xAD78
    dd 0x8ECF, 0xB063
    dd 0x8ED1, 0xD3E8
    dd 0x8ED2, 0xB061
    dd 0x8ED3, 0xD3E9
    dd 0x8ED4, 0xB062
    dd 0x8ED7, 0xD7DF
    dd 0x8ED8, 0xD7DB
    dd 0x8EDB, 0xB36D
    dd 0x8EDC, 0xD7DE
    dd 0x8EDD, 0xD7DD
    dd 0x8EDE, 0xD7DC
    dd 0x8EDF, 0xB36E
    dd 0x8EE0, 0xD7E0
    dd 0x8EE1, 0xD7E1
    dd 0x8EE5, 0xDC43
    dd 0x8EE6, 0xDC41
    dd 0x8EE7, 0xDC45
    dd 0x8EE8, 0xDC46
    dd 0x8EE9, 0xDC4C
    dd 0x8EEB, 0xDC48
    dd 0x8EEC, 0xDC4A
    dd 0x8EEE, 0xDC42
    dd 0x8EEF, 0xDBFC
    dd 0x8EF1, 0xDC49
    dd 0x8EF4, 0xDC4B
    dd 0x8EF5, 0xDC44
    dd 0x8EF6, 0xDC47
    dd 0x8EF7, 0xDBFD
    dd 0x8EF8, 0xB662
    dd 0x8EF9, 0xDC40
    dd 0x8EFA, 0xDBFE
    dd 0x8EFB, 0xB661
    dd 0x8EFC, 0xB663
    dd 0x8EFE, 0xB8FD
    dd 0x8EFF, 0xE075
    dd 0x8F00, 0xE077
    dd 0x8F01, 0xE076
    dd 0x8F02, 0xE07B
    dd 0x8F03, 0xB8FB
    dd 0x8F05, 0xE078
    dd 0x8F06, 0xE074
    dd 0x8F07, 0xE079
    dd 0x8F08, 0xE07A
    dd 0x8F09, 0xB8FC
    dd 0x8F0A, 0xB8FE
    dd 0x8F0B, 0xE07C
    dd 0x8F0D, 0xE467
    dd 0x8F0E, 0xE466
    dd 0x8F10, 0xE464
    dd 0x8F11, 0xE465
    dd 0x8F12, 0xBBB3
    dd 0x8F13, 0xBBB5
    dd 0x8F14, 0xBBB2
    dd 0x8F15, 0xBBB4
    dd 0x8F16, 0xE84D
    dd 0x8F17, 0xE84E
    dd 0x8F18, 0xE849
    dd 0x8F1A, 0xE84A
    dd 0x8F1B, 0xBDF8
    dd 0x8F1C, 0xBDFD
    dd 0x8F1D, 0xBDF7
    dd 0x8F1E, 0xBDFE
    dd 0x8F1F, 0xBDF9
    dd 0x8F20, 0xE84B
    dd 0x8F23, 0xE84C
    dd 0x8F24, 0xE848
    dd 0x8F25, 0xBE40
    dd 0x8F26, 0xBDFB
    dd 0x8F29, 0xBDFA
    dd 0x8F2A, 0xBDFC
    dd 0x8F2C, 0xE847
    dd 0x8F2E, 0xEBCA
    dd 0x8F2F, 0xBFE8
    dd 0x8F32, 0xEBCC
    dd 0x8F33, 0xBFEA
    dd 0x8F34, 0xEBCF
    dd 0x8F35, 0xEBCB
    dd 0x8F36, 0xEBC9
    dd 0x8F37, 0xEBCE
    dd 0x8F38, 0xBFE9
    dd 0x8F39, 0xEBCD
    dd 0x8F3B, 0xBFE7
    dd 0x8F3E, 0xC1D3
    dd 0x8F3F, 0xC1D6
    dd 0x8F40, 0xEEC1
    dd 0x8F42, 0xC1D4
    dd 0x8F43, 0xEEC0
    dd 0x8F44, 0xC1D2
    dd 0x8F45, 0xC1D5
    dd 0x8F46, 0xF146
    dd 0x8F47, 0xF147
    dd 0x8F48, 0xF148
    dd 0x8F49, 0xC2E0
    dd 0x8F4B, 0xF149
    dd 0x8F4D, 0xC2E1
    dd 0x8F4E, 0xC3E2
    dd 0x8F4F, 0xF358
    dd 0x8F50, 0xF359
    dd 0x8F51, 0xF357
    dd 0x8F52, 0xF356
    dd 0x8F53, 0xF35A
    dd 0x8F54, 0xC3E1
    dd 0x8F55, 0xF4DD
    dd 0x8F56, 0xF4DB
    dd 0x8F57, 0xF4DC
    dd 0x8F58, 0xF4DE
    dd 0x8F59, 0xF4DA
    dd 0x8F5A, 0xF4DF
    dd 0x8F5B, 0xF658
    dd 0x8F5D, 0xF659
    dd 0x8F5E, 0xF657
    dd 0x8F5F, 0xC546
    dd 0x8F60, 0xF764
    dd 0x8F61, 0xC5AF
    dd 0x8F62, 0xF765
    dd 0x8F63, 0xF848
    dd 0x8F64, 0xF847
    dd 0x8F9B, 0xA8AF
    dd 0x8F9C, 0xB664
    dd 0x8F9F, 0xB940
    dd 0x8FA3, 0xBBB6
    dd 0x8FA6, 0xBFEC
    dd 0x8FA8, 0xBFEB
    dd 0x8FAD, 0xC3E3
    dd 0x8FAE, 0xC47C
    dd 0x8FAF, 0xC547
    dd 0x8FB0, 0xA8B0
    dd 0x8FB1, 0xB064
    dd 0x8FB2, 0xB941
    dd 0x8FB4, 0xF35B
    dd 0x8FBF, 0xCBA6
    dd 0x8FC2, 0xA8B1
    dd 0x8FC4, 0xA8B4
    dd 0x8FC5, 0xA8B3
    dd 0x8FC6, 0xA8B2
    dd 0x8FC9, 0xCBA5
    dd 0x8FCB, 0xCDCD
    dd 0x8FCD, 0xCDCF
    dd 0x8FCE, 0xAAEF
    dd 0x8FD1, 0xAAF1
    dd 0x8FD2, 0xCDCC
    dd 0x8FD3, 0xCDCE
    dd 0x8FD4, 0xAAF0
    dd 0x8FD5, 0xCDD1
    dd 0x8FD6, 0xCDD0
    dd 0x8FD7, 0xCDD2
    dd 0x8FE0, 0xD0B6
    dd 0x8FE1, 0xD0B4
    dd 0x8FE2, 0xAD7C
    dd 0x8FE3, 0xD0B3
    dd 0x8FE4, 0xADA3
    dd 0x8FE5, 0xAD7E
    dd 0x8FE6, 0xAD7B
    dd 0x8FE8, 0xADA4
    dd 0x8FEA, 0xAD7D
    dd 0x8FEB, 0xADA2
    dd 0x8FED, 0xADA1
    dd 0x8FEE, 0xD0B5
    dd 0x8FF0, 0xAD7A
    dd 0x8FF4, 0xB06A
    dd 0x8FF5, 0xD3EB
    dd 0x8FF6, 0xD3F1
    dd 0x8FF7, 0xB067
    dd 0x8FF8, 0xB06E
    dd 0x8FFA, 0xB069
    dd 0x8FFB, 0xD3EE
    dd 0x8FFC, 0xD3F0
    dd 0x8FFD, 0xB06C
    dd 0x8FFE, 0xD3EA
    dd 0x8FFF, 0xD3ED
    dd 0x9000, 0xB068
    dd 0x9001, 0xB065
    dd 0x9002, 0xD3EC
    dd 0x9003, 0xB06B
    dd 0x9004, 0xD3EF
    dd 0x9005, 0xB06D
    dd 0x9006, 0xB066
    dd 0x900B, 0xD7E3
    dd 0x900C, 0xD7E6
    dd 0x900D, 0xB370
    dd 0x900F, 0xB37A
    dd 0x9010, 0xB376
    dd 0x9011, 0xD7E4
    dd 0x9014, 0xB37E
    dd 0x9015, 0xB377
    dd 0x9016, 0xB37C
    dd 0x9017, 0xB372
    dd 0x9019, 0xB36F
    dd 0x901A, 0xB371
    dd 0x901B, 0xB37D
    dd 0x901C, 0xD7E5
    dd 0x901D, 0xB375
    dd 0x901E, 0xB378
    dd 0x901F, 0xB374
    dd 0x9020, 0xB379
    dd 0x9021, 0xD7E7
    dd 0x9022, 0xB37B
    dd 0x9023, 0xB373
    dd 0x9024, 0xD7E2
    dd 0x902D, 0xDC4D
    dd 0x902E, 0xB665
    dd 0x902F, 0xDC4F
    dd 0x9031, 0xB667
    dd 0x9032, 0xB669
    dd 0x9034, 0xDC4E
    dd 0x9035, 0xB666
    dd 0x9036, 0xB66A
    dd 0x9038, 0xB668
    dd 0x903C, 0xB947
    dd 0x903D, 0xE0A3
    dd 0x903E, 0xB94F
    dd 0x903F, 0xE07E
    dd 0x9041, 0xB950
    dd 0x9042, 0xB945
    dd 0x9044, 0xE0A1
    dd 0x9047, 0xB94A
    dd 0x9049, 0xE0A2
    dd 0x904A, 0xB943
    dd 0x904B, 0xB942
    dd 0x904D, 0xB94D
    dd 0x904E, 0xB94C
    dd 0x904F, 0xB94B
    dd 0x9050, 0xB949
    dd 0x9051, 0xB94E
    dd 0x9052, 0xE07D
    dd 0x9053, 0xB944
    dd 0x9054, 0xB946
    dd 0x9055, 0xB948
    dd 0x9058, 0xBBB8
    dd 0x9059, 0xBBBB
    dd 0x905B, 0xBBBF
    dd 0x905C, 0xBBB9
    dd 0x905D, 0xBBBE
    dd 0x905E, 0xBBBC
    dd 0x9060, 0xBBB7
    dd 0x9062, 0xBBBD
    dd 0x9063, 0xBBBA
    dd 0x9067, 0xE852
    dd 0x9068, 0xBE43
    dd 0x9069, 0xBE41
    dd 0x906B, 0xE853
    dd 0x906D, 0xBE44
    dd 0x906E, 0xBE42
    dd 0x906F, 0xE851
    dd 0x9070, 0xE850
    dd 0x9072, 0xBFF0
    dd 0x9073, 0xE84F
    dd 0x9074, 0xBFEE
    dd 0x9075, 0xBFED
    dd 0x9076, 0xEBD0
    dd 0x9077, 0xBE45
    dd 0x9078, 0xBFEF
    dd 0x9079, 0xEBD1
    dd 0x907A, 0xBFF2
    dd 0x907B, 0xEBD2
    dd 0x907C, 0xBFF1
    dd 0x907D, 0xC1D8
    dd 0x907E, 0xEEC3
    dd 0x907F, 0xC1D7
    dd 0x9080, 0xC1DC
    dd 0x9081, 0xC1DA
    dd 0x9082, 0xC1DB
    dd 0x9083, 0xC2E3
    dd 0x9084, 0xC1D9
    dd 0x9085, 0xEEC2
    dd 0x9086, 0xEBD3
    dd 0x9087, 0xC2E2
    dd 0x9088, 0xC2E4
    dd 0x908A, 0xC3E4
    dd 0x908B, 0xC3E5
    dd 0x908D, 0xF4E0
    dd 0x908F, 0xC5DE
    dd 0x9090, 0xC5DD
    dd 0x9091, 0xA8B6
    dd 0x9094, 0xCA55
    dd 0x9095, 0xB06F
    dd 0x9097, 0xCA52
    dd 0x9098, 0xCA53
    dd 0x9099, 0xCA51
    dd 0x909B, 0xCA54
    dd 0x909E, 0xCBAA
    dd 0x909F, 0xCBA7
    dd 0x90A0, 0xCBAC
    dd 0x90A1, 0xCBA8
    dd 0x90A2, 0xA8B7
    dd 0x90A3, 0xA8BA
    dd 0x90A5, 0xCBA9
    dd 0x90A6, 0xA8B9
    dd 0x90A7, 0xCBAB
    dd 0x90AA, 0xA8B8
    dd 0x90AF, 0xCDD5
    dd 0x90B0, 0xCDD7
    dd 0x90B1, 0xAAF4
    dd 0x90B2, 0xCDD3
    dd 0x90B3, 0xCDD6
    dd 0x90B4, 0xCDD4
    dd 0x90B5, 0xAAF2
    dd 0x90B6, 0xAAF5
    dd 0x90B8, 0xAAF3
    dd 0x90BD, 0xD0B8
    dd 0x90BE, 0xD0BC
    dd 0x90BF, 0xD0B9
    dd 0x90C1, 0xADA7
    dd 0x90C3, 0xADA8
    dd 0x90C5, 0xD0BB
    dd 0x90C7, 0xD0BD
    dd 0x90C8, 0xD0BF
    dd 0x90CA, 0xADA5
    dd 0x90CB, 0xD0BE
    dd 0x90CE, 0xADA6
    dd 0x90D4, 0xD7EE
    dd 0x90D5, 0xD0BA
    dd 0x90D6, 0xD3F2
    dd 0x90D7, 0xD3FB
    dd 0x90D8, 0xD3F9
    dd 0x90D9, 0xD3F4
    dd 0x90DA, 0xD3F5
    dd 0x90DB, 0xD3FA
    dd 0x90DC, 0xD3FC
    dd 0x90DD, 0xB071
    dd 0x90DF, 0xD3F7
    dd 0x90E0, 0xD3F3
    dd 0x90E1, 0xB070
    dd 0x90E2, 0xB072
    dd 0x90E3, 0xD3F6
    dd 0x90E4, 0xD3FD
    dd 0x90E5, 0xD3F8
    dd 0x90E8, 0xB3A1
    dd 0x90E9, 0xD7F1
    dd 0x90EA, 0xD7E9
    dd 0x90EB, 0xD7EF
    dd 0x90EC, 0xD7F0
    dd 0x90ED, 0xB3A2
    dd 0x90EF, 0xD7E8
    dd 0x90F0, 0xD7EA
    dd 0x90F1, 0xD0B7
    dd 0x90F2, 0xD7EC
    dd 0x90F3, 0xD7ED
    dd 0x90F4, 0xD7EB
    dd 0x90F5, 0xB66C
    dd 0x90F9, 0xDC56
    dd 0x90FA, 0xEBD4
    dd 0x90FB, 0xDC57
    dd 0x90FC, 0xDC54
    dd 0x90FD, 0xB3A3
    dd 0x90FE, 0xB66E
    dd 0x90FF, 0xDC53
    dd 0x9100, 0xDC59
    dd 0x9101, 0xDC58
    dd 0x9102, 0xB66B
    dd 0x9103, 0xDC5C
    dd 0x9104, 0xDC52
    dd 0x9105, 0xDC5B
    dd 0x9106, 0xDC50
    dd 0x9107, 0xDC5A
    dd 0x9108, 0xDC55
    dd 0x9109, 0xB66D
    dd 0x910B, 0xE0AA
    dd 0x910D, 0xE0A5
    dd 0x910E, 0xE0AB
    dd 0x910F, 0xE0A6
    dd 0x9110, 0xE0A4
    dd 0x9111, 0xE0A7
    dd 0x9112, 0xB951
    dd 0x9114, 0xE0A9
    dd 0x9116, 0xE0A8
    dd 0x9117, 0xB952
    dd 0x9118, 0xBBC1
    dd 0x9119, 0xBBC0
    dd 0x911A, 0xE46E
    dd 0x911B, 0xE471
    dd 0x911C, 0xE469
    dd 0x911D, 0xE46D
    dd 0x911E, 0xBBC2
    dd 0x911F, 0xE46C
    dd 0x9120, 0xE46A
    dd 0x9121, 0xE470
    dd 0x9122, 0xE46B
    dd 0x9123, 0xE468
    dd 0x9124, 0xE46F
    dd 0x9126, 0xE859
    dd 0x9127, 0xBE48
    dd 0x9128, 0xF14A
    dd 0x9129, 0xE856
    dd 0x912A, 0xE857
    dd 0x912B, 0xE855
    dd 0x912C, 0xDC51
    dd 0x912D, 0xBE47
    dd 0x912E, 0xE85A
    dd 0x912F, 0xE854
    dd 0x9130, 0xBE46
    dd 0x9131, 0xBE49
    dd 0x9132, 0xE858
    dd 0x9133, 0xEBD5
    dd 0x9134, 0xBFF3
    dd 0x9135, 0xEBD6
    dd 0x9136, 0xEBD7
    dd 0x9138, 0xEEC4
    dd 0x9139, 0xC1DD
    dd 0x913A, 0xF14B
    dd 0x913B, 0xF14C
    dd 0x913E, 0xF14D
    dd 0x913F, 0xF35D
    dd 0x9140, 0xF35C
    dd 0x9141, 0xF4E2
    dd 0x9143, 0xF4E1
    dd 0x9144, 0xF65B
    dd 0x9145, 0xF65C
    dd 0x9146, 0xF65A
    dd 0x9147, 0xF766
    dd 0x9148, 0xC5B0
    dd 0x9149, 0xA8BB
    dd 0x914A, 0xADAA
    dd 0x914B, 0xADA9
    dd 0x914C, 0xB075
    dd 0x914D, 0xB074
    dd 0x914E, 0xD440
    dd 0x914F, 0xD441
    dd 0x9150, 0xD3FE
    dd 0x9152, 0xB073
    dd 0x9153, 0xD7F5
    dd 0x9155, 0xD7F6
    dd 0x9156, 0xD7F2
    dd 0x9157, 0xB3A4
    dd 0x9158, 0xD7F3
    dd 0x915A, 0xD7F4
    dd 0x915F, 0xDC5F
    dd 0x9160, 0xDC61
    dd 0x9161, 0xDC5D
    dd 0x9162, 0xDC60
    dd 0x9163, 0xB66F
    dd 0x9164, 0xDC5E
    dd 0x9165, 0xB670
    dd 0x9168, 0xDD73
    dd 0x9169, 0xB955
    dd 0x916A, 0xB954
    dd 0x916C, 0xB953
    dd 0x916E, 0xE0AC
    dd 0x916F, 0xE0AD
    dd 0x9172, 0xE473
    dd 0x9173, 0xE475
    dd 0x9174, 0xBBC6
    dd 0x9175, 0xBBC3
    dd 0x9177, 0xBBC5
    dd 0x9178, 0xBBC4
    dd 0x9179, 0xE474
    dd 0x917A, 0xE472
    dd 0x9180, 0xE861
    dd 0x9181, 0xE85E
    dd 0x9182, 0xE85F
    dd 0x9183, 0xBE4D
    dd 0x9184, 0xE860
    dd 0x9185, 0xE85B
    dd 0x9186, 0xE85C
    dd 0x9187, 0xBE4A
    dd 0x9189, 0xBE4B
    dd 0x918A, 0xE85D
    dd 0x918B, 0xBE4C
    dd 0x918D, 0xEBDB
    dd 0x918F, 0xEBDC
    dd 0x9190, 0xEBD9
    dd 0x9191, 0xEBDA
    dd 0x9192, 0xBFF4
    dd 0x9193, 0xEBD8
    dd 0x9199, 0xEEC8
    dd 0x919A, 0xEEC5
    dd 0x919B, 0xEEC7
    dd 0x919C, 0xC1E0
    dd 0x919D, 0xEECB
    dd 0x919E, 0xC1DF
    dd 0x919F, 0xEEC9
    dd 0x91A0, 0xEECC
    dd 0x91A1, 0xEECA
    dd 0x91A2, 0xEEC6
    dd 0x91A3, 0xC1DE
    dd 0x91A5, 0xF14F
    dd 0x91A7, 0xF150
    dd 0x91A8, 0xF14E
    dd 0x91AA, 0xF152
    dd 0x91AB, 0xC2E5
    dd 0x91AC, 0xC2E6
    dd 0x91AD, 0xF35F
    dd 0x91AE, 0xC3E7
    dd 0x91AF, 0xF151
    dd 0x91B0, 0xF35E
    dd 0x91B1, 0xC3E6
    dd 0x91B2, 0xF4E5
    dd 0x91B3, 0xF4E6
    dd 0x91B4, 0xC4BF
    dd 0x91B5, 0xF4E4
    dd 0x91B7, 0xF4E3
    dd 0x91B9, 0xF65D
    dd 0x91BA, 0xC548
    dd 0x91BC, 0xF849
    dd 0x91BD, 0xF8C8
    dd 0x91BE, 0xF8C7
    dd 0x91C0, 0xC643
    dd 0x91C1, 0xC65D
    dd 0x91C2, 0xF8C9
    dd 0x91C3, 0xF971
    dd 0x91C5, 0xC66F
    dd 0x91C6, 0xA8BC
    dd 0x91C7, 0xAAF6
    dd 0x91C9, 0xB956
    dd 0x91CB, 0xC4C0
    dd 0x91CC, 0xA8BD
    dd 0x91CD, 0xADAB
    dd 0x91CE, 0xB3A5
    dd 0x91CF, 0xB671
    dd 0x91D0, 0xC2E7
    dd 0x91D1, 0xAAF7
    dd 0x91D3, 0xD0C1
    dd 0x91D4, 0xD0C0
    dd 0x91D5, 0xD442
    dd 0x91D7, 0xB078
    dd 0x91D8, 0xB076
    dd 0x91D9, 0xB07A
    dd 0x91DA, 0xD444
    dd 0x91DC, 0xB079
    dd 0x91DD, 0xB077
    dd 0x91E2, 0xD443
    dd 0x91E3, 0xB3A8
    dd 0x91E4, 0xD7FC
    dd 0x91E6, 0xB3A7
    dd 0x91E7, 0xB3A9
    dd 0x91E8, 0xD842
    dd 0x91E9, 0xB3AB
    dd 0x91EA, 0xD7FE
    dd 0x91EB, 0xD840
    dd 0x91EC, 0xD7F7
    dd 0x91ED, 0xB3AA
    dd 0x91EE, 0xD843
    dd 0x91F1, 0xD7F9
    dd 0x91F3, 0xD7FA
    dd 0x91F4, 0xD7F8
    dd 0x91F5, 0xB3A6
    dd 0x91F7, 0xD841
    dd 0x91F8, 0xD7FB
    dd 0x91F9, 0xD7FD
    dd 0x91FD, 0xDC6D
    dd 0x91FF, 0xDC6C
    dd 0x9200, 0xDC6A
    dd 0x9201, 0xDC62
    dd 0x9202, 0xDC71
    dd 0x9203, 0xDC65
    dd 0x9204, 0xDC6F
    dd 0x9205, 0xDC76
    dd 0x9206, 0xDC6E
    dd 0x9207, 0xB679
    dd 0x9209, 0xB675
    dd 0x920A, 0xDC63
    dd 0x920C, 0xDC69
    dd 0x920D, 0xB677
    dd 0x920F, 0xDC68
    dd 0x9210, 0xB678
    dd 0x9211, 0xB67A
    dd 0x9212, 0xDC6B
    dd 0x9214, 0xB672
    dd 0x9215, 0xB673
    dd 0x9216, 0xDC77
    dd 0x9217, 0xDC75
    dd 0x9219, 0xDC74
    dd 0x921A, 0xDC66
    dd 0x921C, 0xDC72
    dd 0x921E, 0xB676
    dd 0x9223, 0xB674
    dd 0x9224, 0xDC73
    dd 0x9225, 0xDC64
    dd 0x9226, 0xDC67
    dd 0x9227, 0xDC70
    dd 0x922D, 0xE4BA
    dd 0x922E, 0xE0B7
    dd 0x9230, 0xE0B0
    dd 0x9231, 0xE0C3
    dd 0x9232, 0xE0CC
    dd 0x9233, 0xE0B3
    dd 0x9234, 0xB961
    dd 0x9236, 0xE0C0
    dd 0x9237, 0xB957
    dd 0x9238, 0xB959
    dd 0x9239, 0xB965
    dd 0x923A, 0xE0B1
    dd 0x923D, 0xB95A
    dd 0x923E, 0xB95C
    dd 0x923F, 0xB966
    dd 0x9240, 0xB95B
    dd 0x9245, 0xB964
    dd 0x9246, 0xE0B9
    dd 0x9248, 0xE0AE
    dd 0x9249, 0xB962
    dd 0x924A, 0xE0B8
    dd 0x924B, 0xB95E
    dd 0x924C, 0xE0CA
    dd 0x924D, 0xB963
    dd 0x924E, 0xE0C8
    dd 0x924F, 0xE0BC
    dd 0x9250, 0xE0C6
    dd 0x9251, 0xB960
    dd 0x9252, 0xE0AF
    dd 0x9253, 0xE0C9
    dd 0x9254, 0xE0C4
    dd 0x9256, 0xE0CB
    dd 0x9257, 0xB958
    dd 0x925A, 0xB967
    dd 0x925B, 0xB95D
    dd 0x925E, 0xE0B5
    dd 0x9260, 0xE0BD
    dd 0x9261, 0xE0C1
    dd 0x9263, 0xE0C5
    dd 0x9264, 0xB95F
    dd 0x9265, 0xE0B4
    dd 0x9266, 0xE0B2
    dd 0x9267, 0xE0BE
    dd 0x926C, 0xE0BB
    dd 0x926D, 0xE0BA
    dd 0x926F, 0xE0BF
    dd 0x9270, 0xE0C2
    dd 0x9272, 0xE0C7
    dd 0x9276, 0xE478
    dd 0x9278, 0xBBC7
    dd 0x9279, 0xE4A4
    dd 0x927A, 0xE47A
    dd 0x927B, 0xBBCC
    dd 0x927C, 0xBBD0
    dd 0x927D, 0xE4AD
    dd 0x927E, 0xE4B5
    dd 0x927F, 0xE4A6
    dd 0x9280, 0xBBC8
    dd 0x9282, 0xE4AA
    dd 0x9283, 0xE0B6
    dd 0x9285, 0xBBC9
    dd 0x9286, 0xE4B1
    dd 0x9287, 0xE4B6
    dd 0x9288, 0xE4AE
    dd 0x928A, 0xE4B0
    dd 0x928B, 0xE4B9
    dd 0x928C, 0xE4B2
    dd 0x928D, 0xE47E
    dd 0x928E, 0xE4A9
    dd 0x9291, 0xBBD1
    dd 0x9293, 0xBBCD
    dd 0x9294, 0xE47C
    dd 0x9295, 0xE4AB
    dd 0x9296, 0xBBCB
    dd 0x9297, 0xE4A5
    dd 0x9298, 0xBBCA
    dd 0x9299, 0xE4B3
    dd 0x929A, 0xE4A2
    dd 0x929B, 0xE479
    dd 0x929C, 0xBBCE
    dd 0x929D, 0xE4B8
    dd 0x92A0, 0xE47B
    dd 0x92A1, 0xE4AF
    dd 0x92A2, 0xE4AC
    dd 0x92A3, 0xE4A7
    dd 0x92A4, 0xE477
    dd 0x92A5, 0xE476
    dd 0x92A6, 0xE4A1
    dd 0x92A7, 0xE4B4
    dd 0x92A8, 0xBBCF
    dd 0x92A9, 0xE4B7
    dd 0x92AA, 0xE47D
    dd 0x92AB, 0xE4A3
    dd 0x92AC, 0xBE52
    dd 0x92B2, 0xBE5A
    dd 0x92B3, 0xBE55
    dd 0x92B4, 0xE8A4
    dd 0x92B5, 0xE8A1
    dd 0x92B6, 0xE867
    dd 0x92B7, 0xBE50
    dd 0x92BB, 0xBE4F
    dd 0x92BC, 0xBE56
    dd 0x92C0, 0xE865
    dd 0x92C1, 0xBE54
    dd 0x92C2, 0xE871
    dd 0x92C3, 0xE863
    dd 0x92C4, 0xE864
    dd 0x92C5, 0xBE4E
    dd 0x92C6, 0xE8A3
    dd 0x92C7, 0xBE58
    dd 0x92C8, 0xE874
    dd 0x92C9, 0xE879
    dd 0x92CA, 0xE873
    dd 0x92CB, 0xEBEE
    dd 0x92CC, 0xE86F
    dd 0x92CD, 0xE877
    dd 0x92CE, 0xE875
    dd 0x92CF, 0xE868
    dd 0x92D0, 0xE862
    dd 0x92D1, 0xE87D
    dd 0x92D2, 0xBE57
    dd 0x92D3, 0xE87E
    dd 0x92D5, 0xE878
    dd 0x92D7, 0xE86D
    dd 0x92D8, 0xE86B
    dd 0x92D9, 0xE866
    dd 0x92DD, 0xE86E
    dd 0x92DE, 0xE87B
    dd 0x92DF, 0xE86A
    dd 0x92E0, 0xE87A
    dd 0x92E1, 0xE8A2
    dd 0x92E4, 0xBE53
    dd 0x92E6, 0xE876
    dd 0x92E7, 0xE87C
    dd 0x92E8, 0xE872
    dd 0x92E9, 0xE86C
    dd 0x92EA, 0xBE51
    dd 0x92EE, 0xE4A8
    dd 0x92EF, 0xE870
    dd 0x92F0, 0xBE59
    dd 0x92F1, 0xE869
    dd 0x92F7, 0xEBF4
    dd 0x92F8, 0xBFF7
    dd 0x92F9, 0xEBF3
    dd 0x92FA, 0xEBF0
    dd 0x92FB, 0xEC44
    dd 0x92FC, 0xBFFB
    dd 0x92FE, 0xEC41
    dd 0x92FF, 0xEBF8
    dd 0x9300, 0xEC43
    dd 0x9301, 0xEBE9
    dd 0x9302, 0xEBF6
    dd 0x9304, 0xBFFD
    dd 0x9306, 0xEBE1
    dd 0x9308, 0xEBDF
    dd 0x9309, 0xEC42
    dd 0x930B, 0xEC40
    dd 0x930C, 0xEBFE
    dd 0x930D, 0xEBED
    dd 0x930E, 0xEBEC
    dd 0x930F, 0xEBE2
    dd 0x9310, 0xC040
    dd 0x9312, 0xEBE8
    dd 0x9313, 0xEBF2
    dd 0x9314, 0xEBFD
    dd 0x9315, 0xC043
    dd 0x9316, 0xEC45
    dd 0x9318, 0xC1E8
    dd 0x9319, 0xC045
    dd 0x931A, 0xBFFE
    dd 0x931B, 0xEBE6
    dd 0x931D, 0xEBEF
    dd 0x931E, 0xEBDE
    dd 0x931F, 0xEBE0
    dd 0x9320, 0xBFF5
    dd 0x9321, 0xC042
    dd 0x9322, 0xBFFA
    dd 0x9323, 0xEBE7
    dd 0x9324, 0xEBF7
    dd 0x9325, 0xEBF1
    dd 0x9326, 0xC041
    dd 0x9327, 0xEBDD
    dd 0x9328, 0xC1E3
    dd 0x9329, 0xEBF9
    dd 0x932A, 0xEBFC
    dd 0x932B, 0xBFFC
    dd 0x932D, 0xEBEB
    dd 0x932E, 0xC044
    dd 0x932F, 0xBFF9
    dd 0x9333, 0xBFF8
    dd 0x9334, 0xEBF5
    dd 0x9335, 0xEBFB
    dd 0x9336, 0xBFF6
    dd 0x9338, 0xEBE4
    dd 0x9339, 0xEBFA
    dd 0x933C, 0xEBE5
    dd 0x9346, 0xEBEA
    dd 0x9347, 0xEED2
    dd 0x9349, 0xEED7
    dd 0x934A, 0xC1E5
    dd 0x934B, 0xC1E7
    dd 0x934C, 0xEEDD
    dd 0x934D, 0xC1E1
    dd 0x934E, 0xEEEC
    dd 0x934F, 0xEEE3
    dd 0x9350, 0xEED8
    dd 0x9351, 0xEED9
    dd 0x9352, 0xEEE2
    dd 0x9354, 0xC1EE
    dd 0x9355, 0xEEE1
    dd 0x9356, 0xEED1
    dd 0x9357, 0xEEE0
    dd 0x9358, 0xEED4
    dd 0x9359, 0xEEED
    dd 0x935A, 0xC1ED
    dd 0x935B, 0xC1EB
    dd 0x935C, 0xEED5
    dd 0x935E, 0xEEE8
    dd 0x9360, 0xEEDA
    dd 0x9361, 0xEEE7
    dd 0x9363, 0xEEE9
    dd 0x9364, 0xEED0
    dd 0x9365, 0xC1E6
    dd 0x9367, 0xEEEA
    dd 0x936A, 0xEEDE
    dd 0x936C, 0xC1EA
    dd 0x936D, 0xEEDB
    dd 0x9370, 0xC1EC
    dd 0x9371, 0xEEE4
    dd 0x9375, 0xC1E4
    dd 0x9376, 0xEED6
    dd 0x9377, 0xEEE5
    dd 0x9379, 0xEEDF
    dd 0x937A, 0xEBE3
    dd 0x937B, 0xEEE6
    dd 0x937C, 0xEED3
    dd 0x937E, 0xC1E9
    dd 0x9380, 0xEEEB
    dd 0x9382, 0xC1E2
    dd 0x9383, 0xEECE
    dd 0x9388, 0xF160
    dd 0x9389, 0xF159
    dd 0x938A, 0xC2E9
    dd 0x938C, 0xF154
    dd 0x938D, 0xF163
    dd 0x938E, 0xF15B
    dd 0x938F, 0xEEDC
    dd 0x9391, 0xF165
    dd 0x9392, 0xF155
    dd 0x9394, 0xC2E8
    dd 0x9395, 0xF15F
    dd 0x9396, 0xC2EA
    dd 0x9397, 0xC2F2
    dd 0x9398, 0xC2F0
    dd 0x9399, 0xF161
    dd 0x939A, 0xC2F1
    dd 0x939B, 0xF157
    dd 0x939D, 0xF158
    dd 0x939E, 0xF15D
    dd 0x939F, 0xF162
    dd 0x93A1, 0xEECD
    dd 0x93A2, 0xC2EB
    dd 0x93A3, 0xF16A
    dd 0x93A4, 0xF167
    dd 0x93A5, 0xF16B
    dd 0x93A6, 0xF15E
    dd 0x93A7, 0xF15A
    dd 0x93A8, 0xF168
    dd 0x93A9, 0xF36A
    dd 0x93AA, 0xF15C
    dd 0x93AC, 0xC2EE
    dd 0x93AE, 0xC2ED
    dd 0x93AF, 0xEECF
    dd 0x93B0, 0xC2EF
    dd 0x93B1, 0xF164
    dd 0x93B2, 0xF166
    dd 0x93B3, 0xC2EC
    dd 0x93B4, 0xF169
    dd 0x93B5, 0xF153
    dd 0x93B7, 0xF156
    dd 0x93C0, 0xF373
    dd 0x93C2, 0xF363
    dd 0x93C3, 0xC3EB
    dd 0x93C4, 0xF371
    dd 0x93C7, 0xF361
    dd 0x93C8, 0xC3EC
    dd 0x93CA, 0xF36C
    dd 0x93CC, 0xF368
    dd 0x93CD, 0xC3F1
    dd 0x93CE, 0xF372
    dd 0x93CF, 0xF362
    dd 0x93D0, 0xF365
    dd 0x93D1, 0xC3E9
    dd 0x93D2, 0xF374
    dd 0x93D4, 0xF36D
    dd 0x93D5, 0xF370
    dd 0x93D6, 0xC3EF
    dd 0x93D7, 0xC3F4
    dd 0x93D8, 0xC3F2
    dd 0x93D9, 0xF369
    dd 0x93DA, 0xF364
    dd 0x93DC, 0xC3ED
    dd 0x93DD, 0xC3EE
    dd 0x93DE, 0xF360
    dd 0x93DF, 0xC3EA
    dd 0x93E1, 0xC3E8
    dd 0x93E2, 0xC3F0
    dd 0x93E3, 0xF36F
    dd 0x93E4, 0xC3F3
    dd 0x93E6, 0xF36B
    dd 0x93E7, 0xF375
    dd 0x93E8, 0xC3F5
    dd 0x93EC, 0xF367
    dd 0x93EE, 0xF36E
    dd 0x93F5, 0xF4F3
    dd 0x93F6, 0xF542
    dd 0x93F7, 0xF4F5
    dd 0x93F8, 0xF4FC
    dd 0x93F9, 0xF366
    dd 0x93FA, 0xF4FA
    dd 0x93FB, 0xF4E9
    dd 0x93FC, 0xF540
    dd 0x93FD, 0xC4C3
    dd 0x93FE, 0xF4ED
    dd 0x93FF, 0xF4FE
    dd 0x9400, 0xF4F4
    dd 0x9403, 0xC4C2
    dd 0x9406, 0xF544
    dd 0x9407, 0xF4F6
    dd 0x9409, 0xF4FB
    dd 0x940A, 0xF4FD
    dd 0x940B, 0xF4E7
    dd 0x940C, 0xF541
    dd 0x940D, 0xF4F2
    dd 0x940E, 0xF4F7
    dd 0x940F, 0xF4EB
    dd 0x9410, 0xF4EF
    dd 0x9411, 0xF543
    dd 0x9412, 0xF4F9
    dd 0x9413, 0xF4E8
    dd 0x9414, 0xF4EC
    dd 0x9415, 0xF4EE
    dd 0x9416, 0xF4F8
    dd 0x9418, 0xC4C1
    dd 0x9419, 0xF4F1
    dd 0x9420, 0xF4EA
    dd 0x9428, 0xF4F0
    dd 0x9429, 0xF661
    dd 0x942A, 0xF666
    dd 0x942B, 0xC54F
    dd 0x942C, 0xF668
    dd 0x942E, 0xC549
    dd 0x9430, 0xF664
    dd 0x9431, 0xF66A
    dd 0x9432, 0xC54E
    dd 0x9433, 0xC54A
    dd 0x9435, 0xC54B
    dd 0x9436, 0xF660
    dd 0x9437, 0xF667
    dd 0x9438, 0xC54D
    dd 0x9439, 0xF665
    dd 0x943A, 0xC54C
    dd 0x943B, 0xF65F
    dd 0x943C, 0xF663
    dd 0x943D, 0xF662
    dd 0x943F, 0xF65E
    dd 0x9440, 0xF669
    dd 0x9444, 0xC5B1
    dd 0x9445, 0xF76D
    dd 0x9446, 0xF770
    dd 0x9447, 0xF76C
    dd 0x9448, 0xF76E
    dd 0x9449, 0xF76F
    dd 0x944A, 0xF769
    dd 0x944B, 0xF76A
    dd 0x944C, 0xF767
    dd 0x944F, 0xF76B
    dd 0x9450, 0xF768
    dd 0x9451, 0xC5B2
    dd 0x9452, 0xC5B3
    dd 0x9455, 0xF84B
    dd 0x9457, 0xF84D
    dd 0x945D, 0xF84C
    dd 0x945E, 0xF84E
    dd 0x9460, 0xC5E0
    dd 0x9462, 0xF84A
    dd 0x9463, 0xC5DF
    dd 0x9464, 0xC5E1
    dd 0x9468, 0xF8CB
    dd 0x9469, 0xF8CC
    dd 0x946A, 0xC644
    dd 0x946B, 0xF8CA
    dd 0x946D, 0xF953
    dd 0x946E, 0xF952
    dd 0x946F, 0xF954
    dd 0x9470, 0xC65F
    dd 0x9471, 0xF955
    dd 0x9472, 0xC65E
    dd 0x9473, 0xF956
    dd 0x9474, 0xF972
    dd 0x9475, 0xF975
    dd 0x9476, 0xF974
    dd 0x9477, 0xC668
    dd 0x9478, 0xF973
    dd 0x947C, 0xC672
    dd 0x947D, 0xC670
    dd 0x947E, 0xC671
    dd 0x947F, 0xC677
    dd 0x9480, 0xF9C0
    dd 0x9481, 0xF9C1
    dd 0x9482, 0xF9BF
    dd 0x9483, 0xF9C9
    dd 0x9577, 0xAAF8
    dd 0x957A, 0xD844
    dd 0x957B, 0xDC78
    dd 0x957C, 0xE8A5
    dd 0x957D, 0xF376
    dd 0x9580, 0xAAF9
    dd 0x9582, 0xADAC
    dd 0x9583, 0xB07B
    dd 0x9586, 0xD845
    dd 0x9588, 0xD846
    dd 0x9589, 0xB3AC
    dd 0x958B, 0xB67D
    dd 0x958C, 0xDC7A
    dd 0x958D, 0xDC79
    dd 0x958E, 0xB6A3
    dd 0x958F, 0xB67C
    dd 0x9590, 0xDC7B
    dd 0x9591, 0xB67E
    dd 0x9592, 0xB6A2
    dd 0x9593, 0xB6A1
    dd 0x9594, 0xB67B
    dd 0x9598, 0xB968
    dd 0x959B, 0xE0D0
    dd 0x959C, 0xE0CE
    dd 0x959E, 0xE0CF
    dd 0x959F, 0xE0CD
    dd 0x95A1, 0xBBD2
    dd 0x95A3, 0xBBD5
    dd 0x95A4, 0xBBD7
    dd 0x95A5, 0xBBD6
    dd 0x95A8, 0xBBD3
    dd 0x95A9, 0xBBD4
    dd 0x95AB, 0xE8A7
    dd 0x95AC, 0xE8A6
    dd 0x95AD, 0xBE5B
    dd 0x95AE, 0xE8A8
    dd 0x95B0, 0xE8A9
    dd 0x95B1, 0xBE5C
    dd 0x95B5, 0xEC4D
    dd 0x95B6, 0xEC4B
    dd 0x95B7, 0xEEF3
    dd 0x95B9, 0xEC49
    dd 0x95BA, 0xEC4A
    dd 0x95BB, 0xC046
    dd 0x95BC, 0xEC46
    dd 0x95BD, 0xEC4E
    dd 0x95BE, 0xEC48
    dd 0x95BF, 0xEC4C
    dd 0x95C0, 0xEEEF
    dd 0x95C3, 0xEEF1
    dd 0x95C5, 0xEEF2
    dd 0x95C6, 0xC1F3
    dd 0x95C7, 0xEEEE
    dd 0x95C8, 0xC1F2
    dd 0x95C9, 0xEEF0
    dd 0x95CA, 0xC1EF
    dd 0x95CB, 0xC1F0
    dd 0x95CC, 0xC1F1
    dd 0x95CD, 0xEC47
    dd 0x95D0, 0xC2F5
    dd 0x95D1, 0xF16E
    dd 0x95D2, 0xF16C
    dd 0x95D3, 0xF16D
    dd 0x95D4, 0xC2F3
    dd 0x95D5, 0xC2F6
    dd 0x95D6, 0xC2F4
    dd 0x95DA, 0xF377
    dd 0x95DB, 0xF378
    dd 0x95DC, 0xC3F6
    dd 0x95DE, 0xF545
    dd 0x95DF, 0xF547
    dd 0x95E0, 0xF546
    dd 0x95E1, 0xC4C4
    dd 0x95E2, 0xC550
    dd 0x95E3, 0xF66D
    dd 0x95E4, 0xF66C
    dd 0x95E5, 0xF66B
    dd 0x961C, 0xAAFA
    dd 0x961E, 0xC9AA
    dd 0x9620, 0xCA58
    dd 0x9621, 0xA6E9
    dd 0x9622, 0xCA56
    dd 0x9623, 0xCA59
    dd 0x9624, 0xCA57
    dd 0x9628, 0xCBAE
    dd 0x962A, 0xA8C1
    dd 0x962C, 0xA8C2
    dd 0x962D, 0xCBB0
    dd 0x962E, 0xA8BF
    dd 0x962F, 0xCBAF
    dd 0x9630, 0xCBAD
    dd 0x9631, 0xA8C0
    dd 0x9632, 0xA8BE
    dd 0x9639, 0xCDD8
    dd 0x963A, 0xCDDB
    dd 0x963B, 0xAAFD
    dd 0x963C, 0xCDDA
    dd 0x963D, 0xCDD9
    dd 0x963F, 0xAAFC
    dd 0x9640, 0xAAFB
    dd 0x9642, 0xAB40
    dd 0x9643, 0xCDDC
    dd 0x9644, 0xAAFE
    dd 0x964A, 0xD0C6
    dd 0x964B, 0xADAE
    dd 0x964C, 0xADAF
    dd 0x964D, 0xADB0
    dd 0x964E, 0xD0C7
    dd 0x964F, 0xD0C3
    dd 0x9650, 0xADAD
    dd 0x9651, 0xD0C4
    dd 0x9653, 0xD0C5
    dd 0x9654, 0xD0C2
    dd 0x9658, 0xB0A4
    dd 0x965B, 0xB0A1
    dd 0x965C, 0xD445
    dd 0x965D, 0xB0A2
    dd 0x965E, 0xB0A5
    dd 0x965F, 0xD446
    dd 0x9661, 0xB07E
    dd 0x9662, 0xB07C
    dd 0x9663, 0xB07D
    dd 0x9664, 0xB0A3
    dd 0x966A, 0xB3AD
    dd 0x966B, 0xD849
    dd 0x966C, 0xB3B5
    dd 0x966D, 0xD848
    dd 0x966F, 0xD84B
    dd 0x9670, 0xB3B1
    dd 0x9671, 0xD84A
    dd 0x9672, 0xB6AB
    dd 0x9673, 0xB3AF
    dd 0x9674, 0xB3B2
    dd 0x9675, 0xB3AE
    dd 0x9676, 0xB3B3
    dd 0x9677, 0xB3B4
    dd 0x9678, 0xB3B0
    dd 0x967C, 0xD847
    dd 0x967D, 0xB6A7
    dd 0x967E, 0xDC7D
    dd 0x9680, 0xDCA3
    dd 0x9683, 0xDCA2
    dd 0x9684, 0xB6AC
    dd 0x9685, 0xB6A8
    dd 0x9686, 0xB6A9
    dd 0x9687, 0xDC7C
    dd 0x9688, 0xDC7E
    dd 0x9689, 0xDCA1
    dd 0x968A, 0xB6A4
    dd 0x968B, 0xB6A6
    dd 0x968D, 0xB6AA
    dd 0x968E, 0xB6A5
    dd 0x9691, 0xE0D3
    dd 0x9692, 0xE0D1
    dd 0x9693, 0xE0D2
    dd 0x9694, 0xB96A
    dd 0x9695, 0xB96B
    dd 0x9697, 0xE0D4
    dd 0x9698, 0xB969
    dd 0x9699, 0xBBD8
    dd 0x969B, 0xBBDA
    dd 0x969C, 0xBBD9
    dd 0x969E, 0xE4BB
    dd 0x96A1, 0xE4BC
    dd 0x96A2, 0xE8AB
    dd 0x96A4, 0xE8AA
    dd 0x96A7, 0xC047
    dd 0x96A8, 0xC048
    dd 0x96A9, 0xEC4F
    dd 0x96AA, 0xC049
    dd 0x96AC, 0xEEF6
    dd 0x96AE, 0xEEF4
    dd 0x96B0, 0xEEF5
    dd 0x96B1, 0xC1F4
    dd 0x96B3, 0xF16F
    dd 0x96B4, 0xC3F7
    dd 0x96B8, 0xC1F5
    dd 0x96B9, 0xAB41
    dd 0x96BB, 0xB0A6
    dd 0x96BC, 0xD447
    dd 0x96BF, 0xD84C
    dd 0x96C0, 0xB3B6
    dd 0x96C1, 0xB6AD
    dd 0x96C2, 0xDCA4
    dd 0x96C3, 0xDCA6
    dd 0x96C4, 0xB6AF
    dd 0x96C5, 0xB6AE
    dd 0x96C6, 0xB6B0
    dd 0x96C7, 0xB6B1
    dd 0x96C8, 0xDCA5
    dd 0x96C9, 0xB96E
    dd 0x96CA, 0xB96F
    dd 0x96CB, 0xB96D
    dd 0x96CC, 0xBBDB
    dd 0x96CD, 0xB96C
    dd 0x96CE, 0xE0D5
    dd 0x96D2, 0xBBDC
    dd 0x96D3, 0xE8AC
    dd 0x96D4, 0xEC50
    dd 0x96D5, 0xC04A
    dd 0x96D6, 0xC1F6
    dd 0x96D7, 0xF170
    dd 0x96D8, 0xF174
    dd 0x96D9, 0xC2F9
    dd 0x96DA, 0xF171
    dd 0x96DB, 0xC2FA
    dd 0x96DC, 0xC2F8
    dd 0x96DD, 0xF175
    dd 0x96DE, 0xC2FB
    dd 0x96DF, 0xF173
    dd 0x96E1, 0xF379
    dd 0x96E2, 0xC2F7
    dd 0x96E3, 0xC3F8
    dd 0x96E5, 0xF8CD
    dd 0x96E8, 0xAB42
    dd 0x96E9, 0xB3B8
    dd 0x96EA, 0xB3B7
    dd 0x96EF, 0xB6B2
    dd 0x96F0, 0xDCA8
    dd 0x96F1, 0xDCA7
    dd 0x96F2, 0xB6B3
    dd 0x96F5, 0xE0D9
    dd 0x96F6, 0xB973
    dd 0x96F7, 0xB970
    dd 0x96F8, 0xE0D8
    dd 0x96F9, 0xB972
    dd 0x96FA, 0xE0D6
    dd 0x96FB, 0xB971
    dd 0x96FD, 0xE0D7
    dd 0x96FF, 0xE4BD
    dd 0x9700, 0xBBDD
    dd 0x9702, 0xE8AF
    dd 0x9704, 0xBE5D
    dd 0x9705, 0xE8AD
    dd 0x9706, 0xBE5E
    dd 0x9707, 0xBE5F
    dd 0x9708, 0xE8AE
    dd 0x9709, 0xBE60
    dd 0x970B, 0xEC51
    dd 0x970D, 0xC04E
    dd 0x970E, 0xC04B
    dd 0x970F, 0xC050
    dd 0x9710, 0xEC53
    dd 0x9711, 0xC04C
    dd 0x9712, 0xEC52
    dd 0x9713, 0xC04F
    dd 0x9716, 0xC04D
    dd 0x9718, 0xEEF9
    dd 0x9719, 0xEEFB
    dd 0x971C, 0xC1F7
    dd 0x971D, 0xEEFA
    dd 0x971E, 0xC1F8
    dd 0x971F, 0xEEF8
    dd 0x9720, 0xEEF7
    dd 0x9722, 0xF177
    dd 0x9723, 0xF176
    dd 0x9724, 0xC2FC
    dd 0x9725, 0xF178
    dd 0x9726, 0xF37E
    dd 0x9727, 0xC3FA
    dd 0x9728, 0xF37D
    dd 0x9729, 0xF37A
    dd 0x972A, 0xC3F9
    dd 0x972B, 0xF37B
    dd 0x972C, 0xF37C
    dd 0x972E, 0xF548
    dd 0x972F, 0xF549
    dd 0x9730, 0xC4C5
    dd 0x9732, 0xC553
    dd 0x9735, 0xF66E
    dd 0x9738, 0xC551
    dd 0x9739, 0xC552
    dd 0x973A, 0xF66F
    dd 0x973D, 0xC5B4
    dd 0x973E, 0xC5B5
    dd 0x973F, 0xF771
    dd 0x9742, 0xC645
    dd 0x9743, 0xF8CF
    dd 0x9744, 0xC647
    dd 0x9746, 0xF8CE
    dd 0x9747, 0xF8D0
    dd 0x9748, 0xC646
    dd 0x9749, 0xF957
    dd 0x974B, 0xF9AD
    dd 0x9752, 0xAB43
    dd 0x9756, 0xB974
    dd 0x9758, 0xE4BE
    dd 0x975A, 0xE8B0
    dd 0x975B, 0xC051
    dd 0x975C, 0xC052
    dd 0x975E, 0xAB44
    dd 0x9760, 0xBE61
    dd 0x9761, 0xC3FB
    dd 0x9762, 0xADB1
    dd 0x9766, 0xC053
    dd 0x9768, 0xC5E2
    dd 0x9769, 0xADB2
    dd 0x976A, 0xD84D
    dd 0x976C, 0xDCA9
    dd 0x976E, 0xDCAB
    dd 0x9770, 0xDCAA
    dd 0x9772, 0xE0DD
    dd 0x9773, 0xE0DA
    dd 0x9774, 0xB975
    dd 0x9776, 0xB976
    dd 0x9777, 0xE0DB
    dd 0x9778, 0xE0DC
    dd 0x977A, 0xE4C0
    dd 0x977B, 0xE4C5
    dd 0x977C, 0xBBDE
    dd 0x977D, 0xE4BF
    dd 0x977E, 0xE4C1
    dd 0x977F, 0xE4C8
    dd 0x9780, 0xE4C3
    dd 0x9781, 0xE4C7
    dd 0x9782, 0xE4C4
    dd 0x9783, 0xE4C2
    dd 0x9784, 0xE4C6
    dd 0x9785, 0xBBDF
    dd 0x9788, 0xE8B3
    dd 0x978A, 0xE8B1
    dd 0x978B, 0xBE63
    dd 0x978D, 0xBE62
    dd 0x978E, 0xE8B2
    dd 0x978F, 0xBE64
    dd 0x9794, 0xEC56
    dd 0x9797, 0xEC55
    dd 0x9798, 0xC054
    dd 0x9799, 0xEC54
    dd 0x979A, 0xEEFC
    dd 0x979C, 0xEEFE
    dd 0x979D, 0xEF41
    dd 0x979E, 0xEF40
    dd 0x97A0, 0xC1F9
    dd 0x97A1, 0xEEFD
    dd 0x97A2, 0xF1A1
    dd 0x97A3, 0xC2FD
    dd 0x97A4, 0xF17D
    dd 0x97A5, 0xF1A2
    dd 0x97A6, 0xC2FE
    dd 0x97A8, 0xF17B
    dd 0x97AA, 0xF17E
    dd 0x97AB, 0xF17C
    dd 0x97AC, 0xF179
    dd 0x97AD, 0xC340
    dd 0x97AE, 0xF17A
    dd 0x97B3, 0xF3A1
    dd 0x97B6, 0xF3A3
    dd 0x97B7, 0xF3A2
    dd 0x97B9, 0xF54A
    dd 0x97BB, 0xF54B
    dd 0x97BF, 0xF670
    dd 0x97C1, 0xC5B7
    dd 0x97C3, 0xC5B6
    dd 0x97C4, 0xF84F
    dd 0x97C5, 0xF850
    dd 0x97C6, 0xC648
    dd 0x97C7, 0xF8D1
    dd 0x97C9, 0xC669
    dd 0x97CB, 0xADB3
    dd 0x97CC, 0xB6B4
    dd 0x97CD, 0xE4CA
    dd 0x97CE, 0xE4C9
    dd 0x97CF, 0xE8B5
    dd 0x97D0, 0xE8B4
    dd 0x97D3, 0xC1FA
    dd 0x97D4, 0xEF43
    dd 0x97D5, 0xEF42
    dd 0x97D6, 0xF1A5
    dd 0x97D7, 0xF1A3
    dd 0x97D8, 0xF1A6
    dd 0x97D9, 0xF1A4
    dd 0x97DC, 0xC3FC
    dd 0x97DD, 0xF3A4
    dd 0x97DE, 0xF3A5
    dd 0x97DF, 0xF3A6
    dd 0x97E1, 0xF671
    dd 0x97E3, 0xF772
    dd 0x97E5, 0xF8D2
    dd 0x97ED, 0xADB4
    dd 0x97F0, 0xEC57
    dd 0x97F1, 0xEF44
    dd 0x97F3, 0xADB5
    dd 0x97F6, 0xBBE0
    dd 0x97F8, 0xEC58
    dd 0x97F9, 0xC341
    dd 0x97FA, 0xF1A7
    dd 0x97FB, 0xC3FD
    dd 0x97FD, 0xF54C
    dd 0x97FE, 0xF54D
    dd 0x97FF, 0xC554
    dd 0x9800, 0xF851
    dd 0x9801, 0xADB6
    dd 0x9802, 0xB3BB
    dd 0x9803, 0xB3BC
    dd 0x9804, 0xD84E
    dd 0x9805, 0xB6B5
    dd 0x9806, 0xB6B6
    dd 0x9807, 0xDCAC
    dd 0x9808, 0xB6B7
    dd 0x980A, 0xB97A
    dd 0x980C, 0xB97C
    dd 0x980D, 0xE0DF
    dd 0x980E, 0xE0E0
    dd 0x980F, 0xE0DE
    dd 0x9810, 0xB977
    dd 0x9811, 0xB978
    dd 0x9812, 0xB97B
    dd 0x9813, 0xB979
    dd 0x9816, 0xE4CB
    dd 0x9817, 0xBBE1
    dd 0x9818, 0xBBE2
    dd 0x981B, 0xE8BC
    dd 0x981C, 0xBE67
    dd 0x981D, 0xE8B7
    dd 0x981E, 0xE8B6
    dd 0x9820, 0xE8BB
    dd 0x9821, 0xBE65
    dd 0x9824, 0xC05B
    dd 0x9826, 0xE8B8
    dd 0x9827, 0xE8BD
    dd 0x9828, 0xE8BA
    dd 0x9829, 0xE8B9
    dd 0x982B, 0xBE66
    dd 0x982D, 0xC059
    dd 0x982F, 0xEC5A
    dd 0x9830, 0xC055
    dd 0x9832, 0xEC5B
    dd 0x9835, 0xEC59
    dd 0x9837, 0xC058
    dd 0x9838, 0xC056
    dd 0x9839, 0xC05A
    dd 0x983B, 0xC057
    dd 0x9841, 0xEF45
    dd 0x9843, 0xEF4A
    dd 0x9844, 0xEF46
    dd 0x9845, 0xEF49
    dd 0x9846, 0xC1FB
    dd 0x9848, 0xEDD4
    dd 0x9849, 0xEF48
    dd 0x984A, 0xEF47
    dd 0x984C, 0xC344
    dd 0x984D, 0xC342
    dd 0x984E, 0xC345
    dd 0x984F, 0xC343
    dd 0x9850, 0xF1A8
    dd 0x9851, 0xF1A9
    dd 0x9852, 0xF1AA
    dd 0x9853, 0xC346
    dd 0x9857, 0xF3AA
    dd 0x9858, 0xC440
    dd 0x9859, 0xF3A8
    dd 0x985B, 0xC441
    dd 0x985C, 0xF3A7
    dd 0x985D, 0xF3A9
    dd 0x985E, 0xC3FE
    dd 0x985F, 0xF551
    dd 0x9860, 0xF54E
    dd 0x9862, 0xF54F
    dd 0x9863, 0xF550
    dd 0x9864, 0xF672
    dd 0x9865, 0xC556
    dd 0x9867, 0xC555
    dd 0x9869, 0xF774
    dd 0x986A, 0xF773
    dd 0x986B, 0xC5B8
    dd 0x986F, 0xC5E3
    dd 0x9870, 0xC649
    dd 0x9871, 0xC660
    dd 0x9872, 0xF958
    dd 0x9873, 0xF9AE
    dd 0x9874, 0xF9AF
    dd 0x98A8, 0xADB7
    dd 0x98A9, 0xDCAD
    dd 0x98AC, 0xE0E1
    dd 0x98AD, 0xE4CC
    dd 0x98AE, 0xE4CD
    dd 0x98AF, 0xBBE3
    dd 0x98B1, 0xBBE4
    dd 0x98B2, 0xE8BE
    dd 0x98B3, 0xBE68
    dd 0x98B6, 0xC1FC
    dd 0x98B8, 0xF1AB
    dd 0x98BA, 0xC347
    dd 0x98BB, 0xF3AD
    dd 0x98BC, 0xC442
    dd 0x98BD, 0xF3AC
    dd 0x98BE, 0xF3AE
    dd 0x98BF, 0xF3AB
    dd 0x98C0, 0xF675
    dd 0x98C1, 0xF552
    dd 0x98C2, 0xF553
    dd 0x98C4, 0xC4C6
    dd 0x98C6, 0xF674
    dd 0x98C9, 0xF673
    dd 0x98CB, 0xF775
    dd 0x98CC, 0xF9B0
    dd 0x98DB, 0xADB8
    dd 0x98DF, 0xADB9
    dd 0x98E2, 0xB0A7
    dd 0x98E3, 0xD448
    dd 0x98E5, 0xD84F
    dd 0x98E7, 0xB6B8
    dd 0x98E9, 0xB6BB
    dd 0x98EA, 0xB6B9
    dd 0x98EB, 0xDCAE
    dd 0x98ED, 0xB6BD
    dd 0x98EF, 0xB6BA
    dd 0x98F2, 0xB6BC
    dd 0x98F4, 0xB97E
    dd 0x98F6, 0xE0E2
    dd 0x98F9, 0xE0E3
    dd 0x98FA, 0xE8C0
    dd 0x98FC, 0xB97D
    dd 0x98FD, 0xB9A1
    dd 0x98FE, 0xB9A2
    dd 0x9900, 0xE4CF
    dd 0x9902, 0xE4CE
    dd 0x9903, 0xBBE5
    dd 0x9905, 0xBBE6
    dd 0x9907, 0xE4D0
    dd 0x9908, 0xE8BF
    dd 0x9909, 0xBBE8
    dd 0x990A, 0xBE69
    dd 0x990C, 0xBBE7
    dd 0x9910, 0xC05C
    dd 0x9911, 0xE8C1
    dd 0x9912, 0xBE6B
    dd 0x9913, 0xBE6A
    dd 0x9914, 0xE8C2
    dd 0x9915, 0xE8C5
    dd 0x9916, 0xE8C3
    dd 0x9917, 0xE8C4
    dd 0x9918, 0xBE6C
    dd 0x991A, 0xC061
    dd 0x991B, 0xC05F
    dd 0x991E, 0xC05E
    dd 0x991F, 0xEC5D
    dd 0x9921, 0xC060
    dd 0x9924, 0xEC5C
    dd 0x9925, 0xEF4B
    dd 0x9927, 0xEC5E
    dd 0x9928, 0xC05D
    dd 0x9929, 0xEC5F
    dd 0x992A, 0xEF4E
    dd 0x992B, 0xEF4C
    dd 0x992C, 0xEF4D
    dd 0x992D, 0xEF52
    dd 0x992E, 0xC34B
    dd 0x992F, 0xEF51
    dd 0x9930, 0xEF54
    dd 0x9931, 0xEF53
    dd 0x9932, 0xEF50
    dd 0x9933, 0xEF4F
    dd 0x9935, 0xC1FD
    dd 0x993A, 0xF1AE
    dd 0x993C, 0xF1AD
    dd 0x993D, 0xC34A
    dd 0x993E, 0xC348
    dd 0x993F, 0xC349
    dd 0x9941, 0xF1AC
    dd 0x9943, 0xF3B1
    dd 0x9945, 0xC443
    dd 0x9947, 0xF3B0
    dd 0x9948, 0xF3AF
    dd 0x9949, 0xC444
    dd 0x994B, 0xF558
    dd 0x994C, 0xF557
    dd 0x994E, 0xF555
    dd 0x9950, 0xF554
    dd 0x9951, 0xC4C8
    dd 0x9952, 0xC4C7
    dd 0x9953, 0xF559
    dd 0x9954, 0xF776
    dd 0x9955, 0xC5B9
    dd 0x9956, 0xF677
    dd 0x9957, 0xC557
    dd 0x9958, 0xF676
    dd 0x9959, 0xF556
    dd 0x995B, 0xF777
    dd 0x995C, 0xC5E4
    dd 0x995E, 0xC661
    dd 0x995F, 0xF959
    dd 0x9961, 0xF9B1
    dd 0x9996, 0xADBA
    dd 0x9997, 0xD850
    dd 0x9998, 0xEF55
    dd 0x9999, 0xADBB
    dd 0x999C, 0xE4D2
    dd 0x999D, 0xE4D1
    dd 0x999E, 0xEC60
    dd 0x99A1, 0xEF57
    dd 0x99A3, 0xEF56
    dd 0x99A5, 0xC34C
    dd 0x99A6, 0xF3B2
    dd 0x99A7, 0xF3B3
    dd 0x99A8, 0xC4C9
    dd 0x99AB, 0xF9B2
    dd 0x99AC, 0xB0A8
    dd 0x99AD, 0xB6BF
    dd 0x99AE, 0xB6BE
    dd 0x99AF, 0xE0E4
    dd 0x99B0, 0xE0E6
    dd 0x99B1, 0xB9A4
    dd 0x99B2, 0xE0E5
    dd 0x99B3, 0xB9A3
    dd 0x99B4, 0xB9A5
    dd 0x99B5, 0xE0E7
    dd 0x99B9, 0xE4D4
    dd 0x99BA, 0xE4D6
    dd 0x99BB, 0xE4D5
    dd 0x99BD, 0xE4D8
    dd 0x99C1, 0xBBE9
    dd 0x99C2, 0xE4D7
    dd 0x99C3, 0xE4D3
    dd 0x99C7, 0xE4D9
    dd 0x99C9, 0xE8CC
    dd 0x99CB, 0xE8CF
    dd 0x99CC, 0xE8D1
    dd 0x99CD, 0xE8C7
    dd 0x99CE, 0xE8CB
    dd 0x99CF, 0xE8C8
    dd 0x99D0, 0xBE6E
    dd 0x99D1, 0xBE71
    dd 0x99D2, 0xBE73
    dd 0x99D3, 0xE8C9
    dd 0x99D4, 0xE8CA
    dd 0x99D5, 0xBE72
    dd 0x99D6, 0xE8CD
    dd 0x99D7, 0xE8D0
    dd 0x99D8, 0xE8CE
    dd 0x99D9, 0xBE74
    dd 0x99DB, 0xBE70
    dd 0x99DC, 0xE8C6
    dd 0x99DD, 0xBE6D
    dd 0x99DF, 0xBE6F
    dd 0x99E2, 0xC063
    dd 0x99E3, 0xEC66
    dd 0x99E4, 0xEC64
    dd 0x99E5, 0xEC63
    dd 0x99E7, 0xEC69
    dd 0x99E9, 0xEC68
    dd 0x99EA, 0xEC67
    dd 0x99EC, 0xEC62
    dd 0x99ED, 0xC062
    dd 0x99EE, 0xEC61
    dd 0x99F0, 0xEC65
    dd 0x99F1, 0xC064
    dd 0x99F4, 0xEF5A
    dd 0x99F6, 0xEF5E
    dd 0x99F7, 0xEF5B
    dd 0x99F8, 0xEF5D
    dd 0x99F9, 0xEF5C
    dd 0x99FA, 0xEF59
    dd 0x99FB, 0xEF5F
    dd 0x99FC, 0xEF62
    dd 0x99FD, 0xEF60
    dd 0x99FE, 0xEF61
    dd 0x99FF, 0xC240
    dd 0x9A01, 0xC1FE
    dd 0x9A02, 0xEF58
    dd 0x9A03, 0xEF63
    dd 0x9A04, 0xF1B3
    dd 0x9A05, 0xF1B6
    dd 0x9A06, 0xF1B8
    dd 0x9A07, 0xF1B7
    dd 0x9A09, 0xF1B1
    dd 0x9A0A, 0xF1B5
    dd 0x9A0B, 0xF1B0
    dd 0x9A0D, 0xF1B2
    dd 0x9A0E, 0xC34D
    dd 0x9A0F, 0xF1AF
    dd 0x9A11, 0xF1B4
    dd 0x9A14, 0xF3C0
    dd 0x9A15, 0xF3B5
    dd 0x9A16, 0xC445
    dd 0x9A19, 0xC446
    dd 0x9A1A, 0xF3B4
    dd 0x9A1B, 0xF3B9
    dd 0x9A1C, 0xF3BF
    dd 0x9A1D, 0xF3B7
    dd 0x9A1E, 0xF3BE
    dd 0x9A20, 0xF3BB
    dd 0x9A22, 0xF3BA
    dd 0x9A23, 0xF3BD
    dd 0x9A24, 0xF3B8
    dd 0x9A25, 0xF3B6
    dd 0x9A27, 0xF3BC
    dd 0x9A29, 0xF560
    dd 0x9A2A, 0xF55E
    dd 0x9A2B, 0xC4CA
    dd 0x9A2C, 0xF55D
    dd 0x9A2D, 0xF563
    dd 0x9A2E, 0xF561
    dd 0x9A30, 0xC4CB
    dd 0x9A31, 0xF55C
    dd 0x9A32, 0xF55A
    dd 0x9A34, 0xF55B
    dd 0x9A35, 0xC4CD
    dd 0x9A36, 0xF55F
    dd 0x9A37, 0xC4CC
    dd 0x9A38, 0xF562
    dd 0x9A39, 0xF678
    dd 0x9A3A, 0xF67E
    dd 0x9A3D, 0xF679
    dd 0x9A3E, 0xC55B
    dd 0x9A3F, 0xF6A1
    dd 0x9A40, 0xC55A
    dd 0x9A41, 0xF67D
    dd 0x9A42, 0xF67C
    dd 0x9A43, 0xC559
    dd 0x9A44, 0xF67B
    dd 0x9A45, 0xC558
    dd 0x9A46, 0xF67A
    dd 0x9A48, 0xF77D
    dd 0x9A49, 0xF7A1
    dd 0x9A4A, 0xF77E
    dd 0x9A4C, 0xF77B
    dd 0x9A4D, 0xC5BB
    dd 0x9A4E, 0xF778
    dd 0x9A4F, 0xF77C
    dd 0x9A50, 0xF7A3
    dd 0x9A52, 0xF7A2
    dd 0x9A53, 0xF779
    dd 0x9A54, 0xF77A
    dd 0x9A55, 0xC5BA
    dd 0x9A56, 0xF852
    dd 0x9A57, 0xC5E7
    dd 0x9A59, 0xF853
    dd 0x9A5A, 0xC5E5
    dd 0x9A5B, 0xC5E6
    dd 0x9A5E, 0xF8D3
    dd 0x9A5F, 0xC64A
    dd 0x9A60, 0xF976
    dd 0x9A62, 0xC66A
    dd 0x9A64, 0xF9B3
    dd 0x9A65, 0xC66B
    dd 0x9A66, 0xF9B4
    dd 0x9A67, 0xF9B5
    dd 0x9A68, 0xF9C3
    dd 0x9A69, 0xF9C2
    dd 0x9A6A, 0xC67A
    dd 0x9A6B, 0xF9CD
    dd 0x9AA8, 0xB0A9
    dd 0x9AAB, 0xE0E9
    dd 0x9AAD, 0xE0E8
    dd 0x9AAF, 0xBBEA
    dd 0x9AB0, 0xBBEB
    dd 0x9AB1, 0xE4DA
    dd 0x9AB3, 0xE8D2
    dd 0x9AB4, 0xEC6C
    dd 0x9AB7, 0xBE75
    dd 0x9AB8, 0xC065
    dd 0x9AB9, 0xEC6A
    dd 0x9ABB, 0xEC6D
    dd 0x9ABC, 0xC066
    dd 0x9ABE, 0xEF64
    dd 0x9ABF, 0xEC6B
    dd 0x9AC0, 0xF1B9
    dd 0x9AC1, 0xC34E
    dd 0x9AC2, 0xF3C1
    dd 0x9AC6, 0xF566
    dd 0x9AC7, 0xF564
    dd 0x9ACA, 0xF565
    dd 0x9ACD, 0xF6A2
    dd 0x9ACF, 0xC55C
    dd 0x9AD0, 0xF7A4
    dd 0x9AD1, 0xC5EA
    dd 0x9AD2, 0xC5BC
    dd 0x9AD3, 0xC5E8
    dd 0x9AD4, 0xC5E9
    dd 0x9AD5, 0xF8D4
    dd 0x9AD6, 0xC662
    dd 0x9AD8, 0xB0AA
    dd 0x9ADC, 0xF1BA
    dd 0x9ADF, 0xD449
    dd 0x9AE1, 0xB9A6
    dd 0x9AE3, 0xE4DB
    dd 0x9AE6, 0xBBEC
    dd 0x9AE7, 0xE4DC
    dd 0x9AEB, 0xE8D4
    dd 0x9AEC, 0xE8D3
    dd 0x9AED, 0xC068
    dd 0x9AEE, 0xBE76
    dd 0x9AEF, 0xBE77
    dd 0x9AF1, 0xE8D7
    dd 0x9AF2, 0xE8D6
    dd 0x9AF3, 0xE8D5
    dd 0x9AF6, 0xEC6E
    dd 0x9AF7, 0xEC71
    dd 0x9AF9, 0xEC70
    dd 0x9AFA, 0xEC6F
    dd 0x9AFB, 0xC067
    dd 0x9AFC, 0xEF68
    dd 0x9AFD, 0xEF66
    dd 0x9AFE, 0xEF65
    dd 0x9B01, 0xEF67
    dd 0x9B03, 0xC34F
    dd 0x9B04, 0xF1BC
    dd 0x9B05, 0xF1BD
    dd 0x9B06, 0xC350
    dd 0x9B08, 0xF1BB
    dd 0x9B0A, 0xF3C3
    dd 0x9B0B, 0xF3C2
    dd 0x9B0C, 0xF3C5
    dd 0x9B0D, 0xC447
    dd 0x9B0E, 0xF3C4
    dd 0x9B10, 0xF567
    dd 0x9B11, 0xF569
    dd 0x9B12, 0xF568
    dd 0x9B15, 0xF6A3
    dd 0x9B16, 0xF6A6
    dd 0x9B17, 0xF6A4
    dd 0x9B18, 0xF6A5
    dd 0x9B19, 0xF7A5
    dd 0x9B1A, 0xC5BD
    dd 0x9B1E, 0xF854
    dd 0x9B1F, 0xF855
    dd 0x9B20, 0xF856
    dd 0x9B22, 0xC64B
    dd 0x9B23, 0xC663
    dd 0x9B24, 0xF9B6
    dd 0x9B25, 0xB0AB
    dd 0x9B27, 0xBE78
    dd 0x9B28, 0xC069
    dd 0x9B29, 0xF1BE
    dd 0x9B2B, 0xF7A6
    dd 0x9B2E, 0xF9C4
    dd 0x9B2F, 0xD44A
    dd 0x9B31, 0xC67B
    dd 0x9B32, 0xB0AC
    dd 0x9B33, 0xEC72
    dd 0x9B35, 0xF1BF
    dd 0x9B37, 0xF3C6
    dd 0x9B3A, 0xF6A7
    dd 0x9B3B, 0xF7A7
    dd 0x9B3C, 0xB0AD
    dd 0x9B3E, 0xE4DD
    dd 0x9B3F, 0xE4DE
    dd 0x9B41, 0xBBED
    dd 0x9B42, 0xBBEE
    dd 0x9B43, 0xE8D9
    dd 0x9B44, 0xBE7A
    dd 0x9B45, 0xBE79
    dd 0x9B46, 0xE8D8
    dd 0x9B48, 0xEF69
    dd 0x9B4A, 0xF1C0
    dd 0x9B4B, 0xF1C2
    dd 0x9B4C, 0xF1C1
    dd 0x9B4D, 0xC353
    dd 0x9B4E, 0xC352
    dd 0x9B4F, 0xC351
    dd 0x9B51, 0xC55E
    dd 0x9B52, 0xF6A8
    dd 0x9B54, 0xC55D
    dd 0x9B55, 0xF7A9
    dd 0x9B56, 0xF7A8
    dd 0x9B58, 0xC64C
    dd 0x9B59, 0xF8D5
    dd 0x9B5A, 0xB3BD
    dd 0x9B5B, 0xE0EA
    dd 0x9B5F, 0xE4E1
    dd 0x9B60, 0xE4DF
    dd 0x9B61, 0xE4E0
    dd 0x9B64, 0xE8E2
    dd 0x9B66, 0xE8DD
    dd 0x9B67, 0xE8DA
    dd 0x9B68, 0xE8E1
    dd 0x9B6C, 0xE8E3
    dd 0x9B6F, 0xBE7C
    dd 0x9B70, 0xE8E0
    dd 0x9B71, 0xE8DC
    dd 0x9B74, 0xE8DB
    dd 0x9B75, 0xE8DF
    dd 0x9B76, 0xE8DE
    dd 0x9B77, 0xBE7B
    dd 0x9B7A, 0xEC7D
    dd 0x9B7B, 0xEC78
    dd 0x9B7C, 0xEC76
    dd 0x9B7D, 0xECA1
    dd 0x9B7E, 0xEC77
    dd 0x9B80, 0xEC73
    dd 0x9B82, 0xEC79
    dd 0x9B85, 0xEC74
    dd 0x9B86, 0xEF72
    dd 0x9B87, 0xEC75
    dd 0x9B88, 0xECA2
    dd 0x9B90, 0xEC7C
    dd 0x9B91, 0xC06A
    dd 0x9B92, 0xEC7B
    dd 0x9B93, 0xEC7A
    dd 0x9B95, 0xEC7E
    dd 0x9B9A, 0xEF6A
    dd 0x9B9B, 0xEF6D
    dd 0x9B9E, 0xEF6C
    dd 0x9BA0, 0xEF74
    dd 0x9BA1, 0xEF6F
    dd 0x9BA2, 0xEF73
    dd 0x9BA4, 0xEF71
    dd 0x9BA5, 0xEF70
    dd 0x9BA6, 0xEF6E
    dd 0x9BA8, 0xEF6B
    dd 0x9BAA, 0xC243
    dd 0x9BAB, 0xC242
    dd 0x9BAD, 0xC244
    dd 0x9BAE, 0xC241
    dd 0x9BAF, 0xEF75
    dd 0x9BB5, 0xF1C8
    dd 0x9BB6, 0xF1CB
    dd 0x9BB8, 0xF1C9
    dd 0x9BB9, 0xF1CD
    dd 0x9BBD, 0xF1CE
    dd 0x9BBF, 0xF1C6
    dd 0x9BC0, 0xC358
    dd 0x9BC1, 0xF1C7
    dd 0x9BC3, 0xF1C5
    dd 0x9BC4, 0xF1CC
    dd 0x9BC6, 0xF1C4
    dd 0x9BC7, 0xF1C3
    dd 0x9BC8, 0xC357
    dd 0x9BC9, 0xC355
    dd 0x9BCA, 0xC354
    dd 0x9BD3, 0xF1CA
    dd 0x9BD4, 0xF3CF
    dd 0x9BD5, 0xF3D5
    dd 0x9BD6, 0xC44A
    dd 0x9BD7, 0xF3D0
    dd 0x9BD9, 0xF3D3
    dd 0x9BDA, 0xF3D7
    dd 0x9BDB, 0xC44B
    dd 0x9BDC, 0xF3D2
    dd 0x9BDE, 0xF3CA
    dd 0x9BE0, 0xF3C9
    dd 0x9BE1, 0xF3D6
    dd 0x9BE2, 0xF3CD
    dd 0x9BE4, 0xF3CB
    dd 0x9BE5, 0xF3D4
    dd 0x9BE6, 0xF3CC
    dd 0x9BE7, 0xC449
    dd 0x9BE8, 0xC448
    dd 0x9BEA, 0xF3C7
    dd 0x9BEB, 0xF3C8
    dd 0x9BEC, 0xF3D1
    dd 0x9BF0, 0xF3CE
    dd 0x9BF7, 0xF56C
    dd 0x9BF8, 0xF56F
    dd 0x9BFD, 0xC356
    dd 0x9C05, 0xF56D
    dd 0x9C06, 0xF573
    dd 0x9C07, 0xF571
    dd 0x9C08, 0xF56B
    dd 0x9C09, 0xF576
    dd 0x9C0B, 0xF56A
    dd 0x9C0D, 0xC4CF
    dd 0x9C0E, 0xF572
    dd 0x9C12, 0xF56E
    dd 0x9C13, 0xC4CE
    dd 0x9C14, 0xF575
    dd 0x9C17, 0xF574
    dd 0x9C1C, 0xF6AB
    dd 0x9C1D, 0xF6AA
    dd 0x9C21, 0xF6B1
    dd 0x9C23, 0xF6AD
    dd 0x9C24, 0xF6B0
    dd 0x9C25, 0xC560
    dd 0x9C28, 0xF6AE
    dd 0x9C29, 0xF6AF
    dd 0x9C2B, 0xF6A9
    dd 0x9C2C, 0xF6AC
    dd 0x9C2D, 0xC55F
    dd 0x9C31, 0xC5BF
    dd 0x9C32, 0xF7B4
    dd 0x9C33, 0xF7AF
    dd 0x9C34, 0xF7B3
    dd 0x9C36, 0xF7B6
    dd 0x9C37, 0xF7B2
    dd 0x9C39, 0xF7AE
    dd 0x9C3B, 0xC5C1
    dd 0x9C3C, 0xF7B1
    dd 0x9C3D, 0xF7B5
    dd 0x9C3E, 0xC5C0
    dd 0x9C3F, 0xF7AC
    dd 0x9C40, 0xF570
    dd 0x9C41, 0xF7B0
    dd 0x9C44, 0xF7AD
    dd 0x9C46, 0xF7AA
    dd 0x9C48, 0xF7AB
    dd 0x9C49, 0xC5BE
    dd 0x9C4A, 0xF85A
    dd 0x9C4B, 0xF85C
    dd 0x9C4C, 0xF85F
    dd 0x9C4D, 0xF85B
    dd 0x9C4E, 0xF860
    dd 0x9C50, 0xF859
    dd 0x9C52, 0xF857
    dd 0x9C54, 0xC5EB
    dd 0x9C55, 0xF85D
    dd 0x9C56, 0xC5ED
    dd 0x9C57, 0xC5EC
    dd 0x9C58, 0xF858
    dd 0x9C59, 0xF85E
    dd 0x9C5E, 0xF8DA
    dd 0x9C5F, 0xC64D
    dd 0x9C60, 0xF8DB
    dd 0x9C62, 0xF8D9
    dd 0x9C63, 0xF8D6
    dd 0x9C66, 0xF8D8
    dd 0x9C67, 0xF8D7
    dd 0x9C68, 0xF95A
    dd 0x9C6D, 0xF95C
    dd 0x9C6E, 0xF95B
    dd 0x9C71, 0xF979
    dd 0x9C73, 0xF978
    dd 0x9C74, 0xF977
    dd 0x9C75, 0xF97A
    dd 0x9C77, 0xC673
    dd 0x9C78, 0xC674
    dd 0x9C79, 0xF9CA
    dd 0x9C7A, 0xF9CE
    dd 0x9CE5, 0xB3BE
    dd 0x9CE6, 0xDCAF
    dd 0x9CE7, 0xE0ED
    dd 0x9CE9, 0xB9A7
    dd 0x9CEA, 0xE0EB
    dd 0x9CED, 0xE0EC
    dd 0x9CF1, 0xE4E2
    dd 0x9CF2, 0xE4E3
    dd 0x9CF3, 0xBBF1
    dd 0x9CF4, 0xBBEF
    dd 0x9CF5, 0xE4E4
    dd 0x9CF6, 0xBBF0
    dd 0x9CF7, 0xE8E8
    dd 0x9CF9, 0xE8EB
    dd 0x9CFA, 0xE8E5
    dd 0x9CFB, 0xE8EC
    dd 0x9CFC, 0xE8E4
    dd 0x9CFD, 0xE8E6
    dd 0x9CFF, 0xE8E7
    dd 0x9D00, 0xE8EA
    dd 0x9D03, 0xBEA1
    dd 0x9D04, 0xE8EF
    dd 0x9D05, 0xE8EE
    dd 0x9D06, 0xBE7D
    dd 0x9D07, 0xE8E9
    dd 0x9D08, 0xE8ED
    dd 0x9D09, 0xBE7E
    dd 0x9D10, 0xECAC
    dd 0x9D12, 0xC06F
    dd 0x9D14, 0xECA7
    dd 0x9D15, 0xC06B
    dd 0x9D17, 0xECA4
    dd 0x9D18, 0xECAA
    dd 0x9D19, 0xECAD
    dd 0x9D1B, 0xC070
    dd 0x9D1D, 0xECA9
    dd 0x9D1E, 0xECA6
    dd 0x9D1F, 0xECAE
    dd 0x9D20, 0xECA5
    dd 0x9D22, 0xECAB
    dd 0x9D23, 0xC06C
    dd 0x9D25, 0xECA3
    dd 0x9D26, 0xC06D
    dd 0x9D28, 0xC06E
    dd 0x9D29, 0xECA8
    dd 0x9D2D, 0xEFA9
    dd 0x9D2E, 0xEF7A
    dd 0x9D2F, 0xEF7B
    dd 0x9D30, 0xEF7E
    dd 0x9D31, 0xEF7C
    dd 0x9D33, 0xEF76
    dd 0x9D36, 0xEF79
    dd 0x9D37, 0xEFA5
    dd 0x9D38, 0xEF7D
    dd 0x9D3B, 0xC245
    dd 0x9D3D, 0xEFA7
    dd 0x9D3E, 0xEFA4
    dd 0x9D3F, 0xC246
    dd 0x9D40, 0xEFA6
    dd 0x9D41, 0xEF77
    dd 0x9D42, 0xEFA2
    dd 0x9D43, 0xEFA3
    dd 0x9D45, 0xEFA1
    dd 0x9D4A, 0xF1D2
    dd 0x9D4B, 0xF1D4
    dd 0x9D4C, 0xF1D7
    dd 0x9D4F, 0xF1D1
    dd 0x9D51, 0xC359
    dd 0x9D52, 0xF1D9
    dd 0x9D53, 0xF1D0
    dd 0x9D54, 0xF1DA
    dd 0x9D56, 0xF1D6
    dd 0x9D57, 0xF1D8
    dd 0x9D58, 0xF1DC
    dd 0x9D59, 0xF1D5
    dd 0x9D5A, 0xF1DD
    dd 0x9D5B, 0xF1D3
    dd 0x9D5C, 0xF1CF
    dd 0x9D5D, 0xC35A
    dd 0x9D5F, 0xF1DB
    dd 0x9D60, 0xC35B
    dd 0x9D61, 0xC44D
    dd 0x9D67, 0xEF78
    dd 0x9D68, 0xF3F1
    dd 0x9D69, 0xF3E8
    dd 0x9D6A, 0xC44F
    dd 0x9D6B, 0xF3E4
    dd 0x9D6C, 0xC450
    dd 0x9D6F, 0xF3ED
    dd 0x9D70, 0xF3E7
    dd 0x9D71, 0xF3DD
    dd 0x9D72, 0xC44E
    dd 0x9D73, 0xF3EA
    dd 0x9D74, 0xF3E5
    dd 0x9D75, 0xF3E6
    dd 0x9D77, 0xF3D8
    dd 0x9D78, 0xF3DF
    dd 0x9D79, 0xF3EE
    dd 0x9D7B, 0xF3EB
    dd 0x9D7D, 0xF3E3
    dd 0x9D7F, 0xF3EF
    dd 0x9D80, 0xF3DE
    dd 0x9D81, 0xF3D9
    dd 0x9D82, 0xF3EC
    dd 0x9D84, 0xF3DB
    dd 0x9D85, 0xF3E9
    dd 0x9D86, 0xF3E0
    dd 0x9D87, 0xF3F0
    dd 0x9D88, 0xF3DC
    dd 0x9D89, 0xC44C
    dd 0x9D8A, 0xF3DA
    dd 0x9D8B, 0xF3E1
    dd 0x9D8C, 0xF3E2
    dd 0x9D90, 0xF57D
    dd 0x9D92, 0xF57B
    dd 0x9D94, 0xF5A2
    dd 0x9D96, 0xF5AE
    dd 0x9D97, 0xF5A5
    dd 0x9D98, 0xF57C
    dd 0x9D99, 0xF578
    dd 0x9D9A, 0xF5A7
    dd 0x9D9B, 0xF57E
    dd 0x9D9C, 0xF5A3
    dd 0x9D9D, 0xF57A
    dd 0x9D9E, 0xF5AA
    dd 0x9D9F, 0xF577
    dd 0x9DA0, 0xF5A1
    dd 0x9DA1, 0xF5A6
    dd 0x9DA2, 0xF5A8
    dd 0x9DA3, 0xF5AB
    dd 0x9DA4, 0xF579
    dd 0x9DA6, 0xF5AF
    dd 0x9DA7, 0xF5B0
    dd 0x9DA8, 0xF5A9
    dd 0x9DA9, 0xF5AD
    dd 0x9DAA, 0xF5A4
    dd 0x9DAC, 0xF6C1
    dd 0x9DAD, 0xF6C4
    dd 0x9DAF, 0xC561
    dd 0x9DB1, 0xF6C3
    dd 0x9DB2, 0xF6C8
    dd 0x9DB3, 0xF6C6
    dd 0x9DB4, 0xC562
    dd 0x9DB5, 0xF6BD
    dd 0x9DB6, 0xF6B3
    dd 0x9DB7, 0xF6B2
    dd 0x9DB8, 0xC564
    dd 0x9DB9, 0xF6BF
    dd 0x9DBA, 0xF6C0
    dd 0x9DBB, 0xF6BC
    dd 0x9DBC, 0xF6B4
    dd 0x9DBE, 0xF6B9
    dd 0x9DBF, 0xF5AC
    dd 0x9DC1, 0xF6B5
    dd 0x9DC2, 0xC563
    dd 0x9DC3, 0xF6BB
    dd 0x9DC5, 0xF6BA
    dd 0x9DC7, 0xF6B6
    dd 0x9DC8, 0xF6C2
    dd 0x9DCA, 0xF6B7
    dd 0x9DCB, 0xF7BB
    dd 0x9DCC, 0xF6C5
    dd 0x9DCD, 0xF6C7
    dd 0x9DCE, 0xF6BE
    dd 0x9DCF, 0xF6B8
    dd 0x9DD0, 0xF7BC
    dd 0x9DD1, 0xF7BE
    dd 0x9DD2, 0xF7B8
    dd 0x9DD3, 0xC5C2
    dd 0x9DD5, 0xF7C5
    dd 0x9DD6, 0xF7C3
    dd 0x9DD7, 0xC5C3
    dd 0x9DD8, 0xF7C2
    dd 0x9DD9, 0xF7C1
    dd 0x9DDA, 0xF7BA
    dd 0x9DDB, 0xF7B7
    dd 0x9DDC, 0xF7BD
    dd 0x9DDD, 0xF7C6
    dd 0x9DDE, 0xF7B9
    dd 0x9DDF, 0xF7BF
    dd 0x9DE1, 0xF869
    dd 0x9DE2, 0xF86E
    dd 0x9DE3, 0xF864
    dd 0x9DE4, 0xF867
    dd 0x9DE5, 0xC5EE
    dd 0x9DE6, 0xF86B
    dd 0x9DE8, 0xF872
    dd 0x9DE9, 0xF7C0
    dd 0x9DEB, 0xF865
    dd 0x9DEC, 0xF86F
    dd 0x9DED, 0xF873
    dd 0x9DEE, 0xF86A
    dd 0x9DEF, 0xF863
    dd 0x9DF0, 0xF86D
    dd 0x9DF2, 0xF86C
    dd 0x9DF3, 0xF871
    dd 0x9DF4, 0xF870
    dd 0x9DF5, 0xF7C4
    dd 0x9DF6, 0xF868
    dd 0x9DF7, 0xF862
    dd 0x9DF8, 0xF866
    dd 0x9DF9, 0xC64E
    dd 0x9DFA, 0xC64F
    dd 0x9DFB, 0xF861
    dd 0x9DFD, 0xF8E6
    dd 0x9DFE, 0xF8DD
    dd 0x9DFF, 0xF8E5
    dd 0x9E00, 0xF8E2
    dd 0x9E01, 0xF8E3
    dd 0x9E02, 0xF8DC
    dd 0x9E03, 0xF8DF
    dd 0x9E04, 0xF8E7
    dd 0x9E05, 0xF8E1
    dd 0x9E06, 0xF8E0
    dd 0x9E07, 0xF8DE
    dd 0x9E09, 0xF8E4
    dd 0x9E0B, 0xF95D
    dd 0x9E0D, 0xF95E
    dd 0x9E0F, 0xF960
    dd 0x9E10, 0xF95F
    dd 0x9E11, 0xF962
    dd 0x9E12, 0xF961
    dd 0x9E13, 0xF97C
    dd 0x9E14, 0xF97B
    dd 0x9E15, 0xF9B7
    dd 0x9E17, 0xF9B8
    dd 0x9E19, 0xF9C5
    dd 0x9E1A, 0xC678
    dd 0x9E1B, 0xC67C
    dd 0x9E1D, 0xF9CF
    dd 0x9E1E, 0xC67D
    dd 0x9E75, 0xB3BF
    dd 0x9E79, 0xC4D0
    dd 0x9E7A, 0xF6C9
    dd 0x9E7C, 0xC650
    dd 0x9E7D, 0xC651
    dd 0x9E7F, 0xB3C0
    dd 0x9E80, 0xE0EE
    dd 0x9E82, 0xB9A8
    dd 0x9E83, 0xE8F0
    dd 0x9E86, 0xECB0
    dd 0x9E87, 0xECB1
    dd 0x9E88, 0xECAF
    dd 0x9E89, 0xEFAB
    dd 0x9E8A, 0xEFAA
    dd 0x9E8B, 0xC247
    dd 0x9E8C, 0xF1DF
    dd 0x9E8D, 0xEFAC
    dd 0x9E8E, 0xF1DE
    dd 0x9E91, 0xF3F3
    dd 0x9E92, 0xC451
    dd 0x9E93, 0xC453
    dd 0x9E94, 0xF3F2
    dd 0x9E97, 0xC452
    dd 0x9E99, 0xF5B1
    dd 0x9E9A, 0xF5B3
    dd 0x9E9B, 0xF5B2
    dd 0x9E9C, 0xF6CA
    dd 0x9E9D, 0xC565
    dd 0x9E9F, 0xC5EF
    dd 0x9EA0, 0xF8E8
    dd 0x9EA1, 0xF963
    dd 0x9EA4, 0xF9D2
    dd 0x9EA5, 0xB3C1
    dd 0x9EA7, 0xE4E5
    dd 0x9EA9, 0xBEA2
    dd 0x9EAD, 0xECB3
    dd 0x9EAE, 0xECB2
    dd 0x9EB0, 0xEFAD
    dd 0x9EB4, 0xC454
    dd 0x9EB5, 0xC4D1
    dd 0x9EB6, 0xF7C7
    dd 0x9EB7, 0xF9CB
    dd 0x9EBB, 0xB3C2
    dd 0x9EBC, 0xBBF2
    dd 0x9EBE, 0xBEA3
    dd 0x9EC0, 0xF3F4
    dd 0x9EC2, 0xF874
    dd 0x9EC3, 0xB6C0
    dd 0x9EC8, 0xEFAE
    dd 0x9ECC, 0xC664
    dd 0x9ECD, 0xB6C1
    dd 0x9ECE, 0xBEA4
    dd 0x9ECF, 0xC248
    dd 0x9ED0, 0xF875
    dd 0x9ED1, 0xB6C2
    dd 0x9ED3, 0xE8F1
    dd 0x9ED4, 0xC072
    dd 0x9ED5, 0xECB4
    dd 0x9ED6, 0xECB5
    dd 0x9ED8, 0xC071
    dd 0x9EDA, 0xEFAF
    dd 0x9EDB, 0xC24C
    dd 0x9EDC, 0xC24A
    dd 0x9EDD, 0xC24B
    dd 0x9EDE, 0xC249
    dd 0x9EDF, 0xF1E0
    dd 0x9EE0, 0xC35C
    dd 0x9EE4, 0xF5B5
    dd 0x9EE5, 0xF5B4
    dd 0x9EE6, 0xF5B7
    dd 0x9EE7, 0xF5B6
    dd 0x9EE8, 0xC4D2
    dd 0x9EEB, 0xF6CB
    dd 0x9EED, 0xF6CD
    dd 0x9EEE, 0xF6CC
    dd 0x9EEF, 0xC566
    dd 0x9EF0, 0xF7C8
    dd 0x9EF2, 0xF876
    dd 0x9EF3, 0xF877
    dd 0x9EF4, 0xC5F0
    dd 0x9EF5, 0xF964
    dd 0x9EF6, 0xF97D
    dd 0x9EF7, 0xC675
    dd 0x9EF9, 0xDCB0
    dd 0x9EFA, 0xECB6
    dd 0x9EFB, 0xEFB0
    dd 0x9EFC, 0xF3F5
    dd 0x9EFD, 0xE0EF
    dd 0x9EFF, 0xEFB1
    dd 0x9F00, 0xF1E2
    dd 0x9F01, 0xF1E1
    dd 0x9F06, 0xF878
    dd 0x9F07, 0xC652
    dd 0x9F09, 0xF965
    dd 0x9F0A, 0xF97E
    dd 0x9F0E, 0xB9A9
    dd 0x9F0F, 0xE8F2
    dd 0x9F10, 0xE8F3
    dd 0x9F12, 0xECB7
    dd 0x9F13, 0xB9AA
    dd 0x9F15, 0xC35D
    dd 0x9F16, 0xF1E3
    dd 0x9F18, 0xF6CF
    dd 0x9F19, 0xC567
    dd 0x9F1A, 0xF6D0
    dd 0x9F1B, 0xF6CE
    dd 0x9F1C, 0xF879
    dd 0x9F1E, 0xF8E9
    dd 0x9F20, 0xB9AB
    dd 0x9F22, 0xEFB4
    dd 0x9F23, 0xEFB3
    dd 0x9F24, 0xEFB2
    dd 0x9F25, 0xF1E4
    dd 0x9F28, 0xF1E8
    dd 0x9F29, 0xF1E7
    dd 0x9F2A, 0xF1E6
    dd 0x9F2B, 0xF1E5
    dd 0x9F2C, 0xC35E
    dd 0x9F2D, 0xF3F6
    dd 0x9F2E, 0xF5B9
    dd 0x9F2F, 0xC4D3
    dd 0x9F30, 0xF5B8
    dd 0x9F31, 0xF6D1
    dd 0x9F32, 0xF7CB
    dd 0x9F33, 0xF7CA
    dd 0x9F34, 0xC5C4
    dd 0x9F35, 0xF7C9
    dd 0x9F36, 0xF87C
    dd 0x9F37, 0xF87B
    dd 0x9F38, 0xF87A
    dd 0x9F3B, 0xBBF3
    dd 0x9F3D, 0xECB8
    dd 0x9F3E, 0xC24D
    dd 0x9F40, 0xF3F7
    dd 0x9F41, 0xF3F8
    dd 0x9F42, 0xF7CC
    dd 0x9F43, 0xF87D
    dd 0x9F46, 0xF8EA
    dd 0x9F47, 0xF966
    dd 0x9F48, 0xF9B9
    dd 0x9F49, 0xF9D4
    dd 0x9F4A, 0xBBF4
    dd 0x9F4B, 0xC24E
    dd 0x9F4C, 0xF1E9
    dd 0x9F4D, 0xF3F9
    dd 0x9F4E, 0xF6D2
    dd 0x9F4F, 0xF87E
    dd 0x9F52, 0xBEA6
    dd 0x9F54, 0xEFB5
    dd 0x9F55, 0xF1EA
    dd 0x9F56, 0xF3FA
    dd 0x9F57, 0xF3FB
    dd 0x9F58, 0xF3FC
    dd 0x9F59, 0xF5BE
    dd 0x9F5B, 0xF5BA
    dd 0x9F5C, 0xC568
    dd 0x9F5D, 0xF5BD
    dd 0x9F5E, 0xF5BC
    dd 0x9F5F, 0xC4D4
    dd 0x9F60, 0xF5BB
    dd 0x9F61, 0xC4D6
    dd 0x9F63, 0xC4D5
    dd 0x9F64, 0xF6D4
    dd 0x9F65, 0xF6D3
    dd 0x9F66, 0xC569
    dd 0x9F67, 0xC56A
    dd 0x9F6A, 0xC5C6
    dd 0x9F6B, 0xF7CD
    dd 0x9F6C, 0xC5C5
    dd 0x9F6E, 0xF8A3
    dd 0x9F6F, 0xF8A4
    dd 0x9F70, 0xF8A2
    dd 0x9F71, 0xF8A1
    dd 0x9F72, 0xC654
    dd 0x9F74, 0xF8EB
    dd 0x9F75, 0xF8EC
    dd 0x9F76, 0xF8ED
    dd 0x9F77, 0xC653
    dd 0x9F78, 0xF967
    dd 0x9F79, 0xF96A
    dd 0x9F7A, 0xF969
    dd 0x9F7B, 0xF968
    dd 0x9F7E, 0xF9D3
    dd 0x9F8D, 0xC073
    dd 0x9F90, 0xC365
    dd 0x9F91, 0xF5BF
    dd 0x9F92, 0xF6D5
    dd 0x9F94, 0xC5C7
    dd 0x9F95, 0xF7CE
    dd 0x9F98, 0xF9D5
    dd 0x9F9C, 0xC074
    dd 0x9FA0, 0xEFB6
    dd 0x9FA2, 0xF7CF
    dd 0x9FA4, 0xF9A1
    dd 0xFA0C, 0xC94A
    dd 0xFA0D, 0xDDFC
    dd 0xFE30, 0xA14A
    dd 0xFE31, 0xA157
    dd 0xFE33, 0xA159
    dd 0xFE34, 0xA15B
    dd 0xFE35, 0xA15F
    dd 0xFE36, 0xA160
    dd 0xFE37, 0xA163
    dd 0xFE38, 0xA164
    dd 0xFE39, 0xA167
    dd 0xFE3A, 0xA168
    dd 0xFE3B, 0xA16B
    dd 0xFE3C, 0xA16C
    dd 0xFE3D, 0xA16F
    dd 0xFE3E, 0xA170
    dd 0xFE3F, 0xA173
    dd 0xFE40, 0xA174
    dd 0xFE41, 0xA177
    dd 0xFE42, 0xA178
    dd 0xFE43, 0xA17B
    dd 0xFE44, 0xA17C
    dd 0xFE49, 0xA1C6
    dd 0xFE4A, 0xA1C7
    dd 0xFE4B, 0xA1CA
    dd 0xFE4C, 0xA1CB
    dd 0xFE4D, 0xA1C8
    dd 0xFE4E, 0xA1C9
    dd 0xFE4F, 0xA15C
    dd 0xFE50, 0xA14D
    dd 0xFE52, 0xA14F
    dd 0xFE54, 0xA151
    dd 0xFE55, 0xA152
    dd 0xFE56, 0xA153
    dd 0xFE57, 0xA154
    dd 0xFE59, 0xA17D
    dd 0xFE5A, 0xA17E
    dd 0xFE5B, 0xA1A1
    dd 0xFE5C, 0xA1A2
    dd 0xFE5D, 0xA1A3
    dd 0xFE5E, 0xA1A4
    dd 0xFE5F, 0xA1CC
    dd 0xFE60, 0xA1CD
    dd 0xFE61, 0xA1CE
    dd 0xFE62, 0xA1DE
    dd 0xFE63, 0xA1DF
    dd 0xFE64, 0xA1E0
    dd 0xFE65, 0xA1E1
    dd 0xFE66, 0xA1E2
    dd 0xFE69, 0xA24C
    dd 0xFE6A, 0xA24D
    dd 0xFE6B, 0xA24E
    dd 0xFF01, 0xA149
    dd 0xFF03, 0xA1AD
    dd 0xFF04, 0xA243
    dd 0xFF05, 0xA248
    dd 0xFF06, 0xA1AE
    dd 0xFF08, 0xA15D
    dd 0xFF09, 0xA15E
    dd 0xFF0A, 0xA1AF
    dd 0xFF0B, 0xA1CF
    dd 0xFF0C, 0xA141
    dd 0xFF0D, 0xA1D0
    dd 0xFF0E, 0xA144
    dd 0xFF0F, 0xA241
    dd 0xFF10, 0xA2AF
    dd 0xFF11, 0xA2B0
    dd 0xFF12, 0xA2B1
    dd 0xFF13, 0xA2B2
    dd 0xFF14, 0xA2B3
    dd 0xFF15, 0xA2B4
    dd 0xFF16, 0xA2B5
    dd 0xFF17, 0xA2B6
    dd 0xFF18, 0xA2B7
    dd 0xFF19, 0xA2B8
    dd 0xFF1A, 0xA147
    dd 0xFF1B, 0xA146
    dd 0xFF1C, 0xA1D5
    dd 0xFF1D, 0xA1D7
    dd 0xFF1E, 0xA1D6
    dd 0xFF1F, 0xA148
    dd 0xFF20, 0xA249
    dd 0xFF21, 0xA2CF
    dd 0xFF22, 0xA2D0
    dd 0xFF23, 0xA2D1
    dd 0xFF24, 0xA2D2
    dd 0xFF25, 0xA2D3
    dd 0xFF26, 0xA2D4
    dd 0xFF27, 0xA2D5
    dd 0xFF28, 0xA2D6
    dd 0xFF29, 0xA2D7
    dd 0xFF2A, 0xA2D8
    dd 0xFF2B, 0xA2D9
    dd 0xFF2C, 0xA2DA
    dd 0xFF2D, 0xA2DB
    dd 0xFF2E, 0xA2DC
    dd 0xFF2F, 0xA2DD
    dd 0xFF30, 0xA2DE
    dd 0xFF31, 0xA2DF
    dd 0xFF32, 0xA2E0
    dd 0xFF33, 0xA2E1
    dd 0xFF34, 0xA2E2
    dd 0xFF35, 0xA2E3
    dd 0xFF36, 0xA2E4
    dd 0xFF37, 0xA2E5
    dd 0xFF38, 0xA2E6
    dd 0xFF39, 0xA2E7
    dd 0xFF3A, 0xA2E8
    dd 0xFF3C, 0xA242
    dd 0xFF3F, 0xA1C4
    dd 0xFF41, 0xA2E9
    dd 0xFF42, 0xA2EA
    dd 0xFF43, 0xA2EB
    dd 0xFF44, 0xA2EC
    dd 0xFF45, 0xA2ED
    dd 0xFF46, 0xA2EE
    dd 0xFF47, 0xA2EF
    dd 0xFF48, 0xA2F0
    dd 0xFF49, 0xA2F1
    dd 0xFF4A, 0xA2F2
    dd 0xFF4B, 0xA2F3
    dd 0xFF4C, 0xA2F4
    dd 0xFF4D, 0xA2F5
    dd 0xFF4E, 0xA2F6
    dd 0xFF4F, 0xA2F7
    dd 0xFF50, 0xA2F8
    dd 0xFF51, 0xA2F9
    dd 0xFF52, 0xA2FA
    dd 0xFF53, 0xA2FB
    dd 0xFF54, 0xA2FC
    dd 0xFF55, 0xA2FD
    dd 0xFF56, 0xA2FE
    dd 0xFF57, 0xA340
    dd 0xFF58, 0xA341
    dd 0xFF59, 0xA342
    dd 0xFF5A, 0xA343
    dd 0xFF5B, 0xA161
    dd 0xFF5C, 0xA155
    dd 0xFF5D, 0xA162
    dd 0xFF64, 0xA14E
    dd 0xFFFD, 0xA15A
    dd 0xFFFFFFFF, 0  ; sentinel

global _big5_from_unicode_count
_big5_from_unicode_count: dq 13704

%endif ; GUARD_LIB_STR_ENCODING_TABLES_BIG5_TABLE_ASM
