%ifndef GUARD_LIB_STR_ENCODING_TABLES_EUC_JP_TABLE_ASM
%define GUARD_LIB_STR_ENCODING_TABLES_EUC_JP_TABLE_ASM
; ============================================================
; str/encoding/tables/euc_jp_table.asm
; EUC-JP (JIS X 0208) → Unicode
;
; Source: JIS0208.TXT (Unicode MAPPINGS)
; *** GENERATED by tools/gen_encoding_tables.py — DO NOT EDIT ***
; ============================================================

%include "arch/common/types.inc"

section .rodata
align 16

global _eucjp_to_unicode
_eucjp_to_unicode:
    dw 0x0000, 0x0000, 0x0000, 0x0000, 0x0000, 0x0000, 0x0000, 0x0000, 0x0000, 0x0000, 0x0000, 0x0000
    dw 0x0000, 0x0000, 0x0000, 0x0000, 0x0000, 0x0000, 0x0000, 0x0000, 0x0000, 0x0000, 0x0000, 0x0000
    dw 0x0000, 0x0000, 0x0000, 0x0000, 0x0000, 0x0000, 0x0000, 0x0000, 0x0000, 0x0000, 0x0000, 0x0000
    dw 0x0000, 0x0000, 0x0000, 0x0000, 0x0000, 0x0000, 0x0000, 0x0000, 0x0000, 0x0000, 0x0000, 0x0000
    dw 0x0000, 0x0000, 0x0000, 0x0000, 0x0000, 0x0000, 0x0000, 0x0000, 0x0000, 0x0000, 0x0000, 0x0000
    dw 0x0000, 0x0000, 0x0000, 0x0000, 0x0000, 0x0000, 0x0000, 0x0000, 0x0000, 0x0000, 0x0000, 0x0000
    dw 0x0000, 0x0000, 0x0000, 0x0000, 0x0000, 0x0000, 0x0000, 0x0000, 0x0000, 0x0000, 0x0000, 0x0000
    dw 0x0000, 0x0000, 0x0000, 0x0000, 0x0000, 0x0000, 0x0000, 0x0000, 0x0000, 0x0000, 0x0000, 0x0000
    dw 0x0000, 0x0000, 0x0000, 0x0000, 0x0000, 0x0000, 0x0000, 0x0000, 0x0000, 0x0000, 0x0000, 0x0000
    dw 0x0000, 0x0000, 0x0000, 0x0000, 0x0000, 0x0000, 0x0000, 0x0000, 0x0000, 0x0000, 0x0000, 0x0000
    dw 0x0000, 0x0000, 0x0000, 0x0000, 0x0000, 0x0000, 0x0000, 0x0000, 0x0000, 0x0000, 0x0000, 0x0000
    dw 0x0000, 0x0000, 0x0000, 0x0000, 0x0000, 0x0000, 0x0000, 0x0000, 0x0000, 0x0000, 0x0000, 0x0000
    dw 0x0000, 0x0000, 0x0000, 0x0000, 0x0000, 0x0000, 0x0000, 0x0000, 0x0000, 0x0000, 0x0000, 0x0000
    dw 0x0000, 0x0000, 0x0000, 0x0000, 0x0000, 0x0000, 0x0000, 0x0000, 0x0000, 0x0000, 0x0000, 0x0000
    dw 0x0000, 0x0000, 0x0000, 0x0000, 0x0000, 0x0000, 0x0000, 0x0000, 0x0000, 0x0000, 0x0000, 0x0000
    dw 0x0000, 0x0000, 0x0000, 0x0000, 0x0000, 0x0000, 0x0000, 0x0000, 0x0000, 0x0000, 0x0000, 0x0000
    dw 0x0000, 0x0000, 0x0000, 0x0000, 0x0000, 0x0000, 0x0000, 0x0000, 0x0000, 0x0000, 0x0000, 0x0000
    dw 0x0000, 0x0000, 0x0000, 0x0000, 0x0000, 0x0000, 0x0000, 0x0000, 0x0000, 0x0000, 0x0000, 0x0000
    dw 0x0000, 0x0000, 0x0000, 0x0000, 0x0000, 0x0000, 0x0000, 0x0000, 0x0000, 0x0000, 0x0000, 0x0000
    dw 0x0000, 0x0000, 0x0000, 0x0000, 0x0000, 0x0000, 0x0000, 0x0000, 0x0000, 0x0000, 0x0000, 0x0000
    dw 0x0000, 0x0000, 0x0000, 0x0000, 0x0000, 0x0000, 0x0000, 0x0000, 0x0000, 0x0000, 0x0000, 0x0000
    dw 0x0000, 0x0000, 0x0000, 0x0000, 0x0000, 0x0000, 0x0000, 0x0000, 0x0000, 0x0000, 0x0000, 0x0000
    dw 0x0000, 0x0000, 0x0000, 0x0000, 0x0000, 0x0000, 0x0000, 0x0000, 0x0000, 0x0000, 0x0000, 0x0000
    dw 0x0000, 0x0000, 0x0000, 0x0000, 0x0000, 0x0000, 0x0000, 0x0000, 0x0000, 0x0000, 0x0000, 0x0000
    dw 0x0000, 0x0000, 0x0000, 0x0000, 0x0000, 0x0000, 0x0000, 0x0000, 0x0000, 0x0000, 0x0000, 0x0000
    dw 0x0000, 0x0000, 0x0000, 0x0000, 0x0000, 0x0000, 0x0000, 0x0000, 0x0000, 0x0000, 0x0000, 0x0000
    dw 0x0000, 0x0000, 0x0000, 0x0000, 0x0000, 0x0000, 0x0000, 0x0000, 0x0000, 0x0000, 0x0000, 0x0000
    dw 0x0000, 0x0000, 0x0000, 0x0000, 0x0000, 0x0000, 0x0000, 0x0000, 0x0000, 0x0000, 0x0000, 0x0000
    dw 0x0000, 0x0000, 0x0000, 0x0000, 0x0000, 0x0000, 0x0000, 0x0000, 0x0000, 0x0000, 0x0000, 0x0000
    dw 0x0000, 0x0000, 0x0000, 0x0000, 0x0000, 0x0000, 0x0000, 0x0000, 0x0000, 0x0000, 0x0000, 0x0000
    dw 0x0000, 0x0000, 0x0000, 0x0000, 0x0000, 0x0000, 0x0000, 0x0000, 0x0000, 0x0000, 0x0000, 0x0000
    dw 0x0000, 0x0000, 0x0000, 0x0000, 0x0000, 0x0000, 0x0000, 0x0000, 0x0000, 0x0000, 0x0000, 0x0000
    dw 0x0000, 0x0000, 0x0000, 0x0000, 0x0000, 0x0000, 0x0000, 0x0000, 0x0000, 0x0000, 0x0000, 0x0000
    dw 0x0000, 0x0000, 0x0000, 0x0000, 0x0000, 0x0000, 0x0000, 0x0000, 0x0000, 0x0000, 0x0000, 0x0000
    dw 0x0000, 0x0000, 0x0000, 0x0000, 0x0000, 0x0000, 0x0000, 0x0000, 0x0000, 0x0000, 0x0000, 0x0000
    dw 0x0000, 0x0000, 0x0000, 0x0000, 0x0000, 0x0000, 0x0000, 0x0000, 0x0000, 0x0000, 0x0000, 0x0000
    dw 0x0000, 0x0000, 0x0000, 0x0000, 0x0000, 0x0000, 0x0000, 0x0000, 0x0000, 0x0000, 0x0000, 0x0000
    dw 0x0000, 0x0000, 0x0000, 0x0000, 0x0000, 0x0000, 0x0000, 0x0000, 0x0000, 0x0000, 0x0000, 0x0000
    dw 0x0000, 0x0000, 0x0000, 0x0000, 0x0000, 0x0000, 0x0000, 0x0000, 0x0000, 0x0000, 0x0000, 0x0000
    dw 0x0000, 0x0000, 0x0000, 0x0000, 0x0000, 0x0000, 0x0000, 0x0000, 0x0000, 0x0000, 0x0000, 0x0000
    dw 0x0000, 0x0000, 0x0000, 0x0000, 0x0000, 0x0000, 0x0000, 0x0000, 0x0000, 0x0000, 0x0000, 0x0000
    dw 0x0000, 0x0000, 0x0000, 0x0000, 0x0000, 0x0000, 0x0000, 0x0000, 0x0000, 0x0000, 0x0000, 0x0000
    dw 0x0000, 0x0000, 0x0000, 0x0000, 0x0000, 0x0000, 0x0000, 0x0000, 0x0000, 0x0000, 0x0000, 0x0000
    dw 0x0000, 0x0000, 0x0000, 0x0000, 0x0000, 0x0000, 0x0000, 0x0000, 0x0000, 0x0000, 0x0000, 0x0000
    dw 0x0000, 0x0000, 0x0000, 0x0000, 0x0000, 0x0000, 0x0000, 0x0000, 0x0000, 0x0000, 0x0000, 0x0000
    dw 0x0000, 0x0000, 0x0000, 0x0000, 0x0000, 0x0000, 0x0000, 0x0000, 0x0000, 0x0000, 0x0000, 0x0000
    dw 0x0000, 0x0000, 0x0000, 0x0000, 0x0000, 0x0000, 0x0000, 0x0000, 0x0000, 0x0000, 0x0000, 0x0000
    dw 0x0000, 0x0000, 0x0000, 0x0000, 0x0000, 0x0000, 0x0000, 0x0000, 0x0000, 0x0000, 0x0000, 0x0000
    dw 0x0000, 0x0000, 0x0000, 0x0000, 0x0000, 0x0000, 0x0000, 0x0000, 0x0000, 0x0000, 0x0000, 0x0000
    dw 0x0000, 0x0000, 0x0000, 0x0000, 0x0000, 0x0000, 0x0000, 0x0000, 0x0000, 0x0000, 0x0000, 0x0000
    dw 0x0000, 0x0000, 0x0000, 0x0000, 0x0000, 0x0000, 0x0000, 0x0000, 0x0000, 0x0000, 0x0000, 0x0000
    dw 0x0000, 0x0000, 0x0000, 0x0000, 0x0000, 0x0000, 0x0000, 0x0000, 0x0000, 0x0000, 0x0000, 0x0000
    dw 0x0000, 0x0000, 0x0000, 0x0000, 0x0000, 0x0000, 0x0000, 0x0000, 0x0000, 0x0000, 0x0000, 0x0000
    dw 0x0000, 0x0000, 0x0000, 0x0000, 0x0000, 0x0000, 0x0000, 0x0000, 0x0000, 0x0000, 0x0000, 0x0000
    dw 0x0000, 0x0000, 0x0000, 0x0000, 0x0000, 0x0000, 0x0000, 0x0000, 0x0000, 0x0000, 0x0000, 0x0000
    dw 0x0000, 0x0000, 0x0000, 0x0000, 0x0000, 0x0000, 0x0000, 0x0000, 0x0000, 0x0000, 0x0000, 0x0000
    dw 0x0000, 0x0000, 0x0000, 0x0000, 0x0000, 0x0000, 0x0000, 0x0000, 0x0000, 0x0000, 0x0000, 0x0000
    dw 0x0000, 0x0000, 0x0000, 0x0000, 0x0000, 0x0000, 0x0000, 0x0000, 0x0000, 0x0000, 0x0000, 0x0000
    dw 0x0000, 0x0000, 0x0000, 0x0000, 0x0000, 0x0000, 0x0000, 0x0000, 0x0000, 0x0000, 0x0000, 0x0000
    dw 0x0000, 0x0000, 0x0000, 0x0000, 0x0000, 0x0000, 0x0000, 0x0000, 0x0000, 0x0000, 0x0000, 0x0000
    dw 0x0000, 0x0000, 0x0000, 0x0000, 0x0000, 0x0000, 0x0000, 0x0000, 0x0000, 0x0000, 0x0000, 0x0000
    dw 0x0000, 0x0000, 0x0000, 0x0000, 0x0000, 0x0000, 0x0000, 0x0000, 0x0000, 0x0000, 0x0000, 0x0000
    dw 0x0000, 0x0000, 0x0000, 0x0000, 0x0000, 0x0000, 0x0000, 0x0000, 0x0000, 0x0000, 0x0000, 0x0000
    dw 0x0000, 0x0000, 0x0000, 0x0000, 0x0000, 0x0000, 0x0000, 0x0000, 0x0000, 0x0000, 0x0000, 0x0000
    dw 0x0000, 0x0000, 0x0000, 0x0000, 0x0000, 0x0000, 0x0000, 0x0000, 0x0000, 0x0000, 0x0000, 0x0000
    dw 0x0000, 0x0000, 0x0000, 0x0000, 0x0000, 0x0000, 0x0000, 0x0000, 0x0000, 0x0000, 0x0000, 0x0000
    dw 0x0000, 0x0000, 0x0000, 0x0000, 0x0000, 0x0000, 0x0000, 0x0000, 0x0000, 0x0000, 0x0000, 0x0000
    dw 0x0000, 0x0000, 0x0000, 0x0000, 0x0000, 0x0000, 0x0000, 0x0000, 0x0000, 0x0000, 0x0000, 0x0000
    dw 0x0000, 0x0000, 0x0000, 0x0000, 0x0000, 0x0000, 0x0000, 0x0000, 0x0000, 0x0000, 0x0000, 0x0000
    dw 0x0000, 0x0000, 0x0000, 0x0000, 0x0000, 0x0000, 0x0000, 0x0000, 0x0000, 0x0000, 0x0000, 0x0000
    dw 0x0000, 0x0000, 0x0000, 0x0000, 0x0000, 0x0000, 0x0000, 0x0000, 0x0000, 0x0000, 0x0000, 0x0000
    dw 0x0000, 0x0000, 0x0000, 0x0000, 0x0000, 0x0000, 0x0000, 0x0000, 0x0000, 0x0000, 0x0000, 0x0000
    dw 0x0000, 0x0000, 0x0000, 0x0000, 0x0000, 0x0000, 0x0000, 0x0000, 0x0000, 0x0000, 0x0000, 0x0000
    dw 0x0000, 0x0000, 0x0000, 0x0000, 0x0000, 0x0000, 0x0000, 0x0000, 0x0000, 0x0000, 0x0000, 0x0000
    dw 0x0000, 0x0000, 0x0000, 0x0000, 0x0000, 0x0000, 0x0000, 0x0000, 0x0000, 0x0000, 0x0000, 0x0000
    dw 0x0000, 0x0000, 0x0000, 0x0000, 0x0000, 0x0000, 0x0000, 0x0000, 0x0000, 0x0000, 0x0000, 0x0000
    dw 0x0000, 0x0000, 0x0000, 0x0000, 0x0000, 0x0000, 0x0000, 0x0000, 0x0000, 0x0000, 0x0000, 0x0000
    dw 0x0000, 0x0000, 0x0000, 0x0000, 0x0000, 0x0000, 0x0000, 0x0000, 0x0000, 0x0000, 0x0000, 0x0000
    dw 0x0000, 0x0000, 0x0000, 0x0000, 0x0000, 0x0000, 0x0000, 0x0000, 0x0000, 0x0000, 0x0000, 0x0000
    dw 0x0000, 0x0000, 0x0000, 0x0000, 0x0000, 0x0000, 0x0000, 0x0000, 0x0000, 0x0000, 0x0000, 0x0000
    dw 0x0000, 0x0000, 0x0000, 0x0000, 0x0000, 0x0000, 0x0000, 0x0000, 0x0000, 0x0000, 0x0000, 0x0000
    dw 0x0000, 0x0000, 0x0000, 0x0000, 0x0000, 0x0000, 0x0000, 0x0000, 0x0000, 0x0000, 0x0000, 0x0000
    dw 0x0000, 0x0000, 0x0000, 0x0000, 0x0000, 0x0000, 0x0000, 0x0000, 0x0000, 0x0000, 0x0000, 0x0000
    dw 0x0000, 0x0000, 0x0000, 0x0000, 0x0000, 0x0000, 0x0000, 0x0000, 0x0000, 0x0000, 0x0000, 0x0000
    dw 0x0000, 0x0000, 0x0000, 0x0000, 0x0000, 0x0000, 0x0000, 0x0000, 0x0000, 0x0000, 0x0000, 0x0000
    dw 0x0000, 0x0000, 0x0000, 0x0000, 0x0000, 0x0000, 0x0000, 0x0000, 0x0000, 0x0000, 0x0000, 0x0000
    dw 0x0000, 0x0000, 0x0000, 0x0000, 0x0000, 0x0000, 0x0000, 0x0000, 0x0000, 0x0000, 0x0000, 0x0000
    dw 0x0000, 0x0000, 0x0000, 0x0000, 0x0000, 0x0000, 0x0000, 0x0000, 0x0000, 0x0000, 0x0000, 0x0000
    dw 0x0000, 0x0000, 0x0000, 0x0000, 0x0000, 0x0000, 0x0000, 0x0000, 0x0000, 0x0000, 0x0000, 0x0000
    dw 0x0000, 0x0000, 0x0000, 0x0000, 0x0000, 0x0000, 0x0000, 0x0000, 0x0000, 0x0000, 0x0000, 0x0000
    dw 0x0000, 0x0000, 0x0000, 0x0000, 0x0000, 0x0000, 0x0000, 0x0000, 0x0000, 0x0000, 0x0000, 0x0000
    dw 0x0000, 0x0000, 0x0000, 0x0000, 0x0000, 0x0000, 0x0000, 0x0000, 0x0000, 0x0000, 0x0000, 0x0000
    dw 0x0000, 0x0000, 0x0000, 0x0000, 0x0000, 0x0000, 0x0000, 0x0000, 0x0000, 0x0000, 0x0000, 0x0000
    dw 0x0000, 0x0000, 0x0000, 0x0000, 0x0000, 0x0000, 0x0000, 0x0000, 0x0000, 0x0000, 0x0000, 0x0000
    dw 0x0000, 0x0000, 0x0000, 0x0000, 0x0000, 0x0000, 0x0000, 0x0000, 0x0000, 0x0000, 0x0000, 0x0000
    dw 0x0000, 0x0000, 0x0000, 0x0000, 0x0000, 0x0000, 0x0000, 0x0000, 0x0000, 0x0000, 0x0000, 0x0000
    dw 0x0000, 0x0000, 0x0000, 0x0000, 0x0000, 0x0000, 0x0000, 0x0000, 0x0000, 0x0000, 0x0000, 0x0000
    dw 0x0000, 0x0000, 0x0000, 0x0000, 0x0000, 0x0000, 0x0000, 0x0000, 0x0000, 0x0000, 0x0000, 0x0000
    dw 0x0000, 0x0000, 0x0000, 0x0000, 0x0000, 0x0000, 0x0000, 0x0000, 0x0000, 0x0000, 0x0000, 0x0000
    dw 0x0000, 0x0000, 0x0000, 0x0000, 0x0000, 0x0000, 0x0000, 0x0000, 0x0000, 0x0000, 0x0000, 0x0000
    dw 0x0000, 0x0000, 0x0000, 0x0000, 0x0000, 0x0000, 0x0000, 0x0000, 0x0000, 0x0000, 0x0000, 0x0000
    dw 0x0000, 0x0000, 0x0000, 0x0000, 0x0000, 0x0000, 0x0000, 0x0000, 0x0000, 0x0000, 0x0000, 0x0000
    dw 0x0000, 0x0000, 0x0000, 0x0000, 0x0000, 0x0000, 0x0000, 0x0000, 0x0000, 0x0000, 0x0000, 0x0000
    dw 0x0000, 0x0000, 0x0000, 0x0000, 0x0000, 0x0000, 0x0000, 0x0000, 0x0000, 0x0000, 0x0000, 0x0000
    dw 0x0000, 0x0000, 0x0000, 0x0000, 0x0000, 0x0000, 0x0000, 0x0000, 0x0000, 0x0000, 0x0000, 0x0000
    dw 0x0000, 0x0000, 0x0000, 0x0000, 0x0000, 0x0000, 0x0000, 0x0000, 0x0000, 0x0000, 0x0000, 0x0000
    dw 0x0000, 0x0000, 0x0000, 0x0000, 0x0000, 0x0000, 0x0000, 0x0000, 0x0000, 0x0000, 0x0000, 0x0000
    dw 0x0000, 0x0000, 0x0000, 0x0000, 0x0000, 0x0000, 0x0000, 0x0000, 0x0000, 0x0000, 0x0000, 0x0000
    dw 0x0000, 0x0000, 0x0000, 0x0000, 0x0000, 0x0000, 0x0000, 0x0000, 0x0000, 0x0000, 0x0000, 0x0000
    dw 0x0000, 0x0000, 0x0000, 0x0000, 0x0000, 0x0000, 0x0000, 0x0000, 0x0000, 0x0000, 0x0000, 0x0000
    dw 0x0000, 0x0000, 0x0000, 0x0000, 0x0000, 0x0000, 0x0000, 0x0000, 0x0000, 0x0000, 0x0000, 0x0000
    dw 0x0000, 0x0000, 0x0000, 0x0000, 0x0000, 0x0000, 0x0000, 0x0000, 0x0000, 0x0000, 0x0000, 0x0000
    dw 0x0000, 0x0000, 0x0000, 0x0000, 0x0000, 0x0000, 0x0000, 0x0000, 0x0000, 0x0000, 0x0000, 0x0000
    dw 0x0000, 0x0000, 0x0000, 0x0000, 0x0000, 0x0000, 0x0000, 0x0000, 0x0000, 0x0000, 0x0000, 0x0000
    dw 0x0000, 0x0000, 0x0000, 0x0000, 0x0000, 0x0000, 0x0000, 0x0000, 0x0000, 0x0000, 0x0000, 0x0000
    dw 0x0000, 0x0000, 0x0000, 0x0000, 0x0000, 0x0000, 0x0000, 0x0000, 0x0000, 0x0000, 0x0000, 0x0000
    dw 0x0000, 0x0000, 0x0000, 0x0000, 0x0000, 0x0000, 0x0000, 0x0000, 0x0000, 0x0000, 0x0000, 0x0000
    dw 0x0000, 0x0000, 0x0000, 0x0000, 0x0000, 0x0000, 0x0000, 0x0000, 0x0000, 0x0000, 0x0000, 0x0000
    dw 0x0000, 0x0000, 0x0000, 0x0000, 0x0000, 0x0000, 0x0000, 0x0000, 0x0000, 0x0000, 0x0000, 0x0000
    dw 0x0000, 0x0000, 0x0000, 0x0000, 0x0000, 0x0000, 0x0000, 0x0000, 0x0000, 0x0000, 0x0000, 0x0000
    dw 0x0000, 0x0000, 0x0000, 0x0000, 0x0000, 0x0000, 0x0000, 0x0000, 0x0000, 0x0000, 0x0000, 0x0000
    dw 0x0000, 0x0000, 0x0000, 0x0000, 0x0000, 0x0000, 0x0000, 0x0000, 0x0000, 0x0000, 0x0000, 0x0000
    dw 0x0000, 0x0000, 0x0000, 0x0000, 0x0000, 0x0000, 0x0000, 0x0000, 0x0000, 0x0000, 0x0000, 0x0000
    dw 0x0000, 0x0000, 0x0000, 0x0000, 0x0000, 0x0000, 0x0000, 0x0000, 0x0000, 0x0000, 0x0000, 0x0000
    dw 0x0000, 0x0000, 0x0000, 0x0000, 0x0000, 0x0000, 0x0000, 0x0000, 0x0000, 0x0000, 0x0000, 0x0000
    dw 0x0000, 0x0000, 0x0000, 0x0000, 0x0000, 0x0000, 0x0000, 0x0000, 0x0000, 0x0000, 0x0000, 0x0000
    dw 0x0000, 0x0000, 0x0000, 0x0000, 0x0000, 0x0000, 0x0000, 0x0000, 0x0000, 0x0000, 0x0000, 0x0000
    dw 0x0000, 0x0000, 0x0000, 0x0000, 0x0000, 0x0000, 0x0000, 0x0000, 0x0000, 0x0000, 0x0000, 0x0000
    dw 0x0000, 0x0000, 0x0000, 0x0000, 0x0000, 0x0000, 0x0000, 0x0000, 0x0000, 0x0000, 0x0000, 0x0000
    dw 0x0000, 0x0000, 0x0000, 0x0000, 0x0000, 0x0000, 0x0000, 0x0000, 0x0000, 0x0000, 0x0000, 0x0000
    dw 0x0000, 0x0000, 0x0000, 0x0000, 0x0000, 0x0000, 0x0000, 0x0000, 0x0000, 0x0000, 0x0000, 0x0000
    dw 0x0000, 0x0000, 0x0000, 0x0000, 0x0000, 0x0000, 0x0000, 0x0000, 0x0000, 0x0000, 0x0000, 0x0000
    dw 0x0000, 0x0000, 0x0000, 0x0000, 0x0000, 0x0000, 0x0000, 0x0000, 0x0000, 0x0000, 0x0000, 0x0000
    dw 0x0000, 0x0000, 0x0000, 0x0000, 0x0000, 0x0000, 0x0000, 0x0000, 0x0000, 0x0000, 0x0000, 0x0000
    dw 0x0000, 0x0000, 0x0000, 0x0000, 0x0000, 0x0000, 0x0000, 0x0000, 0x0000, 0x0000, 0x0000, 0x0000
    dw 0x0000, 0x0000, 0x0000, 0x0000, 0x0000, 0x0000, 0x0000, 0x0000, 0x0000, 0x0000, 0x0000, 0x0000
    dw 0x0000, 0x0000, 0x0000, 0x0000, 0x0000, 0x0000, 0x0000, 0x0000, 0x0000, 0x0000, 0x0000, 0x0000
    dw 0x0000, 0x0000, 0x0000, 0x0000, 0x0000, 0x0000, 0x0000, 0x0000, 0x0000, 0x0000, 0x0000, 0x0000
    dw 0x0000, 0x0000, 0x0000, 0x0000, 0x0000, 0x0000, 0x0000, 0x0000, 0x0000, 0x0000, 0x0000, 0x0000
    dw 0x0000, 0x0000, 0x0000, 0x0000, 0x0000, 0x0000, 0x0000, 0x0000, 0x0000, 0x0000, 0x0000, 0x0000
    dw 0x0000, 0x0000, 0x0000, 0x0000, 0x0000, 0x0000, 0x0000, 0x0000, 0x0000, 0x0000, 0x0000, 0x0000
    dw 0x0000, 0x0000, 0x0000, 0x0000, 0x0000, 0x0000, 0x0000, 0x0000, 0x0000, 0x0000, 0x0000, 0x0000
    dw 0x0000, 0x0000, 0x0000, 0x0000, 0x0000, 0x0000, 0x0000, 0x0000, 0x0000, 0x0000, 0x0000, 0x0000
    dw 0x0000, 0x0000, 0x0000, 0x0000, 0x0000, 0x0000, 0x0000, 0x0000, 0x0000, 0x0000, 0x0000, 0x0000
    dw 0x0000, 0x0000, 0x0000, 0x0000, 0x0000, 0x0000, 0x0000, 0x0000, 0x0000, 0x0000, 0x0000, 0x0000
    dw 0x0000, 0x0000, 0x0000, 0x0000, 0x0000, 0x0000, 0x0000, 0x0000, 0x0000, 0x0000, 0x0000, 0x0000
    dw 0x0000, 0x0000, 0x0000, 0x0000, 0x0000, 0x0000, 0x0000, 0x0000, 0x0000, 0x0000, 0x0000, 0x0000
    dw 0x0000, 0x0000, 0x0000, 0x0000, 0x0000, 0x0000, 0x0000, 0x0000, 0x0000, 0x0000, 0x0000, 0x0000
    dw 0x0000, 0x0000, 0x0000, 0x0000, 0x0000, 0x0000, 0x0000, 0x0000, 0x0000, 0x0000, 0x0000, 0x0000
    dw 0x0000, 0x0000, 0x0000, 0x0000, 0x0000, 0x0000, 0x0000, 0x0000, 0x0000, 0x0000, 0x0000, 0x0000
    dw 0x0000, 0x0000, 0x0000, 0x0000, 0x0000, 0x0000, 0x0000, 0x0000, 0x0000, 0x0000, 0x0000, 0x0000
    dw 0x0000, 0x0000, 0x0000, 0x0000, 0x0000, 0x0000, 0x0000, 0x0000, 0x0000, 0x0000, 0x0000, 0x0000
    dw 0x0000, 0x0000, 0x0000, 0x0000, 0x0000, 0x0000, 0x0000, 0x0000, 0x0000, 0x0000, 0x0000, 0x0000
    dw 0x0000, 0x0000, 0x0000, 0x0000, 0x0000, 0x0000, 0x0000, 0x0000, 0x0000, 0x0000, 0x0000, 0x0000
    dw 0x0000, 0x0000, 0x0000, 0x0000, 0x0000, 0x0000, 0x0000, 0x0000, 0x0000, 0x0000, 0x0000, 0x0000
    dw 0x0000, 0x0000, 0x0000, 0x0000, 0x0000, 0x0000, 0x0000, 0x0000, 0x0000, 0x0000, 0x0000, 0x0000
    dw 0x0000, 0x0000, 0x0000, 0x0000, 0x0000, 0x0000, 0x0000, 0x0000, 0x0000, 0x0000, 0x0000, 0x0000
    dw 0x0000, 0x0000, 0x0000, 0x0000, 0x0000, 0x0000, 0x0000, 0x0000, 0x0000, 0x0000, 0x0000, 0x0000
    dw 0x0000, 0x0000, 0x0000, 0x0000, 0x0000, 0x0000, 0x0000, 0x0000, 0x0000, 0x0000, 0x0000, 0x0000
    dw 0x0000, 0x0000, 0x0000, 0x0000, 0x0000, 0x0000, 0x0000, 0x0000, 0x0000, 0x0000, 0x0000, 0x0000
    dw 0x0000, 0x0000, 0x0000, 0x0000, 0x0000, 0x0000, 0x0000, 0x0000, 0x0000, 0x0000, 0x0000, 0x0000
    dw 0x0000, 0x0000, 0x0000, 0x0000, 0x0000, 0x0000, 0x0000, 0x0000, 0x0000, 0x0000, 0x0000, 0x0000
    dw 0x0000, 0x0000, 0x0000, 0x0000, 0x0000, 0x0000, 0x0000, 0x0000, 0x0000, 0x0000, 0x0000, 0x0000
    dw 0x0000, 0x0000, 0x0000, 0x0000, 0x0000, 0x0000, 0x0000, 0x0000, 0x0000, 0x0000, 0x0000, 0x0000
    dw 0x0000, 0x0000, 0x0000, 0x0000, 0x0000, 0x0000, 0x0000, 0x0000, 0x0000, 0x0000, 0x0000, 0x0000
    dw 0x0000, 0x0000, 0x0000, 0x0000, 0x0000, 0x0000, 0x0000, 0x0000, 0x0000, 0x0000, 0x0000, 0x0000
    dw 0x0000, 0x0000, 0x0000, 0x0000, 0x0000, 0x0000, 0x0000, 0x0000, 0x0000, 0x0000, 0x0000, 0x0000
    dw 0x0000, 0x0000, 0x0000, 0x0000, 0x0000, 0x0000, 0x0000, 0x0000, 0x0000, 0x0000, 0x0000, 0x0000
    dw 0x0000, 0x0000, 0x0000, 0x0000, 0x0000, 0x0000, 0x0000, 0x0000, 0x0000, 0x0000, 0x0000, 0x0000
    dw 0x0000, 0x0000, 0x0000, 0x0000, 0x0000, 0x0000, 0x0000, 0x0000, 0x0000, 0x0000, 0x0000, 0x0000
    dw 0x0000, 0x0000, 0x0000, 0x0000, 0x0000, 0x0000, 0x0000, 0x0000, 0x0000, 0x0000, 0x0000, 0x0000
    dw 0x0000, 0x0000, 0x0000, 0x0000, 0x0000, 0x0000, 0x0000, 0x0000, 0x0000, 0x0000, 0x0000, 0x0000
    dw 0x0000, 0x0000, 0x0000, 0x0000, 0x0000, 0x0000, 0x0000, 0x0000, 0x0000, 0x0000, 0x0000, 0x0000
    dw 0x0000, 0x0000, 0x0000, 0x0000, 0x0000, 0x0000, 0x0000, 0x0000, 0x0000, 0x0000, 0x0000, 0x0000
    dw 0x0000, 0x0000, 0x0000, 0x0000, 0x0000, 0x0000, 0x0000, 0x0000, 0x0000, 0x0000, 0x0000, 0x0000
    dw 0x0000, 0x0000, 0x0000, 0x0000, 0x0000, 0x0000, 0x0000, 0x0000, 0x0000, 0x0000, 0x0000, 0x0000
    dw 0x0000, 0x0000, 0x0000, 0x0000, 0x0000, 0x0000, 0x0000, 0x0000, 0x0000, 0x0000, 0x0000, 0x0000
    dw 0x0000, 0x0000, 0x0000, 0x0000, 0x0000, 0x0000, 0x0000, 0x0000, 0x0000, 0x0000, 0x0000, 0x0000
    dw 0x0000, 0x0000, 0x0000, 0x0000, 0x0000, 0x0000, 0x0000, 0x0000, 0x0000, 0x0000, 0x0000, 0x0000
    dw 0x0000, 0x0000, 0x0000, 0x0000, 0x0000, 0x0000, 0x0000, 0x0000, 0x0000, 0x0000, 0x0000, 0x0000
    dw 0x0000, 0x0000, 0x0000, 0x0000, 0x0000, 0x0000, 0x0000, 0x0000, 0x0000, 0x0000, 0x0000, 0x0000
    dw 0x0000, 0x0000, 0x0000, 0x0000, 0x0000, 0x0000, 0x0000, 0x0000, 0x0000, 0x0000, 0x0000, 0x0000
    dw 0x0000, 0x0000, 0x0000, 0x0000, 0x0000, 0x0000, 0x0000, 0x0000, 0x0000, 0x0000, 0x0000, 0x0000
    dw 0x0000, 0x0000, 0x0000, 0x0000, 0x0000, 0x0000, 0x0000, 0x0000, 0x0000, 0x0000, 0x0000, 0x0000
    dw 0x0000, 0x0000, 0x0000, 0x0000, 0x0000, 0x0000, 0x0000, 0x0000, 0x0000, 0x0000, 0x0000, 0x0000
    dw 0x0000, 0x0000, 0x0000, 0x0000, 0x0000, 0x0000, 0x0000, 0x0000, 0x0000, 0x0000, 0x0000, 0x0000
    dw 0x0000, 0x0000, 0x0000, 0x0000, 0x0000, 0x0000, 0x0000, 0x0000, 0x0000, 0x0000, 0x0000, 0x0000
    dw 0x0000, 0x0000, 0x0000, 0x0000, 0x0000, 0x0000, 0x0000, 0x0000, 0x0000, 0x0000, 0x0000, 0x0000
    dw 0x0000, 0x0000, 0x0000, 0x0000, 0x0000, 0x0000, 0x0000, 0x0000, 0x0000, 0x0000, 0x0000, 0x0000
    dw 0x0000, 0x0000, 0x0000, 0x0000, 0x0000, 0x0000, 0x0000, 0x0000, 0x0000, 0x0000, 0x0000, 0x0000
    dw 0x0000, 0x0000, 0x0000, 0x0000, 0x0000, 0x0000, 0x0000, 0x0000, 0x0000, 0x0000, 0x0000, 0x0000
    dw 0x0000, 0x0000, 0x0000, 0x0000, 0x0000, 0x0000, 0x0000, 0x0000, 0x0000, 0x0000, 0x0000, 0x0000
    dw 0x0000, 0x0000, 0x0000, 0x0000, 0x0000, 0x0000, 0x0000, 0x0000, 0x0000, 0x0000, 0x0000, 0x0000
    dw 0x0000, 0x0000, 0x0000, 0x0000, 0x0000, 0x0000, 0x0000, 0x0000, 0x0000, 0x0000, 0x0000, 0x0000
    dw 0x0000, 0x0000, 0x0000, 0x0000, 0x0000, 0x0000, 0x0000, 0x0000, 0x0000, 0x0000, 0x0000, 0x0000
    dw 0x0000, 0x0000, 0x0000, 0x0000, 0x0000, 0x0000, 0x0000, 0x0000, 0x0000, 0x0000, 0x0000, 0x0000
    dw 0x0000, 0x0000, 0x0000, 0x0000, 0x0000, 0x0000, 0x0000, 0x0000, 0x0000, 0x0000, 0x0000, 0x0000
    dw 0x0000, 0x0000, 0x0000, 0x0000, 0x0000, 0x0000, 0x0000, 0x0000, 0x0000, 0x0000, 0x0000, 0x0000
    dw 0x0000, 0x0000, 0x0000, 0x0000, 0x0000, 0x0000, 0x0000, 0x0000, 0x0000, 0x0000, 0x0000, 0x0000
    dw 0x0000, 0x0000, 0x0000, 0x0000, 0x0000, 0x0000, 0x0000, 0x0000, 0x0000, 0x0000, 0x0000, 0x0000
    dw 0x0000, 0x0000, 0x0000, 0x0000, 0x0000, 0x0000, 0x0000, 0x0000, 0x0000, 0x0000, 0x0000, 0x0000
    dw 0x0000, 0x0000, 0x0000, 0x0000, 0x0000, 0x0000, 0x0000, 0x0000, 0x0000, 0x0000, 0x0000, 0x0000
    dw 0x0000, 0x0000, 0x0000, 0x0000, 0x0000, 0x0000, 0x0000, 0x0000, 0x0000, 0x0000, 0x0000, 0x0000
    dw 0x0000, 0x0000, 0x0000, 0x0000, 0x0000, 0x0000, 0x0000, 0x0000, 0x0000, 0x0000, 0x0000, 0x0000
    dw 0x0000, 0x0000, 0x0000, 0x0000, 0x0000, 0x0000, 0x0000, 0x0000, 0x0000, 0x0000, 0x0000, 0x0000
    dw 0x0000, 0x0000, 0x0000, 0x0000, 0x0000, 0x0000, 0x0000, 0x0000, 0x0000, 0x0000, 0x0000, 0x0000
    dw 0x0000, 0x0000, 0x0000, 0x0000, 0x0000, 0x0000, 0x0000, 0x0000, 0x0000, 0x0000, 0x0000, 0x0000
    dw 0x0000, 0x0000, 0x0000, 0x0000, 0x0000, 0x0000, 0x0000, 0x0000, 0x0000, 0x0000, 0x0000, 0x0000
    dw 0x0000, 0x0000, 0x0000, 0x0000, 0x0000, 0x0000, 0x0000, 0x0000, 0x0000, 0x0000, 0x0000, 0x0000
    dw 0x0000, 0x0000, 0x0000, 0x0000, 0x0000, 0x0000, 0x0000, 0x0000, 0x0000, 0x0000, 0x0000, 0x0000
    dw 0x0000, 0x0000, 0x0000, 0x0000, 0x0000, 0x0000, 0x0000, 0x0000, 0x0000, 0x0000, 0x0000, 0x0000
    dw 0x0000, 0x0000, 0x0000, 0x0000, 0x0000, 0x0000, 0x0000, 0x0000, 0x0000, 0x0000, 0x0000, 0x0000
    dw 0x0000, 0x0000, 0x0000, 0x0000, 0x0000, 0x0000, 0x0000, 0x0000, 0x0000, 0x0000, 0x0000, 0x0000
    dw 0x0000, 0x0000, 0x0000, 0x0000, 0x0000, 0x0000, 0x0000, 0x0000, 0x0000, 0x0000, 0x0000, 0x0000
    dw 0x0000, 0x0000, 0x0000, 0x0000, 0x0000, 0x0000, 0x0000, 0x0000, 0x0000, 0x0000, 0x0000, 0x0000
    dw 0x0000, 0x0000, 0x0000, 0x0000, 0x0000, 0x0000, 0x0000, 0x0000, 0x0000, 0x0000, 0x0000, 0x0000
    dw 0x0000, 0x0000, 0x0000, 0x0000, 0x0000, 0x0000, 0x0000, 0x0000, 0x0000, 0x0000, 0x0000, 0x0000
    dw 0x0000, 0x0000, 0x0000, 0x0000, 0x0000, 0x0000, 0x0000, 0x0000, 0x0000, 0x0000, 0x0000, 0x0000
    dw 0x0000, 0x0000, 0x0000, 0x0000, 0x0000, 0x0000, 0x0000, 0x0000, 0x0000, 0x0000, 0x0000, 0x0000
    dw 0x0000, 0x0000, 0x0000, 0x0000, 0x0000, 0x0000, 0x0000, 0x0000, 0x0000, 0x0000, 0x0000, 0x0000
    dw 0x0000, 0x0000, 0x0000, 0x0000, 0x0000, 0x0000, 0x0000, 0x0000, 0x0000, 0x0000, 0x0000, 0x0000
    dw 0x0000, 0x0000, 0x0000, 0x0000, 0x0000, 0x0000, 0x0000, 0x0000, 0x0000, 0x0000, 0x0000, 0x0000
    dw 0x0000, 0x0000, 0x0000, 0x0000, 0x0000, 0x0000, 0x0000, 0x0000, 0x0000, 0x0000, 0x0000, 0x0000
    dw 0x0000, 0x0000, 0x0000, 0x0000, 0x0000, 0x0000, 0x0000, 0x0000, 0x0000, 0x0000, 0x0000, 0x0000
    dw 0x0000, 0x0000, 0x0000, 0x0000, 0x0000, 0x0000, 0x0000, 0x0000, 0x0000, 0x0000, 0x0000, 0x0000
    dw 0x0000, 0x0000, 0x0000, 0x0000, 0x0000, 0x0000, 0x0000, 0x0000, 0x0000, 0x0000, 0x0000, 0x0000
    dw 0x0000, 0x0000, 0x0000, 0x0000, 0x0000, 0x0000, 0x0000, 0x0000, 0x0000, 0x0000, 0x0000, 0x0000
    dw 0x0000, 0x0000, 0x0000, 0x0000, 0x0000, 0x0000, 0x0000, 0x0000, 0x0000, 0x0000, 0x0000, 0x0000
    dw 0x0000, 0x0000, 0x0000, 0x0000, 0x0000, 0x0000, 0x0000, 0x0000, 0x0000, 0x0000, 0x0000, 0x0000
    dw 0x0000, 0x0000, 0x0000, 0x0000, 0x0000, 0x0000, 0x0000, 0x0000, 0x0000, 0x0000, 0x0000, 0x0000
    dw 0x0000, 0x0000, 0x0000, 0x0000, 0x0000, 0x0000, 0x0000, 0x0000, 0x0000, 0x0000, 0x0000, 0x0000
    dw 0x0000, 0x0000, 0x0000, 0x0000, 0x0000, 0x0000, 0x0000, 0x0000, 0x0000, 0x0000, 0x0000, 0x0000
    dw 0x0000, 0x0000, 0x0000, 0x0000, 0x0000, 0x0000, 0x0000, 0x0000, 0x0000, 0x0000, 0x0000, 0x0000
    dw 0x0000, 0x0000, 0x0000, 0x0000, 0x0000, 0x0000, 0x0000, 0x0000, 0x0000, 0x0000, 0x0000, 0x0000
    dw 0x0000, 0x0000, 0x0000, 0x0000, 0x0000, 0x0000, 0x0000, 0x0000, 0x0000, 0x0000, 0x0000, 0x0000
    dw 0x0000, 0x0000, 0x0000, 0x0000, 0x0000, 0x0000, 0x0000, 0x0000, 0x0000, 0x0000, 0x0000, 0x0000
    dw 0x0000, 0x0000, 0x0000, 0x0000, 0x0000, 0x0000, 0x0000, 0x0000, 0x0000, 0x0000, 0x0000, 0x0000
    dw 0x0000, 0x0000, 0x0000, 0x0000, 0x0000, 0x0000, 0x0000, 0x0000, 0x0000, 0x0000, 0x0000, 0x0000
    dw 0x0000, 0x0000, 0x0000, 0x0000, 0x0000, 0x0000, 0x0000, 0x0000, 0x0000, 0x0000, 0x0000, 0x0000
    dw 0x0000, 0x0000, 0x0000, 0x0000, 0x0000, 0x0000, 0x0000, 0x0000, 0x0000, 0x0000, 0x0000, 0x0000
    dw 0x0000, 0x0000, 0x0000, 0x0000, 0x0000, 0x0000, 0x0000, 0x0000, 0x0000, 0x0000, 0x0000, 0x0000
    dw 0x0000, 0x0000, 0x0000, 0x0000, 0x0000, 0x0000, 0x0000, 0x0000, 0x0000, 0x0000, 0x0000, 0x0000
    dw 0x0000, 0x0000, 0x0000, 0x0000, 0x0000, 0x0000, 0x0000, 0x0000, 0x0000, 0x0000, 0x0000, 0x0000
    dw 0x0000, 0x0000, 0x0000, 0x0000, 0x0000, 0x0000, 0x0000, 0x0000, 0x0000, 0x0000, 0x0000, 0x0000
    dw 0x0000, 0x0000, 0x0000, 0x0000, 0x0000, 0x0000, 0x0000, 0x0000, 0x0000, 0x0000, 0x0000, 0x0000
    dw 0x0000, 0x0000, 0x0000, 0x0000, 0x0000, 0x0000, 0x0000, 0x0000, 0x0000, 0x0000, 0x0000, 0x0000
    dw 0x0000, 0x0000, 0x0000, 0x0000, 0x0000, 0x0000, 0x0000, 0x0000, 0x0000, 0x0000, 0x0000, 0x0000
    dw 0x0000, 0x0000, 0x0000, 0x0000, 0x0000, 0x0000, 0x0000, 0x0000, 0x0000, 0x0000, 0x0000, 0x0000
    dw 0x0000, 0x0000, 0x0000, 0x0000, 0x0000, 0x0000, 0x0000, 0x0000, 0x0000, 0x0000, 0x0000, 0x0000
    dw 0x0000, 0x0000, 0x0000, 0x0000, 0x0000, 0x0000, 0x0000, 0x0000, 0x0000, 0x0000, 0x0000, 0x0000
    dw 0x0000, 0x0000, 0x0000, 0x0000, 0x0000, 0x0000, 0x0000, 0x0000, 0x0000, 0x0000, 0x0000, 0x0000
    dw 0x0000, 0x0000, 0x0000, 0x0000, 0x0000, 0x0000, 0x0000, 0x0000, 0x0000, 0x0000, 0x0000, 0x0000
    dw 0x0000, 0x0000, 0x0000, 0x0000, 0x0000, 0x0000, 0x0000, 0x0000, 0x0000, 0x0000, 0x0000, 0x0000
    dw 0x0000, 0x0000, 0x0000, 0x0000, 0x0000, 0x0000, 0x0000, 0x0000, 0x0000, 0x0000, 0x0000, 0x0000
    dw 0x0000, 0x0000, 0x0000, 0x0000, 0x0000, 0x0000, 0x0000, 0x0000, 0x0000, 0x0000, 0x0000, 0x0000
    dw 0x0000, 0x0000, 0x0000, 0x0000, 0x0000, 0x0000, 0x0000, 0x0000, 0x0000, 0x0000, 0x0000, 0x0000
    dw 0x0000, 0x0000, 0x0000, 0x0000, 0x0000, 0x0000, 0x0000, 0x0000, 0x0000, 0x0000, 0x0000, 0x0000
    dw 0x0000, 0x0000, 0x0000, 0x0000, 0x0000, 0x0000, 0x0000, 0x0000, 0x0000, 0x0000, 0x0000, 0x0000
    dw 0x0000, 0x0000, 0x0000, 0x0000, 0x0000, 0x0000, 0x0000, 0x0000, 0x0000, 0x0000, 0x0000, 0x0000
    dw 0x0000, 0x0000, 0x0000, 0x0000, 0x0000, 0x0000, 0x0000, 0x0000, 0x0000, 0x0000, 0x0000, 0x0000
    dw 0x0000, 0x0000, 0x0000, 0x0000, 0x0000, 0x0000, 0x0000, 0x0000, 0x0000, 0x0000, 0x0000, 0x0000
    dw 0x0000, 0x0000, 0x0000, 0x0000, 0x0000, 0x0000, 0x0000, 0x0000, 0x0000, 0x0000, 0x0000, 0x0000
    dw 0x0000, 0x0000, 0x0000, 0x0000, 0x0000, 0x0000, 0x0000, 0x0000, 0x0000, 0x0000, 0x0000, 0x0000
    dw 0x0000, 0x0000, 0x0000, 0x0000, 0x0000, 0x0000, 0x0000, 0x0000, 0x0000, 0x0000, 0x0000, 0x0000
    dw 0x0000, 0x0000, 0x0000, 0x0000, 0x0000, 0x0000, 0x0000, 0x0000, 0x0000, 0x0000, 0x0000, 0x0000
    dw 0x0000, 0x0000, 0x0000, 0x0000, 0x0000, 0x0000, 0x0000, 0x0000, 0x0000, 0x0000, 0x0000, 0x0000
    dw 0x0000, 0x0000, 0x0000, 0x0000, 0x0000, 0x0000, 0x0000, 0x0000, 0x0000, 0x0000, 0x0000, 0x0000
    dw 0x0000, 0x0000, 0x0000, 0x0000, 0x0000, 0x0000, 0x0000, 0x0000, 0x0000, 0x0000, 0x0000, 0x0000
    dw 0x0000, 0x0000, 0x0000, 0x0000, 0x0000, 0x0000, 0x0000, 0x0000, 0x0000, 0x0000, 0x0000, 0x0000
    dw 0x0000, 0x0000, 0x0000, 0x0000, 0x0000, 0x0000, 0x0000, 0x0000, 0x0000, 0x0000, 0x0000, 0x0000
    dw 0x0000, 0x0000, 0x0000, 0x0000, 0x0000, 0x0000, 0x0000, 0x0000, 0x0000, 0x0000, 0x0000, 0x0000
    dw 0x0000, 0x0000, 0x0000, 0x0000, 0x0000, 0x0000, 0x0000, 0x0000, 0x0000, 0x0000, 0x0000, 0x0000
    dw 0x0000, 0x0000, 0x0000, 0x0000, 0x0000, 0x0000, 0x0000, 0x0000, 0x0000, 0x0000, 0x0000, 0x0000
    dw 0x0000, 0x0000, 0x0000, 0x0000, 0x0000, 0x0000, 0x0000, 0x0000, 0x0000, 0x0000, 0x0000, 0x0000
    dw 0x0000, 0x0000, 0x0000, 0x0000, 0x0000, 0x0000, 0x0000, 0x0000, 0x0000, 0x0000, 0x0000, 0x0000
    dw 0x0000, 0x0000, 0x0000, 0x0000, 0x0000, 0x0000, 0x0000, 0x0000, 0x0000, 0x0000, 0x0000, 0x0000
    dw 0x0000, 0x0000, 0x0000, 0x0000, 0x0000, 0x0000, 0x0000, 0x0000, 0x0000, 0x0000, 0x0000, 0x0000
    dw 0x0000, 0x0000, 0x0000, 0x0000, 0x0000, 0x0000, 0x0000, 0x0000, 0x0000, 0x0000, 0x0000, 0x0000
    dw 0x0000, 0x0000, 0x0000, 0x0000, 0x0000, 0x0000, 0x0000, 0x0000, 0x0000, 0x0000, 0x0000, 0x0000
    dw 0x0000, 0x0000, 0x0000, 0x0000, 0x0000, 0x0000, 0x0000, 0x0000, 0x0000, 0x0000, 0x0000, 0x0000
    dw 0x0000, 0x0000, 0x0000, 0x0000, 0x0000, 0x0000, 0x0000, 0x0000, 0x0000, 0x0000, 0x0000, 0x0000
    dw 0x0000, 0x0000, 0x0000, 0x0000, 0x0000, 0x0000, 0x0000, 0x0000, 0x0000, 0x0000, 0x0000, 0x0000
    dw 0x0000, 0x0000, 0x0000, 0x0000, 0x0000, 0x0000, 0x0000, 0x0000, 0x0000, 0x0000, 0x0000, 0x0000
    dw 0x0000, 0x0000, 0x0000, 0x0000, 0x0000, 0x0000, 0x0000, 0x0000, 0x0000, 0x0000, 0x0000, 0x0000
    dw 0x0000, 0x0000, 0x0000, 0x0000, 0x0000, 0x0000, 0x0000, 0x0000, 0x0000, 0x0000, 0x0000, 0x0000
    dw 0x0000, 0x0000, 0x0000, 0x0000, 0x0000, 0x0000, 0x0000, 0x0000, 0x0000, 0x0000, 0x0000, 0x0000
    dw 0x0000, 0x0000, 0x0000, 0x0000, 0x0000, 0x0000, 0x0000, 0x0000, 0x0000, 0x0000, 0x0000, 0x0000
    dw 0x0000, 0x0000, 0x0000, 0x0000, 0x0000, 0x0000, 0x0000, 0x0000, 0x0000, 0x0000, 0x0000, 0x0000
    dw 0x0000, 0x0000, 0x0000, 0x0000, 0x0000, 0x0000, 0x0000, 0x0000, 0x0000, 0x0000, 0x0000, 0x0000
    dw 0x0000, 0x0000, 0x0000, 0x0000, 0x0000, 0x0000, 0x0000, 0x0000, 0x0000, 0x0000, 0x0000, 0x0000
    dw 0x0000, 0x0000, 0x0000, 0x0000, 0x0000, 0x0000, 0x0000, 0x0000, 0x0000, 0x0000, 0x0000, 0x0000
    dw 0x0000, 0x0000, 0x0000, 0x0000, 0x0000, 0x0000, 0x0000, 0x0000, 0x0000, 0x0000, 0x0000, 0x0000
    dw 0x0000, 0x0000, 0x0000, 0x0000, 0x0000, 0x0000, 0x0000, 0x0000, 0x0000, 0x0000, 0x0000, 0x0000
    dw 0x0000, 0x0000, 0x0000, 0x0000, 0x0000, 0x0000, 0x0000, 0x0000, 0x0000, 0x0000, 0x0000, 0x0000
    dw 0x0000, 0x0000, 0x0000, 0x0000, 0x0000, 0x0000, 0x0000, 0x0000, 0x0000, 0x0000, 0x0000, 0x0000
    dw 0x0000, 0x0000, 0x0000, 0x0000, 0x0000, 0x0000, 0x0000, 0x0000, 0x0000, 0x0000, 0x0000, 0x0000
    dw 0x0000, 0x0000, 0x0000, 0x0000, 0x0000, 0x0000, 0x0000, 0x0000, 0x0000, 0x0000, 0x0000, 0x0000
    dw 0x0000, 0x0000, 0x0000, 0x0000, 0x0000, 0x0000, 0x0000, 0x0000, 0x0000, 0x0000, 0x0000, 0x0000
    dw 0x0000, 0x0000, 0x0000, 0x0000, 0x0000, 0x0000, 0x0000, 0x0000, 0x0000, 0x0000, 0x0000, 0x0000
    dw 0x0000, 0x0000, 0x0000, 0x0000, 0x0000, 0x0000, 0x0000, 0x0000, 0x0000, 0x0000, 0x0000, 0x0000
    dw 0x0000, 0x0000, 0x0000, 0x0000, 0x0000, 0x0000, 0x0000, 0x0000, 0x0000, 0x0000, 0x0000, 0x0000
    dw 0x0000, 0x0000, 0x0000, 0x0000, 0x0000, 0x0000, 0x0000, 0x0000, 0x0000, 0x0000, 0x0000, 0x0000
    dw 0x0000, 0x0000, 0x0000, 0x0000, 0x0000, 0x0000, 0x0000, 0x0000, 0x0000, 0x0000, 0x0000, 0x0000
    dw 0x0000, 0x0000, 0x0000, 0x0000, 0x0000, 0x0000, 0x0000, 0x0000, 0x0000, 0x0000, 0x0000, 0x0000
    dw 0x0000, 0x0000, 0x0000, 0x0000, 0x0000, 0x0000, 0x0000, 0x0000, 0x0000, 0x0000, 0x0000, 0x0000
    dw 0x0000, 0x0000, 0x0000, 0x0000, 0x0000, 0x0000, 0x0000, 0x0000, 0x0000, 0x0000, 0x0000, 0x0000
    dw 0x0000, 0x0000, 0x0000, 0x0000, 0x0000, 0x0000, 0x0000, 0x0000, 0x0000, 0x0000, 0x0000, 0x0000
    dw 0x0000, 0x0000, 0x0000, 0x0000, 0x0000, 0x0000, 0x0000, 0x0000, 0x0000, 0x0000, 0x0000, 0x0000
    dw 0x0000, 0x0000, 0x0000, 0x0000, 0x0000, 0x0000, 0x0000, 0x0000, 0x0000, 0x0000, 0x0000, 0x0000
    dw 0x0000, 0x0000, 0x0000, 0x0000, 0x0000, 0x0000, 0x0000, 0x0000, 0x0000, 0x0000, 0x0000, 0x0000
    dw 0x0000, 0x0000, 0x0000, 0x0000, 0x0000, 0x0000, 0x0000, 0x0000, 0x0000, 0x0000, 0x0000, 0x0000
    dw 0x0000, 0x0000, 0x0000, 0x0000, 0x0000, 0x0000, 0x0000, 0x0000, 0x0000, 0x0000, 0x0000, 0x0000
    dw 0x0000, 0x0000, 0x0000, 0x0000, 0x0000, 0x0000, 0x0000, 0x0000, 0x0000, 0x0000, 0x0000, 0x0000
    dw 0x0000, 0x0000, 0x0000, 0x0000, 0x0000, 0x0000, 0x0000, 0x0000, 0x0000, 0x0000, 0x0000, 0x0000
    dw 0x0000, 0x0000, 0x0000, 0x0000, 0x0000, 0x0000, 0x0000, 0x0000, 0x0000, 0x0000, 0x0000, 0x0000
    dw 0x0000, 0x0000, 0x0000, 0x0000, 0x0000, 0x0000, 0x0000, 0x0000, 0x0000, 0x0000, 0x0000, 0x0000
    dw 0x0000, 0x0000, 0x0000, 0x0000, 0x0000, 0x0000, 0x0000, 0x0000, 0x0000, 0x0000, 0x0000, 0x0000
    dw 0x0000, 0x0000, 0x0000, 0x0000, 0x0000, 0x0000, 0x0000, 0x0000, 0x0000, 0x0000, 0x0000, 0x0000
    dw 0x0000, 0x0000, 0x0000, 0x0000, 0x0000, 0x0000, 0x0000, 0x0000, 0x0000, 0x0000, 0x0000, 0x0000
    dw 0x0000, 0x0000, 0x0000, 0x0000, 0x0000, 0x0000, 0x0000, 0x0000, 0x0000, 0x0000, 0x0000, 0x0000
    dw 0x0000, 0x0000, 0x0000, 0x0000, 0x0000, 0x0000, 0x0000, 0x0000, 0x0000, 0x0000, 0x0000, 0x0000
    dw 0x0000, 0x0000, 0x0000, 0x0000, 0x0000, 0x0000, 0x0000, 0x0000, 0x0000, 0x0000, 0x0000, 0x0000
    dw 0x0000, 0x0000, 0x0000, 0x0000, 0x0000, 0x0000, 0x0000, 0x0000, 0x0000, 0x0000, 0x0000, 0x0000
    dw 0x0000, 0x0000, 0x0000, 0x0000, 0x0000, 0x0000, 0x0000, 0x0000, 0x0000, 0x0000, 0x0000, 0x0000
    dw 0x0000, 0x0000, 0x0000, 0x0000, 0x0000, 0x0000, 0x0000, 0x0000, 0x0000, 0x0000, 0x0000, 0x0000
    dw 0x0000, 0x0000, 0x0000, 0x0000, 0x0000, 0x0000, 0x0000, 0x0000, 0x0000, 0x0000, 0x0000, 0x0000
    dw 0x0000, 0x0000, 0x0000, 0x0000, 0x0000, 0x0000, 0x0000, 0x0000, 0x0000, 0x0000, 0x0000, 0x0000
    dw 0x0000, 0x0000, 0x0000, 0x0000, 0x0000, 0x0000, 0x0000, 0x0000, 0x0000, 0x0000, 0x0000, 0x0000
    dw 0x0000, 0x0000, 0x0000, 0x0000, 0x0000, 0x0000, 0x0000, 0x0000, 0x0000, 0x0000, 0x0000, 0x0000
    dw 0x0000, 0x0000, 0x0000, 0x0000, 0x0000, 0x0000, 0x0000, 0x0000, 0x0000, 0x0000, 0x0000, 0x0000
    dw 0x0000, 0x0000, 0x0000, 0x0000, 0x0000, 0x0000, 0x0000, 0x0000, 0x0000, 0x0000, 0x0000, 0x0000
    dw 0x0000, 0x0000, 0x0000, 0x0000, 0x0000, 0x0000, 0x0000, 0x0000, 0x0000, 0x0000, 0x0000, 0x0000
    dw 0x0000, 0x0000, 0x0000, 0x0000, 0x0000, 0x0000, 0x0000, 0x0000, 0x0000, 0x0000, 0x0000, 0x0000
    dw 0x0000, 0x0000, 0x0000, 0x0000, 0x0000, 0x0000, 0x0000, 0x0000, 0x0000, 0x0000, 0x0000, 0x0000
    dw 0x0000, 0x0000, 0x0000, 0x0000, 0x0000, 0x0000, 0x0000, 0x0000, 0x0000, 0x0000, 0x0000, 0x0000
    dw 0x0000, 0x0000, 0x0000, 0x0000, 0x0000, 0x0000, 0x0000, 0x0000, 0x0000, 0x0000, 0x0000, 0x0000
    dw 0x0000, 0x0000, 0x0000, 0x0000, 0x0000, 0x0000, 0x0000, 0x0000, 0x0000, 0x0000, 0x0000, 0x0000
    dw 0x0000, 0x0000, 0x0000, 0x0000, 0x0000, 0x0000, 0x0000, 0x0000, 0x0000, 0x0000, 0x0000, 0x0000
    dw 0x0000, 0x0000, 0x0000, 0x0000, 0x0000, 0x0000, 0x0000, 0x0000, 0x0000, 0x0000, 0x0000, 0x0000
    dw 0x0000, 0x0000, 0x0000, 0x0000, 0x0000, 0x0000, 0x0000, 0x0000, 0x0000, 0x0000, 0x0000, 0x0000
    dw 0x0000, 0x0000, 0x0000, 0x0000, 0x0000, 0x0000, 0x0000, 0x0000, 0x0000, 0x0000, 0x0000, 0x0000
    dw 0x0000, 0x0000, 0x0000, 0x0000, 0x0000, 0x0000, 0x0000, 0x0000, 0x0000, 0x0000, 0x0000, 0x0000
    dw 0x0000, 0x0000, 0x0000, 0x0000, 0x0000, 0x0000, 0x0000, 0x0000, 0x0000, 0x0000, 0x0000, 0x0000
    dw 0x0000, 0x0000, 0x0000, 0x0000, 0x0000, 0x0000, 0x0000, 0x0000, 0x0000, 0x0000, 0x0000, 0x0000
    dw 0x0000, 0x0000, 0x0000, 0x0000, 0x0000, 0x0000, 0x0000, 0x0000, 0x0000, 0x0000, 0x0000, 0x0000
    dw 0x0000, 0x0000, 0x0000, 0x0000, 0x0000, 0x0000, 0x0000, 0x0000, 0x0000, 0x0000, 0x0000, 0x0000
    dw 0x0000, 0x0000, 0x0000, 0x0000, 0x0000, 0x0000, 0x0000, 0x0000, 0x0000, 0x0000, 0x0000, 0x0000
    dw 0x0000, 0x0000, 0x0000, 0x0000, 0x0000, 0x0000, 0x0000, 0x0000, 0x0000, 0x0000, 0x0000, 0x0000
    dw 0x0000, 0x0000, 0x0000, 0x0000, 0x0000, 0x0000, 0x0000, 0x0000, 0x0000, 0x0000, 0x0000, 0x0000
    dw 0x0000, 0x0000, 0x0000, 0x0000, 0x0000, 0x0000, 0x0000, 0x0000, 0x0000, 0x0000, 0x0000, 0x0000
    dw 0x0000, 0x0000, 0x0000, 0x0000, 0x0000, 0x0000, 0x0000, 0x0000, 0x0000, 0x0000, 0x0000, 0x0000
    dw 0x0000, 0x0000, 0x0000, 0x0000, 0x0000, 0x0000, 0x0000, 0x0000, 0x0000, 0x0000, 0x0000, 0x0000
    dw 0x0000, 0x0000, 0x0000, 0x0000, 0x0000, 0x0000, 0x0000, 0x0000, 0x0000, 0x0000, 0x0000, 0x0000
    dw 0x0000, 0x0000, 0x0000, 0x0000, 0x0000, 0x0000, 0x0000, 0x0000, 0x0000, 0x0000, 0x0000, 0x0000
    dw 0x0000, 0x0000, 0x0000, 0x0000, 0x0000, 0x0000, 0x0000, 0x0000, 0x0000, 0x0000, 0x0000, 0x0000
    dw 0x0000, 0x0000, 0x0000, 0x0000, 0x0000, 0x0000, 0x0000, 0x0000, 0x0000, 0x0000, 0x0000, 0x0000
    dw 0x0000, 0x0000, 0x0000, 0x0000, 0x0000, 0x0000, 0x0000, 0x0000, 0x0000, 0x0000, 0x0000, 0x0000
    dw 0x0000, 0x0000, 0x0000, 0x0000, 0x0000, 0x0000, 0x0000, 0x0000, 0x0000, 0x0000, 0x0000, 0x0000
    dw 0x0000, 0x0000, 0x0000, 0x0000, 0x0000, 0x0000, 0x0000, 0x0000, 0x0000, 0x0000, 0x0000, 0x0000
    dw 0x0000, 0x0000, 0x0000, 0x0000, 0x0000, 0x0000, 0x0000, 0x0000, 0x0000, 0x0000, 0x0000, 0x0000
    dw 0x0000, 0x0000, 0x0000, 0x0000, 0x0000, 0x0000, 0x0000, 0x0000, 0x0000, 0x0000, 0x0000, 0x0000
    dw 0x0000, 0x0000, 0x0000, 0x0000, 0x0000, 0x0000, 0x0000, 0x0000, 0x0000, 0x0000, 0x0000, 0x0000
    dw 0x0000, 0x0000, 0x0000, 0x0000, 0x0000, 0x0000, 0x0000, 0x0000, 0x0000, 0x0000, 0x0000, 0x0000
    dw 0x0000, 0x0000, 0x0000, 0x0000, 0x0000, 0x0000, 0x0000, 0x0000, 0x0000, 0x0000, 0x0000, 0x0000
    dw 0x0000, 0x0000, 0x0000, 0x0000, 0x0000, 0x0000, 0x0000, 0x0000, 0x0000, 0x0000, 0x0000, 0x0000
    dw 0x0000, 0x0000, 0x0000, 0x0000, 0x0000, 0x0000, 0x0000, 0x0000, 0x0000, 0x0000, 0x0000, 0x0000
    dw 0x0000, 0x0000, 0x0000, 0x0000, 0x0000, 0x0000, 0x0000, 0x0000, 0x0000, 0x0000, 0x0000, 0x0000
    dw 0x0000, 0x0000, 0x0000, 0x0000, 0x0000, 0x0000, 0x0000, 0x0000, 0x0000, 0x0000, 0x0000, 0x0000
    dw 0x0000, 0x0000, 0x0000, 0x0000, 0x0000, 0x0000, 0x0000, 0x0000, 0x0000, 0x0000, 0x0000, 0x0000
    dw 0x0000, 0x0000, 0x0000, 0x0000, 0x0000, 0x0000, 0x0000, 0x0000, 0x0000, 0x0000, 0x0000, 0x0000
    dw 0x0000, 0x0000, 0x0000, 0x0000, 0x0000, 0x0000, 0x0000, 0x0000, 0x0000, 0x0000, 0x0000, 0x0000
    dw 0x0000, 0x0000, 0x0000, 0x0000, 0x0000, 0x0000, 0x0000, 0x0000, 0x0000, 0x0000, 0x0000, 0x0000
    dw 0x0000, 0x0000, 0x0000, 0x0000, 0x0000, 0x0000, 0x0000, 0x0000, 0x0000, 0x0000, 0x0000, 0x0000
    dw 0x0000, 0x0000, 0x0000, 0x0000, 0x0000, 0x0000, 0x0000, 0x0000, 0x0000, 0x0000, 0x0000, 0x0000
    dw 0x0000, 0x0000, 0x0000, 0x0000, 0x0000, 0x0000, 0x0000, 0x0000, 0x0000, 0x0000, 0x0000, 0x0000
    dw 0x0000, 0x0000, 0x0000, 0x0000, 0x0000, 0x0000, 0x0000, 0x0000, 0x0000, 0x0000, 0x0000, 0x0000
    dw 0x0000, 0x0000, 0x0000, 0x0000, 0x0000, 0x0000, 0x0000, 0x0000, 0x0000, 0x0000, 0x0000, 0x0000
    dw 0x0000, 0x0000, 0x0000, 0x0000, 0x0000, 0x0000, 0x0000, 0x0000, 0x0000, 0x0000, 0x0000, 0x0000
    dw 0x0000, 0x0000, 0x0000, 0x0000, 0x0000, 0x0000, 0x0000, 0x0000, 0x0000, 0x0000, 0x0000, 0x0000
    dw 0x0000, 0x0000, 0x0000, 0x0000, 0x0000, 0x0000, 0x0000, 0x0000, 0x0000, 0x0000, 0x0000, 0x0000
    dw 0x0000, 0x0000, 0x0000, 0x0000, 0x0000, 0x0000, 0x0000, 0x0000, 0x0000, 0x0000, 0x0000, 0x0000
    dw 0x0000, 0x0000, 0x0000, 0x0000, 0x0000, 0x0000, 0x0000, 0x0000, 0x0000, 0x0000, 0x0000, 0x0000
    dw 0x0000, 0x0000, 0x0000, 0x0000, 0x0000, 0x0000, 0x0000, 0x0000, 0x0000, 0x0000, 0x0000, 0x0000
    dw 0x0000, 0x0000, 0x0000, 0x0000, 0x0000, 0x0000, 0x0000, 0x0000, 0x0000, 0x0000, 0x0000, 0x0000
    dw 0x0000, 0x0000, 0x0000, 0x0000, 0x0000, 0x0000, 0x0000, 0x0000, 0x0000, 0x0000, 0x0000, 0x0000
    dw 0x0000, 0x0000, 0x0000, 0x0000, 0x0000, 0x0000, 0x0000, 0x0000, 0x0000, 0x0000, 0x0000, 0x0000
    dw 0x0000, 0x0000, 0x0000, 0x0000, 0x0000, 0x0000, 0x0000, 0x0000, 0x0000, 0x0000, 0x0000, 0x0000
    dw 0x0000, 0x0000, 0x0000, 0x0000, 0x0000, 0x0000, 0x0000, 0x0000, 0x0000, 0x0000, 0x0000, 0x0000
    dw 0x0000, 0x0000, 0x0000, 0x0000, 0x0000, 0x0000, 0x0000, 0x0000, 0x0000, 0x0000, 0x0000, 0x0000
    dw 0x0000, 0x0000, 0x0000, 0x0000, 0x0000, 0x0000, 0x0000, 0x0000, 0x0000, 0x0000, 0x0000, 0x0000
    dw 0x0000, 0x0000, 0x0000, 0x0000, 0x0000, 0x0000, 0x0000, 0x0000, 0x0000, 0x0000, 0x0000, 0x0000
    dw 0x0000, 0x0000, 0x0000, 0x0000, 0x0000, 0x0000, 0x0000, 0x0000, 0x0000, 0x0000, 0x0000, 0x0000
    dw 0x0000, 0x0000, 0x0000, 0x0000, 0x0000, 0x0000, 0x0000, 0x0000, 0x0000, 0x0000, 0x0000, 0x0000
    dw 0x0000, 0x0000, 0x0000, 0x0000, 0x0000, 0x0000, 0x0000, 0x0000, 0x0000, 0x0000, 0x0000, 0x0000
    dw 0x0000, 0x0000, 0x0000, 0x0000, 0x0000, 0x0000, 0x0000, 0x0000, 0x0000, 0x0000, 0x0000, 0x0000
    dw 0x0000, 0x0000, 0x0000, 0x0000, 0x0000, 0x0000, 0x0000, 0x0000, 0x0000, 0x0000, 0x0000, 0x0000
    dw 0x0000, 0x0000, 0x0000, 0x0000, 0x0000, 0x0000, 0x0000, 0x0000, 0x0000, 0x0000, 0x0000, 0x0000
    dw 0x0000, 0x0000, 0x0000, 0x0000, 0x0000, 0x0000, 0x0000, 0x0000, 0x0000, 0x0000, 0x0000, 0x0000
    dw 0x0000, 0x0000, 0x0000, 0x0000, 0x0000, 0x0000, 0x0000, 0x0000, 0x0000, 0x0000, 0x0000, 0x0000
    dw 0x0000, 0x0000, 0x0000, 0x0000, 0x0000, 0x0000, 0x0000, 0x0000, 0x0000, 0x0000, 0x0000, 0x0000
    dw 0x0000, 0x0000, 0x0000, 0x0000, 0x0000, 0x0000, 0x0000, 0x0000, 0x0000, 0x0000, 0x0000, 0x0000
    dw 0x0000, 0x0000, 0x0000, 0x0000, 0x0000, 0x0000, 0x0000, 0x0000, 0x0000, 0x0000, 0x0000, 0x0000
    dw 0x0000, 0x0000, 0x0000, 0x0000, 0x0000, 0x0000, 0x0000, 0x0000, 0x0000, 0x0000, 0x0000, 0x0000
    dw 0x0000, 0x0000, 0x0000, 0x0000, 0x0000, 0x0000, 0x0000, 0x0000, 0x0000, 0x0000, 0x0000, 0x0000
    dw 0x0000, 0x0000, 0x0000, 0x0000, 0x0000, 0x0000, 0x0000, 0x0000, 0x0000, 0x0000, 0x0000, 0x0000
    dw 0x0000, 0x0000, 0x0000, 0x0000, 0x0000, 0x0000, 0x0000, 0x0000, 0x0000, 0x0000, 0x0000, 0x0000
    dw 0x0000, 0x0000, 0x0000, 0x0000, 0x0000, 0x0000, 0x0000, 0x0000, 0x0000, 0x0000, 0x0000, 0x0000
    dw 0x0000, 0x0000, 0x0000, 0x0000, 0x0000, 0x0000, 0x0000, 0x0000, 0x0000, 0x0000, 0x0000, 0x0000
    dw 0x0000, 0x0000, 0x0000, 0x0000, 0x0000, 0x0000, 0x0000, 0x0000, 0x0000, 0x0000, 0x0000, 0x0000
    dw 0x0000, 0x0000, 0x0000, 0x0000, 0x0000, 0x0000, 0x0000, 0x0000, 0x0000, 0x0000, 0x0000, 0x0000
    dw 0x0000, 0x0000, 0x0000, 0x0000, 0x0000, 0x0000, 0x0000, 0x0000, 0x0000, 0x0000, 0x0000, 0x0000
    dw 0x0000, 0x0000, 0x0000, 0x0000, 0x0000, 0x0000, 0x0000, 0x0000, 0x0000, 0x0000, 0x0000, 0x0000
    dw 0x0000, 0x0000, 0x0000, 0x0000, 0x0000, 0x0000, 0x0000, 0x0000, 0x0000, 0x0000, 0x0000, 0x0000
    dw 0x0000, 0x0000, 0x0000, 0x0000, 0x0000, 0x0000, 0x0000, 0x0000, 0x0000, 0x0000, 0x0000, 0x0000
    dw 0x0000, 0x0000, 0x0000, 0x0000, 0x0000, 0x0000, 0x0000, 0x0000, 0x0000, 0x0000, 0x0000, 0x0000
    dw 0x0000, 0x0000, 0x0000, 0x0000, 0x0000, 0x0000, 0x0000, 0x0000, 0x0000, 0x0000, 0x0000, 0x0000
    dw 0x0000, 0x0000, 0x0000, 0x0000, 0x0000, 0x0000, 0x0000, 0x0000, 0x0000, 0x0000, 0x0000, 0x0000
    dw 0x0000, 0x0000, 0x0000, 0x0000, 0x0000, 0x0000, 0x0000, 0x0000, 0x0000, 0x0000, 0x0000, 0x0000
    dw 0x0000, 0x0000, 0x0000, 0x0000, 0x0000, 0x0000, 0x0000, 0x0000, 0x0000, 0x0000, 0x0000, 0x0000
    dw 0x0000, 0x0000, 0x0000, 0x0000, 0x0000, 0x0000, 0x0000, 0x0000, 0x0000, 0x0000, 0x0000, 0x0000
    dw 0x0000, 0x0000, 0x0000, 0x0000, 0x0000, 0x0000, 0x0000, 0x0000, 0x0000, 0x0000, 0x0000, 0x0000
    dw 0x0000, 0x0000, 0x0000, 0x0000, 0x0000, 0x0000, 0x0000, 0x0000, 0x0000, 0x0000, 0x0000, 0x0000
    dw 0x0000, 0x0000, 0x0000, 0x0000, 0x0000, 0x0000, 0x0000, 0x0000, 0x0000, 0x0000, 0x0000, 0x0000
    dw 0x0000, 0x0000, 0x0000, 0x0000, 0x0000, 0x0000, 0x0000, 0x0000, 0x0000, 0x0000, 0x0000, 0x0000
    dw 0x0000, 0x0000, 0x0000, 0x0000, 0x0000, 0x0000, 0x0000, 0x0000, 0x0000, 0x0000, 0x0000, 0x0000
    dw 0x0000, 0x0000, 0x0000, 0x0000, 0x0000, 0x0000, 0x0000, 0x0000, 0x0000, 0x0000, 0x0000, 0x0000
    dw 0x0000, 0x0000, 0x0000, 0x0000, 0x0000, 0x0000, 0x0000, 0x0000, 0x0000, 0x0000, 0x0000, 0x0000
    dw 0x0000, 0x0000, 0x0000, 0x0000, 0x0000, 0x0000, 0x0000, 0x0000, 0x0000, 0x0000, 0x0000, 0x0000
    dw 0x0000, 0x0000, 0x0000, 0x0000, 0x0000, 0x0000, 0x0000, 0x0000, 0x0000, 0x0000, 0x0000, 0x0000
    dw 0x0000, 0x0000, 0x0000, 0x0000, 0x0000, 0x0000, 0x0000, 0x0000, 0x0000, 0x0000, 0x0000, 0x0000
    dw 0x0000, 0x0000, 0x0000, 0x0000, 0x0000, 0x0000, 0x0000, 0x0000, 0x0000, 0x0000, 0x0000, 0x0000
    dw 0x0000, 0x0000, 0x0000, 0x0000, 0x0000, 0x0000, 0x0000, 0x0000, 0x0000, 0x0000, 0x0000, 0x0000
    dw 0x0000, 0x0000, 0x0000, 0x0000, 0x0000, 0x0000, 0x0000, 0x0000, 0x0000, 0x0000, 0x0000, 0x0000
    dw 0x0000, 0x0000, 0x0000, 0x0000, 0x0000, 0x0000, 0x0000, 0x0000, 0x0000, 0x0000, 0x0000, 0x0000
    dw 0x0000, 0x0000, 0x0000, 0x0000, 0x0000, 0x0000, 0x0000, 0x0000, 0x0000, 0x0000, 0x0000, 0x0000
    dw 0x0000, 0x0000, 0x0000, 0x0000, 0x0000, 0x0000, 0x0000, 0x0000, 0x0000, 0x0000, 0x0000, 0x0000
    dw 0x0000, 0x0000, 0x0000, 0x0000, 0x0000, 0x0000, 0x0000, 0x0000, 0x0000, 0x0000, 0x0000, 0x0000
    dw 0x0000, 0x0000, 0x0000, 0x0000, 0x0000, 0x0000, 0x0000, 0x0000, 0x0000, 0x0000, 0x0000, 0x0000
    dw 0x0000, 0x0000, 0x0000, 0x0000, 0x0000, 0x0000, 0x0000, 0x0000, 0x0000, 0x0000, 0x0000, 0x0000
    dw 0x0000, 0x0000, 0x0000, 0x0000, 0x0000, 0x0000, 0x0000, 0x0000, 0x0000, 0x0000, 0x0000, 0x0000
    dw 0x0000, 0x0000, 0x0000, 0x0000, 0x0000, 0x0000, 0x0000, 0x0000, 0x0000, 0x0000, 0x0000, 0x0000
    dw 0x0000, 0x0000, 0x0000, 0x0000, 0x0000, 0x0000, 0x0000, 0x0000, 0x0000, 0x0000, 0x0000, 0x0000
    dw 0x0000, 0x0000, 0x0000, 0x0000, 0x0000, 0x0000, 0x0000, 0x0000, 0x0000, 0x0000, 0x0000, 0x0000
    dw 0x0000, 0x0000, 0x0000, 0x0000, 0x0000, 0x0000, 0x0000, 0x0000, 0x0000, 0x0000, 0x0000, 0x0000
    dw 0x0000, 0x0000, 0x0000, 0x0000, 0x0000, 0x0000, 0x0000, 0x0000, 0x0000, 0x0000, 0x0000, 0x0000
    dw 0x0000, 0x0000, 0x0000, 0x0000, 0x0000, 0x0000, 0x0000, 0x0000, 0x0000, 0x0000, 0x0000, 0x0000
    dw 0x0000, 0x0000, 0x0000, 0x0000, 0x0000, 0x0000, 0x0000, 0x0000, 0x0000, 0x0000, 0x0000, 0x0000
    dw 0x0000, 0x0000, 0x0000, 0x0000, 0x0000, 0x0000, 0x0000, 0x0000, 0x0000, 0x0000, 0x0000, 0x0000
    dw 0x0000, 0x0000, 0x0000, 0x0000, 0x0000, 0x0000, 0x0000, 0x0000, 0x0000, 0x0000, 0x0000, 0x0000
    dw 0x0000, 0x0000, 0x0000, 0x0000, 0x0000, 0x0000, 0x0000, 0x0000, 0x0000, 0x0000, 0x0000, 0x0000
    dw 0x0000, 0x0000, 0x0000, 0x0000, 0x0000, 0x0000, 0x0000, 0x0000, 0x0000, 0x0000, 0x0000, 0x0000
    dw 0x0000, 0x0000, 0x0000, 0x0000, 0x0000, 0x0000, 0x0000, 0x0000, 0x0000, 0x0000, 0x0000, 0x0000
    dw 0x0000, 0x0000, 0x0000, 0x0000, 0x0000, 0x0000, 0x0000, 0x0000, 0x0000, 0x0000, 0x0000, 0x0000
    dw 0x0000, 0x0000, 0x0000, 0x0000, 0x0000, 0x0000, 0x0000, 0x0000, 0x0000, 0x0000, 0x0000, 0x0000
    dw 0x0000, 0x0000, 0x0000, 0x0000, 0x0000, 0x0000, 0x0000, 0x0000, 0x0000, 0x0000, 0x0000, 0x0000
    dw 0x0000, 0x0000, 0x0000, 0x0000, 0x0000, 0x0000, 0x0000, 0x0000, 0x0000, 0x0000, 0x0000, 0x0000
    dw 0x0000, 0x0000, 0x0000, 0x0000, 0x0000, 0x0000, 0x0000, 0x0000, 0x0000, 0x0000, 0x0000, 0x0000
    dw 0x0000, 0x0000, 0x0000, 0x0000, 0x0000, 0x0000, 0x0000, 0x0000, 0x0000, 0x0000, 0x0000, 0x0000
    dw 0x0000, 0x0000, 0x0000, 0x0000, 0x0000, 0x0000, 0x0000, 0x0000, 0x0000, 0x0000, 0x0000, 0x0000
    dw 0x0000, 0x0000, 0x0000, 0x0000, 0x0000, 0x0000, 0x0000, 0x0000, 0x0000, 0x0000, 0x0000, 0x0000
    dw 0x0000, 0x0000, 0x0000, 0x0000, 0x0000, 0x0000, 0x0000, 0x0000, 0x0000, 0x0000, 0x0000, 0x0000
    dw 0x0000, 0x0000, 0x0000, 0x0000, 0x0000, 0x0000, 0x0000, 0x0000, 0x0000, 0x0000, 0x0000, 0x0000
    dw 0x0000, 0x0000, 0x0000, 0x0000, 0x0000, 0x0000, 0x0000, 0x0000, 0x0000, 0x0000, 0x0000, 0x0000
    dw 0x0000, 0x0000, 0x0000, 0x0000, 0x0000, 0x0000, 0x0000, 0x0000, 0x0000, 0x0000, 0x0000, 0x0000
    dw 0x0000, 0x0000, 0x0000, 0x0000, 0x0000, 0x0000, 0x0000, 0x0000, 0x0000, 0x0000, 0x0000, 0x0000
    dw 0x0000, 0x0000, 0x0000, 0x0000, 0x0000, 0x0000, 0x0000, 0x0000, 0x0000, 0x0000, 0x0000, 0x0000
    dw 0x0000, 0x0000, 0x0000, 0x0000, 0x0000, 0x0000, 0x0000, 0x0000, 0x0000, 0x0000, 0x0000, 0x0000
    dw 0x0000, 0x0000, 0x0000, 0x0000, 0x0000, 0x0000, 0x0000, 0x0000, 0x0000, 0x0000, 0x0000, 0x0000
    dw 0x0000, 0x0000, 0x0000, 0x0000, 0x0000, 0x0000, 0x0000, 0x0000, 0x0000, 0x0000, 0x0000, 0x0000
    dw 0x0000, 0x0000, 0x0000, 0x0000, 0x0000, 0x0000, 0x0000, 0x0000, 0x0000, 0x0000, 0x0000, 0x0000
    dw 0x0000, 0x0000, 0x0000, 0x0000, 0x0000, 0x0000, 0x0000, 0x0000, 0x0000, 0x0000, 0x0000, 0x0000
    dw 0x0000, 0x0000, 0x0000, 0x0000, 0x0000, 0x0000, 0x0000, 0x0000, 0x0000, 0x0000, 0x0000, 0x0000
    dw 0x0000, 0x0000, 0x0000, 0x0000, 0x0000, 0x0000, 0x0000, 0x0000, 0x0000, 0x0000, 0x0000, 0x0000
    dw 0x0000, 0x0000, 0x0000, 0x0000, 0x0000, 0x0000, 0x0000, 0x0000, 0x0000, 0x0000, 0x0000, 0x0000
    dw 0x0000, 0x0000, 0x0000, 0x0000, 0x0000, 0x0000, 0x0000, 0x0000, 0x0000, 0x0000, 0x0000, 0x0000
    dw 0x0000, 0x0000, 0x0000, 0x0000, 0x0000, 0x0000, 0x0000, 0x0000, 0x0000, 0x0000, 0x0000, 0x0000
    dw 0x0000, 0x0000, 0x0000, 0x0000, 0x0000, 0x0000, 0x0000, 0x0000, 0x0000, 0x0000, 0x0000, 0x0000
    dw 0x0000, 0x0000, 0x0000, 0x0000, 0x0000, 0x0000, 0x0000, 0x0000, 0x0000, 0x0000, 0x0000, 0x0000
    dw 0x0000, 0x0000, 0x0000, 0x0000, 0x0000, 0x0000, 0x0000, 0x0000, 0x0000, 0x0000, 0x0000, 0x0000
    dw 0x0000, 0x0000, 0x0000, 0x0000, 0x0000, 0x0000, 0x0000, 0x0000, 0x0000, 0x0000, 0x0000, 0x0000
    dw 0x0000, 0x0000, 0x0000, 0x0000, 0x0000, 0x0000, 0x0000, 0x0000, 0x0000, 0x0000, 0x0000, 0x0000
    dw 0x0000, 0x0000, 0x0000, 0x0000, 0x0000, 0x0000, 0x0000, 0x0000, 0x0000, 0x0000, 0x0000, 0x0000
    dw 0x0000, 0x0000, 0x0000, 0x0000, 0x0000, 0x0000, 0x0000, 0x0000, 0x0000, 0x0000, 0x0000, 0x0000
    dw 0x0000, 0x0000, 0x0000, 0x0000, 0x0000, 0x0000, 0x0000, 0x0000, 0x0000, 0x0000, 0x0000, 0x0000
    dw 0x0000, 0x0000, 0x0000, 0x0000, 0x0000, 0x0000, 0x0000, 0x0000, 0x0000, 0x0000, 0x0000, 0x0000
    dw 0x0000, 0x0000, 0x0000, 0x0000, 0x0000, 0x0000, 0x0000, 0x0000, 0x0000, 0x0000, 0x0000, 0x0000
    dw 0x0000, 0x0000, 0x0000, 0x0000, 0x0000, 0x0000, 0x0000, 0x0000, 0x0000, 0x0000, 0x0000, 0x0000
    dw 0x0000, 0x0000, 0x0000, 0x0000, 0x0000, 0x0000, 0x0000, 0x0000, 0x0000, 0x0000, 0x0000, 0x0000
    dw 0x0000, 0x0000, 0x0000, 0x0000, 0x0000, 0x0000, 0x0000, 0x0000, 0x0000, 0x0000, 0x0000, 0x0000
    dw 0x0000, 0x0000, 0x0000, 0x0000, 0x0000, 0x0000, 0x0000, 0x0000, 0x0000, 0x0000, 0x0000, 0x0000
    dw 0x0000, 0x0000, 0x0000, 0x0000, 0x0000, 0x0000, 0x0000, 0x0000, 0x0000, 0x0000, 0x0000, 0x0000
    dw 0x0000, 0x0000, 0x0000, 0x0000, 0x0000, 0x0000, 0x0000, 0x0000, 0x0000, 0x0000, 0x0000, 0x0000
    dw 0x0000, 0x0000, 0x0000, 0x0000, 0x0000, 0x0000, 0x0000, 0x0000, 0x0000, 0x0000, 0x0000, 0x0000
    dw 0x0000, 0x0000, 0x0000, 0x0000, 0x0000, 0x0000, 0x6023, 0x6024, 0x6025, 0x6026, 0x6027, 0x6028
    dw 0x6029, 0x602A, 0x602B, 0x602C, 0x602D, 0x602E, 0x602F, 0x6030, 0x6031, 0x6032, 0x6033, 0x6034
    dw 0x6035, 0x6036, 0x6037, 0x6038, 0x6039, 0x603A, 0x603B, 0x603C, 0x603D, 0x603E, 0x603F, 0x6040
    dw 0x6041, 0x6042, 0x6043, 0x6044, 0x6045, 0x6046, 0x6047, 0x6048, 0x6049, 0x604A, 0x604B, 0x604C
    dw 0x604D, 0x604E, 0x604F, 0x6050, 0x6051, 0x6052, 0x6053, 0x6054, 0x6055, 0x6056, 0x6057, 0x6058
    dw 0x6059, 0x605A, 0x605B, 0x605C, 0x605D, 0x605E, 0x605F, 0x6060, 0x6061, 0x6062, 0x6063, 0x6064
    dw 0x6065, 0x6066, 0x6067, 0x6068, 0x6069, 0x606A, 0x606B, 0x606C, 0x606D, 0x606E, 0x606F, 0x6070
    dw 0x6071, 0x6072, 0x6073, 0x6074, 0x6075, 0x6076, 0x6077, 0x6078, 0x6079, 0x607A, 0x607B, 0x607C
    dw 0x607D, 0x607E, 0x5F5E, 0x5F5F, 0x6223, 0x6224, 0x6225, 0x6226, 0x6227, 0x6228, 0x6229, 0x622A
    dw 0x622B, 0x622C, 0x622D, 0x622E, 0x622F, 0x6230, 0x6231, 0x6232, 0x6233, 0x6234, 0x6235, 0x6236
    dw 0x6237, 0x6238, 0x6239, 0x623A, 0x623B, 0x623C, 0x623D, 0x623E, 0x623F, 0x6240, 0x6241, 0x6242
    dw 0x6243, 0x6244, 0x6245, 0x6246, 0x6247, 0x6248, 0x6249, 0x624A, 0x624B, 0x624C, 0x624D, 0x624E
    dw 0x624F, 0x6250, 0x6251, 0x6252, 0x6253, 0x6254, 0x6255, 0x6256, 0x6257, 0x6258, 0x6259, 0x625A
    dw 0x625B, 0x625C, 0x625D, 0x625E, 0x625F, 0x6260, 0x6261, 0x6262, 0x6263, 0x6264, 0x6265, 0x6266
    dw 0x6267, 0x6268, 0x6269, 0x626A, 0x626B, 0x626C, 0x626D, 0x626E, 0x626F, 0x6270, 0x6271, 0x6272
    dw 0x6273, 0x6274, 0x6275, 0x6276, 0x6277, 0x6278, 0x6279, 0x627A, 0x627B, 0x627C, 0x627D, 0x627E
    dw 0x615E, 0x615F, 0x6423, 0x6424, 0x6425, 0x6426, 0x6427, 0x6428, 0x6429, 0x642A, 0x642B, 0x642C
    dw 0x642D, 0x642E, 0x642F, 0x6430, 0x6431, 0x6432, 0x6433, 0x6434, 0x6435, 0x6436, 0x6437, 0x6438
    dw 0x6439, 0x643A, 0x643B, 0x643C, 0x643D, 0x643E, 0x643F, 0x6440, 0x6441, 0x6442, 0x6443, 0x6444
    dw 0x6445, 0x6446, 0x6447, 0x6448, 0x6449, 0x644A, 0x644B, 0x644C, 0x644D, 0x644E, 0x644F, 0x6450
    dw 0x6451, 0x6452, 0x6453, 0x6454, 0x6455, 0x6456, 0x6457, 0x6458, 0x6459, 0x645A, 0x645B, 0x645C
    dw 0x645D, 0x645E, 0x645F, 0x6460, 0x6461, 0x6462, 0x6463, 0x6464, 0x6465, 0x6466, 0x6467, 0x6468
    dw 0x6469, 0x646A, 0x646B, 0x646C, 0x646D, 0x646E, 0x646F, 0x6470, 0x6471, 0x6472, 0x6473, 0x6474
    dw 0x6475, 0x6476, 0x6477, 0x6478, 0x6479, 0x647A, 0x647B, 0x647C, 0x647D, 0x647E, 0x635E, 0x635F
    dw 0x6623, 0x6624, 0x6625, 0x6626, 0x6627, 0x6628, 0x6629, 0x662A, 0x662B, 0x662C, 0x662D, 0x662E
    dw 0x662F, 0x6630, 0x6631, 0x6632, 0x6633, 0x6634, 0x6635, 0x6636, 0x6637, 0x6638, 0x6639, 0x663A
    dw 0x663B, 0x663C, 0x663D, 0x663E, 0x663F, 0x6640, 0x6641, 0x6642, 0x6643, 0x6644, 0x6645, 0x6646
    dw 0x6647, 0x6648, 0x6649, 0x664A, 0x664B, 0x664C, 0x664D, 0x664E, 0x664F, 0x6650, 0x6651, 0x6652
    dw 0x6653, 0x6654, 0x6655, 0x6656, 0x6657, 0x6658, 0x6659, 0x665A, 0x665B, 0x665C, 0x665D, 0x665E
    dw 0x665F, 0x6660, 0x6661, 0x6662, 0x6663, 0x6664, 0x6665, 0x6666, 0x6667, 0x6668, 0x6669, 0x666A
    dw 0x666B, 0x666C, 0x666D, 0x666E, 0x666F, 0x6670, 0x6671, 0x6672, 0x6673, 0x6674, 0x6675, 0x6676
    dw 0x6677, 0x6678, 0x6679, 0x667A, 0x667B, 0x667C, 0x667D, 0x667E, 0x655E, 0x655F, 0x6823, 0x6824
    dw 0x6825, 0x6826, 0x6827, 0x6828, 0x6829, 0x682A, 0x682B, 0x682C, 0x682D, 0x682E, 0x682F, 0x6830
    dw 0x6831, 0x6832, 0x6833, 0x6834, 0x6835, 0x6836, 0x6837, 0x6838, 0x6839, 0x683A, 0x683B, 0x683C
    dw 0x683D, 0x683E, 0x683F, 0x6840, 0x6841, 0x6842, 0x6843, 0x6844, 0x6845, 0x6846, 0x6847, 0x6848
    dw 0x6849, 0x684A, 0x684B, 0x684C, 0x684D, 0x684E, 0x684F, 0x6850, 0x6851, 0x6852, 0x6853, 0x6854
    dw 0x6855, 0x6856, 0x6857, 0x6858, 0x6859, 0x685A, 0x685B, 0x685C, 0x685D, 0x685E, 0x685F, 0x6860
    dw 0x6861, 0x6862, 0x6863, 0x6864, 0x6865, 0x6866, 0x6867, 0x6868, 0x6869, 0x686A, 0x686B, 0x686C
    dw 0x686D, 0x686E, 0x686F, 0x6870, 0x6871, 0x6872, 0x6873, 0x6874, 0x6875, 0x6876, 0x6877, 0x6878
    dw 0x6879, 0x687A, 0x687B, 0x687C, 0x687D, 0x687E, 0x675E, 0x675F, 0x6A23, 0x6A24, 0x6A25, 0x6A26
    dw 0x6A27, 0x6A28, 0x6A29, 0x6A2A, 0x6A2B, 0x6A2C, 0x6A2D, 0x6A2E, 0x6A2F, 0x6A30, 0x6A31, 0x6A32
    dw 0x6A33, 0x6A34, 0x6A35, 0x6A36, 0x6A37, 0x6A38, 0x6A39, 0x6A3A, 0x6A3B, 0x6A3C, 0x6A3D, 0x6A3E
    dw 0x6A3F, 0x6A40, 0x6A41, 0x6A42, 0x6A43, 0x6A44, 0x6A45, 0x6A46, 0x6A47, 0x6A48, 0x6A49, 0x6A4A
    dw 0x6A4B, 0x6A4C, 0x6A4D, 0x6A4E, 0x6A4F, 0x6A50, 0x6A51, 0x6A52, 0x6A53, 0x6A54, 0x6A55, 0x6A56
    dw 0x6A57, 0x6A58, 0x6A59, 0x6A5A, 0x6A5B, 0x6A5C, 0x6A5D, 0x6A5E, 0x6A5F, 0x6A60, 0x6A61, 0x6A62
    dw 0x6A63, 0x6A64, 0x6A65, 0x6A66, 0x6A67, 0x6A68, 0x6A69, 0x6A6A, 0x6A6B, 0x6A6C, 0x6A6D, 0x6A6E
    dw 0x6A6F, 0x6A70, 0x6A71, 0x6A72, 0x6A73, 0x6A74, 0x6A75, 0x6A76, 0x6A77, 0x6A78, 0x6A79, 0x6A7A
    dw 0x6A7B, 0x6A7C, 0x6A7D, 0x6A7E, 0x695E, 0x695F, 0x6C23, 0x6C24, 0x6C25, 0x6C26, 0x6C27, 0x6C28
    dw 0x6C29, 0x6C2A, 0x6C2B, 0x6C2C, 0x6C2D, 0x6C2E, 0x6C2F, 0x6C30, 0x6C31, 0x6C32, 0x6C33, 0x6C34
    dw 0x6C35, 0x6C36, 0x6C37, 0x6C38, 0x6C39, 0x6C3A, 0x6C3B, 0x6C3C, 0x6C3D, 0x6C3E, 0x6C3F, 0x6C40
    dw 0x6C41, 0x6C42, 0x6C43, 0x6C44, 0x6C45, 0x6C46, 0x6C47, 0x6C48, 0x6C49, 0x6C4A, 0x6C4B, 0x6C4C
    dw 0x6C4D, 0x6C4E, 0x6C4F, 0x6C50, 0x6C51, 0x6C52, 0x6C53, 0x6C54, 0x6C55, 0x6C56, 0x6C57, 0x6C58
    dw 0x6C59, 0x6C5A, 0x6C5B, 0x6C5C, 0x6C5D, 0x6C5E, 0x6C5F, 0x6C60, 0x6C61, 0x6C62, 0x6C63, 0x6C64
    dw 0x6C65, 0x6C66, 0x6C67, 0x6C68, 0x6C69, 0x6C6A, 0x6C6B, 0x6C6C, 0x6C6D, 0x6C6E, 0x6C6F, 0x6C70
    dw 0x6C71, 0x6C72, 0x6C73, 0x6C74, 0x6C75, 0x6C76, 0x6C77, 0x6C78, 0x6C79, 0x6C7A, 0x6C7B, 0x6C7C
    dw 0x6C7D, 0x6C7E, 0x6B5E, 0x6B5F, 0x6E23, 0x6E24, 0x6E25, 0x6E26, 0x6E27, 0x6E28, 0x6E29, 0x6E2A
    dw 0x6E2B, 0x6E2C, 0x6E2D, 0x6E2E, 0x6E2F, 0x6E30, 0x6E31, 0x6E32, 0x6E33, 0x6E34, 0x6E35, 0x6E36
    dw 0x6E37, 0x6E38, 0x6E39, 0x6E3A, 0x6E3B, 0x6E3C, 0x6E3D, 0x6E3E, 0x6E3F, 0x6E40, 0x6E41, 0x6E42
    dw 0x6E43, 0x6E44, 0x6E45, 0x6E46, 0x6E47, 0x6E48, 0x6E49, 0x6E4A, 0x6E4B, 0x6E4C, 0x6E4D, 0x6E4E
    dw 0x6E4F, 0x6E50, 0x6E51, 0x6E52, 0x6E53, 0x6E54, 0x6E55, 0x6E56, 0x6E57, 0x6E58, 0x6E59, 0x6E5A
    dw 0x6E5B, 0x6E5C, 0x6E5D, 0x6E5E, 0x6E5F, 0x6E60, 0x6E61, 0x6E62, 0x6E63, 0x6E64, 0x6E65, 0x6E66
    dw 0x6E67, 0x6E68, 0x6E69, 0x6E6A, 0x6E6B, 0x6E6C, 0x6E6D, 0x6E6E, 0x6E6F, 0x6E70, 0x6E71, 0x6E72
    dw 0x6E73, 0x6E74, 0x6E75, 0x6E76, 0x6E77, 0x6E78, 0x6E79, 0x6E7A, 0x6E7B, 0x6E7C, 0x6E7D, 0x6E7E
    dw 0x6D5E, 0x6D5F, 0x7023, 0x7024, 0x7025, 0x7026, 0x7027, 0x7028, 0x7029, 0x702A, 0x702B, 0x702C
    dw 0x702D, 0x702E, 0x702F, 0x7030, 0x7031, 0x7032, 0x7033, 0x7034, 0x7035, 0x7036, 0x7037, 0x7038
    dw 0x7039, 0x703A, 0x703B, 0x703C, 0x703D, 0x703E, 0x703F, 0x7040, 0x7041, 0x7042, 0x7043, 0x7044
    dw 0x7045, 0x7046, 0x7047, 0x7048, 0x7049, 0x704A, 0x704B, 0x704C, 0x704D, 0x704E, 0x704F, 0x7050
    dw 0x7051, 0x7052, 0x7053, 0x7054, 0x7055, 0x7056, 0x7057, 0x7058, 0x7059, 0x705A, 0x705B, 0x705C
    dw 0x705D, 0x705E, 0x705F, 0x7060, 0x7061, 0x7062, 0x7063, 0x7064, 0x7065, 0x7066, 0x7067, 0x7068
    dw 0x7069, 0x706A, 0x706B, 0x706C, 0x706D, 0x706E, 0x706F, 0x7070, 0x7071, 0x7072, 0x7073, 0x7074
    dw 0x7075, 0x7076, 0x7077, 0x7078, 0x7079, 0x707A, 0x707B, 0x707C, 0x707D, 0x707E, 0x6F5E, 0x6F5F
    dw 0x7223, 0x7224, 0x7225, 0x7226, 0x7227, 0x7228, 0x7229, 0x722A, 0x722B, 0x722C, 0x722D, 0x722E
    dw 0x722F, 0x7230, 0x7231, 0x7232, 0x7233, 0x7234, 0x7235, 0x7236, 0x7237, 0x7238, 0x7239, 0x723A
    dw 0x723B, 0x723C, 0x723D, 0x723E, 0x723F, 0x7240, 0x7241, 0x7242, 0x7243, 0x7244, 0x7245, 0x7246
    dw 0x7247, 0x7248, 0x7249, 0x724A, 0x724B, 0x724C, 0x724D, 0x724E, 0x724F, 0x7250, 0x7251, 0x7252
    dw 0x7253, 0x7254, 0x7255, 0x7256, 0x7257, 0x7258, 0x7259, 0x725A, 0x725B, 0x725C, 0x725D, 0x725E
    dw 0x725F, 0x7260, 0x7261, 0x7262, 0x7263, 0x7264, 0x7265, 0x7266, 0x7267, 0x7268, 0x7269, 0x726A
    dw 0x726B, 0x726C, 0x726D, 0x726E, 0x726F, 0x7270, 0x7271, 0x7272, 0x7273, 0x7274, 0x7275, 0x7276
    dw 0x7277, 0x7278, 0x7279, 0x727A, 0x727B, 0x727C, 0x727D, 0x727E, 0x715E, 0x715F, 0x7423, 0x7424
    dw 0x7425, 0x7426, 0x0000, 0x0000, 0x0000, 0x0000, 0x0000, 0x0000, 0x0000, 0x0000, 0x0000, 0x0000
    dw 0x0000, 0x0000, 0x0000, 0x0000, 0x0000, 0x0000, 0x0000, 0x0000, 0x0000, 0x0000, 0x0000, 0x0000
    dw 0x0000, 0x0000, 0x0000, 0x0000, 0x0000, 0x7321, 0x7322, 0x7323, 0x7324, 0x7325, 0x7326, 0x7327
    dw 0x7328, 0x7329, 0x732A, 0x732B, 0x732C, 0x732D, 0x732E, 0x732F, 0x7330, 0x7331, 0x7332, 0x7333
    dw 0x7334, 0x7335, 0x7336, 0x7337, 0x7338, 0x7339, 0x733A, 0x733B, 0x733C, 0x733D, 0x733E, 0x733F
    dw 0x7340, 0x7341, 0x7342, 0x7343, 0x7344, 0x7345, 0x7346, 0x7347, 0x7348, 0x7349, 0x734A, 0x734B
    dw 0x734C, 0x734D, 0x734E, 0x734F, 0x7350, 0x7351, 0x7352, 0x7353, 0x7354, 0x7355, 0x7356, 0x7357
    dw 0x7358, 0x7359, 0x735A, 0x735B, 0x735C, 0x735D, 0x735E, 0x735F, 0x0000, 0x0000, 0x0000, 0x0000
    dw 0x0000, 0x0000, 0x0000, 0x0000, 0x0000, 0x0000, 0x0000, 0x0000, 0x0000, 0x0000, 0x0000, 0x0000
    dw 0x0000, 0x0000, 0x0000, 0x0000, 0x0000, 0x0000, 0x0000, 0x0000, 0x0000, 0x0000, 0x0000, 0x0000
    dw 0x0000, 0x0000, 0x0000, 0x0000, 0x0000, 0x0000, 0x0000, 0x0000, 0x0000, 0x0000, 0x0000, 0x0000
    dw 0x0000, 0x0000, 0x0000, 0x0000, 0x0000, 0x0000, 0x0000, 0x0000, 0x0000, 0x0000, 0x0000, 0x0000
    dw 0x0000, 0x0000, 0x0000, 0x0000, 0x0000, 0x0000, 0x0000, 0x0000, 0x0000, 0x0000, 0x0000, 0x0000
    dw 0x0000, 0x0000, 0x0000, 0x0000, 0x0000, 0x0000, 0x0000, 0x0000, 0x0000, 0x0000, 0x0000, 0x0000
    dw 0x0000, 0x0000, 0x0000, 0x0000, 0x0000, 0x0000, 0x0000, 0x0000, 0x0000, 0x0000, 0x0000, 0x0000
    dw 0x0000, 0x0000, 0x0000, 0x0000, 0x0000, 0x0000, 0x0000, 0x0000, 0x0000, 0x0000, 0x0000, 0x0000
    dw 0x0000, 0x0000, 0x0000, 0x0000, 0x0000, 0x0000, 0x0000, 0x0000, 0x0000, 0x0000, 0x0000, 0x0000
    dw 0x0000, 0x0000, 0x0000, 0x0000, 0x0000, 0x0000, 0x0000, 0x0000, 0x0000, 0x0000, 0x0000, 0x0000
    dw 0x0000, 0x0000, 0x0000, 0x0000, 0x0000, 0x0000, 0x0000, 0x0000, 0x0000, 0x0000, 0x0000, 0x0000
    dw 0x0000, 0x0000, 0x0000, 0x0000, 0x0000, 0x0000, 0x0000, 0x0000, 0x0000, 0x0000, 0x0000, 0x0000
    dw 0x0000, 0x0000, 0x0000, 0x0000, 0x0000, 0x0000, 0x0000, 0x0000, 0x0000, 0x0000, 0x0000, 0x0000
    dw 0x0000, 0x0000, 0x0000, 0x0000, 0x0000, 0x0000, 0x0000, 0x0000, 0x0000, 0x0000, 0x0000, 0x0000
    dw 0x0000, 0x0000, 0x0000, 0x0000, 0x0000, 0x0000, 0x0000, 0x0000, 0x0000, 0x0000, 0x0000, 0x0000
    dw 0x0000, 0x0000, 0x0000, 0x0000, 0x0000, 0x0000, 0x0000, 0x0000, 0x0000, 0x0000, 0x0000, 0x0000
    dw 0x0000, 0x0000, 0x0000, 0x0000, 0x0000, 0x0000, 0x0000, 0x0000, 0x0000, 0x0000, 0x0000, 0x0000
    dw 0x0000, 0x0000, 0x0000, 0x0000, 0x0000, 0x0000, 0x0000, 0x0000, 0x0000, 0x0000, 0x0000, 0x0000
    dw 0x0000, 0x0000, 0x0000, 0x0000, 0x0000, 0x0000, 0x0000, 0x0000, 0x0000, 0x0000, 0x0000, 0x0000
    dw 0x0000, 0x0000, 0x0000, 0x0000, 0x0000, 0x0000, 0x0000, 0x0000, 0x0000, 0x0000, 0x0000, 0x0000
    dw 0x0000, 0x0000, 0x0000, 0x0000, 0x0000, 0x0000, 0x0000, 0x0000, 0x0000, 0x0000, 0x0000, 0x0000
    dw 0x0000, 0x0000, 0x0000, 0x0000, 0x0000, 0x0000, 0x0000, 0x0000, 0x0000, 0x0000, 0x0000, 0x0000
    dw 0x0000, 0x0000, 0x0000, 0x0000, 0x0000, 0x0000, 0x0000, 0x0000, 0x0000, 0x0000, 0x0000, 0x0000
    dw 0x0000, 0x0000, 0x0000, 0x0000, 0x0000, 0x0000, 0x0000, 0x0000, 0x0000, 0x0000, 0x0000, 0x0000
    dw 0x0000, 0x0000, 0x0000, 0x0000, 0x0000, 0x0000, 0x0000, 0x0000, 0x0000, 0x0000, 0x0000, 0x0000
    dw 0x0000, 0x0000, 0x0000, 0x0000, 0x0000, 0x0000, 0x0000, 0x0000, 0x0000, 0x0000, 0x0000, 0x0000
    dw 0x0000, 0x0000, 0x0000, 0x0000, 0x0000, 0x0000, 0x0000, 0x0000, 0x0000, 0x0000, 0x0000, 0x0000
    dw 0x0000, 0x0000, 0x0000, 0x0000, 0x0000, 0x0000, 0x0000, 0x0000, 0x0000, 0x0000, 0x0000, 0x0000
    dw 0x0000, 0x0000, 0x0000, 0x0000, 0x0000, 0x0000, 0x0000, 0x0000, 0x0000, 0x0000, 0x0000, 0x0000
    dw 0x0000, 0x0000, 0x0000, 0x0000, 0x0000, 0x0000, 0x0000, 0x0000, 0x0000, 0x0000, 0x0000, 0x0000
    dw 0x0000, 0x0000, 0x0000, 0x0000, 0x0000, 0x0000, 0x0000, 0x0000, 0x0000, 0x0000, 0x0000, 0x0000
    dw 0x0000, 0x0000, 0x0000, 0x0000, 0x0000, 0x0000, 0x0000, 0x0000, 0x0000, 0x0000, 0x0000, 0x0000
    dw 0x0000, 0x0000, 0x0000, 0x0000, 0x0000, 0x0000, 0x0000, 0x0000, 0x0000, 0x0000, 0x0000, 0x0000
    dw 0x0000, 0x0000, 0x0000, 0x0000, 0x0000, 0x0000, 0x0000, 0x0000, 0x0000, 0x0000, 0x0000, 0x0000
    dw 0x0000, 0x0000, 0x0000, 0x0000, 0x0000, 0x0000, 0x0000, 0x0000, 0x0000, 0x0000, 0x0000, 0x0000
    dw 0x0000, 0x0000, 0x0000, 0x0000, 0x0000, 0x0000, 0x0000, 0x0000, 0x0000, 0x0000, 0x0000, 0x0000
    dw 0x0000, 0x0000, 0x0000, 0x0000, 0x0000, 0x0000, 0x0000, 0x0000, 0x0000, 0x0000, 0x0000, 0x0000
    dw 0x0000, 0x0000, 0x0000, 0x0000, 0x0000, 0x0000, 0x0000, 0x0000, 0x0000, 0x0000, 0x0000, 0x0000
    dw 0x0000, 0x0000, 0x0000, 0x0000, 0x0000, 0x0000, 0x0000, 0x0000, 0x0000, 0x0000, 0x0000, 0x0000
    dw 0x0000, 0x0000, 0x0000, 0x0000, 0x0000, 0x0000, 0x0000, 0x0000, 0x0000, 0x0000, 0x0000, 0x0000
    dw 0x0000, 0x0000, 0x0000, 0x0000, 0x0000, 0x0000, 0x0000, 0x0000, 0x0000, 0x0000, 0x0000, 0x0000
    dw 0x0000, 0x0000, 0x0000, 0x0000, 0x0000, 0x0000, 0x0000, 0x0000, 0x0000, 0x0000, 0x0000, 0x0000
    dw 0x0000, 0x0000, 0x0000, 0x0000, 0x0000, 0x0000, 0x0000, 0x0000, 0x0000, 0x0000, 0x0000, 0x0000
    dw 0x0000, 0x0000, 0x0000, 0x0000, 0x0000, 0x0000, 0x0000, 0x0000, 0x0000, 0x0000, 0x0000, 0x0000
    dw 0x0000, 0x0000, 0x0000, 0x0000, 0x0000, 0x0000, 0x0000, 0x0000, 0x0000, 0x0000, 0x0000, 0x0000
    dw 0x0000, 0x0000, 0x0000, 0x0000, 0x0000, 0x0000, 0x0000, 0x0000, 0x0000, 0x0000, 0x0000, 0x0000
    dw 0x0000, 0x0000, 0x0000, 0x0000, 0x0000, 0x0000, 0x0000, 0x0000, 0x0000, 0x0000, 0x0000, 0x0000
    dw 0x0000, 0x0000, 0x0000, 0x0000, 0x0000, 0x0000, 0x0000, 0x0000, 0x0000, 0x0000, 0x0000, 0x0000
    dw 0x0000, 0x0000, 0x0000, 0x0000, 0x0000, 0x0000, 0x0000, 0x0000, 0x0000, 0x0000, 0x0000, 0x0000
    dw 0x0000, 0x0000, 0x0000, 0x0000, 0x0000, 0x0000, 0x0000, 0x0000, 0x0000, 0x0000, 0x0000, 0x0000
    dw 0x0000, 0x0000, 0x0000, 0x0000, 0x0000, 0x0000, 0x0000, 0x0000, 0x0000, 0x0000, 0x0000, 0x0000
    dw 0x0000, 0x0000, 0x0000, 0x0000, 0x0000, 0x0000, 0x0000, 0x0000, 0x0000, 0x0000, 0x0000, 0x0000
    dw 0x0000, 0x0000, 0x0000, 0x0000, 0x0000, 0x0000, 0x0000, 0x0000, 0x0000, 0x0000, 0x0000, 0x0000
    dw 0x0000, 0x0000, 0x0000, 0x0000, 0x0000, 0x0000, 0x0000, 0x0000, 0x0000, 0x0000, 0x0000, 0x0000
    dw 0x0000, 0x0000, 0x0000, 0x0000, 0x0000, 0x0000, 0x0000, 0x0000, 0x0000, 0x0000, 0x0000, 0x0000
    dw 0x0000, 0x0000, 0x0000, 0x0000, 0x0000, 0x0000, 0x0000, 0x0000, 0x0000, 0x0000, 0x0000, 0x0000
    dw 0x0000, 0x0000, 0x0000, 0x0000, 0x0000, 0x0000, 0x0000, 0x0000, 0x0000, 0x0000, 0x0000, 0x0000
    dw 0x0000, 0x0000, 0x0000, 0x0000, 0x0000, 0x0000, 0x0000, 0x0000, 0x0000, 0x0000, 0x0000, 0x0000
    dw 0x0000, 0x0000, 0x0000, 0x0000, 0x0000, 0x0000, 0x0000, 0x0000, 0x0000, 0x0000, 0x0000, 0x0000
    dw 0x0000, 0x0000, 0x0000, 0x0000, 0x0000, 0x0000, 0x0000, 0x0000, 0x0000, 0x0000, 0x0000, 0x0000
    dw 0x0000, 0x0000, 0x0000, 0x0000, 0x0000, 0x0000, 0x0000, 0x0000, 0x0000, 0x0000, 0x0000, 0x0000
    dw 0x0000, 0x0000, 0x0000, 0x0000, 0x0000, 0x0000, 0x0000, 0x0000, 0x0000, 0x0000, 0x0000, 0x0000
    dw 0x0000, 0x0000, 0x0000, 0x0000, 0x0000, 0x0000, 0x0000, 0x0000, 0x0000, 0x0000, 0x0000, 0x0000
    dw 0x0000, 0x0000, 0x0000, 0x0000, 0x0000, 0x0000, 0x0000, 0x0000, 0x0000, 0x0000, 0x0000, 0x0000
    dw 0x0000, 0x0000, 0x0000, 0x0000, 0x0000, 0x0000, 0x0000, 0x0000, 0x0000, 0x0000, 0x0000, 0x0000
    dw 0x0000, 0x0000, 0x0000, 0x0000, 0x0000, 0x0000, 0x0000, 0x0000, 0x0000, 0x0000, 0x0000, 0x0000
    dw 0x0000, 0x0000, 0x0000, 0x0000, 0x0000, 0x0000, 0x0000, 0x0000, 0x0000, 0x0000, 0x0000, 0x0000
    dw 0x0000, 0x0000, 0x0000, 0x0000, 0x0000, 0x0000, 0x0000, 0x0000, 0x0000, 0x0000, 0x0000, 0x0000
    dw 0x0000, 0x0000, 0x0000, 0x0000, 0x0000, 0x0000, 0x0000, 0x0000, 0x0000, 0x0000, 0x0000, 0x0000
    dw 0x0000, 0x0000, 0x0000, 0x0000, 0x0000, 0x0000, 0x0000, 0x0000, 0x0000, 0x0000, 0x0000, 0x0000
    dw 0x0000, 0x0000, 0x0000, 0x0000, 0x0000, 0x0000, 0x0000, 0x0000, 0x0000, 0x0000, 0x0000, 0x0000
    dw 0x0000, 0x0000, 0x0000, 0x0000, 0x0000, 0x0000, 0x0000, 0x0000, 0x0000, 0x0000, 0x0000, 0x0000
    dw 0x0000, 0x0000, 0x0000, 0x0000, 0x0000, 0x0000, 0x0000, 0x0000, 0x0000, 0x0000, 0x0000, 0x0000
    dw 0x0000, 0x0000, 0x0000, 0x0000, 0x0000, 0x0000, 0x0000, 0x0000, 0x0000, 0x0000, 0x0000, 0x0000
    dw 0x0000, 0x0000, 0x0000, 0x0000, 0x0000, 0x0000, 0x0000, 0x0000, 0x0000, 0x0000, 0x0000, 0x0000
    dw 0x0000, 0x0000, 0x0000, 0x0000, 0x0000, 0x0000, 0x0000, 0x0000, 0x0000, 0x0000, 0x0000, 0x0000
    dw 0x0000, 0x0000, 0x0000, 0x0000, 0x0000, 0x0000, 0x0000, 0x0000, 0x0000, 0x0000, 0x0000, 0x0000
    dw 0x0000, 0x0000, 0x0000, 0x0000, 0x0000, 0x0000, 0x0000, 0x0000, 0x0000, 0x0000, 0x0000, 0x0000
    dw 0x0000, 0x0000, 0x0000, 0x0000, 0x0000, 0x0000, 0x0000, 0x0000, 0x0000, 0x0000, 0x0000, 0x0000
    dw 0x0000, 0x0000, 0x0000, 0x0000, 0x0000, 0x0000, 0x0000, 0x0000, 0x0000, 0x0000, 0x0000, 0x0000
    dw 0x0000, 0x0000, 0x0000, 0x0000, 0x0000, 0x0000, 0x0000, 0x0000, 0x0000, 0x0000, 0x0000, 0x0000
    dw 0x0000, 0x0000, 0x0000, 0x0000, 0x0000, 0x0000, 0x0000, 0x0000, 0x0000, 0x0000, 0x0000, 0x0000
    dw 0x0000, 0x0000, 0x0000, 0x0000, 0x0000, 0x0000, 0x0000, 0x0000, 0x0000, 0x0000, 0x0000, 0x0000
    dw 0x0000, 0x0000, 0x0000, 0x0000, 0x0000, 0x0000, 0x0000, 0x0000, 0x0000, 0x0000, 0x0000, 0x0000
    dw 0x0000, 0x0000, 0x0000, 0x0000, 0x0000, 0x0000, 0x0000, 0x0000, 0x0000, 0x0000, 0x0000, 0x0000
    dw 0x0000, 0x0000, 0x0000, 0x0000, 0x0000, 0x0000, 0x0000, 0x0000, 0x0000, 0x0000, 0x0000, 0x0000
    dw 0x0000, 0x0000, 0x0000, 0x0000, 0x0000, 0x0000, 0x0000, 0x0000, 0x0000, 0x0000, 0x0000, 0x0000
    dw 0x0000, 0x0000, 0x0000, 0x0000, 0x0000, 0x0000, 0x0000, 0x0000, 0x0000, 0x0000, 0x0000, 0x0000
    dw 0x0000, 0x0000, 0x0000, 0x0000, 0x0000, 0x0000, 0x0000, 0x0000, 0x0000, 0x0000, 0x0000, 0x0000
    dw 0x0000, 0x0000, 0x0000, 0x0000, 0x0000, 0x0000, 0x0000, 0x0000, 0x0000, 0x0000, 0x0000, 0x0000
    dw 0x0000, 0x0000, 0x0000, 0x0000, 0x0000, 0x0000, 0x0000, 0x0000, 0x0000, 0x0000, 0x0000, 0x0000
    dw 0x0000, 0x0000, 0x0000, 0x0000, 0x0000, 0x0000, 0x0000, 0x0000, 0x0000, 0x0000, 0x0000, 0x0000
    dw 0x0000, 0x0000, 0x0000, 0x0000, 0x0000, 0x0000, 0x0000, 0x0000, 0x0000, 0x0000, 0x0000, 0x0000
    dw 0x0000, 0x0000, 0x0000, 0x0000, 0x0000, 0x0000, 0x0000, 0x0000, 0x0000, 0x0000, 0x0000, 0x0000
    dw 0x0000, 0x0000, 0x0000, 0x0000, 0x0000, 0x0000, 0x0000, 0x0000, 0x0000, 0x0000, 0x0000, 0x0000
    dw 0x0000, 0x0000, 0x0000, 0x0000, 0x0000, 0x0000, 0x0000, 0x0000, 0x0000, 0x0000, 0x0000, 0x0000
    dw 0x0000, 0x0000, 0x0000, 0x0000, 0x0000, 0x0000, 0x0000, 0x0000, 0x0000, 0x0000, 0x0000, 0x0000
    dw 0x0000, 0x0000, 0x0000, 0x0000, 0x0000, 0x0000, 0x0000, 0x0000, 0x0000, 0x0000, 0x0000, 0x0000
    dw 0x0000, 0x0000, 0x0000, 0x0000, 0x0000, 0x0000, 0x0000, 0x0000, 0x0000, 0x0000, 0x0000, 0x0000
    dw 0x0000, 0x0000, 0x0000, 0x0000, 0x0000, 0x0000, 0x0000, 0x0000, 0x0000, 0x0000, 0x0000, 0x0000
    dw 0x0000, 0x0000, 0x0000, 0x0000, 0x0000, 0x0000, 0x0000, 0x0000, 0x0000, 0x0000, 0x0000, 0x0000
    dw 0x0000, 0x0000, 0x0000, 0x0000, 0x0000, 0x0000, 0x0000, 0x0000, 0x0000, 0x0000, 0x0000, 0x0000
    dw 0x0000, 0x0000, 0x0000, 0x0000, 0x0000, 0x0000, 0x0000, 0x0000, 0x0000, 0x0000, 0x0000, 0x0000
    dw 0x0000, 0x0000, 0x0000, 0x0000, 0x0000, 0x0000, 0x0000, 0x0000, 0x0000, 0x0000, 0x0000, 0x0000
    dw 0x0000, 0x0000, 0x0000, 0x0000, 0x0000, 0x0000, 0x0000, 0x0000, 0x0000, 0x0000, 0x0000, 0x0000
    dw 0x0000, 0x0000, 0x0000, 0x0000, 0x0000, 0x0000, 0x0000, 0x0000, 0x0000, 0x0000, 0x0000, 0x0000
    dw 0x0000, 0x0000, 0x0000, 0x0000, 0x0000, 0x0000, 0x0000, 0x0000, 0x0000, 0x0000, 0x0000, 0x0000
    dw 0x0000, 0x0000, 0x0000, 0x0000, 0x0000, 0x0000, 0x0000, 0x0000, 0x0000, 0x0000, 0x0000, 0x0000
    dw 0x0000, 0x0000, 0x0000, 0x0000, 0x0000, 0x0000, 0x0000, 0x0000, 0x0000, 0x0000, 0x0000, 0x0000
    dw 0x0000, 0x0000, 0x0000, 0x0000, 0x0000, 0x0000, 0x0000, 0x0000, 0x0000, 0x0000, 0x0000, 0x0000
    dw 0x0000, 0x0000, 0x0000, 0x0000, 0x0000, 0x0000, 0x0000, 0x0000, 0x0000, 0x0000, 0x0000, 0x0000
    dw 0x0000, 0x0000, 0x0000, 0x0000, 0x0000, 0x0000, 0x0000, 0x0000, 0x0000, 0x0000, 0x0000, 0x0000
    dw 0x0000, 0x0000, 0x0000, 0x0000, 0x0000, 0x0000, 0x0000, 0x0000, 0x0000, 0x0000, 0x0000, 0x0000
    dw 0x0000, 0x0000, 0x0000, 0x0000, 0x0000, 0x0000, 0x0000, 0x0000, 0x0000, 0x0000, 0x0000, 0x0000
    dw 0x0000, 0x0000, 0x0000, 0x0000, 0x0000, 0x0000, 0x0000, 0x0000, 0x0000, 0x0000, 0x0000, 0x0000
    dw 0x0000, 0x0000, 0x0000, 0x0000, 0x0000, 0x0000, 0x0000, 0x0000, 0x0000, 0x0000, 0x0000, 0x0000
    dw 0x0000, 0x0000, 0x0000, 0x0000, 0x0000, 0x0000, 0x0000, 0x0000, 0x0000, 0x0000, 0x0000, 0x0000
    dw 0x0000, 0x0000, 0x0000, 0x0000, 0x0000, 0x0000, 0x0000, 0x0000, 0x0000, 0x0000, 0x0000, 0x0000
    dw 0x0000, 0x0000, 0x0000, 0x0000, 0x0000, 0x0000, 0x0000, 0x0000, 0x0000, 0x0000, 0x0000, 0x0000
    dw 0x0000, 0x0000, 0x0000, 0x0000, 0x0000, 0x0000, 0x0000, 0x0000, 0x0000, 0x0000, 0x0000, 0x0000
    dw 0x0000, 0x0000, 0x0000, 0x0000, 0x0000, 0x0000, 0x0000, 0x0000, 0x0000, 0x0000, 0x0000, 0x0000
    dw 0x0000, 0x0000, 0x0000, 0x0000, 0x0000, 0x0000, 0x0000, 0x0000, 0x0000, 0x0000, 0x0000, 0x0000
    dw 0x0000, 0x0000, 0x0000, 0x0000, 0x0000, 0x0000, 0x0000, 0x0000, 0x0000, 0x0000, 0x0000, 0x0000
    dw 0x0000, 0x0000, 0x0000, 0x0000, 0x0000, 0x0000, 0x0000, 0x0000, 0x0000, 0x0000, 0x0000, 0x0000
    dw 0x0000, 0x0000, 0x0000, 0x0000, 0x0000, 0x0000, 0x0000, 0x0000, 0x0000, 0x0000, 0x0000, 0x0000
    dw 0x0000, 0x0000, 0x0000, 0x0000, 0x0000, 0x0000, 0x0000, 0x0000, 0x0000, 0x0000, 0x0000, 0x0000
    dw 0x0000, 0x0000, 0x0000, 0x0000, 0x0000, 0x0000, 0x0000, 0x0000, 0x0000, 0x0000, 0x0000, 0x0000
    dw 0x0000, 0x0000, 0x0000, 0x0000, 0x0000, 0x0000, 0x0000, 0x0000, 0x0000, 0x0000, 0x0000, 0x0000
    dw 0x0000, 0x0000, 0x0000, 0x0000, 0x0000, 0x0000, 0x0000, 0x0000, 0x0000, 0x0000, 0x0000, 0x0000
    dw 0x0000, 0x0000, 0x0000, 0x0000, 0x0000, 0x0000, 0x0000, 0x0000, 0x0000, 0x0000, 0x0000, 0x0000
    dw 0x0000, 0x0000, 0x0000, 0x0000, 0x0000, 0x0000, 0x0000, 0x0000, 0x0000, 0x0000, 0x0000, 0x0000
    dw 0x0000, 0x0000, 0x0000, 0x0000, 0x0000, 0x0000, 0x0000, 0x0000, 0x0000, 0x0000, 0x0000, 0x0000
    dw 0x0000, 0x0000, 0x0000, 0x0000, 0x0000, 0x0000, 0x0000, 0x0000, 0x0000, 0x0000, 0x0000, 0x0000
    dw 0x0000, 0x0000, 0x0000, 0x0000, 0x0000, 0x0000, 0x0000, 0x0000, 0x0000, 0x0000, 0x0000, 0x0000
    dw 0x0000, 0x0000, 0x0000, 0x0000, 0x0000, 0x0000, 0x0000, 0x0000, 0x0000, 0x0000, 0x0000, 0x0000
    dw 0x0000, 0x0000, 0x0000, 0x0000, 0x0000, 0x0000, 0x0000, 0x0000, 0x0000, 0x0000, 0x0000, 0x0000
    dw 0x0000, 0x0000, 0x0000, 0x0000, 0x0000, 0x0000, 0x0000, 0x0000, 0x0000, 0x0000, 0x0000, 0x0000
    dw 0x0000, 0x0000, 0x0000, 0x0000, 0x0000, 0x0000, 0x0000, 0x0000, 0x0000, 0x0000, 0x0000, 0x0000
    dw 0x0000, 0x0000, 0x0000, 0x0000, 0x0000, 0x0000, 0x0000, 0x0000, 0x0000, 0x0000, 0x0000, 0x0000
    dw 0x0000, 0x0000, 0x0000, 0x0000, 0x0000, 0x0000, 0x0000, 0x0000, 0x0000, 0x0000, 0x0000, 0x0000
    dw 0x0000, 0x0000, 0x0000, 0x0000, 0x0000, 0x0000, 0x0000, 0x0000, 0x0000, 0x0000, 0x0000, 0x0000
    dw 0x0000, 0x0000, 0x0000, 0x0000, 0x0000, 0x0000, 0x0000, 0x0000, 0x0000, 0x0000, 0x0000, 0x0000
    dw 0x0000, 0x0000, 0x0000, 0x0000, 0x0000, 0x0000, 0x0000, 0x0000, 0x0000, 0x0000, 0x0000, 0x0000
    dw 0x0000, 0x0000, 0x0000, 0x0000, 0x0000, 0x0000, 0x0000, 0x0000, 0x0000, 0x0000, 0x0000, 0x0000
    dw 0x0000, 0x0000, 0x0000, 0x0000, 0x0000, 0x0000, 0x0000, 0x0000, 0x0000, 0x0000, 0x0000, 0x0000
    dw 0x0000, 0x0000, 0x0000, 0x0000, 0x0000, 0x0000, 0x0000, 0x0000, 0x0000, 0x0000, 0x0000, 0x0000
    dw 0x0000, 0x0000, 0x0000, 0x0000, 0x0000, 0x0000, 0x0000, 0x0000, 0x0000, 0x0000, 0x0000, 0x0000
    dw 0x0000, 0x0000, 0x0000, 0x0000, 0x0000, 0x0000, 0x0000, 0x0000, 0x0000, 0x0000, 0x0000, 0x0000
    dw 0x0000, 0x0000, 0x0000, 0x0000, 0x0000, 0x0000, 0x0000, 0x0000, 0x0000, 0x0000, 0x0000, 0x0000
    dw 0x0000, 0x0000, 0x0000, 0x0000, 0x0000, 0x0000, 0x0000, 0x0000, 0x0000, 0x0000, 0x0000, 0x0000
    dw 0x0000, 0x0000, 0x0000, 0x0000, 0x0000, 0x0000, 0x0000, 0x0000, 0x0000, 0x0000, 0x0000, 0x0000
    dw 0x0000, 0x0000, 0x0000, 0x0000, 0x0000, 0x0000, 0x0000, 0x0000, 0x0000, 0x0000, 0x0000, 0x0000
    dw 0x0000, 0x0000, 0x0000, 0x0000, 0x0000, 0x0000, 0x0000, 0x0000, 0x0000, 0x0000, 0x0000, 0x0000
    dw 0x0000, 0x0000, 0x0000, 0x0000, 0x0000, 0x0000, 0x0000, 0x0000, 0x0000, 0x0000, 0x0000, 0x0000
    dw 0x0000, 0x0000, 0x0000, 0x0000, 0x0000, 0x0000, 0x0000, 0x0000, 0x0000, 0x0000, 0x0000, 0x0000
    dw 0x0000, 0x0000, 0x0000, 0x0000, 0x0000, 0x0000, 0x0000, 0x0000, 0x0000, 0x0000, 0x0000, 0x0000
    dw 0x0000, 0x0000, 0x0000, 0x0000

global _eucjp_table_rows
_eucjp_table_rows: dq 94
global _eucjp_table_cols
_eucjp_table_cols: dq 94
global _eucjp_table_size
_eucjp_table_size: dq 8836

global _eucjp_from_unicode
_eucjp_from_unicode:
    dd 0x2121, 0x8140
    dd 0x2122, 0x8141
    dd 0x2123, 0x8142
    dd 0x2124, 0x8143
    dd 0x2125, 0x8144
    dd 0x2126, 0x8145
    dd 0x2127, 0x8146
    dd 0x2128, 0x8147
    dd 0x2129, 0x8148
    dd 0x212A, 0x8149
    dd 0x212B, 0x814A
    dd 0x212C, 0x814B
    dd 0x212D, 0x814C
    dd 0x212E, 0x814D
    dd 0x212F, 0x814E
    dd 0x2130, 0x814F
    dd 0x2131, 0x8150
    dd 0x2132, 0x8151
    dd 0x2133, 0x8152
    dd 0x2134, 0x8153
    dd 0x2135, 0x8154
    dd 0x2136, 0x8155
    dd 0x2137, 0x8156
    dd 0x2138, 0x8157
    dd 0x2139, 0x8158
    dd 0x213A, 0x8159
    dd 0x213B, 0x815A
    dd 0x213C, 0x815B
    dd 0x213D, 0x815C
    dd 0x213E, 0x815D
    dd 0x213F, 0x815E
    dd 0x2140, 0x815F
    dd 0x2141, 0x8160
    dd 0x2142, 0x8161
    dd 0x2143, 0x8162
    dd 0x2144, 0x8163
    dd 0x2145, 0x8164
    dd 0x2146, 0x8165
    dd 0x2147, 0x8166
    dd 0x2148, 0x8167
    dd 0x2149, 0x8168
    dd 0x214A, 0x8169
    dd 0x214B, 0x816A
    dd 0x214C, 0x816B
    dd 0x214D, 0x816C
    dd 0x214E, 0x816D
    dd 0x214F, 0x816E
    dd 0x2150, 0x816F
    dd 0x2151, 0x8170
    dd 0x2152, 0x8171
    dd 0x2153, 0x8172
    dd 0x2154, 0x8173
    dd 0x2155, 0x8174
    dd 0x2156, 0x8175
    dd 0x2157, 0x8176
    dd 0x2158, 0x8177
    dd 0x2159, 0x8178
    dd 0x215A, 0x8179
    dd 0x215B, 0x817A
    dd 0x215C, 0x817B
    dd 0x215D, 0x817C
    dd 0x215E, 0x817D
    dd 0x215F, 0x817E
    dd 0x2160, 0x8180
    dd 0x2161, 0x8181
    dd 0x2162, 0x8182
    dd 0x2163, 0x8183
    dd 0x2164, 0x8184
    dd 0x2165, 0x8185
    dd 0x2166, 0x8186
    dd 0x2167, 0x8187
    dd 0x2168, 0x8188
    dd 0x2169, 0x8189
    dd 0x216A, 0x818A
    dd 0x216B, 0x818B
    dd 0x216C, 0x818C
    dd 0x216D, 0x818D
    dd 0x216E, 0x818E
    dd 0x216F, 0x818F
    dd 0x2170, 0x8190
    dd 0x2171, 0x8191
    dd 0x2172, 0x8192
    dd 0x2173, 0x8193
    dd 0x2174, 0x8194
    dd 0x2175, 0x8195
    dd 0x2176, 0x8196
    dd 0x2177, 0x8197
    dd 0x2178, 0x8198
    dd 0x2179, 0x8199
    dd 0x217A, 0x819A
    dd 0x217B, 0x819B
    dd 0x217C, 0x819C
    dd 0x217D, 0x819D
    dd 0x217E, 0x819E
    dd 0x2221, 0x819F
    dd 0x2222, 0x81A0
    dd 0x2223, 0x81A1
    dd 0x2224, 0x81A2
    dd 0x2225, 0x81A3
    dd 0x2226, 0x81A4
    dd 0x2227, 0x81A5
    dd 0x2228, 0x81A6
    dd 0x2229, 0x81A7
    dd 0x222A, 0x81A8
    dd 0x222B, 0x81A9
    dd 0x222C, 0x81AA
    dd 0x222D, 0x81AB
    dd 0x222E, 0x81AC
    dd 0x223A, 0x81B8
    dd 0x223B, 0x81B9
    dd 0x223C, 0x81BA
    dd 0x223D, 0x81BB
    dd 0x223E, 0x81BC
    dd 0x223F, 0x81BD
    dd 0x2240, 0x81BE
    dd 0x2241, 0x81BF
    dd 0x224A, 0x81C8
    dd 0x224B, 0x81C9
    dd 0x224C, 0x81CA
    dd 0x224D, 0x81CB
    dd 0x224E, 0x81CC
    dd 0x224F, 0x81CD
    dd 0x2250, 0x81CE
    dd 0x225C, 0x81DA
    dd 0x225D, 0x81DB
    dd 0x225E, 0x81DC
    dd 0x225F, 0x81DD
    dd 0x2260, 0x81DE
    dd 0x2261, 0x81DF
    dd 0x2262, 0x81E0
    dd 0x2263, 0x81E1
    dd 0x2264, 0x81E2
    dd 0x2265, 0x81E3
    dd 0x2266, 0x81E4
    dd 0x2267, 0x81E5
    dd 0x2268, 0x81E6
    dd 0x2269, 0x81E7
    dd 0x226A, 0x81E8
    dd 0x2272, 0x81F0
    dd 0x2273, 0x81F1
    dd 0x2274, 0x81F2
    dd 0x2275, 0x81F3
    dd 0x2276, 0x81F4
    dd 0x2277, 0x81F5
    dd 0x2278, 0x81F6
    dd 0x2279, 0x81F7
    dd 0x227E, 0x81FC
    dd 0x2330, 0x824F
    dd 0x2331, 0x8250
    dd 0x2332, 0x8251
    dd 0x2333, 0x8252
    dd 0x2334, 0x8253
    dd 0x2335, 0x8254
    dd 0x2336, 0x8255
    dd 0x2337, 0x8256
    dd 0x2338, 0x8257
    dd 0x2339, 0x8258
    dd 0x2341, 0x8260
    dd 0x2342, 0x8261
    dd 0x2343, 0x8262
    dd 0x2344, 0x8263
    dd 0x2345, 0x8264
    dd 0x2346, 0x8265
    dd 0x2347, 0x8266
    dd 0x2348, 0x8267
    dd 0x2349, 0x8268
    dd 0x234A, 0x8269
    dd 0x234B, 0x826A
    dd 0x234C, 0x826B
    dd 0x234D, 0x826C
    dd 0x234E, 0x826D
    dd 0x234F, 0x826E
    dd 0x2350, 0x826F
    dd 0x2351, 0x8270
    dd 0x2352, 0x8271
    dd 0x2353, 0x8272
    dd 0x2354, 0x8273
    dd 0x2355, 0x8274
    dd 0x2356, 0x8275
    dd 0x2357, 0x8276
    dd 0x2358, 0x8277
    dd 0x2359, 0x8278
    dd 0x235A, 0x8279
    dd 0x2361, 0x8281
    dd 0x2362, 0x8282
    dd 0x2363, 0x8283
    dd 0x2364, 0x8284
    dd 0x2365, 0x8285
    dd 0x2366, 0x8286
    dd 0x2367, 0x8287
    dd 0x2368, 0x8288
    dd 0x2369, 0x8289
    dd 0x236A, 0x828A
    dd 0x236B, 0x828B
    dd 0x236C, 0x828C
    dd 0x236D, 0x828D
    dd 0x236E, 0x828E
    dd 0x236F, 0x828F
    dd 0x2370, 0x8290
    dd 0x2371, 0x8291
    dd 0x2372, 0x8292
    dd 0x2373, 0x8293
    dd 0x2374, 0x8294
    dd 0x2375, 0x8295
    dd 0x2376, 0x8296
    dd 0x2377, 0x8297
    dd 0x2378, 0x8298
    dd 0x2379, 0x8299
    dd 0x237A, 0x829A
    dd 0x2421, 0x829F
    dd 0x2422, 0x82A0
    dd 0x2423, 0x82A1
    dd 0x2424, 0x82A2
    dd 0x2425, 0x82A3
    dd 0x2426, 0x82A4
    dd 0x2427, 0x82A5
    dd 0x2428, 0x82A6
    dd 0x2429, 0x82A7
    dd 0x242A, 0x82A8
    dd 0x242B, 0x82A9
    dd 0x242C, 0x82AA
    dd 0x242D, 0x82AB
    dd 0x242E, 0x82AC
    dd 0x242F, 0x82AD
    dd 0x2430, 0x82AE
    dd 0x2431, 0x82AF
    dd 0x2432, 0x82B0
    dd 0x2433, 0x82B1
    dd 0x2434, 0x82B2
    dd 0x2435, 0x82B3
    dd 0x2436, 0x82B4
    dd 0x2437, 0x82B5
    dd 0x2438, 0x82B6
    dd 0x2439, 0x82B7
    dd 0x243A, 0x82B8
    dd 0x243B, 0x82B9
    dd 0x243C, 0x82BA
    dd 0x243D, 0x82BB
    dd 0x243E, 0x82BC
    dd 0x243F, 0x82BD
    dd 0x2440, 0x82BE
    dd 0x2441, 0x82BF
    dd 0x2442, 0x82C0
    dd 0x2443, 0x82C1
    dd 0x2444, 0x82C2
    dd 0x2445, 0x82C3
    dd 0x2446, 0x82C4
    dd 0x2447, 0x82C5
    dd 0x2448, 0x82C6
    dd 0x2449, 0x82C7
    dd 0x244A, 0x82C8
    dd 0x244B, 0x82C9
    dd 0x244C, 0x82CA
    dd 0x244D, 0x82CB
    dd 0x244E, 0x82CC
    dd 0x244F, 0x82CD
    dd 0x2450, 0x82CE
    dd 0x2451, 0x82CF
    dd 0x2452, 0x82D0
    dd 0x2453, 0x82D1
    dd 0x2454, 0x82D2
    dd 0x2455, 0x82D3
    dd 0x2456, 0x82D4
    dd 0x2457, 0x82D5
    dd 0x2458, 0x82D6
    dd 0x2459, 0x82D7
    dd 0x245A, 0x82D8
    dd 0x245B, 0x82D9
    dd 0x245C, 0x82DA
    dd 0x245D, 0x82DB
    dd 0x245E, 0x82DC
    dd 0x245F, 0x82DD
    dd 0x2460, 0x82DE
    dd 0x2461, 0x82DF
    dd 0x2462, 0x82E0
    dd 0x2463, 0x82E1
    dd 0x2464, 0x82E2
    dd 0x2465, 0x82E3
    dd 0x2466, 0x82E4
    dd 0x2467, 0x82E5
    dd 0x2468, 0x82E6
    dd 0x2469, 0x82E7
    dd 0x246A, 0x82E8
    dd 0x246B, 0x82E9
    dd 0x246C, 0x82EA
    dd 0x246D, 0x82EB
    dd 0x246E, 0x82EC
    dd 0x246F, 0x82ED
    dd 0x2470, 0x82EE
    dd 0x2471, 0x82EF
    dd 0x2472, 0x82F0
    dd 0x2473, 0x82F1
    dd 0x2521, 0x8340
    dd 0x2522, 0x8341
    dd 0x2523, 0x8342
    dd 0x2524, 0x8343
    dd 0x2525, 0x8344
    dd 0x2526, 0x8345
    dd 0x2527, 0x8346
    dd 0x2528, 0x8347
    dd 0x2529, 0x8348
    dd 0x252A, 0x8349
    dd 0x252B, 0x834A
    dd 0x252C, 0x834B
    dd 0x252D, 0x834C
    dd 0x252E, 0x834D
    dd 0x252F, 0x834E
    dd 0x2530, 0x834F
    dd 0x2531, 0x8350
    dd 0x2532, 0x8351
    dd 0x2533, 0x8352
    dd 0x2534, 0x8353
    dd 0x2535, 0x8354
    dd 0x2536, 0x8355
    dd 0x2537, 0x8356
    dd 0x2538, 0x8357
    dd 0x2539, 0x8358
    dd 0x253A, 0x8359
    dd 0x253B, 0x835A
    dd 0x253C, 0x835B
    dd 0x253D, 0x835C
    dd 0x253E, 0x835D
    dd 0x253F, 0x835E
    dd 0x2540, 0x835F
    dd 0x2541, 0x8360
    dd 0x2542, 0x8361
    dd 0x2543, 0x8362
    dd 0x2544, 0x8363
    dd 0x2545, 0x8364
    dd 0x2546, 0x8365
    dd 0x2547, 0x8366
    dd 0x2548, 0x8367
    dd 0x2549, 0x8368
    dd 0x254A, 0x8369
    dd 0x254B, 0x836A
    dd 0x254C, 0x836B
    dd 0x254D, 0x836C
    dd 0x254E, 0x836D
    dd 0x254F, 0x836E
    dd 0x2550, 0x836F
    dd 0x2551, 0x8370
    dd 0x2552, 0x8371
    dd 0x2553, 0x8372
    dd 0x2554, 0x8373
    dd 0x2555, 0x8374
    dd 0x2556, 0x8375
    dd 0x2557, 0x8376
    dd 0x2558, 0x8377
    dd 0x2559, 0x8378
    dd 0x255A, 0x8379
    dd 0x255B, 0x837A
    dd 0x255C, 0x837B
    dd 0x255D, 0x837C
    dd 0x255E, 0x837D
    dd 0x255F, 0x837E
    dd 0x2560, 0x8380
    dd 0x2561, 0x8381
    dd 0x2562, 0x8382
    dd 0x2563, 0x8383
    dd 0x2564, 0x8384
    dd 0x2565, 0x8385
    dd 0x2566, 0x8386
    dd 0x2567, 0x8387
    dd 0x2568, 0x8388
    dd 0x2569, 0x8389
    dd 0x256A, 0x838A
    dd 0x256B, 0x838B
    dd 0x256C, 0x838C
    dd 0x256D, 0x838D
    dd 0x256E, 0x838E
    dd 0x256F, 0x838F
    dd 0x2570, 0x8390
    dd 0x2571, 0x8391
    dd 0x2572, 0x8392
    dd 0x2573, 0x8393
    dd 0x2574, 0x8394
    dd 0x2575, 0x8395
    dd 0x2576, 0x8396
    dd 0x2621, 0x839F
    dd 0x2622, 0x83A0
    dd 0x2623, 0x83A1
    dd 0x2624, 0x83A2
    dd 0x2625, 0x83A3
    dd 0x2626, 0x83A4
    dd 0x2627, 0x83A5
    dd 0x2628, 0x83A6
    dd 0x2629, 0x83A7
    dd 0x262A, 0x83A8
    dd 0x262B, 0x83A9
    dd 0x262C, 0x83AA
    dd 0x262D, 0x83AB
    dd 0x262E, 0x83AC
    dd 0x262F, 0x83AD
    dd 0x2630, 0x83AE
    dd 0x2631, 0x83AF
    dd 0x2632, 0x83B0
    dd 0x2633, 0x83B1
    dd 0x2634, 0x83B2
    dd 0x2635, 0x83B3
    dd 0x2636, 0x83B4
    dd 0x2637, 0x83B5
    dd 0x2638, 0x83B6
    dd 0x2641, 0x83BF
    dd 0x2642, 0x83C0
    dd 0x2643, 0x83C1
    dd 0x2644, 0x83C2
    dd 0x2645, 0x83C3
    dd 0x2646, 0x83C4
    dd 0x2647, 0x83C5
    dd 0x2648, 0x83C6
    dd 0x2649, 0x83C7
    dd 0x264A, 0x83C8
    dd 0x264B, 0x83C9
    dd 0x264C, 0x83CA
    dd 0x264D, 0x83CB
    dd 0x264E, 0x83CC
    dd 0x264F, 0x83CD
    dd 0x2650, 0x83CE
    dd 0x2651, 0x83CF
    dd 0x2652, 0x83D0
    dd 0x2653, 0x83D1
    dd 0x2654, 0x83D2
    dd 0x2655, 0x83D3
    dd 0x2656, 0x83D4
    dd 0x2657, 0x83D5
    dd 0x2658, 0x83D6
    dd 0x2721, 0x8440
    dd 0x2722, 0x8441
    dd 0x2723, 0x8442
    dd 0x2724, 0x8443
    dd 0x2725, 0x8444
    dd 0x2726, 0x8445
    dd 0x2727, 0x8446
    dd 0x2728, 0x8447
    dd 0x2729, 0x8448
    dd 0x272A, 0x8449
    dd 0x272B, 0x844A
    dd 0x272C, 0x844B
    dd 0x272D, 0x844C
    dd 0x272E, 0x844D
    dd 0x272F, 0x844E
    dd 0x2730, 0x844F
    dd 0x2731, 0x8450
    dd 0x2732, 0x8451
    dd 0x2733, 0x8452
    dd 0x2734, 0x8453
    dd 0x2735, 0x8454
    dd 0x2736, 0x8455
    dd 0x2737, 0x8456
    dd 0x2738, 0x8457
    dd 0x2739, 0x8458
    dd 0x273A, 0x8459
    dd 0x273B, 0x845A
    dd 0x273C, 0x845B
    dd 0x273D, 0x845C
    dd 0x273E, 0x845D
    dd 0x273F, 0x845E
    dd 0x2740, 0x845F
    dd 0x2741, 0x8460
    dd 0x2751, 0x8470
    dd 0x2752, 0x8471
    dd 0x2753, 0x8472
    dd 0x2754, 0x8473
    dd 0x2755, 0x8474
    dd 0x2756, 0x8475
    dd 0x2757, 0x8476
    dd 0x2758, 0x8477
    dd 0x2759, 0x8478
    dd 0x275A, 0x8479
    dd 0x275B, 0x847A
    dd 0x275C, 0x847B
    dd 0x275D, 0x847C
    dd 0x275E, 0x847D
    dd 0x275F, 0x847E
    dd 0x2760, 0x8480
    dd 0x2761, 0x8481
    dd 0x2762, 0x8482
    dd 0x2763, 0x8483
    dd 0x2764, 0x8484
    dd 0x2765, 0x8485
    dd 0x2766, 0x8486
    dd 0x2767, 0x8487
    dd 0x2768, 0x8488
    dd 0x2769, 0x8489
    dd 0x276A, 0x848A
    dd 0x276B, 0x848B
    dd 0x276C, 0x848C
    dd 0x276D, 0x848D
    dd 0x276E, 0x848E
    dd 0x276F, 0x848F
    dd 0x2770, 0x8490
    dd 0x2771, 0x8491
    dd 0x2821, 0x849F
    dd 0x2822, 0x84A0
    dd 0x2823, 0x84A1
    dd 0x2824, 0x84A2
    dd 0x2825, 0x84A3
    dd 0x2826, 0x84A4
    dd 0x2827, 0x84A5
    dd 0x2828, 0x84A6
    dd 0x2829, 0x84A7
    dd 0x282A, 0x84A8
    dd 0x282B, 0x84A9
    dd 0x282C, 0x84AA
    dd 0x282D, 0x84AB
    dd 0x282E, 0x84AC
    dd 0x282F, 0x84AD
    dd 0x2830, 0x84AE
    dd 0x2831, 0x84AF
    dd 0x2832, 0x84B0
    dd 0x2833, 0x84B1
    dd 0x2834, 0x84B2
    dd 0x2835, 0x84B3
    dd 0x2836, 0x84B4
    dd 0x2837, 0x84B5
    dd 0x2838, 0x84B6
    dd 0x2839, 0x84B7
    dd 0x283A, 0x84B8
    dd 0x283B, 0x84B9
    dd 0x283C, 0x84BA
    dd 0x283D, 0x84BB
    dd 0x283E, 0x84BC
    dd 0x283F, 0x84BD
    dd 0x2840, 0x84BE
    dd 0x3021, 0x889F
    dd 0x3022, 0x88A0
    dd 0x3023, 0x88A1
    dd 0x3024, 0x88A2
    dd 0x3025, 0x88A3
    dd 0x3026, 0x88A4
    dd 0x3027, 0x88A5
    dd 0x3028, 0x88A6
    dd 0x3029, 0x88A7
    dd 0x302A, 0x88A8
    dd 0x302B, 0x88A9
    dd 0x302C, 0x88AA
    dd 0x302D, 0x88AB
    dd 0x302E, 0x88AC
    dd 0x302F, 0x88AD
    dd 0x3030, 0x88AE
    dd 0x3031, 0x88AF
    dd 0x3032, 0x88B0
    dd 0x3033, 0x88B1
    dd 0x3034, 0x88B2
    dd 0x3035, 0x88B3
    dd 0x3036, 0x88B4
    dd 0x3037, 0x88B5
    dd 0x3038, 0x88B6
    dd 0x3039, 0x88B7
    dd 0x303A, 0x88B8
    dd 0x303B, 0x88B9
    dd 0x303C, 0x88BA
    dd 0x303D, 0x88BB
    dd 0x303E, 0x88BC
    dd 0x303F, 0x88BD
    dd 0x3040, 0x88BE
    dd 0x3041, 0x88BF
    dd 0x3042, 0x88C0
    dd 0x3043, 0x88C1
    dd 0x3044, 0x88C2
    dd 0x3045, 0x88C3
    dd 0x3046, 0x88C4
    dd 0x3047, 0x88C5
    dd 0x3048, 0x88C6
    dd 0x3049, 0x88C7
    dd 0x304A, 0x88C8
    dd 0x304B, 0x88C9
    dd 0x304C, 0x88CA
    dd 0x304D, 0x88CB
    dd 0x304E, 0x88CC
    dd 0x304F, 0x88CD
    dd 0x3050, 0x88CE
    dd 0x3051, 0x88CF
    dd 0x3052, 0x88D0
    dd 0x3053, 0x88D1
    dd 0x3054, 0x88D2
    dd 0x3055, 0x88D3
    dd 0x3056, 0x88D4
    dd 0x3057, 0x88D5
    dd 0x3058, 0x88D6
    dd 0x3059, 0x88D7
    dd 0x305A, 0x88D8
    dd 0x305B, 0x88D9
    dd 0x305C, 0x88DA
    dd 0x305D, 0x88DB
    dd 0x305E, 0x88DC
    dd 0x305F, 0x88DD
    dd 0x3060, 0x88DE
    dd 0x3061, 0x88DF
    dd 0x3062, 0x88E0
    dd 0x3063, 0x88E1
    dd 0x3064, 0x88E2
    dd 0x3065, 0x88E3
    dd 0x3066, 0x88E4
    dd 0x3067, 0x88E5
    dd 0x3068, 0x88E6
    dd 0x3069, 0x88E7
    dd 0x306A, 0x88E8
    dd 0x306B, 0x88E9
    dd 0x306C, 0x88EA
    dd 0x306D, 0x88EB
    dd 0x306E, 0x88EC
    dd 0x306F, 0x88ED
    dd 0x3070, 0x88EE
    dd 0x3071, 0x88EF
    dd 0x3072, 0x88F0
    dd 0x3073, 0x88F1
    dd 0x3074, 0x88F2
    dd 0x3075, 0x88F3
    dd 0x3076, 0x88F4
    dd 0x3077, 0x88F5
    dd 0x3078, 0x88F6
    dd 0x3079, 0x88F7
    dd 0x307A, 0x88F8
    dd 0x307B, 0x88F9
    dd 0x307C, 0x88FA
    dd 0x307D, 0x88FB
    dd 0x307E, 0x88FC
    dd 0x3121, 0x8940
    dd 0x3122, 0x8941
    dd 0x3123, 0x8942
    dd 0x3124, 0x8943
    dd 0x3125, 0x8944
    dd 0x3126, 0x8945
    dd 0x3127, 0x8946
    dd 0x3128, 0x8947
    dd 0x3129, 0x8948
    dd 0x312A, 0x8949
    dd 0x312B, 0x894A
    dd 0x312C, 0x894B
    dd 0x312D, 0x894C
    dd 0x312E, 0x894D
    dd 0x312F, 0x894E
    dd 0x3130, 0x894F
    dd 0x3131, 0x8950
    dd 0x3132, 0x8951
    dd 0x3133, 0x8952
    dd 0x3134, 0x8953
    dd 0x3135, 0x8954
    dd 0x3136, 0x8955
    dd 0x3137, 0x8956
    dd 0x3138, 0x8957
    dd 0x3139, 0x8958
    dd 0x313A, 0x8959
    dd 0x313B, 0x895A
    dd 0x313C, 0x895B
    dd 0x313D, 0x895C
    dd 0x313E, 0x895D
    dd 0x313F, 0x895E
    dd 0x3140, 0x895F
    dd 0x3141, 0x8960
    dd 0x3142, 0x8961
    dd 0x3143, 0x8962
    dd 0x3144, 0x8963
    dd 0x3145, 0x8964
    dd 0x3146, 0x8965
    dd 0x3147, 0x8966
    dd 0x3148, 0x8967
    dd 0x3149, 0x8968
    dd 0x314A, 0x8969
    dd 0x314B, 0x896A
    dd 0x314C, 0x896B
    dd 0x314D, 0x896C
    dd 0x314E, 0x896D
    dd 0x314F, 0x896E
    dd 0x3150, 0x896F
    dd 0x3151, 0x8970
    dd 0x3152, 0x8971
    dd 0x3153, 0x8972
    dd 0x3154, 0x8973
    dd 0x3155, 0x8974
    dd 0x3156, 0x8975
    dd 0x3157, 0x8976
    dd 0x3158, 0x8977
    dd 0x3159, 0x8978
    dd 0x315A, 0x8979
    dd 0x315B, 0x897A
    dd 0x315C, 0x897B
    dd 0x315D, 0x897C
    dd 0x315E, 0x897D
    dd 0x315F, 0x897E
    dd 0x3160, 0x8980
    dd 0x3161, 0x8981
    dd 0x3162, 0x8982
    dd 0x3163, 0x8983
    dd 0x3164, 0x8984
    dd 0x3165, 0x8985
    dd 0x3166, 0x8986
    dd 0x3167, 0x8987
    dd 0x3168, 0x8988
    dd 0x3169, 0x8989
    dd 0x316A, 0x898A
    dd 0x316B, 0x898B
    dd 0x316C, 0x898C
    dd 0x316D, 0x898D
    dd 0x316E, 0x898E
    dd 0x316F, 0x898F
    dd 0x3170, 0x8990
    dd 0x3171, 0x8991
    dd 0x3172, 0x8992
    dd 0x3173, 0x8993
    dd 0x3174, 0x8994
    dd 0x3175, 0x8995
    dd 0x3176, 0x8996
    dd 0x3177, 0x8997
    dd 0x3178, 0x8998
    dd 0x3179, 0x8999
    dd 0x317A, 0x899A
    dd 0x317B, 0x899B
    dd 0x317C, 0x899C
    dd 0x317D, 0x899D
    dd 0x317E, 0x899E
    dd 0x3221, 0x899F
    dd 0x3222, 0x89A0
    dd 0x3223, 0x89A1
    dd 0x3224, 0x89A2
    dd 0x3225, 0x89A3
    dd 0x3226, 0x89A4
    dd 0x3227, 0x89A5
    dd 0x3228, 0x89A6
    dd 0x3229, 0x89A7
    dd 0x322A, 0x89A8
    dd 0x322B, 0x89A9
    dd 0x322C, 0x89AA
    dd 0x322D, 0x89AB
    dd 0x322E, 0x89AC
    dd 0x322F, 0x89AD
    dd 0x3230, 0x89AE
    dd 0x3231, 0x89AF
    dd 0x3232, 0x89B0
    dd 0x3233, 0x89B1
    dd 0x3234, 0x89B2
    dd 0x3235, 0x89B3
    dd 0x3236, 0x89B4
    dd 0x3237, 0x89B5
    dd 0x3238, 0x89B6
    dd 0x3239, 0x89B7
    dd 0x323A, 0x89B8
    dd 0x323B, 0x89B9
    dd 0x323C, 0x89BA
    dd 0x323D, 0x89BB
    dd 0x323E, 0x89BC
    dd 0x323F, 0x89BD
    dd 0x3240, 0x89BE
    dd 0x3241, 0x89BF
    dd 0x3242, 0x89C0
    dd 0x3243, 0x89C1
    dd 0x3244, 0x89C2
    dd 0x3245, 0x89C3
    dd 0x3246, 0x89C4
    dd 0x3247, 0x89C5
    dd 0x3248, 0x89C6
    dd 0x3249, 0x89C7
    dd 0x324A, 0x89C8
    dd 0x324B, 0x89C9
    dd 0x324C, 0x89CA
    dd 0x324D, 0x89CB
    dd 0x324E, 0x89CC
    dd 0x324F, 0x89CD
    dd 0x3250, 0x89CE
    dd 0x3251, 0x89CF
    dd 0x3252, 0x89D0
    dd 0x3253, 0x89D1
    dd 0x3254, 0x89D2
    dd 0x3255, 0x89D3
    dd 0x3256, 0x89D4
    dd 0x3257, 0x89D5
    dd 0x3258, 0x89D6
    dd 0x3259, 0x89D7
    dd 0x325A, 0x89D8
    dd 0x325B, 0x89D9
    dd 0x325C, 0x89DA
    dd 0x325D, 0x89DB
    dd 0x325E, 0x89DC
    dd 0x325F, 0x89DD
    dd 0x3260, 0x89DE
    dd 0x3261, 0x89DF
    dd 0x3262, 0x89E0
    dd 0x3263, 0x89E1
    dd 0x3264, 0x89E2
    dd 0x3265, 0x89E3
    dd 0x3266, 0x89E4
    dd 0x3267, 0x89E5
    dd 0x3268, 0x89E6
    dd 0x3269, 0x89E7
    dd 0x326A, 0x89E8
    dd 0x326B, 0x89E9
    dd 0x326C, 0x89EA
    dd 0x326D, 0x89EB
    dd 0x326E, 0x89EC
    dd 0x326F, 0x89ED
    dd 0x3270, 0x89EE
    dd 0x3271, 0x89EF
    dd 0x3272, 0x89F0
    dd 0x3273, 0x89F1
    dd 0x3274, 0x89F2
    dd 0x3275, 0x89F3
    dd 0x3276, 0x89F4
    dd 0x3277, 0x89F5
    dd 0x3278, 0x89F6
    dd 0x3279, 0x89F7
    dd 0x327A, 0x89F8
    dd 0x327B, 0x89F9
    dd 0x327C, 0x89FA
    dd 0x327D, 0x89FB
    dd 0x327E, 0x89FC
    dd 0x3321, 0x8A40
    dd 0x3322, 0x8A41
    dd 0x3323, 0x8A42
    dd 0x3324, 0x8A43
    dd 0x3325, 0x8A44
    dd 0x3326, 0x8A45
    dd 0x3327, 0x8A46
    dd 0x3328, 0x8A47
    dd 0x3329, 0x8A48
    dd 0x332A, 0x8A49
    dd 0x332B, 0x8A4A
    dd 0x332C, 0x8A4B
    dd 0x332D, 0x8A4C
    dd 0x332E, 0x8A4D
    dd 0x332F, 0x8A4E
    dd 0x3330, 0x8A4F
    dd 0x3331, 0x8A50
    dd 0x3332, 0x8A51
    dd 0x3333, 0x8A52
    dd 0x3334, 0x8A53
    dd 0x3335, 0x8A54
    dd 0x3336, 0x8A55
    dd 0x3337, 0x8A56
    dd 0x3338, 0x8A57
    dd 0x3339, 0x8A58
    dd 0x333A, 0x8A59
    dd 0x333B, 0x8A5A
    dd 0x333C, 0x8A5B
    dd 0x333D, 0x8A5C
    dd 0x333E, 0x8A5D
    dd 0x333F, 0x8A5E
    dd 0x3340, 0x8A5F
    dd 0x3341, 0x8A60
    dd 0x3342, 0x8A61
    dd 0x3343, 0x8A62
    dd 0x3344, 0x8A63
    dd 0x3345, 0x8A64
    dd 0x3346, 0x8A65
    dd 0x3347, 0x8A66
    dd 0x3348, 0x8A67
    dd 0x3349, 0x8A68
    dd 0x334A, 0x8A69
    dd 0x334B, 0x8A6A
    dd 0x334C, 0x8A6B
    dd 0x334D, 0x8A6C
    dd 0x334E, 0x8A6D
    dd 0x334F, 0x8A6E
    dd 0x3350, 0x8A6F
    dd 0x3351, 0x8A70
    dd 0x3352, 0x8A71
    dd 0x3353, 0x8A72
    dd 0x3354, 0x8A73
    dd 0x3355, 0x8A74
    dd 0x3356, 0x8A75
    dd 0x3357, 0x8A76
    dd 0x3358, 0x8A77
    dd 0x3359, 0x8A78
    dd 0x335A, 0x8A79
    dd 0x335B, 0x8A7A
    dd 0x335C, 0x8A7B
    dd 0x335D, 0x8A7C
    dd 0x335E, 0x8A7D
    dd 0x335F, 0x8A7E
    dd 0x3360, 0x8A80
    dd 0x3361, 0x8A81
    dd 0x3362, 0x8A82
    dd 0x3363, 0x8A83
    dd 0x3364, 0x8A84
    dd 0x3365, 0x8A85
    dd 0x3366, 0x8A86
    dd 0x3367, 0x8A87
    dd 0x3368, 0x8A88
    dd 0x3369, 0x8A89
    dd 0x336A, 0x8A8A
    dd 0x336B, 0x8A8B
    dd 0x336C, 0x8A8C
    dd 0x336D, 0x8A8D
    dd 0x336E, 0x8A8E
    dd 0x336F, 0x8A8F
    dd 0x3370, 0x8A90
    dd 0x3371, 0x8A91
    dd 0x3372, 0x8A92
    dd 0x3373, 0x8A93
    dd 0x3374, 0x8A94
    dd 0x3375, 0x8A95
    dd 0x3376, 0x8A96
    dd 0x3377, 0x8A97
    dd 0x3378, 0x8A98
    dd 0x3379, 0x8A99
    dd 0x337A, 0x8A9A
    dd 0x337B, 0x8A9B
    dd 0x337C, 0x8A9C
    dd 0x337D, 0x8A9D
    dd 0x337E, 0x8A9E
    dd 0x3421, 0x8A9F
    dd 0x3422, 0x8AA0
    dd 0x3423, 0x8AA1
    dd 0x3424, 0x8AA2
    dd 0x3425, 0x8AA3
    dd 0x3426, 0x8AA4
    dd 0x3427, 0x8AA5
    dd 0x3428, 0x8AA6
    dd 0x3429, 0x8AA7
    dd 0x342A, 0x8AA8
    dd 0x342B, 0x8AA9
    dd 0x342C, 0x8AAA
    dd 0x342D, 0x8AAB
    dd 0x342E, 0x8AAC
    dd 0x342F, 0x8AAD
    dd 0x3430, 0x8AAE
    dd 0x3431, 0x8AAF
    dd 0x3432, 0x8AB0
    dd 0x3433, 0x8AB1
    dd 0x3434, 0x8AB2
    dd 0x3435, 0x8AB3
    dd 0x3436, 0x8AB4
    dd 0x3437, 0x8AB5
    dd 0x3438, 0x8AB6
    dd 0x3439, 0x8AB7
    dd 0x343A, 0x8AB8
    dd 0x343B, 0x8AB9
    dd 0x343C, 0x8ABA
    dd 0x343D, 0x8ABB
    dd 0x343E, 0x8ABC
    dd 0x343F, 0x8ABD
    dd 0x3440, 0x8ABE
    dd 0x3441, 0x8ABF
    dd 0x3442, 0x8AC0
    dd 0x3443, 0x8AC1
    dd 0x3444, 0x8AC2
    dd 0x3445, 0x8AC3
    dd 0x3446, 0x8AC4
    dd 0x3447, 0x8AC5
    dd 0x3448, 0x8AC6
    dd 0x3449, 0x8AC7
    dd 0x344A, 0x8AC8
    dd 0x344B, 0x8AC9
    dd 0x344C, 0x8ACA
    dd 0x344D, 0x8ACB
    dd 0x344E, 0x8ACC
    dd 0x344F, 0x8ACD
    dd 0x3450, 0x8ACE
    dd 0x3451, 0x8ACF
    dd 0x3452, 0x8AD0
    dd 0x3453, 0x8AD1
    dd 0x3454, 0x8AD2
    dd 0x3455, 0x8AD3
    dd 0x3456, 0x8AD4
    dd 0x3457, 0x8AD5
    dd 0x3458, 0x8AD6
    dd 0x3459, 0x8AD7
    dd 0x345A, 0x8AD8
    dd 0x345B, 0x8AD9
    dd 0x345C, 0x8ADA
    dd 0x345D, 0x8ADB
    dd 0x345E, 0x8ADC
    dd 0x345F, 0x8ADD
    dd 0x3460, 0x8ADE
    dd 0x3461, 0x8ADF
    dd 0x3462, 0x8AE0
    dd 0x3463, 0x8AE1
    dd 0x3464, 0x8AE2
    dd 0x3465, 0x8AE3
    dd 0x3466, 0x8AE4
    dd 0x3467, 0x8AE5
    dd 0x3468, 0x8AE6
    dd 0x3469, 0x8AE7
    dd 0x346A, 0x8AE8
    dd 0x346B, 0x8AE9
    dd 0x346C, 0x8AEA
    dd 0x346D, 0x8AEB
    dd 0x346E, 0x8AEC
    dd 0x346F, 0x8AED
    dd 0x3470, 0x8AEE
    dd 0x3471, 0x8AEF
    dd 0x3472, 0x8AF0
    dd 0x3473, 0x8AF1
    dd 0x3474, 0x8AF2
    dd 0x3475, 0x8AF3
    dd 0x3476, 0x8AF4
    dd 0x3477, 0x8AF5
    dd 0x3478, 0x8AF6
    dd 0x3479, 0x8AF7
    dd 0x347A, 0x8AF8
    dd 0x347B, 0x8AF9
    dd 0x347C, 0x8AFA
    dd 0x347D, 0x8AFB
    dd 0x347E, 0x8AFC
    dd 0x3521, 0x8B40
    dd 0x3522, 0x8B41
    dd 0x3523, 0x8B42
    dd 0x3524, 0x8B43
    dd 0x3525, 0x8B44
    dd 0x3526, 0x8B45
    dd 0x3527, 0x8B46
    dd 0x3528, 0x8B47
    dd 0x3529, 0x8B48
    dd 0x352A, 0x8B49
    dd 0x352B, 0x8B4A
    dd 0x352C, 0x8B4B
    dd 0x352D, 0x8B4C
    dd 0x352E, 0x8B4D
    dd 0x352F, 0x8B4E
    dd 0x3530, 0x8B4F
    dd 0x3531, 0x8B50
    dd 0x3532, 0x8B51
    dd 0x3533, 0x8B52
    dd 0x3534, 0x8B53
    dd 0x3535, 0x8B54
    dd 0x3536, 0x8B55
    dd 0x3537, 0x8B56
    dd 0x3538, 0x8B57
    dd 0x3539, 0x8B58
    dd 0x353A, 0x8B59
    dd 0x353B, 0x8B5A
    dd 0x353C, 0x8B5B
    dd 0x353D, 0x8B5C
    dd 0x353E, 0x8B5D
    dd 0x353F, 0x8B5E
    dd 0x3540, 0x8B5F
    dd 0x3541, 0x8B60
    dd 0x3542, 0x8B61
    dd 0x3543, 0x8B62
    dd 0x3544, 0x8B63
    dd 0x3545, 0x8B64
    dd 0x3546, 0x8B65
    dd 0x3547, 0x8B66
    dd 0x3548, 0x8B67
    dd 0x3549, 0x8B68
    dd 0x354A, 0x8B69
    dd 0x354B, 0x8B6A
    dd 0x354C, 0x8B6B
    dd 0x354D, 0x8B6C
    dd 0x354E, 0x8B6D
    dd 0x354F, 0x8B6E
    dd 0x3550, 0x8B6F
    dd 0x3551, 0x8B70
    dd 0x3552, 0x8B71
    dd 0x3553, 0x8B72
    dd 0x3554, 0x8B73
    dd 0x3555, 0x8B74
    dd 0x3556, 0x8B75
    dd 0x3557, 0x8B76
    dd 0x3558, 0x8B77
    dd 0x3559, 0x8B78
    dd 0x355A, 0x8B79
    dd 0x355B, 0x8B7A
    dd 0x355C, 0x8B7B
    dd 0x355D, 0x8B7C
    dd 0x355E, 0x8B7D
    dd 0x355F, 0x8B7E
    dd 0x3560, 0x8B80
    dd 0x3561, 0x8B81
    dd 0x3562, 0x8B82
    dd 0x3563, 0x8B83
    dd 0x3564, 0x8B84
    dd 0x3565, 0x8B85
    dd 0x3566, 0x8B86
    dd 0x3567, 0x8B87
    dd 0x3568, 0x8B88
    dd 0x3569, 0x8B89
    dd 0x356A, 0x8B8A
    dd 0x356B, 0x8B8B
    dd 0x356C, 0x8B8C
    dd 0x356D, 0x8B8D
    dd 0x356E, 0x8B8E
    dd 0x356F, 0x8B8F
    dd 0x3570, 0x8B90
    dd 0x3571, 0x8B91
    dd 0x3572, 0x8B92
    dd 0x3573, 0x8B93
    dd 0x3574, 0x8B94
    dd 0x3575, 0x8B95
    dd 0x3576, 0x8B96
    dd 0x3577, 0x8B97
    dd 0x3578, 0x8B98
    dd 0x3579, 0x8B99
    dd 0x357A, 0x8B9A
    dd 0x357B, 0x8B9B
    dd 0x357C, 0x8B9C
    dd 0x357D, 0x8B9D
    dd 0x357E, 0x8B9E
    dd 0x3621, 0x8B9F
    dd 0x3622, 0x8BA0
    dd 0x3623, 0x8BA1
    dd 0x3624, 0x8BA2
    dd 0x3625, 0x8BA3
    dd 0x3626, 0x8BA4
    dd 0x3627, 0x8BA5
    dd 0x3628, 0x8BA6
    dd 0x3629, 0x8BA7
    dd 0x362A, 0x8BA8
    dd 0x362B, 0x8BA9
    dd 0x362C, 0x8BAA
    dd 0x362D, 0x8BAB
    dd 0x362E, 0x8BAC
    dd 0x362F, 0x8BAD
    dd 0x3630, 0x8BAE
    dd 0x3631, 0x8BAF
    dd 0x3632, 0x8BB0
    dd 0x3633, 0x8BB1
    dd 0x3634, 0x8BB2
    dd 0x3635, 0x8BB3
    dd 0x3636, 0x8BB4
    dd 0x3637, 0x8BB5
    dd 0x3638, 0x8BB6
    dd 0x3639, 0x8BB7
    dd 0x363A, 0x8BB8
    dd 0x363B, 0x8BB9
    dd 0x363C, 0x8BBA
    dd 0x363D, 0x8BBB
    dd 0x363E, 0x8BBC
    dd 0x363F, 0x8BBD
    dd 0x3640, 0x8BBE
    dd 0x3641, 0x8BBF
    dd 0x3642, 0x8BC0
    dd 0x3643, 0x8BC1
    dd 0x3644, 0x8BC2
    dd 0x3645, 0x8BC3
    dd 0x3646, 0x8BC4
    dd 0x3647, 0x8BC5
    dd 0x3648, 0x8BC6
    dd 0x3649, 0x8BC7
    dd 0x364A, 0x8BC8
    dd 0x364B, 0x8BC9
    dd 0x364C, 0x8BCA
    dd 0x364D, 0x8BCB
    dd 0x364E, 0x8BCC
    dd 0x364F, 0x8BCD
    dd 0x3650, 0x8BCE
    dd 0x3651, 0x8BCF
    dd 0x3652, 0x8BD0
    dd 0x3653, 0x8BD1
    dd 0x3654, 0x8BD2
    dd 0x3655, 0x8BD3
    dd 0x3656, 0x8BD4
    dd 0x3657, 0x8BD5
    dd 0x3658, 0x8BD6
    dd 0x3659, 0x8BD7
    dd 0x365A, 0x8BD8
    dd 0x365B, 0x8BD9
    dd 0x365C, 0x8BDA
    dd 0x365D, 0x8BDB
    dd 0x365E, 0x8BDC
    dd 0x365F, 0x8BDD
    dd 0x3660, 0x8BDE
    dd 0x3661, 0x8BDF
    dd 0x3662, 0x8BE0
    dd 0x3663, 0x8BE1
    dd 0x3664, 0x8BE2
    dd 0x3665, 0x8BE3
    dd 0x3666, 0x8BE4
    dd 0x3667, 0x8BE5
    dd 0x3668, 0x8BE6
    dd 0x3669, 0x8BE7
    dd 0x366A, 0x8BE8
    dd 0x366B, 0x8BE9
    dd 0x366C, 0x8BEA
    dd 0x366D, 0x8BEB
    dd 0x366E, 0x8BEC
    dd 0x366F, 0x8BED
    dd 0x3670, 0x8BEE
    dd 0x3671, 0x8BEF
    dd 0x3672, 0x8BF0
    dd 0x3673, 0x8BF1
    dd 0x3674, 0x8BF2
    dd 0x3675, 0x8BF3
    dd 0x3676, 0x8BF4
    dd 0x3677, 0x8BF5
    dd 0x3678, 0x8BF6
    dd 0x3679, 0x8BF7
    dd 0x367A, 0x8BF8
    dd 0x367B, 0x8BF9
    dd 0x367C, 0x8BFA
    dd 0x367D, 0x8BFB
    dd 0x367E, 0x8BFC
    dd 0x3721, 0x8C40
    dd 0x3722, 0x8C41
    dd 0x3723, 0x8C42
    dd 0x3724, 0x8C43
    dd 0x3725, 0x8C44
    dd 0x3726, 0x8C45
    dd 0x3727, 0x8C46
    dd 0x3728, 0x8C47
    dd 0x3729, 0x8C48
    dd 0x372A, 0x8C49
    dd 0x372B, 0x8C4A
    dd 0x372C, 0x8C4B
    dd 0x372D, 0x8C4C
    dd 0x372E, 0x8C4D
    dd 0x372F, 0x8C4E
    dd 0x3730, 0x8C4F
    dd 0x3731, 0x8C50
    dd 0x3732, 0x8C51
    dd 0x3733, 0x8C52
    dd 0x3734, 0x8C53
    dd 0x3735, 0x8C54
    dd 0x3736, 0x8C55
    dd 0x3737, 0x8C56
    dd 0x3738, 0x8C57
    dd 0x3739, 0x8C58
    dd 0x373A, 0x8C59
    dd 0x373B, 0x8C5A
    dd 0x373C, 0x8C5B
    dd 0x373D, 0x8C5C
    dd 0x373E, 0x8C5D
    dd 0x373F, 0x8C5E
    dd 0x3740, 0x8C5F
    dd 0x3741, 0x8C60
    dd 0x3742, 0x8C61
    dd 0x3743, 0x8C62
    dd 0x3744, 0x8C63
    dd 0x3745, 0x8C64
    dd 0x3746, 0x8C65
    dd 0x3747, 0x8C66
    dd 0x3748, 0x8C67
    dd 0x3749, 0x8C68
    dd 0x374A, 0x8C69
    dd 0x374B, 0x8C6A
    dd 0x374C, 0x8C6B
    dd 0x374D, 0x8C6C
    dd 0x374E, 0x8C6D
    dd 0x374F, 0x8C6E
    dd 0x3750, 0x8C6F
    dd 0x3751, 0x8C70
    dd 0x3752, 0x8C71
    dd 0x3753, 0x8C72
    dd 0x3754, 0x8C73
    dd 0x3755, 0x8C74
    dd 0x3756, 0x8C75
    dd 0x3757, 0x8C76
    dd 0x3758, 0x8C77
    dd 0x3759, 0x8C78
    dd 0x375A, 0x8C79
    dd 0x375B, 0x8C7A
    dd 0x375C, 0x8C7B
    dd 0x375D, 0x8C7C
    dd 0x375E, 0x8C7D
    dd 0x375F, 0x8C7E
    dd 0x3760, 0x8C80
    dd 0x3761, 0x8C81
    dd 0x3762, 0x8C82
    dd 0x3763, 0x8C83
    dd 0x3764, 0x8C84
    dd 0x3765, 0x8C85
    dd 0x3766, 0x8C86
    dd 0x3767, 0x8C87
    dd 0x3768, 0x8C88
    dd 0x3769, 0x8C89
    dd 0x376A, 0x8C8A
    dd 0x376B, 0x8C8B
    dd 0x376C, 0x8C8C
    dd 0x376D, 0x8C8D
    dd 0x376E, 0x8C8E
    dd 0x376F, 0x8C8F
    dd 0x3770, 0x8C90
    dd 0x3771, 0x8C91
    dd 0x3772, 0x8C92
    dd 0x3773, 0x8C93
    dd 0x3774, 0x8C94
    dd 0x3775, 0x8C95
    dd 0x3776, 0x8C96
    dd 0x3777, 0x8C97
    dd 0x3778, 0x8C98
    dd 0x3779, 0x8C99
    dd 0x377A, 0x8C9A
    dd 0x377B, 0x8C9B
    dd 0x377C, 0x8C9C
    dd 0x377D, 0x8C9D
    dd 0x377E, 0x8C9E
    dd 0x3821, 0x8C9F
    dd 0x3822, 0x8CA0
    dd 0x3823, 0x8CA1
    dd 0x3824, 0x8CA2
    dd 0x3825, 0x8CA3
    dd 0x3826, 0x8CA4
    dd 0x3827, 0x8CA5
    dd 0x3828, 0x8CA6
    dd 0x3829, 0x8CA7
    dd 0x382A, 0x8CA8
    dd 0x382B, 0x8CA9
    dd 0x382C, 0x8CAA
    dd 0x382D, 0x8CAB
    dd 0x382E, 0x8CAC
    dd 0x382F, 0x8CAD
    dd 0x3830, 0x8CAE
    dd 0x3831, 0x8CAF
    dd 0x3832, 0x8CB0
    dd 0x3833, 0x8CB1
    dd 0x3834, 0x8CB2
    dd 0x3835, 0x8CB3
    dd 0x3836, 0x8CB4
    dd 0x3837, 0x8CB5
    dd 0x3838, 0x8CB6
    dd 0x3839, 0x8CB7
    dd 0x383A, 0x8CB8
    dd 0x383B, 0x8CB9
    dd 0x383C, 0x8CBA
    dd 0x383D, 0x8CBB
    dd 0x383E, 0x8CBC
    dd 0x383F, 0x8CBD
    dd 0x3840, 0x8CBE
    dd 0x3841, 0x8CBF
    dd 0x3842, 0x8CC0
    dd 0x3843, 0x8CC1
    dd 0x3844, 0x8CC2
    dd 0x3845, 0x8CC3
    dd 0x3846, 0x8CC4
    dd 0x3847, 0x8CC5
    dd 0x3848, 0x8CC6
    dd 0x3849, 0x8CC7
    dd 0x384A, 0x8CC8
    dd 0x384B, 0x8CC9
    dd 0x384C, 0x8CCA
    dd 0x384D, 0x8CCB
    dd 0x384E, 0x8CCC
    dd 0x384F, 0x8CCD
    dd 0x3850, 0x8CCE
    dd 0x3851, 0x8CCF
    dd 0x3852, 0x8CD0
    dd 0x3853, 0x8CD1
    dd 0x3854, 0x8CD2
    dd 0x3855, 0x8CD3
    dd 0x3856, 0x8CD4
    dd 0x3857, 0x8CD5
    dd 0x3858, 0x8CD6
    dd 0x3859, 0x8CD7
    dd 0x385A, 0x8CD8
    dd 0x385B, 0x8CD9
    dd 0x385C, 0x8CDA
    dd 0x385D, 0x8CDB
    dd 0x385E, 0x8CDC
    dd 0x385F, 0x8CDD
    dd 0x3860, 0x8CDE
    dd 0x3861, 0x8CDF
    dd 0x3862, 0x8CE0
    dd 0x3863, 0x8CE1
    dd 0x3864, 0x8CE2
    dd 0x3865, 0x8CE3
    dd 0x3866, 0x8CE4
    dd 0x3867, 0x8CE5
    dd 0x3868, 0x8CE6
    dd 0x3869, 0x8CE7
    dd 0x386A, 0x8CE8
    dd 0x386B, 0x8CE9
    dd 0x386C, 0x8CEA
    dd 0x386D, 0x8CEB
    dd 0x386E, 0x8CEC
    dd 0x386F, 0x8CED
    dd 0x3870, 0x8CEE
    dd 0x3871, 0x8CEF
    dd 0x3872, 0x8CF0
    dd 0x3873, 0x8CF1
    dd 0x3874, 0x8CF2
    dd 0x3875, 0x8CF3
    dd 0x3876, 0x8CF4
    dd 0x3877, 0x8CF5
    dd 0x3878, 0x8CF6
    dd 0x3879, 0x8CF7
    dd 0x387A, 0x8CF8
    dd 0x387B, 0x8CF9
    dd 0x387C, 0x8CFA
    dd 0x387D, 0x8CFB
    dd 0x387E, 0x8CFC
    dd 0x3921, 0x8D40
    dd 0x3922, 0x8D41
    dd 0x3923, 0x8D42
    dd 0x3924, 0x8D43
    dd 0x3925, 0x8D44
    dd 0x3926, 0x8D45
    dd 0x3927, 0x8D46
    dd 0x3928, 0x8D47
    dd 0x3929, 0x8D48
    dd 0x392A, 0x8D49
    dd 0x392B, 0x8D4A
    dd 0x392C, 0x8D4B
    dd 0x392D, 0x8D4C
    dd 0x392E, 0x8D4D
    dd 0x392F, 0x8D4E
    dd 0x3930, 0x8D4F
    dd 0x3931, 0x8D50
    dd 0x3932, 0x8D51
    dd 0x3933, 0x8D52
    dd 0x3934, 0x8D53
    dd 0x3935, 0x8D54
    dd 0x3936, 0x8D55
    dd 0x3937, 0x8D56
    dd 0x3938, 0x8D57
    dd 0x3939, 0x8D58
    dd 0x393A, 0x8D59
    dd 0x393B, 0x8D5A
    dd 0x393C, 0x8D5B
    dd 0x393D, 0x8D5C
    dd 0x393E, 0x8D5D
    dd 0x393F, 0x8D5E
    dd 0x3940, 0x8D5F
    dd 0x3941, 0x8D60
    dd 0x3942, 0x8D61
    dd 0x3943, 0x8D62
    dd 0x3944, 0x8D63
    dd 0x3945, 0x8D64
    dd 0x3946, 0x8D65
    dd 0x3947, 0x8D66
    dd 0x3948, 0x8D67
    dd 0x3949, 0x8D68
    dd 0x394A, 0x8D69
    dd 0x394B, 0x8D6A
    dd 0x394C, 0x8D6B
    dd 0x394D, 0x8D6C
    dd 0x394E, 0x8D6D
    dd 0x394F, 0x8D6E
    dd 0x3950, 0x8D6F
    dd 0x3951, 0x8D70
    dd 0x3952, 0x8D71
    dd 0x3953, 0x8D72
    dd 0x3954, 0x8D73
    dd 0x3955, 0x8D74
    dd 0x3956, 0x8D75
    dd 0x3957, 0x8D76
    dd 0x3958, 0x8D77
    dd 0x3959, 0x8D78
    dd 0x395A, 0x8D79
    dd 0x395B, 0x8D7A
    dd 0x395C, 0x8D7B
    dd 0x395D, 0x8D7C
    dd 0x395E, 0x8D7D
    dd 0x395F, 0x8D7E
    dd 0x3960, 0x8D80
    dd 0x3961, 0x8D81
    dd 0x3962, 0x8D82
    dd 0x3963, 0x8D83
    dd 0x3964, 0x8D84
    dd 0x3965, 0x8D85
    dd 0x3966, 0x8D86
    dd 0x3967, 0x8D87
    dd 0x3968, 0x8D88
    dd 0x3969, 0x8D89
    dd 0x396A, 0x8D8A
    dd 0x396B, 0x8D8B
    dd 0x396C, 0x8D8C
    dd 0x396D, 0x8D8D
    dd 0x396E, 0x8D8E
    dd 0x396F, 0x8D8F
    dd 0x3970, 0x8D90
    dd 0x3971, 0x8D91
    dd 0x3972, 0x8D92
    dd 0x3973, 0x8D93
    dd 0x3974, 0x8D94
    dd 0x3975, 0x8D95
    dd 0x3976, 0x8D96
    dd 0x3977, 0x8D97
    dd 0x3978, 0x8D98
    dd 0x3979, 0x8D99
    dd 0x397A, 0x8D9A
    dd 0x397B, 0x8D9B
    dd 0x397C, 0x8D9C
    dd 0x397D, 0x8D9D
    dd 0x397E, 0x8D9E
    dd 0x3A21, 0x8D9F
    dd 0x3A22, 0x8DA0
    dd 0x3A23, 0x8DA1
    dd 0x3A24, 0x8DA2
    dd 0x3A25, 0x8DA3
    dd 0x3A26, 0x8DA4
    dd 0x3A27, 0x8DA5
    dd 0x3A28, 0x8DA6
    dd 0x3A29, 0x8DA7
    dd 0x3A2A, 0x8DA8
    dd 0x3A2B, 0x8DA9
    dd 0x3A2C, 0x8DAA
    dd 0x3A2D, 0x8DAB
    dd 0x3A2E, 0x8DAC
    dd 0x3A2F, 0x8DAD
    dd 0x3A30, 0x8DAE
    dd 0x3A31, 0x8DAF
    dd 0x3A32, 0x8DB0
    dd 0x3A33, 0x8DB1
    dd 0x3A34, 0x8DB2
    dd 0x3A35, 0x8DB3
    dd 0x3A36, 0x8DB4
    dd 0x3A37, 0x8DB5
    dd 0x3A38, 0x8DB6
    dd 0x3A39, 0x8DB7
    dd 0x3A3A, 0x8DB8
    dd 0x3A3B, 0x8DB9
    dd 0x3A3C, 0x8DBA
    dd 0x3A3D, 0x8DBB
    dd 0x3A3E, 0x8DBC
    dd 0x3A3F, 0x8DBD
    dd 0x3A40, 0x8DBE
    dd 0x3A41, 0x8DBF
    dd 0x3A42, 0x8DC0
    dd 0x3A43, 0x8DC1
    dd 0x3A44, 0x8DC2
    dd 0x3A45, 0x8DC3
    dd 0x3A46, 0x8DC4
    dd 0x3A47, 0x8DC5
    dd 0x3A48, 0x8DC6
    dd 0x3A49, 0x8DC7
    dd 0x3A4A, 0x8DC8
    dd 0x3A4B, 0x8DC9
    dd 0x3A4C, 0x8DCA
    dd 0x3A4D, 0x8DCB
    dd 0x3A4E, 0x8DCC
    dd 0x3A4F, 0x8DCD
    dd 0x3A50, 0x8DCE
    dd 0x3A51, 0x8DCF
    dd 0x3A52, 0x8DD0
    dd 0x3A53, 0x8DD1
    dd 0x3A54, 0x8DD2
    dd 0x3A55, 0x8DD3
    dd 0x3A56, 0x8DD4
    dd 0x3A57, 0x8DD5
    dd 0x3A58, 0x8DD6
    dd 0x3A59, 0x8DD7
    dd 0x3A5A, 0x8DD8
    dd 0x3A5B, 0x8DD9
    dd 0x3A5C, 0x8DDA
    dd 0x3A5D, 0x8DDB
    dd 0x3A5E, 0x8DDC
    dd 0x3A5F, 0x8DDD
    dd 0x3A60, 0x8DDE
    dd 0x3A61, 0x8DDF
    dd 0x3A62, 0x8DE0
    dd 0x3A63, 0x8DE1
    dd 0x3A64, 0x8DE2
    dd 0x3A65, 0x8DE3
    dd 0x3A66, 0x8DE4
    dd 0x3A67, 0x8DE5
    dd 0x3A68, 0x8DE6
    dd 0x3A69, 0x8DE7
    dd 0x3A6A, 0x8DE8
    dd 0x3A6B, 0x8DE9
    dd 0x3A6C, 0x8DEA
    dd 0x3A6D, 0x8DEB
    dd 0x3A6E, 0x8DEC
    dd 0x3A6F, 0x8DED
    dd 0x3A70, 0x8DEE
    dd 0x3A71, 0x8DEF
    dd 0x3A72, 0x8DF0
    dd 0x3A73, 0x8DF1
    dd 0x3A74, 0x8DF2
    dd 0x3A75, 0x8DF3
    dd 0x3A76, 0x8DF4
    dd 0x3A77, 0x8DF5
    dd 0x3A78, 0x8DF6
    dd 0x3A79, 0x8DF7
    dd 0x3A7A, 0x8DF8
    dd 0x3A7B, 0x8DF9
    dd 0x3A7C, 0x8DFA
    dd 0x3A7D, 0x8DFB
    dd 0x3A7E, 0x8DFC
    dd 0x3B21, 0x8E40
    dd 0x3B22, 0x8E41
    dd 0x3B23, 0x8E42
    dd 0x3B24, 0x8E43
    dd 0x3B25, 0x8E44
    dd 0x3B26, 0x8E45
    dd 0x3B27, 0x8E46
    dd 0x3B28, 0x8E47
    dd 0x3B29, 0x8E48
    dd 0x3B2A, 0x8E49
    dd 0x3B2B, 0x8E4A
    dd 0x3B2C, 0x8E4B
    dd 0x3B2D, 0x8E4C
    dd 0x3B2E, 0x8E4D
    dd 0x3B2F, 0x8E4E
    dd 0x3B30, 0x8E4F
    dd 0x3B31, 0x8E50
    dd 0x3B32, 0x8E51
    dd 0x3B33, 0x8E52
    dd 0x3B34, 0x8E53
    dd 0x3B35, 0x8E54
    dd 0x3B36, 0x8E55
    dd 0x3B37, 0x8E56
    dd 0x3B38, 0x8E57
    dd 0x3B39, 0x8E58
    dd 0x3B3A, 0x8E59
    dd 0x3B3B, 0x8E5A
    dd 0x3B3C, 0x8E5B
    dd 0x3B3D, 0x8E5C
    dd 0x3B3E, 0x8E5D
    dd 0x3B3F, 0x8E5E
    dd 0x3B40, 0x8E5F
    dd 0x3B41, 0x8E60
    dd 0x3B42, 0x8E61
    dd 0x3B43, 0x8E62
    dd 0x3B44, 0x8E63
    dd 0x3B45, 0x8E64
    dd 0x3B46, 0x8E65
    dd 0x3B47, 0x8E66
    dd 0x3B48, 0x8E67
    dd 0x3B49, 0x8E68
    dd 0x3B4A, 0x8E69
    dd 0x3B4B, 0x8E6A
    dd 0x3B4C, 0x8E6B
    dd 0x3B4D, 0x8E6C
    dd 0x3B4E, 0x8E6D
    dd 0x3B4F, 0x8E6E
    dd 0x3B50, 0x8E6F
    dd 0x3B51, 0x8E70
    dd 0x3B52, 0x8E71
    dd 0x3B53, 0x8E72
    dd 0x3B54, 0x8E73
    dd 0x3B55, 0x8E74
    dd 0x3B56, 0x8E75
    dd 0x3B57, 0x8E76
    dd 0x3B58, 0x8E77
    dd 0x3B59, 0x8E78
    dd 0x3B5A, 0x8E79
    dd 0x3B5B, 0x8E7A
    dd 0x3B5C, 0x8E7B
    dd 0x3B5D, 0x8E7C
    dd 0x3B5E, 0x8E7D
    dd 0x3B5F, 0x8E7E
    dd 0x3B60, 0x8E80
    dd 0x3B61, 0x8E81
    dd 0x3B62, 0x8E82
    dd 0x3B63, 0x8E83
    dd 0x3B64, 0x8E84
    dd 0x3B65, 0x8E85
    dd 0x3B66, 0x8E86
    dd 0x3B67, 0x8E87
    dd 0x3B68, 0x8E88
    dd 0x3B69, 0x8E89
    dd 0x3B6A, 0x8E8A
    dd 0x3B6B, 0x8E8B
    dd 0x3B6C, 0x8E8C
    dd 0x3B6D, 0x8E8D
    dd 0x3B6E, 0x8E8E
    dd 0x3B6F, 0x8E8F
    dd 0x3B70, 0x8E90
    dd 0x3B71, 0x8E91
    dd 0x3B72, 0x8E92
    dd 0x3B73, 0x8E93
    dd 0x3B74, 0x8E94
    dd 0x3B75, 0x8E95
    dd 0x3B76, 0x8E96
    dd 0x3B77, 0x8E97
    dd 0x3B78, 0x8E98
    dd 0x3B79, 0x8E99
    dd 0x3B7A, 0x8E9A
    dd 0x3B7B, 0x8E9B
    dd 0x3B7C, 0x8E9C
    dd 0x3B7D, 0x8E9D
    dd 0x3B7E, 0x8E9E
    dd 0x3C21, 0x8E9F
    dd 0x3C22, 0x8EA0
    dd 0x3C23, 0x8EA1
    dd 0x3C24, 0x8EA2
    dd 0x3C25, 0x8EA3
    dd 0x3C26, 0x8EA4
    dd 0x3C27, 0x8EA5
    dd 0x3C28, 0x8EA6
    dd 0x3C29, 0x8EA7
    dd 0x3C2A, 0x8EA8
    dd 0x3C2B, 0x8EA9
    dd 0x3C2C, 0x8EAA
    dd 0x3C2D, 0x8EAB
    dd 0x3C2E, 0x8EAC
    dd 0x3C2F, 0x8EAD
    dd 0x3C30, 0x8EAE
    dd 0x3C31, 0x8EAF
    dd 0x3C32, 0x8EB0
    dd 0x3C33, 0x8EB1
    dd 0x3C34, 0x8EB2
    dd 0x3C35, 0x8EB3
    dd 0x3C36, 0x8EB4
    dd 0x3C37, 0x8EB5
    dd 0x3C38, 0x8EB6
    dd 0x3C39, 0x8EB7
    dd 0x3C3A, 0x8EB8
    dd 0x3C3B, 0x8EB9
    dd 0x3C3C, 0x8EBA
    dd 0x3C3D, 0x8EBB
    dd 0x3C3E, 0x8EBC
    dd 0x3C3F, 0x8EBD
    dd 0x3C40, 0x8EBE
    dd 0x3C41, 0x8EBF
    dd 0x3C42, 0x8EC0
    dd 0x3C43, 0x8EC1
    dd 0x3C44, 0x8EC2
    dd 0x3C45, 0x8EC3
    dd 0x3C46, 0x8EC4
    dd 0x3C47, 0x8EC5
    dd 0x3C48, 0x8EC6
    dd 0x3C49, 0x8EC7
    dd 0x3C4A, 0x8EC8
    dd 0x3C4B, 0x8EC9
    dd 0x3C4C, 0x8ECA
    dd 0x3C4D, 0x8ECB
    dd 0x3C4E, 0x8ECC
    dd 0x3C4F, 0x8ECD
    dd 0x3C50, 0x8ECE
    dd 0x3C51, 0x8ECF
    dd 0x3C52, 0x8ED0
    dd 0x3C53, 0x8ED1
    dd 0x3C54, 0x8ED2
    dd 0x3C55, 0x8ED3
    dd 0x3C56, 0x8ED4
    dd 0x3C57, 0x8ED5
    dd 0x3C58, 0x8ED6
    dd 0x3C59, 0x8ED7
    dd 0x3C5A, 0x8ED8
    dd 0x3C5B, 0x8ED9
    dd 0x3C5C, 0x8EDA
    dd 0x3C5D, 0x8EDB
    dd 0x3C5E, 0x8EDC
    dd 0x3C5F, 0x8EDD
    dd 0x3C60, 0x8EDE
    dd 0x3C61, 0x8EDF
    dd 0x3C62, 0x8EE0
    dd 0x3C63, 0x8EE1
    dd 0x3C64, 0x8EE2
    dd 0x3C65, 0x8EE3
    dd 0x3C66, 0x8EE4
    dd 0x3C67, 0x8EE5
    dd 0x3C68, 0x8EE6
    dd 0x3C69, 0x8EE7
    dd 0x3C6A, 0x8EE8
    dd 0x3C6B, 0x8EE9
    dd 0x3C6C, 0x8EEA
    dd 0x3C6D, 0x8EEB
    dd 0x3C6E, 0x8EEC
    dd 0x3C6F, 0x8EED
    dd 0x3C70, 0x8EEE
    dd 0x3C71, 0x8EEF
    dd 0x3C72, 0x8EF0
    dd 0x3C73, 0x8EF1
    dd 0x3C74, 0x8EF2
    dd 0x3C75, 0x8EF3
    dd 0x3C76, 0x8EF4
    dd 0x3C77, 0x8EF5
    dd 0x3C78, 0x8EF6
    dd 0x3C79, 0x8EF7
    dd 0x3C7A, 0x8EF8
    dd 0x3C7B, 0x8EF9
    dd 0x3C7C, 0x8EFA
    dd 0x3C7D, 0x8EFB
    dd 0x3C7E, 0x8EFC
    dd 0x3D21, 0x8F40
    dd 0x3D22, 0x8F41
    dd 0x3D23, 0x8F42
    dd 0x3D24, 0x8F43
    dd 0x3D25, 0x8F44
    dd 0x3D26, 0x8F45
    dd 0x3D27, 0x8F46
    dd 0x3D28, 0x8F47
    dd 0x3D29, 0x8F48
    dd 0x3D2A, 0x8F49
    dd 0x3D2B, 0x8F4A
    dd 0x3D2C, 0x8F4B
    dd 0x3D2D, 0x8F4C
    dd 0x3D2E, 0x8F4D
    dd 0x3D2F, 0x8F4E
    dd 0x3D30, 0x8F4F
    dd 0x3D31, 0x8F50
    dd 0x3D32, 0x8F51
    dd 0x3D33, 0x8F52
    dd 0x3D34, 0x8F53
    dd 0x3D35, 0x8F54
    dd 0x3D36, 0x8F55
    dd 0x3D37, 0x8F56
    dd 0x3D38, 0x8F57
    dd 0x3D39, 0x8F58
    dd 0x3D3A, 0x8F59
    dd 0x3D3B, 0x8F5A
    dd 0x3D3C, 0x8F5B
    dd 0x3D3D, 0x8F5C
    dd 0x3D3E, 0x8F5D
    dd 0x3D3F, 0x8F5E
    dd 0x3D40, 0x8F5F
    dd 0x3D41, 0x8F60
    dd 0x3D42, 0x8F61
    dd 0x3D43, 0x8F62
    dd 0x3D44, 0x8F63
    dd 0x3D45, 0x8F64
    dd 0x3D46, 0x8F65
    dd 0x3D47, 0x8F66
    dd 0x3D48, 0x8F67
    dd 0x3D49, 0x8F68
    dd 0x3D4A, 0x8F69
    dd 0x3D4B, 0x8F6A
    dd 0x3D4C, 0x8F6B
    dd 0x3D4D, 0x8F6C
    dd 0x3D4E, 0x8F6D
    dd 0x3D4F, 0x8F6E
    dd 0x3D50, 0x8F6F
    dd 0x3D51, 0x8F70
    dd 0x3D52, 0x8F71
    dd 0x3D53, 0x8F72
    dd 0x3D54, 0x8F73
    dd 0x3D55, 0x8F74
    dd 0x3D56, 0x8F75
    dd 0x3D57, 0x8F76
    dd 0x3D58, 0x8F77
    dd 0x3D59, 0x8F78
    dd 0x3D5A, 0x8F79
    dd 0x3D5B, 0x8F7A
    dd 0x3D5C, 0x8F7B
    dd 0x3D5D, 0x8F7C
    dd 0x3D5E, 0x8F7D
    dd 0x3D5F, 0x8F7E
    dd 0x3D60, 0x8F80
    dd 0x3D61, 0x8F81
    dd 0x3D62, 0x8F82
    dd 0x3D63, 0x8F83
    dd 0x3D64, 0x8F84
    dd 0x3D65, 0x8F85
    dd 0x3D66, 0x8F86
    dd 0x3D67, 0x8F87
    dd 0x3D68, 0x8F88
    dd 0x3D69, 0x8F89
    dd 0x3D6A, 0x8F8A
    dd 0x3D6B, 0x8F8B
    dd 0x3D6C, 0x8F8C
    dd 0x3D6D, 0x8F8D
    dd 0x3D6E, 0x8F8E
    dd 0x3D6F, 0x8F8F
    dd 0x3D70, 0x8F90
    dd 0x3D71, 0x8F91
    dd 0x3D72, 0x8F92
    dd 0x3D73, 0x8F93
    dd 0x3D74, 0x8F94
    dd 0x3D75, 0x8F95
    dd 0x3D76, 0x8F96
    dd 0x3D77, 0x8F97
    dd 0x3D78, 0x8F98
    dd 0x3D79, 0x8F99
    dd 0x3D7A, 0x8F9A
    dd 0x3D7B, 0x8F9B
    dd 0x3D7C, 0x8F9C
    dd 0x3D7D, 0x8F9D
    dd 0x3D7E, 0x8F9E
    dd 0x3E21, 0x8F9F
    dd 0x3E22, 0x8FA0
    dd 0x3E23, 0x8FA1
    dd 0x3E24, 0x8FA2
    dd 0x3E25, 0x8FA3
    dd 0x3E26, 0x8FA4
    dd 0x3E27, 0x8FA5
    dd 0x3E28, 0x8FA6
    dd 0x3E29, 0x8FA7
    dd 0x3E2A, 0x8FA8
    dd 0x3E2B, 0x8FA9
    dd 0x3E2C, 0x8FAA
    dd 0x3E2D, 0x8FAB
    dd 0x3E2E, 0x8FAC
    dd 0x3E2F, 0x8FAD
    dd 0x3E30, 0x8FAE
    dd 0x3E31, 0x8FAF
    dd 0x3E32, 0x8FB0
    dd 0x3E33, 0x8FB1
    dd 0x3E34, 0x8FB2
    dd 0x3E35, 0x8FB3
    dd 0x3E36, 0x8FB4
    dd 0x3E37, 0x8FB5
    dd 0x3E38, 0x8FB6
    dd 0x3E39, 0x8FB7
    dd 0x3E3A, 0x8FB8
    dd 0x3E3B, 0x8FB9
    dd 0x3E3C, 0x8FBA
    dd 0x3E3D, 0x8FBB
    dd 0x3E3E, 0x8FBC
    dd 0x3E3F, 0x8FBD
    dd 0x3E40, 0x8FBE
    dd 0x3E41, 0x8FBF
    dd 0x3E42, 0x8FC0
    dd 0x3E43, 0x8FC1
    dd 0x3E44, 0x8FC2
    dd 0x3E45, 0x8FC3
    dd 0x3E46, 0x8FC4
    dd 0x3E47, 0x8FC5
    dd 0x3E48, 0x8FC6
    dd 0x3E49, 0x8FC7
    dd 0x3E4A, 0x8FC8
    dd 0x3E4B, 0x8FC9
    dd 0x3E4C, 0x8FCA
    dd 0x3E4D, 0x8FCB
    dd 0x3E4E, 0x8FCC
    dd 0x3E4F, 0x8FCD
    dd 0x3E50, 0x8FCE
    dd 0x3E51, 0x8FCF
    dd 0x3E52, 0x8FD0
    dd 0x3E53, 0x8FD1
    dd 0x3E54, 0x8FD2
    dd 0x3E55, 0x8FD3
    dd 0x3E56, 0x8FD4
    dd 0x3E57, 0x8FD5
    dd 0x3E58, 0x8FD6
    dd 0x3E59, 0x8FD7
    dd 0x3E5A, 0x8FD8
    dd 0x3E5B, 0x8FD9
    dd 0x3E5C, 0x8FDA
    dd 0x3E5D, 0x8FDB
    dd 0x3E5E, 0x8FDC
    dd 0x3E5F, 0x8FDD
    dd 0x3E60, 0x8FDE
    dd 0x3E61, 0x8FDF
    dd 0x3E62, 0x8FE0
    dd 0x3E63, 0x8FE1
    dd 0x3E64, 0x8FE2
    dd 0x3E65, 0x8FE3
    dd 0x3E66, 0x8FE4
    dd 0x3E67, 0x8FE5
    dd 0x3E68, 0x8FE6
    dd 0x3E69, 0x8FE7
    dd 0x3E6A, 0x8FE8
    dd 0x3E6B, 0x8FE9
    dd 0x3E6C, 0x8FEA
    dd 0x3E6D, 0x8FEB
    dd 0x3E6E, 0x8FEC
    dd 0x3E6F, 0x8FED
    dd 0x3E70, 0x8FEE
    dd 0x3E71, 0x8FEF
    dd 0x3E72, 0x8FF0
    dd 0x3E73, 0x8FF1
    dd 0x3E74, 0x8FF2
    dd 0x3E75, 0x8FF3
    dd 0x3E76, 0x8FF4
    dd 0x3E77, 0x8FF5
    dd 0x3E78, 0x8FF6
    dd 0x3E79, 0x8FF7
    dd 0x3E7A, 0x8FF8
    dd 0x3E7B, 0x8FF9
    dd 0x3E7C, 0x8FFA
    dd 0x3E7D, 0x8FFB
    dd 0x3E7E, 0x8FFC
    dd 0x3F21, 0x9040
    dd 0x3F22, 0x9041
    dd 0x3F23, 0x9042
    dd 0x3F24, 0x9043
    dd 0x3F25, 0x9044
    dd 0x3F26, 0x9045
    dd 0x3F27, 0x9046
    dd 0x3F28, 0x9047
    dd 0x3F29, 0x9048
    dd 0x3F2A, 0x9049
    dd 0x3F2B, 0x904A
    dd 0x3F2C, 0x904B
    dd 0x3F2D, 0x904C
    dd 0x3F2E, 0x904D
    dd 0x3F2F, 0x904E
    dd 0x3F30, 0x904F
    dd 0x3F31, 0x9050
    dd 0x3F32, 0x9051
    dd 0x3F33, 0x9052
    dd 0x3F34, 0x9053
    dd 0x3F35, 0x9054
    dd 0x3F36, 0x9055
    dd 0x3F37, 0x9056
    dd 0x3F38, 0x9057
    dd 0x3F39, 0x9058
    dd 0x3F3A, 0x9059
    dd 0x3F3B, 0x905A
    dd 0x3F3C, 0x905B
    dd 0x3F3D, 0x905C
    dd 0x3F3E, 0x905D
    dd 0x3F3F, 0x905E
    dd 0x3F40, 0x905F
    dd 0x3F41, 0x9060
    dd 0x3F42, 0x9061
    dd 0x3F43, 0x9062
    dd 0x3F44, 0x9063
    dd 0x3F45, 0x9064
    dd 0x3F46, 0x9065
    dd 0x3F47, 0x9066
    dd 0x3F48, 0x9067
    dd 0x3F49, 0x9068
    dd 0x3F4A, 0x9069
    dd 0x3F4B, 0x906A
    dd 0x3F4C, 0x906B
    dd 0x3F4D, 0x906C
    dd 0x3F4E, 0x906D
    dd 0x3F4F, 0x906E
    dd 0x3F50, 0x906F
    dd 0x3F51, 0x9070
    dd 0x3F52, 0x9071
    dd 0x3F53, 0x9072
    dd 0x3F54, 0x9073
    dd 0x3F55, 0x9074
    dd 0x3F56, 0x9075
    dd 0x3F57, 0x9076
    dd 0x3F58, 0x9077
    dd 0x3F59, 0x9078
    dd 0x3F5A, 0x9079
    dd 0x3F5B, 0x907A
    dd 0x3F5C, 0x907B
    dd 0x3F5D, 0x907C
    dd 0x3F5E, 0x907D
    dd 0x3F5F, 0x907E
    dd 0x3F60, 0x9080
    dd 0x3F61, 0x9081
    dd 0x3F62, 0x9082
    dd 0x3F63, 0x9083
    dd 0x3F64, 0x9084
    dd 0x3F65, 0x9085
    dd 0x3F66, 0x9086
    dd 0x3F67, 0x9087
    dd 0x3F68, 0x9088
    dd 0x3F69, 0x9089
    dd 0x3F6A, 0x908A
    dd 0x3F6B, 0x908B
    dd 0x3F6C, 0x908C
    dd 0x3F6D, 0x908D
    dd 0x3F6E, 0x908E
    dd 0x3F6F, 0x908F
    dd 0x3F70, 0x9090
    dd 0x3F71, 0x9091
    dd 0x3F72, 0x9092
    dd 0x3F73, 0x9093
    dd 0x3F74, 0x9094
    dd 0x3F75, 0x9095
    dd 0x3F76, 0x9096
    dd 0x3F77, 0x9097
    dd 0x3F78, 0x9098
    dd 0x3F79, 0x9099
    dd 0x3F7A, 0x909A
    dd 0x3F7B, 0x909B
    dd 0x3F7C, 0x909C
    dd 0x3F7D, 0x909D
    dd 0x3F7E, 0x909E
    dd 0x4021, 0x909F
    dd 0x4022, 0x90A0
    dd 0x4023, 0x90A1
    dd 0x4024, 0x90A2
    dd 0x4025, 0x90A3
    dd 0x4026, 0x90A4
    dd 0x4027, 0x90A5
    dd 0x4028, 0x90A6
    dd 0x4029, 0x90A7
    dd 0x402A, 0x90A8
    dd 0x402B, 0x90A9
    dd 0x402C, 0x90AA
    dd 0x402D, 0x90AB
    dd 0x402E, 0x90AC
    dd 0x402F, 0x90AD
    dd 0x4030, 0x90AE
    dd 0x4031, 0x90AF
    dd 0x4032, 0x90B0
    dd 0x4033, 0x90B1
    dd 0x4034, 0x90B2
    dd 0x4035, 0x90B3
    dd 0x4036, 0x90B4
    dd 0x4037, 0x90B5
    dd 0x4038, 0x90B6
    dd 0x4039, 0x90B7
    dd 0x403A, 0x90B8
    dd 0x403B, 0x90B9
    dd 0x403C, 0x90BA
    dd 0x403D, 0x90BB
    dd 0x403E, 0x90BC
    dd 0x403F, 0x90BD
    dd 0x4040, 0x90BE
    dd 0x4041, 0x90BF
    dd 0x4042, 0x90C0
    dd 0x4043, 0x90C1
    dd 0x4044, 0x90C2
    dd 0x4045, 0x90C3
    dd 0x4046, 0x90C4
    dd 0x4047, 0x90C5
    dd 0x4048, 0x90C6
    dd 0x4049, 0x90C7
    dd 0x404A, 0x90C8
    dd 0x404B, 0x90C9
    dd 0x404C, 0x90CA
    dd 0x404D, 0x90CB
    dd 0x404E, 0x90CC
    dd 0x404F, 0x90CD
    dd 0x4050, 0x90CE
    dd 0x4051, 0x90CF
    dd 0x4052, 0x90D0
    dd 0x4053, 0x90D1
    dd 0x4054, 0x90D2
    dd 0x4055, 0x90D3
    dd 0x4056, 0x90D4
    dd 0x4057, 0x90D5
    dd 0x4058, 0x90D6
    dd 0x4059, 0x90D7
    dd 0x405A, 0x90D8
    dd 0x405B, 0x90D9
    dd 0x405C, 0x90DA
    dd 0x405D, 0x90DB
    dd 0x405E, 0x90DC
    dd 0x405F, 0x90DD
    dd 0x4060, 0x90DE
    dd 0x4061, 0x90DF
    dd 0x4062, 0x90E0
    dd 0x4063, 0x90E1
    dd 0x4064, 0x90E2
    dd 0x4065, 0x90E3
    dd 0x4066, 0x90E4
    dd 0x4067, 0x90E5
    dd 0x4068, 0x90E6
    dd 0x4069, 0x90E7
    dd 0x406A, 0x90E8
    dd 0x406B, 0x90E9
    dd 0x406C, 0x90EA
    dd 0x406D, 0x90EB
    dd 0x406E, 0x90EC
    dd 0x406F, 0x90ED
    dd 0x4070, 0x90EE
    dd 0x4071, 0x90EF
    dd 0x4072, 0x90F0
    dd 0x4073, 0x90F1
    dd 0x4074, 0x90F2
    dd 0x4075, 0x90F3
    dd 0x4076, 0x90F4
    dd 0x4077, 0x90F5
    dd 0x4078, 0x90F6
    dd 0x4079, 0x90F7
    dd 0x407A, 0x90F8
    dd 0x407B, 0x90F9
    dd 0x407C, 0x90FA
    dd 0x407D, 0x90FB
    dd 0x407E, 0x90FC
    dd 0x4121, 0x9140
    dd 0x4122, 0x9141
    dd 0x4123, 0x9142
    dd 0x4124, 0x9143
    dd 0x4125, 0x9144
    dd 0x4126, 0x9145
    dd 0x4127, 0x9146
    dd 0x4128, 0x9147
    dd 0x4129, 0x9148
    dd 0x412A, 0x9149
    dd 0x412B, 0x914A
    dd 0x412C, 0x914B
    dd 0x412D, 0x914C
    dd 0x412E, 0x914D
    dd 0x412F, 0x914E
    dd 0x4130, 0x914F
    dd 0x4131, 0x9150
    dd 0x4132, 0x9151
    dd 0x4133, 0x9152
    dd 0x4134, 0x9153
    dd 0x4135, 0x9154
    dd 0x4136, 0x9155
    dd 0x4137, 0x9156
    dd 0x4138, 0x9157
    dd 0x4139, 0x9158
    dd 0x413A, 0x9159
    dd 0x413B, 0x915A
    dd 0x413C, 0x915B
    dd 0x413D, 0x915C
    dd 0x413E, 0x915D
    dd 0x413F, 0x915E
    dd 0x4140, 0x915F
    dd 0x4141, 0x9160
    dd 0x4142, 0x9161
    dd 0x4143, 0x9162
    dd 0x4144, 0x9163
    dd 0x4145, 0x9164
    dd 0x4146, 0x9165
    dd 0x4147, 0x9166
    dd 0x4148, 0x9167
    dd 0x4149, 0x9168
    dd 0x414A, 0x9169
    dd 0x414B, 0x916A
    dd 0x414C, 0x916B
    dd 0x414D, 0x916C
    dd 0x414E, 0x916D
    dd 0x414F, 0x916E
    dd 0x4150, 0x916F
    dd 0x4151, 0x9170
    dd 0x4152, 0x9171
    dd 0x4153, 0x9172
    dd 0x4154, 0x9173
    dd 0x4155, 0x9174
    dd 0x4156, 0x9175
    dd 0x4157, 0x9176
    dd 0x4158, 0x9177
    dd 0x4159, 0x9178
    dd 0x415A, 0x9179
    dd 0x415B, 0x917A
    dd 0x415C, 0x917B
    dd 0x415D, 0x917C
    dd 0x415E, 0x917D
    dd 0x415F, 0x917E
    dd 0x4160, 0x9180
    dd 0x4161, 0x9181
    dd 0x4162, 0x9182
    dd 0x4163, 0x9183
    dd 0x4164, 0x9184
    dd 0x4165, 0x9185
    dd 0x4166, 0x9186
    dd 0x4167, 0x9187
    dd 0x4168, 0x9188
    dd 0x4169, 0x9189
    dd 0x416A, 0x918A
    dd 0x416B, 0x918B
    dd 0x416C, 0x918C
    dd 0x416D, 0x918D
    dd 0x416E, 0x918E
    dd 0x416F, 0x918F
    dd 0x4170, 0x9190
    dd 0x4171, 0x9191
    dd 0x4172, 0x9192
    dd 0x4173, 0x9193
    dd 0x4174, 0x9194
    dd 0x4175, 0x9195
    dd 0x4176, 0x9196
    dd 0x4177, 0x9197
    dd 0x4178, 0x9198
    dd 0x4179, 0x9199
    dd 0x417A, 0x919A
    dd 0x417B, 0x919B
    dd 0x417C, 0x919C
    dd 0x417D, 0x919D
    dd 0x417E, 0x919E
    dd 0x4221, 0x919F
    dd 0x4222, 0x91A0
    dd 0x4223, 0x91A1
    dd 0x4224, 0x91A2
    dd 0x4225, 0x91A3
    dd 0x4226, 0x91A4
    dd 0x4227, 0x91A5
    dd 0x4228, 0x91A6
    dd 0x4229, 0x91A7
    dd 0x422A, 0x91A8
    dd 0x422B, 0x91A9
    dd 0x422C, 0x91AA
    dd 0x422D, 0x91AB
    dd 0x422E, 0x91AC
    dd 0x422F, 0x91AD
    dd 0x4230, 0x91AE
    dd 0x4231, 0x91AF
    dd 0x4232, 0x91B0
    dd 0x4233, 0x91B1
    dd 0x4234, 0x91B2
    dd 0x4235, 0x91B3
    dd 0x4236, 0x91B4
    dd 0x4237, 0x91B5
    dd 0x4238, 0x91B6
    dd 0x4239, 0x91B7
    dd 0x423A, 0x91B8
    dd 0x423B, 0x91B9
    dd 0x423C, 0x91BA
    dd 0x423D, 0x91BB
    dd 0x423E, 0x91BC
    dd 0x423F, 0x91BD
    dd 0x4240, 0x91BE
    dd 0x4241, 0x91BF
    dd 0x4242, 0x91C0
    dd 0x4243, 0x91C1
    dd 0x4244, 0x91C2
    dd 0x4245, 0x91C3
    dd 0x4246, 0x91C4
    dd 0x4247, 0x91C5
    dd 0x4248, 0x91C6
    dd 0x4249, 0x91C7
    dd 0x424A, 0x91C8
    dd 0x424B, 0x91C9
    dd 0x424C, 0x91CA
    dd 0x424D, 0x91CB
    dd 0x424E, 0x91CC
    dd 0x424F, 0x91CD
    dd 0x4250, 0x91CE
    dd 0x4251, 0x91CF
    dd 0x4252, 0x91D0
    dd 0x4253, 0x91D1
    dd 0x4254, 0x91D2
    dd 0x4255, 0x91D3
    dd 0x4256, 0x91D4
    dd 0x4257, 0x91D5
    dd 0x4258, 0x91D6
    dd 0x4259, 0x91D7
    dd 0x425A, 0x91D8
    dd 0x425B, 0x91D9
    dd 0x425C, 0x91DA
    dd 0x425D, 0x91DB
    dd 0x425E, 0x91DC
    dd 0x425F, 0x91DD
    dd 0x4260, 0x91DE
    dd 0x4261, 0x91DF
    dd 0x4262, 0x91E0
    dd 0x4263, 0x91E1
    dd 0x4264, 0x91E2
    dd 0x4265, 0x91E3
    dd 0x4266, 0x91E4
    dd 0x4267, 0x91E5
    dd 0x4268, 0x91E6
    dd 0x4269, 0x91E7
    dd 0x426A, 0x91E8
    dd 0x426B, 0x91E9
    dd 0x426C, 0x91EA
    dd 0x426D, 0x91EB
    dd 0x426E, 0x91EC
    dd 0x426F, 0x91ED
    dd 0x4270, 0x91EE
    dd 0x4271, 0x91EF
    dd 0x4272, 0x91F0
    dd 0x4273, 0x91F1
    dd 0x4274, 0x91F2
    dd 0x4275, 0x91F3
    dd 0x4276, 0x91F4
    dd 0x4277, 0x91F5
    dd 0x4278, 0x91F6
    dd 0x4279, 0x91F7
    dd 0x427A, 0x91F8
    dd 0x427B, 0x91F9
    dd 0x427C, 0x91FA
    dd 0x427D, 0x91FB
    dd 0x427E, 0x91FC
    dd 0x4321, 0x9240
    dd 0x4322, 0x9241
    dd 0x4323, 0x9242
    dd 0x4324, 0x9243
    dd 0x4325, 0x9244
    dd 0x4326, 0x9245
    dd 0x4327, 0x9246
    dd 0x4328, 0x9247
    dd 0x4329, 0x9248
    dd 0x432A, 0x9249
    dd 0x432B, 0x924A
    dd 0x432C, 0x924B
    dd 0x432D, 0x924C
    dd 0x432E, 0x924D
    dd 0x432F, 0x924E
    dd 0x4330, 0x924F
    dd 0x4331, 0x9250
    dd 0x4332, 0x9251
    dd 0x4333, 0x9252
    dd 0x4334, 0x9253
    dd 0x4335, 0x9254
    dd 0x4336, 0x9255
    dd 0x4337, 0x9256
    dd 0x4338, 0x9257
    dd 0x4339, 0x9258
    dd 0x433A, 0x9259
    dd 0x433B, 0x925A
    dd 0x433C, 0x925B
    dd 0x433D, 0x925C
    dd 0x433E, 0x925D
    dd 0x433F, 0x925E
    dd 0x4340, 0x925F
    dd 0x4341, 0x9260
    dd 0x4342, 0x9261
    dd 0x4343, 0x9262
    dd 0x4344, 0x9263
    dd 0x4345, 0x9264
    dd 0x4346, 0x9265
    dd 0x4347, 0x9266
    dd 0x4348, 0x9267
    dd 0x4349, 0x9268
    dd 0x434A, 0x9269
    dd 0x434B, 0x926A
    dd 0x434C, 0x926B
    dd 0x434D, 0x926C
    dd 0x434E, 0x926D
    dd 0x434F, 0x926E
    dd 0x4350, 0x926F
    dd 0x4351, 0x9270
    dd 0x4352, 0x9271
    dd 0x4353, 0x9272
    dd 0x4354, 0x9273
    dd 0x4355, 0x9274
    dd 0x4356, 0x9275
    dd 0x4357, 0x9276
    dd 0x4358, 0x9277
    dd 0x4359, 0x9278
    dd 0x435A, 0x9279
    dd 0x435B, 0x927A
    dd 0x435C, 0x927B
    dd 0x435D, 0x927C
    dd 0x435E, 0x927D
    dd 0x435F, 0x927E
    dd 0x4360, 0x9280
    dd 0x4361, 0x9281
    dd 0x4362, 0x9282
    dd 0x4363, 0x9283
    dd 0x4364, 0x9284
    dd 0x4365, 0x9285
    dd 0x4366, 0x9286
    dd 0x4367, 0x9287
    dd 0x4368, 0x9288
    dd 0x4369, 0x9289
    dd 0x436A, 0x928A
    dd 0x436B, 0x928B
    dd 0x436C, 0x928C
    dd 0x436D, 0x928D
    dd 0x436E, 0x928E
    dd 0x436F, 0x928F
    dd 0x4370, 0x9290
    dd 0x4371, 0x9291
    dd 0x4372, 0x9292
    dd 0x4373, 0x9293
    dd 0x4374, 0x9294
    dd 0x4375, 0x9295
    dd 0x4376, 0x9296
    dd 0x4377, 0x9297
    dd 0x4378, 0x9298
    dd 0x4379, 0x9299
    dd 0x437A, 0x929A
    dd 0x437B, 0x929B
    dd 0x437C, 0x929C
    dd 0x437D, 0x929D
    dd 0x437E, 0x929E
    dd 0x4421, 0x929F
    dd 0x4422, 0x92A0
    dd 0x4423, 0x92A1
    dd 0x4424, 0x92A2
    dd 0x4425, 0x92A3
    dd 0x4426, 0x92A4
    dd 0x4427, 0x92A5
    dd 0x4428, 0x92A6
    dd 0x4429, 0x92A7
    dd 0x442A, 0x92A8
    dd 0x442B, 0x92A9
    dd 0x442C, 0x92AA
    dd 0x442D, 0x92AB
    dd 0x442E, 0x92AC
    dd 0x442F, 0x92AD
    dd 0x4430, 0x92AE
    dd 0x4431, 0x92AF
    dd 0x4432, 0x92B0
    dd 0x4433, 0x92B1
    dd 0x4434, 0x92B2
    dd 0x4435, 0x92B3
    dd 0x4436, 0x92B4
    dd 0x4437, 0x92B5
    dd 0x4438, 0x92B6
    dd 0x4439, 0x92B7
    dd 0x443A, 0x92B8
    dd 0x443B, 0x92B9
    dd 0x443C, 0x92BA
    dd 0x443D, 0x92BB
    dd 0x443E, 0x92BC
    dd 0x443F, 0x92BD
    dd 0x4440, 0x92BE
    dd 0x4441, 0x92BF
    dd 0x4442, 0x92C0
    dd 0x4443, 0x92C1
    dd 0x4444, 0x92C2
    dd 0x4445, 0x92C3
    dd 0x4446, 0x92C4
    dd 0x4447, 0x92C5
    dd 0x4448, 0x92C6
    dd 0x4449, 0x92C7
    dd 0x444A, 0x92C8
    dd 0x444B, 0x92C9
    dd 0x444C, 0x92CA
    dd 0x444D, 0x92CB
    dd 0x444E, 0x92CC
    dd 0x444F, 0x92CD
    dd 0x4450, 0x92CE
    dd 0x4451, 0x92CF
    dd 0x4452, 0x92D0
    dd 0x4453, 0x92D1
    dd 0x4454, 0x92D2
    dd 0x4455, 0x92D3
    dd 0x4456, 0x92D4
    dd 0x4457, 0x92D5
    dd 0x4458, 0x92D6
    dd 0x4459, 0x92D7
    dd 0x445A, 0x92D8
    dd 0x445B, 0x92D9
    dd 0x445C, 0x92DA
    dd 0x445D, 0x92DB
    dd 0x445E, 0x92DC
    dd 0x445F, 0x92DD
    dd 0x4460, 0x92DE
    dd 0x4461, 0x92DF
    dd 0x4462, 0x92E0
    dd 0x4463, 0x92E1
    dd 0x4464, 0x92E2
    dd 0x4465, 0x92E3
    dd 0x4466, 0x92E4
    dd 0x4467, 0x92E5
    dd 0x4468, 0x92E6
    dd 0x4469, 0x92E7
    dd 0x446A, 0x92E8
    dd 0x446B, 0x92E9
    dd 0x446C, 0x92EA
    dd 0x446D, 0x92EB
    dd 0x446E, 0x92EC
    dd 0x446F, 0x92ED
    dd 0x4470, 0x92EE
    dd 0x4471, 0x92EF
    dd 0x4472, 0x92F0
    dd 0x4473, 0x92F1
    dd 0x4474, 0x92F2
    dd 0x4475, 0x92F3
    dd 0x4476, 0x92F4
    dd 0x4477, 0x92F5
    dd 0x4478, 0x92F6
    dd 0x4479, 0x92F7
    dd 0x447A, 0x92F8
    dd 0x447B, 0x92F9
    dd 0x447C, 0x92FA
    dd 0x447D, 0x92FB
    dd 0x447E, 0x92FC
    dd 0x4521, 0x9340
    dd 0x4522, 0x9341
    dd 0x4523, 0x9342
    dd 0x4524, 0x9343
    dd 0x4525, 0x9344
    dd 0x4526, 0x9345
    dd 0x4527, 0x9346
    dd 0x4528, 0x9347
    dd 0x4529, 0x9348
    dd 0x452A, 0x9349
    dd 0x452B, 0x934A
    dd 0x452C, 0x934B
    dd 0x452D, 0x934C
    dd 0x452E, 0x934D
    dd 0x452F, 0x934E
    dd 0x4530, 0x934F
    dd 0x4531, 0x9350
    dd 0x4532, 0x9351
    dd 0x4533, 0x9352
    dd 0x4534, 0x9353
    dd 0x4535, 0x9354
    dd 0x4536, 0x9355
    dd 0x4537, 0x9356
    dd 0x4538, 0x9357
    dd 0x4539, 0x9358
    dd 0x453A, 0x9359
    dd 0x453B, 0x935A
    dd 0x453C, 0x935B
    dd 0x453D, 0x935C
    dd 0x453E, 0x935D
    dd 0x453F, 0x935E
    dd 0x4540, 0x935F
    dd 0x4541, 0x9360
    dd 0x4542, 0x9361
    dd 0x4543, 0x9362
    dd 0x4544, 0x9363
    dd 0x4545, 0x9364
    dd 0x4546, 0x9365
    dd 0x4547, 0x9366
    dd 0x4548, 0x9367
    dd 0x4549, 0x9368
    dd 0x454A, 0x9369
    dd 0x454B, 0x936A
    dd 0x454C, 0x936B
    dd 0x454D, 0x936C
    dd 0x454E, 0x936D
    dd 0x454F, 0x936E
    dd 0x4550, 0x936F
    dd 0x4551, 0x9370
    dd 0x4552, 0x9371
    dd 0x4553, 0x9372
    dd 0x4554, 0x9373
    dd 0x4555, 0x9374
    dd 0x4556, 0x9375
    dd 0x4557, 0x9376
    dd 0x4558, 0x9377
    dd 0x4559, 0x9378
    dd 0x455A, 0x9379
    dd 0x455B, 0x937A
    dd 0x455C, 0x937B
    dd 0x455D, 0x937C
    dd 0x455E, 0x937D
    dd 0x455F, 0x937E
    dd 0x4560, 0x9380
    dd 0x4561, 0x9381
    dd 0x4562, 0x9382
    dd 0x4563, 0x9383
    dd 0x4564, 0x9384
    dd 0x4565, 0x9385
    dd 0x4566, 0x9386
    dd 0x4567, 0x9387
    dd 0x4568, 0x9388
    dd 0x4569, 0x9389
    dd 0x456A, 0x938A
    dd 0x456B, 0x938B
    dd 0x456C, 0x938C
    dd 0x456D, 0x938D
    dd 0x456E, 0x938E
    dd 0x456F, 0x938F
    dd 0x4570, 0x9390
    dd 0x4571, 0x9391
    dd 0x4572, 0x9392
    dd 0x4573, 0x9393
    dd 0x4574, 0x9394
    dd 0x4575, 0x9395
    dd 0x4576, 0x9396
    dd 0x4577, 0x9397
    dd 0x4578, 0x9398
    dd 0x4579, 0x9399
    dd 0x457A, 0x939A
    dd 0x457B, 0x939B
    dd 0x457C, 0x939C
    dd 0x457D, 0x939D
    dd 0x457E, 0x939E
    dd 0x4621, 0x939F
    dd 0x4622, 0x93A0
    dd 0x4623, 0x93A1
    dd 0x4624, 0x93A2
    dd 0x4625, 0x93A3
    dd 0x4626, 0x93A4
    dd 0x4627, 0x93A5
    dd 0x4628, 0x93A6
    dd 0x4629, 0x93A7
    dd 0x462A, 0x93A8
    dd 0x462B, 0x93A9
    dd 0x462C, 0x93AA
    dd 0x462D, 0x93AB
    dd 0x462E, 0x93AC
    dd 0x462F, 0x93AD
    dd 0x4630, 0x93AE
    dd 0x4631, 0x93AF
    dd 0x4632, 0x93B0
    dd 0x4633, 0x93B1
    dd 0x4634, 0x93B2
    dd 0x4635, 0x93B3
    dd 0x4636, 0x93B4
    dd 0x4637, 0x93B5
    dd 0x4638, 0x93B6
    dd 0x4639, 0x93B7
    dd 0x463A, 0x93B8
    dd 0x463B, 0x93B9
    dd 0x463C, 0x93BA
    dd 0x463D, 0x93BB
    dd 0x463E, 0x93BC
    dd 0x463F, 0x93BD
    dd 0x4640, 0x93BE
    dd 0x4641, 0x93BF
    dd 0x4642, 0x93C0
    dd 0x4643, 0x93C1
    dd 0x4644, 0x93C2
    dd 0x4645, 0x93C3
    dd 0x4646, 0x93C4
    dd 0x4647, 0x93C5
    dd 0x4648, 0x93C6
    dd 0x4649, 0x93C7
    dd 0x464A, 0x93C8
    dd 0x464B, 0x93C9
    dd 0x464C, 0x93CA
    dd 0x464D, 0x93CB
    dd 0x464E, 0x93CC
    dd 0x464F, 0x93CD
    dd 0x4650, 0x93CE
    dd 0x4651, 0x93CF
    dd 0x4652, 0x93D0
    dd 0x4653, 0x93D1
    dd 0x4654, 0x93D2
    dd 0x4655, 0x93D3
    dd 0x4656, 0x93D4
    dd 0x4657, 0x93D5
    dd 0x4658, 0x93D6
    dd 0x4659, 0x93D7
    dd 0x465A, 0x93D8
    dd 0x465B, 0x93D9
    dd 0x465C, 0x93DA
    dd 0x465D, 0x93DB
    dd 0x465E, 0x93DC
    dd 0x465F, 0x93DD
    dd 0x4660, 0x93DE
    dd 0x4661, 0x93DF
    dd 0x4662, 0x93E0
    dd 0x4663, 0x93E1
    dd 0x4664, 0x93E2
    dd 0x4665, 0x93E3
    dd 0x4666, 0x93E4
    dd 0x4667, 0x93E5
    dd 0x4668, 0x93E6
    dd 0x4669, 0x93E7
    dd 0x466A, 0x93E8
    dd 0x466B, 0x93E9
    dd 0x466C, 0x93EA
    dd 0x466D, 0x93EB
    dd 0x466E, 0x93EC
    dd 0x466F, 0x93ED
    dd 0x4670, 0x93EE
    dd 0x4671, 0x93EF
    dd 0x4672, 0x93F0
    dd 0x4673, 0x93F1
    dd 0x4674, 0x93F2
    dd 0x4675, 0x93F3
    dd 0x4676, 0x93F4
    dd 0x4677, 0x93F5
    dd 0x4678, 0x93F6
    dd 0x4679, 0x93F7
    dd 0x467A, 0x93F8
    dd 0x467B, 0x93F9
    dd 0x467C, 0x93FA
    dd 0x467D, 0x93FB
    dd 0x467E, 0x93FC
    dd 0x4721, 0x9440
    dd 0x4722, 0x9441
    dd 0x4723, 0x9442
    dd 0x4724, 0x9443
    dd 0x4725, 0x9444
    dd 0x4726, 0x9445
    dd 0x4727, 0x9446
    dd 0x4728, 0x9447
    dd 0x4729, 0x9448
    dd 0x472A, 0x9449
    dd 0x472B, 0x944A
    dd 0x472C, 0x944B
    dd 0x472D, 0x944C
    dd 0x472E, 0x944D
    dd 0x472F, 0x944E
    dd 0x4730, 0x944F
    dd 0x4731, 0x9450
    dd 0x4732, 0x9451
    dd 0x4733, 0x9452
    dd 0x4734, 0x9453
    dd 0x4735, 0x9454
    dd 0x4736, 0x9455
    dd 0x4737, 0x9456
    dd 0x4738, 0x9457
    dd 0x4739, 0x9458
    dd 0x473A, 0x9459
    dd 0x473B, 0x945A
    dd 0x473C, 0x945B
    dd 0x473D, 0x945C
    dd 0x473E, 0x945D
    dd 0x473F, 0x945E
    dd 0x4740, 0x945F
    dd 0x4741, 0x9460
    dd 0x4742, 0x9461
    dd 0x4743, 0x9462
    dd 0x4744, 0x9463
    dd 0x4745, 0x9464
    dd 0x4746, 0x9465
    dd 0x4747, 0x9466
    dd 0x4748, 0x9467
    dd 0x4749, 0x9468
    dd 0x474A, 0x9469
    dd 0x474B, 0x946A
    dd 0x474C, 0x946B
    dd 0x474D, 0x946C
    dd 0x474E, 0x946D
    dd 0x474F, 0x946E
    dd 0x4750, 0x946F
    dd 0x4751, 0x9470
    dd 0x4752, 0x9471
    dd 0x4753, 0x9472
    dd 0x4754, 0x9473
    dd 0x4755, 0x9474
    dd 0x4756, 0x9475
    dd 0x4757, 0x9476
    dd 0x4758, 0x9477
    dd 0x4759, 0x9478
    dd 0x475A, 0x9479
    dd 0x475B, 0x947A
    dd 0x475C, 0x947B
    dd 0x475D, 0x947C
    dd 0x475E, 0x947D
    dd 0x475F, 0x947E
    dd 0x4760, 0x9480
    dd 0x4761, 0x9481
    dd 0x4762, 0x9482
    dd 0x4763, 0x9483
    dd 0x4764, 0x9484
    dd 0x4765, 0x9485
    dd 0x4766, 0x9486
    dd 0x4767, 0x9487
    dd 0x4768, 0x9488
    dd 0x4769, 0x9489
    dd 0x476A, 0x948A
    dd 0x476B, 0x948B
    dd 0x476C, 0x948C
    dd 0x476D, 0x948D
    dd 0x476E, 0x948E
    dd 0x476F, 0x948F
    dd 0x4770, 0x9490
    dd 0x4771, 0x9491
    dd 0x4772, 0x9492
    dd 0x4773, 0x9493
    dd 0x4774, 0x9494
    dd 0x4775, 0x9495
    dd 0x4776, 0x9496
    dd 0x4777, 0x9497
    dd 0x4778, 0x9498
    dd 0x4779, 0x9499
    dd 0x477A, 0x949A
    dd 0x477B, 0x949B
    dd 0x477C, 0x949C
    dd 0x477D, 0x949D
    dd 0x477E, 0x949E
    dd 0x4821, 0x949F
    dd 0x4822, 0x94A0
    dd 0x4823, 0x94A1
    dd 0x4824, 0x94A2
    dd 0x4825, 0x94A3
    dd 0x4826, 0x94A4
    dd 0x4827, 0x94A5
    dd 0x4828, 0x94A6
    dd 0x4829, 0x94A7
    dd 0x482A, 0x94A8
    dd 0x482B, 0x94A9
    dd 0x482C, 0x94AA
    dd 0x482D, 0x94AB
    dd 0x482E, 0x94AC
    dd 0x482F, 0x94AD
    dd 0x4830, 0x94AE
    dd 0x4831, 0x94AF
    dd 0x4832, 0x94B0
    dd 0x4833, 0x94B1
    dd 0x4834, 0x94B2
    dd 0x4835, 0x94B3
    dd 0x4836, 0x94B4
    dd 0x4837, 0x94B5
    dd 0x4838, 0x94B6
    dd 0x4839, 0x94B7
    dd 0x483A, 0x94B8
    dd 0x483B, 0x94B9
    dd 0x483C, 0x94BA
    dd 0x483D, 0x94BB
    dd 0x483E, 0x94BC
    dd 0x483F, 0x94BD
    dd 0x4840, 0x94BE
    dd 0x4841, 0x94BF
    dd 0x4842, 0x94C0
    dd 0x4843, 0x94C1
    dd 0x4844, 0x94C2
    dd 0x4845, 0x94C3
    dd 0x4846, 0x94C4
    dd 0x4847, 0x94C5
    dd 0x4848, 0x94C6
    dd 0x4849, 0x94C7
    dd 0x484A, 0x94C8
    dd 0x484B, 0x94C9
    dd 0x484C, 0x94CA
    dd 0x484D, 0x94CB
    dd 0x484E, 0x94CC
    dd 0x484F, 0x94CD
    dd 0x4850, 0x94CE
    dd 0x4851, 0x94CF
    dd 0x4852, 0x94D0
    dd 0x4853, 0x94D1
    dd 0x4854, 0x94D2
    dd 0x4855, 0x94D3
    dd 0x4856, 0x94D4
    dd 0x4857, 0x94D5
    dd 0x4858, 0x94D6
    dd 0x4859, 0x94D7
    dd 0x485A, 0x94D8
    dd 0x485B, 0x94D9
    dd 0x485C, 0x94DA
    dd 0x485D, 0x94DB
    dd 0x485E, 0x94DC
    dd 0x485F, 0x94DD
    dd 0x4860, 0x94DE
    dd 0x4861, 0x94DF
    dd 0x4862, 0x94E0
    dd 0x4863, 0x94E1
    dd 0x4864, 0x94E2
    dd 0x4865, 0x94E3
    dd 0x4866, 0x94E4
    dd 0x4867, 0x94E5
    dd 0x4868, 0x94E6
    dd 0x4869, 0x94E7
    dd 0x486A, 0x94E8
    dd 0x486B, 0x94E9
    dd 0x486C, 0x94EA
    dd 0x486D, 0x94EB
    dd 0x486E, 0x94EC
    dd 0x486F, 0x94ED
    dd 0x4870, 0x94EE
    dd 0x4871, 0x94EF
    dd 0x4872, 0x94F0
    dd 0x4873, 0x94F1
    dd 0x4874, 0x94F2
    dd 0x4875, 0x94F3
    dd 0x4876, 0x94F4
    dd 0x4877, 0x94F5
    dd 0x4878, 0x94F6
    dd 0x4879, 0x94F7
    dd 0x487A, 0x94F8
    dd 0x487B, 0x94F9
    dd 0x487C, 0x94FA
    dd 0x487D, 0x94FB
    dd 0x487E, 0x94FC
    dd 0x4921, 0x9540
    dd 0x4922, 0x9541
    dd 0x4923, 0x9542
    dd 0x4924, 0x9543
    dd 0x4925, 0x9544
    dd 0x4926, 0x9545
    dd 0x4927, 0x9546
    dd 0x4928, 0x9547
    dd 0x4929, 0x9548
    dd 0x492A, 0x9549
    dd 0x492B, 0x954A
    dd 0x492C, 0x954B
    dd 0x492D, 0x954C
    dd 0x492E, 0x954D
    dd 0x492F, 0x954E
    dd 0x4930, 0x954F
    dd 0x4931, 0x9550
    dd 0x4932, 0x9551
    dd 0x4933, 0x9552
    dd 0x4934, 0x9553
    dd 0x4935, 0x9554
    dd 0x4936, 0x9555
    dd 0x4937, 0x9556
    dd 0x4938, 0x9557
    dd 0x4939, 0x9558
    dd 0x493A, 0x9559
    dd 0x493B, 0x955A
    dd 0x493C, 0x955B
    dd 0x493D, 0x955C
    dd 0x493E, 0x955D
    dd 0x493F, 0x955E
    dd 0x4940, 0x955F
    dd 0x4941, 0x9560
    dd 0x4942, 0x9561
    dd 0x4943, 0x9562
    dd 0x4944, 0x9563
    dd 0x4945, 0x9564
    dd 0x4946, 0x9565
    dd 0x4947, 0x9566
    dd 0x4948, 0x9567
    dd 0x4949, 0x9568
    dd 0x494A, 0x9569
    dd 0x494B, 0x956A
    dd 0x494C, 0x956B
    dd 0x494D, 0x956C
    dd 0x494E, 0x956D
    dd 0x494F, 0x956E
    dd 0x4950, 0x956F
    dd 0x4951, 0x9570
    dd 0x4952, 0x9571
    dd 0x4953, 0x9572
    dd 0x4954, 0x9573
    dd 0x4955, 0x9574
    dd 0x4956, 0x9575
    dd 0x4957, 0x9576
    dd 0x4958, 0x9577
    dd 0x4959, 0x9578
    dd 0x495A, 0x9579
    dd 0x495B, 0x957A
    dd 0x495C, 0x957B
    dd 0x495D, 0x957C
    dd 0x495E, 0x957D
    dd 0x495F, 0x957E
    dd 0x4960, 0x9580
    dd 0x4961, 0x9581
    dd 0x4962, 0x9582
    dd 0x4963, 0x9583
    dd 0x4964, 0x9584
    dd 0x4965, 0x9585
    dd 0x4966, 0x9586
    dd 0x4967, 0x9587
    dd 0x4968, 0x9588
    dd 0x4969, 0x9589
    dd 0x496A, 0x958A
    dd 0x496B, 0x958B
    dd 0x496C, 0x958C
    dd 0x496D, 0x958D
    dd 0x496E, 0x958E
    dd 0x496F, 0x958F
    dd 0x4970, 0x9590
    dd 0x4971, 0x9591
    dd 0x4972, 0x9592
    dd 0x4973, 0x9593
    dd 0x4974, 0x9594
    dd 0x4975, 0x9595
    dd 0x4976, 0x9596
    dd 0x4977, 0x9597
    dd 0x4978, 0x9598
    dd 0x4979, 0x9599
    dd 0x497A, 0x959A
    dd 0x497B, 0x959B
    dd 0x497C, 0x959C
    dd 0x497D, 0x959D
    dd 0x497E, 0x959E
    dd 0x4A21, 0x959F
    dd 0x4A22, 0x95A0
    dd 0x4A23, 0x95A1
    dd 0x4A24, 0x95A2
    dd 0x4A25, 0x95A3
    dd 0x4A26, 0x95A4
    dd 0x4A27, 0x95A5
    dd 0x4A28, 0x95A6
    dd 0x4A29, 0x95A7
    dd 0x4A2A, 0x95A8
    dd 0x4A2B, 0x95A9
    dd 0x4A2C, 0x95AA
    dd 0x4A2D, 0x95AB
    dd 0x4A2E, 0x95AC
    dd 0x4A2F, 0x95AD
    dd 0x4A30, 0x95AE
    dd 0x4A31, 0x95AF
    dd 0x4A32, 0x95B0
    dd 0x4A33, 0x95B1
    dd 0x4A34, 0x95B2
    dd 0x4A35, 0x95B3
    dd 0x4A36, 0x95B4
    dd 0x4A37, 0x95B5
    dd 0x4A38, 0x95B6
    dd 0x4A39, 0x95B7
    dd 0x4A3A, 0x95B8
    dd 0x4A3B, 0x95B9
    dd 0x4A3C, 0x95BA
    dd 0x4A3D, 0x95BB
    dd 0x4A3E, 0x95BC
    dd 0x4A3F, 0x95BD
    dd 0x4A40, 0x95BE
    dd 0x4A41, 0x95BF
    dd 0x4A42, 0x95C0
    dd 0x4A43, 0x95C1
    dd 0x4A44, 0x95C2
    dd 0x4A45, 0x95C3
    dd 0x4A46, 0x95C4
    dd 0x4A47, 0x95C5
    dd 0x4A48, 0x95C6
    dd 0x4A49, 0x95C7
    dd 0x4A4A, 0x95C8
    dd 0x4A4B, 0x95C9
    dd 0x4A4C, 0x95CA
    dd 0x4A4D, 0x95CB
    dd 0x4A4E, 0x95CC
    dd 0x4A4F, 0x95CD
    dd 0x4A50, 0x95CE
    dd 0x4A51, 0x95CF
    dd 0x4A52, 0x95D0
    dd 0x4A53, 0x95D1
    dd 0x4A54, 0x95D2
    dd 0x4A55, 0x95D3
    dd 0x4A56, 0x95D4
    dd 0x4A57, 0x95D5
    dd 0x4A58, 0x95D6
    dd 0x4A59, 0x95D7
    dd 0x4A5A, 0x95D8
    dd 0x4A5B, 0x95D9
    dd 0x4A5C, 0x95DA
    dd 0x4A5D, 0x95DB
    dd 0x4A5E, 0x95DC
    dd 0x4A5F, 0x95DD
    dd 0x4A60, 0x95DE
    dd 0x4A61, 0x95DF
    dd 0x4A62, 0x95E0
    dd 0x4A63, 0x95E1
    dd 0x4A64, 0x95E2
    dd 0x4A65, 0x95E3
    dd 0x4A66, 0x95E4
    dd 0x4A67, 0x95E5
    dd 0x4A68, 0x95E6
    dd 0x4A69, 0x95E7
    dd 0x4A6A, 0x95E8
    dd 0x4A6B, 0x95E9
    dd 0x4A6C, 0x95EA
    dd 0x4A6D, 0x95EB
    dd 0x4A6E, 0x95EC
    dd 0x4A6F, 0x95ED
    dd 0x4A70, 0x95EE
    dd 0x4A71, 0x95EF
    dd 0x4A72, 0x95F0
    dd 0x4A73, 0x95F1
    dd 0x4A74, 0x95F2
    dd 0x4A75, 0x95F3
    dd 0x4A76, 0x95F4
    dd 0x4A77, 0x95F5
    dd 0x4A78, 0x95F6
    dd 0x4A79, 0x95F7
    dd 0x4A7A, 0x95F8
    dd 0x4A7B, 0x95F9
    dd 0x4A7C, 0x95FA
    dd 0x4A7D, 0x95FB
    dd 0x4A7E, 0x95FC
    dd 0x4B21, 0x9640
    dd 0x4B22, 0x9641
    dd 0x4B23, 0x9642
    dd 0x4B24, 0x9643
    dd 0x4B25, 0x9644
    dd 0x4B26, 0x9645
    dd 0x4B27, 0x9646
    dd 0x4B28, 0x9647
    dd 0x4B29, 0x9648
    dd 0x4B2A, 0x9649
    dd 0x4B2B, 0x964A
    dd 0x4B2C, 0x964B
    dd 0x4B2D, 0x964C
    dd 0x4B2E, 0x964D
    dd 0x4B2F, 0x964E
    dd 0x4B30, 0x964F
    dd 0x4B31, 0x9650
    dd 0x4B32, 0x9651
    dd 0x4B33, 0x9652
    dd 0x4B34, 0x9653
    dd 0x4B35, 0x9654
    dd 0x4B36, 0x9655
    dd 0x4B37, 0x9656
    dd 0x4B38, 0x9657
    dd 0x4B39, 0x9658
    dd 0x4B3A, 0x9659
    dd 0x4B3B, 0x965A
    dd 0x4B3C, 0x965B
    dd 0x4B3D, 0x965C
    dd 0x4B3E, 0x965D
    dd 0x4B3F, 0x965E
    dd 0x4B40, 0x965F
    dd 0x4B41, 0x9660
    dd 0x4B42, 0x9661
    dd 0x4B43, 0x9662
    dd 0x4B44, 0x9663
    dd 0x4B45, 0x9664
    dd 0x4B46, 0x9665
    dd 0x4B47, 0x9666
    dd 0x4B48, 0x9667
    dd 0x4B49, 0x9668
    dd 0x4B4A, 0x9669
    dd 0x4B4B, 0x966A
    dd 0x4B4C, 0x966B
    dd 0x4B4D, 0x966C
    dd 0x4B4E, 0x966D
    dd 0x4B4F, 0x966E
    dd 0x4B50, 0x966F
    dd 0x4B51, 0x9670
    dd 0x4B52, 0x9671
    dd 0x4B53, 0x9672
    dd 0x4B54, 0x9673
    dd 0x4B55, 0x9674
    dd 0x4B56, 0x9675
    dd 0x4B57, 0x9676
    dd 0x4B58, 0x9677
    dd 0x4B59, 0x9678
    dd 0x4B5A, 0x9679
    dd 0x4B5B, 0x967A
    dd 0x4B5C, 0x967B
    dd 0x4B5D, 0x967C
    dd 0x4B5E, 0x967D
    dd 0x4B5F, 0x967E
    dd 0x4B60, 0x9680
    dd 0x4B61, 0x9681
    dd 0x4B62, 0x9682
    dd 0x4B63, 0x9683
    dd 0x4B64, 0x9684
    dd 0x4B65, 0x9685
    dd 0x4B66, 0x9686
    dd 0x4B67, 0x9687
    dd 0x4B68, 0x9688
    dd 0x4B69, 0x9689
    dd 0x4B6A, 0x968A
    dd 0x4B6B, 0x968B
    dd 0x4B6C, 0x968C
    dd 0x4B6D, 0x968D
    dd 0x4B6E, 0x968E
    dd 0x4B6F, 0x968F
    dd 0x4B70, 0x9690
    dd 0x4B71, 0x9691
    dd 0x4B72, 0x9692
    dd 0x4B73, 0x9693
    dd 0x4B74, 0x9694
    dd 0x4B75, 0x9695
    dd 0x4B76, 0x9696
    dd 0x4B77, 0x9697
    dd 0x4B78, 0x9698
    dd 0x4B79, 0x9699
    dd 0x4B7A, 0x969A
    dd 0x4B7B, 0x969B
    dd 0x4B7C, 0x969C
    dd 0x4B7D, 0x969D
    dd 0x4B7E, 0x969E
    dd 0x4C21, 0x969F
    dd 0x4C22, 0x96A0
    dd 0x4C23, 0x96A1
    dd 0x4C24, 0x96A2
    dd 0x4C25, 0x96A3
    dd 0x4C26, 0x96A4
    dd 0x4C27, 0x96A5
    dd 0x4C28, 0x96A6
    dd 0x4C29, 0x96A7
    dd 0x4C2A, 0x96A8
    dd 0x4C2B, 0x96A9
    dd 0x4C2C, 0x96AA
    dd 0x4C2D, 0x96AB
    dd 0x4C2E, 0x96AC
    dd 0x4C2F, 0x96AD
    dd 0x4C30, 0x96AE
    dd 0x4C31, 0x96AF
    dd 0x4C32, 0x96B0
    dd 0x4C33, 0x96B1
    dd 0x4C34, 0x96B2
    dd 0x4C35, 0x96B3
    dd 0x4C36, 0x96B4
    dd 0x4C37, 0x96B5
    dd 0x4C38, 0x96B6
    dd 0x4C39, 0x96B7
    dd 0x4C3A, 0x96B8
    dd 0x4C3B, 0x96B9
    dd 0x4C3C, 0x96BA
    dd 0x4C3D, 0x96BB
    dd 0x4C3E, 0x96BC
    dd 0x4C3F, 0x96BD
    dd 0x4C40, 0x96BE
    dd 0x4C41, 0x96BF
    dd 0x4C42, 0x96C0
    dd 0x4C43, 0x96C1
    dd 0x4C44, 0x96C2
    dd 0x4C45, 0x96C3
    dd 0x4C46, 0x96C4
    dd 0x4C47, 0x96C5
    dd 0x4C48, 0x96C6
    dd 0x4C49, 0x96C7
    dd 0x4C4A, 0x96C8
    dd 0x4C4B, 0x96C9
    dd 0x4C4C, 0x96CA
    dd 0x4C4D, 0x96CB
    dd 0x4C4E, 0x96CC
    dd 0x4C4F, 0x96CD
    dd 0x4C50, 0x96CE
    dd 0x4C51, 0x96CF
    dd 0x4C52, 0x96D0
    dd 0x4C53, 0x96D1
    dd 0x4C54, 0x96D2
    dd 0x4C55, 0x96D3
    dd 0x4C56, 0x96D4
    dd 0x4C57, 0x96D5
    dd 0x4C58, 0x96D6
    dd 0x4C59, 0x96D7
    dd 0x4C5A, 0x96D8
    dd 0x4C5B, 0x96D9
    dd 0x4C5C, 0x96DA
    dd 0x4C5D, 0x96DB
    dd 0x4C5E, 0x96DC
    dd 0x4C5F, 0x96DD
    dd 0x4C60, 0x96DE
    dd 0x4C61, 0x96DF
    dd 0x4C62, 0x96E0
    dd 0x4C63, 0x96E1
    dd 0x4C64, 0x96E2
    dd 0x4C65, 0x96E3
    dd 0x4C66, 0x96E4
    dd 0x4C67, 0x96E5
    dd 0x4C68, 0x96E6
    dd 0x4C69, 0x96E7
    dd 0x4C6A, 0x96E8
    dd 0x4C6B, 0x96E9
    dd 0x4C6C, 0x96EA
    dd 0x4C6D, 0x96EB
    dd 0x4C6E, 0x96EC
    dd 0x4C6F, 0x96ED
    dd 0x4C70, 0x96EE
    dd 0x4C71, 0x96EF
    dd 0x4C72, 0x96F0
    dd 0x4C73, 0x96F1
    dd 0x4C74, 0x96F2
    dd 0x4C75, 0x96F3
    dd 0x4C76, 0x96F4
    dd 0x4C77, 0x96F5
    dd 0x4C78, 0x96F6
    dd 0x4C79, 0x96F7
    dd 0x4C7A, 0x96F8
    dd 0x4C7B, 0x96F9
    dd 0x4C7C, 0x96FA
    dd 0x4C7D, 0x96FB
    dd 0x4C7E, 0x96FC
    dd 0x4D21, 0x9740
    dd 0x4D22, 0x9741
    dd 0x4D23, 0x9742
    dd 0x4D24, 0x9743
    dd 0x4D25, 0x9744
    dd 0x4D26, 0x9745
    dd 0x4D27, 0x9746
    dd 0x4D28, 0x9747
    dd 0x4D29, 0x9748
    dd 0x4D2A, 0x9749
    dd 0x4D2B, 0x974A
    dd 0x4D2C, 0x974B
    dd 0x4D2D, 0x974C
    dd 0x4D2E, 0x974D
    dd 0x4D2F, 0x974E
    dd 0x4D30, 0x974F
    dd 0x4D31, 0x9750
    dd 0x4D32, 0x9751
    dd 0x4D33, 0x9752
    dd 0x4D34, 0x9753
    dd 0x4D35, 0x9754
    dd 0x4D36, 0x9755
    dd 0x4D37, 0x9756
    dd 0x4D38, 0x9757
    dd 0x4D39, 0x9758
    dd 0x4D3A, 0x9759
    dd 0x4D3B, 0x975A
    dd 0x4D3C, 0x975B
    dd 0x4D3D, 0x975C
    dd 0x4D3E, 0x975D
    dd 0x4D3F, 0x975E
    dd 0x4D40, 0x975F
    dd 0x4D41, 0x9760
    dd 0x4D42, 0x9761
    dd 0x4D43, 0x9762
    dd 0x4D44, 0x9763
    dd 0x4D45, 0x9764
    dd 0x4D46, 0x9765
    dd 0x4D47, 0x9766
    dd 0x4D48, 0x9767
    dd 0x4D49, 0x9768
    dd 0x4D4A, 0x9769
    dd 0x4D4B, 0x976A
    dd 0x4D4C, 0x976B
    dd 0x4D4D, 0x976C
    dd 0x4D4E, 0x976D
    dd 0x4D4F, 0x976E
    dd 0x4D50, 0x976F
    dd 0x4D51, 0x9770
    dd 0x4D52, 0x9771
    dd 0x4D53, 0x9772
    dd 0x4D54, 0x9773
    dd 0x4D55, 0x9774
    dd 0x4D56, 0x9775
    dd 0x4D57, 0x9776
    dd 0x4D58, 0x9777
    dd 0x4D59, 0x9778
    dd 0x4D5A, 0x9779
    dd 0x4D5B, 0x977A
    dd 0x4D5C, 0x977B
    dd 0x4D5D, 0x977C
    dd 0x4D5E, 0x977D
    dd 0x4D5F, 0x977E
    dd 0x4D60, 0x9780
    dd 0x4D61, 0x9781
    dd 0x4D62, 0x9782
    dd 0x4D63, 0x9783
    dd 0x4D64, 0x9784
    dd 0x4D65, 0x9785
    dd 0x4D66, 0x9786
    dd 0x4D67, 0x9787
    dd 0x4D68, 0x9788
    dd 0x4D69, 0x9789
    dd 0x4D6A, 0x978A
    dd 0x4D6B, 0x978B
    dd 0x4D6C, 0x978C
    dd 0x4D6D, 0x978D
    dd 0x4D6E, 0x978E
    dd 0x4D6F, 0x978F
    dd 0x4D70, 0x9790
    dd 0x4D71, 0x9791
    dd 0x4D72, 0x9792
    dd 0x4D73, 0x9793
    dd 0x4D74, 0x9794
    dd 0x4D75, 0x9795
    dd 0x4D76, 0x9796
    dd 0x4D77, 0x9797
    dd 0x4D78, 0x9798
    dd 0x4D79, 0x9799
    dd 0x4D7A, 0x979A
    dd 0x4D7B, 0x979B
    dd 0x4D7C, 0x979C
    dd 0x4D7D, 0x979D
    dd 0x4D7E, 0x979E
    dd 0x4E21, 0x979F
    dd 0x4E22, 0x97A0
    dd 0x4E23, 0x97A1
    dd 0x4E24, 0x97A2
    dd 0x4E25, 0x97A3
    dd 0x4E26, 0x97A4
    dd 0x4E27, 0x97A5
    dd 0x4E28, 0x97A6
    dd 0x4E29, 0x97A7
    dd 0x4E2A, 0x97A8
    dd 0x4E2B, 0x97A9
    dd 0x4E2C, 0x97AA
    dd 0x4E2D, 0x97AB
    dd 0x4E2E, 0x97AC
    dd 0x4E2F, 0x97AD
    dd 0x4E30, 0x97AE
    dd 0x4E31, 0x97AF
    dd 0x4E32, 0x97B0
    dd 0x4E33, 0x97B1
    dd 0x4E34, 0x97B2
    dd 0x4E35, 0x97B3
    dd 0x4E36, 0x97B4
    dd 0x4E37, 0x97B5
    dd 0x4E38, 0x97B6
    dd 0x4E39, 0x97B7
    dd 0x4E3A, 0x97B8
    dd 0x4E3B, 0x97B9
    dd 0x4E3C, 0x97BA
    dd 0x4E3D, 0x97BB
    dd 0x4E3E, 0x97BC
    dd 0x4E3F, 0x97BD
    dd 0x4E40, 0x97BE
    dd 0x4E41, 0x97BF
    dd 0x4E42, 0x97C0
    dd 0x4E43, 0x97C1
    dd 0x4E44, 0x97C2
    dd 0x4E45, 0x97C3
    dd 0x4E46, 0x97C4
    dd 0x4E47, 0x97C5
    dd 0x4E48, 0x97C6
    dd 0x4E49, 0x97C7
    dd 0x4E4A, 0x97C8
    dd 0x4E4B, 0x97C9
    dd 0x4E4C, 0x97CA
    dd 0x4E4D, 0x97CB
    dd 0x4E4E, 0x97CC
    dd 0x4E4F, 0x97CD
    dd 0x4E50, 0x97CE
    dd 0x4E51, 0x97CF
    dd 0x4E52, 0x97D0
    dd 0x4E53, 0x97D1
    dd 0x4E54, 0x97D2
    dd 0x4E55, 0x97D3
    dd 0x4E56, 0x97D4
    dd 0x4E57, 0x97D5
    dd 0x4E58, 0x97D6
    dd 0x4E59, 0x97D7
    dd 0x4E5A, 0x97D8
    dd 0x4E5B, 0x97D9
    dd 0x4E5C, 0x97DA
    dd 0x4E5D, 0x97DB
    dd 0x4E5E, 0x97DC
    dd 0x4E5F, 0x97DD
    dd 0x4E60, 0x97DE
    dd 0x4E61, 0x97DF
    dd 0x4E62, 0x97E0
    dd 0x4E63, 0x97E1
    dd 0x4E64, 0x97E2
    dd 0x4E65, 0x97E3
    dd 0x4E66, 0x97E4
    dd 0x4E67, 0x97E5
    dd 0x4E68, 0x97E6
    dd 0x4E69, 0x97E7
    dd 0x4E6A, 0x97E8
    dd 0x4E6B, 0x97E9
    dd 0x4E6C, 0x97EA
    dd 0x4E6D, 0x97EB
    dd 0x4E6E, 0x97EC
    dd 0x4E6F, 0x97ED
    dd 0x4E70, 0x97EE
    dd 0x4E71, 0x97EF
    dd 0x4E72, 0x97F0
    dd 0x4E73, 0x97F1
    dd 0x4E74, 0x97F2
    dd 0x4E75, 0x97F3
    dd 0x4E76, 0x97F4
    dd 0x4E77, 0x97F5
    dd 0x4E78, 0x97F6
    dd 0x4E79, 0x97F7
    dd 0x4E7A, 0x97F8
    dd 0x4E7B, 0x97F9
    dd 0x4E7C, 0x97FA
    dd 0x4E7D, 0x97FB
    dd 0x4E7E, 0x97FC
    dd 0x4F21, 0x9840
    dd 0x4F22, 0x9841
    dd 0x4F23, 0x9842
    dd 0x4F24, 0x9843
    dd 0x4F25, 0x9844
    dd 0x4F26, 0x9845
    dd 0x4F27, 0x9846
    dd 0x4F28, 0x9847
    dd 0x4F29, 0x9848
    dd 0x4F2A, 0x9849
    dd 0x4F2B, 0x984A
    dd 0x4F2C, 0x984B
    dd 0x4F2D, 0x984C
    dd 0x4F2E, 0x984D
    dd 0x4F2F, 0x984E
    dd 0x4F30, 0x984F
    dd 0x4F31, 0x9850
    dd 0x4F32, 0x9851
    dd 0x4F33, 0x9852
    dd 0x4F34, 0x9853
    dd 0x4F35, 0x9854
    dd 0x4F36, 0x9855
    dd 0x4F37, 0x9856
    dd 0x4F38, 0x9857
    dd 0x4F39, 0x9858
    dd 0x4F3A, 0x9859
    dd 0x4F3B, 0x985A
    dd 0x4F3C, 0x985B
    dd 0x4F3D, 0x985C
    dd 0x4F3E, 0x985D
    dd 0x4F3F, 0x985E
    dd 0x4F40, 0x985F
    dd 0x4F41, 0x9860
    dd 0x4F42, 0x9861
    dd 0x4F43, 0x9862
    dd 0x4F44, 0x9863
    dd 0x4F45, 0x9864
    dd 0x4F46, 0x9865
    dd 0x4F47, 0x9866
    dd 0x4F48, 0x9867
    dd 0x4F49, 0x9868
    dd 0x4F4A, 0x9869
    dd 0x4F4B, 0x986A
    dd 0x4F4C, 0x986B
    dd 0x4F4D, 0x986C
    dd 0x4F4E, 0x986D
    dd 0x4F4F, 0x986E
    dd 0x4F50, 0x986F
    dd 0x4F51, 0x9870
    dd 0x4F52, 0x9871
    dd 0x4F53, 0x9872
    dd 0x5021, 0x989F
    dd 0x5022, 0x98A0
    dd 0x5023, 0x98A1
    dd 0x5024, 0x98A2
    dd 0x5025, 0x98A3
    dd 0x5026, 0x98A4
    dd 0x5027, 0x98A5
    dd 0x5028, 0x98A6
    dd 0x5029, 0x98A7
    dd 0x502A, 0x98A8
    dd 0x502B, 0x98A9
    dd 0x502C, 0x98AA
    dd 0x502D, 0x98AB
    dd 0x502E, 0x98AC
    dd 0x502F, 0x98AD
    dd 0x5030, 0x98AE
    dd 0x5031, 0x98AF
    dd 0x5032, 0x98B0
    dd 0x5033, 0x98B1
    dd 0x5034, 0x98B2
    dd 0x5035, 0x98B3
    dd 0x5036, 0x98B4
    dd 0x5037, 0x98B5
    dd 0x5038, 0x98B6
    dd 0x5039, 0x98B7
    dd 0x503A, 0x98B8
    dd 0x503B, 0x98B9
    dd 0x503C, 0x98BA
    dd 0x503D, 0x98BB
    dd 0x503E, 0x98BC
    dd 0x503F, 0x98BD
    dd 0x5040, 0x98BE
    dd 0x5041, 0x98BF
    dd 0x5042, 0x98C0
    dd 0x5043, 0x98C1
    dd 0x5044, 0x98C2
    dd 0x5045, 0x98C3
    dd 0x5046, 0x98C4
    dd 0x5047, 0x98C5
    dd 0x5048, 0x98C6
    dd 0x5049, 0x98C7
    dd 0x504A, 0x98C8
    dd 0x504B, 0x98C9
    dd 0x504C, 0x98CA
    dd 0x504D, 0x98CB
    dd 0x504E, 0x98CC
    dd 0x504F, 0x98CD
    dd 0x5050, 0x98CE
    dd 0x5051, 0x98CF
    dd 0x5052, 0x98D0
    dd 0x5053, 0x98D1
    dd 0x5054, 0x98D2
    dd 0x5055, 0x98D3
    dd 0x5056, 0x98D4
    dd 0x5057, 0x98D5
    dd 0x5058, 0x98D6
    dd 0x5059, 0x98D7
    dd 0x505A, 0x98D8
    dd 0x505B, 0x98D9
    dd 0x505C, 0x98DA
    dd 0x505D, 0x98DB
    dd 0x505E, 0x98DC
    dd 0x505F, 0x98DD
    dd 0x5060, 0x98DE
    dd 0x5061, 0x98DF
    dd 0x5062, 0x98E0
    dd 0x5063, 0x98E1
    dd 0x5064, 0x98E2
    dd 0x5065, 0x98E3
    dd 0x5066, 0x98E4
    dd 0x5067, 0x98E5
    dd 0x5068, 0x98E6
    dd 0x5069, 0x98E7
    dd 0x506A, 0x98E8
    dd 0x506B, 0x98E9
    dd 0x506C, 0x98EA
    dd 0x506D, 0x98EB
    dd 0x506E, 0x98EC
    dd 0x506F, 0x98ED
    dd 0x5070, 0x98EE
    dd 0x5071, 0x98EF
    dd 0x5072, 0x98F0
    dd 0x5073, 0x98F1
    dd 0x5074, 0x98F2
    dd 0x5075, 0x98F3
    dd 0x5076, 0x98F4
    dd 0x5077, 0x98F5
    dd 0x5078, 0x98F6
    dd 0x5079, 0x98F7
    dd 0x507A, 0x98F8
    dd 0x507B, 0x98F9
    dd 0x507C, 0x98FA
    dd 0x507D, 0x98FB
    dd 0x507E, 0x98FC
    dd 0x5121, 0x9940
    dd 0x5122, 0x9941
    dd 0x5123, 0x9942
    dd 0x5124, 0x9943
    dd 0x5125, 0x9944
    dd 0x5126, 0x9945
    dd 0x5127, 0x9946
    dd 0x5128, 0x9947
    dd 0x5129, 0x9948
    dd 0x512A, 0x9949
    dd 0x512B, 0x994A
    dd 0x512C, 0x994B
    dd 0x512D, 0x994C
    dd 0x512E, 0x994D
    dd 0x512F, 0x994E
    dd 0x5130, 0x994F
    dd 0x5131, 0x9950
    dd 0x5132, 0x9951
    dd 0x5133, 0x9952
    dd 0x5134, 0x9953
    dd 0x5135, 0x9954
    dd 0x5136, 0x9955
    dd 0x5137, 0x9956
    dd 0x5138, 0x9957
    dd 0x5139, 0x9958
    dd 0x513A, 0x9959
    dd 0x513B, 0x995A
    dd 0x513C, 0x995B
    dd 0x513D, 0x995C
    dd 0x513E, 0x995D
    dd 0x513F, 0x995E
    dd 0x5140, 0x995F
    dd 0x5141, 0x9960
    dd 0x5142, 0x9961
    dd 0x5143, 0x9962
    dd 0x5144, 0x9963
    dd 0x5145, 0x9964
    dd 0x5146, 0x9965
    dd 0x5147, 0x9966
    dd 0x5148, 0x9967
    dd 0x5149, 0x9968
    dd 0x514A, 0x9969
    dd 0x514B, 0x996A
    dd 0x514C, 0x996B
    dd 0x514D, 0x996C
    dd 0x514E, 0x996D
    dd 0x514F, 0x996E
    dd 0x5150, 0x996F
    dd 0x5151, 0x9970
    dd 0x5152, 0x9971
    dd 0x5153, 0x9972
    dd 0x5154, 0x9973
    dd 0x5155, 0x9974
    dd 0x5156, 0x9975
    dd 0x5157, 0x9976
    dd 0x5158, 0x9977
    dd 0x5159, 0x9978
    dd 0x515A, 0x9979
    dd 0x515B, 0x997A
    dd 0x515C, 0x997B
    dd 0x515D, 0x997C
    dd 0x515E, 0x997D
    dd 0x515F, 0x997E
    dd 0x5160, 0x9980
    dd 0x5161, 0x9981
    dd 0x5162, 0x9982
    dd 0x5163, 0x9983
    dd 0x5164, 0x9984
    dd 0x5165, 0x9985
    dd 0x5166, 0x9986
    dd 0x5167, 0x9987
    dd 0x5168, 0x9988
    dd 0x5169, 0x9989
    dd 0x516A, 0x998A
    dd 0x516B, 0x998B
    dd 0x516C, 0x998C
    dd 0x516D, 0x998D
    dd 0x516E, 0x998E
    dd 0x516F, 0x998F
    dd 0x5170, 0x9990
    dd 0x5171, 0x9991
    dd 0x5172, 0x9992
    dd 0x5173, 0x9993
    dd 0x5174, 0x9994
    dd 0x5175, 0x9995
    dd 0x5176, 0x9996
    dd 0x5177, 0x9997
    dd 0x5178, 0x9998
    dd 0x5179, 0x9999
    dd 0x517A, 0x999A
    dd 0x517B, 0x999B
    dd 0x517C, 0x999C
    dd 0x517D, 0x999D
    dd 0x517E, 0x999E
    dd 0x5221, 0x999F
    dd 0x5222, 0x99A0
    dd 0x5223, 0x99A1
    dd 0x5224, 0x99A2
    dd 0x5225, 0x99A3
    dd 0x5226, 0x99A4
    dd 0x5227, 0x99A5
    dd 0x5228, 0x99A6
    dd 0x5229, 0x99A7
    dd 0x522A, 0x99A8
    dd 0x522B, 0x99A9
    dd 0x522C, 0x99AA
    dd 0x522D, 0x99AB
    dd 0x522E, 0x99AC
    dd 0x522F, 0x99AD
    dd 0x5230, 0x99AE
    dd 0x5231, 0x99AF
    dd 0x5232, 0x99B0
    dd 0x5233, 0x99B1
    dd 0x5234, 0x99B2
    dd 0x5235, 0x99B3
    dd 0x5236, 0x99B4
    dd 0x5237, 0x99B5
    dd 0x5238, 0x99B6
    dd 0x5239, 0x99B7
    dd 0x523A, 0x99B8
    dd 0x523B, 0x99B9
    dd 0x523C, 0x99BA
    dd 0x523D, 0x99BB
    dd 0x523E, 0x99BC
    dd 0x523F, 0x99BD
    dd 0x5240, 0x99BE
    dd 0x5241, 0x99BF
    dd 0x5242, 0x99C0
    dd 0x5243, 0x99C1
    dd 0x5244, 0x99C2
    dd 0x5245, 0x99C3
    dd 0x5246, 0x99C4
    dd 0x5247, 0x99C5
    dd 0x5248, 0x99C6
    dd 0x5249, 0x99C7
    dd 0x524A, 0x99C8
    dd 0x524B, 0x99C9
    dd 0x524C, 0x99CA
    dd 0x524D, 0x99CB
    dd 0x524E, 0x99CC
    dd 0x524F, 0x99CD
    dd 0x5250, 0x99CE
    dd 0x5251, 0x99CF
    dd 0x5252, 0x99D0
    dd 0x5253, 0x99D1
    dd 0x5254, 0x99D2
    dd 0x5255, 0x99D3
    dd 0x5256, 0x99D4
    dd 0x5257, 0x99D5
    dd 0x5258, 0x99D6
    dd 0x5259, 0x99D7
    dd 0x525A, 0x99D8
    dd 0x525B, 0x99D9
    dd 0x525C, 0x99DA
    dd 0x525D, 0x99DB
    dd 0x525E, 0x99DC
    dd 0x525F, 0x99DD
    dd 0x5260, 0x99DE
    dd 0x5261, 0x99DF
    dd 0x5262, 0x99E0
    dd 0x5263, 0x99E1
    dd 0x5264, 0x99E2
    dd 0x5265, 0x99E3
    dd 0x5266, 0x99E4
    dd 0x5267, 0x99E5
    dd 0x5268, 0x99E6
    dd 0x5269, 0x99E7
    dd 0x526A, 0x99E8
    dd 0x526B, 0x99E9
    dd 0x526C, 0x99EA
    dd 0x526D, 0x99EB
    dd 0x526E, 0x99EC
    dd 0x526F, 0x99ED
    dd 0x5270, 0x99EE
    dd 0x5271, 0x99EF
    dd 0x5272, 0x99F0
    dd 0x5273, 0x99F1
    dd 0x5274, 0x99F2
    dd 0x5275, 0x99F3
    dd 0x5276, 0x99F4
    dd 0x5277, 0x99F5
    dd 0x5278, 0x99F6
    dd 0x5279, 0x99F7
    dd 0x527A, 0x99F8
    dd 0x527B, 0x99F9
    dd 0x527C, 0x99FA
    dd 0x527D, 0x99FB
    dd 0x527E, 0x99FC
    dd 0x5321, 0x9A40
    dd 0x5322, 0x9A41
    dd 0x5323, 0x9A42
    dd 0x5324, 0x9A43
    dd 0x5325, 0x9A44
    dd 0x5326, 0x9A45
    dd 0x5327, 0x9A46
    dd 0x5328, 0x9A47
    dd 0x5329, 0x9A48
    dd 0x532A, 0x9A49
    dd 0x532B, 0x9A4A
    dd 0x532C, 0x9A4B
    dd 0x532D, 0x9A4C
    dd 0x532E, 0x9A4D
    dd 0x532F, 0x9A4E
    dd 0x5330, 0x9A4F
    dd 0x5331, 0x9A50
    dd 0x5332, 0x9A51
    dd 0x5333, 0x9A52
    dd 0x5334, 0x9A53
    dd 0x5335, 0x9A54
    dd 0x5336, 0x9A55
    dd 0x5337, 0x9A56
    dd 0x5338, 0x9A57
    dd 0x5339, 0x9A58
    dd 0x533A, 0x9A59
    dd 0x533B, 0x9A5A
    dd 0x533C, 0x9A5B
    dd 0x533D, 0x9A5C
    dd 0x533E, 0x9A5D
    dd 0x533F, 0x9A5E
    dd 0x5340, 0x9A5F
    dd 0x5341, 0x9A60
    dd 0x5342, 0x9A61
    dd 0x5343, 0x9A62
    dd 0x5344, 0x9A63
    dd 0x5345, 0x9A64
    dd 0x5346, 0x9A65
    dd 0x5347, 0x9A66
    dd 0x5348, 0x9A67
    dd 0x5349, 0x9A68
    dd 0x534A, 0x9A69
    dd 0x534B, 0x9A6A
    dd 0x534C, 0x9A6B
    dd 0x534D, 0x9A6C
    dd 0x534E, 0x9A6D
    dd 0x534F, 0x9A6E
    dd 0x5350, 0x9A6F
    dd 0x5351, 0x9A70
    dd 0x5352, 0x9A71
    dd 0x5353, 0x9A72
    dd 0x5354, 0x9A73
    dd 0x5355, 0x9A74
    dd 0x5356, 0x9A75
    dd 0x5357, 0x9A76
    dd 0x5358, 0x9A77
    dd 0x5359, 0x9A78
    dd 0x535A, 0x9A79
    dd 0x535B, 0x9A7A
    dd 0x535C, 0x9A7B
    dd 0x535D, 0x9A7C
    dd 0x535E, 0x9A7D
    dd 0x535F, 0x9A7E
    dd 0x5360, 0x9A80
    dd 0x5361, 0x9A81
    dd 0x5362, 0x9A82
    dd 0x5363, 0x9A83
    dd 0x5364, 0x9A84
    dd 0x5365, 0x9A85
    dd 0x5366, 0x9A86
    dd 0x5367, 0x9A87
    dd 0x5368, 0x9A88
    dd 0x5369, 0x9A89
    dd 0x536A, 0x9A8A
    dd 0x536B, 0x9A8B
    dd 0x536C, 0x9A8C
    dd 0x536D, 0x9A8D
    dd 0x536E, 0x9A8E
    dd 0x536F, 0x9A8F
    dd 0x5370, 0x9A90
    dd 0x5371, 0x9A91
    dd 0x5372, 0x9A92
    dd 0x5373, 0x9A93
    dd 0x5374, 0x9A94
    dd 0x5375, 0x9A95
    dd 0x5376, 0x9A96
    dd 0x5377, 0x9A97
    dd 0x5378, 0x9A98
    dd 0x5379, 0x9A99
    dd 0x537A, 0x9A9A
    dd 0x537B, 0x9A9B
    dd 0x537C, 0x9A9C
    dd 0x537D, 0x9A9D
    dd 0x537E, 0x9A9E
    dd 0x5421, 0x9A9F
    dd 0x5422, 0x9AA0
    dd 0x5423, 0x9AA1
    dd 0x5424, 0x9AA2
    dd 0x5425, 0x9AA3
    dd 0x5426, 0x9AA4
    dd 0x5427, 0x9AA5
    dd 0x5428, 0x9AA6
    dd 0x5429, 0x9AA7
    dd 0x542A, 0x9AA8
    dd 0x542B, 0x9AA9
    dd 0x542C, 0x9AAA
    dd 0x542D, 0x9AAB
    dd 0x542E, 0x9AAC
    dd 0x542F, 0x9AAD
    dd 0x5430, 0x9AAE
    dd 0x5431, 0x9AAF
    dd 0x5432, 0x9AB0
    dd 0x5433, 0x9AB1
    dd 0x5434, 0x9AB2
    dd 0x5435, 0x9AB3
    dd 0x5436, 0x9AB4
    dd 0x5437, 0x9AB5
    dd 0x5438, 0x9AB6
    dd 0x5439, 0x9AB7
    dd 0x543A, 0x9AB8
    dd 0x543B, 0x9AB9
    dd 0x543C, 0x9ABA
    dd 0x543D, 0x9ABB
    dd 0x543E, 0x9ABC
    dd 0x543F, 0x9ABD
    dd 0x5440, 0x9ABE
    dd 0x5441, 0x9ABF
    dd 0x5442, 0x9AC0
    dd 0x5443, 0x9AC1
    dd 0x5444, 0x9AC2
    dd 0x5445, 0x9AC3
    dd 0x5446, 0x9AC4
    dd 0x5447, 0x9AC5
    dd 0x5448, 0x9AC6
    dd 0x5449, 0x9AC7
    dd 0x544A, 0x9AC8
    dd 0x544B, 0x9AC9
    dd 0x544C, 0x9ACA
    dd 0x544D, 0x9ACB
    dd 0x544E, 0x9ACC
    dd 0x544F, 0x9ACD
    dd 0x5450, 0x9ACE
    dd 0x5451, 0x9ACF
    dd 0x5452, 0x9AD0
    dd 0x5453, 0x9AD1
    dd 0x5454, 0x9AD2
    dd 0x5455, 0x9AD3
    dd 0x5456, 0x9AD4
    dd 0x5457, 0x9AD5
    dd 0x5458, 0x9AD6
    dd 0x5459, 0x9AD7
    dd 0x545A, 0x9AD8
    dd 0x545B, 0x9AD9
    dd 0x545C, 0x9ADA
    dd 0x545D, 0x9ADB
    dd 0x545E, 0x9ADC
    dd 0x545F, 0x9ADD
    dd 0x5460, 0x9ADE
    dd 0x5461, 0x9ADF
    dd 0x5462, 0x9AE0
    dd 0x5463, 0x9AE1
    dd 0x5464, 0x9AE2
    dd 0x5465, 0x9AE3
    dd 0x5466, 0x9AE4
    dd 0x5467, 0x9AE5
    dd 0x5468, 0x9AE6
    dd 0x5469, 0x9AE7
    dd 0x546A, 0x9AE8
    dd 0x546B, 0x9AE9
    dd 0x546C, 0x9AEA
    dd 0x546D, 0x9AEB
    dd 0x546E, 0x9AEC
    dd 0x546F, 0x9AED
    dd 0x5470, 0x9AEE
    dd 0x5471, 0x9AEF
    dd 0x5472, 0x9AF0
    dd 0x5473, 0x9AF1
    dd 0x5474, 0x9AF2
    dd 0x5475, 0x9AF3
    dd 0x5476, 0x9AF4
    dd 0x5477, 0x9AF5
    dd 0x5478, 0x9AF6
    dd 0x5479, 0x9AF7
    dd 0x547A, 0x9AF8
    dd 0x547B, 0x9AF9
    dd 0x547C, 0x9AFA
    dd 0x547D, 0x9AFB
    dd 0x547E, 0x9AFC
    dd 0x5521, 0x9B40
    dd 0x5522, 0x9B41
    dd 0x5523, 0x9B42
    dd 0x5524, 0x9B43
    dd 0x5525, 0x9B44
    dd 0x5526, 0x9B45
    dd 0x5527, 0x9B46
    dd 0x5528, 0x9B47
    dd 0x5529, 0x9B48
    dd 0x552A, 0x9B49
    dd 0x552B, 0x9B4A
    dd 0x552C, 0x9B4B
    dd 0x552D, 0x9B4C
    dd 0x552E, 0x9B4D
    dd 0x552F, 0x9B4E
    dd 0x5530, 0x9B4F
    dd 0x5531, 0x9B50
    dd 0x5532, 0x9B51
    dd 0x5533, 0x9B52
    dd 0x5534, 0x9B53
    dd 0x5535, 0x9B54
    dd 0x5536, 0x9B55
    dd 0x5537, 0x9B56
    dd 0x5538, 0x9B57
    dd 0x5539, 0x9B58
    dd 0x553A, 0x9B59
    dd 0x553B, 0x9B5A
    dd 0x553C, 0x9B5B
    dd 0x553D, 0x9B5C
    dd 0x553E, 0x9B5D
    dd 0x553F, 0x9B5E
    dd 0x5540, 0x9B5F
    dd 0x5541, 0x9B60
    dd 0x5542, 0x9B61
    dd 0x5543, 0x9B62
    dd 0x5544, 0x9B63
    dd 0x5545, 0x9B64
    dd 0x5546, 0x9B65
    dd 0x5547, 0x9B66
    dd 0x5548, 0x9B67
    dd 0x5549, 0x9B68
    dd 0x554A, 0x9B69
    dd 0x554B, 0x9B6A
    dd 0x554C, 0x9B6B
    dd 0x554D, 0x9B6C
    dd 0x554E, 0x9B6D
    dd 0x554F, 0x9B6E
    dd 0x5550, 0x9B6F
    dd 0x5551, 0x9B70
    dd 0x5552, 0x9B71
    dd 0x5553, 0x9B72
    dd 0x5554, 0x9B73
    dd 0x5555, 0x9B74
    dd 0x5556, 0x9B75
    dd 0x5557, 0x9B76
    dd 0x5558, 0x9B77
    dd 0x5559, 0x9B78
    dd 0x555A, 0x9B79
    dd 0x555B, 0x9B7A
    dd 0x555C, 0x9B7B
    dd 0x555D, 0x9B7C
    dd 0x555E, 0x9B7D
    dd 0x555F, 0x9B7E
    dd 0x5560, 0x9B80
    dd 0x5561, 0x9B81
    dd 0x5562, 0x9B82
    dd 0x5563, 0x9B83
    dd 0x5564, 0x9B84
    dd 0x5565, 0x9B85
    dd 0x5566, 0x9B86
    dd 0x5567, 0x9B87
    dd 0x5568, 0x9B88
    dd 0x5569, 0x9B89
    dd 0x556A, 0x9B8A
    dd 0x556B, 0x9B8B
    dd 0x556C, 0x9B8C
    dd 0x556D, 0x9B8D
    dd 0x556E, 0x9B8E
    dd 0x556F, 0x9B8F
    dd 0x5570, 0x9B90
    dd 0x5571, 0x9B91
    dd 0x5572, 0x9B92
    dd 0x5573, 0x9B93
    dd 0x5574, 0x9B94
    dd 0x5575, 0x9B95
    dd 0x5576, 0x9B96
    dd 0x5577, 0x9B97
    dd 0x5578, 0x9B98
    dd 0x5579, 0x9B99
    dd 0x557A, 0x9B9A
    dd 0x557B, 0x9B9B
    dd 0x557C, 0x9B9C
    dd 0x557D, 0x9B9D
    dd 0x557E, 0x9B9E
    dd 0x5621, 0x9B9F
    dd 0x5622, 0x9BA0
    dd 0x5623, 0x9BA1
    dd 0x5624, 0x9BA2
    dd 0x5625, 0x9BA3
    dd 0x5626, 0x9BA4
    dd 0x5627, 0x9BA5
    dd 0x5628, 0x9BA6
    dd 0x5629, 0x9BA7
    dd 0x562A, 0x9BA8
    dd 0x562B, 0x9BA9
    dd 0x562C, 0x9BAA
    dd 0x562D, 0x9BAB
    dd 0x562E, 0x9BAC
    dd 0x562F, 0x9BAD
    dd 0x5630, 0x9BAE
    dd 0x5631, 0x9BAF
    dd 0x5632, 0x9BB0
    dd 0x5633, 0x9BB1
    dd 0x5634, 0x9BB2
    dd 0x5635, 0x9BB3
    dd 0x5636, 0x9BB4
    dd 0x5637, 0x9BB5
    dd 0x5638, 0x9BB6
    dd 0x5639, 0x9BB7
    dd 0x563A, 0x9BB8
    dd 0x563B, 0x9BB9
    dd 0x563C, 0x9BBA
    dd 0x563D, 0x9BBB
    dd 0x563E, 0x9BBC
    dd 0x563F, 0x9BBD
    dd 0x5640, 0x9BBE
    dd 0x5641, 0x9BBF
    dd 0x5642, 0x9BC0
    dd 0x5643, 0x9BC1
    dd 0x5644, 0x9BC2
    dd 0x5645, 0x9BC3
    dd 0x5646, 0x9BC4
    dd 0x5647, 0x9BC5
    dd 0x5648, 0x9BC6
    dd 0x5649, 0x9BC7
    dd 0x564A, 0x9BC8
    dd 0x564B, 0x9BC9
    dd 0x564C, 0x9BCA
    dd 0x564D, 0x9BCB
    dd 0x564E, 0x9BCC
    dd 0x564F, 0x9BCD
    dd 0x5650, 0x9BCE
    dd 0x5651, 0x9BCF
    dd 0x5652, 0x9BD0
    dd 0x5653, 0x9BD1
    dd 0x5654, 0x9BD2
    dd 0x5655, 0x9BD3
    dd 0x5656, 0x9BD4
    dd 0x5657, 0x9BD5
    dd 0x5658, 0x9BD6
    dd 0x5659, 0x9BD7
    dd 0x565A, 0x9BD8
    dd 0x565B, 0x9BD9
    dd 0x565C, 0x9BDA
    dd 0x565D, 0x9BDB
    dd 0x565E, 0x9BDC
    dd 0x565F, 0x9BDD
    dd 0x5660, 0x9BDE
    dd 0x5661, 0x9BDF
    dd 0x5662, 0x9BE0
    dd 0x5663, 0x9BE1
    dd 0x5664, 0x9BE2
    dd 0x5665, 0x9BE3
    dd 0x5666, 0x9BE4
    dd 0x5667, 0x9BE5
    dd 0x5668, 0x9BE6
    dd 0x5669, 0x9BE7
    dd 0x566A, 0x9BE8
    dd 0x566B, 0x9BE9
    dd 0x566C, 0x9BEA
    dd 0x566D, 0x9BEB
    dd 0x566E, 0x9BEC
    dd 0x566F, 0x9BED
    dd 0x5670, 0x9BEE
    dd 0x5671, 0x9BEF
    dd 0x5672, 0x9BF0
    dd 0x5673, 0x9BF1
    dd 0x5674, 0x9BF2
    dd 0x5675, 0x9BF3
    dd 0x5676, 0x9BF4
    dd 0x5677, 0x9BF5
    dd 0x5678, 0x9BF6
    dd 0x5679, 0x9BF7
    dd 0x567A, 0x9BF8
    dd 0x567B, 0x9BF9
    dd 0x567C, 0x9BFA
    dd 0x567D, 0x9BFB
    dd 0x567E, 0x9BFC
    dd 0x5721, 0x9C40
    dd 0x5722, 0x9C41
    dd 0x5723, 0x9C42
    dd 0x5724, 0x9C43
    dd 0x5725, 0x9C44
    dd 0x5726, 0x9C45
    dd 0x5727, 0x9C46
    dd 0x5728, 0x9C47
    dd 0x5729, 0x9C48
    dd 0x572A, 0x9C49
    dd 0x572B, 0x9C4A
    dd 0x572C, 0x9C4B
    dd 0x572D, 0x9C4C
    dd 0x572E, 0x9C4D
    dd 0x572F, 0x9C4E
    dd 0x5730, 0x9C4F
    dd 0x5731, 0x9C50
    dd 0x5732, 0x9C51
    dd 0x5733, 0x9C52
    dd 0x5734, 0x9C53
    dd 0x5735, 0x9C54
    dd 0x5736, 0x9C55
    dd 0x5737, 0x9C56
    dd 0x5738, 0x9C57
    dd 0x5739, 0x9C58
    dd 0x573A, 0x9C59
    dd 0x573B, 0x9C5A
    dd 0x573C, 0x9C5B
    dd 0x573D, 0x9C5C
    dd 0x573E, 0x9C5D
    dd 0x573F, 0x9C5E
    dd 0x5740, 0x9C5F
    dd 0x5741, 0x9C60
    dd 0x5742, 0x9C61
    dd 0x5743, 0x9C62
    dd 0x5744, 0x9C63
    dd 0x5745, 0x9C64
    dd 0x5746, 0x9C65
    dd 0x5747, 0x9C66
    dd 0x5748, 0x9C67
    dd 0x5749, 0x9C68
    dd 0x574A, 0x9C69
    dd 0x574B, 0x9C6A
    dd 0x574C, 0x9C6B
    dd 0x574D, 0x9C6C
    dd 0x574E, 0x9C6D
    dd 0x574F, 0x9C6E
    dd 0x5750, 0x9C6F
    dd 0x5751, 0x9C70
    dd 0x5752, 0x9C71
    dd 0x5753, 0x9C72
    dd 0x5754, 0x9C73
    dd 0x5755, 0x9C74
    dd 0x5756, 0x9C75
    dd 0x5757, 0x9C76
    dd 0x5758, 0x9C77
    dd 0x5759, 0x9C78
    dd 0x575A, 0x9C79
    dd 0x575B, 0x9C7A
    dd 0x575C, 0x9C7B
    dd 0x575D, 0x9C7C
    dd 0x575E, 0x9C7D
    dd 0x575F, 0x9C7E
    dd 0x5760, 0x9C80
    dd 0x5761, 0x9C81
    dd 0x5762, 0x9C82
    dd 0x5763, 0x9C83
    dd 0x5764, 0x9C84
    dd 0x5765, 0x9C85
    dd 0x5766, 0x9C86
    dd 0x5767, 0x9C87
    dd 0x5768, 0x9C88
    dd 0x5769, 0x9C89
    dd 0x576A, 0x9C8A
    dd 0x576B, 0x9C8B
    dd 0x576C, 0x9C8C
    dd 0x576D, 0x9C8D
    dd 0x576E, 0x9C8E
    dd 0x576F, 0x9C8F
    dd 0x5770, 0x9C90
    dd 0x5771, 0x9C91
    dd 0x5772, 0x9C92
    dd 0x5773, 0x9C93
    dd 0x5774, 0x9C94
    dd 0x5775, 0x9C95
    dd 0x5776, 0x9C96
    dd 0x5777, 0x9C97
    dd 0x5778, 0x9C98
    dd 0x5779, 0x9C99
    dd 0x577A, 0x9C9A
    dd 0x577B, 0x9C9B
    dd 0x577C, 0x9C9C
    dd 0x577D, 0x9C9D
    dd 0x577E, 0x9C9E
    dd 0x5821, 0x9C9F
    dd 0x5822, 0x9CA0
    dd 0x5823, 0x9CA1
    dd 0x5824, 0x9CA2
    dd 0x5825, 0x9CA3
    dd 0x5826, 0x9CA4
    dd 0x5827, 0x9CA5
    dd 0x5828, 0x9CA6
    dd 0x5829, 0x9CA7
    dd 0x582A, 0x9CA8
    dd 0x582B, 0x9CA9
    dd 0x582C, 0x9CAA
    dd 0x582D, 0x9CAB
    dd 0x582E, 0x9CAC
    dd 0x582F, 0x9CAD
    dd 0x5830, 0x9CAE
    dd 0x5831, 0x9CAF
    dd 0x5832, 0x9CB0
    dd 0x5833, 0x9CB1
    dd 0x5834, 0x9CB2
    dd 0x5835, 0x9CB3
    dd 0x5836, 0x9CB4
    dd 0x5837, 0x9CB5
    dd 0x5838, 0x9CB6
    dd 0x5839, 0x9CB7
    dd 0x583A, 0x9CB8
    dd 0x583B, 0x9CB9
    dd 0x583C, 0x9CBA
    dd 0x583D, 0x9CBB
    dd 0x583E, 0x9CBC
    dd 0x583F, 0x9CBD
    dd 0x5840, 0x9CBE
    dd 0x5841, 0x9CBF
    dd 0x5842, 0x9CC0
    dd 0x5843, 0x9CC1
    dd 0x5844, 0x9CC2
    dd 0x5845, 0x9CC3
    dd 0x5846, 0x9CC4
    dd 0x5847, 0x9CC5
    dd 0x5848, 0x9CC6
    dd 0x5849, 0x9CC7
    dd 0x584A, 0x9CC8
    dd 0x584B, 0x9CC9
    dd 0x584C, 0x9CCA
    dd 0x584D, 0x9CCB
    dd 0x584E, 0x9CCC
    dd 0x584F, 0x9CCD
    dd 0x5850, 0x9CCE
    dd 0x5851, 0x9CCF
    dd 0x5852, 0x9CD0
    dd 0x5853, 0x9CD1
    dd 0x5854, 0x9CD2
    dd 0x5855, 0x9CD3
    dd 0x5856, 0x9CD4
    dd 0x5857, 0x9CD5
    dd 0x5858, 0x9CD6
    dd 0x5859, 0x9CD7
    dd 0x585A, 0x9CD8
    dd 0x585B, 0x9CD9
    dd 0x585C, 0x9CDA
    dd 0x585D, 0x9CDB
    dd 0x585E, 0x9CDC
    dd 0x585F, 0x9CDD
    dd 0x5860, 0x9CDE
    dd 0x5861, 0x9CDF
    dd 0x5862, 0x9CE0
    dd 0x5863, 0x9CE1
    dd 0x5864, 0x9CE2
    dd 0x5865, 0x9CE3
    dd 0x5866, 0x9CE4
    dd 0x5867, 0x9CE5
    dd 0x5868, 0x9CE6
    dd 0x5869, 0x9CE7
    dd 0x586A, 0x9CE8
    dd 0x586B, 0x9CE9
    dd 0x586C, 0x9CEA
    dd 0x586D, 0x9CEB
    dd 0x586E, 0x9CEC
    dd 0x586F, 0x9CED
    dd 0x5870, 0x9CEE
    dd 0x5871, 0x9CEF
    dd 0x5872, 0x9CF0
    dd 0x5873, 0x9CF1
    dd 0x5874, 0x9CF2
    dd 0x5875, 0x9CF3
    dd 0x5876, 0x9CF4
    dd 0x5877, 0x9CF5
    dd 0x5878, 0x9CF6
    dd 0x5879, 0x9CF7
    dd 0x587A, 0x9CF8
    dd 0x587B, 0x9CF9
    dd 0x587C, 0x9CFA
    dd 0x587D, 0x9CFB
    dd 0x587E, 0x9CFC
    dd 0x5921, 0x9D40
    dd 0x5922, 0x9D41
    dd 0x5923, 0x9D42
    dd 0x5924, 0x9D43
    dd 0x5925, 0x9D44
    dd 0x5926, 0x9D45
    dd 0x5927, 0x9D46
    dd 0x5928, 0x9D47
    dd 0x5929, 0x9D48
    dd 0x592A, 0x9D49
    dd 0x592B, 0x9D4A
    dd 0x592C, 0x9D4B
    dd 0x592D, 0x9D4C
    dd 0x592E, 0x9D4D
    dd 0x592F, 0x9D4E
    dd 0x5930, 0x9D4F
    dd 0x5931, 0x9D50
    dd 0x5932, 0x9D51
    dd 0x5933, 0x9D52
    dd 0x5934, 0x9D53
    dd 0x5935, 0x9D54
    dd 0x5936, 0x9D55
    dd 0x5937, 0x9D56
    dd 0x5938, 0x9D57
    dd 0x5939, 0x9D58
    dd 0x593A, 0x9D59
    dd 0x593B, 0x9D5A
    dd 0x593C, 0x9D5B
    dd 0x593D, 0x9D5C
    dd 0x593E, 0x9D5D
    dd 0x593F, 0x9D5E
    dd 0x5940, 0x9D5F
    dd 0x5941, 0x9D60
    dd 0x5942, 0x9D61
    dd 0x5943, 0x9D62
    dd 0x5944, 0x9D63
    dd 0x5945, 0x9D64
    dd 0x5946, 0x9D65
    dd 0x5947, 0x9D66
    dd 0x5948, 0x9D67
    dd 0x5949, 0x9D68
    dd 0x594A, 0x9D69
    dd 0x594B, 0x9D6A
    dd 0x594C, 0x9D6B
    dd 0x594D, 0x9D6C
    dd 0x594E, 0x9D6D
    dd 0x594F, 0x9D6E
    dd 0x5950, 0x9D6F
    dd 0x5951, 0x9D70
    dd 0x5952, 0x9D71
    dd 0x5953, 0x9D72
    dd 0x5954, 0x9D73
    dd 0x5955, 0x9D74
    dd 0x5956, 0x9D75
    dd 0x5957, 0x9D76
    dd 0x5958, 0x9D77
    dd 0x5959, 0x9D78
    dd 0x595A, 0x9D79
    dd 0x595B, 0x9D7A
    dd 0x595C, 0x9D7B
    dd 0x595D, 0x9D7C
    dd 0x595E, 0x9D7D
    dd 0x595F, 0x9D7E
    dd 0x5960, 0x9D80
    dd 0x5961, 0x9D81
    dd 0x5962, 0x9D82
    dd 0x5963, 0x9D83
    dd 0x5964, 0x9D84
    dd 0x5965, 0x9D85
    dd 0x5966, 0x9D86
    dd 0x5967, 0x9D87
    dd 0x5968, 0x9D88
    dd 0x5969, 0x9D89
    dd 0x596A, 0x9D8A
    dd 0x596B, 0x9D8B
    dd 0x596C, 0x9D8C
    dd 0x596D, 0x9D8D
    dd 0x596E, 0x9D8E
    dd 0x596F, 0x9D8F
    dd 0x5970, 0x9D90
    dd 0x5971, 0x9D91
    dd 0x5972, 0x9D92
    dd 0x5973, 0x9D93
    dd 0x5974, 0x9D94
    dd 0x5975, 0x9D95
    dd 0x5976, 0x9D96
    dd 0x5977, 0x9D97
    dd 0x5978, 0x9D98
    dd 0x5979, 0x9D99
    dd 0x597A, 0x9D9A
    dd 0x597B, 0x9D9B
    dd 0x597C, 0x9D9C
    dd 0x597D, 0x9D9D
    dd 0x597E, 0x9D9E
    dd 0x5A21, 0x9D9F
    dd 0x5A22, 0x9DA0
    dd 0x5A23, 0x9DA1
    dd 0x5A24, 0x9DA2
    dd 0x5A25, 0x9DA3
    dd 0x5A26, 0x9DA4
    dd 0x5A27, 0x9DA5
    dd 0x5A28, 0x9DA6
    dd 0x5A29, 0x9DA7
    dd 0x5A2A, 0x9DA8
    dd 0x5A2B, 0x9DA9
    dd 0x5A2C, 0x9DAA
    dd 0x5A2D, 0x9DAB
    dd 0x5A2E, 0x9DAC
    dd 0x5A2F, 0x9DAD
    dd 0x5A30, 0x9DAE
    dd 0x5A31, 0x9DAF
    dd 0x5A32, 0x9DB0
    dd 0x5A33, 0x9DB1
    dd 0x5A34, 0x9DB2
    dd 0x5A35, 0x9DB3
    dd 0x5A36, 0x9DB4
    dd 0x5A37, 0x9DB5
    dd 0x5A38, 0x9DB6
    dd 0x5A39, 0x9DB7
    dd 0x5A3A, 0x9DB8
    dd 0x5A3B, 0x9DB9
    dd 0x5A3C, 0x9DBA
    dd 0x5A3D, 0x9DBB
    dd 0x5A3E, 0x9DBC
    dd 0x5A3F, 0x9DBD
    dd 0x5A40, 0x9DBE
    dd 0x5A41, 0x9DBF
    dd 0x5A42, 0x9DC0
    dd 0x5A43, 0x9DC1
    dd 0x5A44, 0x9DC2
    dd 0x5A45, 0x9DC3
    dd 0x5A46, 0x9DC4
    dd 0x5A47, 0x9DC5
    dd 0x5A48, 0x9DC6
    dd 0x5A49, 0x9DC7
    dd 0x5A4A, 0x9DC8
    dd 0x5A4B, 0x9DC9
    dd 0x5A4C, 0x9DCA
    dd 0x5A4D, 0x9DCB
    dd 0x5A4E, 0x9DCC
    dd 0x5A4F, 0x9DCD
    dd 0x5A50, 0x9DCE
    dd 0x5A51, 0x9DCF
    dd 0x5A52, 0x9DD0
    dd 0x5A53, 0x9DD1
    dd 0x5A54, 0x9DD2
    dd 0x5A55, 0x9DD3
    dd 0x5A56, 0x9DD4
    dd 0x5A57, 0x9DD5
    dd 0x5A58, 0x9DD6
    dd 0x5A59, 0x9DD7
    dd 0x5A5A, 0x9DD8
    dd 0x5A5B, 0x9DD9
    dd 0x5A5C, 0x9DDA
    dd 0x5A5D, 0x9DDB
    dd 0x5A5E, 0x9DDC
    dd 0x5A5F, 0x9DDD
    dd 0x5A60, 0x9DDE
    dd 0x5A61, 0x9DDF
    dd 0x5A62, 0x9DE0
    dd 0x5A63, 0x9DE1
    dd 0x5A64, 0x9DE2
    dd 0x5A65, 0x9DE3
    dd 0x5A66, 0x9DE4
    dd 0x5A67, 0x9DE5
    dd 0x5A68, 0x9DE6
    dd 0x5A69, 0x9DE7
    dd 0x5A6A, 0x9DE8
    dd 0x5A6B, 0x9DE9
    dd 0x5A6C, 0x9DEA
    dd 0x5A6D, 0x9DEB
    dd 0x5A6E, 0x9DEC
    dd 0x5A6F, 0x9DED
    dd 0x5A70, 0x9DEE
    dd 0x5A71, 0x9DEF
    dd 0x5A72, 0x9DF0
    dd 0x5A73, 0x9DF1
    dd 0x5A74, 0x9DF2
    dd 0x5A75, 0x9DF3
    dd 0x5A76, 0x9DF4
    dd 0x5A77, 0x9DF5
    dd 0x5A78, 0x9DF6
    dd 0x5A79, 0x9DF7
    dd 0x5A7A, 0x9DF8
    dd 0x5A7B, 0x9DF9
    dd 0x5A7C, 0x9DFA
    dd 0x5A7D, 0x9DFB
    dd 0x5A7E, 0x9DFC
    dd 0x5B21, 0x9E40
    dd 0x5B22, 0x9E41
    dd 0x5B23, 0x9E42
    dd 0x5B24, 0x9E43
    dd 0x5B25, 0x9E44
    dd 0x5B26, 0x9E45
    dd 0x5B27, 0x9E46
    dd 0x5B28, 0x9E47
    dd 0x5B29, 0x9E48
    dd 0x5B2A, 0x9E49
    dd 0x5B2B, 0x9E4A
    dd 0x5B2C, 0x9E4B
    dd 0x5B2D, 0x9E4C
    dd 0x5B2E, 0x9E4D
    dd 0x5B2F, 0x9E4E
    dd 0x5B30, 0x9E4F
    dd 0x5B31, 0x9E50
    dd 0x5B32, 0x9E51
    dd 0x5B33, 0x9E52
    dd 0x5B34, 0x9E53
    dd 0x5B35, 0x9E54
    dd 0x5B36, 0x9E55
    dd 0x5B37, 0x9E56
    dd 0x5B38, 0x9E57
    dd 0x5B39, 0x9E58
    dd 0x5B3A, 0x9E59
    dd 0x5B3B, 0x9E5A
    dd 0x5B3C, 0x9E5B
    dd 0x5B3D, 0x9E5C
    dd 0x5B3E, 0x9E5D
    dd 0x5B3F, 0x9E5E
    dd 0x5B40, 0x9E5F
    dd 0x5B41, 0x9E60
    dd 0x5B42, 0x9E61
    dd 0x5B43, 0x9E62
    dd 0x5B44, 0x9E63
    dd 0x5B45, 0x9E64
    dd 0x5B46, 0x9E65
    dd 0x5B47, 0x9E66
    dd 0x5B48, 0x9E67
    dd 0x5B49, 0x9E68
    dd 0x5B4A, 0x9E69
    dd 0x5B4B, 0x9E6A
    dd 0x5B4C, 0x9E6B
    dd 0x5B4D, 0x9E6C
    dd 0x5B4E, 0x9E6D
    dd 0x5B4F, 0x9E6E
    dd 0x5B50, 0x9E6F
    dd 0x5B51, 0x9E70
    dd 0x5B52, 0x9E71
    dd 0x5B53, 0x9E72
    dd 0x5B54, 0x9E73
    dd 0x5B55, 0x9E74
    dd 0x5B56, 0x9E75
    dd 0x5B57, 0x9E76
    dd 0x5B58, 0x9E77
    dd 0x5B59, 0x9E78
    dd 0x5B5A, 0x9E79
    dd 0x5B5B, 0x9E7A
    dd 0x5B5C, 0x9E7B
    dd 0x5B5D, 0x9E7C
    dd 0x5B5E, 0x9E7D
    dd 0x5B5F, 0x9E7E
    dd 0x5B60, 0x9E80
    dd 0x5B61, 0x9E81
    dd 0x5B62, 0x9E82
    dd 0x5B63, 0x9E83
    dd 0x5B64, 0x9E84
    dd 0x5B65, 0x9E85
    dd 0x5B66, 0x9E86
    dd 0x5B67, 0x9E87
    dd 0x5B68, 0x9E88
    dd 0x5B69, 0x9E89
    dd 0x5B6A, 0x9E8A
    dd 0x5B6B, 0x9E8B
    dd 0x5B6C, 0x9E8C
    dd 0x5B6D, 0x9E8D
    dd 0x5B6E, 0x9E8E
    dd 0x5B6F, 0x9E8F
    dd 0x5B70, 0x9E90
    dd 0x5B71, 0x9E91
    dd 0x5B72, 0x9E92
    dd 0x5B73, 0x9E93
    dd 0x5B74, 0x9E94
    dd 0x5B75, 0x9E95
    dd 0x5B76, 0x9E96
    dd 0x5B77, 0x9E97
    dd 0x5B78, 0x9E98
    dd 0x5B79, 0x9E99
    dd 0x5B7A, 0x9E9A
    dd 0x5B7B, 0x9E9B
    dd 0x5B7C, 0x9E9C
    dd 0x5B7D, 0x9E9D
    dd 0x5B7E, 0x9E9E
    dd 0x5C21, 0x9E9F
    dd 0x5C22, 0x9EA0
    dd 0x5C23, 0x9EA1
    dd 0x5C24, 0x9EA2
    dd 0x5C25, 0x9EA3
    dd 0x5C26, 0x9EA4
    dd 0x5C27, 0x9EA5
    dd 0x5C28, 0x9EA6
    dd 0x5C29, 0x9EA7
    dd 0x5C2A, 0x9EA8
    dd 0x5C2B, 0x9EA9
    dd 0x5C2C, 0x9EAA
    dd 0x5C2D, 0x9EAB
    dd 0x5C2E, 0x9EAC
    dd 0x5C2F, 0x9EAD
    dd 0x5C30, 0x9EAE
    dd 0x5C31, 0x9EAF
    dd 0x5C32, 0x9EB0
    dd 0x5C33, 0x9EB1
    dd 0x5C34, 0x9EB2
    dd 0x5C35, 0x9EB3
    dd 0x5C36, 0x9EB4
    dd 0x5C37, 0x9EB5
    dd 0x5C38, 0x9EB6
    dd 0x5C39, 0x9EB7
    dd 0x5C3A, 0x9EB8
    dd 0x5C3B, 0x9EB9
    dd 0x5C3C, 0x9EBA
    dd 0x5C3D, 0x9EBB
    dd 0x5C3E, 0x9EBC
    dd 0x5C3F, 0x9EBD
    dd 0x5C40, 0x9EBE
    dd 0x5C41, 0x9EBF
    dd 0x5C42, 0x9EC0
    dd 0x5C43, 0x9EC1
    dd 0x5C44, 0x9EC2
    dd 0x5C45, 0x9EC3
    dd 0x5C46, 0x9EC4
    dd 0x5C47, 0x9EC5
    dd 0x5C48, 0x9EC6
    dd 0x5C49, 0x9EC7
    dd 0x5C4A, 0x9EC8
    dd 0x5C4B, 0x9EC9
    dd 0x5C4C, 0x9ECA
    dd 0x5C4D, 0x9ECB
    dd 0x5C4E, 0x9ECC
    dd 0x5C4F, 0x9ECD
    dd 0x5C50, 0x9ECE
    dd 0x5C51, 0x9ECF
    dd 0x5C52, 0x9ED0
    dd 0x5C53, 0x9ED1
    dd 0x5C54, 0x9ED2
    dd 0x5C55, 0x9ED3
    dd 0x5C56, 0x9ED4
    dd 0x5C57, 0x9ED5
    dd 0x5C58, 0x9ED6
    dd 0x5C59, 0x9ED7
    dd 0x5C5A, 0x9ED8
    dd 0x5C5B, 0x9ED9
    dd 0x5C5C, 0x9EDA
    dd 0x5C5D, 0x9EDB
    dd 0x5C5E, 0x9EDC
    dd 0x5C5F, 0x9EDD
    dd 0x5C60, 0x9EDE
    dd 0x5C61, 0x9EDF
    dd 0x5C62, 0x9EE0
    dd 0x5C63, 0x9EE1
    dd 0x5C64, 0x9EE2
    dd 0x5C65, 0x9EE3
    dd 0x5C66, 0x9EE4
    dd 0x5C67, 0x9EE5
    dd 0x5C68, 0x9EE6
    dd 0x5C69, 0x9EE7
    dd 0x5C6A, 0x9EE8
    dd 0x5C6B, 0x9EE9
    dd 0x5C6C, 0x9EEA
    dd 0x5C6D, 0x9EEB
    dd 0x5C6E, 0x9EEC
    dd 0x5C6F, 0x9EED
    dd 0x5C70, 0x9EEE
    dd 0x5C71, 0x9EEF
    dd 0x5C72, 0x9EF0
    dd 0x5C73, 0x9EF1
    dd 0x5C74, 0x9EF2
    dd 0x5C75, 0x9EF3
    dd 0x5C76, 0x9EF4
    dd 0x5C77, 0x9EF5
    dd 0x5C78, 0x9EF6
    dd 0x5C79, 0x9EF7
    dd 0x5C7A, 0x9EF8
    dd 0x5C7B, 0x9EF9
    dd 0x5C7C, 0x9EFA
    dd 0x5C7D, 0x9EFB
    dd 0x5C7E, 0x9EFC
    dd 0x5D21, 0x9F40
    dd 0x5D22, 0x9F41
    dd 0x5D23, 0x9F42
    dd 0x5D24, 0x9F43
    dd 0x5D25, 0x9F44
    dd 0x5D26, 0x9F45
    dd 0x5D27, 0x9F46
    dd 0x5D28, 0x9F47
    dd 0x5D29, 0x9F48
    dd 0x5D2A, 0x9F49
    dd 0x5D2B, 0x9F4A
    dd 0x5D2C, 0x9F4B
    dd 0x5D2D, 0x9F4C
    dd 0x5D2E, 0x9F4D
    dd 0x5D2F, 0x9F4E
    dd 0x5D30, 0x9F4F
    dd 0x5D31, 0x9F50
    dd 0x5D32, 0x9F51
    dd 0x5D33, 0x9F52
    dd 0x5D34, 0x9F53
    dd 0x5D35, 0x9F54
    dd 0x5D36, 0x9F55
    dd 0x5D37, 0x9F56
    dd 0x5D38, 0x9F57
    dd 0x5D39, 0x9F58
    dd 0x5D3A, 0x9F59
    dd 0x5D3B, 0x9F5A
    dd 0x5D3C, 0x9F5B
    dd 0x5D3D, 0x9F5C
    dd 0x5D3E, 0x9F5D
    dd 0x5D3F, 0x9F5E
    dd 0x5D40, 0x9F5F
    dd 0x5D41, 0x9F60
    dd 0x5D42, 0x9F61
    dd 0x5D43, 0x9F62
    dd 0x5D44, 0x9F63
    dd 0x5D45, 0x9F64
    dd 0x5D46, 0x9F65
    dd 0x5D47, 0x9F66
    dd 0x5D48, 0x9F67
    dd 0x5D49, 0x9F68
    dd 0x5D4A, 0x9F69
    dd 0x5D4B, 0x9F6A
    dd 0x5D4C, 0x9F6B
    dd 0x5D4D, 0x9F6C
    dd 0x5D4E, 0x9F6D
    dd 0x5D4F, 0x9F6E
    dd 0x5D50, 0x9F6F
    dd 0x5D51, 0x9F70
    dd 0x5D52, 0x9F71
    dd 0x5D53, 0x9F72
    dd 0x5D54, 0x9F73
    dd 0x5D55, 0x9F74
    dd 0x5D56, 0x9F75
    dd 0x5D57, 0x9F76
    dd 0x5D58, 0x9F77
    dd 0x5D59, 0x9F78
    dd 0x5D5A, 0x9F79
    dd 0x5D5B, 0x9F7A
    dd 0x5D5C, 0x9F7B
    dd 0x5D5D, 0x9F7C
    dd 0x5D5E, 0x9F7D
    dd 0x5D5F, 0x9F7E
    dd 0x5D60, 0x9F80
    dd 0x5D61, 0x9F81
    dd 0x5D62, 0x9F82
    dd 0x5D63, 0x9F83
    dd 0x5D64, 0x9F84
    dd 0x5D65, 0x9F85
    dd 0x5D66, 0x9F86
    dd 0x5D67, 0x9F87
    dd 0x5D68, 0x9F88
    dd 0x5D69, 0x9F89
    dd 0x5D6A, 0x9F8A
    dd 0x5D6B, 0x9F8B
    dd 0x5D6C, 0x9F8C
    dd 0x5D6D, 0x9F8D
    dd 0x5D6E, 0x9F8E
    dd 0x5D6F, 0x9F8F
    dd 0x5D70, 0x9F90
    dd 0x5D71, 0x9F91
    dd 0x5D72, 0x9F92
    dd 0x5D73, 0x9F93
    dd 0x5D74, 0x9F94
    dd 0x5D75, 0x9F95
    dd 0x5D76, 0x9F96
    dd 0x5D77, 0x9F97
    dd 0x5D78, 0x9F98
    dd 0x5D79, 0x9F99
    dd 0x5D7A, 0x9F9A
    dd 0x5D7B, 0x9F9B
    dd 0x5D7C, 0x9F9C
    dd 0x5D7D, 0x9F9D
    dd 0x5D7E, 0x9F9E
    dd 0x5E21, 0x9F9F
    dd 0x5E22, 0x9FA0
    dd 0x5E23, 0x9FA1
    dd 0x5E24, 0x9FA2
    dd 0x5E25, 0x9FA3
    dd 0x5E26, 0x9FA4
    dd 0x5E27, 0x9FA5
    dd 0x5E28, 0x9FA6
    dd 0x5E29, 0x9FA7
    dd 0x5E2A, 0x9FA8
    dd 0x5E2B, 0x9FA9
    dd 0x5E2C, 0x9FAA
    dd 0x5E2D, 0x9FAB
    dd 0x5E2E, 0x9FAC
    dd 0x5E2F, 0x9FAD
    dd 0x5E30, 0x9FAE
    dd 0x5E31, 0x9FAF
    dd 0x5E32, 0x9FB0
    dd 0x5E33, 0x9FB1
    dd 0x5E34, 0x9FB2
    dd 0x5E35, 0x9FB3
    dd 0x5E36, 0x9FB4
    dd 0x5E37, 0x9FB5
    dd 0x5E38, 0x9FB6
    dd 0x5E39, 0x9FB7
    dd 0x5E3A, 0x9FB8
    dd 0x5E3B, 0x9FB9
    dd 0x5E3C, 0x9FBA
    dd 0x5E3D, 0x9FBB
    dd 0x5E3E, 0x9FBC
    dd 0x5E3F, 0x9FBD
    dd 0x5E40, 0x9FBE
    dd 0x5E41, 0x9FBF
    dd 0x5E42, 0x9FC0
    dd 0x5E43, 0x9FC1
    dd 0x5E44, 0x9FC2
    dd 0x5E45, 0x9FC3
    dd 0x5E46, 0x9FC4
    dd 0x5E47, 0x9FC5
    dd 0x5E48, 0x9FC6
    dd 0x5E49, 0x9FC7
    dd 0x5E4A, 0x9FC8
    dd 0x5E4B, 0x9FC9
    dd 0x5E4C, 0x9FCA
    dd 0x5E4D, 0x9FCB
    dd 0x5E4E, 0x9FCC
    dd 0x5E4F, 0x9FCD
    dd 0x5E50, 0x9FCE
    dd 0x5E51, 0x9FCF
    dd 0x5E52, 0x9FD0
    dd 0x5E53, 0x9FD1
    dd 0x5E54, 0x9FD2
    dd 0x5E55, 0x9FD3
    dd 0x5E56, 0x9FD4
    dd 0x5E57, 0x9FD5
    dd 0x5E58, 0x9FD6
    dd 0x5E59, 0x9FD7
    dd 0x5E5A, 0x9FD8
    dd 0x5E5B, 0x9FD9
    dd 0x5E5C, 0x9FDA
    dd 0x5E5D, 0x9FDB
    dd 0x5E5E, 0x9FDC
    dd 0x5E5F, 0x9FDD
    dd 0x5E60, 0x9FDE
    dd 0x5E61, 0x9FDF
    dd 0x5E62, 0x9FE0
    dd 0x5E63, 0x9FE1
    dd 0x5E64, 0x9FE2
    dd 0x5E65, 0x9FE3
    dd 0x5E66, 0x9FE4
    dd 0x5E67, 0x9FE5
    dd 0x5E68, 0x9FE6
    dd 0x5E69, 0x9FE7
    dd 0x5E6A, 0x9FE8
    dd 0x5E6B, 0x9FE9
    dd 0x5E6C, 0x9FEA
    dd 0x5E6D, 0x9FEB
    dd 0x5E6E, 0x9FEC
    dd 0x5E6F, 0x9FED
    dd 0x5E70, 0x9FEE
    dd 0x5E71, 0x9FEF
    dd 0x5E72, 0x9FF0
    dd 0x5E73, 0x9FF1
    dd 0x5E74, 0x9FF2
    dd 0x5E75, 0x9FF3
    dd 0x5E76, 0x9FF4
    dd 0x5E77, 0x9FF5
    dd 0x5E78, 0x9FF6
    dd 0x5E79, 0x9FF7
    dd 0x5E7A, 0x9FF8
    dd 0x5E7B, 0x9FF9
    dd 0x5E7C, 0x9FFA
    dd 0x5E7D, 0x9FFB
    dd 0x5E7E, 0x9FFC
    dd 0x5F21, 0xE040
    dd 0x5F22, 0xE041
    dd 0x5F23, 0xE042
    dd 0x5F24, 0xE043
    dd 0x5F25, 0xE044
    dd 0x5F26, 0xE045
    dd 0x5F27, 0xE046
    dd 0x5F28, 0xE047
    dd 0x5F29, 0xE048
    dd 0x5F2A, 0xE049
    dd 0x5F2B, 0xE04A
    dd 0x5F2C, 0xE04B
    dd 0x5F2D, 0xE04C
    dd 0x5F2E, 0xE04D
    dd 0x5F2F, 0xE04E
    dd 0x5F30, 0xE04F
    dd 0x5F31, 0xE050
    dd 0x5F32, 0xE051
    dd 0x5F33, 0xE052
    dd 0x5F34, 0xE053
    dd 0x5F35, 0xE054
    dd 0x5F36, 0xE055
    dd 0x5F37, 0xE056
    dd 0x5F38, 0xE057
    dd 0x5F39, 0xE058
    dd 0x5F3A, 0xE059
    dd 0x5F3B, 0xE05A
    dd 0x5F3C, 0xE05B
    dd 0x5F3D, 0xE05C
    dd 0x5F3E, 0xE05D
    dd 0x5F3F, 0xE05E
    dd 0x5F40, 0xE05F
    dd 0x5F41, 0xE060
    dd 0x5F42, 0xE061
    dd 0x5F43, 0xE062
    dd 0x5F44, 0xE063
    dd 0x5F45, 0xE064
    dd 0x5F46, 0xE065
    dd 0x5F47, 0xE066
    dd 0x5F48, 0xE067
    dd 0x5F49, 0xE068
    dd 0x5F4A, 0xE069
    dd 0x5F4B, 0xE06A
    dd 0x5F4C, 0xE06B
    dd 0x5F4D, 0xE06C
    dd 0x5F4E, 0xE06D
    dd 0x5F4F, 0xE06E
    dd 0x5F50, 0xE06F
    dd 0x5F51, 0xE070
    dd 0x5F52, 0xE071
    dd 0x5F53, 0xE072
    dd 0x5F54, 0xE073
    dd 0x5F55, 0xE074
    dd 0x5F56, 0xE075
    dd 0x5F57, 0xE076
    dd 0x5F58, 0xE077
    dd 0x5F59, 0xE078
    dd 0x5F5A, 0xE079
    dd 0x5F5B, 0xE07A
    dd 0x5F5C, 0xE07B
    dd 0x5F5D, 0xE07C
    dd 0x5F5E, 0xE07D
    dd 0x5F5F, 0xE07E
    dd 0x5F60, 0xE080
    dd 0x5F61, 0xE081
    dd 0x5F62, 0xE082
    dd 0x5F63, 0xE083
    dd 0x5F64, 0xE084
    dd 0x5F65, 0xE085
    dd 0x5F66, 0xE086
    dd 0x5F67, 0xE087
    dd 0x5F68, 0xE088
    dd 0x5F69, 0xE089
    dd 0x5F6A, 0xE08A
    dd 0x5F6B, 0xE08B
    dd 0x5F6C, 0xE08C
    dd 0x5F6D, 0xE08D
    dd 0x5F6E, 0xE08E
    dd 0x5F6F, 0xE08F
    dd 0x5F70, 0xE090
    dd 0x5F71, 0xE091
    dd 0x5F72, 0xE092
    dd 0x5F73, 0xE093
    dd 0x5F74, 0xE094
    dd 0x5F75, 0xE095
    dd 0x5F76, 0xE096
    dd 0x5F77, 0xE097
    dd 0x5F78, 0xE098
    dd 0x5F79, 0xE099
    dd 0x5F7A, 0xE09A
    dd 0x5F7B, 0xE09B
    dd 0x5F7C, 0xE09C
    dd 0x5F7D, 0xE09D
    dd 0x5F7E, 0xE09E
    dd 0x6021, 0xE09F
    dd 0x6022, 0xE0A0
    dd 0x6023, 0xE0A1
    dd 0x6024, 0xE0A2
    dd 0x6025, 0xE0A3
    dd 0x6026, 0xE0A4
    dd 0x6027, 0xE0A5
    dd 0x6028, 0xE0A6
    dd 0x6029, 0xE0A7
    dd 0x602A, 0xE0A8
    dd 0x602B, 0xE0A9
    dd 0x602C, 0xE0AA
    dd 0x602D, 0xE0AB
    dd 0x602E, 0xE0AC
    dd 0x602F, 0xE0AD
    dd 0x6030, 0xE0AE
    dd 0x6031, 0xE0AF
    dd 0x6032, 0xE0B0
    dd 0x6033, 0xE0B1
    dd 0x6034, 0xE0B2
    dd 0x6035, 0xE0B3
    dd 0x6036, 0xE0B4
    dd 0x6037, 0xE0B5
    dd 0x6038, 0xE0B6
    dd 0x6039, 0xE0B7
    dd 0x603A, 0xE0B8
    dd 0x603B, 0xE0B9
    dd 0x603C, 0xE0BA
    dd 0x603D, 0xE0BB
    dd 0x603E, 0xE0BC
    dd 0x603F, 0xE0BD
    dd 0x6040, 0xE0BE
    dd 0x6041, 0xE0BF
    dd 0x6042, 0xE0C0
    dd 0x6043, 0xE0C1
    dd 0x6044, 0xE0C2
    dd 0x6045, 0xE0C3
    dd 0x6046, 0xE0C4
    dd 0x6047, 0xE0C5
    dd 0x6048, 0xE0C6
    dd 0x6049, 0xE0C7
    dd 0x604A, 0xE0C8
    dd 0x604B, 0xE0C9
    dd 0x604C, 0xE0CA
    dd 0x604D, 0xE0CB
    dd 0x604E, 0xE0CC
    dd 0x604F, 0xE0CD
    dd 0x6050, 0xE0CE
    dd 0x6051, 0xE0CF
    dd 0x6052, 0xE0D0
    dd 0x6053, 0xE0D1
    dd 0x6054, 0xE0D2
    dd 0x6055, 0xE0D3
    dd 0x6056, 0xE0D4
    dd 0x6057, 0xE0D5
    dd 0x6058, 0xE0D6
    dd 0x6059, 0xE0D7
    dd 0x605A, 0xE0D8
    dd 0x605B, 0xE0D9
    dd 0x605C, 0xE0DA
    dd 0x605D, 0xE0DB
    dd 0x605E, 0xE0DC
    dd 0x605F, 0xE0DD
    dd 0x6060, 0xE0DE
    dd 0x6061, 0xE0DF
    dd 0x6062, 0xE0E0
    dd 0x6063, 0xE0E1
    dd 0x6064, 0xE0E2
    dd 0x6065, 0xE0E3
    dd 0x6066, 0xE0E4
    dd 0x6067, 0xE0E5
    dd 0x6068, 0xE0E6
    dd 0x6069, 0xE0E7
    dd 0x606A, 0xE0E8
    dd 0x606B, 0xE0E9
    dd 0x606C, 0xE0EA
    dd 0x606D, 0xE0EB
    dd 0x606E, 0xE0EC
    dd 0x606F, 0xE0ED
    dd 0x6070, 0xE0EE
    dd 0x6071, 0xE0EF
    dd 0x6072, 0xE0F0
    dd 0x6073, 0xE0F1
    dd 0x6074, 0xE0F2
    dd 0x6075, 0xE0F3
    dd 0x6076, 0xE0F4
    dd 0x6077, 0xE0F5
    dd 0x6078, 0xE0F6
    dd 0x6079, 0xE0F7
    dd 0x607A, 0xE0F8
    dd 0x607B, 0xE0F9
    dd 0x607C, 0xE0FA
    dd 0x607D, 0xE0FB
    dd 0x607E, 0xE0FC
    dd 0x6121, 0xE140
    dd 0x6122, 0xE141
    dd 0x6123, 0xE142
    dd 0x6124, 0xE143
    dd 0x6125, 0xE144
    dd 0x6126, 0xE145
    dd 0x6127, 0xE146
    dd 0x6128, 0xE147
    dd 0x6129, 0xE148
    dd 0x612A, 0xE149
    dd 0x612B, 0xE14A
    dd 0x612C, 0xE14B
    dd 0x612D, 0xE14C
    dd 0x612E, 0xE14D
    dd 0x612F, 0xE14E
    dd 0x6130, 0xE14F
    dd 0x6131, 0xE150
    dd 0x6132, 0xE151
    dd 0x6133, 0xE152
    dd 0x6134, 0xE153
    dd 0x6135, 0xE154
    dd 0x6136, 0xE155
    dd 0x6137, 0xE156
    dd 0x6138, 0xE157
    dd 0x6139, 0xE158
    dd 0x613A, 0xE159
    dd 0x613B, 0xE15A
    dd 0x613C, 0xE15B
    dd 0x613D, 0xE15C
    dd 0x613E, 0xE15D
    dd 0x613F, 0xE15E
    dd 0x6140, 0xE15F
    dd 0x6141, 0xE160
    dd 0x6142, 0xE161
    dd 0x6143, 0xE162
    dd 0x6144, 0xE163
    dd 0x6145, 0xE164
    dd 0x6146, 0xE165
    dd 0x6147, 0xE166
    dd 0x6148, 0xE167
    dd 0x6149, 0xE168
    dd 0x614A, 0xE169
    dd 0x614B, 0xE16A
    dd 0x614C, 0xE16B
    dd 0x614D, 0xE16C
    dd 0x614E, 0xE16D
    dd 0x614F, 0xE16E
    dd 0x6150, 0xE16F
    dd 0x6151, 0xE170
    dd 0x6152, 0xE171
    dd 0x6153, 0xE172
    dd 0x6154, 0xE173
    dd 0x6155, 0xE174
    dd 0x6156, 0xE175
    dd 0x6157, 0xE176
    dd 0x6158, 0xE177
    dd 0x6159, 0xE178
    dd 0x615A, 0xE179
    dd 0x615B, 0xE17A
    dd 0x615C, 0xE17B
    dd 0x615D, 0xE17C
    dd 0x615E, 0xE17D
    dd 0x615F, 0xE17E
    dd 0x6160, 0xE180
    dd 0x6161, 0xE181
    dd 0x6162, 0xE182
    dd 0x6163, 0xE183
    dd 0x6164, 0xE184
    dd 0x6165, 0xE185
    dd 0x6166, 0xE186
    dd 0x6167, 0xE187
    dd 0x6168, 0xE188
    dd 0x6169, 0xE189
    dd 0x616A, 0xE18A
    dd 0x616B, 0xE18B
    dd 0x616C, 0xE18C
    dd 0x616D, 0xE18D
    dd 0x616E, 0xE18E
    dd 0x616F, 0xE18F
    dd 0x6170, 0xE190
    dd 0x6171, 0xE191
    dd 0x6172, 0xE192
    dd 0x6173, 0xE193
    dd 0x6174, 0xE194
    dd 0x6175, 0xE195
    dd 0x6176, 0xE196
    dd 0x6177, 0xE197
    dd 0x6178, 0xE198
    dd 0x6179, 0xE199
    dd 0x617A, 0xE19A
    dd 0x617B, 0xE19B
    dd 0x617C, 0xE19C
    dd 0x617D, 0xE19D
    dd 0x617E, 0xE19E
    dd 0x6221, 0xE19F
    dd 0x6222, 0xE1A0
    dd 0x6223, 0xE1A1
    dd 0x6224, 0xE1A2
    dd 0x6225, 0xE1A3
    dd 0x6226, 0xE1A4
    dd 0x6227, 0xE1A5
    dd 0x6228, 0xE1A6
    dd 0x6229, 0xE1A7
    dd 0x622A, 0xE1A8
    dd 0x622B, 0xE1A9
    dd 0x622C, 0xE1AA
    dd 0x622D, 0xE1AB
    dd 0x622E, 0xE1AC
    dd 0x622F, 0xE1AD
    dd 0x6230, 0xE1AE
    dd 0x6231, 0xE1AF
    dd 0x6232, 0xE1B0
    dd 0x6233, 0xE1B1
    dd 0x6234, 0xE1B2
    dd 0x6235, 0xE1B3
    dd 0x6236, 0xE1B4
    dd 0x6237, 0xE1B5
    dd 0x6238, 0xE1B6
    dd 0x6239, 0xE1B7
    dd 0x623A, 0xE1B8
    dd 0x623B, 0xE1B9
    dd 0x623C, 0xE1BA
    dd 0x623D, 0xE1BB
    dd 0x623E, 0xE1BC
    dd 0x623F, 0xE1BD
    dd 0x6240, 0xE1BE
    dd 0x6241, 0xE1BF
    dd 0x6242, 0xE1C0
    dd 0x6243, 0xE1C1
    dd 0x6244, 0xE1C2
    dd 0x6245, 0xE1C3
    dd 0x6246, 0xE1C4
    dd 0x6247, 0xE1C5
    dd 0x6248, 0xE1C6
    dd 0x6249, 0xE1C7
    dd 0x624A, 0xE1C8
    dd 0x624B, 0xE1C9
    dd 0x624C, 0xE1CA
    dd 0x624D, 0xE1CB
    dd 0x624E, 0xE1CC
    dd 0x624F, 0xE1CD
    dd 0x6250, 0xE1CE
    dd 0x6251, 0xE1CF
    dd 0x6252, 0xE1D0
    dd 0x6253, 0xE1D1
    dd 0x6254, 0xE1D2
    dd 0x6255, 0xE1D3
    dd 0x6256, 0xE1D4
    dd 0x6257, 0xE1D5
    dd 0x6258, 0xE1D6
    dd 0x6259, 0xE1D7
    dd 0x625A, 0xE1D8
    dd 0x625B, 0xE1D9
    dd 0x625C, 0xE1DA
    dd 0x625D, 0xE1DB
    dd 0x625E, 0xE1DC
    dd 0x625F, 0xE1DD
    dd 0x6260, 0xE1DE
    dd 0x6261, 0xE1DF
    dd 0x6262, 0xE1E0
    dd 0x6263, 0xE1E1
    dd 0x6264, 0xE1E2
    dd 0x6265, 0xE1E3
    dd 0x6266, 0xE1E4
    dd 0x6267, 0xE1E5
    dd 0x6268, 0xE1E6
    dd 0x6269, 0xE1E7
    dd 0x626A, 0xE1E8
    dd 0x626B, 0xE1E9
    dd 0x626C, 0xE1EA
    dd 0x626D, 0xE1EB
    dd 0x626E, 0xE1EC
    dd 0x626F, 0xE1ED
    dd 0x6270, 0xE1EE
    dd 0x6271, 0xE1EF
    dd 0x6272, 0xE1F0
    dd 0x6273, 0xE1F1
    dd 0x6274, 0xE1F2
    dd 0x6275, 0xE1F3
    dd 0x6276, 0xE1F4
    dd 0x6277, 0xE1F5
    dd 0x6278, 0xE1F6
    dd 0x6279, 0xE1F7
    dd 0x627A, 0xE1F8
    dd 0x627B, 0xE1F9
    dd 0x627C, 0xE1FA
    dd 0x627D, 0xE1FB
    dd 0x627E, 0xE1FC
    dd 0x6321, 0xE240
    dd 0x6322, 0xE241
    dd 0x6323, 0xE242
    dd 0x6324, 0xE243
    dd 0x6325, 0xE244
    dd 0x6326, 0xE245
    dd 0x6327, 0xE246
    dd 0x6328, 0xE247
    dd 0x6329, 0xE248
    dd 0x632A, 0xE249
    dd 0x632B, 0xE24A
    dd 0x632C, 0xE24B
    dd 0x632D, 0xE24C
    dd 0x632E, 0xE24D
    dd 0x632F, 0xE24E
    dd 0x6330, 0xE24F
    dd 0x6331, 0xE250
    dd 0x6332, 0xE251
    dd 0x6333, 0xE252
    dd 0x6334, 0xE253
    dd 0x6335, 0xE254
    dd 0x6336, 0xE255
    dd 0x6337, 0xE256
    dd 0x6338, 0xE257
    dd 0x6339, 0xE258
    dd 0x633A, 0xE259
    dd 0x633B, 0xE25A
    dd 0x633C, 0xE25B
    dd 0x633D, 0xE25C
    dd 0x633E, 0xE25D
    dd 0x633F, 0xE25E
    dd 0x6340, 0xE25F
    dd 0x6341, 0xE260
    dd 0x6342, 0xE261
    dd 0x6343, 0xE262
    dd 0x6344, 0xE263
    dd 0x6345, 0xE264
    dd 0x6346, 0xE265
    dd 0x6347, 0xE266
    dd 0x6348, 0xE267
    dd 0x6349, 0xE268
    dd 0x634A, 0xE269
    dd 0x634B, 0xE26A
    dd 0x634C, 0xE26B
    dd 0x634D, 0xE26C
    dd 0x634E, 0xE26D
    dd 0x634F, 0xE26E
    dd 0x6350, 0xE26F
    dd 0x6351, 0xE270
    dd 0x6352, 0xE271
    dd 0x6353, 0xE272
    dd 0x6354, 0xE273
    dd 0x6355, 0xE274
    dd 0x6356, 0xE275
    dd 0x6357, 0xE276
    dd 0x6358, 0xE277
    dd 0x6359, 0xE278
    dd 0x635A, 0xE279
    dd 0x635B, 0xE27A
    dd 0x635C, 0xE27B
    dd 0x635D, 0xE27C
    dd 0x635E, 0xE27D
    dd 0x635F, 0xE27E
    dd 0x6360, 0xE280
    dd 0x6361, 0xE281
    dd 0x6362, 0xE282
    dd 0x6363, 0xE283
    dd 0x6364, 0xE284
    dd 0x6365, 0xE285
    dd 0x6366, 0xE286
    dd 0x6367, 0xE287
    dd 0x6368, 0xE288
    dd 0x6369, 0xE289
    dd 0x636A, 0xE28A
    dd 0x636B, 0xE28B
    dd 0x636C, 0xE28C
    dd 0x636D, 0xE28D
    dd 0x636E, 0xE28E
    dd 0x636F, 0xE28F
    dd 0x6370, 0xE290
    dd 0x6371, 0xE291
    dd 0x6372, 0xE292
    dd 0x6373, 0xE293
    dd 0x6374, 0xE294
    dd 0x6375, 0xE295
    dd 0x6376, 0xE296
    dd 0x6377, 0xE297
    dd 0x6378, 0xE298
    dd 0x6379, 0xE299
    dd 0x637A, 0xE29A
    dd 0x637B, 0xE29B
    dd 0x637C, 0xE29C
    dd 0x637D, 0xE29D
    dd 0x637E, 0xE29E
    dd 0x6421, 0xE29F
    dd 0x6422, 0xE2A0
    dd 0x6423, 0xE2A1
    dd 0x6424, 0xE2A2
    dd 0x6425, 0xE2A3
    dd 0x6426, 0xE2A4
    dd 0x6427, 0xE2A5
    dd 0x6428, 0xE2A6
    dd 0x6429, 0xE2A7
    dd 0x642A, 0xE2A8
    dd 0x642B, 0xE2A9
    dd 0x642C, 0xE2AA
    dd 0x642D, 0xE2AB
    dd 0x642E, 0xE2AC
    dd 0x642F, 0xE2AD
    dd 0x6430, 0xE2AE
    dd 0x6431, 0xE2AF
    dd 0x6432, 0xE2B0
    dd 0x6433, 0xE2B1
    dd 0x6434, 0xE2B2
    dd 0x6435, 0xE2B3
    dd 0x6436, 0xE2B4
    dd 0x6437, 0xE2B5
    dd 0x6438, 0xE2B6
    dd 0x6439, 0xE2B7
    dd 0x643A, 0xE2B8
    dd 0x643B, 0xE2B9
    dd 0x643C, 0xE2BA
    dd 0x643D, 0xE2BB
    dd 0x643E, 0xE2BC
    dd 0x643F, 0xE2BD
    dd 0x6440, 0xE2BE
    dd 0x6441, 0xE2BF
    dd 0x6442, 0xE2C0
    dd 0x6443, 0xE2C1
    dd 0x6444, 0xE2C2
    dd 0x6445, 0xE2C3
    dd 0x6446, 0xE2C4
    dd 0x6447, 0xE2C5
    dd 0x6448, 0xE2C6
    dd 0x6449, 0xE2C7
    dd 0x644A, 0xE2C8
    dd 0x644B, 0xE2C9
    dd 0x644C, 0xE2CA
    dd 0x644D, 0xE2CB
    dd 0x644E, 0xE2CC
    dd 0x644F, 0xE2CD
    dd 0x6450, 0xE2CE
    dd 0x6451, 0xE2CF
    dd 0x6452, 0xE2D0
    dd 0x6453, 0xE2D1
    dd 0x6454, 0xE2D2
    dd 0x6455, 0xE2D3
    dd 0x6456, 0xE2D4
    dd 0x6457, 0xE2D5
    dd 0x6458, 0xE2D6
    dd 0x6459, 0xE2D7
    dd 0x645A, 0xE2D8
    dd 0x645B, 0xE2D9
    dd 0x645C, 0xE2DA
    dd 0x645D, 0xE2DB
    dd 0x645E, 0xE2DC
    dd 0x645F, 0xE2DD
    dd 0x6460, 0xE2DE
    dd 0x6461, 0xE2DF
    dd 0x6462, 0xE2E0
    dd 0x6463, 0xE2E1
    dd 0x6464, 0xE2E2
    dd 0x6465, 0xE2E3
    dd 0x6466, 0xE2E4
    dd 0x6467, 0xE2E5
    dd 0x6468, 0xE2E6
    dd 0x6469, 0xE2E7
    dd 0x646A, 0xE2E8
    dd 0x646B, 0xE2E9
    dd 0x646C, 0xE2EA
    dd 0x646D, 0xE2EB
    dd 0x646E, 0xE2EC
    dd 0x646F, 0xE2ED
    dd 0x6470, 0xE2EE
    dd 0x6471, 0xE2EF
    dd 0x6472, 0xE2F0
    dd 0x6473, 0xE2F1
    dd 0x6474, 0xE2F2
    dd 0x6475, 0xE2F3
    dd 0x6476, 0xE2F4
    dd 0x6477, 0xE2F5
    dd 0x6478, 0xE2F6
    dd 0x6479, 0xE2F7
    dd 0x647A, 0xE2F8
    dd 0x647B, 0xE2F9
    dd 0x647C, 0xE2FA
    dd 0x647D, 0xE2FB
    dd 0x647E, 0xE2FC
    dd 0x6521, 0xE340
    dd 0x6522, 0xE341
    dd 0x6523, 0xE342
    dd 0x6524, 0xE343
    dd 0x6525, 0xE344
    dd 0x6526, 0xE345
    dd 0x6527, 0xE346
    dd 0x6528, 0xE347
    dd 0x6529, 0xE348
    dd 0x652A, 0xE349
    dd 0x652B, 0xE34A
    dd 0x652C, 0xE34B
    dd 0x652D, 0xE34C
    dd 0x652E, 0xE34D
    dd 0x652F, 0xE34E
    dd 0x6530, 0xE34F
    dd 0x6531, 0xE350
    dd 0x6532, 0xE351
    dd 0x6533, 0xE352
    dd 0x6534, 0xE353
    dd 0x6535, 0xE354
    dd 0x6536, 0xE355
    dd 0x6537, 0xE356
    dd 0x6538, 0xE357
    dd 0x6539, 0xE358
    dd 0x653A, 0xE359
    dd 0x653B, 0xE35A
    dd 0x653C, 0xE35B
    dd 0x653D, 0xE35C
    dd 0x653E, 0xE35D
    dd 0x653F, 0xE35E
    dd 0x6540, 0xE35F
    dd 0x6541, 0xE360
    dd 0x6542, 0xE361
    dd 0x6543, 0xE362
    dd 0x6544, 0xE363
    dd 0x6545, 0xE364
    dd 0x6546, 0xE365
    dd 0x6547, 0xE366
    dd 0x6548, 0xE367
    dd 0x6549, 0xE368
    dd 0x654A, 0xE369
    dd 0x654B, 0xE36A
    dd 0x654C, 0xE36B
    dd 0x654D, 0xE36C
    dd 0x654E, 0xE36D
    dd 0x654F, 0xE36E
    dd 0x6550, 0xE36F
    dd 0x6551, 0xE370
    dd 0x6552, 0xE371
    dd 0x6553, 0xE372
    dd 0x6554, 0xE373
    dd 0x6555, 0xE374
    dd 0x6556, 0xE375
    dd 0x6557, 0xE376
    dd 0x6558, 0xE377
    dd 0x6559, 0xE378
    dd 0x655A, 0xE379
    dd 0x655B, 0xE37A
    dd 0x655C, 0xE37B
    dd 0x655D, 0xE37C
    dd 0x655E, 0xE37D
    dd 0x655F, 0xE37E
    dd 0x6560, 0xE380
    dd 0x6561, 0xE381
    dd 0x6562, 0xE382
    dd 0x6563, 0xE383
    dd 0x6564, 0xE384
    dd 0x6565, 0xE385
    dd 0x6566, 0xE386
    dd 0x6567, 0xE387
    dd 0x6568, 0xE388
    dd 0x6569, 0xE389
    dd 0x656A, 0xE38A
    dd 0x656B, 0xE38B
    dd 0x656C, 0xE38C
    dd 0x656D, 0xE38D
    dd 0x656E, 0xE38E
    dd 0x656F, 0xE38F
    dd 0x6570, 0xE390
    dd 0x6571, 0xE391
    dd 0x6572, 0xE392
    dd 0x6573, 0xE393
    dd 0x6574, 0xE394
    dd 0x6575, 0xE395
    dd 0x6576, 0xE396
    dd 0x6577, 0xE397
    dd 0x6578, 0xE398
    dd 0x6579, 0xE399
    dd 0x657A, 0xE39A
    dd 0x657B, 0xE39B
    dd 0x657C, 0xE39C
    dd 0x657D, 0xE39D
    dd 0x657E, 0xE39E
    dd 0x6621, 0xE39F
    dd 0x6622, 0xE3A0
    dd 0x6623, 0xE3A1
    dd 0x6624, 0xE3A2
    dd 0x6625, 0xE3A3
    dd 0x6626, 0xE3A4
    dd 0x6627, 0xE3A5
    dd 0x6628, 0xE3A6
    dd 0x6629, 0xE3A7
    dd 0x662A, 0xE3A8
    dd 0x662B, 0xE3A9
    dd 0x662C, 0xE3AA
    dd 0x662D, 0xE3AB
    dd 0x662E, 0xE3AC
    dd 0x662F, 0xE3AD
    dd 0x6630, 0xE3AE
    dd 0x6631, 0xE3AF
    dd 0x6632, 0xE3B0
    dd 0x6633, 0xE3B1
    dd 0x6634, 0xE3B2
    dd 0x6635, 0xE3B3
    dd 0x6636, 0xE3B4
    dd 0x6637, 0xE3B5
    dd 0x6638, 0xE3B6
    dd 0x6639, 0xE3B7
    dd 0x663A, 0xE3B8
    dd 0x663B, 0xE3B9
    dd 0x663C, 0xE3BA
    dd 0x663D, 0xE3BB
    dd 0x663E, 0xE3BC
    dd 0x663F, 0xE3BD
    dd 0x6640, 0xE3BE
    dd 0x6641, 0xE3BF
    dd 0x6642, 0xE3C0
    dd 0x6643, 0xE3C1
    dd 0x6644, 0xE3C2
    dd 0x6645, 0xE3C3
    dd 0x6646, 0xE3C4
    dd 0x6647, 0xE3C5
    dd 0x6648, 0xE3C6
    dd 0x6649, 0xE3C7
    dd 0x664A, 0xE3C8
    dd 0x664B, 0xE3C9
    dd 0x664C, 0xE3CA
    dd 0x664D, 0xE3CB
    dd 0x664E, 0xE3CC
    dd 0x664F, 0xE3CD
    dd 0x6650, 0xE3CE
    dd 0x6651, 0xE3CF
    dd 0x6652, 0xE3D0
    dd 0x6653, 0xE3D1
    dd 0x6654, 0xE3D2
    dd 0x6655, 0xE3D3
    dd 0x6656, 0xE3D4
    dd 0x6657, 0xE3D5
    dd 0x6658, 0xE3D6
    dd 0x6659, 0xE3D7
    dd 0x665A, 0xE3D8
    dd 0x665B, 0xE3D9
    dd 0x665C, 0xE3DA
    dd 0x665D, 0xE3DB
    dd 0x665E, 0xE3DC
    dd 0x665F, 0xE3DD
    dd 0x6660, 0xE3DE
    dd 0x6661, 0xE3DF
    dd 0x6662, 0xE3E0
    dd 0x6663, 0xE3E1
    dd 0x6664, 0xE3E2
    dd 0x6665, 0xE3E3
    dd 0x6666, 0xE3E4
    dd 0x6667, 0xE3E5
    dd 0x6668, 0xE3E6
    dd 0x6669, 0xE3E7
    dd 0x666A, 0xE3E8
    dd 0x666B, 0xE3E9
    dd 0x666C, 0xE3EA
    dd 0x666D, 0xE3EB
    dd 0x666E, 0xE3EC
    dd 0x666F, 0xE3ED
    dd 0x6670, 0xE3EE
    dd 0x6671, 0xE3EF
    dd 0x6672, 0xE3F0
    dd 0x6673, 0xE3F1
    dd 0x6674, 0xE3F2
    dd 0x6675, 0xE3F3
    dd 0x6676, 0xE3F4
    dd 0x6677, 0xE3F5
    dd 0x6678, 0xE3F6
    dd 0x6679, 0xE3F7
    dd 0x667A, 0xE3F8
    dd 0x667B, 0xE3F9
    dd 0x667C, 0xE3FA
    dd 0x667D, 0xE3FB
    dd 0x667E, 0xE3FC
    dd 0x6721, 0xE440
    dd 0x6722, 0xE441
    dd 0x6723, 0xE442
    dd 0x6724, 0xE443
    dd 0x6725, 0xE444
    dd 0x6726, 0xE445
    dd 0x6727, 0xE446
    dd 0x6728, 0xE447
    dd 0x6729, 0xE448
    dd 0x672A, 0xE449
    dd 0x672B, 0xE44A
    dd 0x672C, 0xE44B
    dd 0x672D, 0xE44C
    dd 0x672E, 0xE44D
    dd 0x672F, 0xE44E
    dd 0x6730, 0xE44F
    dd 0x6731, 0xE450
    dd 0x6732, 0xE451
    dd 0x6733, 0xE452
    dd 0x6734, 0xE453
    dd 0x6735, 0xE454
    dd 0x6736, 0xE455
    dd 0x6737, 0xE456
    dd 0x6738, 0xE457
    dd 0x6739, 0xE458
    dd 0x673A, 0xE459
    dd 0x673B, 0xE45A
    dd 0x673C, 0xE45B
    dd 0x673D, 0xE45C
    dd 0x673E, 0xE45D
    dd 0x673F, 0xE45E
    dd 0x6740, 0xE45F
    dd 0x6741, 0xE460
    dd 0x6742, 0xE461
    dd 0x6743, 0xE462
    dd 0x6744, 0xE463
    dd 0x6745, 0xE464
    dd 0x6746, 0xE465
    dd 0x6747, 0xE466
    dd 0x6748, 0xE467
    dd 0x6749, 0xE468
    dd 0x674A, 0xE469
    dd 0x674B, 0xE46A
    dd 0x674C, 0xE46B
    dd 0x674D, 0xE46C
    dd 0x674E, 0xE46D
    dd 0x674F, 0xE46E
    dd 0x6750, 0xE46F
    dd 0x6751, 0xE470
    dd 0x6752, 0xE471
    dd 0x6753, 0xE472
    dd 0x6754, 0xE473
    dd 0x6755, 0xE474
    dd 0x6756, 0xE475
    dd 0x6757, 0xE476
    dd 0x6758, 0xE477
    dd 0x6759, 0xE478
    dd 0x675A, 0xE479
    dd 0x675B, 0xE47A
    dd 0x675C, 0xE47B
    dd 0x675D, 0xE47C
    dd 0x675E, 0xE47D
    dd 0x675F, 0xE47E
    dd 0x6760, 0xE480
    dd 0x6761, 0xE481
    dd 0x6762, 0xE482
    dd 0x6763, 0xE483
    dd 0x6764, 0xE484
    dd 0x6765, 0xE485
    dd 0x6766, 0xE486
    dd 0x6767, 0xE487
    dd 0x6768, 0xE488
    dd 0x6769, 0xE489
    dd 0x676A, 0xE48A
    dd 0x676B, 0xE48B
    dd 0x676C, 0xE48C
    dd 0x676D, 0xE48D
    dd 0x676E, 0xE48E
    dd 0x676F, 0xE48F
    dd 0x6770, 0xE490
    dd 0x6771, 0xE491
    dd 0x6772, 0xE492
    dd 0x6773, 0xE493
    dd 0x6774, 0xE494
    dd 0x6775, 0xE495
    dd 0x6776, 0xE496
    dd 0x6777, 0xE497
    dd 0x6778, 0xE498
    dd 0x6779, 0xE499
    dd 0x677A, 0xE49A
    dd 0x677B, 0xE49B
    dd 0x677C, 0xE49C
    dd 0x677D, 0xE49D
    dd 0x677E, 0xE49E
    dd 0x6821, 0xE49F
    dd 0x6822, 0xE4A0
    dd 0x6823, 0xE4A1
    dd 0x6824, 0xE4A2
    dd 0x6825, 0xE4A3
    dd 0x6826, 0xE4A4
    dd 0x6827, 0xE4A5
    dd 0x6828, 0xE4A6
    dd 0x6829, 0xE4A7
    dd 0x682A, 0xE4A8
    dd 0x682B, 0xE4A9
    dd 0x682C, 0xE4AA
    dd 0x682D, 0xE4AB
    dd 0x682E, 0xE4AC
    dd 0x682F, 0xE4AD
    dd 0x6830, 0xE4AE
    dd 0x6831, 0xE4AF
    dd 0x6832, 0xE4B0
    dd 0x6833, 0xE4B1
    dd 0x6834, 0xE4B2
    dd 0x6835, 0xE4B3
    dd 0x6836, 0xE4B4
    dd 0x6837, 0xE4B5
    dd 0x6838, 0xE4B6
    dd 0x6839, 0xE4B7
    dd 0x683A, 0xE4B8
    dd 0x683B, 0xE4B9
    dd 0x683C, 0xE4BA
    dd 0x683D, 0xE4BB
    dd 0x683E, 0xE4BC
    dd 0x683F, 0xE4BD
    dd 0x6840, 0xE4BE
    dd 0x6841, 0xE4BF
    dd 0x6842, 0xE4C0
    dd 0x6843, 0xE4C1
    dd 0x6844, 0xE4C2
    dd 0x6845, 0xE4C3
    dd 0x6846, 0xE4C4
    dd 0x6847, 0xE4C5
    dd 0x6848, 0xE4C6
    dd 0x6849, 0xE4C7
    dd 0x684A, 0xE4C8
    dd 0x684B, 0xE4C9
    dd 0x684C, 0xE4CA
    dd 0x684D, 0xE4CB
    dd 0x684E, 0xE4CC
    dd 0x684F, 0xE4CD
    dd 0x6850, 0xE4CE
    dd 0x6851, 0xE4CF
    dd 0x6852, 0xE4D0
    dd 0x6853, 0xE4D1
    dd 0x6854, 0xE4D2
    dd 0x6855, 0xE4D3
    dd 0x6856, 0xE4D4
    dd 0x6857, 0xE4D5
    dd 0x6858, 0xE4D6
    dd 0x6859, 0xE4D7
    dd 0x685A, 0xE4D8
    dd 0x685B, 0xE4D9
    dd 0x685C, 0xE4DA
    dd 0x685D, 0xE4DB
    dd 0x685E, 0xE4DC
    dd 0x685F, 0xE4DD
    dd 0x6860, 0xE4DE
    dd 0x6861, 0xE4DF
    dd 0x6862, 0xE4E0
    dd 0x6863, 0xE4E1
    dd 0x6864, 0xE4E2
    dd 0x6865, 0xE4E3
    dd 0x6866, 0xE4E4
    dd 0x6867, 0xE4E5
    dd 0x6868, 0xE4E6
    dd 0x6869, 0xE4E7
    dd 0x686A, 0xE4E8
    dd 0x686B, 0xE4E9
    dd 0x686C, 0xE4EA
    dd 0x686D, 0xE4EB
    dd 0x686E, 0xE4EC
    dd 0x686F, 0xE4ED
    dd 0x6870, 0xE4EE
    dd 0x6871, 0xE4EF
    dd 0x6872, 0xE4F0
    dd 0x6873, 0xE4F1
    dd 0x6874, 0xE4F2
    dd 0x6875, 0xE4F3
    dd 0x6876, 0xE4F4
    dd 0x6877, 0xE4F5
    dd 0x6878, 0xE4F6
    dd 0x6879, 0xE4F7
    dd 0x687A, 0xE4F8
    dd 0x687B, 0xE4F9
    dd 0x687C, 0xE4FA
    dd 0x687D, 0xE4FB
    dd 0x687E, 0xE4FC
    dd 0x6921, 0xE540
    dd 0x6922, 0xE541
    dd 0x6923, 0xE542
    dd 0x6924, 0xE543
    dd 0x6925, 0xE544
    dd 0x6926, 0xE545
    dd 0x6927, 0xE546
    dd 0x6928, 0xE547
    dd 0x6929, 0xE548
    dd 0x692A, 0xE549
    dd 0x692B, 0xE54A
    dd 0x692C, 0xE54B
    dd 0x692D, 0xE54C
    dd 0x692E, 0xE54D
    dd 0x692F, 0xE54E
    dd 0x6930, 0xE54F
    dd 0x6931, 0xE550
    dd 0x6932, 0xE551
    dd 0x6933, 0xE552
    dd 0x6934, 0xE553
    dd 0x6935, 0xE554
    dd 0x6936, 0xE555
    dd 0x6937, 0xE556
    dd 0x6938, 0xE557
    dd 0x6939, 0xE558
    dd 0x693A, 0xE559
    dd 0x693B, 0xE55A
    dd 0x693C, 0xE55B
    dd 0x693D, 0xE55C
    dd 0x693E, 0xE55D
    dd 0x693F, 0xE55E
    dd 0x6940, 0xE55F
    dd 0x6941, 0xE560
    dd 0x6942, 0xE561
    dd 0x6943, 0xE562
    dd 0x6944, 0xE563
    dd 0x6945, 0xE564
    dd 0x6946, 0xE565
    dd 0x6947, 0xE566
    dd 0x6948, 0xE567
    dd 0x6949, 0xE568
    dd 0x694A, 0xE569
    dd 0x694B, 0xE56A
    dd 0x694C, 0xE56B
    dd 0x694D, 0xE56C
    dd 0x694E, 0xE56D
    dd 0x694F, 0xE56E
    dd 0x6950, 0xE56F
    dd 0x6951, 0xE570
    dd 0x6952, 0xE571
    dd 0x6953, 0xE572
    dd 0x6954, 0xE573
    dd 0x6955, 0xE574
    dd 0x6956, 0xE575
    dd 0x6957, 0xE576
    dd 0x6958, 0xE577
    dd 0x6959, 0xE578
    dd 0x695A, 0xE579
    dd 0x695B, 0xE57A
    dd 0x695C, 0xE57B
    dd 0x695D, 0xE57C
    dd 0x695E, 0xE57D
    dd 0x695F, 0xE57E
    dd 0x6960, 0xE580
    dd 0x6961, 0xE581
    dd 0x6962, 0xE582
    dd 0x6963, 0xE583
    dd 0x6964, 0xE584
    dd 0x6965, 0xE585
    dd 0x6966, 0xE586
    dd 0x6967, 0xE587
    dd 0x6968, 0xE588
    dd 0x6969, 0xE589
    dd 0x696A, 0xE58A
    dd 0x696B, 0xE58B
    dd 0x696C, 0xE58C
    dd 0x696D, 0xE58D
    dd 0x696E, 0xE58E
    dd 0x696F, 0xE58F
    dd 0x6970, 0xE590
    dd 0x6971, 0xE591
    dd 0x6972, 0xE592
    dd 0x6973, 0xE593
    dd 0x6974, 0xE594
    dd 0x6975, 0xE595
    dd 0x6976, 0xE596
    dd 0x6977, 0xE597
    dd 0x6978, 0xE598
    dd 0x6979, 0xE599
    dd 0x697A, 0xE59A
    dd 0x697B, 0xE59B
    dd 0x697C, 0xE59C
    dd 0x697D, 0xE59D
    dd 0x697E, 0xE59E
    dd 0x6A21, 0xE59F
    dd 0x6A22, 0xE5A0
    dd 0x6A23, 0xE5A1
    dd 0x6A24, 0xE5A2
    dd 0x6A25, 0xE5A3
    dd 0x6A26, 0xE5A4
    dd 0x6A27, 0xE5A5
    dd 0x6A28, 0xE5A6
    dd 0x6A29, 0xE5A7
    dd 0x6A2A, 0xE5A8
    dd 0x6A2B, 0xE5A9
    dd 0x6A2C, 0xE5AA
    dd 0x6A2D, 0xE5AB
    dd 0x6A2E, 0xE5AC
    dd 0x6A2F, 0xE5AD
    dd 0x6A30, 0xE5AE
    dd 0x6A31, 0xE5AF
    dd 0x6A32, 0xE5B0
    dd 0x6A33, 0xE5B1
    dd 0x6A34, 0xE5B2
    dd 0x6A35, 0xE5B3
    dd 0x6A36, 0xE5B4
    dd 0x6A37, 0xE5B5
    dd 0x6A38, 0xE5B6
    dd 0x6A39, 0xE5B7
    dd 0x6A3A, 0xE5B8
    dd 0x6A3B, 0xE5B9
    dd 0x6A3C, 0xE5BA
    dd 0x6A3D, 0xE5BB
    dd 0x6A3E, 0xE5BC
    dd 0x6A3F, 0xE5BD
    dd 0x6A40, 0xE5BE
    dd 0x6A41, 0xE5BF
    dd 0x6A42, 0xE5C0
    dd 0x6A43, 0xE5C1
    dd 0x6A44, 0xE5C2
    dd 0x6A45, 0xE5C3
    dd 0x6A46, 0xE5C4
    dd 0x6A47, 0xE5C5
    dd 0x6A48, 0xE5C6
    dd 0x6A49, 0xE5C7
    dd 0x6A4A, 0xE5C8
    dd 0x6A4B, 0xE5C9
    dd 0x6A4C, 0xE5CA
    dd 0x6A4D, 0xE5CB
    dd 0x6A4E, 0xE5CC
    dd 0x6A4F, 0xE5CD
    dd 0x6A50, 0xE5CE
    dd 0x6A51, 0xE5CF
    dd 0x6A52, 0xE5D0
    dd 0x6A53, 0xE5D1
    dd 0x6A54, 0xE5D2
    dd 0x6A55, 0xE5D3
    dd 0x6A56, 0xE5D4
    dd 0x6A57, 0xE5D5
    dd 0x6A58, 0xE5D6
    dd 0x6A59, 0xE5D7
    dd 0x6A5A, 0xE5D8
    dd 0x6A5B, 0xE5D9
    dd 0x6A5C, 0xE5DA
    dd 0x6A5D, 0xE5DB
    dd 0x6A5E, 0xE5DC
    dd 0x6A5F, 0xE5DD
    dd 0x6A60, 0xE5DE
    dd 0x6A61, 0xE5DF
    dd 0x6A62, 0xE5E0
    dd 0x6A63, 0xE5E1
    dd 0x6A64, 0xE5E2
    dd 0x6A65, 0xE5E3
    dd 0x6A66, 0xE5E4
    dd 0x6A67, 0xE5E5
    dd 0x6A68, 0xE5E6
    dd 0x6A69, 0xE5E7
    dd 0x6A6A, 0xE5E8
    dd 0x6A6B, 0xE5E9
    dd 0x6A6C, 0xE5EA
    dd 0x6A6D, 0xE5EB
    dd 0x6A6E, 0xE5EC
    dd 0x6A6F, 0xE5ED
    dd 0x6A70, 0xE5EE
    dd 0x6A71, 0xE5EF
    dd 0x6A72, 0xE5F0
    dd 0x6A73, 0xE5F1
    dd 0x6A74, 0xE5F2
    dd 0x6A75, 0xE5F3
    dd 0x6A76, 0xE5F4
    dd 0x6A77, 0xE5F5
    dd 0x6A78, 0xE5F6
    dd 0x6A79, 0xE5F7
    dd 0x6A7A, 0xE5F8
    dd 0x6A7B, 0xE5F9
    dd 0x6A7C, 0xE5FA
    dd 0x6A7D, 0xE5FB
    dd 0x6A7E, 0xE5FC
    dd 0x6B21, 0xE640
    dd 0x6B22, 0xE641
    dd 0x6B23, 0xE642
    dd 0x6B24, 0xE643
    dd 0x6B25, 0xE644
    dd 0x6B26, 0xE645
    dd 0x6B27, 0xE646
    dd 0x6B28, 0xE647
    dd 0x6B29, 0xE648
    dd 0x6B2A, 0xE649
    dd 0x6B2B, 0xE64A
    dd 0x6B2C, 0xE64B
    dd 0x6B2D, 0xE64C
    dd 0x6B2E, 0xE64D
    dd 0x6B2F, 0xE64E
    dd 0x6B30, 0xE64F
    dd 0x6B31, 0xE650
    dd 0x6B32, 0xE651
    dd 0x6B33, 0xE652
    dd 0x6B34, 0xE653
    dd 0x6B35, 0xE654
    dd 0x6B36, 0xE655
    dd 0x6B37, 0xE656
    dd 0x6B38, 0xE657
    dd 0x6B39, 0xE658
    dd 0x6B3A, 0xE659
    dd 0x6B3B, 0xE65A
    dd 0x6B3C, 0xE65B
    dd 0x6B3D, 0xE65C
    dd 0x6B3E, 0xE65D
    dd 0x6B3F, 0xE65E
    dd 0x6B40, 0xE65F
    dd 0x6B41, 0xE660
    dd 0x6B42, 0xE661
    dd 0x6B43, 0xE662
    dd 0x6B44, 0xE663
    dd 0x6B45, 0xE664
    dd 0x6B46, 0xE665
    dd 0x6B47, 0xE666
    dd 0x6B48, 0xE667
    dd 0x6B49, 0xE668
    dd 0x6B4A, 0xE669
    dd 0x6B4B, 0xE66A
    dd 0x6B4C, 0xE66B
    dd 0x6B4D, 0xE66C
    dd 0x6B4E, 0xE66D
    dd 0x6B4F, 0xE66E
    dd 0x6B50, 0xE66F
    dd 0x6B51, 0xE670
    dd 0x6B52, 0xE671
    dd 0x6B53, 0xE672
    dd 0x6B54, 0xE673
    dd 0x6B55, 0xE674
    dd 0x6B56, 0xE675
    dd 0x6B57, 0xE676
    dd 0x6B58, 0xE677
    dd 0x6B59, 0xE678
    dd 0x6B5A, 0xE679
    dd 0x6B5B, 0xE67A
    dd 0x6B5C, 0xE67B
    dd 0x6B5D, 0xE67C
    dd 0x6B5E, 0xE67D
    dd 0x6B5F, 0xE67E
    dd 0x6B60, 0xE680
    dd 0x6B61, 0xE681
    dd 0x6B62, 0xE682
    dd 0x6B63, 0xE683
    dd 0x6B64, 0xE684
    dd 0x6B65, 0xE685
    dd 0x6B66, 0xE686
    dd 0x6B67, 0xE687
    dd 0x6B68, 0xE688
    dd 0x6B69, 0xE689
    dd 0x6B6A, 0xE68A
    dd 0x6B6B, 0xE68B
    dd 0x6B6C, 0xE68C
    dd 0x6B6D, 0xE68D
    dd 0x6B6E, 0xE68E
    dd 0x6B6F, 0xE68F
    dd 0x6B70, 0xE690
    dd 0x6B71, 0xE691
    dd 0x6B72, 0xE692
    dd 0x6B73, 0xE693
    dd 0x6B74, 0xE694
    dd 0x6B75, 0xE695
    dd 0x6B76, 0xE696
    dd 0x6B77, 0xE697
    dd 0x6B78, 0xE698
    dd 0x6B79, 0xE699
    dd 0x6B7A, 0xE69A
    dd 0x6B7B, 0xE69B
    dd 0x6B7C, 0xE69C
    dd 0x6B7D, 0xE69D
    dd 0x6B7E, 0xE69E
    dd 0x6C21, 0xE69F
    dd 0x6C22, 0xE6A0
    dd 0x6C23, 0xE6A1
    dd 0x6C24, 0xE6A2
    dd 0x6C25, 0xE6A3
    dd 0x6C26, 0xE6A4
    dd 0x6C27, 0xE6A5
    dd 0x6C28, 0xE6A6
    dd 0x6C29, 0xE6A7
    dd 0x6C2A, 0xE6A8
    dd 0x6C2B, 0xE6A9
    dd 0x6C2C, 0xE6AA
    dd 0x6C2D, 0xE6AB
    dd 0x6C2E, 0xE6AC
    dd 0x6C2F, 0xE6AD
    dd 0x6C30, 0xE6AE
    dd 0x6C31, 0xE6AF
    dd 0x6C32, 0xE6B0
    dd 0x6C33, 0xE6B1
    dd 0x6C34, 0xE6B2
    dd 0x6C35, 0xE6B3
    dd 0x6C36, 0xE6B4
    dd 0x6C37, 0xE6B5
    dd 0x6C38, 0xE6B6
    dd 0x6C39, 0xE6B7
    dd 0x6C3A, 0xE6B8
    dd 0x6C3B, 0xE6B9
    dd 0x6C3C, 0xE6BA
    dd 0x6C3D, 0xE6BB
    dd 0x6C3E, 0xE6BC
    dd 0x6C3F, 0xE6BD
    dd 0x6C40, 0xE6BE
    dd 0x6C41, 0xE6BF
    dd 0x6C42, 0xE6C0
    dd 0x6C43, 0xE6C1
    dd 0x6C44, 0xE6C2
    dd 0x6C45, 0xE6C3
    dd 0x6C46, 0xE6C4
    dd 0x6C47, 0xE6C5
    dd 0x6C48, 0xE6C6
    dd 0x6C49, 0xE6C7
    dd 0x6C4A, 0xE6C8
    dd 0x6C4B, 0xE6C9
    dd 0x6C4C, 0xE6CA
    dd 0x6C4D, 0xE6CB
    dd 0x6C4E, 0xE6CC
    dd 0x6C4F, 0xE6CD
    dd 0x6C50, 0xE6CE
    dd 0x6C51, 0xE6CF
    dd 0x6C52, 0xE6D0
    dd 0x6C53, 0xE6D1
    dd 0x6C54, 0xE6D2
    dd 0x6C55, 0xE6D3
    dd 0x6C56, 0xE6D4
    dd 0x6C57, 0xE6D5
    dd 0x6C58, 0xE6D6
    dd 0x6C59, 0xE6D7
    dd 0x6C5A, 0xE6D8
    dd 0x6C5B, 0xE6D9
    dd 0x6C5C, 0xE6DA
    dd 0x6C5D, 0xE6DB
    dd 0x6C5E, 0xE6DC
    dd 0x6C5F, 0xE6DD
    dd 0x6C60, 0xE6DE
    dd 0x6C61, 0xE6DF
    dd 0x6C62, 0xE6E0
    dd 0x6C63, 0xE6E1
    dd 0x6C64, 0xE6E2
    dd 0x6C65, 0xE6E3
    dd 0x6C66, 0xE6E4
    dd 0x6C67, 0xE6E5
    dd 0x6C68, 0xE6E6
    dd 0x6C69, 0xE6E7
    dd 0x6C6A, 0xE6E8
    dd 0x6C6B, 0xE6E9
    dd 0x6C6C, 0xE6EA
    dd 0x6C6D, 0xE6EB
    dd 0x6C6E, 0xE6EC
    dd 0x6C6F, 0xE6ED
    dd 0x6C70, 0xE6EE
    dd 0x6C71, 0xE6EF
    dd 0x6C72, 0xE6F0
    dd 0x6C73, 0xE6F1
    dd 0x6C74, 0xE6F2
    dd 0x6C75, 0xE6F3
    dd 0x6C76, 0xE6F4
    dd 0x6C77, 0xE6F5
    dd 0x6C78, 0xE6F6
    dd 0x6C79, 0xE6F7
    dd 0x6C7A, 0xE6F8
    dd 0x6C7B, 0xE6F9
    dd 0x6C7C, 0xE6FA
    dd 0x6C7D, 0xE6FB
    dd 0x6C7E, 0xE6FC
    dd 0x6D21, 0xE740
    dd 0x6D22, 0xE741
    dd 0x6D23, 0xE742
    dd 0x6D24, 0xE743
    dd 0x6D25, 0xE744
    dd 0x6D26, 0xE745
    dd 0x6D27, 0xE746
    dd 0x6D28, 0xE747
    dd 0x6D29, 0xE748
    dd 0x6D2A, 0xE749
    dd 0x6D2B, 0xE74A
    dd 0x6D2C, 0xE74B
    dd 0x6D2D, 0xE74C
    dd 0x6D2E, 0xE74D
    dd 0x6D2F, 0xE74E
    dd 0x6D30, 0xE74F
    dd 0x6D31, 0xE750
    dd 0x6D32, 0xE751
    dd 0x6D33, 0xE752
    dd 0x6D34, 0xE753
    dd 0x6D35, 0xE754
    dd 0x6D36, 0xE755
    dd 0x6D37, 0xE756
    dd 0x6D38, 0xE757
    dd 0x6D39, 0xE758
    dd 0x6D3A, 0xE759
    dd 0x6D3B, 0xE75A
    dd 0x6D3C, 0xE75B
    dd 0x6D3D, 0xE75C
    dd 0x6D3E, 0xE75D
    dd 0x6D3F, 0xE75E
    dd 0x6D40, 0xE75F
    dd 0x6D41, 0xE760
    dd 0x6D42, 0xE761
    dd 0x6D43, 0xE762
    dd 0x6D44, 0xE763
    dd 0x6D45, 0xE764
    dd 0x6D46, 0xE765
    dd 0x6D47, 0xE766
    dd 0x6D48, 0xE767
    dd 0x6D49, 0xE768
    dd 0x6D4A, 0xE769
    dd 0x6D4B, 0xE76A
    dd 0x6D4C, 0xE76B
    dd 0x6D4D, 0xE76C
    dd 0x6D4E, 0xE76D
    dd 0x6D4F, 0xE76E
    dd 0x6D50, 0xE76F
    dd 0x6D51, 0xE770
    dd 0x6D52, 0xE771
    dd 0x6D53, 0xE772
    dd 0x6D54, 0xE773
    dd 0x6D55, 0xE774
    dd 0x6D56, 0xE775
    dd 0x6D57, 0xE776
    dd 0x6D58, 0xE777
    dd 0x6D59, 0xE778
    dd 0x6D5A, 0xE779
    dd 0x6D5B, 0xE77A
    dd 0x6D5C, 0xE77B
    dd 0x6D5D, 0xE77C
    dd 0x6D5E, 0xE77D
    dd 0x6D5F, 0xE77E
    dd 0x6D60, 0xE780
    dd 0x6D61, 0xE781
    dd 0x6D62, 0xE782
    dd 0x6D63, 0xE783
    dd 0x6D64, 0xE784
    dd 0x6D65, 0xE785
    dd 0x6D66, 0xE786
    dd 0x6D67, 0xE787
    dd 0x6D68, 0xE788
    dd 0x6D69, 0xE789
    dd 0x6D6A, 0xE78A
    dd 0x6D6B, 0xE78B
    dd 0x6D6C, 0xE78C
    dd 0x6D6D, 0xE78D
    dd 0x6D6E, 0xE78E
    dd 0x6D6F, 0xE78F
    dd 0x6D70, 0xE790
    dd 0x6D71, 0xE791
    dd 0x6D72, 0xE792
    dd 0x6D73, 0xE793
    dd 0x6D74, 0xE794
    dd 0x6D75, 0xE795
    dd 0x6D76, 0xE796
    dd 0x6D77, 0xE797
    dd 0x6D78, 0xE798
    dd 0x6D79, 0xE799
    dd 0x6D7A, 0xE79A
    dd 0x6D7B, 0xE79B
    dd 0x6D7C, 0xE79C
    dd 0x6D7D, 0xE79D
    dd 0x6D7E, 0xE79E
    dd 0x6E21, 0xE79F
    dd 0x6E22, 0xE7A0
    dd 0x6E23, 0xE7A1
    dd 0x6E24, 0xE7A2
    dd 0x6E25, 0xE7A3
    dd 0x6E26, 0xE7A4
    dd 0x6E27, 0xE7A5
    dd 0x6E28, 0xE7A6
    dd 0x6E29, 0xE7A7
    dd 0x6E2A, 0xE7A8
    dd 0x6E2B, 0xE7A9
    dd 0x6E2C, 0xE7AA
    dd 0x6E2D, 0xE7AB
    dd 0x6E2E, 0xE7AC
    dd 0x6E2F, 0xE7AD
    dd 0x6E30, 0xE7AE
    dd 0x6E31, 0xE7AF
    dd 0x6E32, 0xE7B0
    dd 0x6E33, 0xE7B1
    dd 0x6E34, 0xE7B2
    dd 0x6E35, 0xE7B3
    dd 0x6E36, 0xE7B4
    dd 0x6E37, 0xE7B5
    dd 0x6E38, 0xE7B6
    dd 0x6E39, 0xE7B7
    dd 0x6E3A, 0xE7B8
    dd 0x6E3B, 0xE7B9
    dd 0x6E3C, 0xE7BA
    dd 0x6E3D, 0xE7BB
    dd 0x6E3E, 0xE7BC
    dd 0x6E3F, 0xE7BD
    dd 0x6E40, 0xE7BE
    dd 0x6E41, 0xE7BF
    dd 0x6E42, 0xE7C0
    dd 0x6E43, 0xE7C1
    dd 0x6E44, 0xE7C2
    dd 0x6E45, 0xE7C3
    dd 0x6E46, 0xE7C4
    dd 0x6E47, 0xE7C5
    dd 0x6E48, 0xE7C6
    dd 0x6E49, 0xE7C7
    dd 0x6E4A, 0xE7C8
    dd 0x6E4B, 0xE7C9
    dd 0x6E4C, 0xE7CA
    dd 0x6E4D, 0xE7CB
    dd 0x6E4E, 0xE7CC
    dd 0x6E4F, 0xE7CD
    dd 0x6E50, 0xE7CE
    dd 0x6E51, 0xE7CF
    dd 0x6E52, 0xE7D0
    dd 0x6E53, 0xE7D1
    dd 0x6E54, 0xE7D2
    dd 0x6E55, 0xE7D3
    dd 0x6E56, 0xE7D4
    dd 0x6E57, 0xE7D5
    dd 0x6E58, 0xE7D6
    dd 0x6E59, 0xE7D7
    dd 0x6E5A, 0xE7D8
    dd 0x6E5B, 0xE7D9
    dd 0x6E5C, 0xE7DA
    dd 0x6E5D, 0xE7DB
    dd 0x6E5E, 0xE7DC
    dd 0x6E5F, 0xE7DD
    dd 0x6E60, 0xE7DE
    dd 0x6E61, 0xE7DF
    dd 0x6E62, 0xE7E0
    dd 0x6E63, 0xE7E1
    dd 0x6E64, 0xE7E2
    dd 0x6E65, 0xE7E3
    dd 0x6E66, 0xE7E4
    dd 0x6E67, 0xE7E5
    dd 0x6E68, 0xE7E6
    dd 0x6E69, 0xE7E7
    dd 0x6E6A, 0xE7E8
    dd 0x6E6B, 0xE7E9
    dd 0x6E6C, 0xE7EA
    dd 0x6E6D, 0xE7EB
    dd 0x6E6E, 0xE7EC
    dd 0x6E6F, 0xE7ED
    dd 0x6E70, 0xE7EE
    dd 0x6E71, 0xE7EF
    dd 0x6E72, 0xE7F0
    dd 0x6E73, 0xE7F1
    dd 0x6E74, 0xE7F2
    dd 0x6E75, 0xE7F3
    dd 0x6E76, 0xE7F4
    dd 0x6E77, 0xE7F5
    dd 0x6E78, 0xE7F6
    dd 0x6E79, 0xE7F7
    dd 0x6E7A, 0xE7F8
    dd 0x6E7B, 0xE7F9
    dd 0x6E7C, 0xE7FA
    dd 0x6E7D, 0xE7FB
    dd 0x6E7E, 0xE7FC
    dd 0x6F21, 0xE840
    dd 0x6F22, 0xE841
    dd 0x6F23, 0xE842
    dd 0x6F24, 0xE843
    dd 0x6F25, 0xE844
    dd 0x6F26, 0xE845
    dd 0x6F27, 0xE846
    dd 0x6F28, 0xE847
    dd 0x6F29, 0xE848
    dd 0x6F2A, 0xE849
    dd 0x6F2B, 0xE84A
    dd 0x6F2C, 0xE84B
    dd 0x6F2D, 0xE84C
    dd 0x6F2E, 0xE84D
    dd 0x6F2F, 0xE84E
    dd 0x6F30, 0xE84F
    dd 0x6F31, 0xE850
    dd 0x6F32, 0xE851
    dd 0x6F33, 0xE852
    dd 0x6F34, 0xE853
    dd 0x6F35, 0xE854
    dd 0x6F36, 0xE855
    dd 0x6F37, 0xE856
    dd 0x6F38, 0xE857
    dd 0x6F39, 0xE858
    dd 0x6F3A, 0xE859
    dd 0x6F3B, 0xE85A
    dd 0x6F3C, 0xE85B
    dd 0x6F3D, 0xE85C
    dd 0x6F3E, 0xE85D
    dd 0x6F3F, 0xE85E
    dd 0x6F40, 0xE85F
    dd 0x6F41, 0xE860
    dd 0x6F42, 0xE861
    dd 0x6F43, 0xE862
    dd 0x6F44, 0xE863
    dd 0x6F45, 0xE864
    dd 0x6F46, 0xE865
    dd 0x6F47, 0xE866
    dd 0x6F48, 0xE867
    dd 0x6F49, 0xE868
    dd 0x6F4A, 0xE869
    dd 0x6F4B, 0xE86A
    dd 0x6F4C, 0xE86B
    dd 0x6F4D, 0xE86C
    dd 0x6F4E, 0xE86D
    dd 0x6F4F, 0xE86E
    dd 0x6F50, 0xE86F
    dd 0x6F51, 0xE870
    dd 0x6F52, 0xE871
    dd 0x6F53, 0xE872
    dd 0x6F54, 0xE873
    dd 0x6F55, 0xE874
    dd 0x6F56, 0xE875
    dd 0x6F57, 0xE876
    dd 0x6F58, 0xE877
    dd 0x6F59, 0xE878
    dd 0x6F5A, 0xE879
    dd 0x6F5B, 0xE87A
    dd 0x6F5C, 0xE87B
    dd 0x6F5D, 0xE87C
    dd 0x6F5E, 0xE87D
    dd 0x6F5F, 0xE87E
    dd 0x6F60, 0xE880
    dd 0x6F61, 0xE881
    dd 0x6F62, 0xE882
    dd 0x6F63, 0xE883
    dd 0x6F64, 0xE884
    dd 0x6F65, 0xE885
    dd 0x6F66, 0xE886
    dd 0x6F67, 0xE887
    dd 0x6F68, 0xE888
    dd 0x6F69, 0xE889
    dd 0x6F6A, 0xE88A
    dd 0x6F6B, 0xE88B
    dd 0x6F6C, 0xE88C
    dd 0x6F6D, 0xE88D
    dd 0x6F6E, 0xE88E
    dd 0x6F6F, 0xE88F
    dd 0x6F70, 0xE890
    dd 0x6F71, 0xE891
    dd 0x6F72, 0xE892
    dd 0x6F73, 0xE893
    dd 0x6F74, 0xE894
    dd 0x6F75, 0xE895
    dd 0x6F76, 0xE896
    dd 0x6F77, 0xE897
    dd 0x6F78, 0xE898
    dd 0x6F79, 0xE899
    dd 0x6F7A, 0xE89A
    dd 0x6F7B, 0xE89B
    dd 0x6F7C, 0xE89C
    dd 0x6F7D, 0xE89D
    dd 0x6F7E, 0xE89E
    dd 0x7021, 0xE89F
    dd 0x7022, 0xE8A0
    dd 0x7023, 0xE8A1
    dd 0x7024, 0xE8A2
    dd 0x7025, 0xE8A3
    dd 0x7026, 0xE8A4
    dd 0x7027, 0xE8A5
    dd 0x7028, 0xE8A6
    dd 0x7029, 0xE8A7
    dd 0x702A, 0xE8A8
    dd 0x702B, 0xE8A9
    dd 0x702C, 0xE8AA
    dd 0x702D, 0xE8AB
    dd 0x702E, 0xE8AC
    dd 0x702F, 0xE8AD
    dd 0x7030, 0xE8AE
    dd 0x7031, 0xE8AF
    dd 0x7032, 0xE8B0
    dd 0x7033, 0xE8B1
    dd 0x7034, 0xE8B2
    dd 0x7035, 0xE8B3
    dd 0x7036, 0xE8B4
    dd 0x7037, 0xE8B5
    dd 0x7038, 0xE8B6
    dd 0x7039, 0xE8B7
    dd 0x703A, 0xE8B8
    dd 0x703B, 0xE8B9
    dd 0x703C, 0xE8BA
    dd 0x703D, 0xE8BB
    dd 0x703E, 0xE8BC
    dd 0x703F, 0xE8BD
    dd 0x7040, 0xE8BE
    dd 0x7041, 0xE8BF
    dd 0x7042, 0xE8C0
    dd 0x7043, 0xE8C1
    dd 0x7044, 0xE8C2
    dd 0x7045, 0xE8C3
    dd 0x7046, 0xE8C4
    dd 0x7047, 0xE8C5
    dd 0x7048, 0xE8C6
    dd 0x7049, 0xE8C7
    dd 0x704A, 0xE8C8
    dd 0x704B, 0xE8C9
    dd 0x704C, 0xE8CA
    dd 0x704D, 0xE8CB
    dd 0x704E, 0xE8CC
    dd 0x704F, 0xE8CD
    dd 0x7050, 0xE8CE
    dd 0x7051, 0xE8CF
    dd 0x7052, 0xE8D0
    dd 0x7053, 0xE8D1
    dd 0x7054, 0xE8D2
    dd 0x7055, 0xE8D3
    dd 0x7056, 0xE8D4
    dd 0x7057, 0xE8D5
    dd 0x7058, 0xE8D6
    dd 0x7059, 0xE8D7
    dd 0x705A, 0xE8D8
    dd 0x705B, 0xE8D9
    dd 0x705C, 0xE8DA
    dd 0x705D, 0xE8DB
    dd 0x705E, 0xE8DC
    dd 0x705F, 0xE8DD
    dd 0x7060, 0xE8DE
    dd 0x7061, 0xE8DF
    dd 0x7062, 0xE8E0
    dd 0x7063, 0xE8E1
    dd 0x7064, 0xE8E2
    dd 0x7065, 0xE8E3
    dd 0x7066, 0xE8E4
    dd 0x7067, 0xE8E5
    dd 0x7068, 0xE8E6
    dd 0x7069, 0xE8E7
    dd 0x706A, 0xE8E8
    dd 0x706B, 0xE8E9
    dd 0x706C, 0xE8EA
    dd 0x706D, 0xE8EB
    dd 0x706E, 0xE8EC
    dd 0x706F, 0xE8ED
    dd 0x7070, 0xE8EE
    dd 0x7071, 0xE8EF
    dd 0x7072, 0xE8F0
    dd 0x7073, 0xE8F1
    dd 0x7074, 0xE8F2
    dd 0x7075, 0xE8F3
    dd 0x7076, 0xE8F4
    dd 0x7077, 0xE8F5
    dd 0x7078, 0xE8F6
    dd 0x7079, 0xE8F7
    dd 0x707A, 0xE8F8
    dd 0x707B, 0xE8F9
    dd 0x707C, 0xE8FA
    dd 0x707D, 0xE8FB
    dd 0x707E, 0xE8FC
    dd 0x7121, 0xE940
    dd 0x7122, 0xE941
    dd 0x7123, 0xE942
    dd 0x7124, 0xE943
    dd 0x7125, 0xE944
    dd 0x7126, 0xE945
    dd 0x7127, 0xE946
    dd 0x7128, 0xE947
    dd 0x7129, 0xE948
    dd 0x712A, 0xE949
    dd 0x712B, 0xE94A
    dd 0x712C, 0xE94B
    dd 0x712D, 0xE94C
    dd 0x712E, 0xE94D
    dd 0x712F, 0xE94E
    dd 0x7130, 0xE94F
    dd 0x7131, 0xE950
    dd 0x7132, 0xE951
    dd 0x7133, 0xE952
    dd 0x7134, 0xE953
    dd 0x7135, 0xE954
    dd 0x7136, 0xE955
    dd 0x7137, 0xE956
    dd 0x7138, 0xE957
    dd 0x7139, 0xE958
    dd 0x713A, 0xE959
    dd 0x713B, 0xE95A
    dd 0x713C, 0xE95B
    dd 0x713D, 0xE95C
    dd 0x713E, 0xE95D
    dd 0x713F, 0xE95E
    dd 0x7140, 0xE95F
    dd 0x7141, 0xE960
    dd 0x7142, 0xE961
    dd 0x7143, 0xE962
    dd 0x7144, 0xE963
    dd 0x7145, 0xE964
    dd 0x7146, 0xE965
    dd 0x7147, 0xE966
    dd 0x7148, 0xE967
    dd 0x7149, 0xE968
    dd 0x714A, 0xE969
    dd 0x714B, 0xE96A
    dd 0x714C, 0xE96B
    dd 0x714D, 0xE96C
    dd 0x714E, 0xE96D
    dd 0x714F, 0xE96E
    dd 0x7150, 0xE96F
    dd 0x7151, 0xE970
    dd 0x7152, 0xE971
    dd 0x7153, 0xE972
    dd 0x7154, 0xE973
    dd 0x7155, 0xE974
    dd 0x7156, 0xE975
    dd 0x7157, 0xE976
    dd 0x7158, 0xE977
    dd 0x7159, 0xE978
    dd 0x715A, 0xE979
    dd 0x715B, 0xE97A
    dd 0x715C, 0xE97B
    dd 0x715D, 0xE97C
    dd 0x715E, 0xE97D
    dd 0x715F, 0xE97E
    dd 0x7160, 0xE980
    dd 0x7161, 0xE981
    dd 0x7162, 0xE982
    dd 0x7163, 0xE983
    dd 0x7164, 0xE984
    dd 0x7165, 0xE985
    dd 0x7166, 0xE986
    dd 0x7167, 0xE987
    dd 0x7168, 0xE988
    dd 0x7169, 0xE989
    dd 0x716A, 0xE98A
    dd 0x716B, 0xE98B
    dd 0x716C, 0xE98C
    dd 0x716D, 0xE98D
    dd 0x716E, 0xE98E
    dd 0x716F, 0xE98F
    dd 0x7170, 0xE990
    dd 0x7171, 0xE991
    dd 0x7172, 0xE992
    dd 0x7173, 0xE993
    dd 0x7174, 0xE994
    dd 0x7175, 0xE995
    dd 0x7176, 0xE996
    dd 0x7177, 0xE997
    dd 0x7178, 0xE998
    dd 0x7179, 0xE999
    dd 0x717A, 0xE99A
    dd 0x717B, 0xE99B
    dd 0x717C, 0xE99C
    dd 0x717D, 0xE99D
    dd 0x717E, 0xE99E
    dd 0x7221, 0xE99F
    dd 0x7222, 0xE9A0
    dd 0x7223, 0xE9A1
    dd 0x7224, 0xE9A2
    dd 0x7225, 0xE9A3
    dd 0x7226, 0xE9A4
    dd 0x7227, 0xE9A5
    dd 0x7228, 0xE9A6
    dd 0x7229, 0xE9A7
    dd 0x722A, 0xE9A8
    dd 0x722B, 0xE9A9
    dd 0x722C, 0xE9AA
    dd 0x722D, 0xE9AB
    dd 0x722E, 0xE9AC
    dd 0x722F, 0xE9AD
    dd 0x7230, 0xE9AE
    dd 0x7231, 0xE9AF
    dd 0x7232, 0xE9B0
    dd 0x7233, 0xE9B1
    dd 0x7234, 0xE9B2
    dd 0x7235, 0xE9B3
    dd 0x7236, 0xE9B4
    dd 0x7237, 0xE9B5
    dd 0x7238, 0xE9B6
    dd 0x7239, 0xE9B7
    dd 0x723A, 0xE9B8
    dd 0x723B, 0xE9B9
    dd 0x723C, 0xE9BA
    dd 0x723D, 0xE9BB
    dd 0x723E, 0xE9BC
    dd 0x723F, 0xE9BD
    dd 0x7240, 0xE9BE
    dd 0x7241, 0xE9BF
    dd 0x7242, 0xE9C0
    dd 0x7243, 0xE9C1
    dd 0x7244, 0xE9C2
    dd 0x7245, 0xE9C3
    dd 0x7246, 0xE9C4
    dd 0x7247, 0xE9C5
    dd 0x7248, 0xE9C6
    dd 0x7249, 0xE9C7
    dd 0x724A, 0xE9C8
    dd 0x724B, 0xE9C9
    dd 0x724C, 0xE9CA
    dd 0x724D, 0xE9CB
    dd 0x724E, 0xE9CC
    dd 0x724F, 0xE9CD
    dd 0x7250, 0xE9CE
    dd 0x7251, 0xE9CF
    dd 0x7252, 0xE9D0
    dd 0x7253, 0xE9D1
    dd 0x7254, 0xE9D2
    dd 0x7255, 0xE9D3
    dd 0x7256, 0xE9D4
    dd 0x7257, 0xE9D5
    dd 0x7258, 0xE9D6
    dd 0x7259, 0xE9D7
    dd 0x725A, 0xE9D8
    dd 0x725B, 0xE9D9
    dd 0x725C, 0xE9DA
    dd 0x725D, 0xE9DB
    dd 0x725E, 0xE9DC
    dd 0x725F, 0xE9DD
    dd 0x7260, 0xE9DE
    dd 0x7261, 0xE9DF
    dd 0x7262, 0xE9E0
    dd 0x7263, 0xE9E1
    dd 0x7264, 0xE9E2
    dd 0x7265, 0xE9E3
    dd 0x7266, 0xE9E4
    dd 0x7267, 0xE9E5
    dd 0x7268, 0xE9E6
    dd 0x7269, 0xE9E7
    dd 0x726A, 0xE9E8
    dd 0x726B, 0xE9E9
    dd 0x726C, 0xE9EA
    dd 0x726D, 0xE9EB
    dd 0x726E, 0xE9EC
    dd 0x726F, 0xE9ED
    dd 0x7270, 0xE9EE
    dd 0x7271, 0xE9EF
    dd 0x7272, 0xE9F0
    dd 0x7273, 0xE9F1
    dd 0x7274, 0xE9F2
    dd 0x7275, 0xE9F3
    dd 0x7276, 0xE9F4
    dd 0x7277, 0xE9F5
    dd 0x7278, 0xE9F6
    dd 0x7279, 0xE9F7
    dd 0x727A, 0xE9F8
    dd 0x727B, 0xE9F9
    dd 0x727C, 0xE9FA
    dd 0x727D, 0xE9FB
    dd 0x727E, 0xE9FC
    dd 0x7321, 0xEA40
    dd 0x7322, 0xEA41
    dd 0x7323, 0xEA42
    dd 0x7324, 0xEA43
    dd 0x7325, 0xEA44
    dd 0x7326, 0xEA45
    dd 0x7327, 0xEA46
    dd 0x7328, 0xEA47
    dd 0x7329, 0xEA48
    dd 0x732A, 0xEA49
    dd 0x732B, 0xEA4A
    dd 0x732C, 0xEA4B
    dd 0x732D, 0xEA4C
    dd 0x732E, 0xEA4D
    dd 0x732F, 0xEA4E
    dd 0x7330, 0xEA4F
    dd 0x7331, 0xEA50
    dd 0x7332, 0xEA51
    dd 0x7333, 0xEA52
    dd 0x7334, 0xEA53
    dd 0x7335, 0xEA54
    dd 0x7336, 0xEA55
    dd 0x7337, 0xEA56
    dd 0x7338, 0xEA57
    dd 0x7339, 0xEA58
    dd 0x733A, 0xEA59
    dd 0x733B, 0xEA5A
    dd 0x733C, 0xEA5B
    dd 0x733D, 0xEA5C
    dd 0x733E, 0xEA5D
    dd 0x733F, 0xEA5E
    dd 0x7340, 0xEA5F
    dd 0x7341, 0xEA60
    dd 0x7342, 0xEA61
    dd 0x7343, 0xEA62
    dd 0x7344, 0xEA63
    dd 0x7345, 0xEA64
    dd 0x7346, 0xEA65
    dd 0x7347, 0xEA66
    dd 0x7348, 0xEA67
    dd 0x7349, 0xEA68
    dd 0x734A, 0xEA69
    dd 0x734B, 0xEA6A
    dd 0x734C, 0xEA6B
    dd 0x734D, 0xEA6C
    dd 0x734E, 0xEA6D
    dd 0x734F, 0xEA6E
    dd 0x7350, 0xEA6F
    dd 0x7351, 0xEA70
    dd 0x7352, 0xEA71
    dd 0x7353, 0xEA72
    dd 0x7354, 0xEA73
    dd 0x7355, 0xEA74
    dd 0x7356, 0xEA75
    dd 0x7357, 0xEA76
    dd 0x7358, 0xEA77
    dd 0x7359, 0xEA78
    dd 0x735A, 0xEA79
    dd 0x735B, 0xEA7A
    dd 0x735C, 0xEA7B
    dd 0x735D, 0xEA7C
    dd 0x735E, 0xEA7D
    dd 0x735F, 0xEA7E
    dd 0x7360, 0xEA80
    dd 0x7361, 0xEA81
    dd 0x7362, 0xEA82
    dd 0x7363, 0xEA83
    dd 0x7364, 0xEA84
    dd 0x7365, 0xEA85
    dd 0x7366, 0xEA86
    dd 0x7367, 0xEA87
    dd 0x7368, 0xEA88
    dd 0x7369, 0xEA89
    dd 0x736A, 0xEA8A
    dd 0x736B, 0xEA8B
    dd 0x736C, 0xEA8C
    dd 0x736D, 0xEA8D
    dd 0x736E, 0xEA8E
    dd 0x736F, 0xEA8F
    dd 0x7370, 0xEA90
    dd 0x7371, 0xEA91
    dd 0x7372, 0xEA92
    dd 0x7373, 0xEA93
    dd 0x7374, 0xEA94
    dd 0x7375, 0xEA95
    dd 0x7376, 0xEA96
    dd 0x7377, 0xEA97
    dd 0x7378, 0xEA98
    dd 0x7379, 0xEA99
    dd 0x737A, 0xEA9A
    dd 0x737B, 0xEA9B
    dd 0x737C, 0xEA9C
    dd 0x737D, 0xEA9D
    dd 0x737E, 0xEA9E
    dd 0x7421, 0xEA9F
    dd 0x7422, 0xEAA0
    dd 0x7423, 0xEAA1
    dd 0x7424, 0xEAA2
    dd 0x7425, 0xEAA3
    dd 0x7426, 0xEAA4
    dd 0xFFFFFFFF, 0  ; sentinel

global _eucjp_from_unicode_count
_eucjp_from_unicode_count: dq 6879

%endif ; GUARD_LIB_STR_ENCODING_TABLES_EUC_JP_TABLE_ASM
