; ============================================================
; str/encoding/tables/euc_kr_table.asm
; EUC-KR (KS X 1001) → Unicode
;
; Source: KSC5601.TXT (Unicode MAPPINGS)
; *** GENERATED by tools/gen_encoding_tables.py — DO NOT EDIT ***
; ============================================================

%include "arch/common/types.inc"

section .rodata
align 16

global _euckr_to_unicode
_euckr_to_unicode:
    dw 0x3000, 0x3001, 0x3002, 0x00B7, 0x2025, 0x2026, 0x00A8, 0x3003, 0x00AD, 0x2015, 0x2225, 0xFF3C
    dw 0x223C, 0x2018, 0x2019, 0x201C, 0x201D, 0x3014, 0x3015, 0x3008, 0x3009, 0x300A, 0x300B, 0x300C
    dw 0x300D, 0x300E, 0x300F, 0x3010, 0x3011, 0x00B1, 0x00D7, 0x00F7, 0x2260, 0x2264, 0x2265, 0x221E
    dw 0x2234, 0x00B0, 0x2032, 0x2033, 0x2103, 0x212B, 0xFFE0, 0xFFE1, 0xFFE5, 0x2642, 0x2640, 0x2220
    dw 0x22A5, 0x2312, 0x2202, 0x2207, 0x2261, 0x2252, 0x00A7, 0x203B, 0x2606, 0x2605, 0x25CB, 0x25CF
    dw 0x25CE, 0x25C7, 0x25C6, 0x25A1, 0x25A0, 0x25B3, 0x25B2, 0x25BD, 0x25BC, 0x2192, 0x2190, 0x2191
    dw 0x2193, 0x2194, 0x3013, 0x226A, 0x226B, 0x221A, 0x223D, 0x221D, 0x2235, 0x222B, 0x222C, 0x2208
    dw 0x220B, 0x2286, 0x2287, 0x2282, 0x2283, 0x222A, 0x2229, 0x2227, 0x2228, 0xFFE2, 0x21D2, 0x21D4
    dw 0x2200, 0x2203, 0x00B4, 0xFF5E, 0x02C7, 0x02D8, 0x02DD, 0x02DA, 0x02D9, 0x00B8, 0x02DB, 0x00A1
    dw 0x00BF, 0x02D0, 0x222E, 0x2211, 0x220F, 0x00A4, 0x2109, 0x2030, 0x25C1, 0x25C0, 0x25B7, 0x25B6
    dw 0x2664, 0x2660, 0x2661, 0x2665, 0x2667, 0x2663, 0x2299, 0x25C8, 0x25A3, 0x25D0, 0x25D1, 0x2592
    dw 0x25A4, 0x25A5, 0x25A8, 0x25A7, 0x25A6, 0x25A9, 0x2668, 0x260F, 0x260E, 0x261C, 0x261E, 0x00B6
    dw 0x2020, 0x2021, 0x2195, 0x2197, 0x2199, 0x2196, 0x2198, 0x266D, 0x2669, 0x266A, 0x266C, 0x327F
    dw 0x321C, 0x2116, 0x33C7, 0x2122, 0x33C2, 0x33D8, 0x2121, 0x0000, 0x0000, 0x0000, 0x0000, 0x0000
    dw 0x0000, 0x0000, 0x0000, 0x0000, 0x0000, 0x0000, 0x0000, 0x0000, 0x0000, 0x0000, 0x0000, 0x0000
    dw 0x0000, 0x0000, 0x0000, 0x0000, 0x0000, 0x0000, 0x0000, 0x0000, 0xFF01, 0xFF02, 0xFF03, 0xFF04
    dw 0xFF05, 0xFF06, 0xFF07, 0xFF08, 0xFF09, 0xFF0A, 0xFF0B, 0xFF0C, 0xFF0D, 0xFF0E, 0xFF0F, 0xFF10
    dw 0xFF11, 0xFF12, 0xFF13, 0xFF14, 0xFF15, 0xFF16, 0xFF17, 0xFF18, 0xFF19, 0xFF1A, 0xFF1B, 0xFF1C
    dw 0xFF1D, 0xFF1E, 0xFF1F, 0xFF20, 0xFF21, 0xFF22, 0xFF23, 0xFF24, 0xFF25, 0xFF26, 0xFF27, 0xFF28
    dw 0xFF29, 0xFF2A, 0xFF2B, 0xFF2C, 0xFF2D, 0xFF2E, 0xFF2F, 0xFF30, 0xFF31, 0xFF32, 0xFF33, 0xFF34
    dw 0xFF35, 0xFF36, 0xFF37, 0xFF38, 0xFF39, 0xFF3A, 0xFF3B, 0xFFE6, 0xFF3D, 0xFF3E, 0xFF3F, 0xFF40
    dw 0xFF41, 0xFF42, 0xFF43, 0xFF44, 0xFF45, 0xFF46, 0xFF47, 0xFF48, 0xFF49, 0xFF4A, 0xFF4B, 0xFF4C
    dw 0xFF4D, 0xFF4E, 0xFF4F, 0xFF50, 0xFF51, 0xFF52, 0xFF53, 0xFF54, 0xFF55, 0xFF56, 0xFF57, 0xFF58
    dw 0xFF59, 0xFF5A, 0xFF5B, 0xFF5C, 0xFF5D, 0xFFE3, 0x3131, 0x3132, 0x3133, 0x3134, 0x3135, 0x3136
    dw 0x3137, 0x3138, 0x3139, 0x313A, 0x313B, 0x313C, 0x313D, 0x313E, 0x313F, 0x3140, 0x3141, 0x3142
    dw 0x3143, 0x3144, 0x3145, 0x3146, 0x3147, 0x3148, 0x3149, 0x314A, 0x314B, 0x314C, 0x314D, 0x314E
    dw 0x314F, 0x3150, 0x3151, 0x3152, 0x3153, 0x3154, 0x3155, 0x3156, 0x3157, 0x3158, 0x3159, 0x315A
    dw 0x315B, 0x315C, 0x315D, 0x315E, 0x315F, 0x3160, 0x3161, 0x3162, 0x3163, 0x3164, 0x3165, 0x3166
    dw 0x3167, 0x3168, 0x3169, 0x316A, 0x316B, 0x316C, 0x316D, 0x316E, 0x316F, 0x3170, 0x3171, 0x3172
    dw 0x3173, 0x3174, 0x3175, 0x3176, 0x3177, 0x3178, 0x3179, 0x317A, 0x317B, 0x317C, 0x317D, 0x317E
    dw 0x317F, 0x3180, 0x3181, 0x3182, 0x3183, 0x3184, 0x3185, 0x3186, 0x3187, 0x3188, 0x3189, 0x318A
    dw 0x318B, 0x318C, 0x318D, 0x318E, 0x2170, 0x2171, 0x2172, 0x2173, 0x2174, 0x2175, 0x2176, 0x2177
    dw 0x2178, 0x2179, 0x0000, 0x0000, 0x0000, 0x0000, 0x0000, 0x2160, 0x2161, 0x2162, 0x2163, 0x2164
    dw 0x2165, 0x2166, 0x2167, 0x2168, 0x2169, 0x0000, 0x0000, 0x0000, 0x0000, 0x0000, 0x0000, 0x0000
    dw 0x0391, 0x0392, 0x0393, 0x0394, 0x0395, 0x0396, 0x0397, 0x0398, 0x0399, 0x039A, 0x039B, 0x039C
    dw 0x039D, 0x039E, 0x039F, 0x03A0, 0x03A1, 0x03A3, 0x03A4, 0x03A5, 0x03A6, 0x03A7, 0x03A8, 0x03A9
    dw 0x0000, 0x0000, 0x0000, 0x0000, 0x0000, 0x0000, 0x0000, 0x0000, 0x03B1, 0x03B2, 0x03B3, 0x03B4
    dw 0x03B5, 0x03B6, 0x03B7, 0x03B8, 0x03B9, 0x03BA, 0x03BB, 0x03BC, 0x03BD, 0x03BE, 0x03BF, 0x03C0
    dw 0x03C1, 0x03C3, 0x03C4, 0x03C5, 0x03C6, 0x03C7, 0x03C8, 0x03C9, 0x0000, 0x0000, 0x0000, 0x0000
    dw 0x0000, 0x0000, 0x2500, 0x2502, 0x250C, 0x2510, 0x2518, 0x2514, 0x251C, 0x252C, 0x2524, 0x2534
    dw 0x253C, 0x2501, 0x2503, 0x250F, 0x2513, 0x251B, 0x2517, 0x2523, 0x2533, 0x252B, 0x253B, 0x254B
    dw 0x2520, 0x252F, 0x2528, 0x2537, 0x253F, 0x251D, 0x2530, 0x2525, 0x2538, 0x2542, 0x2512, 0x2511
    dw 0x251A, 0x2519, 0x2516, 0x2515, 0x250E, 0x250D, 0x251E, 0x251F, 0x2521, 0x2522, 0x2526, 0x2527
    dw 0x2529, 0x252A, 0x252D, 0x252E, 0x2531, 0x2532, 0x2535, 0x2536, 0x2539, 0x253A, 0x253D, 0x253E
    dw 0x2540, 0x2541, 0x2543, 0x2544, 0x2545, 0x2546, 0x2547, 0x2548, 0x2549, 0x254A, 0x0000, 0x0000
    dw 0x0000, 0x0000, 0x0000, 0x0000, 0x0000, 0x0000, 0x0000, 0x0000, 0x0000, 0x0000, 0x0000, 0x0000
    dw 0x0000, 0x0000, 0x0000, 0x0000, 0x0000, 0x0000, 0x0000, 0x0000, 0x0000, 0x0000, 0x0000, 0x0000
    dw 0x3395, 0x3396, 0x3397, 0x2113, 0x3398, 0x33C4, 0x33A3, 0x33A4, 0x33A5, 0x33A6, 0x3399, 0x339A
    dw 0x339B, 0x339C, 0x339D, 0x339E, 0x339F, 0x33A0, 0x33A1, 0x33A2, 0x33CA, 0x338D, 0x338E, 0x338F
    dw 0x33CF, 0x3388, 0x3389, 0x33C8, 0x33A7, 0x33A8, 0x33B0, 0x33B1, 0x33B2, 0x33B3, 0x33B4, 0x33B5
    dw 0x33B6, 0x33B7, 0x33B8, 0x33B9, 0x3380, 0x3381, 0x3382, 0x3383, 0x3384, 0x33BA, 0x33BB, 0x33BC
    dw 0x33BD, 0x33BE, 0x33BF, 0x3390, 0x3391, 0x3392, 0x3393, 0x3394, 0x2126, 0x33C0, 0x33C1, 0x338A
    dw 0x338B, 0x338C, 0x33D6, 0x33C5, 0x33AD, 0x33AE, 0x33AF, 0x33DB, 0x33A9, 0x33AA, 0x33AB, 0x33AC
    dw 0x33DD, 0x33D0, 0x33D3, 0x33C3, 0x33C9, 0x33DC, 0x33C6, 0x0000, 0x0000, 0x0000, 0x0000, 0x0000
    dw 0x0000, 0x0000, 0x0000, 0x0000, 0x0000, 0x0000, 0x0000, 0x0000, 0x0000, 0x0000, 0x00C6, 0x00D0
    dw 0x00AA, 0x0126, 0x0000, 0x0132, 0x0000, 0x013F, 0x0141, 0x00D8, 0x0152, 0x00BA, 0x00DE, 0x0166
    dw 0x014A, 0x0000, 0x3260, 0x3261, 0x3262, 0x3263, 0x3264, 0x3265, 0x3266, 0x3267, 0x3268, 0x3269
    dw 0x326A, 0x326B, 0x326C, 0x326D, 0x326E, 0x326F, 0x3270, 0x3271, 0x3272, 0x3273, 0x3274, 0x3275
    dw 0x3276, 0x3277, 0x3278, 0x3279, 0x327A, 0x327B, 0x24D0, 0x24D1, 0x24D2, 0x24D3, 0x24D4, 0x24D5
    dw 0x24D6, 0x24D7, 0x24D8, 0x24D9, 0x24DA, 0x24DB, 0x24DC, 0x24DD, 0x24DE, 0x24DF, 0x24E0, 0x24E1
    dw 0x24E2, 0x24E3, 0x24E4, 0x24E5, 0x24E6, 0x24E7, 0x24E8, 0x24E9, 0x2460, 0x2461, 0x2462, 0x2463
    dw 0x2464, 0x2465, 0x2466, 0x2467, 0x2468, 0x2469, 0x246A, 0x246B, 0x246C, 0x246D, 0x246E, 0x00BD
    dw 0x2153, 0x2154, 0x00BC, 0x00BE, 0x215B, 0x215C, 0x215D, 0x215E, 0x00E6, 0x0111, 0x00F0, 0x0127
    dw 0x0131, 0x0133, 0x0138, 0x0140, 0x0142, 0x00F8, 0x0153, 0x00DF, 0x00FE, 0x0167, 0x014B, 0x0149
    dw 0x3200, 0x3201, 0x3202, 0x3203, 0x3204, 0x3205, 0x3206, 0x3207, 0x3208, 0x3209, 0x320A, 0x320B
    dw 0x320C, 0x320D, 0x320E, 0x320F, 0x3210, 0x3211, 0x3212, 0x3213, 0x3214, 0x3215, 0x3216, 0x3217
    dw 0x3218, 0x3219, 0x321A, 0x321B, 0x249C, 0x249D, 0x249E, 0x249F, 0x24A0, 0x24A1, 0x24A2, 0x24A3
    dw 0x24A4, 0x24A5, 0x24A6, 0x24A7, 0x24A8, 0x24A9, 0x24AA, 0x24AB, 0x24AC, 0x24AD, 0x24AE, 0x24AF
    dw 0x24B0, 0x24B1, 0x24B2, 0x24B3, 0x24B4, 0x24B5, 0x2474, 0x2475, 0x2476, 0x2477, 0x2478, 0x2479
    dw 0x247A, 0x247B, 0x247C, 0x247D, 0x247E, 0x247F, 0x2480, 0x2481, 0x2482, 0x00B9, 0x00B2, 0x00B3
    dw 0x2074, 0x207F, 0x2081, 0x2082, 0x2083, 0x2084, 0x3041, 0x3042, 0x3043, 0x3044, 0x3045, 0x3046
    dw 0x3047, 0x3048, 0x3049, 0x304A, 0x304B, 0x304C, 0x304D, 0x304E, 0x304F, 0x3050, 0x3051, 0x3052
    dw 0x3053, 0x3054, 0x3055, 0x3056, 0x3057, 0x3058, 0x3059, 0x305A, 0x305B, 0x305C, 0x305D, 0x305E
    dw 0x305F, 0x3060, 0x3061, 0x3062, 0x3063, 0x3064, 0x3065, 0x3066, 0x3067, 0x3068, 0x3069, 0x306A
    dw 0x306B, 0x306C, 0x306D, 0x306E, 0x306F, 0x3070, 0x3071, 0x3072, 0x3073, 0x3074, 0x3075, 0x3076
    dw 0x3077, 0x3078, 0x3079, 0x307A, 0x307B, 0x307C, 0x307D, 0x307E, 0x307F, 0x3080, 0x3081, 0x3082
    dw 0x3083, 0x3084, 0x3085, 0x3086, 0x3087, 0x3088, 0x3089, 0x308A, 0x308B, 0x308C, 0x308D, 0x308E
    dw 0x308F, 0x3090, 0x3091, 0x3092, 0x3093, 0x0000, 0x0000, 0x0000, 0x0000, 0x0000, 0x0000, 0x0000
    dw 0x0000, 0x0000, 0x0000, 0x0000, 0x30A1, 0x30A2, 0x30A3, 0x30A4, 0x30A5, 0x30A6, 0x30A7, 0x30A8
    dw 0x30A9, 0x30AA, 0x30AB, 0x30AC, 0x30AD, 0x30AE, 0x30AF, 0x30B0, 0x30B1, 0x30B2, 0x30B3, 0x30B4
    dw 0x30B5, 0x30B6, 0x30B7, 0x30B8, 0x30B9, 0x30BA, 0x30BB, 0x30BC, 0x30BD, 0x30BE, 0x30BF, 0x30C0
    dw 0x30C1, 0x30C2, 0x30C3, 0x30C4, 0x30C5, 0x30C6, 0x30C7, 0x30C8, 0x30C9, 0x30CA, 0x30CB, 0x30CC
    dw 0x30CD, 0x30CE, 0x30CF, 0x30D0, 0x30D1, 0x30D2, 0x30D3, 0x30D4, 0x30D5, 0x30D6, 0x30D7, 0x30D8
    dw 0x30D9, 0x30DA, 0x30DB, 0x30DC, 0x30DD, 0x30DE, 0x30DF, 0x30E0, 0x30E1, 0x30E2, 0x30E3, 0x30E4
    dw 0x30E5, 0x30E6, 0x30E7, 0x30E8, 0x30E9, 0x30EA, 0x30EB, 0x30EC, 0x30ED, 0x30EE, 0x30EF, 0x30F0
    dw 0x30F1, 0x30F2, 0x30F3, 0x30F4, 0x30F5, 0x30F6, 0x0000, 0x0000, 0x0000, 0x0000, 0x0000, 0x0000
    dw 0x0000, 0x0000, 0x0410, 0x0411, 0x0412, 0x0413, 0x0414, 0x0415, 0x0401, 0x0416, 0x0417, 0x0418
    dw 0x0419, 0x041A, 0x041B, 0x041C, 0x041D, 0x041E, 0x041F, 0x0420, 0x0421, 0x0422, 0x0423, 0x0424
    dw 0x0425, 0x0426, 0x0427, 0x0428, 0x0429, 0x042A, 0x042B, 0x042C, 0x042D, 0x042E, 0x042F, 0x0000
    dw 0x0000, 0x0000, 0x0000, 0x0000, 0x0000, 0x0000, 0x0000, 0x0000, 0x0000, 0x0000, 0x0000, 0x0000
    dw 0x0000, 0x0000, 0x0430, 0x0431, 0x0432, 0x0433, 0x0434, 0x0435, 0x0451, 0x0436, 0x0437, 0x0438
    dw 0x0439, 0x043A, 0x043B, 0x043C, 0x043D, 0x043E, 0x043F, 0x0440, 0x0441, 0x0442, 0x0443, 0x0444
    dw 0x0445, 0x0446, 0x0447, 0x0448, 0x0449, 0x044A, 0x044B, 0x044C, 0x044D, 0x044E, 0x044F, 0x0000
    dw 0x0000, 0x0000, 0x0000, 0x0000, 0x0000, 0x0000, 0x0000, 0x0000, 0x0000, 0x0000, 0x0000, 0x0000
    dw 0x0000, 0x0000, 0x0000, 0x0000, 0x0000, 0x0000, 0x0000, 0x0000, 0x0000, 0x0000, 0x0000, 0x0000
    dw 0x0000, 0x0000, 0x0000, 0x0000, 0x0000, 0x0000, 0x0000, 0x0000, 0x0000, 0x0000, 0x0000, 0x0000
    dw 0x0000, 0x0000, 0x0000, 0x0000, 0x0000, 0x0000, 0x0000, 0x0000, 0x0000, 0x0000, 0x0000, 0x0000
    dw 0x0000, 0x0000, 0x0000, 0x0000, 0x0000, 0x0000, 0x0000, 0x0000, 0x0000, 0x0000, 0x0000, 0x0000
    dw 0x0000, 0x0000, 0x0000, 0x0000, 0x0000, 0x0000, 0x0000, 0x0000, 0x0000, 0x0000, 0x0000, 0x0000
    dw 0x0000, 0x0000, 0x0000, 0x0000, 0x0000, 0x0000, 0x0000, 0x0000, 0x0000, 0x0000, 0x0000, 0x0000
    dw 0x0000, 0x0000, 0x0000, 0x0000, 0x0000, 0x0000, 0x0000, 0x0000, 0x0000, 0x0000, 0x0000, 0x0000
    dw 0x0000, 0x0000, 0x0000, 0x0000, 0x0000, 0x0000, 0x0000, 0x0000, 0x0000, 0x0000, 0x0000, 0x0000
    dw 0x0000, 0x0000, 0x0000, 0x0000, 0x0000, 0x0000, 0x0000, 0x0000, 0x0000, 0x0000, 0x0000, 0x0000
    dw 0x0000, 0x0000, 0x0000, 0x0000, 0x0000, 0x0000, 0x0000, 0x0000, 0x0000, 0x0000, 0x0000, 0x0000
    dw 0x0000, 0x0000, 0x0000, 0x0000, 0x0000, 0x0000, 0x0000, 0x0000, 0x0000, 0x0000, 0x0000, 0x0000
    dw 0x0000, 0x0000, 0x0000, 0x0000, 0x0000, 0x0000, 0x0000, 0x0000, 0x0000, 0x0000, 0x0000, 0x0000
    dw 0x0000, 0x0000, 0x0000, 0x0000, 0x0000, 0x0000, 0x0000, 0x0000, 0x0000, 0x0000, 0x0000, 0x0000
    dw 0x0000, 0x0000, 0x0000, 0x0000, 0x0000, 0x0000, 0x0000, 0x0000, 0x0000, 0x0000, 0x0000, 0x0000
    dw 0x0000, 0x0000, 0x0000, 0x0000, 0x0000, 0x0000, 0x0000, 0x0000, 0x0000, 0x0000, 0x0000, 0x0000
    dw 0x0000, 0x0000, 0x0000, 0x0000, 0x0000, 0x0000, 0x0000, 0x0000, 0x0000, 0x0000, 0x0000, 0x0000
    dw 0x0000, 0x0000, 0x0000, 0x0000, 0x0000, 0x0000, 0x0000, 0x0000, 0x0000, 0x0000, 0x0000, 0x0000
    dw 0x0000, 0x0000, 0x0000, 0x0000, 0x0000, 0x0000, 0x0000, 0x0000, 0x0000, 0x0000, 0x0000, 0x0000
    dw 0x0000, 0x0000, 0x0000, 0x0000, 0x0000, 0x0000, 0x0000, 0x0000, 0x0000, 0x0000, 0x0000, 0x0000
    dw 0x0000, 0x0000, 0x0000, 0x0000, 0x0000, 0x0000, 0x0000, 0x0000, 0x0000, 0x0000, 0x0000, 0x0000
    dw 0x0000, 0x0000, 0x0000, 0x0000, 0x0000, 0x0000, 0x0000, 0x0000, 0x0000, 0x0000, 0x0000, 0x0000
    dw 0x0000, 0x0000, 0x0000, 0x0000, 0x0000, 0x0000, 0x0000, 0x0000, 0x0000, 0x0000, 0x0000, 0x0000
    dw 0x0000, 0x0000, 0x0000, 0x0000, 0x0000, 0x0000, 0x0000, 0x0000, 0x0000, 0x0000, 0x0000, 0x0000
    dw 0x0000, 0x0000, 0x0000, 0x0000, 0x0000, 0x0000, 0xAC00, 0xAC01, 0xAC04, 0xAC07, 0xAC08, 0xAC09
    dw 0xAC0A, 0xAC10, 0xAC11, 0xAC12, 0xAC13, 0xAC14, 0xAC15, 0xAC16, 0xAC17, 0xAC19, 0xAC1A, 0xAC1B
    dw 0xAC1C, 0xAC1D, 0xAC20, 0xAC24, 0xAC2C, 0xAC2D, 0xAC2F, 0xAC30, 0xAC31, 0xAC38, 0xAC39, 0xAC3C
    dw 0xAC40, 0xAC4B, 0xAC4D, 0xAC54, 0xAC58, 0xAC5C, 0xAC70, 0xAC71, 0xAC74, 0xAC77, 0xAC78, 0xAC7A
    dw 0xAC80, 0xAC81, 0xAC83, 0xAC84, 0xAC85, 0xAC86, 0xAC89, 0xAC8A, 0xAC8B, 0xAC8C, 0xAC90, 0xAC94
    dw 0xAC9C, 0xAC9D, 0xAC9F, 0xACA0, 0xACA1, 0xACA8, 0xACA9, 0xACAA, 0xACAC, 0xACAF, 0xACB0, 0xACB8
    dw 0xACB9, 0xACBB, 0xACBC, 0xACBD, 0xACC1, 0xACC4, 0xACC8, 0xACCC, 0xACD5, 0xACD7, 0xACE0, 0xACE1
    dw 0xACE4, 0xACE7, 0xACE8, 0xACEA, 0xACEC, 0xACEF, 0xACF0, 0xACF1, 0xACF3, 0xACF5, 0xACF6, 0xACFC
    dw 0xACFD, 0xAD00, 0xAD04, 0xAD06, 0xAD0C, 0xAD0D, 0xAD0F, 0xAD11, 0xAD18, 0xAD1C, 0xAD20, 0xAD29
    dw 0xAD2C, 0xAD2D, 0xAD34, 0xAD35, 0xAD38, 0xAD3C, 0xAD44, 0xAD45, 0xAD47, 0xAD49, 0xAD50, 0xAD54
    dw 0xAD58, 0xAD61, 0xAD63, 0xAD6C, 0xAD6D, 0xAD70, 0xAD73, 0xAD74, 0xAD75, 0xAD76, 0xAD7B, 0xAD7C
    dw 0xAD7D, 0xAD7F, 0xAD81, 0xAD82, 0xAD88, 0xAD89, 0xAD8C, 0xAD90, 0xAD9C, 0xAD9D, 0xADA4, 0xADB7
    dw 0xADC0, 0xADC1, 0xADC4, 0xADC8, 0xADD0, 0xADD1, 0xADD3, 0xADDC, 0xADE0, 0xADE4, 0xADF8, 0xADF9
    dw 0xADFC, 0xADFF, 0xAE00, 0xAE01, 0xAE08, 0xAE09, 0xAE0B, 0xAE0D, 0xAE14, 0xAE30, 0xAE31, 0xAE34
    dw 0xAE37, 0xAE38, 0xAE3A, 0xAE40, 0xAE41, 0xAE43, 0xAE45, 0xAE46, 0xAE4A, 0xAE4C, 0xAE4D, 0xAE4E
    dw 0xAE50, 0xAE54, 0xAE56, 0xAE5C, 0xAE5D, 0xAE5F, 0xAE60, 0xAE61, 0xAE65, 0xAE68, 0xAE69, 0xAE6C
    dw 0xAE70, 0xAE78, 0xAE79, 0xAE7B, 0xAE7C, 0xAE7D, 0xAE84, 0xAE85, 0xAE8C, 0xAEBC, 0xAEBD, 0xAEBE
    dw 0xAEC0, 0xAEC4, 0xAECC, 0xAECD, 0xAECF, 0xAED0, 0xAED1, 0xAED8, 0xAED9, 0xAEDC, 0xAEE8, 0xAEEB
    dw 0xAEED, 0xAEF4, 0xAEF8, 0xAEFC, 0xAF07, 0xAF08, 0xAF0D, 0xAF10, 0xAF2C, 0xAF2D, 0xAF30, 0xAF32
    dw 0xAF34, 0xAF3C, 0xAF3D, 0xAF3F, 0xAF41, 0xAF42, 0xAF43, 0xAF48, 0xAF49, 0xAF50, 0xAF5C, 0xAF5D
    dw 0xAF64, 0xAF65, 0xAF79, 0xAF80, 0xAF84, 0xAF88, 0xAF90, 0xAF91, 0xAF95, 0xAF9C, 0xAFB8, 0xAFB9
    dw 0xAFBC, 0xAFC0, 0xAFC7, 0xAFC8, 0xAFC9, 0xAFCB, 0xAFCD, 0xAFCE, 0xAFD4, 0xAFDC, 0xAFE8, 0xAFE9
    dw 0xAFF0, 0xAFF1, 0xAFF4, 0xAFF8, 0xB000, 0xB001, 0xB004, 0xB00C, 0xB010, 0xB014, 0xB01C, 0xB01D
    dw 0xB028, 0xB044, 0xB045, 0xB048, 0xB04A, 0xB04C, 0xB04E, 0xB053, 0xB054, 0xB055, 0xB057, 0xB059
    dw 0xB05D, 0xB07C, 0xB07D, 0xB080, 0xB084, 0xB08C, 0xB08D, 0xB08F, 0xB091, 0xB098, 0xB099, 0xB09A
    dw 0xB09C, 0xB09F, 0xB0A0, 0xB0A1, 0xB0A2, 0xB0A8, 0xB0A9, 0xB0AB, 0xB0AC, 0xB0AD, 0xB0AE, 0xB0AF
    dw 0xB0B1, 0xB0B3, 0xB0B4, 0xB0B5, 0xB0B8, 0xB0BC, 0xB0C4, 0xB0C5, 0xB0C7, 0xB0C8, 0xB0C9, 0xB0D0
    dw 0xB0D1, 0xB0D4, 0xB0D8, 0xB0E0, 0xB0E5, 0xB108, 0xB109, 0xB10B, 0xB10C, 0xB110, 0xB112, 0xB113
    dw 0xB118, 0xB119, 0xB11B, 0xB11C, 0xB11D, 0xB123, 0xB124, 0xB125, 0xB128, 0xB12C, 0xB134, 0xB135
    dw 0xB137, 0xB138, 0xB139, 0xB140, 0xB141, 0xB144, 0xB148, 0xB150, 0xB151, 0xB154, 0xB155, 0xB158
    dw 0xB15C, 0xB160, 0xB178, 0xB179, 0xB17C, 0xB180, 0xB182, 0xB188, 0xB189, 0xB18B, 0xB18D, 0xB192
    dw 0xB193, 0xB194, 0xB198, 0xB19C, 0xB1A8, 0xB1CC, 0xB1D0, 0xB1D4, 0xB1DC, 0xB1DD, 0xB1DF, 0xB1E8
    dw 0xB1E9, 0xB1EC, 0xB1F0, 0xB1F9, 0xB1FB, 0xB1FD, 0xB204, 0xB205, 0xB208, 0xB20B, 0xB20C, 0xB214
    dw 0xB215, 0xB217, 0xB219, 0xB220, 0xB234, 0xB23C, 0xB258, 0xB25C, 0xB260, 0xB268, 0xB269, 0xB274
    dw 0xB275, 0xB27C, 0xB284, 0xB285, 0xB289, 0xB290, 0xB291, 0xB294, 0xB298, 0xB299, 0xB29A, 0xB2A0
    dw 0xB2A1, 0xB2A3, 0xB2A5, 0xB2A6, 0xB2AA, 0xB2AC, 0xB2B0, 0xB2B4, 0xB2C8, 0xB2C9, 0xB2CC, 0xB2D0
    dw 0xB2D2, 0xB2D8, 0xB2D9, 0xB2DB, 0xB2DD, 0xB2E2, 0xB2E4, 0xB2E5, 0xB2E6, 0xB2E8, 0xB2EB, 0xB2EC
    dw 0xB2ED, 0xB2EE, 0xB2EF, 0xB2F3, 0xB2F4, 0xB2F5, 0xB2F7, 0xB2F8, 0xB2F9, 0xB2FA, 0xB2FB, 0xB2FF
    dw 0xB300, 0xB301, 0xB304, 0xB308, 0xB310, 0xB311, 0xB313, 0xB314, 0xB315, 0xB31C, 0xB354, 0xB355
    dw 0xB356, 0xB358, 0xB35B, 0xB35C, 0xB35E, 0xB35F, 0xB364, 0xB365, 0xB367, 0xB369, 0xB36B, 0xB36E
    dw 0xB370, 0xB371, 0xB374, 0xB378, 0xB380, 0xB381, 0xB383, 0xB384, 0xB385, 0xB38C, 0xB390, 0xB394
    dw 0xB3A0, 0xB3A1, 0xB3A8, 0xB3AC, 0xB3C4, 0xB3C5, 0xB3C8, 0xB3CB, 0xB3CC, 0xB3CE, 0xB3D0, 0xB3D4
    dw 0xB3D5, 0xB3D7, 0xB3D9, 0xB3DB, 0xB3DD, 0xB3E0, 0xB3E4, 0xB3E8, 0xB3FC, 0xB410, 0xB418, 0xB41C
    dw 0xB420, 0xB428, 0xB429, 0xB42B, 0xB434, 0xB450, 0xB451, 0xB454, 0xB458, 0xB460, 0xB461, 0xB463
    dw 0xB465, 0xB46C, 0xB480, 0xB488, 0xB49D, 0xB4A4, 0xB4A8, 0xB4AC, 0xB4B5, 0xB4B7, 0xB4B9, 0xB4C0
    dw 0xB4C4, 0xB4C8, 0xB4D0, 0xB4D5, 0xB4DC, 0xB4DD, 0xB4E0, 0xB4E3, 0xB4E4, 0xB4E6, 0xB4EC, 0xB4ED
    dw 0xB4EF, 0xB4F1, 0xB4F8, 0xB514, 0xB515, 0xB518, 0xB51B, 0xB51C, 0xB524, 0xB525, 0xB527, 0xB528
    dw 0xB529, 0xB52A, 0xB530, 0xB531, 0xB534, 0xB538, 0xB540, 0xB541, 0xB543, 0xB544, 0xB545, 0xB54B
    dw 0xB54C, 0xB54D, 0xB550, 0xB554, 0xB55C, 0xB55D, 0xB55F, 0xB560, 0xB561, 0xB5A0, 0xB5A1, 0xB5A4
    dw 0xB5A8, 0xB5AA, 0xB5AB, 0xB5B0, 0xB5B1, 0xB5B3, 0xB5B4, 0xB5B5, 0xB5BB, 0xB5BC, 0xB5BD, 0xB5C0
    dw 0xB5C4, 0xB5CC, 0xB5CD, 0xB5CF, 0xB5D0, 0xB5D1, 0xB5D8, 0xB5EC, 0xB610, 0xB611, 0xB614, 0xB618
    dw 0xB625, 0xB62C, 0xB634, 0xB648, 0xB664, 0xB668, 0xB69C, 0xB69D, 0xB6A0, 0xB6A4, 0xB6AB, 0xB6AC
    dw 0xB6B1, 0xB6D4, 0xB6F0, 0xB6F4, 0xB6F8, 0xB700, 0xB701, 0xB705, 0xB728, 0xB729, 0xB72C, 0xB72F
    dw 0xB730, 0xB738, 0xB739, 0xB73B, 0xB744, 0xB748, 0xB74C, 0xB754, 0xB755, 0xB760, 0xB764, 0xB768
    dw 0xB770, 0xB771, 0xB773, 0xB775, 0xB77C, 0xB77D, 0xB780, 0xB784, 0xB78C, 0xB78D, 0xB78F, 0xB790
    dw 0xB791, 0xB792, 0xB796, 0xB797, 0xB798, 0xB799, 0xB79C, 0xB7A0, 0xB7A8, 0xB7A9, 0xB7AB, 0xB7AC
    dw 0xB7AD, 0xB7B4, 0xB7B5, 0xB7B8, 0xB7C7, 0xB7C9, 0xB7EC, 0xB7ED, 0xB7F0, 0xB7F4, 0xB7FC, 0xB7FD
    dw 0xB7FF, 0xB800, 0xB801, 0xB807, 0xB808, 0xB809, 0xB80C, 0xB810, 0xB818, 0xB819, 0xB81B, 0xB81D
    dw 0xB824, 0xB825, 0xB828, 0xB82C, 0xB834, 0xB835, 0xB837, 0xB838, 0xB839, 0xB840, 0xB844, 0xB851
    dw 0xB853, 0xB85C, 0xB85D, 0xB860, 0xB864, 0xB86C, 0xB86D, 0xB86F, 0xB871, 0xB878, 0xB87C, 0xB88D
    dw 0xB8A8, 0xB8B0, 0xB8B4, 0xB8B8, 0xB8C0, 0xB8C1, 0xB8C3, 0xB8C5, 0xB8CC, 0xB8D0, 0xB8D4, 0xB8DD
    dw 0xB8DF, 0xB8E1, 0xB8E8, 0xB8E9, 0xB8EC, 0xB8F0, 0xB8F8, 0xB8F9, 0xB8FB, 0xB8FD, 0xB904, 0xB918
    dw 0xB920, 0xB93C, 0xB93D, 0xB940, 0xB944, 0xB94C, 0xB94F, 0xB951, 0xB958, 0xB959, 0xB95C, 0xB960
    dw 0xB968, 0xB969, 0xB96B, 0xB96D, 0xB974, 0xB975, 0xB978, 0xB97C, 0xB984, 0xB985, 0xB987, 0xB989
    dw 0xB98A, 0xB98D, 0xB98E, 0xB9AC, 0xB9AD, 0xB9B0, 0xB9B4, 0xB9BC, 0xB9BD, 0xB9BF, 0xB9C1, 0xB9C8
    dw 0xB9C9, 0xB9CC, 0xB9CE, 0xB9CF, 0xB9D0, 0xB9D1, 0xB9D2, 0xB9D8, 0xB9D9, 0xB9DB, 0xB9DD, 0xB9DE
    dw 0xB9E1, 0xB9E3, 0xB9E4, 0xB9E5, 0xB9E8, 0xB9EC, 0xB9F4, 0xB9F5, 0xB9F7, 0xB9F8, 0xB9F9, 0xB9FA
    dw 0xBA00, 0xBA01, 0xBA08, 0xBA15, 0xBA38, 0xBA39, 0xBA3C, 0xBA40, 0xBA42, 0xBA48, 0xBA49, 0xBA4B
    dw 0xBA4D, 0xBA4E, 0xBA53, 0xBA54, 0xBA55, 0xBA58, 0xBA5C, 0xBA64, 0xBA65, 0xBA67, 0xBA68, 0xBA69
    dw 0xBA70, 0xBA71, 0xBA74, 0xBA78, 0xBA83, 0xBA84, 0xBA85, 0xBA87, 0xBA8C, 0xBAA8, 0xBAA9, 0xBAAB
    dw 0xBAAC, 0xBAB0, 0xBAB2, 0xBAB8, 0xBAB9, 0xBABB, 0xBABD, 0xBAC4, 0xBAC8, 0xBAD8, 0xBAD9, 0xBAFC
    dw 0xBB00, 0xBB04, 0xBB0D, 0xBB0F, 0xBB11, 0xBB18, 0xBB1C, 0xBB20, 0xBB29, 0xBB2B, 0xBB34, 0xBB35
    dw 0xBB36, 0xBB38, 0xBB3B, 0xBB3C, 0xBB3D, 0xBB3E, 0xBB44, 0xBB45, 0xBB47, 0xBB49, 0xBB4D, 0xBB4F
    dw 0xBB50, 0xBB54, 0xBB58, 0xBB61, 0xBB63, 0xBB6C, 0xBB88, 0xBB8C, 0xBB90, 0xBBA4, 0xBBA8, 0xBBAC
    dw 0xBBB4, 0xBBB7, 0xBBC0, 0xBBC4, 0xBBC8, 0xBBD0, 0xBBD3, 0xBBF8, 0xBBF9, 0xBBFC, 0xBBFF, 0xBC00
    dw 0xBC02, 0xBC08, 0xBC09, 0xBC0B, 0xBC0C, 0xBC0D, 0xBC0F, 0xBC11, 0xBC14, 0xBC15, 0xBC16, 0xBC17
    dw 0xBC18, 0xBC1B, 0xBC1C, 0xBC1D, 0xBC1E, 0xBC1F, 0xBC24, 0xBC25, 0xBC27, 0xBC29, 0xBC2D, 0xBC30
    dw 0xBC31, 0xBC34, 0xBC38, 0xBC40, 0xBC41, 0xBC43, 0xBC44, 0xBC45, 0xBC49, 0xBC4C, 0xBC4D, 0xBC50
    dw 0xBC5D, 0xBC84, 0xBC85, 0xBC88, 0xBC8B, 0xBC8C, 0xBC8E, 0xBC94, 0xBC95, 0xBC97, 0xBC99, 0xBC9A
    dw 0xBCA0, 0xBCA1, 0xBCA4, 0xBCA7, 0xBCA8, 0xBCB0, 0xBCB1, 0xBCB3, 0xBCB4, 0xBCB5, 0xBCBC, 0xBCBD
    dw 0xBCC0, 0xBCC4, 0xBCCD, 0xBCCF, 0xBCD0, 0xBCD1, 0xBCD5, 0xBCD8, 0xBCDC, 0xBCF4, 0xBCF5, 0xBCF6
    dw 0xBCF8, 0xBCFC, 0xBD04, 0xBD05, 0xBD07, 0xBD09, 0xBD10, 0xBD14, 0xBD24, 0xBD2C, 0xBD40, 0xBD48
    dw 0xBD49, 0xBD4C, 0xBD50, 0xBD58, 0xBD59, 0xBD64, 0xBD68, 0xBD80, 0xBD81, 0xBD84, 0xBD87, 0xBD88
    dw 0xBD89, 0xBD8A, 0xBD90, 0xBD91, 0xBD93, 0xBD95, 0xBD99, 0xBD9A, 0xBD9C, 0xBDA4, 0xBDB0, 0xBDB8
    dw 0xBDD4, 0xBDD5, 0xBDD8, 0xBDDC, 0xBDE9, 0xBDF0, 0xBDF4, 0xBDF8, 0xBE00, 0xBE03, 0xBE05, 0xBE0C
    dw 0xBE0D, 0xBE10, 0xBE14, 0xBE1C, 0xBE1D, 0xBE1F, 0xBE44, 0xBE45, 0xBE48, 0xBE4C, 0xBE4E, 0xBE54
    dw 0xBE55, 0xBE57, 0xBE59, 0xBE5A, 0xBE5B, 0xBE60, 0xBE61, 0xBE64, 0xBE68, 0xBE6A, 0xBE70, 0xBE71
    dw 0xBE73, 0xBE74, 0xBE75, 0xBE7B, 0xBE7C, 0xBE7D, 0xBE80, 0xBE84, 0xBE8C, 0xBE8D, 0xBE8F, 0xBE90
    dw 0xBE91, 0xBE98, 0xBE99, 0xBEA8, 0xBED0, 0xBED1, 0xBED4, 0xBED7, 0xBED8, 0xBEE0, 0xBEE3, 0xBEE4
    dw 0xBEE5, 0xBEEC, 0xBF01, 0xBF08, 0xBF09, 0xBF18, 0xBF19, 0xBF1B, 0xBF1C, 0xBF1D, 0xBF40, 0xBF41
    dw 0xBF44, 0xBF48, 0xBF50, 0xBF51, 0xBF55, 0xBF94, 0xBFB0, 0xBFC5, 0xBFCC, 0xBFCD, 0xBFD0, 0xBFD4
    dw 0xBFDC, 0xBFDF, 0xBFE1, 0xC03C, 0xC051, 0xC058, 0xC05C, 0xC060, 0xC068, 0xC069, 0xC090, 0xC091
    dw 0xC094, 0xC098, 0xC0A0, 0xC0A1, 0xC0A3, 0xC0A5, 0xC0AC, 0xC0AD, 0xC0AF, 0xC0B0, 0xC0B3, 0xC0B4
    dw 0xC0B5, 0xC0B6, 0xC0BC, 0xC0BD, 0xC0BF, 0xC0C0, 0xC0C1, 0xC0C5, 0xC0C8, 0xC0C9, 0xC0CC, 0xC0D0
    dw 0xC0D8, 0xC0D9, 0xC0DB, 0xC0DC, 0xC0DD, 0xC0E4, 0xC0E5, 0xC0E8, 0xC0EC, 0xC0F4, 0xC0F5, 0xC0F7
    dw 0xC0F9, 0xC100, 0xC104, 0xC108, 0xC110, 0xC115, 0xC11C, 0xC11D, 0xC11E, 0xC11F, 0xC120, 0xC123
    dw 0xC124, 0xC126, 0xC127, 0xC12C, 0xC12D, 0xC12F, 0xC130, 0xC131, 0xC136, 0xC138, 0xC139, 0xC13C
    dw 0xC140, 0xC148, 0xC149, 0xC14B, 0xC14C, 0xC14D, 0xC154, 0xC155, 0xC158, 0xC15C, 0xC164, 0xC165
    dw 0xC167, 0xC168, 0xC169, 0xC170, 0xC174, 0xC178, 0xC185, 0xC18C, 0xC18D, 0xC18E, 0xC190, 0xC194
    dw 0xC196, 0xC19C, 0xC19D, 0xC19F, 0xC1A1, 0xC1A5, 0xC1A8, 0xC1A9, 0xC1AC, 0xC1B0, 0xC1BD, 0xC1C4
    dw 0xC1C8, 0xC1CC, 0xC1D4, 0xC1D7, 0xC1D8, 0xC1E0, 0xC1E4, 0xC1E8, 0xC1F0, 0xC1F1, 0xC1F3, 0xC1FC
    dw 0xC1FD, 0xC200, 0xC204, 0xC20C, 0xC20D, 0xC20F, 0xC211, 0xC218, 0xC219, 0xC21C, 0xC21F, 0xC220
    dw 0xC228, 0xC229, 0xC22B, 0xC22D, 0xC22F, 0xC231, 0xC232, 0xC234, 0xC248, 0xC250, 0xC251, 0xC254
    dw 0xC258, 0xC260, 0xC265, 0xC26C, 0xC26D, 0xC270, 0xC274, 0xC27C, 0xC27D, 0xC27F, 0xC281, 0xC288
    dw 0xC289, 0xC290, 0xC298, 0xC29B, 0xC29D, 0xC2A4, 0xC2A5, 0xC2A8, 0xC2AC, 0xC2AD, 0xC2B4, 0xC2B5
    dw 0xC2B7, 0xC2B9, 0xC2DC, 0xC2DD, 0xC2E0, 0xC2E3, 0xC2E4, 0xC2EB, 0xC2EC, 0xC2ED, 0xC2EF, 0xC2F1
    dw 0xC2F6, 0xC2F8, 0xC2F9, 0xC2FB, 0xC2FC, 0xC300, 0xC308, 0xC309, 0xC30C, 0xC30D, 0xC313, 0xC314
    dw 0xC315, 0xC318, 0xC31C, 0xC324, 0xC325, 0xC328, 0xC329, 0xC345, 0xC368, 0xC369, 0xC36C, 0xC370
    dw 0xC372, 0xC378, 0xC379, 0xC37C, 0xC37D, 0xC384, 0xC388, 0xC38C, 0xC3C0, 0xC3D8, 0xC3D9, 0xC3DC
    dw 0xC3DF, 0xC3E0, 0xC3E2, 0xC3E8, 0xC3E9, 0xC3ED, 0xC3F4, 0xC3F5, 0xC3F8, 0xC408, 0xC410, 0xC424
    dw 0xC42C, 0xC430, 0xC434, 0xC43C, 0xC43D, 0xC448, 0xC464, 0xC465, 0xC468, 0xC46C, 0xC474, 0xC475
    dw 0xC479, 0xC480, 0xC494, 0xC49C, 0xC4B8, 0xC4BC, 0xC4E9, 0xC4F0, 0xC4F1, 0xC4F4, 0xC4F8, 0xC4FA
    dw 0xC4FF, 0xC500, 0xC501, 0xC50C, 0xC510, 0xC514, 0xC51C, 0xC528, 0xC529, 0xC52C, 0xC530, 0xC538
    dw 0xC539, 0xC53B, 0xC53D, 0xC544, 0xC545, 0xC548, 0xC549, 0xC54A, 0xC54C, 0xC54D, 0xC54E, 0xC553
    dw 0xC554, 0xC555, 0xC557, 0xC558, 0xC559, 0xC55D, 0xC55E, 0xC560, 0xC561, 0xC564, 0xC568, 0xC570
    dw 0xC571, 0xC573, 0xC574, 0xC575, 0xC57C, 0xC57D, 0xC580, 0xC584, 0xC587, 0xC58C, 0xC58D, 0xC58F
    dw 0xC591, 0xC595, 0xC597, 0xC598, 0xC59C, 0xC5A0, 0xC5A9, 0xC5B4, 0xC5B5, 0xC5B8, 0xC5B9, 0xC5BB
    dw 0xC5BC, 0xC5BD, 0xC5BE, 0xC5C4, 0xC5C5, 0xC5C6, 0xC5C7, 0xC5C8, 0xC5C9, 0xC5CA, 0xC5CC, 0xC5CE
    dw 0xC5D0, 0xC5D1, 0xC5D4, 0xC5D8, 0xC5E0, 0xC5E1, 0xC5E3, 0xC5E5, 0xC5EC, 0xC5ED, 0xC5EE, 0xC5F0
    dw 0xC5F4, 0xC5F6, 0xC5F7, 0xC5FC, 0xC5FD, 0xC5FE, 0xC5FF, 0xC600, 0xC601, 0xC605, 0xC606, 0xC607
    dw 0xC608, 0xC60C, 0xC610, 0xC618, 0xC619, 0xC61B, 0xC61C, 0xC624, 0xC625, 0xC628, 0xC62C, 0xC62D
    dw 0xC62E, 0xC630, 0xC633, 0xC634, 0xC635, 0xC637, 0xC639, 0xC63B, 0xC640, 0xC641, 0xC644, 0xC648
    dw 0xC650, 0xC651, 0xC653, 0xC654, 0xC655, 0xC65C, 0xC65D, 0xC660, 0xC66C, 0xC66F, 0xC671, 0xC678
    dw 0xC679, 0xC67C, 0xC680, 0xC688, 0xC689, 0xC68B, 0xC68D, 0xC694, 0xC695, 0xC698, 0xC69C, 0xC6A4
    dw 0xC6A5, 0xC6A7, 0xC6A9, 0xC6B0, 0xC6B1, 0xC6B4, 0xC6B8, 0xC6B9, 0xC6BA, 0xC6C0, 0xC6C1, 0xC6C3
    dw 0xC6C5, 0xC6CC, 0xC6CD, 0xC6D0, 0xC6D4, 0xC6DC, 0xC6DD, 0xC6E0, 0xC6E1, 0xC6E8, 0xC6E9, 0xC6EC
    dw 0xC6F0, 0xC6F8, 0xC6F9, 0xC6FD, 0xC704, 0xC705, 0xC708, 0xC70C, 0xC714, 0xC715, 0xC717, 0xC719
    dw 0xC720, 0xC721, 0xC724, 0xC728, 0xC730, 0xC731, 0xC733, 0xC735, 0xC737, 0xC73C, 0xC73D, 0xC740
    dw 0xC744, 0xC74A, 0xC74C, 0xC74D, 0xC74F, 0xC751, 0xC752, 0xC753, 0xC754, 0xC755, 0xC756, 0xC757
    dw 0xC758, 0xC75C, 0xC760, 0xC768, 0xC76B, 0xC774, 0xC775, 0xC778, 0xC77C, 0xC77D, 0xC77E, 0xC783
    dw 0xC784, 0xC785, 0xC787, 0xC788, 0xC789, 0xC78A, 0xC78E, 0xC790, 0xC791, 0xC794, 0xC796, 0xC797
    dw 0xC798, 0xC79A, 0xC7A0, 0xC7A1, 0xC7A3, 0xC7A4, 0xC7A5, 0xC7A6, 0xC7AC, 0xC7AD, 0xC7B0, 0xC7B4
    dw 0xC7BC, 0xC7BD, 0xC7BF, 0xC7C0, 0xC7C1, 0xC7C8, 0xC7C9, 0xC7CC, 0xC7CE, 0xC7D0, 0xC7D8, 0xC7DD
    dw 0xC7E4, 0xC7E8, 0xC7EC, 0xC800, 0xC801, 0xC804, 0xC808, 0xC80A, 0xC810, 0xC811, 0xC813, 0xC815
    dw 0xC816, 0xC81C, 0xC81D, 0xC820, 0xC824, 0xC82C, 0xC82D, 0xC82F, 0xC831, 0xC838, 0xC83C, 0xC840
    dw 0xC848, 0xC849, 0xC84C, 0xC84D, 0xC854, 0xC870, 0xC871, 0xC874, 0xC878, 0xC87A, 0xC880, 0xC881
    dw 0xC883, 0xC885, 0xC886, 0xC887, 0xC88B, 0xC88C, 0xC88D, 0xC894, 0xC89D, 0xC89F, 0xC8A1, 0xC8A8
    dw 0xC8BC, 0xC8BD, 0xC8C4, 0xC8C8, 0xC8CC, 0xC8D4, 0xC8D5, 0xC8D7, 0xC8D9, 0xC8E0, 0xC8E1, 0xC8E4
    dw 0xC8F5, 0xC8FC, 0xC8FD, 0xC900, 0xC904, 0xC905, 0xC906, 0xC90C, 0xC90D, 0xC90F, 0xC911, 0xC918
    dw 0xC92C, 0xC934, 0xC950, 0xC951, 0xC954, 0xC958, 0xC960, 0xC961, 0xC963, 0xC96C, 0xC970, 0xC974
    dw 0xC97C, 0xC988, 0xC989, 0xC98C, 0xC990, 0xC998, 0xC999, 0xC99B, 0xC99D, 0xC9C0, 0xC9C1, 0xC9C4
    dw 0xC9C7, 0xC9C8, 0xC9CA, 0xC9D0, 0xC9D1, 0xC9D3, 0xC9D5, 0xC9D6, 0xC9D9, 0xC9DA, 0xC9DC, 0xC9DD
    dw 0xC9E0, 0xC9E2, 0xC9E4, 0xC9E7, 0xC9EC, 0xC9ED, 0xC9EF, 0xC9F0, 0xC9F1, 0xC9F8, 0xC9F9, 0xC9FC
    dw 0xCA00, 0xCA08, 0xCA09, 0xCA0B, 0xCA0C, 0xCA0D, 0xCA14, 0xCA18, 0xCA29, 0xCA4C, 0xCA4D, 0xCA50
    dw 0xCA54, 0xCA5C, 0xCA5D, 0xCA5F, 0xCA60, 0xCA61, 0xCA68, 0xCA7D, 0xCA84, 0xCA98, 0xCABC, 0xCABD
    dw 0xCAC0, 0xCAC4, 0xCACC, 0xCACD, 0xCACF, 0xCAD1, 0xCAD3, 0xCAD8, 0xCAD9, 0xCAE0, 0xCAEC, 0xCAF4
    dw 0xCB08, 0xCB10, 0xCB14, 0xCB18, 0xCB20, 0xCB21, 0xCB41, 0xCB48, 0xCB49, 0xCB4C, 0xCB50, 0xCB58
    dw 0xCB59, 0xCB5D, 0xCB64, 0xCB78, 0xCB79, 0xCB9C, 0xCBB8, 0xCBD4, 0xCBE4, 0xCBE7, 0xCBE9, 0xCC0C
    dw 0xCC0D, 0xCC10, 0xCC14, 0xCC1C, 0xCC1D, 0xCC21, 0xCC22, 0xCC27, 0xCC28, 0xCC29, 0xCC2C, 0xCC2E
    dw 0xCC30, 0xCC38, 0xCC39, 0xCC3B, 0xCC3C, 0xCC3D, 0xCC3E, 0xCC44, 0xCC45, 0xCC48, 0xCC4C, 0xCC54
    dw 0xCC55, 0xCC57, 0xCC58, 0xCC59, 0xCC60, 0xCC64, 0xCC66, 0xCC68, 0xCC70, 0xCC75, 0xCC98, 0xCC99
    dw 0xCC9C, 0xCCA0, 0xCCA8, 0xCCA9, 0xCCAB, 0xCCAC, 0xCCAD, 0xCCB4, 0xCCB5, 0xCCB8, 0xCCBC, 0xCCC4
    dw 0xCCC5, 0xCCC7, 0xCCC9, 0xCCD0, 0xCCD4, 0xCCE4, 0xCCEC, 0xCCF0, 0xCD01, 0xCD08, 0xCD09, 0xCD0C
    dw 0xCD10, 0xCD18, 0xCD19, 0xCD1B, 0xCD1D, 0xCD24, 0xCD28, 0xCD2C, 0xCD39, 0xCD5C, 0xCD60, 0xCD64
    dw 0xCD6C, 0xCD6D, 0xCD6F, 0xCD71, 0xCD78, 0xCD88, 0xCD94, 0xCD95, 0xCD98, 0xCD9C, 0xCDA4, 0xCDA5
    dw 0xCDA7, 0xCDA9, 0xCDB0, 0xCDC4, 0xCDCC, 0xCDD0, 0xCDE8, 0xCDEC, 0xCDF0, 0xCDF8, 0xCDF9, 0xCDFB
    dw 0xCDFD, 0xCE04, 0xCE08, 0xCE0C, 0xCE14, 0xCE19, 0xCE20, 0xCE21, 0xCE24, 0xCE28, 0xCE30, 0xCE31
    dw 0xCE33, 0xCE35, 0xCE58, 0xCE59, 0xCE5C, 0xCE5F, 0xCE60, 0xCE61, 0xCE68, 0xCE69, 0xCE6B, 0xCE6D
    dw 0xCE74, 0xCE75, 0xCE78, 0xCE7C, 0xCE84, 0xCE85, 0xCE87, 0xCE89, 0xCE90, 0xCE91, 0xCE94, 0xCE98
    dw 0xCEA0, 0xCEA1, 0xCEA3, 0xCEA4, 0xCEA5, 0xCEAC, 0xCEAD, 0xCEC1, 0xCEE4, 0xCEE5, 0xCEE8, 0xCEEB
    dw 0xCEEC, 0xCEF4, 0xCEF5, 0xCEF7, 0xCEF8, 0xCEF9, 0xCF00, 0xCF01, 0xCF04, 0xCF08, 0xCF10, 0xCF11
    dw 0xCF13, 0xCF15, 0xCF1C, 0xCF20, 0xCF24, 0xCF2C, 0xCF2D, 0xCF2F, 0xCF30, 0xCF31, 0xCF38, 0xCF54
    dw 0xCF55, 0xCF58, 0xCF5C, 0xCF64, 0xCF65, 0xCF67, 0xCF69, 0xCF70, 0xCF71, 0xCF74, 0xCF78, 0xCF80
    dw 0xCF85, 0xCF8C, 0xCFA1, 0xCFA8, 0xCFB0, 0xCFC4, 0xCFE0, 0xCFE1, 0xCFE4, 0xCFE8, 0xCFF0, 0xCFF1
    dw 0xCFF3, 0xCFF5, 0xCFFC, 0xD000, 0xD004, 0xD011, 0xD018, 0xD02D, 0xD034, 0xD035, 0xD038, 0xD03C
    dw 0xD044, 0xD045, 0xD047, 0xD049, 0xD050, 0xD054, 0xD058, 0xD060, 0xD06C, 0xD06D, 0xD070, 0xD074
    dw 0xD07C, 0xD07D, 0xD081, 0xD0A4, 0xD0A5, 0xD0A8, 0xD0AC, 0xD0B4, 0xD0B5, 0xD0B7, 0xD0B9, 0xD0C0
    dw 0xD0C1, 0xD0C4, 0xD0C8, 0xD0C9, 0xD0D0, 0xD0D1, 0xD0D3, 0xD0D4, 0xD0D5, 0xD0DC, 0xD0DD, 0xD0E0
    dw 0xD0E4, 0xD0EC, 0xD0ED, 0xD0EF, 0xD0F0, 0xD0F1, 0xD0F8, 0xD10D, 0xD130, 0xD131, 0xD134, 0xD138
    dw 0xD13A, 0xD140, 0xD141, 0xD143, 0xD144, 0xD145, 0xD14C, 0xD14D, 0xD150, 0xD154, 0xD15C, 0xD15D
    dw 0xD15F, 0xD161, 0xD168, 0xD16C, 0xD17C, 0xD184, 0xD188, 0xD1A0, 0xD1A1, 0xD1A4, 0xD1A8, 0xD1B0
    dw 0xD1B1, 0xD1B3, 0xD1B5, 0xD1BA, 0xD1BC, 0xD1C0, 0xD1D8, 0xD1F4, 0xD1F8, 0xD207, 0xD209, 0xD210
    dw 0xD22C, 0xD22D, 0xD230, 0xD234, 0xD23C, 0xD23D, 0xD23F, 0xD241, 0xD248, 0xD25C, 0xD264, 0xD280
    dw 0xD281, 0xD284, 0xD288, 0xD290, 0xD291, 0xD295, 0xD29C, 0xD2A0, 0xD2A4, 0xD2AC, 0xD2B1, 0xD2B8
    dw 0xD2B9, 0xD2BC, 0xD2BF, 0xD2C0, 0xD2C2, 0xD2C8, 0xD2C9, 0xD2CB, 0xD2D4, 0xD2D8, 0xD2DC, 0xD2E4
    dw 0xD2E5, 0xD2F0, 0xD2F1, 0xD2F4, 0xD2F8, 0xD300, 0xD301, 0xD303, 0xD305, 0xD30C, 0xD30D, 0xD30E
    dw 0xD310, 0xD314, 0xD316, 0xD31C, 0xD31D, 0xD31F, 0xD320, 0xD321, 0xD325, 0xD328, 0xD329, 0xD32C
    dw 0xD330, 0xD338, 0xD339, 0xD33B, 0xD33C, 0xD33D, 0xD344, 0xD345, 0xD37C, 0xD37D, 0xD380, 0xD384
    dw 0xD38C, 0xD38D, 0xD38F, 0xD390, 0xD391, 0xD398, 0xD399, 0xD39C, 0xD3A0, 0xD3A8, 0xD3A9, 0xD3AB
    dw 0xD3AD, 0xD3B4, 0xD3B8, 0xD3BC, 0xD3C4, 0xD3C5, 0xD3C8, 0xD3C9, 0xD3D0, 0xD3D8, 0xD3E1, 0xD3E3
    dw 0xD3EC, 0xD3ED, 0xD3F0, 0xD3F4, 0xD3FC, 0xD3FD, 0xD3FF, 0xD401, 0xD408, 0xD41D, 0xD440, 0xD444
    dw 0xD45C, 0xD460, 0xD464, 0xD46D, 0xD46F, 0xD478, 0xD479, 0xD47C, 0xD47F, 0xD480, 0xD482, 0xD488
    dw 0xD489, 0xD48B, 0xD48D, 0xD494, 0xD4A9, 0xD4CC, 0xD4D0, 0xD4D4, 0xD4DC, 0xD4DF, 0xD4E8, 0xD4EC
    dw 0xD4F0, 0xD4F8, 0xD4FB, 0xD4FD, 0xD504, 0xD508, 0xD50C, 0xD514, 0xD515, 0xD517, 0xD53C, 0xD53D
    dw 0xD540, 0xD544, 0xD54C, 0xD54D, 0xD54F, 0xD551, 0xD558, 0xD559, 0xD55C, 0xD560, 0xD565, 0xD568
    dw 0xD569, 0xD56B, 0xD56D, 0xD574, 0xD575, 0xD578, 0xD57C, 0xD584, 0xD585, 0xD587, 0xD588, 0xD589
    dw 0xD590, 0xD5A5, 0xD5C8, 0xD5C9, 0xD5CC, 0xD5D0, 0xD5D2, 0xD5D8, 0xD5D9, 0xD5DB, 0xD5DD, 0xD5E4
    dw 0xD5E5, 0xD5E8, 0xD5EC, 0xD5F4, 0xD5F5, 0xD5F7, 0xD5F9, 0xD600, 0xD601, 0xD604, 0xD608, 0xD610
    dw 0xD611, 0xD613, 0xD614, 0xD615, 0xD61C, 0xD620, 0xD624, 0xD62D, 0xD638, 0xD639, 0xD63C, 0xD640
    dw 0xD645, 0xD648, 0xD649, 0xD64B, 0xD64D, 0xD651, 0xD654, 0xD655, 0xD658, 0xD65C, 0xD667, 0xD669
    dw 0xD670, 0xD671, 0xD674, 0xD683, 0xD685, 0xD68C, 0xD68D, 0xD690, 0xD694, 0xD69D, 0xD69F, 0xD6A1
    dw 0xD6A8, 0xD6AC, 0xD6B0, 0xD6B9, 0xD6BB, 0xD6C4, 0xD6C5, 0xD6C8, 0xD6CC, 0xD6D1, 0xD6D4, 0xD6D7
    dw 0xD6D9, 0xD6E0, 0xD6E4, 0xD6E8, 0xD6F0, 0xD6F5, 0xD6FC, 0xD6FD, 0xD700, 0xD704, 0xD711, 0xD718
    dw 0xD719, 0xD71C, 0xD720, 0xD728, 0xD729, 0xD72B, 0xD72D, 0xD734, 0xD735, 0xD738, 0xD73C, 0xD744
    dw 0xD747, 0xD749, 0xD750, 0xD751, 0xD754, 0xD756, 0xD757, 0xD758, 0xD759, 0xD760, 0xD761, 0xD763
    dw 0xD765, 0xD769, 0xD76C, 0xD770, 0xD774, 0xD77C, 0xD77D, 0xD781, 0xD788, 0xD789, 0xD78C, 0xD790
    dw 0xD798, 0xD799, 0xD79B, 0xD79D, 0x0000, 0x0000, 0x0000, 0x0000, 0x0000, 0x0000, 0x0000, 0x0000
    dw 0x0000, 0x0000, 0x0000, 0x0000, 0x0000, 0x0000, 0x0000, 0x0000, 0x0000, 0x0000, 0x0000, 0x0000
    dw 0x0000, 0x0000, 0x0000, 0x0000, 0x0000, 0x0000, 0x0000, 0x0000, 0x0000, 0x0000, 0x0000, 0x0000
    dw 0x0000, 0x0000, 0x0000, 0x0000, 0x0000, 0x0000, 0x0000, 0x0000, 0x0000, 0x0000, 0x0000, 0x0000
    dw 0x0000, 0x0000, 0x0000, 0x0000, 0x0000, 0x0000, 0x0000, 0x0000, 0x0000, 0x0000, 0x0000, 0x0000
    dw 0x0000, 0x0000, 0x0000, 0x0000, 0x0000, 0x0000, 0x0000, 0x0000, 0x0000, 0x0000, 0x0000, 0x0000
    dw 0x0000, 0x0000, 0x0000, 0x0000, 0x0000, 0x0000, 0x0000, 0x0000, 0x0000, 0x0000, 0x0000, 0x0000
    dw 0x0000, 0x0000, 0x0000, 0x0000, 0x0000, 0x0000, 0x0000, 0x0000, 0x0000, 0x0000, 0x0000, 0x0000
    dw 0x0000, 0x0000, 0x4F3D, 0x4F73, 0x5047, 0x50F9, 0x52A0, 0x53EF, 0x5475, 0x54E5, 0x5609, 0x5AC1
    dw 0x5BB6, 0x6687, 0x67B6, 0x67B7, 0x67EF, 0x6B4C, 0x73C2, 0x75C2, 0x7A3C, 0x82DB, 0x8304, 0x8857
    dw 0x8888, 0x8A36, 0x8CC8, 0x8DCF, 0x8EFB, 0x8FE6, 0x99D5, 0x523B, 0x5374, 0x5404, 0x606A, 0x6164
    dw 0x6BBC, 0x73CF, 0x811A, 0x89BA, 0x89D2, 0x95A3, 0x4F83, 0x520A, 0x58BE, 0x5978, 0x59E6, 0x5E72
    dw 0x5E79, 0x61C7, 0x63C0, 0x6746, 0x67EC, 0x687F, 0x6F97, 0x764E, 0x770B, 0x78F5, 0x7A08, 0x7AFF
    dw 0x7C21, 0x809D, 0x826E, 0x8271, 0x8AEB, 0x9593, 0x4E6B, 0x559D, 0x66F7, 0x6E34, 0x78A3, 0x7AED
    dw 0x845B, 0x8910, 0x874E, 0x97A8, 0x52D8, 0x574E, 0x582A, 0x5D4C, 0x611F, 0x61BE, 0x6221, 0x6562
    dw 0x67D1, 0x6A44, 0x6E1B, 0x7518, 0x75B3, 0x76E3, 0x77B0, 0x7D3A, 0x90AF, 0x9451, 0x9452, 0x9F95
    dw 0x5323, 0x5CAC, 0x7532, 0x80DB, 0x9240, 0x9598, 0x525B, 0x5808, 0x59DC, 0x5CA1, 0x5D17, 0x5EB7
    dw 0x5F3A, 0x5F4A, 0x6177, 0x6C5F, 0x757A, 0x7586, 0x7CE0, 0x7D73, 0x7DB1, 0x7F8C, 0x8154, 0x8221
    dw 0x8591, 0x8941, 0x8B1B, 0x92FC, 0x964D, 0x9C47, 0x4ECB, 0x4EF7, 0x500B, 0x51F1, 0x584F, 0x6137
    dw 0x613E, 0x6168, 0x6539, 0x69EA, 0x6F11, 0x75A5, 0x7686, 0x76D6, 0x7B87, 0x82A5, 0x84CB, 0xF900
    dw 0x93A7, 0x958B, 0x5580, 0x5BA2, 0x5751, 0xF901, 0x7CB3, 0x7FB9, 0x91B5, 0x5028, 0x53BB, 0x5C45
    dw 0x5DE8, 0x62D2, 0x636E, 0x64DA, 0x64E7, 0x6E20, 0x70AC, 0x795B, 0x8DDD, 0x8E1E, 0xF902, 0x907D
    dw 0x9245, 0x92F8, 0x4E7E, 0x4EF6, 0x5065, 0x5DFE, 0x5EFA, 0x6106, 0x6957, 0x8171, 0x8654, 0x8E47
    dw 0x9375, 0x9A2B, 0x4E5E, 0x5091, 0x6770, 0x6840, 0x5109, 0x528D, 0x5292, 0x6AA2, 0x77BC, 0x9210
    dw 0x9ED4, 0x52AB, 0x602F, 0x8FF2, 0x5048, 0x61A9, 0x63ED, 0x64CA, 0x683C, 0x6A84, 0x6FC0, 0x8188
    dw 0x89A1, 0x9694, 0x5805, 0x727D, 0x72AC, 0x7504, 0x7D79, 0x7E6D, 0x80A9, 0x898B, 0x8B74, 0x9063
    dw 0x9D51, 0x6289, 0x6C7A, 0x6F54, 0x7D50, 0x7F3A, 0x8A23, 0x517C, 0x614A, 0x7B9D, 0x8B19, 0x9257
    dw 0x938C, 0x4EAC, 0x4FD3, 0x501E, 0x50BE, 0x5106, 0x52C1, 0x52CD, 0x537F, 0x5770, 0x5883, 0x5E9A
    dw 0x5F91, 0x6176, 0x61AC, 0x64CE, 0x656C, 0x666F, 0x66BB, 0x66F4, 0x6897, 0x6D87, 0x7085, 0x70F1
    dw 0x749F, 0x74A5, 0x74CA, 0x75D9, 0x786C, 0x78EC, 0x7ADF, 0x7AF6, 0x7D45, 0x7D93, 0x8015, 0x803F
    dw 0x811B, 0x8396, 0x8B66, 0x8F15, 0x9015, 0x93E1, 0x9803, 0x9838, 0x9A5A, 0x9BE8, 0x4FC2, 0x5553
    dw 0x583A, 0x5951, 0x5B63, 0x5C46, 0x60B8, 0x6212, 0x6842, 0x68B0, 0x68E8, 0x6EAA, 0x754C, 0x7678
    dw 0x78CE, 0x7A3D, 0x7CFB, 0x7E6B, 0x7E7C, 0x8A08, 0x8AA1, 0x8C3F, 0x968E, 0x9DC4, 0x53E4, 0x53E9
    dw 0x544A, 0x5471, 0x56FA, 0x59D1, 0x5B64, 0x5C3B, 0x5EAB, 0x62F7, 0x6537, 0x6545, 0x6572, 0x66A0
    dw 0x67AF, 0x69C1, 0x6CBD, 0x75FC, 0x7690, 0x777E, 0x7A3F, 0x7F94, 0x8003, 0x80A1, 0x818F, 0x82E6
    dw 0x82FD, 0x83F0, 0x85C1, 0x8831, 0x88B4, 0x8AA5, 0xF903, 0x8F9C, 0x932E, 0x96C7, 0x9867, 0x9AD8
    dw 0x9F13, 0x54ED, 0x659B, 0x66F2, 0x688F, 0x7A40, 0x8C37, 0x9D60, 0x56F0, 0x5764, 0x5D11, 0x6606
    dw 0x68B1, 0x68CD, 0x6EFE, 0x7428, 0x889E, 0x9BE4, 0x6C68, 0xF904, 0x9AA8, 0x4F9B, 0x516C, 0x5171
    dw 0x529F, 0x5B54, 0x5DE5, 0x6050, 0x606D, 0x62F1, 0x63A7, 0x653B, 0x73D9, 0x7A7A, 0x86A3, 0x8CA2
    dw 0x978F, 0x4E32, 0x5BE1, 0x6208, 0x679C, 0x74DC, 0x79D1, 0x83D3, 0x8A87, 0x8AB2, 0x8DE8, 0x904E
    dw 0x934B, 0x9846, 0x5ED3, 0x69E8, 0x85FF, 0x90ED, 0xF905, 0x51A0, 0x5B98, 0x5BEC, 0x6163, 0x68FA
    dw 0x6B3E, 0x704C, 0x742F, 0x74D8, 0x7BA1, 0x7F50, 0x83C5, 0x89C0, 0x8CAB, 0x95DC, 0x9928, 0x522E
    dw 0x605D, 0x62EC, 0x9002, 0x4F8A, 0x5149, 0x5321, 0x58D9, 0x5EE3, 0x66E0, 0x6D38, 0x709A, 0x72C2
    dw 0x73D6, 0x7B50, 0x80F1, 0x945B, 0x5366, 0x639B, 0x7F6B, 0x4E56, 0x5080, 0x584A, 0x58DE, 0x602A
    dw 0x6127, 0x62D0, 0x69D0, 0x9B41, 0x5B8F, 0x7D18, 0x80B1, 0x8F5F, 0x4EA4, 0x50D1, 0x54AC, 0x55AC
    dw 0x5B0C, 0x5DA0, 0x5DE7, 0x652A, 0x654E, 0x6821, 0x6A4B, 0x72E1, 0x768E, 0x77EF, 0x7D5E, 0x7FF9
    dw 0x81A0, 0x854E, 0x86DF, 0x8F03, 0x8F4E, 0x90CA, 0x9903, 0x9A55, 0x9BAB, 0x4E18, 0x4E45, 0x4E5D
    dw 0x4EC7, 0x4FF1, 0x5177, 0x52FE, 0x5340, 0x53E3, 0x53E5, 0x548E, 0x5614, 0x5775, 0x57A2, 0x5BC7
    dw 0x5D87, 0x5ED0, 0x61FC, 0x62D8, 0x6551, 0x67B8, 0x67E9, 0x69CB, 0x6B50, 0x6BC6, 0x6BEC, 0x6C42
    dw 0x6E9D, 0x7078, 0x72D7, 0x7396, 0x7403, 0x77BF, 0x77E9, 0x7A76, 0x7D7F, 0x8009, 0x81FC, 0x8205
    dw 0x820A, 0x82DF, 0x8862, 0x8B33, 0x8CFC, 0x8EC0, 0x9011, 0x90B1, 0x9264, 0x92B6, 0x99D2, 0x9A45
    dw 0x9CE9, 0x9DD7, 0x9F9C, 0x570B, 0x5C40, 0x83CA, 0x97A0, 0x97AB, 0x9EB4, 0x541B, 0x7A98, 0x7FA4
    dw 0x88D9, 0x8ECD, 0x90E1, 0x5800, 0x5C48, 0x6398, 0x7A9F, 0x5BAE, 0x5F13, 0x7A79, 0x7AAE, 0x828E
    dw 0x8EAC, 0x5026, 0x5238, 0x52F8, 0x5377, 0x5708, 0x62F3, 0x6372, 0x6B0A, 0x6DC3, 0x7737, 0x53A5
    dw 0x7357, 0x8568, 0x8E76, 0x95D5, 0x673A, 0x6AC3, 0x6F70, 0x8A6D, 0x8ECC, 0x994B, 0xF906, 0x6677
    dw 0x6B78, 0x8CB4, 0x9B3C, 0xF907, 0x53EB, 0x572D, 0x594E, 0x63C6, 0x69FB, 0x73EA, 0x7845, 0x7ABA
    dw 0x7AC5, 0x7CFE, 0x8475, 0x898F, 0x8D73, 0x9035, 0x95A8, 0x52FB, 0x5747, 0x7547, 0x7B60, 0x83CC
    dw 0x921E, 0xF908, 0x6A58, 0x514B, 0x524B, 0x5287, 0x621F, 0x68D8, 0x6975, 0x9699, 0x50C5, 0x52A4
    dw 0x52E4, 0x61C3, 0x65A4, 0x6839, 0x69FF, 0x747E, 0x7B4B, 0x82B9, 0x83EB, 0x89B2, 0x8B39, 0x8FD1
    dw 0x9949, 0xF909, 0x4ECA, 0x5997, 0x64D2, 0x6611, 0x6A8E, 0x7434, 0x7981, 0x79BD, 0x82A9, 0x887E
    dw 0x887F, 0x895F, 0xF90A, 0x9326, 0x4F0B, 0x53CA, 0x6025, 0x6271, 0x6C72, 0x7D1A, 0x7D66, 0x4E98
    dw 0x5162, 0x77DC, 0x80AF, 0x4F01, 0x4F0E, 0x5176, 0x5180, 0x55DC, 0x5668, 0x573B, 0x57FA, 0x57FC
    dw 0x5914, 0x5947, 0x5993, 0x5BC4, 0x5C90, 0x5D0E, 0x5DF1, 0x5E7E, 0x5FCC, 0x6280, 0x65D7, 0x65E3
    dw 0x671E, 0x671F, 0x675E, 0x68CB, 0x68C4, 0x6A5F, 0x6B3A, 0x6C23, 0x6C7D, 0x6C82, 0x6DC7, 0x7398
    dw 0x7426, 0x742A, 0x7482, 0x74A3, 0x7578, 0x757F, 0x7881, 0x78EF, 0x7941, 0x7947, 0x7948, 0x797A
    dw 0x7B95, 0x7D00, 0x7DBA, 0x7F88, 0x8006, 0x802D, 0x808C, 0x8A18, 0x8B4F, 0x8C48, 0x8D77, 0x9321
    dw 0x9324, 0x98E2, 0x9951, 0x9A0E, 0x9A0F, 0x9A65, 0x9E92, 0x7DCA, 0x4F76, 0x5409, 0x62EE, 0x6854
    dw 0x91D1, 0x55AB, 0x513A, 0xF90B, 0xF90C, 0x5A1C, 0x61E6, 0xF90D, 0x62CF, 0x62FF, 0xF90E, 0xF90F
    dw 0xF910, 0xF911, 0xF912, 0xF913, 0x90A3, 0xF914, 0xF915, 0xF916, 0xF917, 0xF918, 0x8AFE, 0xF919
    dw 0xF91A, 0xF91B, 0xF91C, 0x6696, 0xF91D, 0x7156, 0xF91E, 0xF91F, 0x96E3, 0xF920, 0x634F, 0x637A
    dw 0x5357, 0xF921, 0x678F, 0x6960, 0x6E73, 0xF922, 0x7537, 0xF923, 0xF924, 0xF925, 0x7D0D, 0xF926
    dw 0xF927, 0x8872, 0x56CA, 0x5A18, 0xF928, 0xF929, 0xF92A, 0xF92B, 0xF92C, 0x4E43, 0xF92D, 0x5167
    dw 0x5948, 0x67F0, 0x8010, 0xF92E, 0x5973, 0x5E74, 0x649A, 0x79CA, 0x5FF5, 0x606C, 0x62C8, 0x637B
    dw 0x5BE7, 0x5BD7, 0x52AA, 0xF92F, 0x5974, 0x5F29, 0x6012, 0xF930, 0xF931, 0xF932, 0x7459, 0xF933
    dw 0xF934, 0xF935, 0xF936, 0xF937, 0xF938, 0x99D1, 0xF939, 0xF93A, 0xF93B, 0xF93C, 0xF93D, 0xF93E
    dw 0xF93F, 0xF940, 0xF941, 0xF942, 0xF943, 0x6FC3, 0xF944, 0xF945, 0x81BF, 0x8FB2, 0x60F1, 0xF946
    dw 0xF947, 0x8166, 0xF948, 0xF949, 0x5C3F, 0xF94A, 0xF94B, 0xF94C, 0xF94D, 0xF94E, 0xF94F, 0xF950
    dw 0xF951, 0x5AE9, 0x8A25, 0x677B, 0x7D10, 0xF952, 0xF953, 0xF954, 0xF955, 0xF956, 0xF957, 0x80FD
    dw 0xF958, 0xF959, 0x5C3C, 0x6CE5, 0x533F, 0x6EBA, 0x591A, 0x8336, 0x4E39, 0x4EB6, 0x4F46, 0x55AE
    dw 0x5718, 0x58C7, 0x5F56, 0x65B7, 0x65E6, 0x6A80, 0x6BB5, 0x6E4D, 0x77ED, 0x7AEF, 0x7C1E, 0x7DDE
    dw 0x86CB, 0x8892, 0x9132, 0x935B, 0x64BB, 0x6FBE, 0x737A, 0x75B8, 0x9054, 0x5556, 0x574D, 0x61BA
    dw 0x64D4, 0x66C7, 0x6DE1, 0x6E5B, 0x6F6D, 0x6FB9, 0x75F0, 0x8043, 0x81BD, 0x8541, 0x8983, 0x8AC7
    dw 0x8B5A, 0x931F, 0x6C93, 0x7553, 0x7B54, 0x8E0F, 0x905D, 0x5510, 0x5802, 0x5858, 0x5E62, 0x6207
    dw 0x649E, 0x68E0, 0x7576, 0x7CD6, 0x87B3, 0x9EE8, 0x4EE3, 0x5788, 0x576E, 0x5927, 0x5C0D, 0x5CB1
    dw 0x5E36, 0x5F85, 0x6234, 0x64E1, 0x73B3, 0x81FA, 0x888B, 0x8CB8, 0x968A, 0x9EDB, 0x5B85, 0x5FB7
    dw 0x60B3, 0x5012, 0x5200, 0x5230, 0x5716, 0x5835, 0x5857, 0x5C0E, 0x5C60, 0x5CF6, 0x5D8B, 0x5EA6
    dw 0x5F92, 0x60BC, 0x6311, 0x6389, 0x6417, 0x6843, 0x68F9, 0x6AC2, 0x6DD8, 0x6E21, 0x6ED4, 0x6FE4
    dw 0x71FE, 0x76DC, 0x7779, 0x79B1, 0x7A3B, 0x8404, 0x89A9, 0x8CED, 0x8DF3, 0x8E48, 0x9003, 0x9014
    dw 0x9053, 0x90FD, 0x934D, 0x9676, 0x97DC, 0x6BD2, 0x7006, 0x7258, 0x72A2, 0x7368, 0x7763, 0x79BF
    dw 0x7BE4, 0x7E9B, 0x8B80, 0x58A9, 0x60C7, 0x6566, 0x65FD, 0x66BE, 0x6C8C, 0x711E, 0x71C9, 0x8C5A
    dw 0x9813, 0x4E6D, 0x7A81, 0x4EDD, 0x51AC, 0x51CD, 0x52D5, 0x540C, 0x61A7, 0x6771, 0x6850, 0x68DF
    dw 0x6D1E, 0x6F7C, 0x75BC, 0x77B3, 0x7AE5, 0x80F4, 0x8463, 0x9285, 0x515C, 0x6597, 0x675C, 0x6793
    dw 0x75D8, 0x7AC7, 0x8373, 0xF95A, 0x8C46, 0x9017, 0x982D, 0x5C6F, 0x81C0, 0x829A, 0x9041, 0x906F
    dw 0x920D, 0x5F97, 0x5D9D, 0x6A59, 0x71C8, 0x767B, 0x7B49, 0x85E4, 0x8B04, 0x9127, 0x9A30, 0x5587
    dw 0x61F6, 0xF95B, 0x7669, 0x7F85, 0x863F, 0x87BA, 0x88F8, 0x908F, 0xF95C, 0x6D1B, 0x70D9, 0x73DE
    dw 0x7D61, 0x843D, 0xF95D, 0x916A, 0x99F1, 0xF95E, 0x4E82, 0x5375, 0x6B04, 0x6B12, 0x703E, 0x721B
    dw 0x862D, 0x9E1E, 0x524C, 0x8FA3, 0x5D50, 0x64E5, 0x652C, 0x6B16, 0x6FEB, 0x7C43, 0x7E9C, 0x85CD
    dw 0x8964, 0x89BD, 0x62C9, 0x81D8, 0x881F, 0x5ECA, 0x6717, 0x6D6A, 0x72FC, 0x7405, 0x746F, 0x8782
    dw 0x90DE, 0x4F86, 0x5D0D, 0x5FA0, 0x840A, 0x51B7, 0x63A0, 0x7565, 0x4EAE, 0x5006, 0x5169, 0x51C9
    dw 0x6881, 0x6A11, 0x7CAE, 0x7CB1, 0x7CE7, 0x826F, 0x8AD2, 0x8F1B, 0x91CF, 0x4FB6, 0x5137, 0x52F5
    dw 0x5442, 0x5EEC, 0x616E, 0x623E, 0x65C5, 0x6ADA, 0x6FFE, 0x792A, 0x85DC, 0x8823, 0x95AD, 0x9A62
    dw 0x9A6A, 0x9E97, 0x9ECE, 0x529B, 0x66C6, 0x6B77, 0x701D, 0x792B, 0x8F62, 0x9742, 0x6190, 0x6200
    dw 0x6523, 0x6F23, 0x7149, 0x7489, 0x7DF4, 0x806F, 0x84EE, 0x8F26, 0x9023, 0x934A, 0x51BD, 0x5217
    dw 0x52A3, 0x6D0C, 0x70C8, 0x88C2, 0x5EC9, 0x6582, 0x6BAE, 0x6FC2, 0x7C3E, 0x7375, 0x4EE4, 0x4F36
    dw 0x56F9, 0xF95F, 0x5CBA, 0x5DBA, 0x601C, 0x73B2, 0x7B2D, 0x7F9A, 0x7FCE, 0x8046, 0x901E, 0x9234
    dw 0x96F6, 0x9748, 0x9818, 0x9F61, 0x4F8B, 0x6FA7, 0x79AE, 0x91B4, 0x96B7, 0x52DE, 0xF960, 0x6488
    dw 0x64C4, 0x6AD3, 0x6F5E, 0x7018, 0x7210, 0x76E7, 0x8001, 0x8606, 0x865C, 0x8DEF, 0x8F05, 0x9732
    dw 0x9B6F, 0x9DFA, 0x9E75, 0x788C, 0x797F, 0x7DA0, 0x83C9, 0x9304, 0x9E7F, 0x9E93, 0x8AD6, 0x58DF
    dw 0x5F04, 0x6727, 0x7027, 0x74CF, 0x7C60, 0x807E, 0x5121, 0x7028, 0x7262, 0x78CA, 0x8CC2, 0x8CDA
    dw 0x8CF4, 0x96F7, 0x4E86, 0x50DA, 0x5BEE, 0x5ED6, 0x6599, 0x71CE, 0x7642, 0x77AD, 0x804A, 0x84FC
    dw 0x907C, 0x9B27, 0x9F8D, 0x58D8, 0x5A41, 0x5C62, 0x6A13, 0x6DDA, 0x6F0F, 0x763B, 0x7D2F, 0x7E37
    dw 0x851E, 0x8938, 0x93E4, 0x964B, 0x5289, 0x65D2, 0x67F3, 0x69B4, 0x6D41, 0x6E9C, 0x700F, 0x7409
    dw 0x7460, 0x7559, 0x7624, 0x786B, 0x8B2C, 0x985E, 0x516D, 0x622E, 0x9678, 0x4F96, 0x502B, 0x5D19
    dw 0x6DEA, 0x7DB8, 0x8F2A, 0x5F8B, 0x6144, 0x6817, 0xF961, 0x9686, 0x52D2, 0x808B, 0x51DC, 0x51CC
    dw 0x695E, 0x7A1C, 0x7DBE, 0x83F1, 0x9675, 0x4FDA, 0x5229, 0x5398, 0x540F, 0x550E, 0x5C65, 0x60A7
    dw 0x674E, 0x68A8, 0x6D6C, 0x7281, 0x72F8, 0x7406, 0x7483, 0xF962, 0x75E2, 0x7C6C, 0x7F79, 0x7FB8
    dw 0x8389, 0x88CF, 0x88E1, 0x91CC, 0x91D0, 0x96E2, 0x9BC9, 0x541D, 0x6F7E, 0x71D0, 0x7498, 0x85FA
    dw 0x8EAA, 0x96A3, 0x9C57, 0x9E9F, 0x6797, 0x6DCB, 0x7433, 0x81E8, 0x9716, 0x782C, 0x7ACB, 0x7B20
    dw 0x7C92, 0x6469, 0x746A, 0x75F2, 0x78BC, 0x78E8, 0x99AC, 0x9B54, 0x9EBB, 0x5BDE, 0x5E55, 0x6F20
    dw 0x819C, 0x83AB, 0x9088, 0x4E07, 0x534D, 0x5A29, 0x5DD2, 0x5F4E, 0x6162, 0x633D, 0x6669, 0x66FC
    dw 0x6EFF, 0x6F2B, 0x7063, 0x779E, 0x842C, 0x8513, 0x883B, 0x8F13, 0x9945, 0x9C3B, 0x551C, 0x62B9
    dw 0x672B, 0x6CAB, 0x8309, 0x896A, 0x977A, 0x4EA1, 0x5984, 0x5FD8, 0x5FD9, 0x671B, 0x7DB2, 0x7F54
    dw 0x8292, 0x832B, 0x83BD, 0x8F1E, 0x9099, 0x57CB, 0x59B9, 0x5A92, 0x5BD0, 0x6627, 0x679A, 0x6885
    dw 0x6BCF, 0x7164, 0x7F75, 0x8CB7, 0x8CE3, 0x9081, 0x9B45, 0x8108, 0x8C8A, 0x964C, 0x9A40, 0x9EA5
    dw 0x5B5F, 0x6C13, 0x731B, 0x76F2, 0x76DF, 0x840C, 0x51AA, 0x8993, 0x514D, 0x5195, 0x52C9, 0x68C9
    dw 0x6C94, 0x7704, 0x7720, 0x7DBF, 0x7DEC, 0x9762, 0x9EB5, 0x6EC5, 0x8511, 0x51A5, 0x540D, 0x547D
    dw 0x660E, 0x669D, 0x6927, 0x6E9F, 0x76BF, 0x7791, 0x8317, 0x84C2, 0x879F, 0x9169, 0x9298, 0x9CF4
    dw 0x8882, 0x4FAE, 0x5192, 0x52DF, 0x59C6, 0x5E3D, 0x6155, 0x6478, 0x6479, 0x66AE, 0x67D0, 0x6A21
    dw 0x6BCD, 0x6BDB, 0x725F, 0x7261, 0x7441, 0x7738, 0x77DB, 0x8017, 0x82BC, 0x8305, 0x8B00, 0x8B28
    dw 0x8C8C, 0x6728, 0x6C90, 0x7267, 0x76EE, 0x7766, 0x7A46, 0x9DA9, 0x6B7F, 0x6C92, 0x5922, 0x6726
    dw 0x8499, 0x536F, 0x5893, 0x5999, 0x5EDF, 0x63CF, 0x6634, 0x6773, 0x6E3A, 0x732B, 0x7AD7, 0x82D7
    dw 0x9328, 0x52D9, 0x5DEB, 0x61AE, 0x61CB, 0x620A, 0x62C7, 0x64AB, 0x65E0, 0x6959, 0x6B66, 0x6BCB
    dw 0x7121, 0x73F7, 0x755D, 0x7E46, 0x821E, 0x8302, 0x856A, 0x8AA3, 0x8CBF, 0x9727, 0x9D61, 0x58A8
    dw 0x9ED8, 0x5011, 0x520E, 0x543B, 0x554F, 0x6587, 0x6C76, 0x7D0A, 0x7D0B, 0x805E, 0x868A, 0x9580
    dw 0x96EF, 0x52FF, 0x6C95, 0x7269, 0x5473, 0x5A9A, 0x5C3E, 0x5D4B, 0x5F4C, 0x5FAE, 0x672A, 0x68B6
    dw 0x6963, 0x6E3C, 0x6E44, 0x7709, 0x7C73, 0x7F8E, 0x8587, 0x8B0E, 0x8FF7, 0x9761, 0x9EF4, 0x5CB7
    dw 0x60B6, 0x610D, 0x61AB, 0x654F, 0x65FB, 0x65FC, 0x6C11, 0x6CEF, 0x739F, 0x73C9, 0x7DE1, 0x9594
    dw 0x5BC6, 0x871C, 0x8B10, 0x525D, 0x535A, 0x62CD, 0x640F, 0x64B2, 0x6734, 0x6A38, 0x6CCA, 0x73C0
    dw 0x749E, 0x7B94, 0x7C95, 0x7E1B, 0x818A, 0x8236, 0x8584, 0x8FEB, 0x96F9, 0x99C1, 0x4F34, 0x534A
    dw 0x53CD, 0x53DB, 0x62CC, 0x642C, 0x6500, 0x6591, 0x69C3, 0x6CEE, 0x6F58, 0x73ED, 0x7554, 0x7622
    dw 0x76E4, 0x76FC, 0x78D0, 0x78FB, 0x792C, 0x7D46, 0x822C, 0x87E0, 0x8FD4, 0x9812, 0x98EF, 0x52C3
    dw 0x62D4, 0x64A5, 0x6E24, 0x6F51, 0x767C, 0x8DCB, 0x91B1, 0x9262, 0x9AEE, 0x9B43, 0x5023, 0x508D
    dw 0x574A, 0x59A8, 0x5C28, 0x5E47, 0x5F77, 0x623F, 0x653E, 0x65B9, 0x65C1, 0x6609, 0x678B, 0x699C
    dw 0x6EC2, 0x78C5, 0x7D21, 0x80AA, 0x8180, 0x822B, 0x82B3, 0x84A1, 0x868C, 0x8A2A, 0x8B17, 0x90A6
    dw 0x9632, 0x9F90, 0x500D, 0x4FF3, 0xF963, 0x57F9, 0x5F98, 0x62DC, 0x6392, 0x676F, 0x6E43, 0x7119
    dw 0x76C3, 0x80CC, 0x80DA, 0x88F4, 0x88F5, 0x8919, 0x8CE0, 0x8F29, 0x914D, 0x966A, 0x4F2F, 0x4F70
    dw 0x5E1B, 0x67CF, 0x6822, 0x767D, 0x767E, 0x9B44, 0x5E61, 0x6A0A, 0x7169, 0x71D4, 0x756A, 0xF964
    dw 0x7E41, 0x8543, 0x85E9, 0x98DC, 0x4F10, 0x7B4F, 0x7F70, 0x95A5, 0x51E1, 0x5E06, 0x68B5, 0x6C3E
    dw 0x6C4E, 0x6CDB, 0x72AF, 0x7BC4, 0x8303, 0x6CD5, 0x743A, 0x50FB, 0x5288, 0x58C1, 0x64D8, 0x6A97
    dw 0x74A7, 0x7656, 0x78A7, 0x8617, 0x95E2, 0x9739, 0xF965, 0x535E, 0x5F01, 0x8B8A, 0x8FA8, 0x8FAF
    dw 0x908A, 0x5225, 0x77A5, 0x9C49, 0x9F08, 0x4E19, 0x5002, 0x5175, 0x5C5B, 0x5E77, 0x661E, 0x663A
    dw 0x67C4, 0x68C5, 0x70B3, 0x7501, 0x75C5, 0x79C9, 0x7ADD, 0x8F27, 0x9920, 0x9A08, 0x4FDD, 0x5821
    dw 0x5831, 0x5BF6, 0x666E, 0x6B65, 0x6D11, 0x6E7A, 0x6F7D, 0x73E4, 0x752B, 0x83E9, 0x88DC, 0x8913
    dw 0x8B5C, 0x8F14, 0x4F0F, 0x50D5, 0x5310, 0x535C, 0x5B93, 0x5FA9, 0x670D, 0x798F, 0x8179, 0x832F
    dw 0x8514, 0x8907, 0x8986, 0x8F39, 0x8F3B, 0x99A5, 0x9C12, 0x672C, 0x4E76, 0x4FF8, 0x5949, 0x5C01
    dw 0x5CEF, 0x5CF0, 0x6367, 0x68D2, 0x70FD, 0x71A2, 0x742B, 0x7E2B, 0x84EC, 0x8702, 0x9022, 0x92D2
    dw 0x9CF3, 0x4E0D, 0x4ED8, 0x4FEF, 0x5085, 0x5256, 0x526F, 0x5426, 0x5490, 0x57E0, 0x592B, 0x5A66
    dw 0x5B5A, 0x5B75, 0x5BCC, 0x5E9C, 0xF966, 0x6276, 0x6577, 0x65A7, 0x6D6E, 0x6EA5, 0x7236, 0x7B26
    dw 0x7C3F, 0x7F36, 0x8150, 0x8151, 0x819A, 0x8240, 0x8299, 0x83A9, 0x8A03, 0x8CA0, 0x8CE6, 0x8CFB
    dw 0x8D74, 0x8DBA, 0x90E8, 0x91DC, 0x961C, 0x9644, 0x99D9, 0x9CE7, 0x5317, 0x5206, 0x5429, 0x5674
    dw 0x58B3, 0x5954, 0x596E, 0x5FFF, 0x61A4, 0x626E, 0x6610, 0x6C7E, 0x711A, 0x76C6, 0x7C89, 0x7CDE
    dw 0x7D1B, 0x82AC, 0x8CC1, 0x96F0, 0xF967, 0x4F5B, 0x5F17, 0x5F7F, 0x62C2, 0x5D29, 0x670B, 0x68DA
    dw 0x787C, 0x7E43, 0x9D6C, 0x4E15, 0x5099, 0x5315, 0x532A, 0x5351, 0x5983, 0x5A62, 0x5E87, 0x60B2
    dw 0x618A, 0x6249, 0x6279, 0x6590, 0x6787, 0x69A7, 0x6BD4, 0x6BD6, 0x6BD7, 0x6BD8, 0x6CB8, 0xF968
    dw 0x7435, 0x75FA, 0x7812, 0x7891, 0x79D5, 0x79D8, 0x7C83, 0x7DCB, 0x7FE1, 0x80A5, 0x813E, 0x81C2
    dw 0x83F2, 0x871A, 0x88E8, 0x8AB9, 0x8B6C, 0x8CBB, 0x9119, 0x975E, 0x98DB, 0x9F3B, 0x56AC, 0x5B2A
    dw 0x5F6C, 0x658C, 0x6AB3, 0x6BAF, 0x6D5C, 0x6FF1, 0x7015, 0x725D, 0x73AD, 0x8CA7, 0x8CD3, 0x983B
    dw 0x6191, 0x6C37, 0x8058, 0x9A01, 0x4E4D, 0x4E8B, 0x4E9B, 0x4ED5, 0x4F3A, 0x4F3C, 0x4F7F, 0x4FDF
    dw 0x50FF, 0x53F2, 0x53F8, 0x5506, 0x55E3, 0x56DB, 0x58EB, 0x5962, 0x5A11, 0x5BEB, 0x5BFA, 0x5C04
    dw 0x5DF3, 0x5E2B, 0x5F99, 0x601D, 0x6368, 0x659C, 0x65AF, 0x67F6, 0x67FB, 0x68AD, 0x6B7B, 0x6C99
    dw 0x6CD7, 0x6E23, 0x7009, 0x7345, 0x7802, 0x793E, 0x7940, 0x7960, 0x79C1, 0x7BE9, 0x7D17, 0x7D72
    dw 0x8086, 0x820D, 0x838E, 0x84D1, 0x86C7, 0x88DF, 0x8A50, 0x8A5E, 0x8B1D, 0x8CDC, 0x8D66, 0x8FAD
    dw 0x90AA, 0x98FC, 0x99DF, 0x9E9D, 0x524A, 0xF969, 0x6714, 0xF96A, 0x5098, 0x522A, 0x5C71, 0x6563
    dw 0x6C55, 0x73CA, 0x7523, 0x759D, 0x7B97, 0x849C, 0x9178, 0x9730, 0x4E77, 0x6492, 0x6BBA, 0x715E
    dw 0x85A9, 0x4E09, 0xF96B, 0x6749, 0x68EE, 0x6E17, 0x829F, 0x8518, 0x886B, 0x63F7, 0x6F81, 0x9212
    dw 0x98AF, 0x4E0A, 0x50B7, 0x50CF, 0x511F, 0x5546, 0x55AA, 0x5617, 0x5B40, 0x5C19, 0x5CE0, 0x5E38
    dw 0x5E8A, 0x5EA0, 0x5EC2, 0x60F3, 0x6851, 0x6A61, 0x6E58, 0x723D, 0x7240, 0x72C0, 0x76F8, 0x7965
    dw 0x7BB1, 0x7FD4, 0x88F3, 0x89F4, 0x8A73, 0x8C61, 0x8CDE, 0x971C, 0x585E, 0x74BD, 0x8CFD, 0x55C7
    dw 0xF96C, 0x7A61, 0x7D22, 0x8272, 0x7272, 0x751F, 0x7525, 0xF96D, 0x7B19, 0x5885, 0x58FB, 0x5DBC
    dw 0x5E8F, 0x5EB6, 0x5F90, 0x6055, 0x6292, 0x637F, 0x654D, 0x6691, 0x66D9, 0x66F8, 0x6816, 0x68F2
    dw 0x7280, 0x745E, 0x7B6E, 0x7D6E, 0x7DD6, 0x7F72, 0x80E5, 0x8212, 0x85AF, 0x897F, 0x8A93, 0x901D
    dw 0x92E4, 0x9ECD, 0x9F20, 0x5915, 0x596D, 0x5E2D, 0x60DC, 0x6614, 0x6673, 0x6790, 0x6C50, 0x6DC5
    dw 0x6F5F, 0x77F3, 0x78A9, 0x84C6, 0x91CB, 0x932B, 0x4ED9, 0x50CA, 0x5148, 0x5584, 0x5B0B, 0x5BA3
    dw 0x6247, 0x657E, 0x65CB, 0x6E32, 0x717D, 0x7401, 0x7444, 0x7487, 0x74BF, 0x766C, 0x79AA, 0x7DDA
    dw 0x7E55, 0x7FA8, 0x817A, 0x81B3, 0x8239, 0x861A, 0x87EC, 0x8A75, 0x8DE3, 0x9078, 0x9291, 0x9425
    dw 0x994D, 0x9BAE, 0x5368, 0x5C51, 0x6954, 0x6CC4, 0x6D29, 0x6E2B, 0x820C, 0x859B, 0x893B, 0x8A2D
    dw 0x8AAA, 0x96EA, 0x9F67, 0x5261, 0x66B9, 0x6BB2, 0x7E96, 0x87FE, 0x8D0D, 0x9583, 0x965D, 0x651D
    dw 0x6D89, 0x71EE, 0xF96E, 0x57CE, 0x59D3, 0x5BAC, 0x6027, 0x60FA, 0x6210, 0x661F, 0x665F, 0x7329
    dw 0x73F9, 0x76DB, 0x7701, 0x7B6C, 0x8056, 0x8072, 0x8165, 0x8AA0, 0x9192, 0x4E16, 0x52E2, 0x6B72
    dw 0x6D17, 0x7A05, 0x7B39, 0x7D30, 0xF96F, 0x8CB0, 0x53EC, 0x562F, 0x5851, 0x5BB5, 0x5C0F, 0x5C11
    dw 0x5DE2, 0x6240, 0x6383, 0x6414, 0x662D, 0x68B3, 0x6CBC, 0x6D88, 0x6EAF, 0x701F, 0x70A4, 0x71D2
    dw 0x7526, 0x758F, 0x758E, 0x7619, 0x7B11, 0x7BE0, 0x7C2B, 0x7D20, 0x7D39, 0x852C, 0x856D, 0x8607
    dw 0x8A34, 0x900D, 0x9061, 0x90B5, 0x92B7, 0x97F6, 0x9A37, 0x4FD7, 0x5C6C, 0x675F, 0x6D91, 0x7C9F
    dw 0x7E8C, 0x8B16, 0x8D16, 0x901F, 0x5B6B, 0x5DFD, 0x640D, 0x84C0, 0x905C, 0x98E1, 0x7387, 0x5B8B
    dw 0x609A, 0x677E, 0x6DDE, 0x8A1F, 0x8AA6, 0x9001, 0x980C, 0x5237, 0xF970, 0x7051, 0x788E, 0x9396
    dw 0x8870, 0x91D7, 0x4FEE, 0x53D7, 0x55FD, 0x56DA, 0x5782, 0x58FD, 0x5AC2, 0x5B88, 0x5CAB, 0x5CC0
    dw 0x5E25, 0x6101, 0x620D, 0x624B, 0x6388, 0x641C, 0x6536, 0x6578, 0x6A39, 0x6B8A, 0x6C34, 0x6D19
    dw 0x6F31, 0x71E7, 0x72E9, 0x7378, 0x7407, 0x74B2, 0x7626, 0x7761, 0x79C0, 0x7A57, 0x7AEA, 0x7CB9
    dw 0x7D8F, 0x7DAC, 0x7E61, 0x7F9E, 0x8129, 0x8331, 0x8490, 0x84DA, 0x85EA, 0x8896, 0x8AB0, 0x8B90
    dw 0x8F38, 0x9042, 0x9083, 0x916C, 0x9296, 0x92B9, 0x968B, 0x96A7, 0x96A8, 0x96D6, 0x9700, 0x9808
    dw 0x9996, 0x9AD3, 0x9B1A, 0x53D4, 0x587E, 0x5919, 0x5B70, 0x5BBF, 0x6DD1, 0x6F5A, 0x719F, 0x7421
    dw 0x74B9, 0x8085, 0x83FD, 0x5DE1, 0x5F87, 0x5FAA, 0x6042, 0x65EC, 0x6812, 0x696F, 0x6A53, 0x6B89
    dw 0x6D35, 0x6DF3, 0x73E3, 0x76FE, 0x77AC, 0x7B4D, 0x7D14, 0x8123, 0x821C, 0x8340, 0x84F4, 0x8563
    dw 0x8A62, 0x8AC4, 0x9187, 0x931E, 0x9806, 0x99B4, 0x620C, 0x8853, 0x8FF0, 0x9265, 0x5D07, 0x5D27
    dw 0x5D69, 0x745F, 0x819D, 0x8768, 0x6FD5, 0x62FE, 0x7FD2, 0x8936, 0x8972, 0x4E1E, 0x4E58, 0x50E7
    dw 0x52DD, 0x5347, 0x627F, 0x6607, 0x7E69, 0x8805, 0x965E, 0x4F8D, 0x5319, 0x5636, 0x59CB, 0x5AA4
    dw 0x5C38, 0x5C4E, 0x5C4D, 0x5E02, 0x5F11, 0x6043, 0x65BD, 0x662F, 0x6642, 0x67BE, 0x67F4, 0x731C
    dw 0x77E2, 0x793A, 0x7FC5, 0x8494, 0x84CD, 0x8996, 0x8A66, 0x8A69, 0x8AE1, 0x8C55, 0x8C7A, 0x57F4
    dw 0x5BD4, 0x5F0F, 0x606F, 0x62ED, 0x690D, 0x6B96, 0x6E5C, 0x7184, 0x7BD2, 0x8755, 0x8B58, 0x8EFE
    dw 0x98DF, 0x98FE, 0x4F38, 0x4F81, 0x4FE1, 0x547B, 0x5A20, 0x5BB8, 0x613C, 0x65B0, 0x6668, 0x71FC
    dw 0x7533, 0x795E, 0x7D33, 0x814E, 0x81E3, 0x8398, 0x85AA, 0x85CE, 0x8703, 0x8A0A, 0x8EAB, 0x8F9B
    dw 0xF971, 0x8FC5, 0x5931, 0x5BA4, 0x5BE6, 0x6089, 0x5BE9, 0x5C0B, 0x5FC3, 0x6C81, 0xF972, 0x6DF1
    dw 0x700B, 0x751A, 0x82AF, 0x8AF6, 0x4EC0, 0x5341, 0xF973, 0x96D9, 0x6C0F, 0x4E9E, 0x4FC4, 0x5152
    dw 0x555E, 0x5A25, 0x5CE8, 0x6211, 0x7259, 0x82BD, 0x83AA, 0x86FE, 0x8859, 0x8A1D, 0x963F, 0x96C5
    dw 0x9913, 0x9D09, 0x9D5D, 0x580A, 0x5CB3, 0x5DBD, 0x5E44, 0x60E1, 0x6115, 0x63E1, 0x6A02, 0x6E25
    dw 0x9102, 0x9354, 0x984E, 0x9C10, 0x9F77, 0x5B89, 0x5CB8, 0x6309, 0x664F, 0x6848, 0x773C, 0x96C1
    dw 0x978D, 0x9854, 0x9B9F, 0x65A1, 0x8B01, 0x8ECB, 0x95BC, 0x5535, 0x5CA9, 0x5DD6, 0x5EB5, 0x6697
    dw 0x764C, 0x83F4, 0x95C7, 0x58D3, 0x62BC, 0x72CE, 0x9D28, 0x4EF0, 0x592E, 0x600F, 0x663B, 0x6B83
    dw 0x79E7, 0x9D26, 0x5393, 0x54C0, 0x57C3, 0x5D16, 0x611B, 0x66D6, 0x6DAF, 0x788D, 0x827E, 0x9698
    dw 0x9744, 0x5384, 0x627C, 0x6396, 0x6DB2, 0x7E0A, 0x814B, 0x984D, 0x6AFB, 0x7F4C, 0x9DAF, 0x9E1A
    dw 0x4E5F, 0x503B, 0x51B6, 0x591C, 0x60F9, 0x63F6, 0x6930, 0x723A, 0x8036, 0xF974, 0x91CE, 0x5F31
    dw 0xF975, 0xF976, 0x7D04, 0x82E5, 0x846F, 0x84BB, 0x85E5, 0x8E8D, 0xF977, 0x4F6F, 0xF978, 0xF979
    dw 0x58E4, 0x5B43, 0x6059, 0x63DA, 0x6518, 0x656D, 0x6698, 0xF97A, 0x694A, 0x6A23, 0x6D0B, 0x7001
    dw 0x716C, 0x75D2, 0x760D, 0x79B3, 0x7A70, 0xF97B, 0x7F8A, 0xF97C, 0x8944, 0xF97D, 0x8B93, 0x91C0
    dw 0x967D, 0xF97E, 0x990A, 0x5704, 0x5FA1, 0x65BC, 0x6F01, 0x7600, 0x79A6, 0x8A9E, 0x99AD, 0x9B5A
    dw 0x9F6C, 0x5104, 0x61B6, 0x6291, 0x6A8D, 0x81C6, 0x5043, 0x5830, 0x5F66, 0x7109, 0x8A00, 0x8AFA
    dw 0x5B7C, 0x8616, 0x4FFA, 0x513C, 0x56B4, 0x5944, 0x63A9, 0x6DF9, 0x5DAA, 0x696D, 0x5186, 0x4E88
    dw 0x4F59, 0xF97F, 0xF980, 0xF981, 0x5982, 0xF982, 0xF983, 0x6B5F, 0x6C5D, 0xF984, 0x74B5, 0x7916
    dw 0xF985, 0x8207, 0x8245, 0x8339, 0x8F3F, 0x8F5D, 0xF986, 0x9918, 0xF987, 0xF988, 0xF989, 0x4EA6
    dw 0xF98A, 0x57DF, 0x5F79, 0x6613, 0xF98B, 0xF98C, 0x75AB, 0x7E79, 0x8B6F, 0xF98D, 0x9006, 0x9A5B
    dw 0x56A5, 0x5827, 0x59F8, 0x5A1F, 0x5BB4, 0xF98E, 0x5EF6, 0xF98F, 0xF990, 0x6350, 0x633B, 0xF991
    dw 0x693D, 0x6C87, 0x6CBF, 0x6D8E, 0x6D93, 0x6DF5, 0x6F14, 0xF992, 0x70DF, 0x7136, 0x7159, 0xF993
    dw 0x71C3, 0x71D5, 0xF994, 0x784F, 0x786F, 0xF995, 0x7B75, 0x7DE3, 0xF996, 0x7E2F, 0xF997, 0x884D
    dw 0x8EDF, 0xF998, 0xF999, 0xF99A, 0x925B, 0xF99B, 0x9CF6, 0xF99C, 0xF99D, 0xF99E, 0x6085, 0x6D85
    dw 0xF99F, 0x71B1, 0xF9A0, 0xF9A1, 0x95B1, 0x53AD, 0xF9A2, 0xF9A3, 0xF9A4, 0x67D3, 0xF9A5, 0x708E
    dw 0x7130, 0x7430, 0x8276, 0x82D2, 0xF9A6, 0x95BB, 0x9AE5, 0x9E7D, 0x66C4, 0xF9A7, 0x71C1, 0x8449
    dw 0xF9A8, 0xF9A9, 0x584B, 0xF9AA, 0xF9AB, 0x5DB8, 0x5F71, 0xF9AC, 0x6620, 0x668E, 0x6979, 0x69AE
    dw 0x6C38, 0x6CF3, 0x6E36, 0x6F41, 0x6FDA, 0x701B, 0x702F, 0x7150, 0x71DF, 0x7370, 0xF9AD, 0x745B
    dw 0xF9AE, 0x74D4, 0x76C8, 0x7A4E, 0x7E93, 0xF9AF, 0xF9B0, 0x82F1, 0x8A60, 0x8FCE, 0xF9B1, 0x9348
    dw 0xF9B2, 0x9719, 0xF9B3, 0xF9B4, 0x4E42, 0x502A, 0xF9B5, 0x5208, 0x53E1, 0x66F3, 0x6C6D, 0x6FCA
    dw 0x730A, 0x777F, 0x7A62, 0x82AE, 0x85DD, 0x8602, 0xF9B6, 0x88D4, 0x8A63, 0x8B7D, 0x8C6B, 0xF9B7
    dw 0x92B3, 0xF9B8, 0x9713, 0x9810, 0x4E94, 0x4F0D, 0x4FC9, 0x50B2, 0x5348, 0x543E, 0x5433, 0x55DA
    dw 0x5862, 0x58BA, 0x5967, 0x5A1B, 0x5BE4, 0x609F, 0xF9B9, 0x61CA, 0x6556, 0x65FF, 0x6664, 0x68A7
    dw 0x6C5A, 0x6FB3, 0x70CF, 0x71AC, 0x7352, 0x7B7D, 0x8708, 0x8AA4, 0x9C32, 0x9F07, 0x5C4B, 0x6C83
    dw 0x7344, 0x7389, 0x923A, 0x6EAB, 0x7465, 0x761F, 0x7A69, 0x7E15, 0x860A, 0x5140, 0x58C5, 0x64C1
    dw 0x74EE, 0x7515, 0x7670, 0x7FC1, 0x9095, 0x96CD, 0x9954, 0x6E26, 0x74E6, 0x7AA9, 0x7AAA, 0x81E5
    dw 0x86D9, 0x8778, 0x8A1B, 0x5A49, 0x5B8C, 0x5B9B, 0x68A1, 0x6900, 0x6D63, 0x73A9, 0x7413, 0x742C
    dw 0x7897, 0x7DE9, 0x7FEB, 0x8118, 0x8155, 0x839E, 0x8C4C, 0x962E, 0x9811, 0x66F0, 0x5F80, 0x65FA
    dw 0x6789, 0x6C6A, 0x738B, 0x502D, 0x5A03, 0x6B6A, 0x77EE, 0x5916, 0x5D6C, 0x5DCD, 0x7325, 0x754F
    dw 0xF9BA, 0xF9BB, 0x50E5, 0x51F9, 0x582F, 0x592D, 0x5996, 0x59DA, 0x5BE5, 0xF9BC, 0xF9BD, 0x5DA2
    dw 0x62D7, 0x6416, 0x6493, 0x64FE, 0xF9BE, 0x66DC, 0xF9BF, 0x6A48, 0xF9C0, 0x71FF, 0x7464, 0xF9C1
    dw 0x7A88, 0x7AAF, 0x7E47, 0x7E5E, 0x8000, 0x8170, 0xF9C2, 0x87EF, 0x8981, 0x8B20, 0x9059, 0xF9C3
    dw 0x9080, 0x9952, 0x617E, 0x6B32, 0x6D74, 0x7E1F, 0x8925, 0x8FB1, 0x4FD1, 0x50AD, 0x5197, 0x52C7
    dw 0x57C7, 0x5889, 0x5BB9, 0x5EB8, 0x6142, 0x6995, 0x6D8C, 0x6E67, 0x6EB6, 0x7194, 0x7462, 0x7528
    dw 0x752C, 0x8073, 0x8338, 0x84C9, 0x8E0A, 0x9394, 0x93DE, 0xF9C4, 0x4E8E, 0x4F51, 0x5076, 0x512A
    dw 0x53C8, 0x53CB, 0x53F3, 0x5B87, 0x5BD3, 0x5C24, 0x611A, 0x6182, 0x65F4, 0x725B, 0x7397, 0x7440
    dw 0x76C2, 0x7950, 0x7991, 0x79B9, 0x7D06, 0x7FBD, 0x828B, 0x85D5, 0x865E, 0x8FC2, 0x9047, 0x90F5
    dw 0x91EA, 0x9685, 0x96E8, 0x96E9, 0x52D6, 0x5F67, 0x65ED, 0x6631, 0x682F, 0x715C, 0x7A36, 0x90C1
    dw 0x980A, 0x4E91, 0xF9C5, 0x6A52, 0x6B9E, 0x6F90, 0x7189, 0x8018, 0x82B8, 0x8553, 0x904B, 0x9695
    dw 0x96F2, 0x97FB, 0x851A, 0x9B31, 0x4E90, 0x718A, 0x96C4, 0x5143, 0x539F, 0x54E1, 0x5713, 0x5712
    dw 0x57A3, 0x5A9B, 0x5AC4, 0x5BC3, 0x6028, 0x613F, 0x63F4, 0x6C85, 0x6D39, 0x6E72, 0x6E90, 0x7230
    dw 0x733F, 0x7457, 0x82D1, 0x8881, 0x8F45, 0x9060, 0xF9C6, 0x9662, 0x9858, 0x9D1B, 0x6708, 0x8D8A
    dw 0x925E, 0x4F4D, 0x5049, 0x50DE, 0x5371, 0x570D, 0x59D4, 0x5A01, 0x5C09, 0x6170, 0x6690, 0x6E2D
    dw 0x7232, 0x744B, 0x7DEF, 0x80C3, 0x840E, 0x8466, 0x853F, 0x875F, 0x885B, 0x8918, 0x8B02, 0x9055
    dw 0x97CB, 0x9B4F, 0x4E73, 0x4F91, 0x5112, 0x516A, 0xF9C7, 0x552F, 0x55A9, 0x5B7A, 0x5BA5, 0x5E7C
    dw 0x5E7D, 0x5EBE, 0x60A0, 0x60DF, 0x6108, 0x6109, 0x63C4, 0x6538, 0x6709, 0xF9C8, 0x67D4, 0x67DA
    dw 0xF9C9, 0x6961, 0x6962, 0x6CB9, 0x6D27, 0xF9CA, 0x6E38, 0xF9CB, 0x6FE1, 0x7336, 0x7337, 0xF9CC
    dw 0x745C, 0x7531, 0xF9CD, 0x7652, 0xF9CE, 0xF9CF, 0x7DAD, 0x81FE, 0x8438, 0x88D5, 0x8A98, 0x8ADB
    dw 0x8AED, 0x8E30, 0x8E42, 0x904A, 0x903E, 0x907A, 0x9149, 0x91C9, 0x936E, 0xF9D0, 0xF9D1, 0x5809
    dw 0xF9D2, 0x6BD3, 0x8089, 0x80B2, 0xF9D3, 0xF9D4, 0x5141, 0x596B, 0x5C39, 0xF9D5, 0xF9D6, 0x6F64
    dw 0x73A7, 0x80E4, 0x8D07, 0xF9D7, 0x9217, 0x958F, 0xF9D8, 0xF9D9, 0xF9DA, 0xF9DB, 0x807F, 0x620E
    dw 0x701C, 0x7D68, 0x878D, 0xF9DC, 0x57A0, 0x6069, 0x6147, 0x6BB7, 0x8ABE, 0x9280, 0x96B1, 0x4E59
    dw 0x541F, 0x6DEB, 0x852D, 0x9670, 0x97F3, 0x98EE, 0x63D6, 0x6CE3, 0x9091, 0x51DD, 0x61C9, 0x81BA
    dw 0x9DF9, 0x4F9D, 0x501A, 0x5100, 0x5B9C, 0x610F, 0x61FF, 0x64EC, 0x6905, 0x6BC5, 0x7591, 0x77E3
    dw 0x7FA9, 0x8264, 0x858F, 0x87FB, 0x8863, 0x8ABC, 0x8B70, 0x91AB, 0x4E8C, 0x4EE5, 0x4F0A, 0xF9DD
    dw 0xF9DE, 0x5937, 0x59E8, 0xF9DF, 0x5DF2, 0x5F1B, 0x5F5B, 0x6021, 0xF9E0, 0xF9E1, 0xF9E2, 0xF9E3
    dw 0x723E, 0x73E5, 0xF9E4, 0x7570, 0x75CD, 0xF9E5, 0x79FB, 0xF9E6, 0x800C, 0x8033, 0x8084, 0x82E1
    dw 0x8351, 0xF9E7, 0xF9E8, 0x8CBD, 0x8CB3, 0x9087, 0xF9E9, 0xF9EA, 0x98F4, 0x990C, 0xF9EB, 0xF9EC
    dw 0x7037, 0x76CA, 0x7FCA, 0x7FCC, 0x7FFC, 0x8B1A, 0x4EBA, 0x4EC1, 0x5203, 0x5370, 0xF9ED, 0x54BD
    dw 0x56E0, 0x59FB, 0x5BC5, 0x5F15, 0x5FCD, 0x6E6E, 0xF9EE, 0xF9EF, 0x7D6A, 0x8335, 0xF9F0, 0x8693
    dw 0x8A8D, 0xF9F1, 0x976D, 0x9777, 0xF9F2, 0xF9F3, 0x4E00, 0x4F5A, 0x4F7E, 0x58F9, 0x65E5, 0x6EA2
    dw 0x9038, 0x93B0, 0x99B9, 0x4EFB, 0x58EC, 0x598A, 0x59D9, 0x6041, 0xF9F4, 0xF9F5, 0x7A14, 0xF9F6
    dw 0x834F, 0x8CC3, 0x5165, 0x5344, 0xF9F7, 0xF9F8, 0xF9F9, 0x4ECD, 0x5269, 0x5B55, 0x82BF, 0x4ED4
    dw 0x523A, 0x54A8, 0x59C9, 0x59FF, 0x5B50, 0x5B57, 0x5B5C, 0x6063, 0x6148, 0x6ECB, 0x7099, 0x716E
    dw 0x7386, 0x74F7, 0x75B5, 0x78C1, 0x7D2B, 0x8005, 0x81EA, 0x8328, 0x8517, 0x85C9, 0x8AEE, 0x8CC7
    dw 0x96CC, 0x4F5C, 0x52FA, 0x56BC, 0x65AB, 0x6628, 0x707C, 0x70B8, 0x7235, 0x7DBD, 0x828D, 0x914C
    dw 0x96C0, 0x9D72, 0x5B71, 0x68E7, 0x6B98, 0x6F7A, 0x76DE, 0x5C91, 0x66AB, 0x6F5B, 0x7BB4, 0x7C2A
    dw 0x8836, 0x96DC, 0x4E08, 0x4ED7, 0x5320, 0x5834, 0x58BB, 0x58EF, 0x596C, 0x5C07, 0x5E33, 0x5E84
    dw 0x5F35, 0x638C, 0x66B2, 0x6756, 0x6A1F, 0x6AA3, 0x6B0C, 0x6F3F, 0x7246, 0xF9FA, 0x7350, 0x748B
    dw 0x7AE0, 0x7CA7, 0x8178, 0x81DF, 0x81E7, 0x838A, 0x846C, 0x8523, 0x8594, 0x85CF, 0x88DD, 0x8D13
    dw 0x91AC, 0x9577, 0x969C, 0x518D, 0x54C9, 0x5728, 0x5BB0, 0x624D, 0x6750, 0x683D, 0x6893, 0x6E3D
    dw 0x6ED3, 0x707D, 0x7E21, 0x88C1, 0x8CA1, 0x8F09, 0x9F4B, 0x9F4E, 0x722D, 0x7B8F, 0x8ACD, 0x931A
    dw 0x4F47, 0x4F4E, 0x5132, 0x5480, 0x59D0, 0x5E95, 0x62B5, 0x6775, 0x696E, 0x6A17, 0x6CAE, 0x6E1A
    dw 0x72D9, 0x732A, 0x75BD, 0x7BB8, 0x7D35, 0x82E7, 0x83F9, 0x8457, 0x85F7, 0x8A5B, 0x8CAF, 0x8E87
    dw 0x9019, 0x90B8, 0x96CE, 0x9F5F, 0x52E3, 0x540A, 0x5AE1, 0x5BC2, 0x6458, 0x6575, 0x6EF4, 0x72C4
    dw 0xF9FB, 0x7684, 0x7A4D, 0x7B1B, 0x7C4D, 0x7E3E, 0x7FDF, 0x837B, 0x8B2B, 0x8CCA, 0x8D64, 0x8DE1
    dw 0x8E5F, 0x8FEA, 0x8FF9, 0x9069, 0x93D1, 0x4F43, 0x4F7A, 0x50B3, 0x5168, 0x5178, 0x524D, 0x526A
    dw 0x5861, 0x587C, 0x5960, 0x5C08, 0x5C55, 0x5EDB, 0x609B, 0x6230, 0x6813, 0x6BBF, 0x6C08, 0x6FB1
    dw 0x714E, 0x7420, 0x7530, 0x7538, 0x7551, 0x7672, 0x7B4C, 0x7B8B, 0x7BAD, 0x7BC6, 0x7E8F, 0x8A6E
    dw 0x8F3E, 0x8F49, 0x923F, 0x9293, 0x9322, 0x942B, 0x96FB, 0x985A, 0x986B, 0x991E, 0x5207, 0x622A
    dw 0x6298, 0x6D59, 0x7664, 0x7ACA, 0x7BC0, 0x7D76, 0x5360, 0x5CBE, 0x5E97, 0x6F38, 0x70B9, 0x7C98
    dw 0x9711, 0x9B8E, 0x9EDE, 0x63A5, 0x647A, 0x8776, 0x4E01, 0x4E95, 0x4EAD, 0x505C, 0x5075, 0x5448
    dw 0x59C3, 0x5B9A, 0x5E40, 0x5EAD, 0x5EF7, 0x5F81, 0x60C5, 0x633A, 0x653F, 0x6574, 0x65CC, 0x6676
    dw 0x6678, 0x67FE, 0x6968, 0x6A89, 0x6B63, 0x6C40, 0x6DC0, 0x6DE8, 0x6E1F, 0x6E5E, 0x701E, 0x70A1
    dw 0x738E, 0x73FD, 0x753A, 0x775B, 0x7887, 0x798E, 0x7A0B, 0x7A7D, 0x7CBE, 0x7D8E, 0x8247, 0x8A02
    dw 0x8AEA, 0x8C9E, 0x912D, 0x914A, 0x91D8, 0x9266, 0x92CC, 0x9320, 0x9706, 0x9756, 0x975C, 0x9802
    dw 0x9F0E, 0x5236, 0x5291, 0x557C, 0x5824, 0x5E1D, 0x5F1F, 0x608C, 0x63D0, 0x68AF, 0x6FDF, 0x796D
    dw 0x7B2C, 0x81CD, 0x85BA, 0x88FD, 0x8AF8, 0x8E44, 0x918D, 0x9664, 0x969B, 0x973D, 0x984C, 0x9F4A
    dw 0x4FCE, 0x5146, 0x51CB, 0x52A9, 0x5632, 0x5F14, 0x5F6B, 0x63AA, 0x64CD, 0x65E9, 0x6641, 0x66FA
    dw 0x66F9, 0x671D, 0x689D, 0x68D7, 0x69FD, 0x6F15, 0x6F6E, 0x7167, 0x71E5, 0x722A, 0x74AA, 0x773A
    dw 0x7956, 0x795A, 0x79DF, 0x7A20, 0x7A95, 0x7C97, 0x7CDF, 0x7D44, 0x7E70, 0x8087, 0x85FB, 0x86A4
    dw 0x8A54, 0x8ABF, 0x8D99, 0x8E81, 0x9020, 0x906D, 0x91E3, 0x963B, 0x96D5, 0x9CE5, 0x65CF, 0x7C07
    dw 0x8DB3, 0x93C3, 0x5B58, 0x5C0A, 0x5352, 0x62D9, 0x731D, 0x5027, 0x5B97, 0x5F9E, 0x60B0, 0x616B
    dw 0x68D5, 0x6DD9, 0x742E, 0x7A2E, 0x7D42, 0x7D9C, 0x7E31, 0x816B, 0x8E2A, 0x8E35, 0x937E, 0x9418
    dw 0x4F50, 0x5750, 0x5DE6, 0x5EA7, 0x632B, 0x7F6A, 0x4E3B, 0x4F4F, 0x4F8F, 0x505A, 0x59DD, 0x80C4
    dw 0x546A, 0x5468, 0x55FE, 0x594F, 0x5B99, 0x5DDE, 0x5EDA, 0x665D, 0x6731, 0x67F1, 0x682A, 0x6CE8
    dw 0x6D32, 0x6E4A, 0x6F8D, 0x70B7, 0x73E0, 0x7587, 0x7C4C, 0x7D02, 0x7D2C, 0x7DA2, 0x821F, 0x86DB
    dw 0x8A3B, 0x8A85, 0x8D70, 0x8E8A, 0x8F33, 0x9031, 0x914E, 0x9152, 0x9444, 0x99D0, 0x7AF9, 0x7CA5
    dw 0x4FCA, 0x5101, 0x51C6, 0x57C8, 0x5BEF, 0x5CFB, 0x6659, 0x6A3D, 0x6D5A, 0x6E96, 0x6FEC, 0x710C
    dw 0x756F, 0x7AE3, 0x8822, 0x9021, 0x9075, 0x96CB, 0x99FF, 0x8301, 0x4E2D, 0x4EF2, 0x8846, 0x91CD
    dw 0x537D, 0x6ADB, 0x696B, 0x6C41, 0x847A, 0x589E, 0x618E, 0x66FE, 0x62EF, 0x70DD, 0x7511, 0x75C7
    dw 0x7E52, 0x84B8, 0x8B49, 0x8D08, 0x4E4B, 0x53EA, 0x54AB, 0x5730, 0x5740, 0x5FD7, 0x6301, 0x6307
    dw 0x646F, 0x652F, 0x65E8, 0x667A, 0x679D, 0x67B3, 0x6B62, 0x6C60, 0x6C9A, 0x6F2C, 0x77E5, 0x7825
    dw 0x7949, 0x7957, 0x7D19, 0x80A2, 0x8102, 0x81F3, 0x829D, 0x82B7, 0x8718, 0x8A8C, 0xF9FC, 0x8D04
    dw 0x8DBE, 0x9072, 0x76F4, 0x7A19, 0x7A37, 0x7E54, 0x8077, 0x5507, 0x55D4, 0x5875, 0x632F, 0x6422
    dw 0x6649, 0x664B, 0x686D, 0x699B, 0x6B84, 0x6D25, 0x6EB1, 0x73CD, 0x7468, 0x74A1, 0x755B, 0x75B9
    dw 0x76E1, 0x771E, 0x778B, 0x79E6, 0x7E09, 0x7E1D, 0x81FB, 0x852F, 0x8897, 0x8A3A, 0x8CD1, 0x8EEB
    dw 0x8FB0, 0x9032, 0x93AD, 0x9663, 0x9673, 0x9707, 0x4F84, 0x53F1, 0x59EA, 0x5AC9, 0x5E19, 0x684E
    dw 0x74C6, 0x75BE, 0x79E9, 0x7A92, 0x81A3, 0x86ED, 0x8CEA, 0x8DCC, 0x8FED, 0x659F, 0x6715, 0xF9FD
    dw 0x57F7, 0x6F57, 0x7DDD, 0x8F2F, 0x93F6, 0x96C6, 0x5FB5, 0x61F2, 0x6F84, 0x4E14, 0x4F98, 0x501F
    dw 0x53C9, 0x55DF, 0x5D6F, 0x5DEE, 0x6B21, 0x6B64, 0x78CB, 0x7B9A, 0xF9FE, 0x8E49, 0x8ECA, 0x906E
    dw 0x6349, 0x643E, 0x7740, 0x7A84, 0x932F, 0x947F, 0x9F6A, 0x64B0, 0x6FAF, 0x71E6, 0x74A8, 0x74DA
    dw 0x7AC4, 0x7C12, 0x7E82, 0x7CB2, 0x7E98, 0x8B9A, 0x8D0A, 0x947D, 0x9910, 0x994C, 0x5239, 0x5BDF
    dw 0x64E6, 0x672D, 0x7D2E, 0x50ED, 0x53C3, 0x5879, 0x6158, 0x6159, 0x61FA, 0x65AC, 0x7AD9, 0x8B92
    dw 0x8B96, 0x5009, 0x5021, 0x5275, 0x5531, 0x5A3C, 0x5EE0, 0x5F70, 0x6134, 0x655E, 0x660C, 0x6636
    dw 0x66A2, 0x69CD, 0x6EC4, 0x6F32, 0x7316, 0x7621, 0x7A93, 0x8139, 0x8259, 0x83D6, 0x84BC, 0x50B5
    dw 0x57F0, 0x5BC0, 0x5BE8, 0x5F69, 0x63A1, 0x7826, 0x7DB5, 0x83DC, 0x8521, 0x91C7, 0x91F5, 0x518A
    dw 0x67F5, 0x7B56, 0x8CAC, 0x51C4, 0x59BB, 0x60BD, 0x8655, 0x501C, 0xF9FF, 0x5254, 0x5C3A, 0x617D
    dw 0x621A, 0x62D3, 0x64F2, 0x65A5, 0x6ECC, 0x7620, 0x810A, 0x8E60, 0x965F, 0x96BB, 0x4EDF, 0x5343
    dw 0x5598, 0x5929, 0x5DDD, 0x64C5, 0x6CC9, 0x6DFA, 0x7394, 0x7A7F, 0x821B, 0x85A6, 0x8CE4, 0x8E10
    dw 0x9077, 0x91E7, 0x95E1, 0x9621, 0x97C6, 0x51F8, 0x54F2, 0x5586, 0x5FB9, 0x64A4, 0x6F88, 0x7DB4
    dw 0x8F1F, 0x8F4D, 0x9435, 0x50C9, 0x5C16, 0x6CBE, 0x6DFB, 0x751B, 0x77BB, 0x7C3D, 0x7C64, 0x8A79
    dw 0x8AC2, 0x581E, 0x59BE, 0x5E16, 0x6377, 0x7252, 0x758A, 0x776B, 0x8ADC, 0x8CBC, 0x8F12, 0x5EF3
    dw 0x6674, 0x6DF8, 0x807D, 0x83C1, 0x8ACB, 0x9751, 0x9BD6, 0xFA00, 0x5243, 0x66FF, 0x6D95, 0x6EEF
    dw 0x7DE0, 0x8AE6, 0x902E, 0x905E, 0x9AD4, 0x521D, 0x527F, 0x54E8, 0x6194, 0x6284, 0x62DB, 0x68A2
    dw 0x6912, 0x695A, 0x6A35, 0x7092, 0x7126, 0x785D, 0x7901, 0x790E, 0x79D2, 0x7A0D, 0x8096, 0x8278
    dw 0x82D5, 0x8349, 0x8549, 0x8C82, 0x8D85, 0x9162, 0x918B, 0x91AE, 0x4FC3, 0x56D1, 0x71ED, 0x77D7
    dw 0x8700, 0x89F8, 0x5BF8, 0x5FD6, 0x6751, 0x90A8, 0x53E2, 0x585A, 0x5BF5, 0x60A4, 0x6181, 0x6460
    dw 0x7E3D, 0x8070, 0x8525, 0x9283, 0x64AE, 0x50AC, 0x5D14, 0x6700, 0x589C, 0x62BD, 0x63A8, 0x690E
    dw 0x6978, 0x6A1E, 0x6E6B, 0x76BA, 0x79CB, 0x82BB, 0x8429, 0x8ACF, 0x8DA8, 0x8FFD, 0x9112, 0x914B
    dw 0x919C, 0x9310, 0x9318, 0x939A, 0x96DB, 0x9A36, 0x9C0D, 0x4E11, 0x755C, 0x795D, 0x7AFA, 0x7B51
    dw 0x7BC9, 0x7E2E, 0x84C4, 0x8E59, 0x8E74, 0x8EF8, 0x9010, 0x6625, 0x693F, 0x7443, 0x51FA, 0x672E
    dw 0x9EDC, 0x5145, 0x5FE0, 0x6C96, 0x87F2, 0x885D, 0x8877, 0x60B4, 0x81B5, 0x8403, 0x8D05, 0x53D6
    dw 0x5439, 0x5634, 0x5A36, 0x5C31, 0x708A, 0x7FE0, 0x805A, 0x8106, 0x81ED, 0x8DA3, 0x9189, 0x9A5F
    dw 0x9DF2, 0x5074, 0x4EC4, 0x53A0, 0x60FB, 0x6E2C, 0x5C64, 0x4F88, 0x5024, 0x55E4, 0x5CD9, 0x5E5F
    dw 0x6065, 0x6894, 0x6CBB, 0x6DC4, 0x71BE, 0x75D4, 0x75F4, 0x7661, 0x7A1A, 0x7A49, 0x7DC7, 0x7DFB
    dw 0x7F6E, 0x81F4, 0x86A9, 0x8F1C, 0x96C9, 0x99B3, 0x9F52, 0x5247, 0x52C5, 0x98ED, 0x89AA, 0x4E03
    dw 0x67D2, 0x6F06, 0x4FB5, 0x5BE2, 0x6795, 0x6C88, 0x6D78, 0x741B, 0x7827, 0x91DD, 0x937C, 0x87C4
    dw 0x79E4, 0x7A31, 0x5FEB, 0x4ED6, 0x54A4, 0x553E, 0x58AE, 0x59A5, 0x60F0, 0x6253, 0x62D6, 0x6736
    dw 0x6955, 0x8235, 0x9640, 0x99B1, 0x99DD, 0x502C, 0x5353, 0x5544, 0x577C, 0xFA01, 0x6258, 0xFA02
    dw 0x64E2, 0x666B, 0x67DD, 0x6FC1, 0x6FEF, 0x7422, 0x7438, 0x8A17, 0x9438, 0x5451, 0x5606, 0x5766
    dw 0x5F48, 0x619A, 0x6B4E, 0x7058, 0x70AD, 0x7DBB, 0x8A95, 0x596A, 0x812B, 0x63A2, 0x7708, 0x803D
    dw 0x8CAA, 0x5854, 0x642D, 0x69BB, 0x5B95, 0x5E11, 0x6E6F, 0xFA03, 0x8569, 0x514C, 0x53F0, 0x592A
    dw 0x6020, 0x614B, 0x6B86, 0x6C70, 0x6CF0, 0x7B1E, 0x80CE, 0x82D4, 0x8DC6, 0x90B0, 0x98B1, 0xFA04
    dw 0x64C7, 0x6FA4, 0x6491, 0x6504, 0x514E, 0x5410, 0x571F, 0x8A0E, 0x615F, 0x6876, 0xFA05, 0x75DB
    dw 0x7B52, 0x7D71, 0x901A, 0x5806, 0x69CC, 0x817F, 0x892A, 0x9000, 0x9839, 0x5078, 0x5957, 0x59AC
    dw 0x6295, 0x900F, 0x9B2A, 0x615D, 0x7279, 0x95D6, 0x5761, 0x5A46, 0x5DF4, 0x628A, 0x64AD, 0x64FA
    dw 0x6777, 0x6CE2, 0x6D3E, 0x722C, 0x7436, 0x7834, 0x7F77, 0x82AD, 0x8DDB, 0x9817, 0x5224, 0x5742
    dw 0x677F, 0x7248, 0x74E3, 0x8CA9, 0x8FA6, 0x9211, 0x962A, 0x516B, 0x53ED, 0x634C, 0x4F69, 0x5504
    dw 0x6096, 0x6557, 0x6C9B, 0x6D7F, 0x724C, 0x72FD, 0x7A17, 0x8987, 0x8C9D, 0x5F6D, 0x6F8E, 0x70F9
    dw 0x81A8, 0x610E, 0x4FBF, 0x504F, 0x6241, 0x7247, 0x7BC7, 0x7DE8, 0x7FE9, 0x904D, 0x97AD, 0x9A19
    dw 0x8CB6, 0x576A, 0x5E73, 0x67B0, 0x840D, 0x8A55, 0x5420, 0x5B16, 0x5E63, 0x5EE2, 0x5F0A, 0x6583
    dw 0x80BA, 0x853D, 0x9589, 0x965B, 0x4F48, 0x5305, 0x530D, 0x530F, 0x5486, 0x54FA, 0x5703, 0x5E03
    dw 0x6016, 0x629B, 0x62B1, 0x6355, 0xFA06, 0x6CE1, 0x6D66, 0x75B1, 0x7832, 0x80DE, 0x812F, 0x82DE
    dw 0x8461, 0x84B2, 0x888D, 0x8912, 0x900B, 0x92EA, 0x98FD, 0x9B91, 0x5E45, 0x66B4, 0x66DD, 0x7011
    dw 0x7206, 0xFA07, 0x4FF5, 0x527D, 0x5F6A, 0x6153, 0x6753, 0x6A19, 0x6F02, 0x74E2, 0x7968, 0x8868
    dw 0x8C79, 0x98C7, 0x98C4, 0x9A43, 0x54C1, 0x7A1F, 0x6953, 0x8AF7, 0x8C4A, 0x98A8, 0x99AE, 0x5F7C
    dw 0x62AB, 0x75B2, 0x76AE, 0x88AB, 0x907F, 0x9642, 0x5339, 0x5F3C, 0x5FC5, 0x6CCC, 0x73CC, 0x7562
    dw 0x758B, 0x7B46, 0x82FE, 0x999D, 0x4E4F, 0x903C, 0x4E0B, 0x4F55, 0x53A6, 0x590F, 0x5EC8, 0x6630
    dw 0x6CB3, 0x7455, 0x8377, 0x8766, 0x8CC0, 0x9050, 0x971E, 0x9C15, 0x58D1, 0x5B78, 0x8650, 0x8B14
    dw 0x9DB4, 0x5BD2, 0x6068, 0x608D, 0x65F1, 0x6C57, 0x6F22, 0x6FA3, 0x701A, 0x7F55, 0x7FF0, 0x9591
    dw 0x9592, 0x9650, 0x97D3, 0x5272, 0x8F44, 0x51FD, 0x542B, 0x54B8, 0x5563, 0x558A, 0x6ABB, 0x6DB5
    dw 0x7DD8, 0x8266, 0x929C, 0x9677, 0x9E79, 0x5408, 0x54C8, 0x76D2, 0x86E4, 0x95A4, 0x95D4, 0x965C
    dw 0x4EA2, 0x4F09, 0x59EE, 0x5AE6, 0x5DF7, 0x6052, 0x6297, 0x676D, 0x6841, 0x6C86, 0x6E2F, 0x7F38
    dw 0x809B, 0x822A, 0xFA08, 0xFA09, 0x9805, 0x4EA5, 0x5055, 0x54B3, 0x5793, 0x595A, 0x5B69, 0x5BB3
    dw 0x61C8, 0x6977, 0x6D77, 0x7023, 0x87F9, 0x89E3, 0x8A72, 0x8AE7, 0x9082, 0x99ED, 0x9AB8, 0x52BE
    dw 0x6838, 0x5016, 0x5E78, 0x674F, 0x8347, 0x884C, 0x4EAB, 0x5411, 0x56AE, 0x73E6, 0x9115, 0x97FF
    dw 0x9909, 0x9957, 0x9999, 0x5653, 0x589F, 0x865B, 0x8A31, 0x61B2, 0x6AF6, 0x737B, 0x8ED2, 0x6B47
    dw 0x96AA, 0x9A57, 0x5955, 0x7200, 0x8D6B, 0x9769, 0x4FD4, 0x5CF4, 0x5F26, 0x61F8, 0x665B, 0x6CEB
    dw 0x70AB, 0x7384, 0x73B9, 0x73FE, 0x7729, 0x774D, 0x7D43, 0x7D62, 0x7E23, 0x8237, 0x8852, 0xFA0A
    dw 0x8CE2, 0x9249, 0x986F, 0x5B51, 0x7A74, 0x8840, 0x9801, 0x5ACC, 0x4FE0, 0x5354, 0x593E, 0x5CFD
    dw 0x633E, 0x6D79, 0x72F9, 0x8105, 0x8107, 0x83A2, 0x92CF, 0x9830, 0x4EA8, 0x5144, 0x5211, 0x578B
    dw 0x5F62, 0x6CC2, 0x6ECE, 0x7005, 0x7050, 0x70AF, 0x7192, 0x73E9, 0x7469, 0x834A, 0x87A2, 0x8861
    dw 0x9008, 0x90A2, 0x93A3, 0x99A8, 0x516E, 0x5F57, 0x60E0, 0x6167, 0x66B3, 0x8559, 0x8E4A, 0x91AF
    dw 0x978B, 0x4E4E, 0x4E92, 0x547C, 0x58D5, 0x58FA, 0x597D, 0x5CB5, 0x5F27, 0x6236, 0x6248, 0x660A
    dw 0x6667, 0x6BEB, 0x6D69, 0x6DCF, 0x6E56, 0x6EF8, 0x6F94, 0x6FE0, 0x6FE9, 0x705D, 0x72D0, 0x7425
    dw 0x745A, 0x74E0, 0x7693, 0x795C, 0x7CCA, 0x7E1E, 0x80E1, 0x82A6, 0x846B, 0x84BF, 0x864E, 0x865F
    dw 0x8774, 0x8B77, 0x8C6A, 0x93AC, 0x9800, 0x9865, 0x60D1, 0x6216, 0x9177, 0x5A5A, 0x660F, 0x6DF7
    dw 0x6E3E, 0x743F, 0x9B42, 0x5FFD, 0x60DA, 0x7B0F, 0x54C4, 0x5F18, 0x6C5E, 0x6CD3, 0x6D2A, 0x70D8
    dw 0x7D05, 0x8679, 0x8A0C, 0x9D3B, 0x5316, 0x548C, 0x5B05, 0x6A3A, 0x706B, 0x7575, 0x798D, 0x79BE
    dw 0x82B1, 0x83EF, 0x8A71, 0x8B41, 0x8CA8, 0x9774, 0xFA0B, 0x64F4, 0x652B, 0x78BA, 0x78BB, 0x7A6B
    dw 0x4E38, 0x559A, 0x5950, 0x5BA6, 0x5E7B, 0x60A3, 0x63DB, 0x6B61, 0x6665, 0x6853, 0x6E19, 0x7165
    dw 0x74B0, 0x7D08, 0x9084, 0x9A69, 0x9C25, 0x6D3B, 0x6ED1, 0x733E, 0x8C41, 0x95CA, 0x51F0, 0x5E4C
    dw 0x5FA8, 0x604D, 0x60F6, 0x6130, 0x614C, 0x6643, 0x6644, 0x69A5, 0x6CC1, 0x6E5F, 0x6EC9, 0x6F62
    dw 0x714C, 0x749C, 0x7687, 0x7BC1, 0x7C27, 0x8352, 0x8757, 0x9051, 0x968D, 0x9EC3, 0x532F, 0x56DE
    dw 0x5EFB, 0x5F8A, 0x6062, 0x6094, 0x61F7, 0x6666, 0x6703, 0x6A9C, 0x6DEE, 0x6FAE, 0x7070, 0x736A
    dw 0x7E6A, 0x81BE, 0x8334, 0x86D4, 0x8AA8, 0x8CC4, 0x5283, 0x7372, 0x5B96, 0x6A6B, 0x9404, 0x54EE
    dw 0x5686, 0x5B5D, 0x6548, 0x6585, 0x66C9, 0x689F, 0x6D8D, 0x6DC6, 0x723B, 0x80B4, 0x9175, 0x9A4D
    dw 0x4FAF, 0x5019, 0x539A, 0x540E, 0x543C, 0x5589, 0x55C5, 0x5E3F, 0x5F8C, 0x673D, 0x7166, 0x73DD
    dw 0x9005, 0x52DB, 0x52F3, 0x5864, 0x58CE, 0x7104, 0x718F, 0x71FB, 0x85B0, 0x8A13, 0x6688, 0x85A8
    dw 0x55A7, 0x6684, 0x714A, 0x8431, 0x5349, 0x5599, 0x6BC1, 0x5F59, 0x5FBD, 0x63EE, 0x6689, 0x7147
    dw 0x8AF1, 0x8F1D, 0x9EBE, 0x4F11, 0x643A, 0x70CB, 0x7566, 0x8667, 0x6064, 0x8B4E, 0x9DF8, 0x5147
    dw 0x51F6, 0x5308, 0x6D36, 0x80F8, 0x9ED1, 0x6615, 0x6B23, 0x7098, 0x75D5, 0x5403, 0x5C79, 0x7D07
    dw 0x8A16, 0x6B20, 0x6B3D, 0x6B46, 0x5438, 0x6070, 0x6D3D, 0x7FD5, 0x8208, 0x50D6, 0x51DE, 0x559C
    dw 0x566B, 0x56CD, 0x59EC, 0x5B09, 0x5E0C, 0x6199, 0x6198, 0x6231, 0x665E, 0x66E6, 0x7199, 0x71B9
    dw 0x71BA, 0x72A7, 0x79A7, 0x7A00, 0x7FB2, 0x8A70, 0x0000, 0x0000, 0x0000, 0x0000, 0x0000, 0x0000
    dw 0x0000, 0x0000, 0x0000, 0x0000, 0x0000, 0x0000, 0x0000, 0x0000, 0x0000, 0x0000, 0x0000, 0x0000
    dw 0x0000, 0x0000, 0x0000, 0x0000, 0x0000, 0x0000, 0x0000, 0x0000, 0x0000, 0x0000, 0x0000, 0x0000
    dw 0x0000, 0x0000, 0x0000, 0x0000, 0x0000, 0x0000, 0x0000, 0x0000, 0x0000, 0x0000, 0x0000, 0x0000
    dw 0x0000, 0x0000, 0x0000, 0x0000, 0x0000, 0x0000, 0x0000, 0x0000, 0x0000, 0x0000, 0x0000, 0x0000
    dw 0x0000, 0x0000, 0x0000, 0x0000, 0x0000, 0x0000, 0x0000, 0x0000, 0x0000, 0x0000, 0x0000, 0x0000
    dw 0x0000, 0x0000, 0x0000, 0x0000, 0x0000, 0x0000, 0x0000, 0x0000, 0x0000, 0x0000, 0x0000, 0x0000
    dw 0x0000, 0x0000, 0x0000, 0x0000, 0x0000, 0x0000, 0x0000, 0x0000, 0x0000, 0x0000, 0x0000, 0x0000
    dw 0x0000, 0x0000, 0x0000, 0x0000

global _euckr_table_rows
_euckr_table_rows: dq 94
global _euckr_table_cols
_euckr_table_cols: dq 94
global _euckr_table_size
_euckr_table_size: dq 8836

global _euckr_from_unicode
_euckr_from_unicode:
    dd 0x00A1, 0xA2AE
    dd 0x00A4, 0xA2B4
    dd 0x00A7, 0xA1D7
    dd 0x00A8, 0xA1A7
    dd 0x00AA, 0xA8A3
    dd 0x00AD, 0xA1A9
    dd 0x00B0, 0xA1C6
    dd 0x00B1, 0xA1BE
    dd 0x00B2, 0xA9F7
    dd 0x00B3, 0xA9F8
    dd 0x00B4, 0xA2A5
    dd 0x00B6, 0xA2D2
    dd 0x00B7, 0xA1A4
    dd 0x00B8, 0xA2AC
    dd 0x00B9, 0xA9F6
    dd 0x00BA, 0xA8AC
    dd 0x00BC, 0xA8F9
    dd 0x00BD, 0xA8F6
    dd 0x00BE, 0xA8FA
    dd 0x00BF, 0xA2AF
    dd 0x00C6, 0xA8A1
    dd 0x00D0, 0xA8A2
    dd 0x00D7, 0xA1BF
    dd 0x00D8, 0xA8AA
    dd 0x00DE, 0xA8AD
    dd 0x00DF, 0xA9AC
    dd 0x00E6, 0xA9A1
    dd 0x00F0, 0xA9A3
    dd 0x00F7, 0xA1C0
    dd 0x00F8, 0xA9AA
    dd 0x00FE, 0xA9AD
    dd 0x0111, 0xA9A2
    dd 0x0126, 0xA8A4
    dd 0x0127, 0xA9A4
    dd 0x0131, 0xA9A5
    dd 0x0132, 0xA8A6
    dd 0x0133, 0xA9A6
    dd 0x0138, 0xA9A7
    dd 0x013F, 0xA8A8
    dd 0x0140, 0xA9A8
    dd 0x0141, 0xA8A9
    dd 0x0142, 0xA9A9
    dd 0x0149, 0xA9B0
    dd 0x014A, 0xA8AF
    dd 0x014B, 0xA9AF
    dd 0x0152, 0xA8AB
    dd 0x0153, 0xA9AB
    dd 0x0166, 0xA8AE
    dd 0x0167, 0xA9AE
    dd 0x02C7, 0xA2A7
    dd 0x02D0, 0xA2B0
    dd 0x02D8, 0xA2A8
    dd 0x02D9, 0xA2AB
    dd 0x02DA, 0xA2AA
    dd 0x02DB, 0xA2AD
    dd 0x02DD, 0xA2A9
    dd 0x0391, 0xA5C1
    dd 0x0392, 0xA5C2
    dd 0x0393, 0xA5C3
    dd 0x0394, 0xA5C4
    dd 0x0395, 0xA5C5
    dd 0x0396, 0xA5C6
    dd 0x0397, 0xA5C7
    dd 0x0398, 0xA5C8
    dd 0x0399, 0xA5C9
    dd 0x039A, 0xA5CA
    dd 0x039B, 0xA5CB
    dd 0x039C, 0xA5CC
    dd 0x039D, 0xA5CD
    dd 0x039E, 0xA5CE
    dd 0x039F, 0xA5CF
    dd 0x03A0, 0xA5D0
    dd 0x03A1, 0xA5D1
    dd 0x03A3, 0xA5D2
    dd 0x03A4, 0xA5D3
    dd 0x03A5, 0xA5D4
    dd 0x03A6, 0xA5D5
    dd 0x03A7, 0xA5D6
    dd 0x03A8, 0xA5D7
    dd 0x03A9, 0xA5D8
    dd 0x03B1, 0xA5E1
    dd 0x03B2, 0xA5E2
    dd 0x03B3, 0xA5E3
    dd 0x03B4, 0xA5E4
    dd 0x03B5, 0xA5E5
    dd 0x03B6, 0xA5E6
    dd 0x03B7, 0xA5E7
    dd 0x03B8, 0xA5E8
    dd 0x03B9, 0xA5E9
    dd 0x03BA, 0xA5EA
    dd 0x03BB, 0xA5EB
    dd 0x03BC, 0xA5EC
    dd 0x03BD, 0xA5ED
    dd 0x03BE, 0xA5EE
    dd 0x03BF, 0xA5EF
    dd 0x03C0, 0xA5F0
    dd 0x03C1, 0xA5F1
    dd 0x03C3, 0xA5F2
    dd 0x03C4, 0xA5F3
    dd 0x03C5, 0xA5F4
    dd 0x03C6, 0xA5F5
    dd 0x03C7, 0xA5F6
    dd 0x03C8, 0xA5F7
    dd 0x03C9, 0xA5F8
    dd 0x0401, 0xACA7
    dd 0x0410, 0xACA1
    dd 0x0411, 0xACA2
    dd 0x0412, 0xACA3
    dd 0x0413, 0xACA4
    dd 0x0414, 0xACA5
    dd 0x0415, 0xACA6
    dd 0x0416, 0xACA8
    dd 0x0417, 0xACA9
    dd 0x0418, 0xACAA
    dd 0x0419, 0xACAB
    dd 0x041A, 0xACAC
    dd 0x041B, 0xACAD
    dd 0x041C, 0xACAE
    dd 0x041D, 0xACAF
    dd 0x041E, 0xACB0
    dd 0x041F, 0xACB1
    dd 0x0420, 0xACB2
    dd 0x0421, 0xACB3
    dd 0x0422, 0xACB4
    dd 0x0423, 0xACB5
    dd 0x0424, 0xACB6
    dd 0x0425, 0xACB7
    dd 0x0426, 0xACB8
    dd 0x0427, 0xACB9
    dd 0x0428, 0xACBA
    dd 0x0429, 0xACBB
    dd 0x042A, 0xACBC
    dd 0x042B, 0xACBD
    dd 0x042C, 0xACBE
    dd 0x042D, 0xACBF
    dd 0x042E, 0xACC0
    dd 0x042F, 0xACC1
    dd 0x0430, 0xACD1
    dd 0x0431, 0xACD2
    dd 0x0432, 0xACD3
    dd 0x0433, 0xACD4
    dd 0x0434, 0xACD5
    dd 0x0435, 0xACD6
    dd 0x0436, 0xACD8
    dd 0x0437, 0xACD9
    dd 0x0438, 0xACDA
    dd 0x0439, 0xACDB
    dd 0x043A, 0xACDC
    dd 0x043B, 0xACDD
    dd 0x043C, 0xACDE
    dd 0x043D, 0xACDF
    dd 0x043E, 0xACE0
    dd 0x043F, 0xACE1
    dd 0x0440, 0xACE2
    dd 0x0441, 0xACE3
    dd 0x0442, 0xACE4
    dd 0x0443, 0xACE5
    dd 0x0444, 0xACE6
    dd 0x0445, 0xACE7
    dd 0x0446, 0xACE8
    dd 0x0447, 0xACE9
    dd 0x0448, 0xACEA
    dd 0x0449, 0xACEB
    dd 0x044A, 0xACEC
    dd 0x044B, 0xACED
    dd 0x044C, 0xACEE
    dd 0x044D, 0xACEF
    dd 0x044E, 0xACF0
    dd 0x044F, 0xACF1
    dd 0x0451, 0xACD7
    dd 0x2015, 0xA1AA
    dd 0x2018, 0xA1AE
    dd 0x2019, 0xA1AF
    dd 0x201C, 0xA1B0
    dd 0x201D, 0xA1B1
    dd 0x2020, 0xA2D3
    dd 0x2021, 0xA2D4
    dd 0x2025, 0xA1A5
    dd 0x2026, 0xA1A6
    dd 0x2030, 0xA2B6
    dd 0x2032, 0xA1C7
    dd 0x2033, 0xA1C8
    dd 0x203B, 0xA1D8
    dd 0x2074, 0xA9F9
    dd 0x207F, 0xA9FA
    dd 0x2081, 0xA9FB
    dd 0x2082, 0xA9FC
    dd 0x2083, 0xA9FD
    dd 0x2084, 0xA9FE
    dd 0x2103, 0xA1C9
    dd 0x2109, 0xA2B5
    dd 0x2113, 0xA7A4
    dd 0x2116, 0xA2E0
    dd 0x2121, 0xA2E5
    dd 0x2122, 0xA2E2
    dd 0x2126, 0xA7D9
    dd 0x212B, 0xA1CA
    dd 0x2153, 0xA8F7
    dd 0x2154, 0xA8F8
    dd 0x215B, 0xA8FB
    dd 0x215C, 0xA8FC
    dd 0x215D, 0xA8FD
    dd 0x215E, 0xA8FE
    dd 0x2160, 0xA5B0
    dd 0x2161, 0xA5B1
    dd 0x2162, 0xA5B2
    dd 0x2163, 0xA5B3
    dd 0x2164, 0xA5B4
    dd 0x2165, 0xA5B5
    dd 0x2166, 0xA5B6
    dd 0x2167, 0xA5B7
    dd 0x2168, 0xA5B8
    dd 0x2169, 0xA5B9
    dd 0x2170, 0xA5A1
    dd 0x2171, 0xA5A2
    dd 0x2172, 0xA5A3
    dd 0x2173, 0xA5A4
    dd 0x2174, 0xA5A5
    dd 0x2175, 0xA5A6
    dd 0x2176, 0xA5A7
    dd 0x2177, 0xA5A8
    dd 0x2178, 0xA5A9
    dd 0x2179, 0xA5AA
    dd 0x2190, 0xA1E7
    dd 0x2191, 0xA1E8
    dd 0x2192, 0xA1E6
    dd 0x2193, 0xA1E9
    dd 0x2194, 0xA1EA
    dd 0x2195, 0xA2D5
    dd 0x2196, 0xA2D8
    dd 0x2197, 0xA2D6
    dd 0x2198, 0xA2D9
    dd 0x2199, 0xA2D7
    dd 0x21D2, 0xA2A1
    dd 0x21D4, 0xA2A2
    dd 0x2200, 0xA2A3
    dd 0x2202, 0xA1D3
    dd 0x2203, 0xA2A4
    dd 0x2207, 0xA1D4
    dd 0x2208, 0xA1F4
    dd 0x220B, 0xA1F5
    dd 0x220F, 0xA2B3
    dd 0x2211, 0xA2B2
    dd 0x221A, 0xA1EE
    dd 0x221D, 0xA1F0
    dd 0x221E, 0xA1C4
    dd 0x2220, 0xA1D0
    dd 0x2225, 0xA1AB
    dd 0x2227, 0xA1FC
    dd 0x2228, 0xA1FD
    dd 0x2229, 0xA1FB
    dd 0x222A, 0xA1FA
    dd 0x222B, 0xA1F2
    dd 0x222C, 0xA1F3
    dd 0x222E, 0xA2B1
    dd 0x2234, 0xA1C5
    dd 0x2235, 0xA1F1
    dd 0x223C, 0xA1AD
    dd 0x223D, 0xA1EF
    dd 0x2252, 0xA1D6
    dd 0x2260, 0xA1C1
    dd 0x2261, 0xA1D5
    dd 0x2264, 0xA1C2
    dd 0x2265, 0xA1C3
    dd 0x226A, 0xA1EC
    dd 0x226B, 0xA1ED
    dd 0x2282, 0xA1F8
    dd 0x2283, 0xA1F9
    dd 0x2286, 0xA1F6
    dd 0x2287, 0xA1F7
    dd 0x2299, 0xA2C1
    dd 0x22A5, 0xA1D1
    dd 0x2312, 0xA1D2
    dd 0x2460, 0xA8E7
    dd 0x2461, 0xA8E8
    dd 0x2462, 0xA8E9
    dd 0x2463, 0xA8EA
    dd 0x2464, 0xA8EB
    dd 0x2465, 0xA8EC
    dd 0x2466, 0xA8ED
    dd 0x2467, 0xA8EE
    dd 0x2468, 0xA8EF
    dd 0x2469, 0xA8F0
    dd 0x246A, 0xA8F1
    dd 0x246B, 0xA8F2
    dd 0x246C, 0xA8F3
    dd 0x246D, 0xA8F4
    dd 0x246E, 0xA8F5
    dd 0x2474, 0xA9E7
    dd 0x2475, 0xA9E8
    dd 0x2476, 0xA9E9
    dd 0x2477, 0xA9EA
    dd 0x2478, 0xA9EB
    dd 0x2479, 0xA9EC
    dd 0x247A, 0xA9ED
    dd 0x247B, 0xA9EE
    dd 0x247C, 0xA9EF
    dd 0x247D, 0xA9F0
    dd 0x247E, 0xA9F1
    dd 0x247F, 0xA9F2
    dd 0x2480, 0xA9F3
    dd 0x2481, 0xA9F4
    dd 0x2482, 0xA9F5
    dd 0x249C, 0xA9CD
    dd 0x249D, 0xA9CE
    dd 0x249E, 0xA9CF
    dd 0x249F, 0xA9D0
    dd 0x24A0, 0xA9D1
    dd 0x24A1, 0xA9D2
    dd 0x24A2, 0xA9D3
    dd 0x24A3, 0xA9D4
    dd 0x24A4, 0xA9D5
    dd 0x24A5, 0xA9D6
    dd 0x24A6, 0xA9D7
    dd 0x24A7, 0xA9D8
    dd 0x24A8, 0xA9D9
    dd 0x24A9, 0xA9DA
    dd 0x24AA, 0xA9DB
    dd 0x24AB, 0xA9DC
    dd 0x24AC, 0xA9DD
    dd 0x24AD, 0xA9DE
    dd 0x24AE, 0xA9DF
    dd 0x24AF, 0xA9E0
    dd 0x24B0, 0xA9E1
    dd 0x24B1, 0xA9E2
    dd 0x24B2, 0xA9E3
    dd 0x24B3, 0xA9E4
    dd 0x24B4, 0xA9E5
    dd 0x24B5, 0xA9E6
    dd 0x24D0, 0xA8CD
    dd 0x24D1, 0xA8CE
    dd 0x24D2, 0xA8CF
    dd 0x24D3, 0xA8D0
    dd 0x24D4, 0xA8D1
    dd 0x24D5, 0xA8D2
    dd 0x24D6, 0xA8D3
    dd 0x24D7, 0xA8D4
    dd 0x24D8, 0xA8D5
    dd 0x24D9, 0xA8D6
    dd 0x24DA, 0xA8D7
    dd 0x24DB, 0xA8D8
    dd 0x24DC, 0xA8D9
    dd 0x24DD, 0xA8DA
    dd 0x24DE, 0xA8DB
    dd 0x24DF, 0xA8DC
    dd 0x24E0, 0xA8DD
    dd 0x24E1, 0xA8DE
    dd 0x24E2, 0xA8DF
    dd 0x24E3, 0xA8E0
    dd 0x24E4, 0xA8E1
    dd 0x24E5, 0xA8E2
    dd 0x24E6, 0xA8E3
    dd 0x24E7, 0xA8E4
    dd 0x24E8, 0xA8E5
    dd 0x24E9, 0xA8E6
    dd 0x2500, 0xA6A1
    dd 0x2501, 0xA6AC
    dd 0x2502, 0xA6A2
    dd 0x2503, 0xA6AD
    dd 0x250C, 0xA6A3
    dd 0x250D, 0xA6C8
    dd 0x250E, 0xA6C7
    dd 0x250F, 0xA6AE
    dd 0x2510, 0xA6A4
    dd 0x2511, 0xA6C2
    dd 0x2512, 0xA6C1
    dd 0x2513, 0xA6AF
    dd 0x2514, 0xA6A6
    dd 0x2515, 0xA6C6
    dd 0x2516, 0xA6C5
    dd 0x2517, 0xA6B1
    dd 0x2518, 0xA6A5
    dd 0x2519, 0xA6C4
    dd 0x251A, 0xA6C3
    dd 0x251B, 0xA6B0
    dd 0x251C, 0xA6A7
    dd 0x251D, 0xA6BC
    dd 0x251E, 0xA6C9
    dd 0x251F, 0xA6CA
    dd 0x2520, 0xA6B7
    dd 0x2521, 0xA6CB
    dd 0x2522, 0xA6CC
    dd 0x2523, 0xA6B2
    dd 0x2524, 0xA6A9
    dd 0x2525, 0xA6BE
    dd 0x2526, 0xA6CD
    dd 0x2527, 0xA6CE
    dd 0x2528, 0xA6B9
    dd 0x2529, 0xA6CF
    dd 0x252A, 0xA6D0
    dd 0x252B, 0xA6B4
    dd 0x252C, 0xA6A8
    dd 0x252D, 0xA6D1
    dd 0x252E, 0xA6D2
    dd 0x252F, 0xA6B8
    dd 0x2530, 0xA6BD
    dd 0x2531, 0xA6D3
    dd 0x2532, 0xA6D4
    dd 0x2533, 0xA6B3
    dd 0x2534, 0xA6AA
    dd 0x2535, 0xA6D5
    dd 0x2536, 0xA6D6
    dd 0x2537, 0xA6BA
    dd 0x2538, 0xA6BF
    dd 0x2539, 0xA6D7
    dd 0x253A, 0xA6D8
    dd 0x253B, 0xA6B5
    dd 0x253C, 0xA6AB
    dd 0x253D, 0xA6D9
    dd 0x253E, 0xA6DA
    dd 0x253F, 0xA6BB
    dd 0x2540, 0xA6DB
    dd 0x2541, 0xA6DC
    dd 0x2542, 0xA6C0
    dd 0x2543, 0xA6DD
    dd 0x2544, 0xA6DE
    dd 0x2545, 0xA6DF
    dd 0x2546, 0xA6E0
    dd 0x2547, 0xA6E1
    dd 0x2548, 0xA6E2
    dd 0x2549, 0xA6E3
    dd 0x254A, 0xA6E4
    dd 0x254B, 0xA6B6
    dd 0x2592, 0xA2C6
    dd 0x25A0, 0xA1E1
    dd 0x25A1, 0xA1E0
    dd 0x25A3, 0xA2C3
    dd 0x25A4, 0xA2C7
    dd 0x25A5, 0xA2C8
    dd 0x25A6, 0xA2CB
    dd 0x25A7, 0xA2CA
    dd 0x25A8, 0xA2C9
    dd 0x25A9, 0xA2CC
    dd 0x25B2, 0xA1E3
    dd 0x25B3, 0xA1E2
    dd 0x25B6, 0xA2BA
    dd 0x25B7, 0xA2B9
    dd 0x25BC, 0xA1E5
    dd 0x25BD, 0xA1E4
    dd 0x25C0, 0xA2B8
    dd 0x25C1, 0xA2B7
    dd 0x25C6, 0xA1DF
    dd 0x25C7, 0xA1DE
    dd 0x25C8, 0xA2C2
    dd 0x25CB, 0xA1DB
    dd 0x25CE, 0xA1DD
    dd 0x25CF, 0xA1DC
    dd 0x25D0, 0xA2C4
    dd 0x25D1, 0xA2C5
    dd 0x2605, 0xA1DA
    dd 0x2606, 0xA1D9
    dd 0x260E, 0xA2CF
    dd 0x260F, 0xA2CE
    dd 0x261C, 0xA2D0
    dd 0x261E, 0xA2D1
    dd 0x2640, 0xA1CF
    dd 0x2642, 0xA1CE
    dd 0x2660, 0xA2BC
    dd 0x2661, 0xA2BD
    dd 0x2663, 0xA2C0
    dd 0x2664, 0xA2BB
    dd 0x2665, 0xA2BE
    dd 0x2667, 0xA2BF
    dd 0x2668, 0xA2CD
    dd 0x2669, 0xA2DB
    dd 0x266A, 0xA2DC
    dd 0x266C, 0xA2DD
    dd 0x266D, 0xA2DA
    dd 0x3000, 0xA1A1
    dd 0x3001, 0xA1A2
    dd 0x3002, 0xA1A3
    dd 0x3003, 0xA1A8
    dd 0x3008, 0xA1B4
    dd 0x3009, 0xA1B5
    dd 0x300A, 0xA1B6
    dd 0x300B, 0xA1B7
    dd 0x300C, 0xA1B8
    dd 0x300D, 0xA1B9
    dd 0x300E, 0xA1BA
    dd 0x300F, 0xA1BB
    dd 0x3010, 0xA1BC
    dd 0x3011, 0xA1BD
    dd 0x3013, 0xA1EB
    dd 0x3014, 0xA1B2
    dd 0x3015, 0xA1B3
    dd 0x3041, 0xAAA1
    dd 0x3042, 0xAAA2
    dd 0x3043, 0xAAA3
    dd 0x3044, 0xAAA4
    dd 0x3045, 0xAAA5
    dd 0x3046, 0xAAA6
    dd 0x3047, 0xAAA7
    dd 0x3048, 0xAAA8
    dd 0x3049, 0xAAA9
    dd 0x304A, 0xAAAA
    dd 0x304B, 0xAAAB
    dd 0x304C, 0xAAAC
    dd 0x304D, 0xAAAD
    dd 0x304E, 0xAAAE
    dd 0x304F, 0xAAAF
    dd 0x3050, 0xAAB0
    dd 0x3051, 0xAAB1
    dd 0x3052, 0xAAB2
    dd 0x3053, 0xAAB3
    dd 0x3054, 0xAAB4
    dd 0x3055, 0xAAB5
    dd 0x3056, 0xAAB6
    dd 0x3057, 0xAAB7
    dd 0x3058, 0xAAB8
    dd 0x3059, 0xAAB9
    dd 0x305A, 0xAABA
    dd 0x305B, 0xAABB
    dd 0x305C, 0xAABC
    dd 0x305D, 0xAABD
    dd 0x305E, 0xAABE
    dd 0x305F, 0xAABF
    dd 0x3060, 0xAAC0
    dd 0x3061, 0xAAC1
    dd 0x3062, 0xAAC2
    dd 0x3063, 0xAAC3
    dd 0x3064, 0xAAC4
    dd 0x3065, 0xAAC5
    dd 0x3066, 0xAAC6
    dd 0x3067, 0xAAC7
    dd 0x3068, 0xAAC8
    dd 0x3069, 0xAAC9
    dd 0x306A, 0xAACA
    dd 0x306B, 0xAACB
    dd 0x306C, 0xAACC
    dd 0x306D, 0xAACD
    dd 0x306E, 0xAACE
    dd 0x306F, 0xAACF
    dd 0x3070, 0xAAD0
    dd 0x3071, 0xAAD1
    dd 0x3072, 0xAAD2
    dd 0x3073, 0xAAD3
    dd 0x3074, 0xAAD4
    dd 0x3075, 0xAAD5
    dd 0x3076, 0xAAD6
    dd 0x3077, 0xAAD7
    dd 0x3078, 0xAAD8
    dd 0x3079, 0xAAD9
    dd 0x307A, 0xAADA
    dd 0x307B, 0xAADB
    dd 0x307C, 0xAADC
    dd 0x307D, 0xAADD
    dd 0x307E, 0xAADE
    dd 0x307F, 0xAADF
    dd 0x3080, 0xAAE0
    dd 0x3081, 0xAAE1
    dd 0x3082, 0xAAE2
    dd 0x3083, 0xAAE3
    dd 0x3084, 0xAAE4
    dd 0x3085, 0xAAE5
    dd 0x3086, 0xAAE6
    dd 0x3087, 0xAAE7
    dd 0x3088, 0xAAE8
    dd 0x3089, 0xAAE9
    dd 0x308A, 0xAAEA
    dd 0x308B, 0xAAEB
    dd 0x308C, 0xAAEC
    dd 0x308D, 0xAAED
    dd 0x308E, 0xAAEE
    dd 0x308F, 0xAAEF
    dd 0x3090, 0xAAF0
    dd 0x3091, 0xAAF1
    dd 0x3092, 0xAAF2
    dd 0x3093, 0xAAF3
    dd 0x30A1, 0xABA1
    dd 0x30A2, 0xABA2
    dd 0x30A3, 0xABA3
    dd 0x30A4, 0xABA4
    dd 0x30A5, 0xABA5
    dd 0x30A6, 0xABA6
    dd 0x30A7, 0xABA7
    dd 0x30A8, 0xABA8
    dd 0x30A9, 0xABA9
    dd 0x30AA, 0xABAA
    dd 0x30AB, 0xABAB
    dd 0x30AC, 0xABAC
    dd 0x30AD, 0xABAD
    dd 0x30AE, 0xABAE
    dd 0x30AF, 0xABAF
    dd 0x30B0, 0xABB0
    dd 0x30B1, 0xABB1
    dd 0x30B2, 0xABB2
    dd 0x30B3, 0xABB3
    dd 0x30B4, 0xABB4
    dd 0x30B5, 0xABB5
    dd 0x30B6, 0xABB6
    dd 0x30B7, 0xABB7
    dd 0x30B8, 0xABB8
    dd 0x30B9, 0xABB9
    dd 0x30BA, 0xABBA
    dd 0x30BB, 0xABBB
    dd 0x30BC, 0xABBC
    dd 0x30BD, 0xABBD
    dd 0x30BE, 0xABBE
    dd 0x30BF, 0xABBF
    dd 0x30C0, 0xABC0
    dd 0x30C1, 0xABC1
    dd 0x30C2, 0xABC2
    dd 0x30C3, 0xABC3
    dd 0x30C4, 0xABC4
    dd 0x30C5, 0xABC5
    dd 0x30C6, 0xABC6
    dd 0x30C7, 0xABC7
    dd 0x30C8, 0xABC8
    dd 0x30C9, 0xABC9
    dd 0x30CA, 0xABCA
    dd 0x30CB, 0xABCB
    dd 0x30CC, 0xABCC
    dd 0x30CD, 0xABCD
    dd 0x30CE, 0xABCE
    dd 0x30CF, 0xABCF
    dd 0x30D0, 0xABD0
    dd 0x30D1, 0xABD1
    dd 0x30D2, 0xABD2
    dd 0x30D3, 0xABD3
    dd 0x30D4, 0xABD4
    dd 0x30D5, 0xABD5
    dd 0x30D6, 0xABD6
    dd 0x30D7, 0xABD7
    dd 0x30D8, 0xABD8
    dd 0x30D9, 0xABD9
    dd 0x30DA, 0xABDA
    dd 0x30DB, 0xABDB
    dd 0x30DC, 0xABDC
    dd 0x30DD, 0xABDD
    dd 0x30DE, 0xABDE
    dd 0x30DF, 0xABDF
    dd 0x30E0, 0xABE0
    dd 0x30E1, 0xABE1
    dd 0x30E2, 0xABE2
    dd 0x30E3, 0xABE3
    dd 0x30E4, 0xABE4
    dd 0x30E5, 0xABE5
    dd 0x30E6, 0xABE6
    dd 0x30E7, 0xABE7
    dd 0x30E8, 0xABE8
    dd 0x30E9, 0xABE9
    dd 0x30EA, 0xABEA
    dd 0x30EB, 0xABEB
    dd 0x30EC, 0xABEC
    dd 0x30ED, 0xABED
    dd 0x30EE, 0xABEE
    dd 0x30EF, 0xABEF
    dd 0x30F0, 0xABF0
    dd 0x30F1, 0xABF1
    dd 0x30F2, 0xABF2
    dd 0x30F3, 0xABF3
    dd 0x30F4, 0xABF4
    dd 0x30F5, 0xABF5
    dd 0x30F6, 0xABF6
    dd 0x3131, 0xA4A1
    dd 0x3132, 0xA4A2
    dd 0x3133, 0xA4A3
    dd 0x3134, 0xA4A4
    dd 0x3135, 0xA4A5
    dd 0x3136, 0xA4A6
    dd 0x3137, 0xA4A7
    dd 0x3138, 0xA4A8
    dd 0x3139, 0xA4A9
    dd 0x313A, 0xA4AA
    dd 0x313B, 0xA4AB
    dd 0x313C, 0xA4AC
    dd 0x313D, 0xA4AD
    dd 0x313E, 0xA4AE
    dd 0x313F, 0xA4AF
    dd 0x3140, 0xA4B0
    dd 0x3141, 0xA4B1
    dd 0x3142, 0xA4B2
    dd 0x3143, 0xA4B3
    dd 0x3144, 0xA4B4
    dd 0x3145, 0xA4B5
    dd 0x3146, 0xA4B6
    dd 0x3147, 0xA4B7
    dd 0x3148, 0xA4B8
    dd 0x3149, 0xA4B9
    dd 0x314A, 0xA4BA
    dd 0x314B, 0xA4BB
    dd 0x314C, 0xA4BC
    dd 0x314D, 0xA4BD
    dd 0x314E, 0xA4BE
    dd 0x314F, 0xA4BF
    dd 0x3150, 0xA4C0
    dd 0x3151, 0xA4C1
    dd 0x3152, 0xA4C2
    dd 0x3153, 0xA4C3
    dd 0x3154, 0xA4C4
    dd 0x3155, 0xA4C5
    dd 0x3156, 0xA4C6
    dd 0x3157, 0xA4C7
    dd 0x3158, 0xA4C8
    dd 0x3159, 0xA4C9
    dd 0x315A, 0xA4CA
    dd 0x315B, 0xA4CB
    dd 0x315C, 0xA4CC
    dd 0x315D, 0xA4CD
    dd 0x315E, 0xA4CE
    dd 0x315F, 0xA4CF
    dd 0x3160, 0xA4D0
    dd 0x3161, 0xA4D1
    dd 0x3162, 0xA4D2
    dd 0x3163, 0xA4D3
    dd 0x3164, 0xA4D4
    dd 0x3165, 0xA4D5
    dd 0x3166, 0xA4D6
    dd 0x3167, 0xA4D7
    dd 0x3168, 0xA4D8
    dd 0x3169, 0xA4D9
    dd 0x316A, 0xA4DA
    dd 0x316B, 0xA4DB
    dd 0x316C, 0xA4DC
    dd 0x316D, 0xA4DD
    dd 0x316E, 0xA4DE
    dd 0x316F, 0xA4DF
    dd 0x3170, 0xA4E0
    dd 0x3171, 0xA4E1
    dd 0x3172, 0xA4E2
    dd 0x3173, 0xA4E3
    dd 0x3174, 0xA4E4
    dd 0x3175, 0xA4E5
    dd 0x3176, 0xA4E6
    dd 0x3177, 0xA4E7
    dd 0x3178, 0xA4E8
    dd 0x3179, 0xA4E9
    dd 0x317A, 0xA4EA
    dd 0x317B, 0xA4EB
    dd 0x317C, 0xA4EC
    dd 0x317D, 0xA4ED
    dd 0x317E, 0xA4EE
    dd 0x317F, 0xA4EF
    dd 0x3180, 0xA4F0
    dd 0x3181, 0xA4F1
    dd 0x3182, 0xA4F2
    dd 0x3183, 0xA4F3
    dd 0x3184, 0xA4F4
    dd 0x3185, 0xA4F5
    dd 0x3186, 0xA4F6
    dd 0x3187, 0xA4F7
    dd 0x3188, 0xA4F8
    dd 0x3189, 0xA4F9
    dd 0x318A, 0xA4FA
    dd 0x318B, 0xA4FB
    dd 0x318C, 0xA4FC
    dd 0x318D, 0xA4FD
    dd 0x318E, 0xA4FE
    dd 0x3200, 0xA9B1
    dd 0x3201, 0xA9B2
    dd 0x3202, 0xA9B3
    dd 0x3203, 0xA9B4
    dd 0x3204, 0xA9B5
    dd 0x3205, 0xA9B6
    dd 0x3206, 0xA9B7
    dd 0x3207, 0xA9B8
    dd 0x3208, 0xA9B9
    dd 0x3209, 0xA9BA
    dd 0x320A, 0xA9BB
    dd 0x320B, 0xA9BC
    dd 0x320C, 0xA9BD
    dd 0x320D, 0xA9BE
    dd 0x320E, 0xA9BF
    dd 0x320F, 0xA9C0
    dd 0x3210, 0xA9C1
    dd 0x3211, 0xA9C2
    dd 0x3212, 0xA9C3
    dd 0x3213, 0xA9C4
    dd 0x3214, 0xA9C5
    dd 0x3215, 0xA9C6
    dd 0x3216, 0xA9C7
    dd 0x3217, 0xA9C8
    dd 0x3218, 0xA9C9
    dd 0x3219, 0xA9CA
    dd 0x321A, 0xA9CB
    dd 0x321B, 0xA9CC
    dd 0x321C, 0xA2DF
    dd 0x3260, 0xA8B1
    dd 0x3261, 0xA8B2
    dd 0x3262, 0xA8B3
    dd 0x3263, 0xA8B4
    dd 0x3264, 0xA8B5
    dd 0x3265, 0xA8B6
    dd 0x3266, 0xA8B7
    dd 0x3267, 0xA8B8
    dd 0x3268, 0xA8B9
    dd 0x3269, 0xA8BA
    dd 0x326A, 0xA8BB
    dd 0x326B, 0xA8BC
    dd 0x326C, 0xA8BD
    dd 0x326D, 0xA8BE
    dd 0x326E, 0xA8BF
    dd 0x326F, 0xA8C0
    dd 0x3270, 0xA8C1
    dd 0x3271, 0xA8C2
    dd 0x3272, 0xA8C3
    dd 0x3273, 0xA8C4
    dd 0x3274, 0xA8C5
    dd 0x3275, 0xA8C6
    dd 0x3276, 0xA8C7
    dd 0x3277, 0xA8C8
    dd 0x3278, 0xA8C9
    dd 0x3279, 0xA8CA
    dd 0x327A, 0xA8CB
    dd 0x327B, 0xA8CC
    dd 0x327F, 0xA2DE
    dd 0x3380, 0xA7C9
    dd 0x3381, 0xA7CA
    dd 0x3382, 0xA7CB
    dd 0x3383, 0xA7CC
    dd 0x3384, 0xA7CD
    dd 0x3388, 0xA7BA
    dd 0x3389, 0xA7BB
    dd 0x338A, 0xA7DC
    dd 0x338B, 0xA7DD
    dd 0x338C, 0xA7DE
    dd 0x338D, 0xA7B6
    dd 0x338E, 0xA7B7
    dd 0x338F, 0xA7B8
    dd 0x3390, 0xA7D4
    dd 0x3391, 0xA7D5
    dd 0x3392, 0xA7D6
    dd 0x3393, 0xA7D7
    dd 0x3394, 0xA7D8
    dd 0x3395, 0xA7A1
    dd 0x3396, 0xA7A2
    dd 0x3397, 0xA7A3
    dd 0x3398, 0xA7A5
    dd 0x3399, 0xA7AB
    dd 0x339A, 0xA7AC
    dd 0x339B, 0xA7AD
    dd 0x339C, 0xA7AE
    dd 0x339D, 0xA7AF
    dd 0x339E, 0xA7B0
    dd 0x339F, 0xA7B1
    dd 0x33A0, 0xA7B2
    dd 0x33A1, 0xA7B3
    dd 0x33A2, 0xA7B4
    dd 0x33A3, 0xA7A7
    dd 0x33A4, 0xA7A8
    dd 0x33A5, 0xA7A9
    dd 0x33A6, 0xA7AA
    dd 0x33A7, 0xA7BD
    dd 0x33A8, 0xA7BE
    dd 0x33A9, 0xA7E5
    dd 0x33AA, 0xA7E6
    dd 0x33AB, 0xA7E7
    dd 0x33AC, 0xA7E8
    dd 0x33AD, 0xA7E1
    dd 0x33AE, 0xA7E2
    dd 0x33AF, 0xA7E3
    dd 0x33B0, 0xA7BF
    dd 0x33B1, 0xA7C0
    dd 0x33B2, 0xA7C1
    dd 0x33B3, 0xA7C2
    dd 0x33B4, 0xA7C3
    dd 0x33B5, 0xA7C4
    dd 0x33B6, 0xA7C5
    dd 0x33B7, 0xA7C6
    dd 0x33B8, 0xA7C7
    dd 0x33B9, 0xA7C8
    dd 0x33BA, 0xA7CE
    dd 0x33BB, 0xA7CF
    dd 0x33BC, 0xA7D0
    dd 0x33BD, 0xA7D1
    dd 0x33BE, 0xA7D2
    dd 0x33BF, 0xA7D3
    dd 0x33C0, 0xA7DA
    dd 0x33C1, 0xA7DB
    dd 0x33C2, 0xA2E3
    dd 0x33C3, 0xA7EC
    dd 0x33C4, 0xA7A6
    dd 0x33C5, 0xA7E0
    dd 0x33C6, 0xA7EF
    dd 0x33C7, 0xA2E1
    dd 0x33C8, 0xA7BC
    dd 0x33C9, 0xA7ED
    dd 0x33CA, 0xA7B5
    dd 0x33CF, 0xA7B9
    dd 0x33D0, 0xA7EA
    dd 0x33D3, 0xA7EB
    dd 0x33D6, 0xA7DF
    dd 0x33D8, 0xA2E4
    dd 0x33DB, 0xA7E4
    dd 0x33DC, 0xA7EE
    dd 0x33DD, 0xA7E9
    dd 0x4E00, 0xECE9
    dd 0x4E01, 0xEFCB
    dd 0x4E03, 0xF6D2
    dd 0x4E07, 0xD8B2
    dd 0x4E08, 0xEDDB
    dd 0x4E09, 0xDFB2
    dd 0x4E0A, 0xDFBE
    dd 0x4E0B, 0xF9BB
    dd 0x4E0D, 0xDCF4
    dd 0x4E11, 0xF5E4
    dd 0x4E14, 0xF3A6
    dd 0x4E15, 0xDDE0
    dd 0x4E16, 0xE1A6
    dd 0x4E18, 0xCEF8
    dd 0x4E19, 0xDCB0
    dd 0x4E1E, 0xE3AA
    dd 0x4E2D, 0xF1E9
    dd 0x4E32, 0xCDFA
    dd 0x4E38, 0xFCAF
    dd 0x4E39, 0xD3A1
    dd 0x4E3B, 0xF1AB
    dd 0x4E42, 0xE7D1
    dd 0x4E43, 0xD2AC
    dd 0x4E45, 0xCEF9
    dd 0x4E4B, 0xF1FD
    dd 0x4E4D, 0xDEBF
    dd 0x4E4E, 0xFBBA
    dd 0x4E4F, 0xF9B9
    dd 0x4E56, 0xCED2
    dd 0x4E58, 0xE3AB
    dd 0x4E59, 0xEBE0
    dd 0x4E5D, 0xCEFA
    dd 0x4E5E, 0xCBF7
    dd 0x4E5F, 0xE5A5
    dd 0x4E6B, 0xCAE1
    dd 0x4E6D, 0xD4CC
    dd 0x4E73, 0xEAE1
    dd 0x4E76, 0xDCE3
    dd 0x4E77, 0xDFAD
    dd 0x4E7E, 0xCBEB
    dd 0x4E82, 0xD5AF
    dd 0x4E86, 0xD6F5
    dd 0x4E88, 0xE5F8
    dd 0x4E8B, 0xDEC0
    dd 0x4E8C, 0xECA3
    dd 0x4E8E, 0xE9CD
    dd 0x4E90, 0xEAA7
    dd 0x4E91, 0xE9F6
    dd 0x4E92, 0xFBBB
    dd 0x4E94, 0xE7E9
    dd 0x4E95, 0xEFCC
    dd 0x4E98, 0xD0E6
    dd 0x4E9B, 0xDEC1
    dd 0x4E9E, 0xE4AC
    dd 0x4EA1, 0xD8CC
    dd 0x4EA2, 0xF9F1
    dd 0x4EA4, 0xCEDF
    dd 0x4EA5, 0xFAA4
    dd 0x4EA6, 0xE6B2
    dd 0x4EA8, 0xFAFB
    dd 0x4EAB, 0xFABD
    dd 0x4EAC, 0xCCC8
    dd 0x4EAD, 0xEFCD
    dd 0x4EAE, 0xD5D5
    dd 0x4EB6, 0xD3A2
    dd 0x4EBA, 0xECD1
    dd 0x4EC0, 0xE4A7
    dd 0x4EC1, 0xECD2
    dd 0x4EC4, 0xF6B1
    dd 0x4EC7, 0xCEFB
    dd 0x4ECA, 0xD0D1
    dd 0x4ECB, 0xCBBF
    dd 0x4ECD, 0xEDA4
    dd 0x4ED4, 0xEDA8
    dd 0x4ED5, 0xDEC2
    dd 0x4ED6, 0xF6E2
    dd 0x4ED7, 0xEDDC
    dd 0x4ED8, 0xDCF5
    dd 0x4ED9, 0xE0B9
    dd 0x4EDD, 0xD4CE
    dd 0x4EDF, 0xF4B5
    dd 0x4EE3, 0xD3DB
    dd 0x4EE4, 0xD6B5
    dd 0x4EE5, 0xECA4
    dd 0x4EF0, 0xE4E6
    dd 0x4EF2, 0xF1EA
    dd 0x4EF6, 0xCBEC
    dd 0x4EF7, 0xCBC0
    dd 0x4EFB, 0xECF2
    dd 0x4F01, 0xD0EA
    dd 0x4F09, 0xF9F2
    dd 0x4F0A, 0xECA5
    dd 0x4F0B, 0xD0DF
    dd 0x4F0D, 0xE7EA
    dd 0x4F0E, 0xD0EB
    dd 0x4F0F, 0xDCD1
    dd 0x4F10, 0xDBE9
    dd 0x4F11, 0xFDCC
    dd 0x4F2F, 0xDBD7
    dd 0x4F34, 0xDAE1
    dd 0x4F36, 0xD6B6
    dd 0x4F38, 0xE3DF
    dd 0x4F3A, 0xDEC3
    dd 0x4F3C, 0xDEC4
    dd 0x4F3D, 0xCAA1
    dd 0x4F43, 0xEEEC
    dd 0x4F46, 0xD3A3
    dd 0x4F47, 0xEEB7
    dd 0x4F48, 0xF8CF
    dd 0x4F4D, 0xEAC8
    dd 0x4F4E, 0xEEB8
    dd 0x4F4F, 0xF1AC
    dd 0x4F50, 0xF1A5
    dd 0x4F51, 0xE9CE
    dd 0x4F55, 0xF9BC
    dd 0x4F59, 0xE5F9
    dd 0x4F5A, 0xECEA
    dd 0x4F5B, 0xDDD6
    dd 0x4F5C, 0xEDC2
    dd 0x4F69, 0xF8A5
    dd 0x4F6F, 0xE5BA
    dd 0x4F70, 0xDBD8
    dd 0x4F73, 0xCAA2
    dd 0x4F76, 0xD1CD
    dd 0x4F7A, 0xEEED
    dd 0x4F7E, 0xECEB
    dd 0x4F7F, 0xDEC5
    dd 0x4F81, 0xE3E0
    dd 0x4F83, 0xCAC9
    dd 0x4F84, 0xF2E9
    dd 0x4F86, 0xD5CE
    dd 0x4F88, 0xF6B6
    dd 0x4F8A, 0xCEC2
    dd 0x4F8B, 0xD6C7
    dd 0x4F8D, 0xE3B4
    dd 0x4F8F, 0xF1AD
    dd 0x4F91, 0xEAE2
    dd 0x4F96, 0xD7C2
    dd 0x4F98, 0xF3A7
    dd 0x4F9B, 0xCDEA
    dd 0x4F9D, 0xEBEE
    dd 0x4FAE, 0xD9B2
    dd 0x4FAF, 0xFDA5
    dd 0x4FB5, 0xF6D5
    dd 0x4FB6, 0xD5E2
    dd 0x4FBF, 0xF8B5
    dd 0x4FC2, 0xCCF5
    dd 0x4FC3, 0xF5B5
    dd 0x4FC4, 0xE4AD
    dd 0x4FC9, 0xE7EB
    dd 0x4FCA, 0xF1D5
    dd 0x4FCE, 0xF0BB
    dd 0x4FD1, 0xE9B5
    dd 0x4FD3, 0xCCC9
    dd 0x4FD4, 0xFAD5
    dd 0x4FD7, 0xE1D4
    dd 0x4FDA, 0xD7D6
    dd 0x4FDD, 0xDCC1
    dd 0x4FDF, 0xDEC6
    dd 0x4FE0, 0xFAEF
    dd 0x4FE1, 0xE3E1
    dd 0x4FEE, 0xE1F3
    dd 0x4FEF, 0xDCF6
    dd 0x4FF1, 0xCEFC
    dd 0x4FF3, 0xDBC4
    dd 0x4FF5, 0xF8F1
    dd 0x4FF8, 0xDCE4
    dd 0x4FFA, 0xE5EF
    dd 0x5002, 0xDCB1
    dd 0x5006, 0xD5D6
    dd 0x5009, 0xF3DA
    dd 0x500B, 0xCBC1
    dd 0x500D, 0xDBC3
    dd 0x5011, 0xD9FA
    dd 0x5012, 0xD3EE
    dd 0x5016, 0xFAB8
    dd 0x5019, 0xFDA6
    dd 0x501A, 0xEBEF
    dd 0x501C, 0xF4A6
    dd 0x501E, 0xCCCA
    dd 0x501F, 0xF3A8
    dd 0x5021, 0xF3DB
    dd 0x5023, 0xDBA7
    dd 0x5024, 0xF6B7
    dd 0x5026, 0xCFE6
    dd 0x5027, 0xF0F2
    dd 0x5028, 0xCBDA
    dd 0x502A, 0xE7D2
    dd 0x502B, 0xD7C3
    dd 0x502C, 0xF6F0
    dd 0x502D, 0xE8DE
    dd 0x503B, 0xE5A6
    dd 0x5043, 0xE5E7
    dd 0x5047, 0xCAA3
    dd 0x5048, 0xCCA7
    dd 0x5049, 0xEAC9
    dd 0x504F, 0xF8B6
    dd 0x5055, 0xFAA5
    dd 0x505A, 0xF1AE
    dd 0x505C, 0xEFCE
    dd 0x5065, 0xCBED
    dd 0x5074, 0xF6B0
    dd 0x5075, 0xEFCF
    dd 0x5076, 0xE9CF
    dd 0x5078, 0xF7DE
    dd 0x5080, 0xCED3
    dd 0x5085, 0xDCF7
    dd 0x508D, 0xDBA8
    dd 0x5091, 0xCBF8
    dd 0x5098, 0xDFA1
    dd 0x5099, 0xDDE1
    dd 0x50AC, 0xF5CA
    dd 0x50AD, 0xE9B6
    dd 0x50B2, 0xE7EC
    dd 0x50B3, 0xEEEE
    dd 0x50B5, 0xF3F0
    dd 0x50B7, 0xDFBF
    dd 0x50BE, 0xCCCB
    dd 0x50C5, 0xD0C1
    dd 0x50C9, 0xF4D2
    dd 0x50CA, 0xE0BA
    dd 0x50CF, 0xDFC0
    dd 0x50D1, 0xCEE0
    dd 0x50D5, 0xDCD2
    dd 0x50D6, 0xFDEA
    dd 0x50DA, 0xD6F6
    dd 0x50DE, 0xEACA
    dd 0x50E5, 0xE8E9
    dd 0x50E7, 0xE3AC
    dd 0x50ED, 0xF3D0
    dd 0x50F9, 0xCAA4
    dd 0x50FB, 0xDBF8
    dd 0x50FF, 0xDEC7
    dd 0x5100, 0xEBF0
    dd 0x5101, 0xF1D6
    dd 0x5104, 0xE5E2
    dd 0x5106, 0xCCCC
    dd 0x5109, 0xCBFB
    dd 0x5112, 0xEAE3
    dd 0x511F, 0xDFC1
    dd 0x5121, 0xD6ED
    dd 0x512A, 0xE9D0
    dd 0x5132, 0xEEB9
    dd 0x5137, 0xD5E3
    dd 0x513A, 0xD1D3
    dd 0x513C, 0xE5F0
    dd 0x5140, 0xE8B4
    dd 0x5141, 0xEBC3
    dd 0x5143, 0xEAAA
    dd 0x5144, 0xFAFC
    dd 0x5145, 0xF5F6
    dd 0x5146, 0xF0BC
    dd 0x5147, 0xFDD4
    dd 0x5148, 0xE0BB
    dd 0x5149, 0xCEC3
    dd 0x514B, 0xD0BA
    dd 0x514C, 0xF7BA
    dd 0x514D, 0xD8F3
    dd 0x514E, 0xF7CD
    dd 0x5152, 0xE4AE
    dd 0x515C, 0xD4DF
    dd 0x5162, 0xD0E7
    dd 0x5165, 0xECFD
    dd 0x5167, 0xD2AE
    dd 0x5168, 0xEEEF
    dd 0x5169, 0xD5D7
    dd 0x516A, 0xEAE4
    dd 0x516B, 0xF8A2
    dd 0x516C, 0xCDEB
    dd 0x516D, 0xD7BF
    dd 0x516E, 0xFBB1
    dd 0x5171, 0xCDEC
    dd 0x5175, 0xDCB2
    dd 0x5176, 0xD0EC
    dd 0x5177, 0xCEFD
    dd 0x5178, 0xEEF0
    dd 0x517C, 0xCCC2
    dd 0x5180, 0xD0ED
    dd 0x5186, 0xE5F7
    dd 0x518A, 0xF3FC
    dd 0x518D, 0xEEA2
    dd 0x5192, 0xD9B3
    dd 0x5195, 0xD8F4
    dd 0x5197, 0xE9B7
    dd 0x51A0, 0xCEAE
    dd 0x51A5, 0xD9A2
    dd 0x51AA, 0xD8F1
    dd 0x51AC, 0xD4CF
    dd 0x51B6, 0xE5A7
    dd 0x51B7, 0xD5D2
    dd 0x51BD, 0xD6A9
    dd 0x51C4, 0xF4A2
    dd 0x51C6, 0xF1D7
    dd 0x51C9, 0xD5D8
    dd 0x51CB, 0xF0BD
    dd 0x51CC, 0xD7D0
    dd 0x51CD, 0xD4D0
    dd 0x51DC, 0xD7CF
    dd 0x51DD, 0xEBEA
    dd 0x51DE, 0xFDEB
    dd 0x51E1, 0xDBED
    dd 0x51F0, 0xFCC5
    dd 0x51F1, 0xCBC2
    dd 0x51F6, 0xFDD5
    dd 0x51F8, 0xF4C8
    dd 0x51F9, 0xE8EA
    dd 0x51FA, 0xF5F3
    dd 0x51FD, 0xF9DE
    dd 0x5200, 0xD3EF
    dd 0x5203, 0xECD3
    dd 0x5206, 0xDDC2
    dd 0x5207, 0xEFB7
    dd 0x5208, 0xE7D4
    dd 0x520A, 0xCACA
    dd 0x520E, 0xD9FB
    dd 0x5211, 0xFAFD
    dd 0x5217, 0xD6AA
    dd 0x521D, 0xF4F8
    dd 0x5224, 0xF7F7
    dd 0x5225, 0xDCAC
    dd 0x5229, 0xD7D7
    dd 0x522A, 0xDFA2
    dd 0x522E, 0xCEBE
    dd 0x5230, 0xD3F0
    dd 0x5236, 0xF0A4
    dd 0x5237, 0xE1EC
    dd 0x5238, 0xCFE7
    dd 0x5239, 0xF3CB
    dd 0x523A, 0xEDA9
    dd 0x523B, 0xCABE
    dd 0x5243, 0xF4EF
    dd 0x5247, 0xF6CE
    dd 0x524A, 0xDEFB
    dd 0x524B, 0xD0BB
    dd 0x524C, 0xD5B7
    dd 0x524D, 0xEEF1
    dd 0x5254, 0xF4A8
    dd 0x5256, 0xDCF8
    dd 0x525B, 0xCBA7
    dd 0x525D, 0xDACE
    dd 0x5261, 0xE0E6
    dd 0x5269, 0xEDA5
    dd 0x526A, 0xEEF2
    dd 0x526F, 0xDCF9
    dd 0x5272, 0xF9DC
    dd 0x5275, 0xF3DC
    dd 0x527D, 0xF8F2
    dd 0x527F, 0xF4F9
    dd 0x5283, 0xFCF1
    dd 0x5287, 0xD0BC
    dd 0x5288, 0xDBF9
    dd 0x5289, 0xD7B1
    dd 0x528D, 0xCBFC
    dd 0x5291, 0xF0A5
    dd 0x5292, 0xCBFD
    dd 0x529B, 0xD5F4
    dd 0x529F, 0xCDED
    dd 0x52A0, 0xCAA5
    dd 0x52A3, 0xD6AB
    dd 0x52A4, 0xD0C2
    dd 0x52A9, 0xF0BE
    dd 0x52AA, 0xD2BD
    dd 0x52AB, 0xCCA4
    dd 0x52BE, 0xFAB6
    dd 0x52C1, 0xCCCD
    dd 0x52C3, 0xDAFA
    dd 0x52C5, 0xF6CF
    dd 0x52C7, 0xE9B8
    dd 0x52C9, 0xD8F5
    dd 0x52CD, 0xCCCE
    dd 0x52D2, 0xD7CD
    dd 0x52D5, 0xD4D1
    dd 0x52D6, 0xE9ED
    dd 0x52D8, 0xCAEB
    dd 0x52D9, 0xD9E2
    dd 0x52DB, 0xFDB2
    dd 0x52DD, 0xE3AD
    dd 0x52DE, 0xD6CC
    dd 0x52DF, 0xD9B4
    dd 0x52E2, 0xE1A7
    dd 0x52E3, 0xEED3
    dd 0x52E4, 0xD0C3
    dd 0x52F3, 0xFDB3
    dd 0x52F5, 0xD5E4
    dd 0x52F8, 0xCFE8
    dd 0x52FA, 0xEDC3
    dd 0x52FB, 0xD0B2
    dd 0x52FE, 0xCEFE
    dd 0x52FF, 0xDAA8
    dd 0x5305, 0xF8D0
    dd 0x5308, 0xFDD6
    dd 0x530D, 0xF8D1
    dd 0x530F, 0xF8D2
    dd 0x5310, 0xDCD3
    dd 0x5315, 0xDDE2
    dd 0x5316, 0xFBF9
    dd 0x5317, 0xDDC1
    dd 0x5319, 0xE3B5
    dd 0x5320, 0xEDDD
    dd 0x5321, 0xCEC4
    dd 0x5323, 0xCBA1
    dd 0x532A, 0xDDE3
    dd 0x532F, 0xFCDD
    dd 0x5339, 0xF9AF
    dd 0x533F, 0xD2FB
    dd 0x5340, 0xCFA1
    dd 0x5341, 0xE4A8
    dd 0x5343, 0xF4B6
    dd 0x5344, 0xECFE
    dd 0x5347, 0xE3AE
    dd 0x5348, 0xE7ED
    dd 0x5349, 0xFDC1
    dd 0x534A, 0xDAE2
    dd 0x534D, 0xD8B3
    dd 0x5351, 0xDDE4
    dd 0x5352, 0xF0EF
    dd 0x5353, 0xF6F1
    dd 0x5354, 0xFAF0
    dd 0x5357, 0xD1F5
    dd 0x535A, 0xDACF
    dd 0x535C, 0xDCD4
    dd 0x535E, 0xDCA6
    dd 0x5360, 0xEFBF
    dd 0x5366, 0xCECF
    dd 0x5368, 0xE0D9
    dd 0x536F, 0xD9D6
    dd 0x5370, 0xECD4
    dd 0x5371, 0xEACB
    dd 0x5374, 0xCABF
    dd 0x5375, 0xD5B0
    dd 0x5377, 0xCFE9
    dd 0x537D, 0xF1ED
    dd 0x537F, 0xCCCF
    dd 0x5384, 0xE4F8
    dd 0x5393, 0xE4ED
    dd 0x5398, 0xD7D8
    dd 0x539A, 0xFDA7
    dd 0x539F, 0xEAAB
    dd 0x53A0, 0xF6B2
    dd 0x53A5, 0xCFF0
    dd 0x53A6, 0xF9BD
    dd 0x53AD, 0xE6F4
    dd 0x53BB, 0xCBDB
    dd 0x53C3, 0xF3D1
    dd 0x53C8, 0xE9D1
    dd 0x53C9, 0xF3A9
    dd 0x53CA, 0xD0E0
    dd 0x53CB, 0xE9D2
    dd 0x53CD, 0xDAE3
    dd 0x53D4, 0xE2D2
    dd 0x53D6, 0xF6A2
    dd 0x53D7, 0xE1F4
    dd 0x53DB, 0xDAE4
    dd 0x53E1, 0xE7D5
    dd 0x53E2, 0xF5BF
    dd 0x53E3, 0xCFA2
    dd 0x53E4, 0xCDAF
    dd 0x53E5, 0xCFA3
    dd 0x53E9, 0xCDB0
    dd 0x53EA, 0xF1FE
    dd 0x53EB, 0xD0A3
    dd 0x53EC, 0xE1AF
    dd 0x53ED, 0xF8A3
    dd 0x53EF, 0xCAA6
    dd 0x53F0, 0xF7BB
    dd 0x53F1, 0xF2EA
    dd 0x53F2, 0xDEC8
    dd 0x53F3, 0xE9D3
    dd 0x53F8, 0xDEC9
    dd 0x5403, 0xFDDE
    dd 0x5404, 0xCAC0
    dd 0x5408, 0xF9EA
    dd 0x5409, 0xD1CE
    dd 0x540A, 0xEED4
    dd 0x540C, 0xD4D2
    dd 0x540D, 0xD9A3
    dd 0x540E, 0xFDA8
    dd 0x540F, 0xD7D9
    dd 0x5410, 0xF7CE
    dd 0x5411, 0xFABE
    dd 0x541B, 0xCFD6
    dd 0x541D, 0xD7F0
    dd 0x541F, 0xEBE1
    dd 0x5420, 0xF8C5
    dd 0x5426, 0xDCFA
    dd 0x5429, 0xDDC3
    dd 0x542B, 0xF9DF
    dd 0x5433, 0xE7EF
    dd 0x5438, 0xFDE5
    dd 0x5439, 0xF6A3
    dd 0x543B, 0xD9FC
    dd 0x543C, 0xFDA9
    dd 0x543E, 0xE7EE
    dd 0x5442, 0xD5E5
    dd 0x5448, 0xEFD0
    dd 0x544A, 0xCDB1
    dd 0x5451, 0xF7A2
    dd 0x5468, 0xF1B2
    dd 0x546A, 0xF1B1
    dd 0x5471, 0xCDB2
    dd 0x5473, 0xDAAB
    dd 0x5475, 0xCAA7
    dd 0x547B, 0xE3E2
    dd 0x547C, 0xFBBC
    dd 0x547D, 0xD9A4
    dd 0x5480, 0xEEBA
    dd 0x5486, 0xF8D3
    dd 0x548C, 0xFBFA
    dd 0x548E, 0xCFA4
    dd 0x5490, 0xDCFB
    dd 0x54A4, 0xF6E3
    dd 0x54A8, 0xEDAA
    dd 0x54AB, 0xF2A1
    dd 0x54AC, 0xCEE1
    dd 0x54B3, 0xFAA6
    dd 0x54B8, 0xF9E0
    dd 0x54BD, 0xECD6
    dd 0x54C0, 0xE4EE
    dd 0x54C1, 0xF9A1
    dd 0x54C4, 0xFBEF
    dd 0x54C8, 0xF9EB
    dd 0x54C9, 0xEEA3
    dd 0x54E1, 0xEAAC
    dd 0x54E5, 0xCAA8
    dd 0x54E8, 0xF4FA
    dd 0x54ED, 0xCDD6
    dd 0x54EE, 0xFCF6
    dd 0x54F2, 0xF4C9
    dd 0x54FA, 0xF8D4
    dd 0x5504, 0xF8A6
    dd 0x5506, 0xDECA
    dd 0x5507, 0xF2C6
    dd 0x550E, 0xD7DA
    dd 0x5510, 0xD3D0
    dd 0x551C, 0xD8C5
    dd 0x552F, 0xEAE6
    dd 0x5531, 0xF3DD
    dd 0x5535, 0xE4DA
    dd 0x553E, 0xF6E4
    dd 0x5544, 0xF6F2
    dd 0x5546, 0xDFC2
    dd 0x554F, 0xD9FD
    dd 0x5553, 0xCCF6
    dd 0x5556, 0xD3BA
    dd 0x555E, 0xE4AF
    dd 0x5563, 0xF9E1
    dd 0x557C, 0xF0A6
    dd 0x5580, 0xCBD3
    dd 0x5584, 0xE0BC
    dd 0x5586, 0xF4CA
    dd 0x5587, 0xD4FA
    dd 0x5589, 0xFDAA
    dd 0x558A, 0xF9E2
    dd 0x5598, 0xF4B7
    dd 0x5599, 0xFDC2
    dd 0x559A, 0xFCB0
    dd 0x559C, 0xFDEC
    dd 0x559D, 0xCAE2
    dd 0x55A7, 0xFDBD
    dd 0x55A9, 0xEAE7
    dd 0x55AA, 0xDFC3
    dd 0x55AB, 0xD1D2
    dd 0x55AC, 0xCEE2
    dd 0x55AE, 0xD3A4
    dd 0x55C5, 0xFDAB
    dd 0x55C7, 0xDFE0
    dd 0x55D4, 0xF2C7
    dd 0x55DA, 0xE7F0
    dd 0x55DC, 0xD0EE
    dd 0x55DF, 0xF3AA
    dd 0x55E3, 0xDECB
    dd 0x55E4, 0xF6B8
    dd 0x55FD, 0xE1F5
    dd 0x55FE, 0xF1B3
    dd 0x5606, 0xF7A3
    dd 0x5609, 0xCAA9
    dd 0x5614, 0xCFA5
    dd 0x5617, 0xDFC4
    dd 0x562F, 0xE1B0
    dd 0x5632, 0xF0BF
    dd 0x5634, 0xF6A4
    dd 0x5636, 0xE3B6
    dd 0x5653, 0xFAC6
    dd 0x5668, 0xD0EF
    dd 0x566B, 0xFDED
    dd 0x5674, 0xDDC4
    dd 0x5686, 0xFCF7
    dd 0x56A5, 0xE6BF
    dd 0x56AC, 0xDEAD
    dd 0x56AE, 0xFABF
    dd 0x56B4, 0xE5F1
    dd 0x56BC, 0xEDC4
    dd 0x56CA, 0xD2A5
    dd 0x56CD, 0xFDEE
    dd 0x56D1, 0xF5B6
    dd 0x56DA, 0xE1F6
    dd 0x56DB, 0xDECC
    dd 0x56DE, 0xFCDE
    dd 0x56E0, 0xECD7
    dd 0x56F0, 0xCDDD
    dd 0x56F9, 0xD6B7
    dd 0x56FA, 0xCDB3
    dd 0x5703, 0xF8D5
    dd 0x5704, 0xE5D8
    dd 0x5708, 0xCFEA
    dd 0x570B, 0xCFD0
    dd 0x570D, 0xEACC
    dd 0x5712, 0xEAAE
    dd 0x5713, 0xEAAD
    dd 0x5716, 0xD3F1
    dd 0x5718, 0xD3A5
    dd 0x571F, 0xF7CF
    dd 0x5728, 0xEEA4
    dd 0x572D, 0xD0A4
    dd 0x5730, 0xF2A2
    dd 0x573B, 0xD0F0
    dd 0x5740, 0xF2A3
    dd 0x5742, 0xF7F8
    dd 0x5747, 0xD0B3
    dd 0x574A, 0xDBA9
    dd 0x574D, 0xD3BB
    dd 0x574E, 0xCAEC
    dd 0x5750, 0xF1A6
    dd 0x5751, 0xCBD5
    dd 0x5761, 0xF7E7
    dd 0x5764, 0xCDDE
    dd 0x5766, 0xF7A4
    dd 0x576A, 0xF8C0
    dd 0x576E, 0xD3DD
    dd 0x5770, 0xCCD0
    dd 0x5775, 0xCFA6
    dd 0x577C, 0xF6F3
    dd 0x5782, 0xE1F7
    dd 0x5788, 0xD3DC
    dd 0x578B, 0xFAFE
    dd 0x5793, 0xFAA7
    dd 0x57A0, 0xEBD9
    dd 0x57A2, 0xCFA7
    dd 0x57A3, 0xEAAF
    dd 0x57C3, 0xE4EF
    dd 0x57C7, 0xE9B9
    dd 0x57C8, 0xF1D8
    dd 0x57CB, 0xD8D8
    dd 0x57CE, 0xE0F2
    dd 0x57DF, 0xE6B4
    dd 0x57E0, 0xDCFC
    dd 0x57F0, 0xF3F1
    dd 0x57F4, 0xE3D0
    dd 0x57F7, 0xF2FB
    dd 0x57F9, 0xDBC6
    dd 0x57FA, 0xD0F1
    dd 0x57FC, 0xD0F2
    dd 0x5800, 0xCFDC
    dd 0x5802, 0xD3D1
    dd 0x5805, 0xCCB1
    dd 0x5806, 0xF7D8
    dd 0x5808, 0xCBA8
    dd 0x5809, 0xEBBC
    dd 0x580A, 0xE4BE
    dd 0x581E, 0xF4DC
    dd 0x5821, 0xDCC2
    dd 0x5824, 0xF0A7
    dd 0x5827, 0xE6C0
    dd 0x582A, 0xCAED
    dd 0x582F, 0xE8EB
    dd 0x5830, 0xE5E8
    dd 0x5831, 0xDCC3
    dd 0x5834, 0xEDDE
    dd 0x5835, 0xD3F2
    dd 0x583A, 0xCCF7
    dd 0x584A, 0xCED4
    dd 0x584B, 0xE7AB
    dd 0x584F, 0xCBC3
    dd 0x5851, 0xE1B1
    dd 0x5854, 0xF7B2
    dd 0x5857, 0xD3F3
    dd 0x5858, 0xD3D2
    dd 0x585A, 0xF5C0
    dd 0x585E, 0xDFDD
    dd 0x5861, 0xEEF3
    dd 0x5862, 0xE7F1
    dd 0x5864, 0xFDB4
    dd 0x5875, 0xF2C8
    dd 0x5879, 0xF3D2
    dd 0x587C, 0xEEF4
    dd 0x587E, 0xE2D3
    dd 0x5883, 0xCCD1
    dd 0x5885, 0xDFEA
    dd 0x5889, 0xE9BA
    dd 0x5893, 0xD9D7
    dd 0x589C, 0xF5CD
    dd 0x589E, 0xF1F2
    dd 0x589F, 0xFAC7
    dd 0x58A8, 0xD9F8
    dd 0x58A9, 0xD4C2
    dd 0x58AE, 0xF6E5
    dd 0x58B3, 0xDDC5
    dd 0x58BA, 0xE7F2
    dd 0x58BB, 0xEDDF
    dd 0x58BE, 0xCACB
    dd 0x58C1, 0xDBFA
    dd 0x58C5, 0xE8B5
    dd 0x58C7, 0xD3A6
    dd 0x58CE, 0xFDB5
    dd 0x58D1, 0xF9C9
    dd 0x58D3, 0xE4E2
    dd 0x58D5, 0xFBBD
    dd 0x58D8, 0xD7A4
    dd 0x58D9, 0xCEC5
    dd 0x58DE, 0xCED5
    dd 0x58DF, 0xD6E6
    dd 0x58E4, 0xE5BD
    dd 0x58EB, 0xDECD
    dd 0x58EC, 0xECF3
    dd 0x58EF, 0xEDE0
    dd 0x58F9, 0xECEC
    dd 0x58FA, 0xFBBE
    dd 0x58FB, 0xDFEB
    dd 0x58FD, 0xE1F8
    dd 0x590F, 0xF9BE
    dd 0x5914, 0xD0F3
    dd 0x5915, 0xE0AA
    dd 0x5916, 0xE8E2
    dd 0x5919, 0xE2D4
    dd 0x591A, 0xD2FD
    dd 0x591C, 0xE5A8
    dd 0x5922, 0xD9D3
    dd 0x5927, 0xD3DE
    dd 0x5929, 0xF4B8
    dd 0x592A, 0xF7BC
    dd 0x592B, 0xDCFD
    dd 0x592D, 0xE8EC
    dd 0x592E, 0xE4E7
    dd 0x5931, 0xE3F7
    dd 0x5937, 0xECA8
    dd 0x593E, 0xFAF1
    dd 0x5944, 0xE5F2
    dd 0x5947, 0xD0F4
    dd 0x5948, 0xD2AF
    dd 0x5949, 0xDCE5
    dd 0x594E, 0xD0A5
    dd 0x594F, 0xF1B4
    dd 0x5950, 0xFCB1
    dd 0x5951, 0xCCF8
    dd 0x5954, 0xDDC6
    dd 0x5955, 0xFAD1
    dd 0x5957, 0xF7DF
    dd 0x595A, 0xFAA8
    dd 0x5960, 0xEEF5
    dd 0x5962, 0xDECE
    dd 0x5967, 0xE7F3
    dd 0x596A, 0xF7AC
    dd 0x596B, 0xEBC4
    dd 0x596C, 0xEDE1
    dd 0x596D, 0xE0AB
    dd 0x596E, 0xDDC7
    dd 0x5973, 0xD2B3
    dd 0x5974, 0xD2BF
    dd 0x5978, 0xCACC
    dd 0x597D, 0xFBBF
    dd 0x5982, 0xE5FD
    dd 0x5983, 0xDDE5
    dd 0x5984, 0xD8CD
    dd 0x598A, 0xECF4
    dd 0x5993, 0xD0F5
    dd 0x5996, 0xE8ED
    dd 0x5997, 0xD0D2
    dd 0x5999, 0xD9D8
    dd 0x59A5, 0xF6E6
    dd 0x59A8, 0xDBAA
    dd 0x59AC, 0xF7E0
    dd 0x59B9, 0xD8D9
    dd 0x59BB, 0xF4A3
    dd 0x59BE, 0xF4DD
    dd 0x59C3, 0xEFD1
    dd 0x59C6, 0xD9B5
    dd 0x59C9, 0xEDAB
    dd 0x59CB, 0xE3B7
    dd 0x59D0, 0xEEBB
    dd 0x59D1, 0xCDB4
    dd 0x59D3, 0xE0F3
    dd 0x59D4, 0xEACD
    dd 0x59D9, 0xECF5
    dd 0x59DA, 0xE8EE
    dd 0x59DC, 0xCBA9
    dd 0x59DD, 0xF1AF
    dd 0x59E6, 0xCACD
    dd 0x59E8, 0xECA9
    dd 0x59EA, 0xF2EB
    dd 0x59EC, 0xFDEF
    dd 0x59EE, 0xF9F3
    dd 0x59F8, 0xE6C1
    dd 0x59FB, 0xECD8
    dd 0x59FF, 0xEDAC
    dd 0x5A01, 0xEACE
    dd 0x5A03, 0xE8DF
    dd 0x5A11, 0xDECF
    dd 0x5A18, 0xD2A6
    dd 0x5A1B, 0xE7F4
    dd 0x5A1C, 0xD1D6
    dd 0x5A1F, 0xE6C2
    dd 0x5A20, 0xE3E3
    dd 0x5A25, 0xE4B0
    dd 0x5A29, 0xD8B4
    dd 0x5A36, 0xF6A5
    dd 0x5A3C, 0xF3DE
    dd 0x5A41, 0xD7A5
    dd 0x5A46, 0xF7E8
    dd 0x5A49, 0xE8C6
    dd 0x5A5A, 0xFBE6
    dd 0x5A62, 0xDDE6
    dd 0x5A66, 0xDCFE
    dd 0x5A92, 0xD8DA
    dd 0x5A9A, 0xDAAC
    dd 0x5A9B, 0xEAB0
    dd 0x5AA4, 0xE3B8
    dd 0x5AC1, 0xCAAA
    dd 0x5AC2, 0xE1F9
    dd 0x5AC4, 0xEAB1
    dd 0x5AC9, 0xF2EC
    dd 0x5ACC, 0xFAEE
    dd 0x5AE1, 0xEED5
    dd 0x5AE6, 0xF9F4
    dd 0x5AE9, 0xD2EC
    dd 0x5B05, 0xFBFB
    dd 0x5B09, 0xFDF0
    dd 0x5B0B, 0xE0BD
    dd 0x5B0C, 0xCEE3
    dd 0x5B16, 0xF8C6
    dd 0x5B2A, 0xDEAE
    dd 0x5B40, 0xDFC5
    dd 0x5B43, 0xE5BE
    dd 0x5B50, 0xEDAD
    dd 0x5B51, 0xFAEA
    dd 0x5B54, 0xCDEE
    dd 0x5B55, 0xEDA6
    dd 0x5B57, 0xEDAE
    dd 0x5B58, 0xF0ED
    dd 0x5B5A, 0xDDA1
    dd 0x5B5C, 0xEDAF
    dd 0x5B5D, 0xFCF8
    dd 0x5B5F, 0xD8EB
    dd 0x5B63, 0xCCF9
    dd 0x5B64, 0xCDB5
    dd 0x5B69, 0xFAA9
    dd 0x5B6B, 0xE1DD
    dd 0x5B70, 0xE2D5
    dd 0x5B71, 0xEDCF
    dd 0x5B75, 0xDDA2
    dd 0x5B78, 0xF9CA
    dd 0x5B7A, 0xEAE8
    dd 0x5B7C, 0xE5ED
    dd 0x5B85, 0xD3EB
    dd 0x5B87, 0xE9D4
    dd 0x5B88, 0xE1FA
    dd 0x5B89, 0xE4CC
    dd 0x5B8B, 0xE1E4
    dd 0x5B8C, 0xE8C7
    dd 0x5B8F, 0xCEDB
    dd 0x5B93, 0xDCD5
    dd 0x5B95, 0xF7B5
    dd 0x5B96, 0xFCF3
    dd 0x5B97, 0xF0F3
    dd 0x5B98, 0xCEAF
    dd 0x5B99, 0xF1B5
    dd 0x5B9A, 0xEFD2
    dd 0x5B9B, 0xE8C8
    dd 0x5B9C, 0xEBF1
    dd 0x5BA2, 0xCBD4
    dd 0x5BA3, 0xE0BE
    dd 0x5BA4, 0xE3F8
    dd 0x5BA5, 0xEAE9
    dd 0x5BA6, 0xFCB2
    dd 0x5BAC, 0xE0F4
    dd 0x5BAE, 0xCFE0
    dd 0x5BB0, 0xEEA5
    dd 0x5BB3, 0xFAAA
    dd 0x5BB4, 0xE6C3
    dd 0x5BB5, 0xE1B2
    dd 0x5BB6, 0xCAAB
    dd 0x5BB8, 0xE3E4
    dd 0x5BB9, 0xE9BB
    dd 0x5BBF, 0xE2D6
    dd 0x5BC0, 0xF3F2
    dd 0x5BC2, 0xEED6
    dd 0x5BC3, 0xEAB2
    dd 0x5BC4, 0xD0F6
    dd 0x5BC5, 0xECD9
    dd 0x5BC6, 0xDACB
    dd 0x5BC7, 0xCFA8
    dd 0x5BCC, 0xDDA3
    dd 0x5BD0, 0xD8DB
    dd 0x5BD2, 0xF9CE
    dd 0x5BD3, 0xE9D5
    dd 0x5BD4, 0xE3D1
    dd 0x5BD7, 0xD2BC
    dd 0x5BDE, 0xD8AC
    dd 0x5BDF, 0xF3CC
    dd 0x5BE1, 0xCDFB
    dd 0x5BE2, 0xF6D6
    dd 0x5BE4, 0xE7F5
    dd 0x5BE5, 0xE8EF
    dd 0x5BE6, 0xE3F9
    dd 0x5BE7, 0xD2BB
    dd 0x5BE8, 0xF3F3
    dd 0x5BE9, 0xE3FB
    dd 0x5BEB, 0xDED0
    dd 0x5BEC, 0xCEB0
    dd 0x5BEE, 0xD6F7
    dd 0x5BEF, 0xF1D9
    dd 0x5BF5, 0xF5C1
    dd 0x5BF6, 0xDCC4
    dd 0x5BF8, 0xF5BB
    dd 0x5BFA, 0xDED1
    dd 0x5C01, 0xDCE6
    dd 0x5C04, 0xDED2
    dd 0x5C07, 0xEDE2
    dd 0x5C08, 0xEEF6
    dd 0x5C09, 0xEACF
    dd 0x5C0A, 0xF0EE
    dd 0x5C0B, 0xE3FC
    dd 0x5C0D, 0xD3DF
    dd 0x5C0E, 0xD3F4
    dd 0x5C0F, 0xE1B3
    dd 0x5C11, 0xE1B4
    dd 0x5C16, 0xF4D3
    dd 0x5C19, 0xDFC6
    dd 0x5C24, 0xE9D6
    dd 0x5C28, 0xDBAB
    dd 0x5C31, 0xF6A6
    dd 0x5C38, 0xE3B9
    dd 0x5C39, 0xEBC5
    dd 0x5C3A, 0xF4A9
    dd 0x5C3B, 0xCDB6
    dd 0x5C3C, 0xD2F9
    dd 0x5C3E, 0xDAAD
    dd 0x5C3F, 0xD2E3
    dd 0x5C40, 0xCFD1
    dd 0x5C45, 0xCBDC
    dd 0x5C46, 0xCCFA
    dd 0x5C48, 0xCFDD
    dd 0x5C4B, 0xE8A9
    dd 0x5C4D, 0xE3BB
    dd 0x5C4E, 0xE3BA
    dd 0x5C51, 0xE0DA
    dd 0x5C55, 0xEEF7
    dd 0x5C5B, 0xDCB3
    dd 0x5C60, 0xD3F5
    dd 0x5C62, 0xD7A6
    dd 0x5C64, 0xF6B5
    dd 0x5C65, 0xD7DB
    dd 0x5C6C, 0xE1D5
    dd 0x5C6F, 0xD4EA
    dd 0x5C71, 0xDFA3
    dd 0x5C79, 0xFDDF
    dd 0x5C90, 0xD0F7
    dd 0x5C91, 0xEDD4
    dd 0x5CA1, 0xCBAA
    dd 0x5CA9, 0xE4DB
    dd 0x5CAB, 0xE1FB
    dd 0x5CAC, 0xCBA2
    dd 0x5CB1, 0xD3E0
    dd 0x5CB3, 0xE4BF
    dd 0x5CB5, 0xFBC0
    dd 0x5CB7, 0xDABE
    dd 0x5CB8, 0xE4CD
    dd 0x5CBA, 0xD6B9
    dd 0x5CBE, 0xEFC0
    dd 0x5CC0, 0xE1FC
    dd 0x5CD9, 0xF6B9
    dd 0x5CE0, 0xDFC7
    dd 0x5CE8, 0xE4B1
    dd 0x5CEF, 0xDCE7
    dd 0x5CF0, 0xDCE8
    dd 0x5CF4, 0xFAD6
    dd 0x5CF6, 0xD3F6
    dd 0x5CFB, 0xF1DA
    dd 0x5CFD, 0xFAF2
    dd 0x5D07, 0xE2FD
    dd 0x5D0D, 0xD5CF
    dd 0x5D0E, 0xD0F8
    dd 0x5D11, 0xCDDF
    dd 0x5D14, 0xF5CB
    dd 0x5D16, 0xE4F0
    dd 0x5D17, 0xCBAB
    dd 0x5D19, 0xD7C4
    dd 0x5D27, 0xE2FE
    dd 0x5D29, 0xDDDA
    dd 0x5D4B, 0xDAAE
    dd 0x5D4C, 0xCAEE
    dd 0x5D50, 0xD5B9
    dd 0x5D69, 0xE3A1
    dd 0x5D6C, 0xE8E3
    dd 0x5D6F, 0xF3AB
    dd 0x5D87, 0xCFA9
    dd 0x5D8B, 0xD3F7
    dd 0x5D9D, 0xD4F1
    dd 0x5DA0, 0xCEE4
    dd 0x5DA2, 0xE8F2
    dd 0x5DAA, 0xE5F5
    dd 0x5DB8, 0xE7AE
    dd 0x5DBA, 0xD6BA
    dd 0x5DBC, 0xDFEC
    dd 0x5DBD, 0xE4C0
    dd 0x5DCD, 0xE8E4
    dd 0x5DD2, 0xD8B5
    dd 0x5DD6, 0xE4DC
    dd 0x5DDD, 0xF4B9
    dd 0x5DDE, 0xF1B6
    dd 0x5DE1, 0xE2DE
    dd 0x5DE2, 0xE1B5
    dd 0x5DE5, 0xCDEF
    dd 0x5DE6, 0xF1A7
    dd 0x5DE7, 0xCEE5
    dd 0x5DE8, 0xCBDD
    dd 0x5DEB, 0xD9E3
    dd 0x5DEE, 0xF3AC
    dd 0x5DF1, 0xD0F9
    dd 0x5DF2, 0xECAB
    dd 0x5DF3, 0xDED3
    dd 0x5DF4, 0xF7E9
    dd 0x5DF7, 0xF9F5
    dd 0x5DFD, 0xE1DE
    dd 0x5DFE, 0xCBEE
    dd 0x5E02, 0xE3BC
    dd 0x5E03, 0xF8D6
    dd 0x5E06, 0xDBEE
    dd 0x5E0C, 0xFDF1
    dd 0x5E11, 0xF7B6
    dd 0x5E16, 0xF4DE
    dd 0x5E19, 0xF2ED
    dd 0x5E1B, 0xDBD9
    dd 0x5E1D, 0xF0A8
    dd 0x5E25, 0xE1FD
    dd 0x5E2B, 0xDED4
    dd 0x5E2D, 0xE0AC
    dd 0x5E33, 0xEDE3
    dd 0x5E36, 0xD3E1
    dd 0x5E38, 0xDFC8
    dd 0x5E3D, 0xD9B6
    dd 0x5E3F, 0xFDAC
    dd 0x5E40, 0xEFD3
    dd 0x5E44, 0xE4C1
    dd 0x5E45, 0xF8EB
    dd 0x5E47, 0xDBAC
    dd 0x5E4C, 0xFCC6
    dd 0x5E55, 0xD8AD
    dd 0x5E5F, 0xF6BA
    dd 0x5E61, 0xDBDF
    dd 0x5E62, 0xD3D3
    dd 0x5E63, 0xF8C7
    dd 0x5E72, 0xCACE
    dd 0x5E73, 0xF8C1
    dd 0x5E74, 0xD2B4
    dd 0x5E77, 0xDCB4
    dd 0x5E78, 0xFAB9
    dd 0x5E79, 0xCACF
    dd 0x5E7B, 0xFCB3
    dd 0x5E7C, 0xEAEA
    dd 0x5E7D, 0xEAEB
    dd 0x5E7E, 0xD0FA
    dd 0x5E84, 0xEDE4
    dd 0x5E87, 0xDDE7
    dd 0x5E8A, 0xDFC9
    dd 0x5E8F, 0xDFED
    dd 0x5E95, 0xEEBC
    dd 0x5E97, 0xEFC1
    dd 0x5E9A, 0xCCD2
    dd 0x5E9C, 0xDDA4
    dd 0x5EA0, 0xDFCA
    dd 0x5EA6, 0xD3F8
    dd 0x5EA7, 0xF1A8
    dd 0x5EAB, 0xCDB7
    dd 0x5EAD, 0xEFD4
    dd 0x5EB5, 0xE4DD
    dd 0x5EB6, 0xDFEE
    dd 0x5EB7, 0xCBAC
    dd 0x5EB8, 0xE9BC
    dd 0x5EBE, 0xEAEC
    dd 0x5EC2, 0xDFCB
    dd 0x5EC8, 0xF9BF
    dd 0x5EC9, 0xD6AF
    dd 0x5ECA, 0xD5C6
    dd 0x5ED0, 0xCFAA
    dd 0x5ED3, 0xCEA9
    dd 0x5ED6, 0xD6F8
    dd 0x5EDA, 0xF1B7
    dd 0x5EDB, 0xEEF8
    dd 0x5EDF, 0xD9D9
    dd 0x5EE0, 0xF3DF
    dd 0x5EE2, 0xF8C8
    dd 0x5EE3, 0xCEC6
    dd 0x5EEC, 0xD5E6
    dd 0x5EF3, 0xF4E6
    dd 0x5EF6, 0xE6C5
    dd 0x5EF7, 0xEFD5
    dd 0x5EFA, 0xCBEF
    dd 0x5EFB, 0xFCDF
    dd 0x5F01, 0xDCA7
    dd 0x5F04, 0xD6E7
    dd 0x5F0A, 0xF8C9
    dd 0x5F0F, 0xE3D2
    dd 0x5F11, 0xE3BD
    dd 0x5F13, 0xCFE1
    dd 0x5F14, 0xF0C0
    dd 0x5F15, 0xECDA
    dd 0x5F17, 0xDDD7
    dd 0x5F18, 0xFBF0
    dd 0x5F1B, 0xECAC
    dd 0x5F1F, 0xF0A9
    dd 0x5F26, 0xFAD7
    dd 0x5F27, 0xFBC1
    dd 0x5F29, 0xD2C0
    dd 0x5F31, 0xE5B0
    dd 0x5F35, 0xEDE5
    dd 0x5F3A, 0xCBAD
    dd 0x5F3C, 0xF9B0
    dd 0x5F48, 0xF7A5
    dd 0x5F4A, 0xCBAE
    dd 0x5F4C, 0xDAAF
    dd 0x5F4E, 0xD8B6
    dd 0x5F56, 0xD3A7
    dd 0x5F57, 0xFBB2
    dd 0x5F59, 0xFDC4
    dd 0x5F5B, 0xECAD
    dd 0x5F62, 0xFBA1
    dd 0x5F66, 0xE5E9
    dd 0x5F67, 0xE9EE
    dd 0x5F69, 0xF3F4
    dd 0x5F6A, 0xF8F3
    dd 0x5F6B, 0xF0C1
    dd 0x5F6C, 0xDEAF
    dd 0x5F6D, 0xF8B0
    dd 0x5F70, 0xF3E0
    dd 0x5F71, 0xE7AF
    dd 0x5F77, 0xDBAD
    dd 0x5F79, 0xE6B5
    dd 0x5F7C, 0xF9A8
    dd 0x5F7F, 0xDDD8
    dd 0x5F80, 0xE8D9
    dd 0x5F81, 0xEFD6
    dd 0x5F85, 0xD3E2
    dd 0x5F87, 0xE2DF
    dd 0x5F8A, 0xFCE0
    dd 0x5F8B, 0xD7C8
    dd 0x5F8C, 0xFDAD
    dd 0x5F90, 0xDFEF
    dd 0x5F91, 0xCCD3
    dd 0x5F92, 0xD3F9
    dd 0x5F97, 0xD4F0
    dd 0x5F98, 0xDBC7
    dd 0x5F99, 0xDED5
    dd 0x5F9E, 0xF0F4
    dd 0x5FA0, 0xD5D0
    dd 0x5FA1, 0xE5D9
    dd 0x5FA8, 0xFCC7
    dd 0x5FA9, 0xDCD6
    dd 0x5FAA, 0xE2E0
    dd 0x5FAE, 0xDAB0
    dd 0x5FB5, 0xF3A3
    dd 0x5FB7, 0xD3EC
    dd 0x5FB9, 0xF4CB
    dd 0x5FBD, 0xFDC5
    dd 0x5FC3, 0xE3FD
    dd 0x5FC5, 0xF9B1
    dd 0x5FCC, 0xD0FB
    dd 0x5FCD, 0xECDB
    dd 0x5FD6, 0xF5BC
    dd 0x5FD7, 0xF2A4
    dd 0x5FD8, 0xD8CE
    dd 0x5FD9, 0xD8CF
    dd 0x5FE0, 0xF5F7
    dd 0x5FEB, 0xF6E1
    dd 0x5FF5, 0xD2B7
    dd 0x5FFD, 0xFBEC
    dd 0x5FFF, 0xDDC8
    dd 0x600F, 0xE4E8
    dd 0x6012, 0xD2C1
    dd 0x6016, 0xF8D7
    dd 0x601C, 0xD6BB
    dd 0x601D, 0xDED6
    dd 0x6020, 0xF7BD
    dd 0x6021, 0xECAE
    dd 0x6025, 0xD0E1
    dd 0x6027, 0xE0F5
    dd 0x6028, 0xEAB3
    dd 0x602A, 0xCED6
    dd 0x602F, 0xCCA5
    dd 0x6041, 0xECF6
    dd 0x6042, 0xE2E1
    dd 0x6043, 0xE3BE
    dd 0x604D, 0xFCC8
    dd 0x6050, 0xCDF0
    dd 0x6052, 0xF9F6
    dd 0x6055, 0xDFF0
    dd 0x6059, 0xE5BF
    dd 0x605D, 0xCEBF
    dd 0x6062, 0xFCE1
    dd 0x6063, 0xEDB0
    dd 0x6064, 0xFDD1
    dd 0x6065, 0xF6BB
    dd 0x6068, 0xF9CF
    dd 0x6069, 0xEBDA
    dd 0x606A, 0xCAC1
    dd 0x606C, 0xD2B8
    dd 0x606D, 0xCDF1
    dd 0x606F, 0xE3D3
    dd 0x6070, 0xFDE6
    dd 0x6085, 0xE6ED
    dd 0x6089, 0xE3FA
    dd 0x608C, 0xF0AA
    dd 0x608D, 0xF9D0
    dd 0x6094, 0xFCE2
    dd 0x6096, 0xF8A7
    dd 0x609A, 0xE1E5
    dd 0x609B, 0xEEF9
    dd 0x609F, 0xE7F6
    dd 0x60A0, 0xEAED
    dd 0x60A3, 0xFCB4
    dd 0x60A4, 0xF5C2
    dd 0x60A7, 0xD7DC
    dd 0x60B0, 0xF0F5
    dd 0x60B2, 0xDDE8
    dd 0x60B3, 0xD3ED
    dd 0x60B4, 0xF5FC
    dd 0x60B6, 0xDABF
    dd 0x60B8, 0xCCFB
    dd 0x60BC, 0xD3FA
    dd 0x60BD, 0xF4A4
    dd 0x60C5, 0xEFD7
    dd 0x60C7, 0xD4C3
    dd 0x60D1, 0xFBE3
    dd 0x60DA, 0xFBED
    dd 0x60DC, 0xE0AD
    dd 0x60DF, 0xEAEE
    dd 0x60E0, 0xFBB3
    dd 0x60E1, 0xE4C2
    dd 0x60F0, 0xF6E7
    dd 0x60F1, 0xD2DD
    dd 0x60F3, 0xDFCC
    dd 0x60F6, 0xFCC9
    dd 0x60F9, 0xE5A9
    dd 0x60FA, 0xE0F6
    dd 0x60FB, 0xF6B3
    dd 0x6101, 0xE1FE
    dd 0x6106, 0xCBF0
    dd 0x6108, 0xEAEF
    dd 0x6109, 0xEAF0
    dd 0x610D, 0xDAC0
    dd 0x610E, 0xF8B4
    dd 0x610F, 0xEBF2
    dd 0x6115, 0xE4C3
    dd 0x611A, 0xE9D7
    dd 0x611B, 0xE4F1
    dd 0x611F, 0xCAEF
    dd 0x6127, 0xCED7
    dd 0x6130, 0xFCCA
    dd 0x6134, 0xF3E1
    dd 0x6137, 0xCBC4
    dd 0x613C, 0xE3E5
    dd 0x613E, 0xCBC5
    dd 0x613F, 0xEAB4
    dd 0x6142, 0xE9BD
    dd 0x6144, 0xD7C9
    dd 0x6147, 0xEBDB
    dd 0x6148, 0xEDB1
    dd 0x614A, 0xCCC3
    dd 0x614B, 0xF7BE
    dd 0x614C, 0xFCCB
    dd 0x6153, 0xF8F4
    dd 0x6155, 0xD9B7
    dd 0x6158, 0xF3D3
    dd 0x6159, 0xF3D4
    dd 0x615D, 0xF7E4
    dd 0x615F, 0xF7D1
    dd 0x6162, 0xD8B7
    dd 0x6163, 0xCEB1
    dd 0x6164, 0xCAC2
    dd 0x6167, 0xFBB4
    dd 0x6168, 0xCBC6
    dd 0x616B, 0xF0F6
    dd 0x616E, 0xD5E7
    dd 0x6170, 0xEAD0
    dd 0x6176, 0xCCD4
    dd 0x6177, 0xCBAF
    dd 0x617D, 0xF4AA
    dd 0x617E, 0xE9AF
    dd 0x6181, 0xF5C3
    dd 0x6182, 0xE9D8
    dd 0x618A, 0xDDE9
    dd 0x618E, 0xF1F3
    dd 0x6190, 0xD5FB
    dd 0x6191, 0xDEBB
    dd 0x6194, 0xF4FB
    dd 0x6198, 0xFDF3
    dd 0x6199, 0xFDF2
    dd 0x619A, 0xF7A6
    dd 0x61A4, 0xDDC9
    dd 0x61A7, 0xD4D3
    dd 0x61A9, 0xCCA8
    dd 0x61AB, 0xDAC1
    dd 0x61AC, 0xCCD5
    dd 0x61AE, 0xD9E4
    dd 0x61B2, 0xFACA
    dd 0x61B6, 0xE5E3
    dd 0x61BA, 0xD3BC
    dd 0x61BE, 0xCAF0
    dd 0x61C3, 0xD0C4
    dd 0x61C7, 0xCAD0
    dd 0x61C8, 0xFAAB
    dd 0x61C9, 0xEBEB
    dd 0x61CA, 0xE7F8
    dd 0x61CB, 0xD9E5
    dd 0x61E6, 0xD1D7
    dd 0x61F2, 0xF3A4
    dd 0x61F6, 0xD4FB
    dd 0x61F7, 0xFCE3
    dd 0x61F8, 0xFAD8
    dd 0x61FA, 0xF3D5
    dd 0x61FC, 0xCFAB
    dd 0x61FF, 0xEBF3
    dd 0x6200, 0xD5FC
    dd 0x6207, 0xD3D4
    dd 0x6208, 0xCDFC
    dd 0x620A, 0xD9E6
    dd 0x620C, 0xE2F9
    dd 0x620D, 0xE2A1
    dd 0x620E, 0xEBD4
    dd 0x6210, 0xE0F7
    dd 0x6211, 0xE4B2
    dd 0x6212, 0xCCFC
    dd 0x6216, 0xFBE4
    dd 0x621A, 0xF4AB
    dd 0x621F, 0xD0BD
    dd 0x6221, 0xCAF1
    dd 0x622A, 0xEFB8
    dd 0x622E, 0xD7C0
    dd 0x6230, 0xEEFA
    dd 0x6231, 0xFDF4
    dd 0x6234, 0xD3E3
    dd 0x6236, 0xFBC2
    dd 0x623E, 0xD5E8
    dd 0x623F, 0xDBAE
    dd 0x6240, 0xE1B6
    dd 0x6241, 0xF8B7
    dd 0x6247, 0xE0BF
    dd 0x6248, 0xFBC3
    dd 0x6249, 0xDDEA
    dd 0x624B, 0xE2A2
    dd 0x624D, 0xEEA6
    dd 0x6253, 0xF6E8
    dd 0x6258, 0xF6F5
    dd 0x626E, 0xDDCA
    dd 0x6271, 0xD0E2
    dd 0x6276, 0xDDA6
    dd 0x6279, 0xDDEB
    dd 0x627C, 0xE4F9
    dd 0x627F, 0xE3AF
    dd 0x6280, 0xD0FC
    dd 0x6284, 0xF4FC
    dd 0x6289, 0xCCBC
    dd 0x628A, 0xF7EA
    dd 0x6291, 0xE5E4
    dd 0x6292, 0xDFF1
    dd 0x6295, 0xF7E1
    dd 0x6297, 0xF9F7
    dd 0x6298, 0xEFB9
    dd 0x629B, 0xF8D8
    dd 0x62AB, 0xF9A9
    dd 0x62B1, 0xF8D9
    dd 0x62B5, 0xEEBD
    dd 0x62B9, 0xD8C6
    dd 0x62BC, 0xE4E3
    dd 0x62BD, 0xF5CE
    dd 0x62C2, 0xDDD9
    dd 0x62C7, 0xD9E7
    dd 0x62C8, 0xD2B9
    dd 0x62C9, 0xD5C3
    dd 0x62CC, 0xDAE5
    dd 0x62CD, 0xDAD0
    dd 0x62CF, 0xD1D9
    dd 0x62D0, 0xCED8
    dd 0x62D2, 0xCBDE
    dd 0x62D3, 0xF4AC
    dd 0x62D4, 0xDAFB
    dd 0x62D6, 0xF6E9
    dd 0x62D7, 0xE8F3
    dd 0x62D8, 0xCFAC
    dd 0x62D9, 0xF0F0
    dd 0x62DB, 0xF4FD
    dd 0x62DC, 0xDBC8
    dd 0x62EC, 0xCEC0
    dd 0x62ED, 0xE3D4
    dd 0x62EE, 0xD1CF
    dd 0x62EF, 0xF1F5
    dd 0x62F1, 0xCDF2
    dd 0x62F3, 0xCFEB
    dd 0x62F7, 0xCDB8
    dd 0x62FE, 0xE3A6
    dd 0x62FF, 0xD1DA
    dd 0x6301, 0xF2A5
    dd 0x6307, 0xF2A6
    dd 0x6309, 0xE4CE
    dd 0x6311, 0xD3FB
    dd 0x632B, 0xF1A9
    dd 0x632F, 0xF2C9
    dd 0x633A, 0xEFD8
    dd 0x633B, 0xE6C9
    dd 0x633D, 0xD8B8
    dd 0x633E, 0xFAF3
    dd 0x6349, 0xF3B5
    dd 0x634C, 0xF8A4
    dd 0x634F, 0xD1F3
    dd 0x6350, 0xE6C8
    dd 0x6355, 0xF8DA
    dd 0x6367, 0xDCE9
    dd 0x6368, 0xDED7
    dd 0x636E, 0xCBDF
    dd 0x6372, 0xCFEC
    dd 0x6377, 0xF4DF
    dd 0x637A, 0xD1F4
    dd 0x637B, 0xD2BA
    dd 0x637F, 0xDFF2
    dd 0x6383, 0xE1B7
    dd 0x6388, 0xE2A3
    dd 0x6389, 0xD3FC
    dd 0x638C, 0xEDE6
    dd 0x6392, 0xDBC9
    dd 0x6396, 0xE4FA
    dd 0x6398, 0xCFDE
    dd 0x639B, 0xCED0
    dd 0x63A0, 0xD5D3
    dd 0x63A1, 0xF3F5
    dd 0x63A2, 0xF7AE
    dd 0x63A5, 0xEFC8
    dd 0x63A7, 0xCDF3
    dd 0x63A8, 0xF5CF
    dd 0x63A9, 0xE5F3
    dd 0x63AA, 0xF0C2
    dd 0x63C0, 0xCAD1
    dd 0x63C4, 0xEAF1
    dd 0x63C6, 0xD0A6
    dd 0x63CF, 0xD9DA
    dd 0x63D0, 0xF0AB
    dd 0x63D6, 0xEBE7
    dd 0x63DA, 0xE5C0
    dd 0x63DB, 0xFCB5
    dd 0x63E1, 0xE4C4
    dd 0x63ED, 0xCCA9
    dd 0x63EE, 0xFDC6
    dd 0x63F4, 0xEAB5
    dd 0x63F6, 0xE5AA
    dd 0x63F7, 0xDFBA
    dd 0x640D, 0xE1DF
    dd 0x640F, 0xDAD1
    dd 0x6414, 0xE1B8
    dd 0x6416, 0xE8F4
    dd 0x6417, 0xD3FD
    dd 0x641C, 0xE2A4
    dd 0x6422, 0xF2CA
    dd 0x642C, 0xDAE6
    dd 0x642D, 0xF7B3
    dd 0x643A, 0xFDCD
    dd 0x643E, 0xF3B6
    dd 0x6458, 0xEED7
    dd 0x6460, 0xF5C4
    dd 0x6469, 0xD8A4
    dd 0x646F, 0xF2A7
    dd 0x6478, 0xD9B8
    dd 0x6479, 0xD9B9
    dd 0x647A, 0xEFC9
    dd 0x6488, 0xD6CE
    dd 0x6491, 0xF7CB
    dd 0x6492, 0xDFAE
    dd 0x6493, 0xE8F5
    dd 0x649A, 0xD2B5
    dd 0x649E, 0xD3D5
    dd 0x64A4, 0xF4CC
    dd 0x64A5, 0xDAFC
    dd 0x64AB, 0xD9E8
    dd 0x64AD, 0xF7EB
    dd 0x64AE, 0xF5C9
    dd 0x64B0, 0xF3BC
    dd 0x64B2, 0xDAD2
    dd 0x64BB, 0xD3B5
    dd 0x64C1, 0xE8B6
    dd 0x64C4, 0xD6CF
    dd 0x64C5, 0xF4BA
    dd 0x64C7, 0xF7C9
    dd 0x64CA, 0xCCAA
    dd 0x64CD, 0xF0C3
    dd 0x64CE, 0xCCD6
    dd 0x64D2, 0xD0D3
    dd 0x64D4, 0xD3BD
    dd 0x64D8, 0xDBFB
    dd 0x64DA, 0xCBE0
    dd 0x64E1, 0xD3E4
    dd 0x64E2, 0xF6F7
    dd 0x64E5, 0xD5BA
    dd 0x64E6, 0xF3CD
    dd 0x64E7, 0xCBE1
    dd 0x64EC, 0xEBF4
    dd 0x64F2, 0xF4AD
    dd 0x64F4, 0xFCAA
    dd 0x64FA, 0xF7EC
    dd 0x64FE, 0xE8F6
    dd 0x6500, 0xDAE7
    dd 0x6504, 0xF7CC
    dd 0x6518, 0xE5C1
    dd 0x651D, 0xE0EE
    dd 0x6523, 0xD5FD
    dd 0x652A, 0xCEE6
    dd 0x652B, 0xFCAB
    dd 0x652C, 0xD5BB
    dd 0x652F, 0xF2A8
    dd 0x6536, 0xE2A5
    dd 0x6537, 0xCDB9
    dd 0x6538, 0xEAF2
    dd 0x6539, 0xCBC7
    dd 0x653B, 0xCDF4
    dd 0x653E, 0xDBAF
    dd 0x653F, 0xEFD9
    dd 0x6545, 0xCDBA
    dd 0x6548, 0xFCF9
    dd 0x654D, 0xDFF3
    dd 0x654E, 0xCEE7
    dd 0x654F, 0xDAC2
    dd 0x6551, 0xCFAD
    dd 0x6556, 0xE7F9
    dd 0x6557, 0xF8A8
    dd 0x655E, 0xF3E2
    dd 0x6562, 0xCAF2
    dd 0x6563, 0xDFA4
    dd 0x6566, 0xD4C4
    dd 0x656C, 0xCCD7
    dd 0x656D, 0xE5C2
    dd 0x6572, 0xCDBB
    dd 0x6574, 0xEFDA
    dd 0x6575, 0xEED8
    dd 0x6577, 0xDDA7
    dd 0x6578, 0xE2A6
    dd 0x657E, 0xE0C0
    dd 0x6582, 0xD6B0
    dd 0x6583, 0xF8CA
    dd 0x6585, 0xFCFA
    dd 0x6587, 0xD9FE
    dd 0x658C, 0xDEB0
    dd 0x6590, 0xDDEC
    dd 0x6591, 0xDAE8
    dd 0x6597, 0xD4E0
    dd 0x6599, 0xD6F9
    dd 0x659B, 0xCDD7
    dd 0x659C, 0xDED8
    dd 0x659F, 0xF2F8
    dd 0x65A1, 0xE4D6
    dd 0x65A4, 0xD0C5
    dd 0x65A5, 0xF4AE
    dd 0x65A7, 0xDDA8
    dd 0x65AB, 0xEDC5
    dd 0x65AC, 0xF3D6
    dd 0x65AF, 0xDED9
    dd 0x65B0, 0xE3E6
    dd 0x65B7, 0xD3A8
    dd 0x65B9, 0xDBB0
    dd 0x65BC, 0xE5DA
    dd 0x65BD, 0xE3BF
    dd 0x65C1, 0xDBB1
    dd 0x65C5, 0xD5E9
    dd 0x65CB, 0xE0C1
    dd 0x65CC, 0xEFDB
    dd 0x65CF, 0xF0E9
    dd 0x65D2, 0xD7B2
    dd 0x65D7, 0xD0FD
    dd 0x65E0, 0xD9E9
    dd 0x65E3, 0xD0FE
    dd 0x65E5, 0xECED
    dd 0x65E6, 0xD3A9
    dd 0x65E8, 0xF2A9
    dd 0x65E9, 0xF0C4
    dd 0x65EC, 0xE2E2
    dd 0x65ED, 0xE9EF
    dd 0x65F1, 0xF9D1
    dd 0x65F4, 0xE9D9
    dd 0x65FA, 0xE8DA
    dd 0x65FB, 0xDAC3
    dd 0x65FC, 0xDAC4
    dd 0x65FD, 0xD4C5
    dd 0x65FF, 0xE7FA
    dd 0x6606, 0xCDE0
    dd 0x6607, 0xE3B0
    dd 0x6609, 0xDBB2
    dd 0x660A, 0xFBC4
    dd 0x660C, 0xF3E3
    dd 0x660E, 0xD9A5
    dd 0x660F, 0xFBE7
    dd 0x6610, 0xDDCB
    dd 0x6611, 0xD0D4
    dd 0x6613, 0xE6B6
    dd 0x6614, 0xE0AE
    dd 0x6615, 0xFDDA
    dd 0x661E, 0xDCB5
    dd 0x661F, 0xE0F8
    dd 0x6620, 0xE7B1
    dd 0x6625, 0xF5F0
    dd 0x6627, 0xD8DC
    dd 0x6628, 0xEDC6
    dd 0x662D, 0xE1B9
    dd 0x662F, 0xE3C0
    dd 0x6630, 0xF9C0
    dd 0x6631, 0xE9F0
    dd 0x6634, 0xD9DB
    dd 0x6636, 0xF3E4
    dd 0x663A, 0xDCB6
    dd 0x663B, 0xE4E9
    dd 0x6641, 0xF0C5
    dd 0x6642, 0xE3C1
    dd 0x6643, 0xFCCC
    dd 0x6644, 0xFCCD
    dd 0x6649, 0xF2CB
    dd 0x664B, 0xF2CC
    dd 0x664F, 0xE4CF
    dd 0x6659, 0xF1DB
    dd 0x665B, 0xFAD9
    dd 0x665D, 0xF1B8
    dd 0x665E, 0xFDF5
    dd 0x665F, 0xE0F9
    dd 0x6664, 0xE7FB
    dd 0x6665, 0xFCB7
    dd 0x6666, 0xFCE4
    dd 0x6667, 0xFBC5
    dd 0x6668, 0xE3E7
    dd 0x6669, 0xD8B9
    dd 0x666B, 0xF6F8
    dd 0x666E, 0xDCC5
    dd 0x666F, 0xCCD8
    dd 0x6673, 0xE0AF
    dd 0x6674, 0xF4E7
    dd 0x6676, 0xEFDC
    dd 0x6677, 0xCFFC
    dd 0x6678, 0xEFDD
    dd 0x667A, 0xF2AA
    dd 0x6684, 0xFDBE
    dd 0x6687, 0xCAAC
    dd 0x6688, 0xFDBB
    dd 0x6689, 0xFDC7
    dd 0x668E, 0xE7B2
    dd 0x6690, 0xEAD1
    dd 0x6691, 0xDFF4
    dd 0x6696, 0xD1EC
    dd 0x6697, 0xE4DE
    dd 0x6698, 0xE5C3
    dd 0x669D, 0xD9A6
    dd 0x66A0, 0xCDBC
    dd 0x66A2, 0xF3E5
    dd 0x66AB, 0xEDD5
    dd 0x66AE, 0xD9BA
    dd 0x66B2, 0xEDE7
    dd 0x66B3, 0xFBB5
    dd 0x66B4, 0xF8EC
    dd 0x66B9, 0xE0E7
    dd 0x66BB, 0xCCD9
    dd 0x66BE, 0xD4C6
    dd 0x66C4, 0xE7A5
    dd 0x66C6, 0xD5F5
    dd 0x66C7, 0xD3BE
    dd 0x66C9, 0xFCFB
    dd 0x66D6, 0xE4F2
    dd 0x66D9, 0xDFF5
    dd 0x66DC, 0xE8F8
    dd 0x66DD, 0xF8ED
    dd 0x66E0, 0xCEC7
    dd 0x66E6, 0xFDF6
    dd 0x66F0, 0xE8D8
    dd 0x66F2, 0xCDD8
    dd 0x66F3, 0xE7D6
    dd 0x66F4, 0xCCDA
    dd 0x66F7, 0xCAE3
    dd 0x66F8, 0xDFF6
    dd 0x66F9, 0xF0C7
    dd 0x66FA, 0xF0C6
    dd 0x66FC, 0xD8BA
    dd 0x66FE, 0xF1F4
    dd 0x66FF, 0xF4F0
    dd 0x6700, 0xF5CC
    dd 0x6703, 0xFCE5
    dd 0x6708, 0xEAC5
    dd 0x6709, 0xEAF3
    dd 0x670B, 0xDDDB
    dd 0x670D, 0xDCD7
    dd 0x6714, 0xDEFD
    dd 0x6715, 0xF2F9
    dd 0x6717, 0xD5C7
    dd 0x671B, 0xD8D0
    dd 0x671D, 0xF0C8
    dd 0x671E, 0xD1A1
    dd 0x671F, 0xD1A2
    dd 0x6726, 0xD9D4
    dd 0x6727, 0xD6E8
    dd 0x6728, 0xD9CA
    dd 0x672A, 0xDAB1
    dd 0x672B, 0xD8C7
    dd 0x672C, 0xDCE2
    dd 0x672D, 0xF3CE
    dd 0x672E, 0xF5F4
    dd 0x6731, 0xF1B9
    dd 0x6734, 0xDAD3
    dd 0x6736, 0xF6EA
    dd 0x673A, 0xCFF5
    dd 0x673D, 0xFDAE
    dd 0x6746, 0xCAD2
    dd 0x6749, 0xDFB4
    dd 0x674E, 0xD7DD
    dd 0x674F, 0xFABA
    dd 0x6750, 0xEEA7
    dd 0x6751, 0xF5BD
    dd 0x6753, 0xF8F5
    dd 0x6756, 0xEDE8
    dd 0x675C, 0xD4E1
    dd 0x675E, 0xD1A3
    dd 0x675F, 0xE1D6
    dd 0x676D, 0xF9F8
    dd 0x676F, 0xDBCA
    dd 0x6770, 0xCBF9
    dd 0x6771, 0xD4D4
    dd 0x6773, 0xD9DC
    dd 0x6775, 0xEEBE
    dd 0x6777, 0xF7ED
    dd 0x677B, 0xD2EE
    dd 0x677E, 0xE1E6
    dd 0x677F, 0xF7F9
    dd 0x6787, 0xDDED
    dd 0x6789, 0xE8DB
    dd 0x678B, 0xDBB3
    dd 0x678F, 0xD1F7
    dd 0x6790, 0xE0B0
    dd 0x6793, 0xD4E2
    dd 0x6795, 0xF6D7
    dd 0x6797, 0xD7F9
    dd 0x679A, 0xD8DD
    dd 0x679C, 0xCDFD
    dd 0x679D, 0xF2AB
    dd 0x67AF, 0xCDBD
    dd 0x67B0, 0xF8C2
    dd 0x67B3, 0xF2AC
    dd 0x67B6, 0xCAAD
    dd 0x67B7, 0xCAAE
    dd 0x67B8, 0xCFAE
    dd 0x67BE, 0xE3C2
    dd 0x67C4, 0xDCB7
    dd 0x67CF, 0xDBDA
    dd 0x67D0, 0xD9BB
    dd 0x67D1, 0xCAF3
    dd 0x67D2, 0xF6D3
    dd 0x67D3, 0xE6F8
    dd 0x67D4, 0xEAF5
    dd 0x67DA, 0xEAF6
    dd 0x67DD, 0xF6F9
    dd 0x67E9, 0xCFAF
    dd 0x67EC, 0xCAD3
    dd 0x67EF, 0xCAAF
    dd 0x67F0, 0xD2B0
    dd 0x67F1, 0xF1BA
    dd 0x67F3, 0xD7B3
    dd 0x67F4, 0xE3C3
    dd 0x67F5, 0xF3FD
    dd 0x67F6, 0xDEDA
    dd 0x67FB, 0xDEDB
    dd 0x67FE, 0xEFDE
    dd 0x6812, 0xE2E3
    dd 0x6813, 0xEEFB
    dd 0x6816, 0xDFF7
    dd 0x6817, 0xD7CA
    dd 0x6821, 0xCEE8
    dd 0x6822, 0xDBDB
    dd 0x682A, 0xF1BB
    dd 0x682F, 0xE9F1
    dd 0x6838, 0xFAB7
    dd 0x6839, 0xD0C6
    dd 0x683C, 0xCCAB
    dd 0x683D, 0xEEA8
    dd 0x6840, 0xCBFA
    dd 0x6841, 0xF9F9
    dd 0x6842, 0xCCFD
    dd 0x6843, 0xD3FE
    dd 0x6848, 0xE4D0
    dd 0x684E, 0xF2EE
    dd 0x6850, 0xD4D5
    dd 0x6851, 0xDFCD
    dd 0x6853, 0xFCB8
    dd 0x6854, 0xD1D0
    dd 0x686D, 0xF2CD
    dd 0x6876, 0xF7D2
    dd 0x687F, 0xCAD4
    dd 0x6881, 0xD5D9
    dd 0x6885, 0xD8DE
    dd 0x688F, 0xCDD9
    dd 0x6893, 0xEEA9
    dd 0x6894, 0xF6BC
    dd 0x6897, 0xCCDB
    dd 0x689D, 0xF0C9
    dd 0x689F, 0xFCFC
    dd 0x68A1, 0xE8C9
    dd 0x68A2, 0xF4FE
    dd 0x68A7, 0xE7FC
    dd 0x68A8, 0xD7DE
    dd 0x68AD, 0xDEDC
    dd 0x68AF, 0xF0AC
    dd 0x68B0, 0xCCFE
    dd 0x68B1, 0xCDE1
    dd 0x68B3, 0xE1BA
    dd 0x68B5, 0xDBEF
    dd 0x68B6, 0xDAB2
    dd 0x68C4, 0xD1A5
    dd 0x68C5, 0xDCB8
    dd 0x68C9, 0xD8F6
    dd 0x68CB, 0xD1A4
    dd 0x68CD, 0xCDE2
    dd 0x68D2, 0xDCEA
    dd 0x68D5, 0xF0F7
    dd 0x68D7, 0xF0CA
    dd 0x68D8, 0xD0BE
    dd 0x68DA, 0xDDDC
    dd 0x68DF, 0xD4D6
    dd 0x68E0, 0xD3D6
    dd 0x68E7, 0xEDD0
    dd 0x68E8, 0xCDA1
    dd 0x68EE, 0xDFB5
    dd 0x68F2, 0xDFF8
    dd 0x68F9, 0xD4A1
    dd 0x68FA, 0xCEB2
    dd 0x6900, 0xE8CA
    dd 0x6905, 0xEBF5
    dd 0x690D, 0xE3D5
    dd 0x690E, 0xF5D0
    dd 0x6912, 0xF5A1
    dd 0x6927, 0xD9A7
    dd 0x6930, 0xE5AB
    dd 0x693D, 0xE6CB
    dd 0x693F, 0xF5F1
    dd 0x694A, 0xE5C5
    dd 0x6953, 0xF9A3
    dd 0x6954, 0xE0DB
    dd 0x6955, 0xF6EB
    dd 0x6957, 0xCBF1
    dd 0x6959, 0xD9EA
    dd 0x695A, 0xF5A2
    dd 0x695E, 0xD7D1
    dd 0x6960, 0xD1F8
    dd 0x6961, 0xEAF8
    dd 0x6962, 0xEAF9
    dd 0x6963, 0xDAB3
    dd 0x6968, 0xEFDF
    dd 0x696B, 0xF1EF
    dd 0x696D, 0xE5F6
    dd 0x696E, 0xEEBF
    dd 0x696F, 0xE2E4
    dd 0x6975, 0xD0BF
    dd 0x6977, 0xFAAC
    dd 0x6978, 0xF5D1
    dd 0x6979, 0xE7B3
    dd 0x6995, 0xE9BE
    dd 0x699B, 0xF2CE
    dd 0x699C, 0xDBB4
    dd 0x69A5, 0xFCCE
    dd 0x69A7, 0xDDEE
    dd 0x69AE, 0xE7B4
    dd 0x69B4, 0xD7B4
    dd 0x69BB, 0xF7B4
    dd 0x69C1, 0xCDBE
    dd 0x69C3, 0xDAE9
    dd 0x69CB, 0xCFB0
    dd 0x69CC, 0xF7D9
    dd 0x69CD, 0xF3E6
    dd 0x69D0, 0xCED9
    dd 0x69E8, 0xCEAA
    dd 0x69EA, 0xCBC8
    dd 0x69FB, 0xD0A7
    dd 0x69FD, 0xF0CB
    dd 0x69FF, 0xD0C7
    dd 0x6A02, 0xE4C5
    dd 0x6A0A, 0xDBE0
    dd 0x6A11, 0xD5DA
    dd 0x6A13, 0xD7A7
    dd 0x6A17, 0xEEC0
    dd 0x6A19, 0xF8F6
    dd 0x6A1E, 0xF5D2
    dd 0x6A1F, 0xEDE9
    dd 0x6A21, 0xD9BC
    dd 0x6A23, 0xE5C6
    dd 0x6A35, 0xF5A3
    dd 0x6A38, 0xDAD4
    dd 0x6A39, 0xE2A7
    dd 0x6A3A, 0xFBFC
    dd 0x6A3D, 0xF1DC
    dd 0x6A44, 0xCAF4
    dd 0x6A48, 0xE8FA
    dd 0x6A4B, 0xCEE9
    dd 0x6A52, 0xE9F8
    dd 0x6A53, 0xE2E5
    dd 0x6A58, 0xD0B9
    dd 0x6A59, 0xD4F2
    dd 0x6A5F, 0xD1A6
    dd 0x6A61, 0xDFCE
    dd 0x6A6B, 0xFCF4
    dd 0x6A80, 0xD3AA
    dd 0x6A84, 0xCCAC
    dd 0x6A89, 0xEFE0
    dd 0x6A8D, 0xE5E5
    dd 0x6A8E, 0xD0D5
    dd 0x6A97, 0xDBFC
    dd 0x6A9C, 0xFCE6
    dd 0x6AA2, 0xCBFE
    dd 0x6AA3, 0xEDEA
    dd 0x6AB3, 0xDEB1
    dd 0x6ABB, 0xF9E3
    dd 0x6AC2, 0xD4A2
    dd 0x6AC3, 0xCFF6
    dd 0x6AD3, 0xD6D0
    dd 0x6ADA, 0xD5EA
    dd 0x6ADB, 0xF1EE
    dd 0x6AF6, 0xFACB
    dd 0x6AFB, 0xE5A1
    dd 0x6B04, 0xD5B1
    dd 0x6B0A, 0xCFED
    dd 0x6B0C, 0xEDEB
    dd 0x6B12, 0xD5B2
    dd 0x6B16, 0xD5BC
    dd 0x6B20, 0xFDE2
    dd 0x6B21, 0xF3AD
    dd 0x6B23, 0xFDDB
    dd 0x6B32, 0xE9B0
    dd 0x6B3A, 0xD1A7
    dd 0x6B3D, 0xFDE3
    dd 0x6B3E, 0xCEB3
    dd 0x6B46, 0xFDE4
    dd 0x6B47, 0xFACE
    dd 0x6B4C, 0xCAB0
    dd 0x6B4E, 0xF7A7
    dd 0x6B50, 0xCFB1
    dd 0x6B5F, 0xE6A2
    dd 0x6B61, 0xFCB6
    dd 0x6B62, 0xF2AD
    dd 0x6B63, 0xEFE1
    dd 0x6B64, 0xF3AE
    dd 0x6B65, 0xDCC6
    dd 0x6B66, 0xD9EB
    dd 0x6B6A, 0xE8E0
    dd 0x6B72, 0xE1A8
    dd 0x6B77, 0xD5F6
    dd 0x6B78, 0xCFFD
    dd 0x6B7B, 0xDEDD
    dd 0x6B7F, 0xD9D1
    dd 0x6B83, 0xE4EA
    dd 0x6B84, 0xF2CF
    dd 0x6B86, 0xF7BF
    dd 0x6B89, 0xE2E6
    dd 0x6B8A, 0xE2A8
    dd 0x6B96, 0xE3D6
    dd 0x6B98, 0xEDD1
    dd 0x6B9E, 0xE9F9
    dd 0x6BAE, 0xD6B1
    dd 0x6BAF, 0xDEB2
    dd 0x6BB2, 0xE0E8
    dd 0x6BB5, 0xD3AB
    dd 0x6BB7, 0xEBDC
    dd 0x6BBA, 0xDFAF
    dd 0x6BBC, 0xCAC3
    dd 0x6BBF, 0xEEFC
    dd 0x6BC1, 0xFDC3
    dd 0x6BC5, 0xEBF6
    dd 0x6BC6, 0xCFB2
    dd 0x6BCB, 0xD9EC
    dd 0x6BCD, 0xD9BD
    dd 0x6BCF, 0xD8DF
    dd 0x6BD2, 0xD4B8
    dd 0x6BD3, 0xEBBE
    dd 0x6BD4, 0xDDEF
    dd 0x6BD6, 0xDDF0
    dd 0x6BD7, 0xDDF1
    dd 0x6BD8, 0xDDF2
    dd 0x6BDB, 0xD9BE
    dd 0x6BEB, 0xFBC6
    dd 0x6BEC, 0xCFB3
    dd 0x6C08, 0xEEFD
    dd 0x6C0F, 0xE4AB
    dd 0x6C11, 0xDAC5
    dd 0x6C13, 0xD8EC
    dd 0x6C23, 0xD1A8
    dd 0x6C34, 0xE2A9
    dd 0x6C37, 0xDEBC
    dd 0x6C38, 0xE7B5
    dd 0x6C3E, 0xDBF0
    dd 0x6C40, 0xEFE2
    dd 0x6C41, 0xF1F0
    dd 0x6C42, 0xCFB4
    dd 0x6C4E, 0xDBF1
    dd 0x6C50, 0xE0B1
    dd 0x6C55, 0xDFA5
    dd 0x6C57, 0xF9D2
    dd 0x6C5A, 0xE7FD
    dd 0x6C5D, 0xE6A3
    dd 0x6C5E, 0xFBF1
    dd 0x6C5F, 0xCBB0
    dd 0x6C60, 0xF2AE
    dd 0x6C68, 0xCDE7
    dd 0x6C6A, 0xE8DC
    dd 0x6C6D, 0xE7D7
    dd 0x6C70, 0xF7C0
    dd 0x6C72, 0xD0E3
    dd 0x6C76, 0xDAA1
    dd 0x6C7A, 0xCCBD
    dd 0x6C7D, 0xD1A9
    dd 0x6C7E, 0xDDCC
    dd 0x6C81, 0xE3FE
    dd 0x6C82, 0xD1AA
    dd 0x6C83, 0xE8AA
    dd 0x6C85, 0xEAB6
    dd 0x6C86, 0xF9FA
    dd 0x6C87, 0xE6CC
    dd 0x6C88, 0xF6D8
    dd 0x6C8C, 0xD4C7
    dd 0x6C90, 0xD9CB
    dd 0x6C92, 0xD9D2
    dd 0x6C93, 0xD3CB
    dd 0x6C94, 0xD8F7
    dd 0x6C95, 0xDAA9
    dd 0x6C96, 0xF5F8
    dd 0x6C99, 0xDEDE
    dd 0x6C9A, 0xF2AF
    dd 0x6C9B, 0xF8A9
    dd 0x6CAB, 0xD8C8
    dd 0x6CAE, 0xEEC1
    dd 0x6CB3, 0xF9C1
    dd 0x6CB8, 0xDDF3
    dd 0x6CB9, 0xEAFA
    dd 0x6CBB, 0xF6BD
    dd 0x6CBC, 0xE1BB
    dd 0x6CBD, 0xCDBF
    dd 0x6CBE, 0xF4D4
    dd 0x6CBF, 0xE6CD
    dd 0x6CC1, 0xFCCF
    dd 0x6CC2, 0xFBA2
    dd 0x6CC4, 0xE0DC
    dd 0x6CC9, 0xF4BB
    dd 0x6CCA, 0xDAD5
    dd 0x6CCC, 0xF9B2
    dd 0x6CD3, 0xFBF2
    dd 0x6CD5, 0xDBF6
    dd 0x6CD7, 0xDEDF
    dd 0x6CDB, 0xDBF2
    dd 0x6CE1, 0xF8DC
    dd 0x6CE2, 0xF7EE
    dd 0x6CE3, 0xEBE8
    dd 0x6CE5, 0xD2FA
    dd 0x6CE8, 0xF1BC
    dd 0x6CEB, 0xFADA
    dd 0x6CEE, 0xDAEA
    dd 0x6CEF, 0xDAC6
    dd 0x6CF0, 0xF7C1
    dd 0x6CF3, 0xE7B6
    dd 0x6D0B, 0xE5C7
    dd 0x6D0C, 0xD6AC
    dd 0x6D11, 0xDCC7
    dd 0x6D17, 0xE1A9
    dd 0x6D19, 0xE2AA
    dd 0x6D1B, 0xD5A6
    dd 0x6D1E, 0xD4D7
    dd 0x6D25, 0xF2D0
    dd 0x6D27, 0xEAFB
    dd 0x6D29, 0xE0DD
    dd 0x6D2A, 0xFBF3
    dd 0x6D32, 0xF1BD
    dd 0x6D35, 0xE2E7
    dd 0x6D36, 0xFDD7
    dd 0x6D38, 0xCEC8
    dd 0x6D39, 0xEAB7
    dd 0x6D3B, 0xFCC0
    dd 0x6D3D, 0xFDE7
    dd 0x6D3E, 0xF7EF
    dd 0x6D41, 0xD7B5
    dd 0x6D59, 0xEFBA
    dd 0x6D5A, 0xF1DD
    dd 0x6D5C, 0xDEB3
    dd 0x6D63, 0xE8CB
    dd 0x6D66, 0xF8DD
    dd 0x6D69, 0xFBC7
    dd 0x6D6A, 0xD5C8
    dd 0x6D6C, 0xD7DF
    dd 0x6D6E, 0xDDA9
    dd 0x6D74, 0xE9B1
    dd 0x6D77, 0xFAAD
    dd 0x6D78, 0xF6D9
    dd 0x6D79, 0xFAF4
    dd 0x6D7F, 0xF8AA
    dd 0x6D85, 0xE6EE
    dd 0x6D87, 0xCCDC
    dd 0x6D88, 0xE1BC
    dd 0x6D89, 0xE0EF
    dd 0x6D8C, 0xE9BF
    dd 0x6D8D, 0xFCFD
    dd 0x6D8E, 0xE6CE
    dd 0x6D91, 0xE1D7
    dd 0x6D93, 0xE6CF
    dd 0x6D95, 0xF4F1
    dd 0x6DAF, 0xE4F3
    dd 0x6DB2, 0xE4FB
    dd 0x6DB5, 0xF9E4
    dd 0x6DC0, 0xEFE3
    dd 0x6DC3, 0xCFEE
    dd 0x6DC4, 0xF6BE
    dd 0x6DC5, 0xE0B2
    dd 0x6DC6, 0xFCFE
    dd 0x6DC7, 0xD1AB
    dd 0x6DCB, 0xD7FA
    dd 0x6DCF, 0xFBC8
    dd 0x6DD1, 0xE2D7
    dd 0x6DD8, 0xD4A3
    dd 0x6DD9, 0xF0F8
    dd 0x6DDA, 0xD7A8
    dd 0x6DDE, 0xE1E7
    dd 0x6DE1, 0xD3BF
    dd 0x6DE8, 0xEFE4
    dd 0x6DEA, 0xD7C5
    dd 0x6DEB, 0xEBE2
    dd 0x6DEE, 0xFCE7
    dd 0x6DF1, 0xE4A2
    dd 0x6DF3, 0xE2E8
    dd 0x6DF5, 0xE6D0
    dd 0x6DF7, 0xFBE8
    dd 0x6DF8, 0xF4E8
    dd 0x6DF9, 0xE5F4
    dd 0x6DFA, 0xF4BC
    dd 0x6DFB, 0xF4D5
    dd 0x6E17, 0xDFB6
    dd 0x6E19, 0xFCB9
    dd 0x6E1A, 0xEEC2
    dd 0x6E1B, 0xCAF5
    dd 0x6E1F, 0xEFE5
    dd 0x6E20, 0xCBE2
    dd 0x6E21, 0xD4A4
    dd 0x6E23, 0xDEE0
    dd 0x6E24, 0xDAFD
    dd 0x6E25, 0xE4C6
    dd 0x6E26, 0xE8BE
    dd 0x6E2B, 0xE0DE
    dd 0x6E2C, 0xF6B4
    dd 0x6E2D, 0xEAD2
    dd 0x6E2F, 0xF9FB
    dd 0x6E32, 0xE0C2
    dd 0x6E34, 0xCAE4
    dd 0x6E36, 0xE7B7
    dd 0x6E38, 0xEAFD
    dd 0x6E3A, 0xD9DD
    dd 0x6E3C, 0xDAB4
    dd 0x6E3D, 0xEEAA
    dd 0x6E3E, 0xFBE9
    dd 0x6E43, 0xDBCB
    dd 0x6E44, 0xDAB5
    dd 0x6E4A, 0xF1BE
    dd 0x6E4D, 0xD3AC
    dd 0x6E56, 0xFBC9
    dd 0x6E58, 0xDFCF
    dd 0x6E5B, 0xD3C0
    dd 0x6E5C, 0xE3D7
    dd 0x6E5E, 0xEFE6
    dd 0x6E5F, 0xFCD0
    dd 0x6E67, 0xE9C0
    dd 0x6E6B, 0xF5D3
    dd 0x6E6E, 0xECDC
    dd 0x6E6F, 0xF7B7
    dd 0x6E72, 0xEAB8
    dd 0x6E73, 0xD1F9
    dd 0x6E7A, 0xDCC8
    dd 0x6E90, 0xEAB9
    dd 0x6E96, 0xF1DE
    dd 0x6E9C, 0xD7B6
    dd 0x6E9D, 0xCFB5
    dd 0x6E9F, 0xD9A8
    dd 0x6EA2, 0xECEE
    dd 0x6EA5, 0xDDAA
    dd 0x6EAA, 0xCDA2
    dd 0x6EAB, 0xE8AE
    dd 0x6EAF, 0xE1BD
    dd 0x6EB1, 0xF2D1
    dd 0x6EB6, 0xE9C1
    dd 0x6EBA, 0xD2FC
    dd 0x6EC2, 0xDBB5
    dd 0x6EC4, 0xF3E7
    dd 0x6EC5, 0xD8FE
    dd 0x6EC9, 0xFCD1
    dd 0x6ECB, 0xEDB2
    dd 0x6ECC, 0xF4AF
    dd 0x6ECE, 0xFBA3
    dd 0x6ED1, 0xFCC1
    dd 0x6ED3, 0xEEAB
    dd 0x6ED4, 0xD4A5
    dd 0x6EEF, 0xF4F2
    dd 0x6EF4, 0xEED9
    dd 0x6EF8, 0xFBCA
    dd 0x6EFE, 0xCDE3
    dd 0x6EFF, 0xD8BB
    dd 0x6F01, 0xE5DB
    dd 0x6F02, 0xF8F7
    dd 0x6F06, 0xF6D4
    dd 0x6F0F, 0xD7A9
    dd 0x6F11, 0xCBC9
    dd 0x6F14, 0xE6D1
    dd 0x6F15, 0xF0CC
    dd 0x6F20, 0xD8AE
    dd 0x6F22, 0xF9D3
    dd 0x6F23, 0xD5FE
    dd 0x6F2B, 0xD8BC
    dd 0x6F2C, 0xF2B0
    dd 0x6F31, 0xE2AB
    dd 0x6F32, 0xF3E8
    dd 0x6F38, 0xEFC2
    dd 0x6F3F, 0xEDEC
    dd 0x6F41, 0xE7B8
    dd 0x6F51, 0xDAFE
    dd 0x6F54, 0xCCBE
    dd 0x6F57, 0xF2FC
    dd 0x6F58, 0xDAEB
    dd 0x6F5A, 0xE2D8
    dd 0x6F5B, 0xEDD6
    dd 0x6F5E, 0xD6D1
    dd 0x6F5F, 0xE0B3
    dd 0x6F62, 0xFCD2
    dd 0x6F64, 0xEBC8
    dd 0x6F6D, 0xD3C1
    dd 0x6F6E, 0xF0CD
    dd 0x6F70, 0xCFF7
    dd 0x6F7A, 0xEDD2
    dd 0x6F7C, 0xD4D8
    dd 0x6F7D, 0xDCC9
    dd 0x6F7E, 0xD7F1
    dd 0x6F81, 0xDFBB
    dd 0x6F84, 0xF3A5
    dd 0x6F88, 0xF4CD
    dd 0x6F8D, 0xF1BF
    dd 0x6F8E, 0xF8B1
    dd 0x6F90, 0xE9FA
    dd 0x6F94, 0xFBCB
    dd 0x6F97, 0xCAD5
    dd 0x6FA3, 0xF9D4
    dd 0x6FA4, 0xF7CA
    dd 0x6FA7, 0xD6C8
    dd 0x6FAE, 0xFCE8
    dd 0x6FAF, 0xF3BD
    dd 0x6FB1, 0xEEFE
    dd 0x6FB3, 0xE7FE
    dd 0x6FB9, 0xD3C2
    dd 0x6FBE, 0xD3B6
    dd 0x6FC0, 0xCCAD
    dd 0x6FC1, 0xF6FA
    dd 0x6FC2, 0xD6B2
    dd 0x6FC3, 0xD2D8
    dd 0x6FCA, 0xE7D8
    dd 0x6FD5, 0xE3A5
    dd 0x6FDA, 0xE7B9
    dd 0x6FDF, 0xF0AD
    dd 0x6FE0, 0xFBCC
    dd 0x6FE1, 0xEBA1
    dd 0x6FE4, 0xD4A6
    dd 0x6FE9, 0xFBCD
    dd 0x6FEB, 0xD5BD
    dd 0x6FEC, 0xF1DF
    dd 0x6FEF, 0xF6FB
    dd 0x6FF1, 0xDEB4
    dd 0x6FFE, 0xD5EB
    dd 0x7001, 0xE5C8
    dd 0x7005, 0xFBA4
    dd 0x7006, 0xD4B9
    dd 0x7009, 0xDEE1
    dd 0x700B, 0xE4A3
    dd 0x700F, 0xD7B7
    dd 0x7011, 0xF8EE
    dd 0x7015, 0xDEB5
    dd 0x7018, 0xD6D2
    dd 0x701A, 0xF9D5
    dd 0x701B, 0xE7BA
    dd 0x701C, 0xEBD5
    dd 0x701D, 0xD5F7
    dd 0x701E, 0xEFE7
    dd 0x701F, 0xE1BE
    dd 0x7023, 0xFAAE
    dd 0x7027, 0xD6E9
    dd 0x7028, 0xD6EE
    dd 0x702F, 0xE7BB
    dd 0x7037, 0xECCB
    dd 0x703E, 0xD5B3
    dd 0x704C, 0xCEB4
    dd 0x7050, 0xFBA5
    dd 0x7051, 0xE1EE
    dd 0x7058, 0xF7A8
    dd 0x705D, 0xFBCE
    dd 0x7063, 0xD8BD
    dd 0x706B, 0xFBFD
    dd 0x7070, 0xFCE9
    dd 0x7078, 0xCFB6
    dd 0x707C, 0xEDC7
    dd 0x707D, 0xEEAC
    dd 0x7085, 0xCCDD
    dd 0x708A, 0xF6A7
    dd 0x708E, 0xE6FA
    dd 0x7092, 0xF5A4
    dd 0x7098, 0xFDDC
    dd 0x7099, 0xEDB3
    dd 0x709A, 0xCEC9
    dd 0x70A1, 0xEFE8
    dd 0x70A4, 0xE1BF
    dd 0x70AB, 0xFADB
    dd 0x70AC, 0xCBE3
    dd 0x70AD, 0xF7A9
    dd 0x70AF, 0xFBA6
    dd 0x70B3, 0xDCB9
    dd 0x70B7, 0xF1C0
    dd 0x70B8, 0xEDC8
    dd 0x70B9, 0xEFC3
    dd 0x70C8, 0xD6AD
    dd 0x70CB, 0xFDCE
    dd 0x70CF, 0xE8A1
    dd 0x70D8, 0xFBF4
    dd 0x70D9, 0xD5A7
    dd 0x70DD, 0xF1F6
    dd 0x70DF, 0xE6D3
    dd 0x70F1, 0xCCDE
    dd 0x70F9, 0xF8B2
    dd 0x70FD, 0xDCEB
    dd 0x7104, 0xFDB6
    dd 0x7109, 0xE5EA
    dd 0x710C, 0xF1E0
    dd 0x7119, 0xDBCC
    dd 0x711A, 0xDDCD
    dd 0x711E, 0xD4C8
    dd 0x7121, 0xD9ED
    dd 0x7126, 0xF5A5
    dd 0x7130, 0xE6FB
    dd 0x7136, 0xE6D4
    dd 0x7147, 0xFDC8
    dd 0x7149, 0xD6A1
    dd 0x714A, 0xFDBF
    dd 0x714C, 0xFCD3
    dd 0x714E, 0xEFA1
    dd 0x7150, 0xE7BC
    dd 0x7156, 0xD1EE
    dd 0x7159, 0xE6D5
    dd 0x715C, 0xE9F2
    dd 0x715E, 0xDFB0
    dd 0x7164, 0xD8E0
    dd 0x7165, 0xFCBA
    dd 0x7166, 0xFDAF
    dd 0x7167, 0xF0CE
    dd 0x7169, 0xDBE1
    dd 0x716C, 0xE5C9
    dd 0x716E, 0xEDB4
    dd 0x717D, 0xE0C3
    dd 0x7184, 0xE3D8
    dd 0x7189, 0xE9FB
    dd 0x718A, 0xEAA8
    dd 0x718F, 0xFDB7
    dd 0x7192, 0xFBA7
    dd 0x7194, 0xE9C2
    dd 0x7199, 0xFDF7
    dd 0x719F, 0xE2D9
    dd 0x71A2, 0xDCEC
    dd 0x71AC, 0xE8A2
    dd 0x71B1, 0xE6F0
    dd 0x71B9, 0xFDF8
    dd 0x71BA, 0xFDF9
    dd 0x71BE, 0xF6BF
    dd 0x71C1, 0xE7A7
    dd 0x71C3, 0xE6D7
    dd 0x71C8, 0xD4F3
    dd 0x71C9, 0xD4C9
    dd 0x71CE, 0xD6FA
    dd 0x71D0, 0xD7F2
    dd 0x71D2, 0xE1C0
    dd 0x71D4, 0xDBE2
    dd 0x71D5, 0xE6D8
    dd 0x71DF, 0xE7BD
    dd 0x71E5, 0xF0CF
    dd 0x71E6, 0xF3BE
    dd 0x71E7, 0xE2AC
    dd 0x71ED, 0xF5B7
    dd 0x71EE, 0xE0F0
    dd 0x71FB, 0xFDB8
    dd 0x71FC, 0xE3E8
    dd 0x71FE, 0xD4A7
    dd 0x71FF, 0xE8FC
    dd 0x7200, 0xFAD2
    dd 0x7206, 0xF8EF
    dd 0x7210, 0xD6D3
    dd 0x721B, 0xD5B4
    dd 0x722A, 0xF0D0
    dd 0x722C, 0xF7F0
    dd 0x722D, 0xEEB3
    dd 0x7230, 0xEABA
    dd 0x7232, 0xEAD3
    dd 0x7235, 0xEDC9
    dd 0x7236, 0xDDAB
    dd 0x723A, 0xE5AC
    dd 0x723B, 0xFDA1
    dd 0x723D, 0xDFD0
    dd 0x723E, 0xECB3
    dd 0x7240, 0xDFD1
    dd 0x7246, 0xEDED
    dd 0x7247, 0xF8B8
    dd 0x7248, 0xF7FA
    dd 0x724C, 0xF8AB
    dd 0x7252, 0xF4E0
    dd 0x7258, 0xD4BA
    dd 0x7259, 0xE4B3
    dd 0x725B, 0xE9DA
    dd 0x725D, 0xDEB6
    dd 0x725F, 0xD9BF
    dd 0x7261, 0xD9C0
    dd 0x7262, 0xD6EF
    dd 0x7267, 0xD9CC
    dd 0x7269, 0xDAAA
    dd 0x7272, 0xDFE5
    dd 0x7279, 0xF7E5
    dd 0x727D, 0xCCB2
    dd 0x7280, 0xDFF9
    dd 0x7281, 0xD7E0
    dd 0x72A2, 0xD4BB
    dd 0x72A7, 0xFDFA
    dd 0x72AC, 0xCCB3
    dd 0x72AF, 0xDBF3
    dd 0x72C0, 0xDFD2
    dd 0x72C2, 0xCECA
    dd 0x72C4, 0xEEDA
    dd 0x72CE, 0xE4E4
    dd 0x72D0, 0xFBCF
    dd 0x72D7, 0xCFB7
    dd 0x72D9, 0xEEC3
    dd 0x72E1, 0xCEEA
    dd 0x72E9, 0xE2AD
    dd 0x72F8, 0xD7E1
    dd 0x72F9, 0xFAF5
    dd 0x72FC, 0xD5C9
    dd 0x72FD, 0xF8AC
    dd 0x730A, 0xE7D9
    dd 0x7316, 0xF3E9
    dd 0x731B, 0xD8ED
    dd 0x731C, 0xE3C4
    dd 0x731D, 0xF0F1
    dd 0x7325, 0xE8E5
    dd 0x7329, 0xE0FA
    dd 0x732A, 0xEEC4
    dd 0x732B, 0xD9DE
    dd 0x7336, 0xEBA2
    dd 0x7337, 0xEBA3
    dd 0x733E, 0xFCC2
    dd 0x733F, 0xEABB
    dd 0x7344, 0xE8AB
    dd 0x7345, 0xDEE2
    dd 0x7350, 0xEDEF
    dd 0x7352, 0xE8A3
    dd 0x7357, 0xCFF1
    dd 0x7368, 0xD4BC
    dd 0x736A, 0xFCEA
    dd 0x7370, 0xE7BE
    dd 0x7372, 0xFCF2
    dd 0x7375, 0xD6B4
    dd 0x7378, 0xE2AE
    dd 0x737A, 0xD3B7
    dd 0x737B, 0xFACC
    dd 0x7384, 0xFADC
    dd 0x7386, 0xEDB5
    dd 0x7387, 0xE1E3
    dd 0x7389, 0xE8AC
    dd 0x738B, 0xE8DD
    dd 0x738E, 0xEFE9
    dd 0x7394, 0xF4BD
    dd 0x7396, 0xCFB8
    dd 0x7397, 0xE9DB
    dd 0x7398, 0xD1AC
    dd 0x739F, 0xDAC7
    dd 0x73A7, 0xEBC9
    dd 0x73A9, 0xE8CC
    dd 0x73AD, 0xDEB7
    dd 0x73B2, 0xD6BC
    dd 0x73B3, 0xD3E5
    dd 0x73B9, 0xFADD
    dd 0x73C0, 0xDAD6
    dd 0x73C2, 0xCAB1
    dd 0x73C9, 0xDAC8
    dd 0x73CA, 0xDFA6
    dd 0x73CC, 0xF9B3
    dd 0x73CD, 0xF2D2
    dd 0x73CF, 0xCAC4
    dd 0x73D6, 0xCECB
    dd 0x73D9, 0xCDF5
    dd 0x73DD, 0xFDB0
    dd 0x73DE, 0xD5A8
    dd 0x73E0, 0xF1C1
    dd 0x73E3, 0xE2E9
    dd 0x73E4, 0xDCCA
    dd 0x73E5, 0xECB4
    dd 0x73E6, 0xFAC0
    dd 0x73E9, 0xFBA8
    dd 0x73EA, 0xD0A8
    dd 0x73ED, 0xDAEC
    dd 0x73F7, 0xD9EE
    dd 0x73F9, 0xE0FB
    dd 0x73FD, 0xEFEA
    dd 0x73FE, 0xFADE
    dd 0x7401, 0xE0C4
    dd 0x7403, 0xCFB9
    dd 0x7405, 0xD5CA
    dd 0x7406, 0xD7E2
    dd 0x7407, 0xE2AF
    dd 0x7409, 0xD7B8
    dd 0x7413, 0xE8CD
    dd 0x741B, 0xF6DA
    dd 0x7420, 0xEFA2
    dd 0x7421, 0xE2DA
    dd 0x7422, 0xF6FC
    dd 0x7425, 0xFBD0
    dd 0x7426, 0xD1AD
    dd 0x7428, 0xCDE4
    dd 0x742A, 0xD1AE
    dd 0x742B, 0xDCED
    dd 0x742C, 0xE8CE
    dd 0x742E, 0xF0F9
    dd 0x742F, 0xCEB5
    dd 0x7430, 0xE6FC
    dd 0x7433, 0xD7FB
    dd 0x7434, 0xD0D6
    dd 0x7435, 0xDDF5
    dd 0x7436, 0xF7F1
    dd 0x7438, 0xF6FD
    dd 0x743A, 0xDBF7
    dd 0x743F, 0xFBEA
    dd 0x7440, 0xE9DC
    dd 0x7441, 0xD9C1
    dd 0x7443, 0xF5F2
    dd 0x7444, 0xE0C5
    dd 0x744B, 0xEAD4
    dd 0x7455, 0xF9C2
    dd 0x7457, 0xEABC
    dd 0x7459, 0xD2C5
    dd 0x745A, 0xFBD1
    dd 0x745B, 0xE7C0
    dd 0x745C, 0xEBA5
    dd 0x745E, 0xDFFA
    dd 0x745F, 0xE3A2
    dd 0x7460, 0xD7B9
    dd 0x7462, 0xE9C3
    dd 0x7464, 0xE8FD
    dd 0x7465, 0xE8AF
    dd 0x7468, 0xF2D3
    dd 0x7469, 0xFBA9
    dd 0x746A, 0xD8A5
    dd 0x746F, 0xD5CB
    dd 0x747E, 0xD0C8
    dd 0x7482, 0xD1AF
    dd 0x7483, 0xD7E3
    dd 0x7487, 0xE0C6
    dd 0x7489, 0xD6A2
    dd 0x748B, 0xEDF0
    dd 0x7498, 0xD7F3
    dd 0x749C, 0xFCD4
    dd 0x749E, 0xDAD7
    dd 0x749F, 0xCCDF
    dd 0x74A1, 0xF2D4
    dd 0x74A3, 0xD1B0
    dd 0x74A5, 0xCCE0
    dd 0x74A7, 0xDBFD
    dd 0x74A8, 0xF3BF
    dd 0x74AA, 0xF0D1
    dd 0x74B0, 0xFCBB
    dd 0x74B2, 0xE2B0
    dd 0x74B5, 0xE6A5
    dd 0x74B9, 0xE2DB
    dd 0x74BD, 0xDFDE
    dd 0x74BF, 0xE0C7
    dd 0x74C6, 0xF2EF
    dd 0x74CA, 0xCCE1
    dd 0x74CF, 0xD6EA
    dd 0x74D4, 0xE7C2
    dd 0x74D8, 0xCEB6
    dd 0x74DA, 0xF3C0
    dd 0x74DC, 0xCDFE
    dd 0x74E0, 0xFBD2
    dd 0x74E2, 0xF8F8
    dd 0x74E3, 0xF7FB
    dd 0x74E6, 0xE8BF
    dd 0x74EE, 0xE8B7
    dd 0x74F7, 0xEDB6
    dd 0x7501, 0xDCBA
    dd 0x7504, 0xCCB4
    dd 0x7511, 0xF1F7
    dd 0x7515, 0xE8B8
    dd 0x7518, 0xCAF6
    dd 0x751A, 0xE4A4
    dd 0x751B, 0xF4D6
    dd 0x751F, 0xDFE6
    dd 0x7523, 0xDFA7
    dd 0x7525, 0xDFE7
    dd 0x7526, 0xE1C1
    dd 0x7528, 0xE9C4
    dd 0x752B, 0xDCCB
    dd 0x752C, 0xE9C5
    dd 0x7530, 0xEFA3
    dd 0x7531, 0xEBA6
    dd 0x7532, 0xCBA3
    dd 0x7533, 0xE3E9
    dd 0x7537, 0xD1FB
    dd 0x7538, 0xEFA4
    dd 0x753A, 0xEFEB
    dd 0x7547, 0xD0B4
    dd 0x754C, 0xCDA3
    dd 0x754F, 0xE8E6
    dd 0x7551, 0xEFA5
    dd 0x7553, 0xD3CC
    dd 0x7554, 0xDAED
    dd 0x7559, 0xD7BA
    dd 0x755B, 0xF2D5
    dd 0x755C, 0xF5E5
    dd 0x755D, 0xD9EF
    dd 0x7562, 0xF9B4
    dd 0x7565, 0xD5D4
    dd 0x7566, 0xFDCF
    dd 0x756A, 0xDBE3
    dd 0x756F, 0xF1E1
    dd 0x7570, 0xECB6
    dd 0x7575, 0xFBFE
    dd 0x7576, 0xD3D7
    dd 0x7578, 0xD1B1
    dd 0x757A, 0xCBB1
    dd 0x757F, 0xD1B2
    dd 0x7586, 0xCBB2
    dd 0x7587, 0xF1C2
    dd 0x758A, 0xF4E1
    dd 0x758B, 0xF9B5
    dd 0x758E, 0xE1C3
    dd 0x758F, 0xE1C2
    dd 0x7591, 0xEBF7
    dd 0x759D, 0xDFA8
    dd 0x75A5, 0xCBCA
    dd 0x75AB, 0xE6B9
    dd 0x75B1, 0xF8DE
    dd 0x75B2, 0xF9AA
    dd 0x75B3, 0xCAF7
    dd 0x75B5, 0xEDB7
    dd 0x75B8, 0xD3B8
    dd 0x75B9, 0xF2D6
    dd 0x75BC, 0xD4D9
    dd 0x75BD, 0xEEC5
    dd 0x75BE, 0xF2F0
    dd 0x75C2, 0xCAB2
    dd 0x75C5, 0xDCBB
    dd 0x75C7, 0xF1F8
    dd 0x75CD, 0xECB7
    dd 0x75D2, 0xE5CA
    dd 0x75D4, 0xF6C0
    dd 0x75D5, 0xFDDD
    dd 0x75D8, 0xD4E3
    dd 0x75D9, 0xCCE2
    dd 0x75DB, 0xF7D4
    dd 0x75E2, 0xD7E5
    dd 0x75F0, 0xD3C3
    dd 0x75F2, 0xD8A6
    dd 0x75F4, 0xF6C1
    dd 0x75FA, 0xDDF6
    dd 0x75FC, 0xCDC0
    dd 0x7600, 0xE5DC
    dd 0x760D, 0xE5CB
    dd 0x7619, 0xE1C4
    dd 0x761F, 0xE8B0
    dd 0x7620, 0xF4B0
    dd 0x7621, 0xF3EA
    dd 0x7622, 0xDAEE
    dd 0x7624, 0xD7BB
    dd 0x7626, 0xE2B1
    dd 0x763B, 0xD7AA
    dd 0x7642, 0xD6FB
    dd 0x764C, 0xE4DF
    dd 0x764E, 0xCAD6
    dd 0x7652, 0xEBA8
    dd 0x7656, 0xDBFE
    dd 0x7661, 0xF6C2
    dd 0x7664, 0xEFBB
    dd 0x7669, 0xD4FD
    dd 0x766C, 0xE0C8
    dd 0x7670, 0xE8B9
    dd 0x7672, 0xEFA6
    dd 0x7678, 0xCDA4
    dd 0x767B, 0xD4F4
    dd 0x767C, 0xDBA1
    dd 0x767D, 0xDBDC
    dd 0x767E, 0xDBDD
    dd 0x7684, 0xEEDC
    dd 0x7686, 0xCBCB
    dd 0x7687, 0xFCD5
    dd 0x768E, 0xCEEB
    dd 0x7690, 0xCDC1
    dd 0x7693, 0xFBD3
    dd 0x76AE, 0xF9AB
    dd 0x76BA, 0xF5D4
    dd 0x76BF, 0xD9A9
    dd 0x76C2, 0xE9DD
    dd 0x76C3, 0xDBCD
    dd 0x76C6, 0xDDCE
    dd 0x76C8, 0xE7C3
    dd 0x76CA, 0xECCC
    dd 0x76D2, 0xF9EC
    dd 0x76D6, 0xCBCC
    dd 0x76DB, 0xE0FC
    dd 0x76DC, 0xD4A8
    dd 0x76DE, 0xEDD3
    dd 0x76DF, 0xD8EF
    dd 0x76E1, 0xF2D7
    dd 0x76E3, 0xCAF8
    dd 0x76E4, 0xDAEF
    dd 0x76E7, 0xD6D4
    dd 0x76EE, 0xD9CD
    dd 0x76F2, 0xD8EE
    dd 0x76F4, 0xF2C1
    dd 0x76F8, 0xDFD3
    dd 0x76FC, 0xDAF0
    dd 0x76FE, 0xE2EA
    dd 0x7701, 0xE0FD
    dd 0x7704, 0xD8F8
    dd 0x7708, 0xF7AF
    dd 0x7709, 0xDAB6
    dd 0x770B, 0xCAD7
    dd 0x771E, 0xF2D8
    dd 0x7720, 0xD8F9
    dd 0x7729, 0xFADF
    dd 0x7737, 0xCFEF
    dd 0x7738, 0xD9C2
    dd 0x773A, 0xF0D2
    dd 0x773C, 0xE4D1
    dd 0x7740, 0xF3B7
    dd 0x774D, 0xFAE0
    dd 0x775B, 0xEFEC
    dd 0x7761, 0xE2B2
    dd 0x7763, 0xD4BD
    dd 0x7766, 0xD9CE
    dd 0x776B, 0xF4E2
    dd 0x7779, 0xD4A9
    dd 0x777E, 0xCDC2
    dd 0x777F, 0xE7DA
    dd 0x778B, 0xF2D9
    dd 0x7791, 0xD9AA
    dd 0x779E, 0xD8BE
    dd 0x77A5, 0xDCAD
    dd 0x77AC, 0xE2EB
    dd 0x77AD, 0xD6FC
    dd 0x77B0, 0xCAF9
    dd 0x77B3, 0xD4DA
    dd 0x77BB, 0xF4D7
    dd 0x77BC, 0xCCA1
    dd 0x77BF, 0xCFBA
    dd 0x77D7, 0xF5B8
    dd 0x77DB, 0xD9C3
    dd 0x77DC, 0xD0E8
    dd 0x77E2, 0xE3C5
    dd 0x77E3, 0xEBF8
    dd 0x77E5, 0xF2B1
    dd 0x77E9, 0xCFBB
    dd 0x77ED, 0xD3AD
    dd 0x77EE, 0xE8E1
    dd 0x77EF, 0xCEEC
    dd 0x77F3, 0xE0B4
    dd 0x7802, 0xDEE3
    dd 0x7812, 0xDDF7
    dd 0x7825, 0xF2B2
    dd 0x7826, 0xF3F6
    dd 0x7827, 0xF6DB
    dd 0x782C, 0xD7FE
    dd 0x7832, 0xF8DF
    dd 0x7834, 0xF7F2
    dd 0x7845, 0xD0A9
    dd 0x784F, 0xE6DA
    dd 0x785D, 0xF5A6
    dd 0x786B, 0xD7BC
    dd 0x786C, 0xCCE3
    dd 0x786F, 0xE6DB
    dd 0x787C, 0xDDDD
    dd 0x7881, 0xD1B3
    dd 0x7887, 0xEFED
    dd 0x788C, 0xD6DE
    dd 0x788D, 0xE4F4
    dd 0x788E, 0xE1EF
    dd 0x7891, 0xDDF8
    dd 0x7897, 0xE8CF
    dd 0x78A3, 0xCAE5
    dd 0x78A7, 0xDCA1
    dd 0x78A9, 0xE0B5
    dd 0x78BA, 0xFCAC
    dd 0x78BB, 0xFCAD
    dd 0x78BC, 0xD8A7
    dd 0x78C1, 0xEDB8
    dd 0x78C5, 0xDBB6
    dd 0x78CA, 0xD6F0
    dd 0x78CB, 0xF3AF
    dd 0x78CE, 0xCDA5
    dd 0x78D0, 0xDAF1
    dd 0x78E8, 0xD8A8
    dd 0x78EC, 0xCCE4
    dd 0x78EF, 0xD1B4
    dd 0x78F5, 0xCAD8
    dd 0x78FB, 0xDAF2
    dd 0x7901, 0xF5A7
    dd 0x790E, 0xF5A8
    dd 0x7916, 0xE6A6
    dd 0x792A, 0xD5EC
    dd 0x792B, 0xD5F8
    dd 0x792C, 0xDAF3
    dd 0x793A, 0xE3C6
    dd 0x793E, 0xDEE4
    dd 0x7940, 0xDEE5
    dd 0x7941, 0xD1B5
    dd 0x7947, 0xD1B6
    dd 0x7948, 0xD1B7
    dd 0x7949, 0xF2B3
    dd 0x7950, 0xE9DE
    dd 0x7956, 0xF0D3
    dd 0x7957, 0xF2B4
    dd 0x795A, 0xF0D4
    dd 0x795B, 0xCBE4
    dd 0x795C, 0xFBD4
    dd 0x795D, 0xF5E6
    dd 0x795E, 0xE3EA
    dd 0x7960, 0xDEE6
    dd 0x7965, 0xDFD4
    dd 0x7968, 0xF8F9
    dd 0x796D, 0xF0AE
    dd 0x797A, 0xD1B8
    dd 0x797F, 0xD6DF
    dd 0x7981, 0xD0D7
    dd 0x798D, 0xFCA1
    dd 0x798E, 0xEFEE
    dd 0x798F, 0xDCD8
    dd 0x7991, 0xE9DF
    dd 0x79A6, 0xE5DD
    dd 0x79A7, 0xFDFB
    dd 0x79AA, 0xE0C9
    dd 0x79AE, 0xD6C9
    dd 0x79B1, 0xD4AA
    dd 0x79B3, 0xE5CC
    dd 0x79B9, 0xE9E0
    dd 0x79BD, 0xD0D8
    dd 0x79BE, 0xFCA2
    dd 0x79BF, 0xD4BE
    dd 0x79C0, 0xE2B3
    dd 0x79C1, 0xDEE7
    dd 0x79C9, 0xDCBC
    dd 0x79CA, 0xD2B6
    dd 0x79CB, 0xF5D5
    dd 0x79D1, 0xCEA1
    dd 0x79D2, 0xF5A9
    dd 0x79D5, 0xDDF9
    dd 0x79D8, 0xDDFA
    dd 0x79DF, 0xF0D5
    dd 0x79E4, 0xF6DF
    dd 0x79E6, 0xF2DA
    dd 0x79E7, 0xE4EB
    dd 0x79E9, 0xF2F1
    dd 0x79FB, 0xECB9
    dd 0x7A00, 0xFDFC
    dd 0x7A05, 0xE1AA
    dd 0x7A08, 0xCAD9
    dd 0x7A0B, 0xEFEF
    dd 0x7A0D, 0xF5AA
    dd 0x7A14, 0xECF9
    dd 0x7A17, 0xF8AD
    dd 0x7A19, 0xF2C2
    dd 0x7A1A, 0xF6C3
    dd 0x7A1C, 0xD7D2
    dd 0x7A1F, 0xF9A2
    dd 0x7A20, 0xF0D6
    dd 0x7A2E, 0xF0FA
    dd 0x7A31, 0xF6E0
    dd 0x7A36, 0xE9F3
    dd 0x7A37, 0xF2C3
    dd 0x7A3B, 0xD4AB
    dd 0x7A3C, 0xCAB3
    dd 0x7A3D, 0xCDA6
    dd 0x7A3F, 0xCDC3
    dd 0x7A40, 0xCDDA
    dd 0x7A46, 0xD9CF
    dd 0x7A49, 0xF6C4
    dd 0x7A4D, 0xEEDD
    dd 0x7A4E, 0xE7C4
    dd 0x7A57, 0xE2B4
    dd 0x7A61, 0xDFE2
    dd 0x7A62, 0xE7DB
    dd 0x7A69, 0xE8B1
    dd 0x7A6B, 0xFCAE
    dd 0x7A70, 0xE5CD
    dd 0x7A74, 0xFAEB
    dd 0x7A76, 0xCFBC
    dd 0x7A79, 0xCFE2
    dd 0x7A7A, 0xCDF6
    dd 0x7A7D, 0xEFF0
    dd 0x7A7F, 0xF4BE
    dd 0x7A81, 0xD4CD
    dd 0x7A84, 0xF3B8
    dd 0x7A88, 0xE9A1
    dd 0x7A92, 0xF2F2
    dd 0x7A93, 0xF3EB
    dd 0x7A95, 0xF0D7
    dd 0x7A98, 0xCFD7
    dd 0x7A9F, 0xCFDF
    dd 0x7AA9, 0xE8C0
    dd 0x7AAA, 0xE8C1
    dd 0x7AAE, 0xCFE3
    dd 0x7AAF, 0xE9A2
    dd 0x7ABA, 0xD0AA
    dd 0x7AC4, 0xF3C1
    dd 0x7AC5, 0xD0AB
    dd 0x7AC7, 0xD4E4
    dd 0x7ACA, 0xEFBC
    dd 0x7ACB, 0xD8A1
    dd 0x7AD7, 0xD9DF
    dd 0x7AD9, 0xF3D7
    dd 0x7ADD, 0xDCBD
    dd 0x7ADF, 0xCCE5
    dd 0x7AE0, 0xEDF1
    dd 0x7AE3, 0xF1E2
    dd 0x7AE5, 0xD4DB
    dd 0x7AEA, 0xE2B5
    dd 0x7AED, 0xCAE6
    dd 0x7AEF, 0xD3AE
    dd 0x7AF6, 0xCCE6
    dd 0x7AF9, 0xF1D3
    dd 0x7AFA, 0xF5E7
    dd 0x7AFF, 0xCADA
    dd 0x7B0F, 0xFBEE
    dd 0x7B11, 0xE1C5
    dd 0x7B19, 0xDFE9
    dd 0x7B1B, 0xEEDE
    dd 0x7B1E, 0xF7C2
    dd 0x7B20, 0xD8A2
    dd 0x7B26, 0xDDAC
    dd 0x7B2C, 0xF0AF
    dd 0x7B2D, 0xD6BD
    dd 0x7B39, 0xE1AB
    dd 0x7B46, 0xF9B6
    dd 0x7B49, 0xD4F5
    dd 0x7B4B, 0xD0C9
    dd 0x7B4C, 0xEFA7
    dd 0x7B4D, 0xE2EC
    dd 0x7B4F, 0xDBEA
    dd 0x7B50, 0xCECC
    dd 0x7B51, 0xF5E8
    dd 0x7B52, 0xF7D5
    dd 0x7B54, 0xD3CD
    dd 0x7B56, 0xF3FE
    dd 0x7B60, 0xD0B5
    dd 0x7B6C, 0xE0FE
    dd 0x7B6E, 0xDFFB
    dd 0x7B75, 0xE6DD
    dd 0x7B7D, 0xE8A4
    dd 0x7B87, 0xCBCD
    dd 0x7B8B, 0xEFA8
    dd 0x7B8F, 0xEEB4
    dd 0x7B94, 0xDAD8
    dd 0x7B95, 0xD1B9
    dd 0x7B97, 0xDFA9
    dd 0x7B9A, 0xF3B0
    dd 0x7B9D, 0xCCC4
    dd 0x7BA1, 0xCEB7
    dd 0x7BAD, 0xEFA9
    dd 0x7BB1, 0xDFD5
    dd 0x7BB4, 0xEDD7
    dd 0x7BB8, 0xEEC6
    dd 0x7BC0, 0xEFBD
    dd 0x7BC1, 0xFCD6
    dd 0x7BC4, 0xDBF4
    dd 0x7BC6, 0xEFAA
    dd 0x7BC7, 0xF8B9
    dd 0x7BC9, 0xF5E9
    dd 0x7BD2, 0xE3D9
    dd 0x7BE0, 0xE1C6
    dd 0x7BE4, 0xD4BF
    dd 0x7BE9, 0xDEE8
    dd 0x7C07, 0xF0EA
    dd 0x7C12, 0xF3C2
    dd 0x7C1E, 0xD3AF
    dd 0x7C21, 0xCADB
    dd 0x7C27, 0xFCD7
    dd 0x7C2A, 0xEDD8
    dd 0x7C2B, 0xE1C7
    dd 0x7C3D, 0xF4D8
    dd 0x7C3E, 0xD6B3
    dd 0x7C3F, 0xDDAD
    dd 0x7C43, 0xD5BE
    dd 0x7C4C, 0xF1C3
    dd 0x7C4D, 0xEEDF
    dd 0x7C60, 0xD6EB
    dd 0x7C64, 0xF4D9
    dd 0x7C6C, 0xD7E6
    dd 0x7C73, 0xDAB7
    dd 0x7C83, 0xDDFB
    dd 0x7C89, 0xDDCF
    dd 0x7C92, 0xD8A3
    dd 0x7C95, 0xDAD9
    dd 0x7C97, 0xF0D8
    dd 0x7C98, 0xEFC4
    dd 0x7C9F, 0xE1D8
    dd 0x7CA5, 0xF1D4
    dd 0x7CA7, 0xEDF2
    dd 0x7CAE, 0xD5DB
    dd 0x7CB1, 0xD5DC
    dd 0x7CB2, 0xF3C4
    dd 0x7CB3, 0xCBD7
    dd 0x7CB9, 0xE2B6
    dd 0x7CBE, 0xEFF1
    dd 0x7CCA, 0xFBD5
    dd 0x7CD6, 0xD3D8
    dd 0x7CDE, 0xDDD0
    dd 0x7CDF, 0xF0D9
    dd 0x7CE0, 0xCBB3
    dd 0x7CE7, 0xD5DD
    dd 0x7CFB, 0xCDA7
    dd 0x7CFE, 0xD0AC
    dd 0x7D00, 0xD1BA
    dd 0x7D02, 0xF1C4
    dd 0x7D04, 0xE5B3
    dd 0x7D05, 0xFBF5
    dd 0x7D06, 0xE9E1
    dd 0x7D07, 0xFDE0
    dd 0x7D08, 0xFCBC
    dd 0x7D0A, 0xDAA2
    dd 0x7D0B, 0xDAA3
    dd 0x7D0D, 0xD2A1
    dd 0x7D10, 0xD2EF
    dd 0x7D14, 0xE2ED
    dd 0x7D17, 0xDEE9
    dd 0x7D18, 0xCEDC
    dd 0x7D19, 0xF2B5
    dd 0x7D1A, 0xD0E4
    dd 0x7D1B, 0xDDD1
    dd 0x7D20, 0xE1C8
    dd 0x7D21, 0xDBB7
    dd 0x7D22, 0xDFE3
    dd 0x7D2B, 0xEDB9
    dd 0x7D2C, 0xF1C5
    dd 0x7D2E, 0xF3CF
    dd 0x7D2F, 0xD7AB
    dd 0x7D30, 0xE1AC
    dd 0x7D33, 0xE3EB
    dd 0x7D35, 0xEEC7
    dd 0x7D39, 0xE1C9
    dd 0x7D3A, 0xCAFA
    dd 0x7D42, 0xF0FB
    dd 0x7D43, 0xFAE1
    dd 0x7D44, 0xF0DA
    dd 0x7D45, 0xCCE7
    dd 0x7D46, 0xDAF4
    dd 0x7D50, 0xCCBF
    dd 0x7D5E, 0xCEED
    dd 0x7D61, 0xD5A9
    dd 0x7D62, 0xFAE2
    dd 0x7D66, 0xD0E5
    dd 0x7D68, 0xEBD6
    dd 0x7D6A, 0xECDF
    dd 0x7D6E, 0xDFFC
    dd 0x7D71, 0xF7D6
    dd 0x7D72, 0xDEEA
    dd 0x7D73, 0xCBB4
    dd 0x7D76, 0xEFBE
    dd 0x7D79, 0xCCB5
    dd 0x7D7F, 0xCFBD
    dd 0x7D8E, 0xEFF2
    dd 0x7D8F, 0xE2B7
    dd 0x7D93, 0xCCE8
    dd 0x7D9C, 0xF0FC
    dd 0x7DA0, 0xD6E0
    dd 0x7DA2, 0xF1C6
    dd 0x7DAC, 0xE2B8
    dd 0x7DAD, 0xEBAB
    dd 0x7DB1, 0xCBB5
    dd 0x7DB2, 0xD8D1
    dd 0x7DB4, 0xF4CE
    dd 0x7DB5, 0xF3F7
    dd 0x7DB8, 0xD7C6
    dd 0x7DBA, 0xD1BB
    dd 0x7DBB, 0xF7AA
    dd 0x7DBD, 0xEDCA
    dd 0x7DBE, 0xD7D3
    dd 0x7DBF, 0xD8FA
    dd 0x7DC7, 0xF6C5
    dd 0x7DCA, 0xD1CC
    dd 0x7DCB, 0xDDFC
    dd 0x7DD6, 0xDFFD
    dd 0x7DD8, 0xF9E5
    dd 0x7DDA, 0xE0CA
    dd 0x7DDD, 0xF2FD
    dd 0x7DDE, 0xD3B0
    dd 0x7DE0, 0xF4F3
    dd 0x7DE1, 0xDAC9
    dd 0x7DE3, 0xE6DE
    dd 0x7DE8, 0xF8BA
    dd 0x7DE9, 0xE8D0
    dd 0x7DEC, 0xD8FB
    dd 0x7DEF, 0xEAD5
    dd 0x7DF4, 0xD6A3
    dd 0x7DFB, 0xF6C6
    dd 0x7E09, 0xF2DB
    dd 0x7E0A, 0xE4FC
    dd 0x7E15, 0xE8B2
    dd 0x7E1B, 0xDADA
    dd 0x7E1D, 0xF2DC
    dd 0x7E1E, 0xFBD6
    dd 0x7E1F, 0xE9B2
    dd 0x7E21, 0xEEAD
    dd 0x7E23, 0xFAE3
    dd 0x7E2B, 0xDCEE
    dd 0x7E2E, 0xF5EA
    dd 0x7E2F, 0xE6E0
    dd 0x7E31, 0xF0FD
    dd 0x7E37, 0xD7AC
    dd 0x7E3D, 0xF5C5
    dd 0x7E3E, 0xEEE0
    dd 0x7E41, 0xDBE5
    dd 0x7E43, 0xDDDE
    dd 0x7E46, 0xD9F0
    dd 0x7E47, 0xE9A3
    dd 0x7E52, 0xF1F9
    dd 0x7E54, 0xF2C4
    dd 0x7E55, 0xE0CB
    dd 0x7E5E, 0xE9A4
    dd 0x7E61, 0xE2B9
    dd 0x7E69, 0xE3B1
    dd 0x7E6A, 0xFCEB
    dd 0x7E6B, 0xCDA8
    dd 0x7E6D, 0xCCB6
    dd 0x7E70, 0xF0DB
    dd 0x7E79, 0xE6BA
    dd 0x7E7C, 0xCDA9
    dd 0x7E82, 0xF3C3
    dd 0x7E8C, 0xE1D9
    dd 0x7E8F, 0xEFAB
    dd 0x7E93, 0xE7C5
    dd 0x7E96, 0xE0E9
    dd 0x7E98, 0xF3C5
    dd 0x7E9B, 0xD4C0
    dd 0x7E9C, 0xD5BF
    dd 0x7F36, 0xDDAE
    dd 0x7F38, 0xF9FC
    dd 0x7F3A, 0xCCC0
    dd 0x7F4C, 0xE5A2
    dd 0x7F50, 0xCEB8
    dd 0x7F54, 0xD8D2
    dd 0x7F55, 0xF9D6
    dd 0x7F6A, 0xF1AA
    dd 0x7F6B, 0xCED1
    dd 0x7F6E, 0xF6C7
    dd 0x7F70, 0xDBEB
    dd 0x7F72, 0xDFFE
    dd 0x7F75, 0xD8E1
    dd 0x7F77, 0xF7F3
    dd 0x7F79, 0xD7E7
    dd 0x7F85, 0xD4FE
    dd 0x7F88, 0xD1BC
    dd 0x7F8A, 0xE5CF
    dd 0x7F8C, 0xCBB6
    dd 0x7F8E, 0xDAB8
    dd 0x7F94, 0xCDC4
    dd 0x7F9A, 0xD6BE
    dd 0x7F9E, 0xE2BA
    dd 0x7FA4, 0xCFD8
    dd 0x7FA8, 0xE0CC
    dd 0x7FA9, 0xEBF9
    dd 0x7FB2, 0xFDFD
    dd 0x7FB8, 0xD7E8
    dd 0x7FB9, 0xCBD8
    dd 0x7FBD, 0xE9E2
    dd 0x7FC1, 0xE8BA
    dd 0x7FC5, 0xE3C7
    dd 0x7FCA, 0xECCD
    dd 0x7FCC, 0xECCE
    dd 0x7FCE, 0xD6BF
    dd 0x7FD2, 0xE3A7
    dd 0x7FD4, 0xDFD6
    dd 0x7FD5, 0xFDE8
    dd 0x7FDF, 0xEEE1
    dd 0x7FE0, 0xF6A8
    dd 0x7FE1, 0xDDFD
    dd 0x7FE9, 0xF8BB
    dd 0x7FEB, 0xE8D1
    dd 0x7FF0, 0xF9D7
    dd 0x7FF9, 0xCEEE
    dd 0x7FFC, 0xECCF
    dd 0x8000, 0xE9A5
    dd 0x8001, 0xD6D5
    dd 0x8003, 0xCDC5
    dd 0x8005, 0xEDBA
    dd 0x8006, 0xD1BD
    dd 0x8009, 0xCFBE
    dd 0x800C, 0xECBB
    dd 0x8010, 0xD2B1
    dd 0x8015, 0xCCE9
    dd 0x8017, 0xD9C4
    dd 0x8018, 0xE9FC
    dd 0x802D, 0xD1BE
    dd 0x8033, 0xECBC
    dd 0x8036, 0xE5AD
    dd 0x803D, 0xF7B0
    dd 0x803F, 0xCCEA
    dd 0x8043, 0xD3C4
    dd 0x8046, 0xD6C0
    dd 0x804A, 0xD6FD
    dd 0x8056, 0xE1A1
    dd 0x8058, 0xDEBD
    dd 0x805A, 0xF6A9
    dd 0x805E, 0xDAA4
    dd 0x806F, 0xD6A4
    dd 0x8070, 0xF5C6
    dd 0x8072, 0xE1A2
    dd 0x8073, 0xE9C6
    dd 0x8077, 0xF2C5
    dd 0x807D, 0xF4E9
    dd 0x807E, 0xD6EC
    dd 0x807F, 0xEBD3
    dd 0x8084, 0xECBD
    dd 0x8085, 0xE2DC
    dd 0x8086, 0xDEEB
    dd 0x8087, 0xF0DC
    dd 0x8089, 0xEBBF
    dd 0x808B, 0xD7CE
    dd 0x808C, 0xD1BF
    dd 0x8096, 0xF5AB
    dd 0x809B, 0xF9FD
    dd 0x809D, 0xCADC
    dd 0x80A1, 0xCDC6
    dd 0x80A2, 0xF2B6
    dd 0x80A5, 0xDDFE
    dd 0x80A9, 0xCCB7
    dd 0x80AA, 0xDBB8
    dd 0x80AF, 0xD0E9
    dd 0x80B1, 0xCEDD
    dd 0x80B2, 0xEBC0
    dd 0x80B4, 0xFDA2
    dd 0x80BA, 0xF8CB
    dd 0x80C3, 0xEAD6
    dd 0x80C4, 0xF1B0
    dd 0x80CC, 0xDBCE
    dd 0x80CE, 0xF7C3
    dd 0x80DA, 0xDBCF
    dd 0x80DB, 0xCBA4
    dd 0x80DE, 0xF8E0
    dd 0x80E1, 0xFBD7
    dd 0x80E4, 0xEBCA
    dd 0x80E5, 0xE0A1
    dd 0x80F1, 0xCECD
    dd 0x80F4, 0xD4DC
    dd 0x80F8, 0xFDD8
    dd 0x80FD, 0xD2F6
    dd 0x8102, 0xF2B7
    dd 0x8105, 0xFAF6
    dd 0x8106, 0xF6AA
    dd 0x8107, 0xFAF7
    dd 0x8108, 0xD8E6
    dd 0x810A, 0xF4B1
    dd 0x8118, 0xE8D2
    dd 0x811A, 0xCAC5
    dd 0x811B, 0xCCEB
    dd 0x8123, 0xE2EE
    dd 0x8129, 0xE2BB
    dd 0x812B, 0xF7AD
    dd 0x812F, 0xF8E1
    dd 0x8139, 0xF3EC
    dd 0x813E, 0xDEA1
    dd 0x814B, 0xE4FD
    dd 0x814E, 0xE3EC
    dd 0x8150, 0xDDAF
    dd 0x8151, 0xDDB0
    dd 0x8154, 0xCBB7
    dd 0x8155, 0xE8D3
    dd 0x8165, 0xE1A3
    dd 0x8166, 0xD2E0
    dd 0x816B, 0xF0FE
    dd 0x8170, 0xE9A6
    dd 0x8171, 0xCBF2
    dd 0x8178, 0xEDF3
    dd 0x8179, 0xDCD9
    dd 0x817A, 0xE0CD
    dd 0x817F, 0xF7DA
    dd 0x8180, 0xDBB9
    dd 0x8188, 0xCCAE
    dd 0x818A, 0xDADB
    dd 0x818F, 0xCDC7
    dd 0x819A, 0xDDB1
    dd 0x819C, 0xD8AF
    dd 0x819D, 0xE3A3
    dd 0x81A0, 0xCEEF
    dd 0x81A3, 0xF2F3
    dd 0x81A8, 0xF8B3
    dd 0x81B3, 0xE0CE
    dd 0x81B5, 0xF5FD
    dd 0x81BA, 0xEBEC
    dd 0x81BD, 0xD3C5
    dd 0x81BE, 0xFCEC
    dd 0x81BF, 0xD2DB
    dd 0x81C0, 0xD4EB
    dd 0x81C2, 0xDEA2
    dd 0x81C6, 0xE5E6
    dd 0x81CD, 0xF0B0
    dd 0x81D8, 0xD5C4
    dd 0x81DF, 0xEDF4
    dd 0x81E3, 0xE3ED
    dd 0x81E5, 0xE8C2
    dd 0x81E7, 0xEDF5
    dd 0x81E8, 0xD7FC
    dd 0x81EA, 0xEDBB
    dd 0x81ED, 0xF6AB
    dd 0x81F3, 0xF2B8
    dd 0x81F4, 0xF6C8
    dd 0x81FA, 0xD3E6
    dd 0x81FB, 0xF2DD
    dd 0x81FC, 0xCFBF
    dd 0x81FE, 0xEBAC
    dd 0x8205, 0xCFC0
    dd 0x8207, 0xE6A8
    dd 0x8208, 0xFDE9
    dd 0x820A, 0xCFC1
    dd 0x820C, 0xE0DF
    dd 0x820D, 0xDEEC
    dd 0x8212, 0xE0A2
    dd 0x821B, 0xF4BF
    dd 0x821C, 0xE2EF
    dd 0x821E, 0xD9F1
    dd 0x821F, 0xF1C7
    dd 0x8221, 0xCBB8
    dd 0x822A, 0xF9FE
    dd 0x822B, 0xDBBA
    dd 0x822C, 0xDAF5
    dd 0x8235, 0xF6EC
    dd 0x8236, 0xDADC
    dd 0x8237, 0xFAE4
    dd 0x8239, 0xE0CF
    dd 0x8240, 0xDDB2
    dd 0x8245, 0xE6A9
    dd 0x8247, 0xEFF3
    dd 0x8259, 0xF3ED
    dd 0x8264, 0xEBFA
    dd 0x8266, 0xF9E6
    dd 0x826E, 0xCADD
    dd 0x826F, 0xD5DE
    dd 0x8271, 0xCADE
    dd 0x8272, 0xDFE4
    dd 0x8276, 0xE6FD
    dd 0x8278, 0xF5AC
    dd 0x827E, 0xE4F5
    dd 0x828B, 0xE9E3
    dd 0x828D, 0xEDCB
    dd 0x828E, 0xCFE4
    dd 0x8292, 0xD8D3
    dd 0x8299, 0xDDB3
    dd 0x829A, 0xD4EC
    dd 0x829D, 0xF2B9
    dd 0x829F, 0xDFB7
    dd 0x82A5, 0xCBCE
    dd 0x82A6, 0xFBD8
    dd 0x82A9, 0xD0D9
    dd 0x82AC, 0xDDD2
    dd 0x82AD, 0xF7F4
    dd 0x82AE, 0xE7DC
    dd 0x82AF, 0xE4A5
    dd 0x82B1, 0xFCA3
    dd 0x82B3, 0xDBBB
    dd 0x82B7, 0xF2BA
    dd 0x82B8, 0xE9FD
    dd 0x82B9, 0xD0CA
    dd 0x82BB, 0xF5D6
    dd 0x82BC, 0xD9C5
    dd 0x82BD, 0xE4B4
    dd 0x82BF, 0xEDA7
    dd 0x82D1, 0xEABD
    dd 0x82D2, 0xE6FE
    dd 0x82D4, 0xF7C4
    dd 0x82D5, 0xF5AD
    dd 0x82D7, 0xD9E0
    dd 0x82DB, 0xCAB4
    dd 0x82DE, 0xF8E2
    dd 0x82DF, 0xCFC2
    dd 0x82E1, 0xECBE
    dd 0x82E5, 0xE5B4
    dd 0x82E6, 0xCDC8
    dd 0x82E7, 0xEEC8
    dd 0x82F1, 0xE7C8
    dd 0x82FD, 0xCDC9
    dd 0x82FE, 0xF9B7
    dd 0x8301, 0xF1E8
    dd 0x8302, 0xD9F2
    dd 0x8303, 0xDBF5
    dd 0x8304, 0xCAB5
    dd 0x8305, 0xD9C6
    dd 0x8309, 0xD8C9
    dd 0x8317, 0xD9AB
    dd 0x8328, 0xEDBC
    dd 0x832B, 0xD8D4
    dd 0x832F, 0xDCDA
    dd 0x8331, 0xE2BC
    dd 0x8334, 0xFCED
    dd 0x8335, 0xECE0
    dd 0x8336, 0xD2FE
    dd 0x8338, 0xE9C7
    dd 0x8339, 0xE6AA
    dd 0x8340, 0xE2F0
    dd 0x8347, 0xFABB
    dd 0x8349, 0xF5AE
    dd 0x834A, 0xFBAA
    dd 0x834F, 0xECFB
    dd 0x8351, 0xECBF
    dd 0x8352, 0xFCD8
    dd 0x8373, 0xD4E5
    dd 0x8377, 0xF9C3
    dd 0x837B, 0xEEE2
    dd 0x8389, 0xD7E9
    dd 0x838A, 0xEDF6
    dd 0x838E, 0xDEED
    dd 0x8396, 0xCCEC
    dd 0x8398, 0xE3EE
    dd 0x839E, 0xE8D4
    dd 0x83A2, 0xFAF8
    dd 0x83A9, 0xDDB4
    dd 0x83AA, 0xE4B5
    dd 0x83AB, 0xD8B0
    dd 0x83BD, 0xD8D5
    dd 0x83C1, 0xF4EA
    dd 0x83C5, 0xCEB9
    dd 0x83C9, 0xD6E1
    dd 0x83CA, 0xCFD2
    dd 0x83CC, 0xD0B6
    dd 0x83D3, 0xCEA2
    dd 0x83D6, 0xF3EE
    dd 0x83DC, 0xF3F8
    dd 0x83E9, 0xDCCC
    dd 0x83EB, 0xD0CB
    dd 0x83EF, 0xFCA4
    dd 0x83F0, 0xCDCA
    dd 0x83F1, 0xD7D4
    dd 0x83F2, 0xDEA3
    dd 0x83F4, 0xE4E0
    dd 0x83F9, 0xEEC9
    dd 0x83FD, 0xE2DD
    dd 0x8403, 0xF5FE
    dd 0x8404, 0xD4AC
    dd 0x840A, 0xD5D1
    dd 0x840C, 0xD8F0
    dd 0x840D, 0xF8C3
    dd 0x840E, 0xEAD7
    dd 0x8429, 0xF5D7
    dd 0x842C, 0xD8BF
    dd 0x8431, 0xFDC0
    dd 0x8438, 0xEBAD
    dd 0x843D, 0xD5AA
    dd 0x8449, 0xE7A8
    dd 0x8457, 0xEECA
    dd 0x845B, 0xCAE7
    dd 0x8461, 0xF8E3
    dd 0x8463, 0xD4DD
    dd 0x8466, 0xEAD8
    dd 0x846B, 0xFBD9
    dd 0x846C, 0xEDF7
    dd 0x846F, 0xE5B5
    dd 0x8475, 0xD0AD
    dd 0x847A, 0xF1F1
    dd 0x8490, 0xE2BD
    dd 0x8494, 0xE3C8
    dd 0x8499, 0xD9D5
    dd 0x849C, 0xDFAA
    dd 0x84A1, 0xDBBC
    dd 0x84B2, 0xF8E4
    dd 0x84B8, 0xF1FA
    dd 0x84BB, 0xE5B6
    dd 0x84BC, 0xF3EF
    dd 0x84BF, 0xFBDA
    dd 0x84C0, 0xE1E0
    dd 0x84C2, 0xD9AC
    dd 0x84C4, 0xF5EB
    dd 0x84C6, 0xE0B6
    dd 0x84C9, 0xE9C8
    dd 0x84CB, 0xCBCF
    dd 0x84CD, 0xE3C9
    dd 0x84D1, 0xDEEE
    dd 0x84DA, 0xE2BE
    dd 0x84EC, 0xDCEF
    dd 0x84EE, 0xD6A5
    dd 0x84F4, 0xE2F1
    dd 0x84FC, 0xD6FE
    dd 0x8511, 0xD9A1
    dd 0x8513, 0xD8C0
    dd 0x8514, 0xDCDB
    dd 0x8517, 0xEDBD
    dd 0x8518, 0xDFB8
    dd 0x851A, 0xEAA5
    dd 0x851E, 0xD7AD
    dd 0x8521, 0xF3F9
    dd 0x8523, 0xEDF8
    dd 0x8525, 0xF5C7
    dd 0x852C, 0xE1CA
    dd 0x852D, 0xEBE3
    dd 0x852F, 0xF2DE
    dd 0x853D, 0xF8CC
    dd 0x853F, 0xEAD9
    dd 0x8541, 0xD3C6
    dd 0x8543, 0xDBE6
    dd 0x8549, 0xF5AF
    dd 0x854E, 0xCEF0
    dd 0x8553, 0xE9FE
    dd 0x8559, 0xFBB6
    dd 0x8563, 0xE2F2
    dd 0x8568, 0xCFF2
    dd 0x8569, 0xF7B9
    dd 0x856A, 0xD9F3
    dd 0x856D, 0xE1CB
    dd 0x8584, 0xDADD
    dd 0x8587, 0xDAB9
    dd 0x858F, 0xEBFB
    dd 0x8591, 0xCBB9
    dd 0x8594, 0xEDF9
    dd 0x859B, 0xE0E0
    dd 0x85A6, 0xF4C0
    dd 0x85A8, 0xFDBC
    dd 0x85A9, 0xDFB1
    dd 0x85AA, 0xE3EF
    dd 0x85AF, 0xE0A3
    dd 0x85B0, 0xFDB9
    dd 0x85BA, 0xF0B1
    dd 0x85C1, 0xCDCB
    dd 0x85C9, 0xEDBE
    dd 0x85CD, 0xD5C0
    dd 0x85CE, 0xE3F0
    dd 0x85CF, 0xEDFA
    dd 0x85D5, 0xE9E4
    dd 0x85DC, 0xD5ED
    dd 0x85DD, 0xE7DD
    dd 0x85E4, 0xD4F6
    dd 0x85E5, 0xE5B7
    dd 0x85E9, 0xDBE7
    dd 0x85EA, 0xE2BF
    dd 0x85F7, 0xEECB
    dd 0x85FA, 0xD7F4
    dd 0x85FB, 0xF0DD
    dd 0x85FF, 0xCEAB
    dd 0x8602, 0xE7DE
    dd 0x8606, 0xD6D6
    dd 0x8607, 0xE1CC
    dd 0x860A, 0xE8B3
    dd 0x8616, 0xE5EE
    dd 0x8617, 0xDCA2
    dd 0x861A, 0xE0D0
    dd 0x862D, 0xD5B5
    dd 0x863F, 0xD5A1
    dd 0x864E, 0xFBDB
    dd 0x8650, 0xF9CB
    dd 0x8654, 0xCBF3
    dd 0x8655, 0xF4A5
    dd 0x865B, 0xFAC8
    dd 0x865C, 0xD6D7
    dd 0x865E, 0xE9E5
    dd 0x865F, 0xFBDC
    dd 0x8667, 0xFDD0
    dd 0x8679, 0xFBF6
    dd 0x868A, 0xDAA5
    dd 0x868C, 0xDBBD
    dd 0x8693, 0xECE2
    dd 0x86A3, 0xCDF7
    dd 0x86A4, 0xF0DE
    dd 0x86A9, 0xF6C9
    dd 0x86C7, 0xDEEF
    dd 0x86CB, 0xD3B1
    dd 0x86D4, 0xFCEE
    dd 0x86D9, 0xE8C3
    dd 0x86DB, 0xF1C8
    dd 0x86DF, 0xCEF1
    dd 0x86E4, 0xF9ED
    dd 0x86ED, 0xF2F4
    dd 0x86FE, 0xE4B6
    dd 0x8700, 0xF5B9
    dd 0x8702, 0xDCF0
    dd 0x8703, 0xE3F1
    dd 0x8708, 0xE8A5
    dd 0x8718, 0xF2BB
    dd 0x871A, 0xDEA4
    dd 0x871C, 0xDACC
    dd 0x874E, 0xCAE9
    dd 0x8755, 0xE3DA
    dd 0x8757, 0xFCD9
    dd 0x875F, 0xEADA
    dd 0x8766, 0xF9C4
    dd 0x8768, 0xE3A4
    dd 0x8774, 0xFBDD
    dd 0x8776, 0xEFCA
    dd 0x8778, 0xE8C4
    dd 0x8782, 0xD5CC
    dd 0x878D, 0xEBD7
    dd 0x879F, 0xD9AD
    dd 0x87A2, 0xFBAB
    dd 0x87B3, 0xD3D9
    dd 0x87BA, 0xD5A2
    dd 0x87C4, 0xF6DE
    dd 0x87E0, 0xDAF6
    dd 0x87EC, 0xE0D1
    dd 0x87EF, 0xE9A8
    dd 0x87F2, 0xF5F9
    dd 0x87F9, 0xFAAF
    dd 0x87FB, 0xEBFC
    dd 0x87FE, 0xE0EA
    dd 0x8805, 0xE3B2
    dd 0x881F, 0xD5C5
    dd 0x8822, 0xF1E3
    dd 0x8823, 0xD5EE
    dd 0x8831, 0xCDCC
    dd 0x8836, 0xEDD9
    dd 0x883B, 0xD8C1
    dd 0x8840, 0xFAEC
    dd 0x8846, 0xF1EB
    dd 0x884C, 0xFABC
    dd 0x884D, 0xE6E2
    dd 0x8852, 0xFAE5
    dd 0x8853, 0xE2FA
    dd 0x8857, 0xCAB6
    dd 0x8859, 0xE4B7
    dd 0x885B, 0xEADB
    dd 0x885D, 0xF5FA
    dd 0x8861, 0xFBAC
    dd 0x8862, 0xCFC3
    dd 0x8863, 0xEBFD
    dd 0x8868, 0xF8FA
    dd 0x886B, 0xDFB9
    dd 0x8870, 0xE1F1
    dd 0x8872, 0xD2A4
    dd 0x8877, 0xF5FB
    dd 0x887E, 0xD0DA
    dd 0x887F, 0xD0DB
    dd 0x8881, 0xEABE
    dd 0x8882, 0xD9B1
    dd 0x8888, 0xCAB7
    dd 0x888B, 0xD3E7
    dd 0x888D, 0xF8E5
    dd 0x8892, 0xD3B2
    dd 0x8896, 0xE2C0
    dd 0x8897, 0xF2DF
    dd 0x889E, 0xCDE5
    dd 0x88AB, 0xF9AC
    dd 0x88B4, 0xCDCD
    dd 0x88C1, 0xEEAE
    dd 0x88C2, 0xD6AE
    dd 0x88CF, 0xD7EA
    dd 0x88D4, 0xE7E0
    dd 0x88D5, 0xEBAE
    dd 0x88D9, 0xCFD9
    dd 0x88DC, 0xDCCD
    dd 0x88DD, 0xEDFB
    dd 0x88DF, 0xDEF0
    dd 0x88E1, 0xD7EB
    dd 0x88E8, 0xDEA5
    dd 0x88F3, 0xDFD7
    dd 0x88F4, 0xDBD0
    dd 0x88F5, 0xDBD1
    dd 0x88F8, 0xD5A3
    dd 0x88FD, 0xF0B2
    dd 0x8907, 0xDCDC
    dd 0x8910, 0xCAE8
    dd 0x8912, 0xF8E6
    dd 0x8913, 0xDCCE
    dd 0x8918, 0xEADC
    dd 0x8919, 0xDBD2
    dd 0x8925, 0xE9B3
    dd 0x892A, 0xF7DB
    dd 0x8936, 0xE3A8
    dd 0x8938, 0xD7AE
    dd 0x893B, 0xE0E1
    dd 0x8941, 0xCBBA
    dd 0x8944, 0xE5D1
    dd 0x895F, 0xD0DC
    dd 0x8964, 0xD5C1
    dd 0x896A, 0xD8CA
    dd 0x8972, 0xE3A9
    dd 0x897F, 0xE0A4
    dd 0x8981, 0xE9A9
    dd 0x8983, 0xD3C7
    dd 0x8986, 0xDCDD
    dd 0x8987, 0xF8AE
    dd 0x898B, 0xCCB8
    dd 0x898F, 0xD0AE
    dd 0x8993, 0xD8F2
    dd 0x8996, 0xE3CA
    dd 0x89A1, 0xCCAF
    dd 0x89A9, 0xD4AD
    dd 0x89AA, 0xF6D1
    dd 0x89B2, 0xD0CC
    dd 0x89BA, 0xCAC6
    dd 0x89BD, 0xD5C2
    dd 0x89C0, 0xCEBA
    dd 0x89D2, 0xCAC7
    dd 0x89E3, 0xFAB0
    dd 0x89F4, 0xDFD8
    dd 0x89F8, 0xF5BA
    dd 0x8A00, 0xE5EB
    dd 0x8A02, 0xEFF4
    dd 0x8A03, 0xDDB5
    dd 0x8A08, 0xCDAA
    dd 0x8A0A, 0xE3F2
    dd 0x8A0C, 0xFBF7
    dd 0x8A0E, 0xF7D0
    dd 0x8A13, 0xFDBA
    dd 0x8A16, 0xFDE1
    dd 0x8A17, 0xF6FE
    dd 0x8A18, 0xD1C0
    dd 0x8A1B, 0xE8C5
    dd 0x8A1D, 0xE4B8
    dd 0x8A1F, 0xE1E8
    dd 0x8A23, 0xCCC1
    dd 0x8A25, 0xD2ED
    dd 0x8A2A, 0xDBBE
    dd 0x8A2D, 0xE0E2
    dd 0x8A31, 0xFAC9
    dd 0x8A34, 0xE1CD
    dd 0x8A36, 0xCAB8
    dd 0x8A3A, 0xF2E0
    dd 0x8A3B, 0xF1C9
    dd 0x8A50, 0xDEF1
    dd 0x8A54, 0xF0DF
    dd 0x8A55, 0xF8C4
    dd 0x8A5B, 0xEECC
    dd 0x8A5E, 0xDEF2
    dd 0x8A60, 0xE7C9
    dd 0x8A62, 0xE2F3
    dd 0x8A63, 0xE7E1
    dd 0x8A66, 0xE3CB
    dd 0x8A69, 0xE3CC
    dd 0x8A6D, 0xCFF8
    dd 0x8A6E, 0xEFAC
    dd 0x8A70, 0xFDFE
    dd 0x8A71, 0xFCA5
    dd 0x8A72, 0xFAB1
    dd 0x8A73, 0xDFD9
    dd 0x8A75, 0xE0D2
    dd 0x8A79, 0xF4DA
    dd 0x8A85, 0xF1CA
    dd 0x8A87, 0xCEA3
    dd 0x8A8C, 0xF2BC
    dd 0x8A8D, 0xECE3
    dd 0x8A93, 0xE0A5
    dd 0x8A95, 0xF7AB
    dd 0x8A98, 0xEBAF
    dd 0x8A9E, 0xE5DE
    dd 0x8AA0, 0xE1A4
    dd 0x8AA1, 0xCDAB
    dd 0x8AA3, 0xD9F4
    dd 0x8AA4, 0xE8A6
    dd 0x8AA5, 0xCDCE
    dd 0x8AA6, 0xE1E9
    dd 0x8AA8, 0xFCEF
    dd 0x8AAA, 0xE0E3
    dd 0x8AB0, 0xE2C1
    dd 0x8AB2, 0xCEA4
    dd 0x8AB9, 0xDEA6
    dd 0x8ABC, 0xEBFE
    dd 0x8ABE, 0xEBDD
    dd 0x8ABF, 0xF0E0
    dd 0x8AC2, 0xF4DB
    dd 0x8AC4, 0xE2F4
    dd 0x8AC7, 0xD3C8
    dd 0x8ACB, 0xF4EB
    dd 0x8ACD, 0xEEB5
    dd 0x8ACF, 0xF5D8
    dd 0x8AD2, 0xD5DF
    dd 0x8AD6, 0xD6E5
    dd 0x8ADB, 0xEBB0
    dd 0x8ADC, 0xF4E3
    dd 0x8AE1, 0xE3CD
    dd 0x8AE6, 0xF4F4
    dd 0x8AE7, 0xFAB2
    dd 0x8AEA, 0xEFF5
    dd 0x8AEB, 0xCADF
    dd 0x8AED, 0xEBB1
    dd 0x8AEE, 0xEDBF
    dd 0x8AF1, 0xFDC9
    dd 0x8AF6, 0xE4A6
    dd 0x8AF7, 0xF9A4
    dd 0x8AF8, 0xF0B3
    dd 0x8AFA, 0xE5EC
    dd 0x8AFE, 0xD1E7
    dd 0x8B00, 0xD9C7
    dd 0x8B01, 0xE4D7
    dd 0x8B02, 0xEADD
    dd 0x8B04, 0xD4F7
    dd 0x8B0E, 0xDABA
    dd 0x8B10, 0xDACD
    dd 0x8B14, 0xF9CC
    dd 0x8B16, 0xE1DA
    dd 0x8B17, 0xDBBF
    dd 0x8B19, 0xCCC5
    dd 0x8B1A, 0xECD0
    dd 0x8B1B, 0xCBBB
    dd 0x8B1D, 0xDEF3
    dd 0x8B20, 0xE9AA
    dd 0x8B28, 0xD9C8
    dd 0x8B2B, 0xEEE3
    dd 0x8B2C, 0xD7BD
    dd 0x8B33, 0xCFC4
    dd 0x8B39, 0xD0CD
    dd 0x8B41, 0xFCA6
    dd 0x8B49, 0xF1FB
    dd 0x8B4E, 0xFDD2
    dd 0x8B4F, 0xD1C1
    dd 0x8B58, 0xE3DB
    dd 0x8B5A, 0xD3C9
    dd 0x8B5C, 0xDCCF
    dd 0x8B66, 0xCCED
    dd 0x8B6C, 0xDEA7
    dd 0x8B6F, 0xE6BB
    dd 0x8B70, 0xECA1
    dd 0x8B74, 0xCCB9
    dd 0x8B77, 0xFBDE
    dd 0x8B7D, 0xE7E2
    dd 0x8B80, 0xD4C1
    dd 0x8B8A, 0xDCA8
    dd 0x8B90, 0xE2C2
    dd 0x8B92, 0xF3D8
    dd 0x8B93, 0xE5D3
    dd 0x8B96, 0xF3D9
    dd 0x8B9A, 0xF3C6
    dd 0x8C37, 0xCDDB
    dd 0x8C3F, 0xCDAC
    dd 0x8C41, 0xFCC3
    dd 0x8C46, 0xD4E7
    dd 0x8C48, 0xD1C2
    dd 0x8C4A, 0xF9A5
    dd 0x8C4C, 0xE8D5
    dd 0x8C55, 0xE3CE
    dd 0x8C5A, 0xD4CA
    dd 0x8C61, 0xDFDA
    dd 0x8C6A, 0xFBDF
    dd 0x8C6B, 0xE7E3
    dd 0x8C79, 0xF8FB
    dd 0x8C7A, 0xE3CF
    dd 0x8C82, 0xF5B0
    dd 0x8C8A, 0xD8E7
    dd 0x8C8C, 0xD9C9
    dd 0x8C9D, 0xF8AF
    dd 0x8C9E, 0xEFF6
    dd 0x8CA0, 0xDDB6
    dd 0x8CA1, 0xEEAF
    dd 0x8CA2, 0xCDF8
    dd 0x8CA7, 0xDEB8
    dd 0x8CA8, 0xFCA7
    dd 0x8CA9, 0xF7FC
    dd 0x8CAA, 0xF7B1
    dd 0x8CAB, 0xCEBB
    dd 0x8CAC, 0xF4A1
    dd 0x8CAF, 0xEECD
    dd 0x8CB0, 0xE1AE
    dd 0x8CB3, 0xECC3
    dd 0x8CB4, 0xCFFE
    dd 0x8CB6, 0xF8BF
    dd 0x8CB7, 0xD8E2
    dd 0x8CB8, 0xD3E8
    dd 0x8CBB, 0xDEA8
    dd 0x8CBC, 0xF4E4
    dd 0x8CBD, 0xECC2
    dd 0x8CBF, 0xD9F5
    dd 0x8CC0, 0xF9C5
    dd 0x8CC1, 0xDDD3
    dd 0x8CC2, 0xD6F1
    dd 0x8CC3, 0xECFC
    dd 0x8CC4, 0xFCF0
    dd 0x8CC7, 0xEDC0
    dd 0x8CC8, 0xCAB9
    dd 0x8CCA, 0xEEE4
    dd 0x8CD1, 0xF2E1
    dd 0x8CD3, 0xDEB9
    dd 0x8CDA, 0xD6F2
    dd 0x8CDC, 0xDEF4
    dd 0x8CDE, 0xDFDB
    dd 0x8CE0, 0xDBD3
    dd 0x8CE2, 0xFAE7
    dd 0x8CE3, 0xD8E3
    dd 0x8CE4, 0xF4C1
    dd 0x8CE6, 0xDDB7
    dd 0x8CEA, 0xF2F5
    dd 0x8CED, 0xD4AE
    dd 0x8CF4, 0xD6F3
    dd 0x8CFB, 0xDDB8
    dd 0x8CFC, 0xCFC5
    dd 0x8CFD, 0xDFDF
    dd 0x8D04, 0xF2BE
    dd 0x8D05, 0xF6A1
    dd 0x8D07, 0xEBCB
    dd 0x8D08, 0xF1FC
    dd 0x8D0A, 0xF3C7
    dd 0x8D0D, 0xE0EB
    dd 0x8D13, 0xEDFC
    dd 0x8D16, 0xE1DB
    dd 0x8D64, 0xEEE5
    dd 0x8D66, 0xDEF5
    dd 0x8D6B, 0xFAD3
    dd 0x8D70, 0xF1CB
    dd 0x8D73, 0xD0AF
    dd 0x8D74, 0xDDB9
    dd 0x8D77, 0xD1C3
    dd 0x8D85, 0xF5B1
    dd 0x8D8A, 0xEAC6
    dd 0x8D99, 0xF0E1
    dd 0x8DA3, 0xF6AC
    dd 0x8DA8, 0xF5D9
    dd 0x8DB3, 0xF0EB
    dd 0x8DBA, 0xDDBA
    dd 0x8DBE, 0xF2BF
    dd 0x8DC6, 0xF7C5
    dd 0x8DCB, 0xDBA2
    dd 0x8DCC, 0xF2F6
    dd 0x8DCF, 0xCABA
    dd 0x8DDB, 0xF7F5
    dd 0x8DDD, 0xCBE5
    dd 0x8DE1, 0xEEE6
    dd 0x8DE3, 0xE0D3
    dd 0x8DE8, 0xCEA5
    dd 0x8DEF, 0xD6D8
    dd 0x8DF3, 0xD4AF
    dd 0x8E0A, 0xE9C9
    dd 0x8E0F, 0xD3CE
    dd 0x8E10, 0xF4C2
    dd 0x8E1E, 0xCBE6
    dd 0x8E2A, 0xF1A1
    dd 0x8E30, 0xEBB2
    dd 0x8E35, 0xF1A2
    dd 0x8E42, 0xEBB3
    dd 0x8E44, 0xF0B4
    dd 0x8E47, 0xCBF4
    dd 0x8E48, 0xD4B0
    dd 0x8E49, 0xF3B2
    dd 0x8E4A, 0xFBB7
    dd 0x8E59, 0xF5EC
    dd 0x8E5F, 0xEEE7
    dd 0x8E60, 0xF4B2
    dd 0x8E74, 0xF5ED
    dd 0x8E76, 0xCFF3
    dd 0x8E81, 0xF0E2
    dd 0x8E87, 0xEECE
    dd 0x8E8A, 0xF1CC
    dd 0x8E8D, 0xE5B8
    dd 0x8EAA, 0xD7F5
    dd 0x8EAB, 0xE3F3
    dd 0x8EAC, 0xCFE5
    dd 0x8EC0, 0xCFC6
    dd 0x8ECA, 0xF3B3
    dd 0x8ECB, 0xE4D8
    dd 0x8ECC, 0xCFF9
    dd 0x8ECD, 0xCFDA
    dd 0x8ED2, 0xFACD
    dd 0x8EDF, 0xE6E3
    dd 0x8EEB, 0xF2E2
    dd 0x8EF8, 0xF5EE
    dd 0x8EFB, 0xCABB
    dd 0x8EFE, 0xE3DC
    dd 0x8F03, 0xCEF2
    dd 0x8F05, 0xD6D9
    dd 0x8F09, 0xEEB0
    dd 0x8F12, 0xF4E5
    dd 0x8F13, 0xD8C2
    dd 0x8F14, 0xDCD0
    dd 0x8F15, 0xCCEE
    dd 0x8F1B, 0xD5E0
    dd 0x8F1C, 0xF6CA
    dd 0x8F1D, 0xFDCA
    dd 0x8F1E, 0xD8D6
    dd 0x8F1F, 0xF4CF
    dd 0x8F26, 0xD6A6
    dd 0x8F27, 0xDCBE
    dd 0x8F29, 0xDBD4
    dd 0x8F2A, 0xD7C7
    dd 0x8F2F, 0xF2FE
    dd 0x8F33, 0xF1CD
    dd 0x8F38, 0xE2C3
    dd 0x8F39, 0xDCDE
    dd 0x8F3B, 0xDCDF
    dd 0x8F3E, 0xEFAD
    dd 0x8F3F, 0xE6AB
    dd 0x8F44, 0xF9DD
    dd 0x8F45, 0xEABF
    dd 0x8F49, 0xEFAE
    dd 0x8F4D, 0xF4D0
    dd 0x8F4E, 0xCEF3
    dd 0x8F5D, 0xE6AC
    dd 0x8F5F, 0xCEDE
    dd 0x8F62, 0xD5F9
    dd 0x8F9B, 0xE3F4
    dd 0x8F9C, 0xCDD0
    dd 0x8FA3, 0xD5B8
    dd 0x8FA6, 0xF7FD
    dd 0x8FA8, 0xDCA9
    dd 0x8FAD, 0xDEF6
    dd 0x8FAF, 0xDCAA
    dd 0x8FB0, 0xF2E3
    dd 0x8FB1, 0xE9B4
    dd 0x8FB2, 0xD2DC
    dd 0x8FC2, 0xE9E6
    dd 0x8FC5, 0xE3F6
    dd 0x8FCE, 0xE7CA
    dd 0x8FD1, 0xD0CE
    dd 0x8FD4, 0xDAF7
    dd 0x8FE6, 0xCABC
    dd 0x8FEA, 0xEEE8
    dd 0x8FEB, 0xDADE
    dd 0x8FED, 0xF2F7
    dd 0x8FF0, 0xE2FB
    dd 0x8FF2, 0xCCA6
    dd 0x8FF7, 0xDABB
    dd 0x8FF9, 0xEEE9
    dd 0x8FFD, 0xF5DA
    dd 0x9000, 0xF7DC
    dd 0x9001, 0xE1EA
    dd 0x9002, 0xCEC1
    dd 0x9003, 0xD4B1
    dd 0x9005, 0xFDB1
    dd 0x9006, 0xE6BD
    dd 0x9008, 0xFBAD
    dd 0x900B, 0xF8E7
    dd 0x900D, 0xE1CE
    dd 0x900F, 0xF7E2
    dd 0x9010, 0xF5EF
    dd 0x9011, 0xCFC7
    dd 0x9014, 0xD4B2
    dd 0x9015, 0xCCEF
    dd 0x9017, 0xD4E8
    dd 0x9019, 0xEECF
    dd 0x901A, 0xF7D7
    dd 0x901D, 0xE0A6
    dd 0x901E, 0xD6C1
    dd 0x901F, 0xE1DC
    dd 0x9020, 0xF0E3
    dd 0x9021, 0xF1E4
    dd 0x9022, 0xDCF1
    dd 0x9023, 0xD6A7
    dd 0x902E, 0xF4F5
    dd 0x9031, 0xF1CE
    dd 0x9032, 0xF2E4
    dd 0x9035, 0xD0B0
    dd 0x9038, 0xECEF
    dd 0x903C, 0xF9BA
    dd 0x903E, 0xEBB5
    dd 0x9041, 0xD4ED
    dd 0x9042, 0xE2C4
    dd 0x9047, 0xE9E7
    dd 0x904A, 0xEBB4
    dd 0x904B, 0xEAA1
    dd 0x904D, 0xF8BC
    dd 0x904E, 0xCEA6
    dd 0x9050, 0xF9C6
    dd 0x9051, 0xFCDA
    dd 0x9053, 0xD4B3
    dd 0x9054, 0xD3B9
    dd 0x9055, 0xEADE
    dd 0x9059, 0xE9AB
    dd 0x905C, 0xE1E1
    dd 0x905D, 0xD3CF
    dd 0x905E, 0xF4F6
    dd 0x9060, 0xEAC0
    dd 0x9061, 0xE1CF
    dd 0x9063, 0xCCBA
    dd 0x9069, 0xEEEA
    dd 0x906D, 0xF0E4
    dd 0x906E, 0xF3B4
    dd 0x906F, 0xD4EE
    dd 0x9072, 0xF2C0
    dd 0x9075, 0xF1E5
    dd 0x9077, 0xF4C3
    dd 0x9078, 0xE0D4
    dd 0x907A, 0xEBB6
    dd 0x907C, 0xD7A1
    dd 0x907D, 0xCBE8
    dd 0x907F, 0xF9AD
    dd 0x9080, 0xE9AD
    dd 0x9081, 0xD8E4
    dd 0x9082, 0xFAB3
    dd 0x9083, 0xE2C5
    dd 0x9084, 0xFCBD
    dd 0x9087, 0xECC4
    dd 0x9088, 0xD8B1
    dd 0x908A, 0xDCAB
    dd 0x908F, 0xD5A4
    dd 0x9091, 0xEBE9
    dd 0x9095, 0xE8BB
    dd 0x9099, 0xD8D7
    dd 0x90A2, 0xFBAE
    dd 0x90A3, 0xD1E1
    dd 0x90A6, 0xDBC0
    dd 0x90A8, 0xF5BE
    dd 0x90AA, 0xDEF7
    dd 0x90AF, 0xCAFB
    dd 0x90B0, 0xF7C6
    dd 0x90B1, 0xCFC8
    dd 0x90B5, 0xE1D0
    dd 0x90B8, 0xEED0
    dd 0x90C1, 0xE9F4
    dd 0x90CA, 0xCEF4
    dd 0x90DE, 0xD5CD
    dd 0x90E1, 0xCFDB
    dd 0x90E8, 0xDDBB
    dd 0x90ED, 0xCEAC
    dd 0x90F5, 0xE9E8
    dd 0x90FD, 0xD4B4
    dd 0x9102, 0xE4C7
    dd 0x9112, 0xF5DB
    dd 0x9115, 0xFAC1
    dd 0x9119, 0xDEA9
    dd 0x9127, 0xD4F8
    dd 0x912D, 0xEFF7
    dd 0x9132, 0xD3B3
    dd 0x9149, 0xEBB7
    dd 0x914A, 0xEFF8
    dd 0x914B, 0xF5DC
    dd 0x914C, 0xEDCC
    dd 0x914D, 0xDBD5
    dd 0x914E, 0xF1CF
    dd 0x9152, 0xF1D0
    dd 0x9162, 0xF5B2
    dd 0x9169, 0xD9AE
    dd 0x916A, 0xD5AC
    dd 0x916C, 0xE2C6
    dd 0x9175, 0xFDA3
    dd 0x9177, 0xFBE5
    dd 0x9178, 0xDFAB
    dd 0x9187, 0xE2F5
    dd 0x9189, 0xF6AD
    dd 0x918B, 0xF5B3
    dd 0x918D, 0xF0B5
    dd 0x9192, 0xE1A5
    dd 0x919C, 0xF5DD
    dd 0x91AB, 0xECA2
    dd 0x91AC, 0xEDFD
    dd 0x91AE, 0xF5B4
    dd 0x91AF, 0xFBB8
    dd 0x91B1, 0xDBA3
    dd 0x91B4, 0xD6CA
    dd 0x91B5, 0xCBD9
    dd 0x91C0, 0xE5D4
    dd 0x91C7, 0xF3FA
    dd 0x91C9, 0xEBB8
    dd 0x91CB, 0xE0B7
    dd 0x91CC, 0xD7EC
    dd 0x91CD, 0xF1EC
    dd 0x91CE, 0xE5AF
    dd 0x91CF, 0xD5E1
    dd 0x91D0, 0xD7ED
    dd 0x91D1, 0xD1D1
    dd 0x91D7, 0xE1F2
    dd 0x91D8, 0xEFF9
    dd 0x91DC, 0xDDBC
    dd 0x91DD, 0xF6DC
    dd 0x91E3, 0xF0E5
    dd 0x91E7, 0xF4C4
    dd 0x91EA, 0xE9E9
    dd 0x91F5, 0xF3FB
    dd 0x920D, 0xD4EF
    dd 0x9210, 0xCCA2
    dd 0x9211, 0xF7FE
    dd 0x9212, 0xDFBC
    dd 0x9217, 0xEBCD
    dd 0x921E, 0xD0B7
    dd 0x9234, 0xD6C2
    dd 0x923A, 0xE8AD
    dd 0x923F, 0xEFAF
    dd 0x9240, 0xCBA5
    dd 0x9245, 0xCBE9
    dd 0x9249, 0xFAE8
    dd 0x9257, 0xCCC6
    dd 0x925B, 0xE6E7
    dd 0x925E, 0xEAC7
    dd 0x9262, 0xDBA4
    dd 0x9264, 0xCFC9
    dd 0x9265, 0xE2FC
    dd 0x9266, 0xEFFA
    dd 0x9280, 0xEBDE
    dd 0x9283, 0xF5C8
    dd 0x9285, 0xD4DE
    dd 0x9291, 0xE0D5
    dd 0x9293, 0xEFB0
    dd 0x9296, 0xE2C7
    dd 0x9298, 0xD9AF
    dd 0x929C, 0xF9E7
    dd 0x92B3, 0xE7E5
    dd 0x92B6, 0xCFCA
    dd 0x92B7, 0xE1D1
    dd 0x92B9, 0xE2C8
    dd 0x92CC, 0xEFFB
    dd 0x92CF, 0xFAF9
    dd 0x92D2, 0xDCF2
    dd 0x92E4, 0xE0A7
    dd 0x92EA, 0xF8E8
    dd 0x92F8, 0xCBEA
    dd 0x92FC, 0xCBBC
    dd 0x9304, 0xD6E2
    dd 0x9310, 0xF5DE
    dd 0x9318, 0xF5DF
    dd 0x931A, 0xEEB6
    dd 0x931E, 0xE2F6
    dd 0x931F, 0xD3CA
    dd 0x9320, 0xEFFC
    dd 0x9321, 0xD1C4
    dd 0x9322, 0xEFB1
    dd 0x9324, 0xD1C5
    dd 0x9326, 0xD0DE
    dd 0x9328, 0xD9E1
    dd 0x932B, 0xE0B8
    dd 0x932E, 0xCDD1
    dd 0x932F, 0xF3B9
    dd 0x9348, 0xE7CC
    dd 0x934A, 0xD6A8
    dd 0x934B, 0xCEA7
    dd 0x934D, 0xD4B5
    dd 0x9354, 0xE4C8
    dd 0x935B, 0xD3B4
    dd 0x936E, 0xEBB9
    dd 0x9375, 0xCBF5
    dd 0x937C, 0xF6DD
    dd 0x937E, 0xF1A3
    dd 0x938C, 0xCCC7
    dd 0x9394, 0xE9CA
    dd 0x9396, 0xE1F0
    dd 0x939A, 0xF5E0
    dd 0x93A3, 0xFBAF
    dd 0x93A7, 0xCBD1
    dd 0x93AC, 0xFBE0
    dd 0x93AD, 0xF2E5
    dd 0x93B0, 0xECF0
    dd 0x93C3, 0xF0EC
    dd 0x93D1, 0xEEEB
    dd 0x93DE, 0xE9CB
    dd 0x93E1, 0xCCF0
    dd 0x93E4, 0xD7AF
    dd 0x93F6, 0xF3A1
    dd 0x9404, 0xFCF5
    dd 0x9418, 0xF1A4
    dd 0x9425, 0xE0D6
    dd 0x942B, 0xEFB2
    dd 0x9435, 0xF4D1
    dd 0x9438, 0xF7A1
    dd 0x9444, 0xF1D1
    dd 0x9451, 0xCAFC
    dd 0x9452, 0xCAFD
    dd 0x945B, 0xCECE
    dd 0x947D, 0xF3C8
    dd 0x947F, 0xF3BA
    dd 0x9577, 0xEDFE
    dd 0x9580, 0xDAA6
    dd 0x9583, 0xE0EC
    dd 0x9589, 0xF8CD
    dd 0x958B, 0xCBD2
    dd 0x958F, 0xEBCE
    dd 0x9591, 0xF9D8
    dd 0x9592, 0xF9D9
    dd 0x9593, 0xCAE0
    dd 0x9594, 0xDACA
    dd 0x9598, 0xCBA6
    dd 0x95A3, 0xCAC8
    dd 0x95A4, 0xF9EE
    dd 0x95A5, 0xDBEC
    dd 0x95A8, 0xD0B1
    dd 0x95AD, 0xD5EF
    dd 0x95B1, 0xE6F3
    dd 0x95BB, 0xE7A2
    dd 0x95BC, 0xE4D9
    dd 0x95C7, 0xE4E1
    dd 0x95CA, 0xFCC4
    dd 0x95D4, 0xF9EF
    dd 0x95D5, 0xCFF4
    dd 0x95D6, 0xF7E6
    dd 0x95DC, 0xCEBC
    dd 0x95E1, 0xF4C5
    dd 0x95E2, 0xDCA3
    dd 0x961C, 0xDDBD
    dd 0x9621, 0xF4C6
    dd 0x962A, 0xF8A1
    dd 0x962E, 0xE8D6
    dd 0x9632, 0xDBC1
    dd 0x963B, 0xF0E6
    dd 0x963F, 0xE4B9
    dd 0x9640, 0xF6ED
    dd 0x9642, 0xF9AE
    dd 0x9644, 0xDDBE
    dd 0x964B, 0xD7B0
    dd 0x964C, 0xD8E8
    dd 0x964D, 0xCBBD
    dd 0x9650, 0xF9DA
    dd 0x965B, 0xF8CE
    dd 0x965C, 0xF9F0
    dd 0x965D, 0xE0ED
    dd 0x965E, 0xE3B3
    dd 0x965F, 0xF4B3
    dd 0x9662, 0xEAC2
    dd 0x9663, 0xF2E6
    dd 0x9664, 0xF0B6
    dd 0x966A, 0xDBD6
    dd 0x9670, 0xEBE4
    dd 0x9673, 0xF2E7
    dd 0x9675, 0xD7D5
    dd 0x9676, 0xD4B6
    dd 0x9677, 0xF9E8
    dd 0x9678, 0xD7C1
    dd 0x967D, 0xE5D5
    dd 0x9685, 0xE9EA
    dd 0x9686, 0xD7CC
    dd 0x968A, 0xD3E9
    dd 0x968B, 0xE2C9
    dd 0x968D, 0xFCDB
    dd 0x968E, 0xCDAD
    dd 0x9694, 0xCCB0
    dd 0x9695, 0xEAA2
    dd 0x9698, 0xE4F6
    dd 0x9699, 0xD0C0
    dd 0x969B, 0xF0B7
    dd 0x969C, 0xEEA1
    dd 0x96A3, 0xD7F6
    dd 0x96A7, 0xE2CA
    dd 0x96A8, 0xE2CB
    dd 0x96AA, 0xFACF
    dd 0x96B1, 0xEBDF
    dd 0x96B7, 0xD6CB
    dd 0x96BB, 0xF4B4
    dd 0x96C0, 0xEDCD
    dd 0x96C1, 0xE4D2
    dd 0x96C4, 0xEAA9
    dd 0x96C5, 0xE4BA
    dd 0x96C6, 0xF3A2
    dd 0x96C7, 0xCDD2
    dd 0x96C9, 0xF6CB
    dd 0x96CB, 0xF1E6
    dd 0x96CC, 0xEDC1
    dd 0x96CD, 0xE8BC
    dd 0x96CE, 0xEED1
    dd 0x96D5, 0xF0E7
    dd 0x96D6, 0xE2CC
    dd 0x96D9, 0xE4AA
    dd 0x96DB, 0xF5E1
    dd 0x96DC, 0xEDDA
    dd 0x96E2, 0xD7EE
    dd 0x96E3, 0xD1F1
    dd 0x96E8, 0xE9EB
    dd 0x96E9, 0xE9EC
    dd 0x96EA, 0xE0E4
    dd 0x96EF, 0xDAA7
    dd 0x96F0, 0xDDD4
    dd 0x96F2, 0xEAA3
    dd 0x96F6, 0xD6C3
    dd 0x96F7, 0xD6F4
    dd 0x96F9, 0xDADF
    dd 0x96FB, 0xEFB3
    dd 0x9700, 0xE2CD
    dd 0x9706, 0xEFFD
    dd 0x9707, 0xF2E8
    dd 0x9711, 0xEFC5
    dd 0x9713, 0xE7E7
    dd 0x9716, 0xD7FD
    dd 0x9719, 0xE7CE
    dd 0x971C, 0xDFDC
    dd 0x971E, 0xF9C7
    dd 0x9727, 0xD9F6
    dd 0x9730, 0xDFAC
    dd 0x9732, 0xD6DA
    dd 0x9739, 0xDCA4
    dd 0x973D, 0xF0B8
    dd 0x9742, 0xD5FA
    dd 0x9744, 0xE4F7
    dd 0x9748, 0xD6C4
    dd 0x9751, 0xF4EC
    dd 0x9756, 0xEFFE
    dd 0x975C, 0xF0A1
    dd 0x975E, 0xDEAA
    dd 0x9761, 0xDABC
    dd 0x9762, 0xD8FC
    dd 0x9769, 0xFAD4
    dd 0x976D, 0xECE5
    dd 0x9774, 0xFCA8
    dd 0x9777, 0xECE6
    dd 0x977A, 0xD8CB
    dd 0x978B, 0xFBB9
    dd 0x978D, 0xE4D3
    dd 0x978F, 0xCDF9
    dd 0x97A0, 0xCFD3
    dd 0x97A8, 0xCAEA
    dd 0x97AB, 0xCFD4
    dd 0x97AD, 0xF8BD
    dd 0x97C6, 0xF4C7
    dd 0x97CB, 0xEADF
    dd 0x97D3, 0xF9DB
    dd 0x97DC, 0xD4B7
    dd 0x97F3, 0xEBE5
    dd 0x97F6, 0xE1D2
    dd 0x97FB, 0xEAA4
    dd 0x97FF, 0xFAC2
    dd 0x9800, 0xFBE1
    dd 0x9801, 0xFAED
    dd 0x9802, 0xF0A2
    dd 0x9803, 0xCCF1
    dd 0x9805, 0xFAA3
    dd 0x9806, 0xE2F7
    dd 0x9808, 0xE2CE
    dd 0x980A, 0xE9F5
    dd 0x980C, 0xE1EB
    dd 0x9810, 0xE7E8
    dd 0x9811, 0xE8D7
    dd 0x9812, 0xDAF8
    dd 0x9813, 0xD4CB
    dd 0x9817, 0xF7F6
    dd 0x9818, 0xD6C5
    dd 0x982D, 0xD4E9
    dd 0x9830, 0xFAFA
    dd 0x9838, 0xCCF2
    dd 0x9839, 0xF7DD
    dd 0x983B, 0xDEBA
    dd 0x9846, 0xCEA8
    dd 0x984C, 0xF0B9
    dd 0x984D, 0xE4FE
    dd 0x984E, 0xE4C9
    dd 0x9854, 0xE4D4
    dd 0x9858, 0xEAC3
    dd 0x985A, 0xEFB4
    dd 0x985E, 0xD7BE
    dd 0x9865, 0xFBE2
    dd 0x9867, 0xCDD3
    dd 0x986B, 0xEFB5
    dd 0x986F, 0xFAE9
    dd 0x98A8, 0xF9A6
    dd 0x98AF, 0xDFBD
    dd 0x98B1, 0xF7C7
    dd 0x98C4, 0xF8FD
    dd 0x98C7, 0xF8FC
    dd 0x98DB, 0xDEAB
    dd 0x98DC, 0xDBE8
    dd 0x98DF, 0xE3DD
    dd 0x98E1, 0xE1E2
    dd 0x98E2, 0xD1C6
    dd 0x98ED, 0xF6D0
    dd 0x98EE, 0xEBE6
    dd 0x98EF, 0xDAF9
    dd 0x98F4, 0xECC7
    dd 0x98FC, 0xDEF8
    dd 0x98FD, 0xF8E9
    dd 0x98FE, 0xE3DE
    dd 0x9903, 0xCEF5
    dd 0x9909, 0xFAC3
    dd 0x990A, 0xE5D7
    dd 0x990C, 0xECC8
    dd 0x9910, 0xF3C9
    dd 0x9913, 0xE4BB
    dd 0x9918, 0xE6AE
    dd 0x991E, 0xEFB6
    dd 0x9920, 0xDCBF
    dd 0x9928, 0xCEBD
    dd 0x9945, 0xD8C3
    dd 0x9949, 0xD0CF
    dd 0x994B, 0xCFFA
    dd 0x994C, 0xF3CA
    dd 0x994D, 0xE0D7
    dd 0x9951, 0xD1C7
    dd 0x9952, 0xE9AE
    dd 0x9954, 0xE8BD
    dd 0x9957, 0xFAC4
    dd 0x9996, 0xE2CF
    dd 0x9999, 0xFAC5
    dd 0x999D, 0xF9B8
    dd 0x99A5, 0xDCE0
    dd 0x99A8, 0xFBB0
    dd 0x99AC, 0xD8A9
    dd 0x99AD, 0xE5DF
    dd 0x99AE, 0xF9A7
    dd 0x99B1, 0xF6EE
    dd 0x99B3, 0xF6CC
    dd 0x99B4, 0xE2F8
    dd 0x99B9, 0xECF1
    dd 0x99C1, 0xDAE0
    dd 0x99D0, 0xF1D2
    dd 0x99D1, 0xD2CC
    dd 0x99D2, 0xCFCB
    dd 0x99D5, 0xCABD
    dd 0x99D9, 0xDDBF
    dd 0x99DD, 0xF6EF
    dd 0x99DF, 0xDEF9
    dd 0x99ED, 0xFAB4
    dd 0x99F1, 0xD5AD
    dd 0x99FF, 0xF1E7
    dd 0x9A01, 0xDEBE
    dd 0x9A08, 0xDCC0
    dd 0x9A0E, 0xD1C8
    dd 0x9A0F, 0xD1C9
    dd 0x9A19, 0xF8BE
    dd 0x9A2B, 0xCBF6
    dd 0x9A30, 0xD4F9
    dd 0x9A36, 0xF5E2
    dd 0x9A37, 0xE1D3
    dd 0x9A40, 0xD8E9
    dd 0x9A43, 0xF8FE
    dd 0x9A45, 0xCFCC
    dd 0x9A4D, 0xFDA4
    dd 0x9A55, 0xCEF6
    dd 0x9A57, 0xFAD0
    dd 0x9A5A, 0xCCF3
    dd 0x9A5B, 0xE6BE
    dd 0x9A5F, 0xF6AE
    dd 0x9A62, 0xD5F0
    dd 0x9A65, 0xD1CA
    dd 0x9A69, 0xFCBE
    dd 0x9A6A, 0xD5F1
    dd 0x9AA8, 0xCDE9
    dd 0x9AB8, 0xFAB5
    dd 0x9AD3, 0xE2D0
    dd 0x9AD4, 0xF4F7
    dd 0x9AD8, 0xCDD4
    dd 0x9AE5, 0xE7A3
    dd 0x9AEE, 0xDBA5
    dd 0x9B1A, 0xE2D1
    dd 0x9B27, 0xD7A2
    dd 0x9B2A, 0xF7E3
    dd 0x9B31, 0xEAA6
    dd 0x9B3C, 0xD0A1
    dd 0x9B41, 0xCEDA
    dd 0x9B42, 0xFBEB
    dd 0x9B43, 0xDBA6
    dd 0x9B44, 0xDBDE
    dd 0x9B45, 0xD8E5
    dd 0x9B4F, 0xEAE0
    dd 0x9B54, 0xD8AA
    dd 0x9B5A, 0xE5E0
    dd 0x9B6F, 0xD6DB
    dd 0x9B8E, 0xEFC6
    dd 0x9B91, 0xF8EA
    dd 0x9B9F, 0xE4D5
    dd 0x9BAB, 0xCEF7
    dd 0x9BAE, 0xE0D8
    dd 0x9BC9, 0xD7EF
    dd 0x9BD6, 0xF4ED
    dd 0x9BE4, 0xCDE6
    dd 0x9BE8, 0xCCF4
    dd 0x9C0D, 0xF5E3
    dd 0x9C10, 0xE4CA
    dd 0x9C12, 0xDCE1
    dd 0x9C15, 0xF9C8
    dd 0x9C25, 0xFCBF
    dd 0x9C32, 0xE8A7
    dd 0x9C3B, 0xD8C4
    dd 0x9C47, 0xCBBE
    dd 0x9C49, 0xDCAE
    dd 0x9C57, 0xD7F7
    dd 0x9CE5, 0xF0E8
    dd 0x9CE7, 0xDDC0
    dd 0x9CE9, 0xCFCD
    dd 0x9CF3, 0xDCF3
    dd 0x9CF4, 0xD9B0
    dd 0x9CF6, 0xE6E9
    dd 0x9D09, 0xE4BC
    dd 0x9D1B, 0xEAC4
    dd 0x9D26, 0xE4EC
    dd 0x9D28, 0xE4E5
    dd 0x9D3B, 0xFBF8
    dd 0x9D51, 0xCCBB
    dd 0x9D5D, 0xE4BD
    dd 0x9D60, 0xCDDC
    dd 0x9D61, 0xD9F7
    dd 0x9D6C, 0xDDDF
    dd 0x9D72, 0xEDCE
    dd 0x9DA9, 0xD9D0
    dd 0x9DAF, 0xE5A3
    dd 0x9DB4, 0xF9CD
    dd 0x9DC4, 0xCDAE
    dd 0x9DD7, 0xCFCE
    dd 0x9DF2, 0xF6AF
    dd 0x9DF8, 0xFDD3
    dd 0x9DF9, 0xEBED
    dd 0x9DFA, 0xD6DC
    dd 0x9E1A, 0xE5A4
    dd 0x9E1E, 0xD5B6
    dd 0x9E75, 0xD6DD
    dd 0x9E79, 0xF9E9
    dd 0x9E7D, 0xE7A4
    dd 0x9E7F, 0xD6E3
    dd 0x9E92, 0xD1CB
    dd 0x9E93, 0xD6E4
    dd 0x9E97, 0xD5F2
    dd 0x9E9D, 0xDEFA
    dd 0x9E9F, 0xD7F8
    dd 0x9EA5, 0xD8EA
    dd 0x9EB4, 0xCFD5
    dd 0x9EB5, 0xD8FD
    dd 0x9EBB, 0xD8AB
    dd 0x9EBE, 0xFDCB
    dd 0x9EC3, 0xFCDC
    dd 0x9ECD, 0xE0A8
    dd 0x9ECE, 0xD5F3
    dd 0x9ED1, 0xFDD9
    dd 0x9ED4, 0xCCA3
    dd 0x9ED8, 0xD9F9
    dd 0x9EDB, 0xD3EA
    dd 0x9EDC, 0xF5F5
    dd 0x9EDE, 0xEFC7
    dd 0x9EE8, 0xD3DA
    dd 0x9EF4, 0xDABD
    dd 0x9F07, 0xE8A8
    dd 0x9F08, 0xDCAF
    dd 0x9F0E, 0xF0A3
    dd 0x9F13, 0xCDD5
    dd 0x9F20, 0xE0A9
    dd 0x9F3B, 0xDEAC
    dd 0x9F4A, 0xF0BA
    dd 0x9F4B, 0xEEB1
    dd 0x9F4E, 0xEEB2
    dd 0x9F52, 0xF6CD
    dd 0x9F5F, 0xEED2
    dd 0x9F61, 0xD6C6
    dd 0x9F67, 0xE0E5
    dd 0x9F6A, 0xF3BB
    dd 0x9F6C, 0xE5E1
    dd 0x9F77, 0xE4CB
    dd 0x9F8D, 0xD7A3
    dd 0x9F90, 0xDBC2
    dd 0x9F95, 0xCAFE
    dd 0x9F9C, 0xCFCF
    dd 0xAC00, 0xB0A1
    dd 0xAC01, 0xB0A2
    dd 0xAC02, 0x8141
    dd 0xAC03, 0x8142
    dd 0xAC04, 0xB0A3
    dd 0xAC05, 0x8143
    dd 0xAC06, 0x8144
    dd 0xAC07, 0xB0A4
    dd 0xAC08, 0xB0A5
    dd 0xAC09, 0xB0A6
    dd 0xAC0A, 0xB0A7
    dd 0xAC0B, 0x8145
    dd 0xAC0C, 0x8146
    dd 0xAC0D, 0x8147
    dd 0xAC0E, 0x8148
    dd 0xAC0F, 0x8149
    dd 0xAC10, 0xB0A8
    dd 0xAC11, 0xB0A9
    dd 0xAC12, 0xB0AA
    dd 0xAC13, 0xB0AB
    dd 0xAC14, 0xB0AC
    dd 0xAC15, 0xB0AD
    dd 0xAC16, 0xB0AE
    dd 0xAC17, 0xB0AF
    dd 0xAC18, 0x814A
    dd 0xAC19, 0xB0B0
    dd 0xAC1A, 0xB0B1
    dd 0xAC1B, 0xB0B2
    dd 0xAC1C, 0xB0B3
    dd 0xAC1D, 0xB0B4
    dd 0xAC1E, 0x814B
    dd 0xAC1F, 0x814C
    dd 0xAC20, 0xB0B5
    dd 0xAC21, 0x814D
    dd 0xAC22, 0x814E
    dd 0xAC23, 0x814F
    dd 0xAC24, 0xB0B6
    dd 0xAC25, 0x8150
    dd 0xAC26, 0x8151
    dd 0xAC27, 0x8152
    dd 0xAC28, 0x8153
    dd 0xAC29, 0x8154
    dd 0xAC2A, 0x8155
    dd 0xAC2B, 0x8156
    dd 0xAC2C, 0xB0B7
    dd 0xAC2D, 0xB0B8
    dd 0xAC2E, 0x8157
    dd 0xAC2F, 0xB0B9
    dd 0xAC30, 0xB0BA
    dd 0xAC31, 0xB0BB
    dd 0xAC32, 0x8158
    dd 0xAC33, 0x8159
    dd 0xAC34, 0x815A
    dd 0xAC35, 0x8161
    dd 0xAC36, 0x8162
    dd 0xAC37, 0x8163
    dd 0xAC38, 0xB0BC
    dd 0xAC39, 0xB0BD
    dd 0xAC3A, 0x8164
    dd 0xAC3B, 0x8165
    dd 0xAC3C, 0xB0BE
    dd 0xAC3D, 0x8166
    dd 0xAC3E, 0x8167
    dd 0xAC3F, 0x8168
    dd 0xAC40, 0xB0BF
    dd 0xAC41, 0x8169
    dd 0xAC42, 0x816A
    dd 0xAC43, 0x816B
    dd 0xAC44, 0x816C
    dd 0xAC45, 0x816D
    dd 0xAC46, 0x816E
    dd 0xAC47, 0x816F
    dd 0xAC48, 0x8170
    dd 0xAC49, 0x8171
    dd 0xAC4A, 0x8172
    dd 0xAC4B, 0xB0C0
    dd 0xAC4C, 0x8173
    dd 0xAC4D, 0xB0C1
    dd 0xAC4E, 0x8174
    dd 0xAC4F, 0x8175
    dd 0xAC50, 0x8176
    dd 0xAC51, 0x8177
    dd 0xAC52, 0x8178
    dd 0xAC53, 0x8179
    dd 0xAC54, 0xB0C2
    dd 0xAC55, 0x817A
    dd 0xAC56, 0x8181
    dd 0xAC57, 0x8182
    dd 0xAC58, 0xB0C3
    dd 0xAC59, 0x8183
    dd 0xAC5A, 0x8184
    dd 0xAC5B, 0x8185
    dd 0xAC5C, 0xB0C4
    dd 0xAC5D, 0x8186
    dd 0xAC5E, 0x8187
    dd 0xAC5F, 0x8188
    dd 0xAC60, 0x8189
    dd 0xAC61, 0x818A
    dd 0xAC62, 0x818B
    dd 0xAC63, 0x818C
    dd 0xAC64, 0x818D
    dd 0xAC65, 0x818E
    dd 0xAC66, 0x818F
    dd 0xAC67, 0x8190
    dd 0xAC68, 0x8191
    dd 0xAC69, 0x8192
    dd 0xAC6A, 0x8193
    dd 0xAC6B, 0x8194
    dd 0xAC6C, 0x8195
    dd 0xAC6D, 0x8196
    dd 0xAC6E, 0x8197
    dd 0xAC6F, 0x8198
    dd 0xAC70, 0xB0C5
    dd 0xAC71, 0xB0C6
    dd 0xAC72, 0x8199
    dd 0xAC73, 0x819A
    dd 0xAC74, 0xB0C7
    dd 0xAC75, 0x819B
    dd 0xAC76, 0x819C
    dd 0xAC77, 0xB0C8
    dd 0xAC78, 0xB0C9
    dd 0xAC79, 0x819D
    dd 0xAC7A, 0xB0CA
    dd 0xAC7B, 0x819E
    dd 0xAC7C, 0x819F
    dd 0xAC7D, 0x81A0
    dd 0xAC7E, 0x81A1
    dd 0xAC7F, 0x81A2
    dd 0xAC80, 0xB0CB
    dd 0xAC81, 0xB0CC
    dd 0xAC82, 0x81A3
    dd 0xAC83, 0xB0CD
    dd 0xAC84, 0xB0CE
    dd 0xAC85, 0xB0CF
    dd 0xAC86, 0xB0D0
    dd 0xAC87, 0x81A4
    dd 0xAC88, 0x81A5
    dd 0xAC89, 0xB0D1
    dd 0xAC8A, 0xB0D2
    dd 0xAC8B, 0xB0D3
    dd 0xAC8C, 0xB0D4
    dd 0xAC8D, 0x81A6
    dd 0xAC8E, 0x81A7
    dd 0xAC8F, 0x81A8
    dd 0xAC90, 0xB0D5
    dd 0xAC91, 0x81A9
    dd 0xAC92, 0x81AA
    dd 0xAC93, 0x81AB
    dd 0xAC94, 0xB0D6
    dd 0xAC95, 0x81AC
    dd 0xAC96, 0x81AD
    dd 0xAC97, 0x81AE
    dd 0xAC98, 0x81AF
    dd 0xAC99, 0x81B0
    dd 0xAC9A, 0x81B1
    dd 0xAC9B, 0x81B2
    dd 0xAC9C, 0xB0D7
    dd 0xAC9D, 0xB0D8
    dd 0xAC9E, 0x81B3
    dd 0xAC9F, 0xB0D9
    dd 0xACA0, 0xB0DA
    dd 0xACA1, 0xB0DB
    dd 0xACA2, 0x81B4
    dd 0xACA3, 0x81B5
    dd 0xACA4, 0x81B6
    dd 0xACA5, 0x81B7
    dd 0xACA6, 0x81B8
    dd 0xACA7, 0x81B9
    dd 0xACA8, 0xB0DC
    dd 0xACA9, 0xB0DD
    dd 0xACAA, 0xB0DE
    dd 0xACAB, 0x81BA
    dd 0xACAC, 0xB0DF
    dd 0xACAD, 0x81BB
    dd 0xACAE, 0x81BC
    dd 0xACAF, 0xB0E0
    dd 0xACB0, 0xB0E1
    dd 0xACB1, 0x81BD
    dd 0xACB2, 0x81BE
    dd 0xACB3, 0x81BF
    dd 0xACB4, 0x81C0
    dd 0xACB5, 0x81C1
    dd 0xACB6, 0x81C2
    dd 0xACB7, 0x81C3
    dd 0xACB8, 0xB0E2
    dd 0xACB9, 0xB0E3
    dd 0xACBA, 0x81C4
    dd 0xACBB, 0xB0E4
    dd 0xACBC, 0xB0E5
    dd 0xACBD, 0xB0E6
    dd 0xACBE, 0x81C5
    dd 0xACBF, 0x81C6
    dd 0xACC0, 0x81C7
    dd 0xACC1, 0xB0E7
    dd 0xACC2, 0x81C8
    dd 0xACC3, 0x81C9
    dd 0xACC4, 0xB0E8
    dd 0xACC5, 0x81CA
    dd 0xACC6, 0x81CB
    dd 0xACC7, 0x81CC
    dd 0xACC8, 0xB0E9
    dd 0xACC9, 0x81CD
    dd 0xACCA, 0x81CE
    dd 0xACCB, 0x81CF
    dd 0xACCC, 0xB0EA
    dd 0xACCD, 0x81D0
    dd 0xACCE, 0x81D1
    dd 0xACCF, 0x81D2
    dd 0xACD0, 0x81D3
    dd 0xACD1, 0x81D4
    dd 0xACD2, 0x81D5
    dd 0xACD3, 0x81D6
    dd 0xACD4, 0x81D7
    dd 0xACD5, 0xB0EB
    dd 0xACD6, 0x81D8
    dd 0xACD7, 0xB0EC
    dd 0xACD8, 0x81D9
    dd 0xACD9, 0x81DA
    dd 0xACDA, 0x81DB
    dd 0xACDB, 0x81DC
    dd 0xACDC, 0x81DD
    dd 0xACDD, 0x81DE
    dd 0xACDE, 0x81DF
    dd 0xACDF, 0x81E0
    dd 0xACE0, 0xB0ED
    dd 0xACE1, 0xB0EE
    dd 0xACE2, 0x81E1
    dd 0xACE3, 0x81E2
    dd 0xACE4, 0xB0EF
    dd 0xACE5, 0x81E3
    dd 0xACE6, 0x81E4
    dd 0xACE7, 0xB0F0
    dd 0xACE8, 0xB0F1
    dd 0xACE9, 0x81E5
    dd 0xACEA, 0xB0F2
    dd 0xACEB, 0x81E6
    dd 0xACEC, 0xB0F3
    dd 0xACED, 0x81E7
    dd 0xACEE, 0x81E8
    dd 0xACEF, 0xB0F4
    dd 0xACF0, 0xB0F5
    dd 0xACF1, 0xB0F6
    dd 0xACF2, 0x81E9
    dd 0xACF3, 0xB0F7
    dd 0xACF4, 0x81EA
    dd 0xACF5, 0xB0F8
    dd 0xACF6, 0xB0F9
    dd 0xACF7, 0x81EB
    dd 0xACF8, 0x81EC
    dd 0xACF9, 0x81ED
    dd 0xACFA, 0x81EE
    dd 0xACFB, 0x81EF
    dd 0xACFC, 0xB0FA
    dd 0xACFD, 0xB0FB
    dd 0xACFE, 0x81F0
    dd 0xACFF, 0x81F1
    dd 0xAD00, 0xB0FC
    dd 0xAD01, 0x81F2
    dd 0xAD02, 0x81F3
    dd 0xAD03, 0x81F4
    dd 0xAD04, 0xB0FD
    dd 0xAD05, 0x81F5
    dd 0xAD06, 0xB0FE
    dd 0xAD07, 0x81F6
    dd 0xAD08, 0x81F7
    dd 0xAD09, 0x81F8
    dd 0xAD0A, 0x81F9
    dd 0xAD0B, 0x81FA
    dd 0xAD0C, 0xB1A1
    dd 0xAD0D, 0xB1A2
    dd 0xAD0E, 0x81FB
    dd 0xAD0F, 0xB1A3
    dd 0xAD10, 0x81FC
    dd 0xAD11, 0xB1A4
    dd 0xAD12, 0x81FD
    dd 0xAD13, 0x81FE
    dd 0xAD14, 0x8241
    dd 0xAD15, 0x8242
    dd 0xAD16, 0x8243
    dd 0xAD17, 0x8244
    dd 0xAD18, 0xB1A5
    dd 0xAD19, 0x8245
    dd 0xAD1A, 0x8246
    dd 0xAD1B, 0x8247
    dd 0xAD1C, 0xB1A6
    dd 0xAD1D, 0x8248
    dd 0xAD1E, 0x8249
    dd 0xAD1F, 0x824A
    dd 0xAD20, 0xB1A7
    dd 0xAD21, 0x824B
    dd 0xAD22, 0x824C
    dd 0xAD23, 0x824D
    dd 0xAD24, 0x824E
    dd 0xAD25, 0x824F
    dd 0xAD26, 0x8250
    dd 0xAD27, 0x8251
    dd 0xAD28, 0x8252
    dd 0xAD29, 0xB1A8
    dd 0xAD2A, 0x8253
    dd 0xAD2B, 0x8254
    dd 0xAD2C, 0xB1A9
    dd 0xAD2D, 0xB1AA
    dd 0xAD2E, 0x8255
    dd 0xAD2F, 0x8256
    dd 0xAD30, 0x8257
    dd 0xAD31, 0x8258
    dd 0xAD32, 0x8259
    dd 0xAD33, 0x825A
    dd 0xAD34, 0xB1AB
    dd 0xAD35, 0xB1AC
    dd 0xAD36, 0x8261
    dd 0xAD37, 0x8262
    dd 0xAD38, 0xB1AD
    dd 0xAD39, 0x8263
    dd 0xAD3A, 0x8264
    dd 0xAD3B, 0x8265
    dd 0xAD3C, 0xB1AE
    dd 0xAD3D, 0x8266
    dd 0xAD3E, 0x8267
    dd 0xAD3F, 0x8268
    dd 0xAD40, 0x8269
    dd 0xAD41, 0x826A
    dd 0xAD42, 0x826B
    dd 0xAD43, 0x826C
    dd 0xAD44, 0xB1AF
    dd 0xAD45, 0xB1B0
    dd 0xAD46, 0x826D
    dd 0xAD47, 0xB1B1
    dd 0xAD48, 0x826E
    dd 0xAD49, 0xB1B2
    dd 0xAD4A, 0x826F
    dd 0xAD4B, 0x8270
    dd 0xAD4C, 0x8271
    dd 0xAD4D, 0x8272
    dd 0xAD4E, 0x8273
    dd 0xAD4F, 0x8274
    dd 0xAD50, 0xB1B3
    dd 0xAD51, 0x8275
    dd 0xAD52, 0x8276
    dd 0xAD53, 0x8277
    dd 0xAD54, 0xB1B4
    dd 0xAD55, 0x8278
    dd 0xAD56, 0x8279
    dd 0xAD57, 0x827A
    dd 0xAD58, 0xB1B5
    dd 0xAD59, 0x8281
    dd 0xAD5A, 0x8282
    dd 0xAD5B, 0x8283
    dd 0xAD5C, 0x8284
    dd 0xAD5D, 0x8285
    dd 0xAD5E, 0x8286
    dd 0xAD5F, 0x8287
    dd 0xAD60, 0x8288
    dd 0xAD61, 0xB1B6
    dd 0xAD62, 0x8289
    dd 0xAD63, 0xB1B7
    dd 0xAD64, 0x828A
    dd 0xAD65, 0x828B
    dd 0xAD66, 0x828C
    dd 0xAD67, 0x828D
    dd 0xAD68, 0x828E
    dd 0xAD69, 0x828F
    dd 0xAD6A, 0x8290
    dd 0xAD6B, 0x8291
    dd 0xAD6C, 0xB1B8
    dd 0xAD6D, 0xB1B9
    dd 0xAD6E, 0x8292
    dd 0xAD6F, 0x8293
    dd 0xAD70, 0xB1BA
    dd 0xAD71, 0x8294
    dd 0xAD72, 0x8295
    dd 0xAD73, 0xB1BB
    dd 0xAD74, 0xB1BC
    dd 0xAD75, 0xB1BD
    dd 0xAD76, 0xB1BE
    dd 0xAD77, 0x8296
    dd 0xAD78, 0x8297
    dd 0xAD79, 0x8298
    dd 0xAD7A, 0x8299
    dd 0xAD7B, 0xB1BF
    dd 0xAD7C, 0xB1C0
    dd 0xAD7D, 0xB1C1
    dd 0xAD7E, 0x829A
    dd 0xAD7F, 0xB1C2
    dd 0xAD80, 0x829B
    dd 0xAD81, 0xB1C3
    dd 0xAD82, 0xB1C4
    dd 0xAD83, 0x829C
    dd 0xAD84, 0x829D
    dd 0xAD85, 0x829E
    dd 0xAD86, 0x829F
    dd 0xAD87, 0x82A0
    dd 0xAD88, 0xB1C5
    dd 0xAD89, 0xB1C6
    dd 0xAD8A, 0x82A1
    dd 0xAD8B, 0x82A2
    dd 0xAD8C, 0xB1C7
    dd 0xAD8D, 0x82A3
    dd 0xAD8E, 0x82A4
    dd 0xAD8F, 0x82A5
    dd 0xAD90, 0xB1C8
    dd 0xAD91, 0x82A6
    dd 0xAD92, 0x82A7
    dd 0xAD93, 0x82A8
    dd 0xAD94, 0x82A9
    dd 0xAD95, 0x82AA
    dd 0xAD96, 0x82AB
    dd 0xAD97, 0x82AC
    dd 0xAD98, 0x82AD
    dd 0xAD99, 0x82AE
    dd 0xAD9A, 0x82AF
    dd 0xAD9B, 0x82B0
    dd 0xAD9C, 0xB1C9
    dd 0xAD9D, 0xB1CA
    dd 0xAD9E, 0x82B1
    dd 0xAD9F, 0x82B2
    dd 0xADA0, 0x82B3
    dd 0xADA1, 0x82B4
    dd 0xADA2, 0x82B5
    dd 0xADA3, 0x82B6
    dd 0xADA4, 0xB1CB
    dd 0xADA5, 0x82B7
    dd 0xADA6, 0x82B8
    dd 0xADA7, 0x82B9
    dd 0xADA8, 0x82BA
    dd 0xADA9, 0x82BB
    dd 0xADAA, 0x82BC
    dd 0xADAB, 0x82BD
    dd 0xADAC, 0x82BE
    dd 0xADAD, 0x82BF
    dd 0xADAE, 0x82C0
    dd 0xADAF, 0x82C1
    dd 0xADB0, 0x82C2
    dd 0xADB1, 0x82C3
    dd 0xADB2, 0x82C4
    dd 0xADB3, 0x82C5
    dd 0xADB4, 0x82C6
    dd 0xADB5, 0x82C7
    dd 0xADB6, 0x82C8
    dd 0xADB7, 0xB1CC
    dd 0xADB8, 0x82C9
    dd 0xADB9, 0x82CA
    dd 0xADBA, 0x82CB
    dd 0xADBB, 0x82CC
    dd 0xADBC, 0x82CD
    dd 0xADBD, 0x82CE
    dd 0xADBE, 0x82CF
    dd 0xADBF, 0x82D0
    dd 0xADC0, 0xB1CD
    dd 0xADC1, 0xB1CE
    dd 0xADC2, 0x82D1
    dd 0xADC3, 0x82D2
    dd 0xADC4, 0xB1CF
    dd 0xADC5, 0x82D3
    dd 0xADC6, 0x82D4
    dd 0xADC7, 0x82D5
    dd 0xADC8, 0xB1D0
    dd 0xADC9, 0x82D6
    dd 0xADCA, 0x82D7
    dd 0xADCB, 0x82D8
    dd 0xADCC, 0x82D9
    dd 0xADCD, 0x82DA
    dd 0xADCE, 0x82DB
    dd 0xADCF, 0x82DC
    dd 0xADD0, 0xB1D1
    dd 0xADD1, 0xB1D2
    dd 0xADD2, 0x82DD
    dd 0xADD3, 0xB1D3
    dd 0xADD4, 0x82DE
    dd 0xADD5, 0x82DF
    dd 0xADD6, 0x82E0
    dd 0xADD7, 0x82E1
    dd 0xADD8, 0x82E2
    dd 0xADD9, 0x82E3
    dd 0xADDA, 0x82E4
    dd 0xADDB, 0x82E5
    dd 0xADDC, 0xB1D4
    dd 0xADDD, 0x82E6
    dd 0xADDE, 0x82E7
    dd 0xADDF, 0x82E8
    dd 0xADE0, 0xB1D5
    dd 0xADE1, 0x82E9
    dd 0xADE2, 0x82EA
    dd 0xADE3, 0x82EB
    dd 0xADE4, 0xB1D6
    dd 0xADE5, 0x82EC
    dd 0xADE6, 0x82ED
    dd 0xADE7, 0x82EE
    dd 0xADE8, 0x82EF
    dd 0xADE9, 0x82F0
    dd 0xADEA, 0x82F1
    dd 0xADEB, 0x82F2
    dd 0xADEC, 0x82F3
    dd 0xADED, 0x82F4
    dd 0xADEE, 0x82F5
    dd 0xADEF, 0x82F6
    dd 0xADF0, 0x82F7
    dd 0xADF1, 0x82F8
    dd 0xADF2, 0x82F9
    dd 0xADF3, 0x82FA
    dd 0xADF4, 0x82FB
    dd 0xADF5, 0x82FC
    dd 0xADF6, 0x82FD
    dd 0xADF7, 0x82FE
    dd 0xADF8, 0xB1D7
    dd 0xADF9, 0xB1D8
    dd 0xADFA, 0x8341
    dd 0xADFB, 0x8342
    dd 0xADFC, 0xB1D9
    dd 0xADFD, 0x8343
    dd 0xADFE, 0x8344
    dd 0xADFF, 0xB1DA
    dd 0xAE00, 0xB1DB
    dd 0xAE01, 0xB1DC
    dd 0xAE02, 0x8345
    dd 0xAE03, 0x8346
    dd 0xAE04, 0x8347
    dd 0xAE05, 0x8348
    dd 0xAE06, 0x8349
    dd 0xAE07, 0x834A
    dd 0xAE08, 0xB1DD
    dd 0xAE09, 0xB1DE
    dd 0xAE0A, 0x834B
    dd 0xAE0B, 0xB1DF
    dd 0xAE0C, 0x834C
    dd 0xAE0D, 0xB1E0
    dd 0xAE0E, 0x834D
    dd 0xAE0F, 0x834E
    dd 0xAE10, 0x834F
    dd 0xAE11, 0x8350
    dd 0xAE12, 0x8351
    dd 0xAE13, 0x8352
    dd 0xAE14, 0xB1E1
    dd 0xAE15, 0x8353
    dd 0xAE16, 0x8354
    dd 0xAE17, 0x8355
    dd 0xAE18, 0x8356
    dd 0xAE19, 0x8357
    dd 0xAE1A, 0x8358
    dd 0xAE1B, 0x8359
    dd 0xAE1C, 0x835A
    dd 0xAE1D, 0x8361
    dd 0xAE1E, 0x8362
    dd 0xAE1F, 0x8363
    dd 0xAE20, 0x8364
    dd 0xAE21, 0x8365
    dd 0xAE22, 0x8366
    dd 0xAE23, 0x8367
    dd 0xAE24, 0x8368
    dd 0xAE25, 0x8369
    dd 0xAE26, 0x836A
    dd 0xAE27, 0x836B
    dd 0xAE28, 0x836C
    dd 0xAE29, 0x836D
    dd 0xAE2A, 0x836E
    dd 0xAE2B, 0x836F
    dd 0xAE2C, 0x8370
    dd 0xAE2D, 0x8371
    dd 0xAE2E, 0x8372
    dd 0xAE2F, 0x8373
    dd 0xAE30, 0xB1E2
    dd 0xAE31, 0xB1E3
    dd 0xAE32, 0x8374
    dd 0xAE33, 0x8375
    dd 0xAE34, 0xB1E4
    dd 0xAE35, 0x8376
    dd 0xAE36, 0x8377
    dd 0xAE37, 0xB1E5
    dd 0xAE38, 0xB1E6
    dd 0xAE39, 0x8378
    dd 0xAE3A, 0xB1E7
    dd 0xAE3B, 0x8379
    dd 0xAE3C, 0x837A
    dd 0xAE3D, 0x8381
    dd 0xAE3E, 0x8382
    dd 0xAE3F, 0x8383
    dd 0xAE40, 0xB1E8
    dd 0xAE41, 0xB1E9
    dd 0xAE42, 0x8384
    dd 0xAE43, 0xB1EA
    dd 0xAE44, 0x8385
    dd 0xAE45, 0xB1EB
    dd 0xAE46, 0xB1EC
    dd 0xAE47, 0x8386
    dd 0xAE48, 0x8387
    dd 0xAE49, 0x8388
    dd 0xAE4A, 0xB1ED
    dd 0xAE4B, 0x8389
    dd 0xAE4C, 0xB1EE
    dd 0xAE4D, 0xB1EF
    dd 0xAE4E, 0xB1F0
    dd 0xAE4F, 0x838A
    dd 0xAE50, 0xB1F1
    dd 0xAE51, 0x838B
    dd 0xAE52, 0x838C
    dd 0xAE53, 0x838D
    dd 0xAE54, 0xB1F2
    dd 0xAE55, 0x838E
    dd 0xAE56, 0xB1F3
    dd 0xAE57, 0x838F
    dd 0xAE58, 0x8390
    dd 0xAE59, 0x8391
    dd 0xAE5A, 0x8392
    dd 0xAE5B, 0x8393
    dd 0xAE5C, 0xB1F4
    dd 0xAE5D, 0xB1F5
    dd 0xAE5E, 0x8394
    dd 0xAE5F, 0xB1F6
    dd 0xAE60, 0xB1F7
    dd 0xAE61, 0xB1F8
    dd 0xAE62, 0x8395
    dd 0xAE63, 0x8396
    dd 0xAE64, 0x8397
    dd 0xAE65, 0xB1F9
    dd 0xAE66, 0x8398
    dd 0xAE67, 0x8399
    dd 0xAE68, 0xB1FA
    dd 0xAE69, 0xB1FB
    dd 0xAE6A, 0x839A
    dd 0xAE6B, 0x839B
    dd 0xAE6C, 0xB1FC
    dd 0xAE6D, 0x839C
    dd 0xAE6E, 0x839D
    dd 0xAE6F, 0x839E
    dd 0xAE70, 0xB1FD
    dd 0xAE71, 0x839F
    dd 0xAE72, 0x83A0
    dd 0xAE73, 0x83A1
    dd 0xAE74, 0x83A2
    dd 0xAE75, 0x83A3
    dd 0xAE76, 0x83A4
    dd 0xAE77, 0x83A5
    dd 0xAE78, 0xB1FE
    dd 0xAE79, 0xB2A1
    dd 0xAE7A, 0x83A6
    dd 0xAE7B, 0xB2A2
    dd 0xAE7C, 0xB2A3
    dd 0xAE7D, 0xB2A4
    dd 0xAE7E, 0x83A7
    dd 0xAE7F, 0x83A8
    dd 0xAE80, 0x83A9
    dd 0xAE81, 0x83AA
    dd 0xAE82, 0x83AB
    dd 0xAE83, 0x83AC
    dd 0xAE84, 0xB2A5
    dd 0xAE85, 0xB2A6
    dd 0xAE86, 0x83AD
    dd 0xAE87, 0x83AE
    dd 0xAE88, 0x83AF
    dd 0xAE89, 0x83B0
    dd 0xAE8A, 0x83B1
    dd 0xAE8B, 0x83B2
    dd 0xAE8C, 0xB2A7
    dd 0xAE8D, 0x83B3
    dd 0xAE8E, 0x83B4
    dd 0xAE8F, 0x83B5
    dd 0xAE90, 0x83B6
    dd 0xAE91, 0x83B7
    dd 0xAE92, 0x83B8
    dd 0xAE93, 0x83B9
    dd 0xAE94, 0x83BA
    dd 0xAE95, 0x83BB
    dd 0xAE96, 0x83BC
    dd 0xAE97, 0x83BD
    dd 0xAE98, 0x83BE
    dd 0xAE99, 0x83BF
    dd 0xAE9A, 0x83C0
    dd 0xAE9B, 0x83C1
    dd 0xAE9C, 0x83C2
    dd 0xAE9D, 0x83C3
    dd 0xAE9E, 0x83C4
    dd 0xAE9F, 0x83C5
    dd 0xAEA0, 0x83C6
    dd 0xAEA1, 0x83C7
    dd 0xAEA2, 0x83C8
    dd 0xAEA3, 0x83C9
    dd 0xAEA4, 0x83CA
    dd 0xAEA5, 0x83CB
    dd 0xAEA6, 0x83CC
    dd 0xAEA7, 0x83CD
    dd 0xAEA8, 0x83CE
    dd 0xAEA9, 0x83CF
    dd 0xAEAA, 0x83D0
    dd 0xAEAB, 0x83D1
    dd 0xAEAC, 0x83D2
    dd 0xAEAD, 0x83D3
    dd 0xAEAE, 0x83D4
    dd 0xAEAF, 0x83D5
    dd 0xAEB0, 0x83D6
    dd 0xAEB1, 0x83D7
    dd 0xAEB2, 0x83D8
    dd 0xAEB3, 0x83D9
    dd 0xAEB4, 0x83DA
    dd 0xAEB5, 0x83DB
    dd 0xAEB6, 0x83DC
    dd 0xAEB7, 0x83DD
    dd 0xAEB8, 0x83DE
    dd 0xAEB9, 0x83DF
    dd 0xAEBA, 0x83E0
    dd 0xAEBB, 0x83E1
    dd 0xAEBC, 0xB2A8
    dd 0xAEBD, 0xB2A9
    dd 0xAEBE, 0xB2AA
    dd 0xAEBF, 0x83E2
    dd 0xAEC0, 0xB2AB
    dd 0xAEC1, 0x83E3
    dd 0xAEC2, 0x83E4
    dd 0xAEC3, 0x83E5
    dd 0xAEC4, 0xB2AC
    dd 0xAEC5, 0x83E6
    dd 0xAEC6, 0x83E7
    dd 0xAEC7, 0x83E8
    dd 0xAEC8, 0x83E9
    dd 0xAEC9, 0x83EA
    dd 0xAECA, 0x83EB
    dd 0xAECB, 0x83EC
    dd 0xAECC, 0xB2AD
    dd 0xAECD, 0xB2AE
    dd 0xAECE, 0x83ED
    dd 0xAECF, 0xB2AF
    dd 0xAED0, 0xB2B0
    dd 0xAED1, 0xB2B1
    dd 0xAED2, 0x83EE
    dd 0xAED3, 0x83EF
    dd 0xAED4, 0x83F0
    dd 0xAED5, 0x83F1
    dd 0xAED6, 0x83F2
    dd 0xAED7, 0x83F3
    dd 0xAED8, 0xB2B2
    dd 0xAED9, 0xB2B3
    dd 0xAEDA, 0x83F4
    dd 0xAEDB, 0x83F5
    dd 0xAEDC, 0xB2B4
    dd 0xAEDD, 0x83F6
    dd 0xAEDE, 0x83F7
    dd 0xAEDF, 0x83F8
    dd 0xAEE0, 0x83F9
    dd 0xAEE1, 0x83FA
    dd 0xAEE2, 0x83FB
    dd 0xAEE3, 0x83FC
    dd 0xAEE4, 0x83FD
    dd 0xAEE5, 0x83FE
    dd 0xAEE6, 0x8441
    dd 0xAEE7, 0x8442
    dd 0xAEE8, 0xB2B5
    dd 0xAEE9, 0x8443
    dd 0xAEEA, 0x8444
    dd 0xAEEB, 0xB2B6
    dd 0xAEEC, 0x8445
    dd 0xAEED, 0xB2B7
    dd 0xAEEE, 0x8446
    dd 0xAEEF, 0x8447
    dd 0xAEF0, 0x8448
    dd 0xAEF1, 0x8449
    dd 0xAEF2, 0x844A
    dd 0xAEF3, 0x844B
    dd 0xAEF4, 0xB2B8
    dd 0xAEF5, 0x844C
    dd 0xAEF6, 0x844D
    dd 0xAEF7, 0x844E
    dd 0xAEF8, 0xB2B9
    dd 0xAEF9, 0x844F
    dd 0xAEFA, 0x8450
    dd 0xAEFB, 0x8451
    dd 0xAEFC, 0xB2BA
    dd 0xAEFD, 0x8452
    dd 0xAEFE, 0x8453
    dd 0xAEFF, 0x8454
    dd 0xAF00, 0x8455
    dd 0xAF01, 0x8456
    dd 0xAF02, 0x8457
    dd 0xAF03, 0x8458
    dd 0xAF04, 0x8459
    dd 0xAF05, 0x845A
    dd 0xAF06, 0x8461
    dd 0xAF07, 0xB2BB
    dd 0xAF08, 0xB2BC
    dd 0xAF09, 0x8462
    dd 0xAF0A, 0x8463
    dd 0xAF0B, 0x8464
    dd 0xAF0C, 0x8465
    dd 0xAF0D, 0xB2BD
    dd 0xAF0E, 0x8466
    dd 0xAF0F, 0x8467
    dd 0xAF10, 0xB2BE
    dd 0xAF11, 0x8468
    dd 0xAF12, 0x8469
    dd 0xAF13, 0x846A
    dd 0xAF14, 0x846B
    dd 0xAF15, 0x846C
    dd 0xAF16, 0x846D
    dd 0xAF17, 0x846E
    dd 0xAF18, 0x846F
    dd 0xAF19, 0x8470
    dd 0xAF1A, 0x8471
    dd 0xAF1B, 0x8472
    dd 0xAF1C, 0x8473
    dd 0xAF1D, 0x8474
    dd 0xAF1E, 0x8475
    dd 0xAF1F, 0x8476
    dd 0xAF20, 0x8477
    dd 0xAF21, 0x8478
    dd 0xAF22, 0x8479
    dd 0xAF23, 0x847A
    dd 0xAF24, 0x8481
    dd 0xAF25, 0x8482
    dd 0xAF26, 0x8483
    dd 0xAF27, 0x8484
    dd 0xAF28, 0x8485
    dd 0xAF29, 0x8486
    dd 0xAF2A, 0x8487
    dd 0xAF2B, 0x8488
    dd 0xAF2C, 0xB2BF
    dd 0xAF2D, 0xB2C0
    dd 0xAF2E, 0x8489
    dd 0xAF2F, 0x848A
    dd 0xAF30, 0xB2C1
    dd 0xAF31, 0x848B
    dd 0xAF32, 0xB2C2
    dd 0xAF33, 0x848C
    dd 0xAF34, 0xB2C3
    dd 0xAF35, 0x848D
    dd 0xAF36, 0x848E
    dd 0xAF37, 0x848F
    dd 0xAF38, 0x8490
    dd 0xAF39, 0x8491
    dd 0xAF3A, 0x8492
    dd 0xAF3B, 0x8493
    dd 0xAF3C, 0xB2C4
    dd 0xAF3D, 0xB2C5
    dd 0xAF3E, 0x8494
    dd 0xAF3F, 0xB2C6
    dd 0xAF40, 0x8495
    dd 0xAF41, 0xB2C7
    dd 0xAF42, 0xB2C8
    dd 0xAF43, 0xB2C9
    dd 0xAF44, 0x8496
    dd 0xAF45, 0x8497
    dd 0xAF46, 0x8498
    dd 0xAF47, 0x8499
    dd 0xAF48, 0xB2CA
    dd 0xAF49, 0xB2CB
    dd 0xAF4A, 0x849A
    dd 0xAF4B, 0x849B
    dd 0xAF4C, 0x849C
    dd 0xAF4D, 0x849D
    dd 0xAF4E, 0x849E
    dd 0xAF4F, 0x849F
    dd 0xAF50, 0xB2CC
    dd 0xAF51, 0x84A0
    dd 0xAF52, 0x84A1
    dd 0xAF53, 0x84A2
    dd 0xAF54, 0x84A3
    dd 0xAF55, 0x84A4
    dd 0xAF56, 0x84A5
    dd 0xAF57, 0x84A6
    dd 0xAF58, 0x84A7
    dd 0xAF59, 0x84A8
    dd 0xAF5A, 0x84A9
    dd 0xAF5B, 0x84AA
    dd 0xAF5C, 0xB2CD
    dd 0xAF5D, 0xB2CE
    dd 0xAF5E, 0x84AB
    dd 0xAF5F, 0x84AC
    dd 0xAF60, 0x84AD
    dd 0xAF61, 0x84AE
    dd 0xAF62, 0x84AF
    dd 0xAF63, 0x84B0
    dd 0xAF64, 0xB2CF
    dd 0xAF65, 0xB2D0
    dd 0xAF66, 0x84B1
    dd 0xAF67, 0x84B2
    dd 0xAF68, 0x84B3
    dd 0xAF69, 0x84B4
    dd 0xAF6A, 0x84B5
    dd 0xAF6B, 0x84B6
    dd 0xAF6C, 0x84B7
    dd 0xAF6D, 0x84B8
    dd 0xAF6E, 0x84B9
    dd 0xAF6F, 0x84BA
    dd 0xAF70, 0x84BB
    dd 0xAF71, 0x84BC
    dd 0xAF72, 0x84BD
    dd 0xAF73, 0x84BE
    dd 0xAF74, 0x84BF
    dd 0xAF75, 0x84C0
    dd 0xAF76, 0x84C1
    dd 0xAF77, 0x84C2
    dd 0xAF78, 0x84C3
    dd 0xAF79, 0xB2D1
    dd 0xAF7A, 0x84C4
    dd 0xAF7B, 0x84C5
    dd 0xAF7C, 0x84C6
    dd 0xAF7D, 0x84C7
    dd 0xAF7E, 0x84C8
    dd 0xAF7F, 0x84C9
    dd 0xAF80, 0xB2D2
    dd 0xAF81, 0x84CA
    dd 0xAF82, 0x84CB
    dd 0xAF83, 0x84CC
    dd 0xAF84, 0xB2D3
    dd 0xAF85, 0x84CD
    dd 0xAF86, 0x84CE
    dd 0xAF87, 0x84CF
    dd 0xAF88, 0xB2D4
    dd 0xAF89, 0x84D0
    dd 0xAF8A, 0x84D1
    dd 0xAF8B, 0x84D2
    dd 0xAF8C, 0x84D3
    dd 0xAF8D, 0x84D4
    dd 0xAF8E, 0x84D5
    dd 0xAF8F, 0x84D6
    dd 0xAF90, 0xB2D5
    dd 0xAF91, 0xB2D6
    dd 0xAF92, 0x84D7
    dd 0xAF93, 0x84D8
    dd 0xAF94, 0x84D9
    dd 0xAF95, 0xB2D7
    dd 0xAF96, 0x84DA
    dd 0xAF97, 0x84DB
    dd 0xAF98, 0x84DC
    dd 0xAF99, 0x84DD
    dd 0xAF9A, 0x84DE
    dd 0xAF9B, 0x84DF
    dd 0xAF9C, 0xB2D8
    dd 0xAF9D, 0x84E0
    dd 0xAF9E, 0x84E1
    dd 0xAF9F, 0x84E2
    dd 0xAFA0, 0x84E3
    dd 0xAFA1, 0x84E4
    dd 0xAFA2, 0x84E5
    dd 0xAFA3, 0x84E6
    dd 0xAFA4, 0x84E7
    dd 0xAFA5, 0x84E8
    dd 0xAFA6, 0x84E9
    dd 0xAFA7, 0x84EA
    dd 0xAFA8, 0x84EB
    dd 0xAFA9, 0x84EC
    dd 0xAFAA, 0x84ED
    dd 0xAFAB, 0x84EE
    dd 0xAFAC, 0x84EF
    dd 0xAFAD, 0x84F0
    dd 0xAFAE, 0x84F1
    dd 0xAFAF, 0x84F2
    dd 0xAFB0, 0x84F3
    dd 0xAFB1, 0x84F4
    dd 0xAFB2, 0x84F5
    dd 0xAFB3, 0x84F6
    dd 0xAFB4, 0x84F7
    dd 0xAFB5, 0x84F8
    dd 0xAFB6, 0x84F9
    dd 0xAFB7, 0x84FA
    dd 0xAFB8, 0xB2D9
    dd 0xAFB9, 0xB2DA
    dd 0xAFBA, 0x84FB
    dd 0xAFBB, 0x84FC
    dd 0xAFBC, 0xB2DB
    dd 0xAFBD, 0x84FD
    dd 0xAFBE, 0x84FE
    dd 0xAFBF, 0x8541
    dd 0xAFC0, 0xB2DC
    dd 0xAFC1, 0x8542
    dd 0xAFC2, 0x8543
    dd 0xAFC3, 0x8544
    dd 0xAFC4, 0x8545
    dd 0xAFC5, 0x8546
    dd 0xAFC6, 0x8547
    dd 0xAFC7, 0xB2DD
    dd 0xAFC8, 0xB2DE
    dd 0xAFC9, 0xB2DF
    dd 0xAFCA, 0x8548
    dd 0xAFCB, 0xB2E0
    dd 0xAFCC, 0x8549
    dd 0xAFCD, 0xB2E1
    dd 0xAFCE, 0xB2E2
    dd 0xAFCF, 0x854A
    dd 0xAFD0, 0x854B
    dd 0xAFD1, 0x854C
    dd 0xAFD2, 0x854D
    dd 0xAFD3, 0x854E
    dd 0xAFD4, 0xB2E3
    dd 0xAFD5, 0x854F
    dd 0xAFD6, 0x8550
    dd 0xAFD7, 0x8551
    dd 0xAFD8, 0x8552
    dd 0xAFD9, 0x8553
    dd 0xAFDA, 0x8554
    dd 0xAFDB, 0x8555
    dd 0xAFDC, 0xB2E4
    dd 0xAFDD, 0x8556
    dd 0xAFDE, 0x8557
    dd 0xAFDF, 0x8558
    dd 0xAFE0, 0x8559
    dd 0xAFE1, 0x855A
    dd 0xAFE2, 0x8561
    dd 0xAFE3, 0x8562
    dd 0xAFE4, 0x8563
    dd 0xAFE5, 0x8564
    dd 0xAFE6, 0x8565
    dd 0xAFE7, 0x8566
    dd 0xAFE8, 0xB2E5
    dd 0xAFE9, 0xB2E6
    dd 0xAFEA, 0x8567
    dd 0xAFEB, 0x8568
    dd 0xAFEC, 0x8569
    dd 0xAFED, 0x856A
    dd 0xAFEE, 0x856B
    dd 0xAFEF, 0x856C
    dd 0xAFF0, 0xB2E7
    dd 0xAFF1, 0xB2E8
    dd 0xAFF2, 0x856D
    dd 0xAFF3, 0x856E
    dd 0xAFF4, 0xB2E9
    dd 0xAFF5, 0x856F
    dd 0xAFF6, 0x8570
    dd 0xAFF7, 0x8571
    dd 0xAFF8, 0xB2EA
    dd 0xAFF9, 0x8572
    dd 0xAFFA, 0x8573
    dd 0xAFFB, 0x8574
    dd 0xAFFC, 0x8575
    dd 0xAFFD, 0x8576
    dd 0xAFFE, 0x8577
    dd 0xAFFF, 0x8578
    dd 0xB000, 0xB2EB
    dd 0xB001, 0xB2EC
    dd 0xB002, 0x8579
    dd 0xB003, 0x857A
    dd 0xB004, 0xB2ED
    dd 0xB005, 0x8581
    dd 0xB006, 0x8582
    dd 0xB007, 0x8583
    dd 0xB008, 0x8584
    dd 0xB009, 0x8585
    dd 0xB00A, 0x8586
    dd 0xB00B, 0x8587
    dd 0xB00C, 0xB2EE
    dd 0xB00D, 0x8588
    dd 0xB00E, 0x8589
    dd 0xB00F, 0x858A
    dd 0xB010, 0xB2EF
    dd 0xB011, 0x858B
    dd 0xB012, 0x858C
    dd 0xB013, 0x858D
    dd 0xB014, 0xB2F0
    dd 0xB015, 0x858E
    dd 0xB016, 0x858F
    dd 0xB017, 0x8590
    dd 0xB018, 0x8591
    dd 0xB019, 0x8592
    dd 0xB01A, 0x8593
    dd 0xB01B, 0x8594
    dd 0xB01C, 0xB2F1
    dd 0xB01D, 0xB2F2
    dd 0xB01E, 0x8595
    dd 0xB01F, 0x8596
    dd 0xB020, 0x8597
    dd 0xB021, 0x8598
    dd 0xB022, 0x8599
    dd 0xB023, 0x859A
    dd 0xB024, 0x859B
    dd 0xB025, 0x859C
    dd 0xB026, 0x859D
    dd 0xB027, 0x859E
    dd 0xB028, 0xB2F3
    dd 0xB029, 0x859F
    dd 0xB02A, 0x85A0
    dd 0xB02B, 0x85A1
    dd 0xB02C, 0x85A2
    dd 0xB02D, 0x85A3
    dd 0xB02E, 0x85A4
    dd 0xB02F, 0x85A5
    dd 0xB030, 0x85A6
    dd 0xB031, 0x85A7
    dd 0xB032, 0x85A8
    dd 0xB033, 0x85A9
    dd 0xB034, 0x85AA
    dd 0xB035, 0x85AB
    dd 0xB036, 0x85AC
    dd 0xB037, 0x85AD
    dd 0xB038, 0x85AE
    dd 0xB039, 0x85AF
    dd 0xB03A, 0x85B0
    dd 0xB03B, 0x85B1
    dd 0xB03C, 0x85B2
    dd 0xB03D, 0x85B3
    dd 0xB03E, 0x85B4
    dd 0xB03F, 0x85B5
    dd 0xB040, 0x85B6
    dd 0xB041, 0x85B7
    dd 0xB042, 0x85B8
    dd 0xB043, 0x85B9
    dd 0xB044, 0xB2F4
    dd 0xB045, 0xB2F5
    dd 0xB046, 0x85BA
    dd 0xB047, 0x85BB
    dd 0xB048, 0xB2F6
    dd 0xB049, 0x85BC
    dd 0xB04A, 0xB2F7
    dd 0xB04B, 0x85BD
    dd 0xB04C, 0xB2F8
    dd 0xB04D, 0x85BE
    dd 0xB04E, 0xB2F9
    dd 0xB04F, 0x85BF
    dd 0xB050, 0x85C0
    dd 0xB051, 0x85C1
    dd 0xB052, 0x85C2
    dd 0xB053, 0xB2FA
    dd 0xB054, 0xB2FB
    dd 0xB055, 0xB2FC
    dd 0xB056, 0x85C3
    dd 0xB057, 0xB2FD
    dd 0xB058, 0x85C4
    dd 0xB059, 0xB2FE
    dd 0xB05A, 0x85C5
    dd 0xB05B, 0x85C6
    dd 0xB05C, 0x85C7
    dd 0xB05D, 0xB3A1
    dd 0xB05E, 0x85C8
    dd 0xB05F, 0x85C9
    dd 0xB060, 0x85CA
    dd 0xB061, 0x85CB
    dd 0xB062, 0x85CC
    dd 0xB063, 0x85CD
    dd 0xB064, 0x85CE
    dd 0xB065, 0x85CF
    dd 0xB066, 0x85D0
    dd 0xB067, 0x85D1
    dd 0xB068, 0x85D2
    dd 0xB069, 0x85D3
    dd 0xB06A, 0x85D4
    dd 0xB06B, 0x85D5
    dd 0xB06C, 0x85D6
    dd 0xB06D, 0x85D7
    dd 0xB06E, 0x85D8
    dd 0xB06F, 0x85D9
    dd 0xB070, 0x85DA
    dd 0xB071, 0x85DB
    dd 0xB072, 0x85DC
    dd 0xB073, 0x85DD
    dd 0xB074, 0x85DE
    dd 0xB075, 0x85DF
    dd 0xB076, 0x85E0
    dd 0xB077, 0x85E1
    dd 0xB078, 0x85E2
    dd 0xB079, 0x85E3
    dd 0xB07A, 0x85E4
    dd 0xB07B, 0x85E5
    dd 0xB07C, 0xB3A2
    dd 0xB07D, 0xB3A3
    dd 0xB07E, 0x85E6
    dd 0xB07F, 0x85E7
    dd 0xB080, 0xB3A4
    dd 0xB081, 0x85E8
    dd 0xB082, 0x85E9
    dd 0xB083, 0x85EA
    dd 0xB084, 0xB3A5
    dd 0xB085, 0x85EB
    dd 0xB086, 0x85EC
    dd 0xB087, 0x85ED
    dd 0xB088, 0x85EE
    dd 0xB089, 0x85EF
    dd 0xB08A, 0x85F0
    dd 0xB08B, 0x85F1
    dd 0xB08C, 0xB3A6
    dd 0xB08D, 0xB3A7
    dd 0xB08E, 0x85F2
    dd 0xB08F, 0xB3A8
    dd 0xB090, 0x85F3
    dd 0xB091, 0xB3A9
    dd 0xB092, 0x85F4
    dd 0xB093, 0x85F5
    dd 0xB094, 0x85F6
    dd 0xB095, 0x85F7
    dd 0xB096, 0x85F8
    dd 0xB097, 0x85F9
    dd 0xB098, 0xB3AA
    dd 0xB099, 0xB3AB
    dd 0xB09A, 0xB3AC
    dd 0xB09B, 0x85FA
    dd 0xB09C, 0xB3AD
    dd 0xB09D, 0x85FB
    dd 0xB09E, 0x85FC
    dd 0xB09F, 0xB3AE
    dd 0xB0A0, 0xB3AF
    dd 0xB0A1, 0xB3B0
    dd 0xB0A2, 0xB3B1
    dd 0xB0A3, 0x85FD
    dd 0xB0A4, 0x85FE
    dd 0xB0A5, 0x8641
    dd 0xB0A6, 0x8642
    dd 0xB0A7, 0x8643
    dd 0xB0A8, 0xB3B2
    dd 0xB0A9, 0xB3B3
    dd 0xB0AA, 0x8644
    dd 0xB0AB, 0xB3B4
    dd 0xB0AC, 0xB3B5
    dd 0xB0AD, 0xB3B6
    dd 0xB0AE, 0xB3B7
    dd 0xB0AF, 0xB3B8
    dd 0xB0B0, 0x8645
    dd 0xB0B1, 0xB3B9
    dd 0xB0B2, 0x8646
    dd 0xB0B3, 0xB3BA
    dd 0xB0B4, 0xB3BB
    dd 0xB0B5, 0xB3BC
    dd 0xB0B6, 0x8647
    dd 0xB0B7, 0x8648
    dd 0xB0B8, 0xB3BD
    dd 0xB0B9, 0x8649
    dd 0xB0BA, 0x864A
    dd 0xB0BB, 0x864B
    dd 0xB0BC, 0xB3BE
    dd 0xB0BD, 0x864C
    dd 0xB0BE, 0x864D
    dd 0xB0BF, 0x864E
    dd 0xB0C0, 0x864F
    dd 0xB0C1, 0x8650
    dd 0xB0C2, 0x8651
    dd 0xB0C3, 0x8652
    dd 0xB0C4, 0xB3BF
    dd 0xB0C5, 0xB3C0
    dd 0xB0C6, 0x8653
    dd 0xB0C7, 0xB3C1
    dd 0xB0C8, 0xB3C2
    dd 0xB0C9, 0xB3C3
    dd 0xB0CA, 0x8654
    dd 0xB0CB, 0x8655
    dd 0xB0CC, 0x8656
    dd 0xB0CD, 0x8657
    dd 0xB0CE, 0x8658
    dd 0xB0CF, 0x8659
    dd 0xB0D0, 0xB3C4
    dd 0xB0D1, 0xB3C5
    dd 0xB0D2, 0x865A
    dd 0xB0D3, 0x8661
    dd 0xB0D4, 0xB3C6
    dd 0xB0D5, 0x8662
    dd 0xB0D6, 0x8663
    dd 0xB0D7, 0x8664
    dd 0xB0D8, 0xB3C7
    dd 0xB0D9, 0x8665
    dd 0xB0DA, 0x8666
    dd 0xB0DB, 0x8667
    dd 0xB0DC, 0x8668
    dd 0xB0DD, 0x8669
    dd 0xB0DE, 0x866A
    dd 0xB0DF, 0x866B
    dd 0xB0E0, 0xB3C8
    dd 0xB0E1, 0x866C
    dd 0xB0E2, 0x866D
    dd 0xB0E3, 0x866E
    dd 0xB0E4, 0x866F
    dd 0xB0E5, 0xB3C9
    dd 0xB0E6, 0x8670
    dd 0xB0E7, 0x8671
    dd 0xB0E8, 0x8672
    dd 0xB0E9, 0x8673
    dd 0xB0EA, 0x8674
    dd 0xB0EB, 0x8675
    dd 0xB0EC, 0x8676
    dd 0xB0ED, 0x8677
    dd 0xB0EE, 0x8678
    dd 0xB0EF, 0x8679
    dd 0xB0F0, 0x867A
    dd 0xB0F1, 0x8681
    dd 0xB0F2, 0x8682
    dd 0xB0F3, 0x8683
    dd 0xB0F4, 0x8684
    dd 0xB0F5, 0x8685
    dd 0xB0F6, 0x8686
    dd 0xB0F7, 0x8687
    dd 0xB0F8, 0x8688
    dd 0xB0F9, 0x8689
    dd 0xB0FA, 0x868A
    dd 0xB0FB, 0x868B
    dd 0xB0FC, 0x868C
    dd 0xB0FD, 0x868D
    dd 0xB0FE, 0x868E
    dd 0xB0FF, 0x868F
    dd 0xB100, 0x8690
    dd 0xB101, 0x8691
    dd 0xB102, 0x8692
    dd 0xB103, 0x8693
    dd 0xB104, 0x8694
    dd 0xB105, 0x8695
    dd 0xB106, 0x8696
    dd 0xB107, 0x8697
    dd 0xB108, 0xB3CA
    dd 0xB109, 0xB3CB
    dd 0xB10A, 0x8698
    dd 0xB10B, 0xB3CC
    dd 0xB10C, 0xB3CD
    dd 0xB10D, 0x8699
    dd 0xB10E, 0x869A
    dd 0xB10F, 0x869B
    dd 0xB110, 0xB3CE
    dd 0xB111, 0x869C
    dd 0xB112, 0xB3CF
    dd 0xB113, 0xB3D0
    dd 0xB114, 0x869D
    dd 0xB115, 0x869E
    dd 0xB116, 0x869F
    dd 0xB117, 0x86A0
    dd 0xB118, 0xB3D1
    dd 0xB119, 0xB3D2
    dd 0xB11A, 0x86A1
    dd 0xB11B, 0xB3D3
    dd 0xB11C, 0xB3D4
    dd 0xB11D, 0xB3D5
    dd 0xB11E, 0x86A2
    dd 0xB11F, 0x86A3
    dd 0xB120, 0x86A4
    dd 0xB121, 0x86A5
    dd 0xB122, 0x86A6
    dd 0xB123, 0xB3D6
    dd 0xB124, 0xB3D7
    dd 0xB125, 0xB3D8
    dd 0xB126, 0x86A7
    dd 0xB127, 0x86A8
    dd 0xB128, 0xB3D9
    dd 0xB129, 0x86A9
    dd 0xB12A, 0x86AA
    dd 0xB12B, 0x86AB
    dd 0xB12C, 0xB3DA
    dd 0xB12D, 0x86AC
    dd 0xB12E, 0x86AD
    dd 0xB12F, 0x86AE
    dd 0xB130, 0x86AF
    dd 0xB131, 0x86B0
    dd 0xB132, 0x86B1
    dd 0xB133, 0x86B2
    dd 0xB134, 0xB3DB
    dd 0xB135, 0xB3DC
    dd 0xB136, 0x86B3
    dd 0xB137, 0xB3DD
    dd 0xB138, 0xB3DE
    dd 0xB139, 0xB3DF
    dd 0xB13A, 0x86B4
    dd 0xB13B, 0x86B5
    dd 0xB13C, 0x86B6
    dd 0xB13D, 0x86B7
    dd 0xB13E, 0x86B8
    dd 0xB13F, 0x86B9
    dd 0xB140, 0xB3E0
    dd 0xB141, 0xB3E1
    dd 0xB142, 0x86BA
    dd 0xB143, 0x86BB
    dd 0xB144, 0xB3E2
    dd 0xB145, 0x86BC
    dd 0xB146, 0x86BD
    dd 0xB147, 0x86BE
    dd 0xB148, 0xB3E3
    dd 0xB149, 0x86BF
    dd 0xB14A, 0x86C0
    dd 0xB14B, 0x86C1
    dd 0xB14C, 0x86C2
    dd 0xB14D, 0x86C3
    dd 0xB14E, 0x86C4
    dd 0xB14F, 0x86C5
    dd 0xB150, 0xB3E4
    dd 0xB151, 0xB3E5
    dd 0xB152, 0x86C6
    dd 0xB153, 0x86C7
    dd 0xB154, 0xB3E6
    dd 0xB155, 0xB3E7
    dd 0xB156, 0x86C8
    dd 0xB157, 0x86C9
    dd 0xB158, 0xB3E8
    dd 0xB159, 0x86CA
    dd 0xB15A, 0x86CB
    dd 0xB15B, 0x86CC
    dd 0xB15C, 0xB3E9
    dd 0xB15D, 0x86CD
    dd 0xB15E, 0x86CE
    dd 0xB15F, 0x86CF
    dd 0xB160, 0xB3EA
    dd 0xB161, 0x86D0
    dd 0xB162, 0x86D1
    dd 0xB163, 0x86D2
    dd 0xB164, 0x86D3
    dd 0xB165, 0x86D4
    dd 0xB166, 0x86D5
    dd 0xB167, 0x86D6
    dd 0xB168, 0x86D7
    dd 0xB169, 0x86D8
    dd 0xB16A, 0x86D9
    dd 0xB16B, 0x86DA
    dd 0xB16C, 0x86DB
    dd 0xB16D, 0x86DC
    dd 0xB16E, 0x86DD
    dd 0xB16F, 0x86DE
    dd 0xB170, 0x86DF
    dd 0xB171, 0x86E0
    dd 0xB172, 0x86E1
    dd 0xB173, 0x86E2
    dd 0xB174, 0x86E3
    dd 0xB175, 0x86E4
    dd 0xB176, 0x86E5
    dd 0xB177, 0x86E6
    dd 0xB178, 0xB3EB
    dd 0xB179, 0xB3EC
    dd 0xB17A, 0x86E7
    dd 0xB17B, 0x86E8
    dd 0xB17C, 0xB3ED
    dd 0xB17D, 0x86E9
    dd 0xB17E, 0x86EA
    dd 0xB17F, 0x86EB
    dd 0xB180, 0xB3EE
    dd 0xB181, 0x86EC
    dd 0xB182, 0xB3EF
    dd 0xB183, 0x86ED
    dd 0xB184, 0x86EE
    dd 0xB185, 0x86EF
    dd 0xB186, 0x86F0
    dd 0xB187, 0x86F1
    dd 0xB188, 0xB3F0
    dd 0xB189, 0xB3F1
    dd 0xB18A, 0x86F2
    dd 0xB18B, 0xB3F2
    dd 0xB18C, 0x86F3
    dd 0xB18D, 0xB3F3
    dd 0xB18E, 0x86F4
    dd 0xB18F, 0x86F5
    dd 0xB190, 0x86F6
    dd 0xB191, 0x86F7
    dd 0xB192, 0xB3F4
    dd 0xB193, 0xB3F5
    dd 0xB194, 0xB3F6
    dd 0xB195, 0x86F8
    dd 0xB196, 0x86F9
    dd 0xB197, 0x86FA
    dd 0xB198, 0xB3F7
    dd 0xB199, 0x86FB
    dd 0xB19A, 0x86FC
    dd 0xB19B, 0x86FD
    dd 0xB19C, 0xB3F8
    dd 0xB19D, 0x86FE
    dd 0xB19E, 0x8741
    dd 0xB19F, 0x8742
    dd 0xB1A0, 0x8743
    dd 0xB1A1, 0x8744
    dd 0xB1A2, 0x8745
    dd 0xB1A3, 0x8746
    dd 0xB1A4, 0x8747
    dd 0xB1A5, 0x8748
    dd 0xB1A6, 0x8749
    dd 0xB1A7, 0x874A
    dd 0xB1A8, 0xB3F9
    dd 0xB1A9, 0x874B
    dd 0xB1AA, 0x874C
    dd 0xB1AB, 0x874D
    dd 0xB1AC, 0x874E
    dd 0xB1AD, 0x874F
    dd 0xB1AE, 0x8750
    dd 0xB1AF, 0x8751
    dd 0xB1B0, 0x8752
    dd 0xB1B1, 0x8753
    dd 0xB1B2, 0x8754
    dd 0xB1B3, 0x8755
    dd 0xB1B4, 0x8756
    dd 0xB1B5, 0x8757
    dd 0xB1B6, 0x8758
    dd 0xB1B7, 0x8759
    dd 0xB1B8, 0x875A
    dd 0xB1B9, 0x8761
    dd 0xB1BA, 0x8762
    dd 0xB1BB, 0x8763
    dd 0xB1BC, 0x8764
    dd 0xB1BD, 0x8765
    dd 0xB1BE, 0x8766
    dd 0xB1BF, 0x8767
    dd 0xB1C0, 0x8768
    dd 0xB1C1, 0x8769
    dd 0xB1C2, 0x876A
    dd 0xB1C3, 0x876B
    dd 0xB1C4, 0x876C
    dd 0xB1C5, 0x876D
    dd 0xB1C6, 0x876E
    dd 0xB1C7, 0x876F
    dd 0xB1C8, 0x8770
    dd 0xB1C9, 0x8771
    dd 0xB1CA, 0x8772
    dd 0xB1CB, 0x8773
    dd 0xB1CC, 0xB3FA
    dd 0xB1CD, 0x8774
    dd 0xB1CE, 0x8775
    dd 0xB1CF, 0x8776
    dd 0xB1D0, 0xB3FB
    dd 0xB1D1, 0x8777
    dd 0xB1D2, 0x8778
    dd 0xB1D3, 0x8779
    dd 0xB1D4, 0xB3FC
    dd 0xB1D5, 0x877A
    dd 0xB1D6, 0x8781
    dd 0xB1D7, 0x8782
    dd 0xB1D8, 0x8783
    dd 0xB1D9, 0x8784
    dd 0xB1DA, 0x8785
    dd 0xB1DB, 0x8786
    dd 0xB1DC, 0xB3FD
    dd 0xB1DD, 0xB3FE
    dd 0xB1DE, 0x8787
    dd 0xB1DF, 0xB4A1
    dd 0xB1E0, 0x8788
    dd 0xB1E1, 0x8789
    dd 0xB1E2, 0x878A
    dd 0xB1E3, 0x878B
    dd 0xB1E4, 0x878C
    dd 0xB1E5, 0x878D
    dd 0xB1E6, 0x878E
    dd 0xB1E7, 0x878F
    dd 0xB1E8, 0xB4A2
    dd 0xB1E9, 0xB4A3
    dd 0xB1EA, 0x8790
    dd 0xB1EB, 0x8791
    dd 0xB1EC, 0xB4A4
    dd 0xB1ED, 0x8792
    dd 0xB1EE, 0x8793
    dd 0xB1EF, 0x8794
    dd 0xB1F0, 0xB4A5
    dd 0xB1F1, 0x8795
    dd 0xB1F2, 0x8796
    dd 0xB1F3, 0x8797
    dd 0xB1F4, 0x8798
    dd 0xB1F5, 0x8799
    dd 0xB1F6, 0x879A
    dd 0xB1F7, 0x879B
    dd 0xB1F8, 0x879C
    dd 0xB1F9, 0xB4A6
    dd 0xB1FA, 0x879D
    dd 0xB1FB, 0xB4A7
    dd 0xB1FC, 0x879E
    dd 0xB1FD, 0xB4A8
    dd 0xB1FE, 0x879F
    dd 0xB1FF, 0x87A0
    dd 0xB200, 0x87A1
    dd 0xB201, 0x87A2
    dd 0xB202, 0x87A3
    dd 0xB203, 0x87A4
    dd 0xB204, 0xB4A9
    dd 0xB205, 0xB4AA
    dd 0xB206, 0x87A5
    dd 0xB207, 0x87A6
    dd 0xB208, 0xB4AB
    dd 0xB209, 0x87A7
    dd 0xB20A, 0x87A8
    dd 0xB20B, 0xB4AC
    dd 0xB20C, 0xB4AD
    dd 0xB20D, 0x87A9
    dd 0xB20E, 0x87AA
    dd 0xB20F, 0x87AB
    dd 0xB210, 0x87AC
    dd 0xB211, 0x87AD
    dd 0xB212, 0x87AE
    dd 0xB213, 0x87AF
    dd 0xB214, 0xB4AE
    dd 0xB215, 0xB4AF
    dd 0xB216, 0x87B0
    dd 0xB217, 0xB4B0
    dd 0xB218, 0x87B1
    dd 0xB219, 0xB4B1
    dd 0xB21A, 0x87B2
    dd 0xB21B, 0x87B3
    dd 0xB21C, 0x87B4
    dd 0xB21D, 0x87B5
    dd 0xB21E, 0x87B6
    dd 0xB21F, 0x87B7
    dd 0xB220, 0xB4B2
    dd 0xB221, 0x87B8
    dd 0xB222, 0x87B9
    dd 0xB223, 0x87BA
    dd 0xB224, 0x87BB
    dd 0xB225, 0x87BC
    dd 0xB226, 0x87BD
    dd 0xB227, 0x87BE
    dd 0xB228, 0x87BF
    dd 0xB229, 0x87C0
    dd 0xB22A, 0x87C1
    dd 0xB22B, 0x87C2
    dd 0xB22C, 0x87C3
    dd 0xB22D, 0x87C4
    dd 0xB22E, 0x87C5
    dd 0xB22F, 0x87C6
    dd 0xB230, 0x87C7
    dd 0xB231, 0x87C8
    dd 0xB232, 0x87C9
    dd 0xB233, 0x87CA
    dd 0xB234, 0xB4B3
    dd 0xB235, 0x87CB
    dd 0xB236, 0x87CC
    dd 0xB237, 0x87CD
    dd 0xB238, 0x87CE
    dd 0xB239, 0x87CF
    dd 0xB23A, 0x87D0
    dd 0xB23B, 0x87D1
    dd 0xB23C, 0xB4B4
    dd 0xB23D, 0x87D2
    dd 0xB23E, 0x87D3
    dd 0xB23F, 0x87D4
    dd 0xB240, 0x87D5
    dd 0xB241, 0x87D6
    dd 0xB242, 0x87D7
    dd 0xB243, 0x87D8
    dd 0xB244, 0x87D9
    dd 0xB245, 0x87DA
    dd 0xB246, 0x87DB
    dd 0xB247, 0x87DC
    dd 0xB248, 0x87DD
    dd 0xB249, 0x87DE
    dd 0xB24A, 0x87DF
    dd 0xB24B, 0x87E0
    dd 0xB24C, 0x87E1
    dd 0xB24D, 0x87E2
    dd 0xB24E, 0x87E3
    dd 0xB24F, 0x87E4
    dd 0xB250, 0x87E5
    dd 0xB251, 0x87E6
    dd 0xB252, 0x87E7
    dd 0xB253, 0x87E8
    dd 0xB254, 0x87E9
    dd 0xB255, 0x87EA
    dd 0xB256, 0x87EB
    dd 0xB257, 0x87EC
    dd 0xB258, 0xB4B5
    dd 0xB259, 0x87ED
    dd 0xB25A, 0x87EE
    dd 0xB25B, 0x87EF
    dd 0xB25C, 0xB4B6
    dd 0xB25D, 0x87F0
    dd 0xB25E, 0x87F1
    dd 0xB25F, 0x87F2
    dd 0xB260, 0xB4B7
    dd 0xB261, 0x87F3
    dd 0xB262, 0x87F4
    dd 0xB263, 0x87F5
    dd 0xB264, 0x87F6
    dd 0xB265, 0x87F7
    dd 0xB266, 0x87F8
    dd 0xB267, 0x87F9
    dd 0xB268, 0xB4B8
    dd 0xB269, 0xB4B9
    dd 0xB26A, 0x87FA
    dd 0xB26B, 0x87FB
    dd 0xB26C, 0x87FC
    dd 0xB26D, 0x87FD
    dd 0xB26E, 0x87FE
    dd 0xB26F, 0x8841
    dd 0xB270, 0x8842
    dd 0xB271, 0x8843
    dd 0xB272, 0x8844
    dd 0xB273, 0x8845
    dd 0xB274, 0xB4BA
    dd 0xB275, 0xB4BB
    dd 0xB276, 0x8846
    dd 0xB277, 0x8847
    dd 0xB278, 0x8848
    dd 0xB279, 0x8849
    dd 0xB27A, 0x884A
    dd 0xB27B, 0x884B
    dd 0xB27C, 0xB4BC
    dd 0xB27D, 0x884C
    dd 0xB27E, 0x884D
    dd 0xB27F, 0x884E
    dd 0xB280, 0x884F
    dd 0xB281, 0x8850
    dd 0xB282, 0x8851
    dd 0xB283, 0x8852
    dd 0xB284, 0xB4BD
    dd 0xB285, 0xB4BE
    dd 0xB286, 0x8853
    dd 0xB287, 0x8854
    dd 0xB288, 0x8855
    dd 0xB289, 0xB4BF
    dd 0xB28A, 0x8856
    dd 0xB28B, 0x8857
    dd 0xB28C, 0x8858
    dd 0xB28D, 0x8859
    dd 0xB28E, 0x885A
    dd 0xB28F, 0x8861
    dd 0xB290, 0xB4C0
    dd 0xB291, 0xB4C1
    dd 0xB292, 0x8862
    dd 0xB293, 0x8863
    dd 0xB294, 0xB4C2
    dd 0xB295, 0x8864
    dd 0xB296, 0x8865
    dd 0xB297, 0x8866
    dd 0xB298, 0xB4C3
    dd 0xB299, 0xB4C4
    dd 0xB29A, 0xB4C5
    dd 0xB29B, 0x8867
    dd 0xB29C, 0x8868
    dd 0xB29D, 0x8869
    dd 0xB29E, 0x886A
    dd 0xB29F, 0x886B
    dd 0xB2A0, 0xB4C6
    dd 0xB2A1, 0xB4C7
    dd 0xB2A2, 0x886C
    dd 0xB2A3, 0xB4C8
    dd 0xB2A4, 0x886D
    dd 0xB2A5, 0xB4C9
    dd 0xB2A6, 0xB4CA
    dd 0xB2A7, 0x886E
    dd 0xB2A8, 0x886F
    dd 0xB2A9, 0x8870
    dd 0xB2AA, 0xB4CB
    dd 0xB2AB, 0x8871
    dd 0xB2AC, 0xB4CC
    dd 0xB2AD, 0x8872
    dd 0xB2AE, 0x8873
    dd 0xB2AF, 0x8874
    dd 0xB2B0, 0xB4CD
    dd 0xB2B1, 0x8875
    dd 0xB2B2, 0x8876
    dd 0xB2B3, 0x8877
    dd 0xB2B4, 0xB4CE
    dd 0xB2B5, 0x8878
    dd 0xB2B6, 0x8879
    dd 0xB2B7, 0x887A
    dd 0xB2B8, 0x8881
    dd 0xB2B9, 0x8882
    dd 0xB2BA, 0x8883
    dd 0xB2BB, 0x8884
    dd 0xB2BC, 0x8885
    dd 0xB2BD, 0x8886
    dd 0xB2BE, 0x8887
    dd 0xB2BF, 0x8888
    dd 0xB2C0, 0x8889
    dd 0xB2C1, 0x888A
    dd 0xB2C2, 0x888B
    dd 0xB2C3, 0x888C
    dd 0xB2C4, 0x888D
    dd 0xB2C5, 0x888E
    dd 0xB2C6, 0x888F
    dd 0xB2C7, 0x8890
    dd 0xB2C8, 0xB4CF
    dd 0xB2C9, 0xB4D0
    dd 0xB2CA, 0x8891
    dd 0xB2CB, 0x8892
    dd 0xB2CC, 0xB4D1
    dd 0xB2CD, 0x8893
    dd 0xB2CE, 0x8894
    dd 0xB2CF, 0x8895
    dd 0xB2D0, 0xB4D2
    dd 0xB2D1, 0x8896
    dd 0xB2D2, 0xB4D3
    dd 0xB2D3, 0x8897
    dd 0xB2D4, 0x8898
    dd 0xB2D5, 0x8899
    dd 0xB2D6, 0x889A
    dd 0xB2D7, 0x889B
    dd 0xB2D8, 0xB4D4
    dd 0xB2D9, 0xB4D5
    dd 0xB2DA, 0x889C
    dd 0xB2DB, 0xB4D6
    dd 0xB2DC, 0x889D
    dd 0xB2DD, 0xB4D7
    dd 0xB2DE, 0x889E
    dd 0xB2DF, 0x889F
    dd 0xB2E0, 0x88A0
    dd 0xB2E1, 0x88A1
    dd 0xB2E2, 0xB4D8
    dd 0xB2E3, 0x88A2
    dd 0xB2E4, 0xB4D9
    dd 0xB2E5, 0xB4DA
    dd 0xB2E6, 0xB4DB
    dd 0xB2E7, 0x88A3
    dd 0xB2E8, 0xB4DC
    dd 0xB2E9, 0x88A4
    dd 0xB2EA, 0x88A5
    dd 0xB2EB, 0xB4DD
    dd 0xB2EC, 0xB4DE
    dd 0xB2ED, 0xB4DF
    dd 0xB2EE, 0xB4E0
    dd 0xB2EF, 0xB4E1
    dd 0xB2F0, 0x88A6
    dd 0xB2F1, 0x88A7
    dd 0xB2F2, 0x88A8
    dd 0xB2F3, 0xB4E2
    dd 0xB2F4, 0xB4E3
    dd 0xB2F5, 0xB4E4
    dd 0xB2F6, 0x88A9
    dd 0xB2F7, 0xB4E5
    dd 0xB2F8, 0xB4E6
    dd 0xB2F9, 0xB4E7
    dd 0xB2FA, 0xB4E8
    dd 0xB2FB, 0xB4E9
    dd 0xB2FC, 0x88AA
    dd 0xB2FD, 0x88AB
    dd 0xB2FE, 0x88AC
    dd 0xB2FF, 0xB4EA
    dd 0xB300, 0xB4EB
    dd 0xB301, 0xB4EC
    dd 0xB302, 0x88AD
    dd 0xB303, 0x88AE
    dd 0xB304, 0xB4ED
    dd 0xB305, 0x88AF
    dd 0xB306, 0x88B0
    dd 0xB307, 0x88B1
    dd 0xB308, 0xB4EE
    dd 0xB309, 0x88B2
    dd 0xB30A, 0x88B3
    dd 0xB30B, 0x88B4
    dd 0xB30C, 0x88B5
    dd 0xB30D, 0x88B6
    dd 0xB30E, 0x88B7
    dd 0xB30F, 0x88B8
    dd 0xB310, 0xB4EF
    dd 0xB311, 0xB4F0
    dd 0xB312, 0x88B9
    dd 0xB313, 0xB4F1
    dd 0xB314, 0xB4F2
    dd 0xB315, 0xB4F3
    dd 0xB316, 0x88BA
    dd 0xB317, 0x88BB
    dd 0xB318, 0x88BC
    dd 0xB319, 0x88BD
    dd 0xB31A, 0x88BE
    dd 0xB31B, 0x88BF
    dd 0xB31C, 0xB4F4
    dd 0xB31D, 0x88C0
    dd 0xB31E, 0x88C1
    dd 0xB31F, 0x88C2
    dd 0xB320, 0x88C3
    dd 0xB321, 0x88C4
    dd 0xB322, 0x88C5
    dd 0xB323, 0x88C6
    dd 0xB324, 0x88C7
    dd 0xB325, 0x88C8
    dd 0xB326, 0x88C9
    dd 0xB327, 0x88CA
    dd 0xB328, 0x88CB
    dd 0xB329, 0x88CC
    dd 0xB32A, 0x88CD
    dd 0xB32B, 0x88CE
    dd 0xB32C, 0x88CF
    dd 0xB32D, 0x88D0
    dd 0xB32E, 0x88D1
    dd 0xB32F, 0x88D2
    dd 0xB330, 0x88D3
    dd 0xB331, 0x88D4
    dd 0xB332, 0x88D5
    dd 0xB333, 0x88D6
    dd 0xB334, 0x88D7
    dd 0xB335, 0x88D8
    dd 0xB336, 0x88D9
    dd 0xB337, 0x88DA
    dd 0xB338, 0x88DB
    dd 0xB339, 0x88DC
    dd 0xB33A, 0x88DD
    dd 0xB33B, 0x88DE
    dd 0xB33C, 0x88DF
    dd 0xB33D, 0x88E0
    dd 0xB33E, 0x88E1
    dd 0xB33F, 0x88E2
    dd 0xB340, 0x88E3
    dd 0xB341, 0x88E4
    dd 0xB342, 0x88E5
    dd 0xB343, 0x88E6
    dd 0xB344, 0x88E7
    dd 0xB345, 0x88E8
    dd 0xB346, 0x88E9
    dd 0xB347, 0x88EA
    dd 0xB348, 0x88EB
    dd 0xB349, 0x88EC
    dd 0xB34A, 0x88ED
    dd 0xB34B, 0x88EE
    dd 0xB34C, 0x88EF
    dd 0xB34D, 0x88F0
    dd 0xB34E, 0x88F1
    dd 0xB34F, 0x88F2
    dd 0xB350, 0x88F3
    dd 0xB351, 0x88F4
    dd 0xB352, 0x88F5
    dd 0xB353, 0x88F6
    dd 0xB354, 0xB4F5
    dd 0xB355, 0xB4F6
    dd 0xB356, 0xB4F7
    dd 0xB357, 0x88F7
    dd 0xB358, 0xB4F8
    dd 0xB359, 0x88F8
    dd 0xB35A, 0x88F9
    dd 0xB35B, 0xB4F9
    dd 0xB35C, 0xB4FA
    dd 0xB35D, 0x88FA
    dd 0xB35E, 0xB4FB
    dd 0xB35F, 0xB4FC
    dd 0xB360, 0x88FB
    dd 0xB361, 0x88FC
    dd 0xB362, 0x88FD
    dd 0xB363, 0x88FE
    dd 0xB364, 0xB4FD
    dd 0xB365, 0xB4FE
    dd 0xB366, 0x8941
    dd 0xB367, 0xB5A1
    dd 0xB368, 0x8942
    dd 0xB369, 0xB5A2
    dd 0xB36A, 0x8943
    dd 0xB36B, 0xB5A3
    dd 0xB36C, 0x8944
    dd 0xB36D, 0x8945
    dd 0xB36E, 0xB5A4
    dd 0xB36F, 0x8946
    dd 0xB370, 0xB5A5
    dd 0xB371, 0xB5A6
    dd 0xB372, 0x8947
    dd 0xB373, 0x8948
    dd 0xB374, 0xB5A7
    dd 0xB375, 0x8949
    dd 0xB376, 0x894A
    dd 0xB377, 0x894B
    dd 0xB378, 0xB5A8
    dd 0xB379, 0x894C
    dd 0xB37A, 0x894D
    dd 0xB37B, 0x894E
    dd 0xB37C, 0x894F
    dd 0xB37D, 0x8950
    dd 0xB37E, 0x8951
    dd 0xB37F, 0x8952
    dd 0xB380, 0xB5A9
    dd 0xB381, 0xB5AA
    dd 0xB382, 0x8953
    dd 0xB383, 0xB5AB
    dd 0xB384, 0xB5AC
    dd 0xB385, 0xB5AD
    dd 0xB386, 0x8954
    dd 0xB387, 0x8955
    dd 0xB388, 0x8956
    dd 0xB389, 0x8957
    dd 0xB38A, 0x8958
    dd 0xB38B, 0x8959
    dd 0xB38C, 0xB5AE
    dd 0xB38D, 0x895A
    dd 0xB38E, 0x8961
    dd 0xB38F, 0x8962
    dd 0xB390, 0xB5AF
    dd 0xB391, 0x8963
    dd 0xB392, 0x8964
    dd 0xB393, 0x8965
    dd 0xB394, 0xB5B0
    dd 0xB395, 0x8966
    dd 0xB396, 0x8967
    dd 0xB397, 0x8968
    dd 0xB398, 0x8969
    dd 0xB399, 0x896A
    dd 0xB39A, 0x896B
    dd 0xB39B, 0x896C
    dd 0xB39C, 0x896D
    dd 0xB39D, 0x896E
    dd 0xB39E, 0x896F
    dd 0xB39F, 0x8970
    dd 0xB3A0, 0xB5B1
    dd 0xB3A1, 0xB5B2
    dd 0xB3A2, 0x8971
    dd 0xB3A3, 0x8972
    dd 0xB3A4, 0x8973
    dd 0xB3A5, 0x8974
    dd 0xB3A6, 0x8975
    dd 0xB3A7, 0x8976
    dd 0xB3A8, 0xB5B3
    dd 0xB3A9, 0x8977
    dd 0xB3AA, 0x8978
    dd 0xB3AB, 0x8979
    dd 0xB3AC, 0xB5B4
    dd 0xB3AD, 0x897A
    dd 0xB3AE, 0x8981
    dd 0xB3AF, 0x8982
    dd 0xB3B0, 0x8983
    dd 0xB3B1, 0x8984
    dd 0xB3B2, 0x8985
    dd 0xB3B3, 0x8986
    dd 0xB3B4, 0x8987
    dd 0xB3B5, 0x8988
    dd 0xB3B6, 0x8989
    dd 0xB3B7, 0x898A
    dd 0xB3B8, 0x898B
    dd 0xB3B9, 0x898C
    dd 0xB3BA, 0x898D
    dd 0xB3BB, 0x898E
    dd 0xB3BC, 0x898F
    dd 0xB3BD, 0x8990
    dd 0xB3BE, 0x8991
    dd 0xB3BF, 0x8992
    dd 0xB3C0, 0x8993
    dd 0xB3C1, 0x8994
    dd 0xB3C2, 0x8995
    dd 0xB3C3, 0x8996
    dd 0xB3C4, 0xB5B5
    dd 0xB3C5, 0xB5B6
    dd 0xB3C6, 0x8997
    dd 0xB3C7, 0x8998
    dd 0xB3C8, 0xB5B7
    dd 0xB3C9, 0x8999
    dd 0xB3CA, 0x899A
    dd 0xB3CB, 0xB5B8
    dd 0xB3CC, 0xB5B9
    dd 0xB3CD, 0x899B
    dd 0xB3CE, 0xB5BA
    dd 0xB3CF, 0x899C
    dd 0xB3D0, 0xB5BB
    dd 0xB3D1, 0x899D
    dd 0xB3D2, 0x899E
    dd 0xB3D3, 0x899F
    dd 0xB3D4, 0xB5BC
    dd 0xB3D5, 0xB5BD
    dd 0xB3D6, 0x89A0
    dd 0xB3D7, 0xB5BE
    dd 0xB3D8, 0x89A1
    dd 0xB3D9, 0xB5BF
    dd 0xB3DA, 0x89A2
    dd 0xB3DB, 0xB5C0
    dd 0xB3DC, 0x89A3
    dd 0xB3DD, 0xB5C1
    dd 0xB3DE, 0x89A4
    dd 0xB3DF, 0x89A5
    dd 0xB3E0, 0xB5C2
    dd 0xB3E1, 0x89A6
    dd 0xB3E2, 0x89A7
    dd 0xB3E3, 0x89A8
    dd 0xB3E4, 0xB5C3
    dd 0xB3E5, 0x89A9
    dd 0xB3E6, 0x89AA
    dd 0xB3E7, 0x89AB
    dd 0xB3E8, 0xB5C4
    dd 0xB3E9, 0x89AC
    dd 0xB3EA, 0x89AD
    dd 0xB3EB, 0x89AE
    dd 0xB3EC, 0x89AF
    dd 0xB3ED, 0x89B0
    dd 0xB3EE, 0x89B1
    dd 0xB3EF, 0x89B2
    dd 0xB3F0, 0x89B3
    dd 0xB3F1, 0x89B4
    dd 0xB3F2, 0x89B5
    dd 0xB3F3, 0x89B6
    dd 0xB3F4, 0x89B7
    dd 0xB3F5, 0x89B8
    dd 0xB3F6, 0x89B9
    dd 0xB3F7, 0x89BA
    dd 0xB3F8, 0x89BB
    dd 0xB3F9, 0x89BC
    dd 0xB3FA, 0x89BD
    dd 0xB3FB, 0x89BE
    dd 0xB3FC, 0xB5C5
    dd 0xB3FD, 0x89BF
    dd 0xB3FE, 0x89C0
    dd 0xB3FF, 0x89C1
    dd 0xB400, 0x89C2
    dd 0xB401, 0x89C3
    dd 0xB402, 0x89C4
    dd 0xB403, 0x89C5
    dd 0xB404, 0x89C6
    dd 0xB405, 0x89C7
    dd 0xB406, 0x89C8
    dd 0xB407, 0x89C9
    dd 0xB408, 0x89CA
    dd 0xB409, 0x89CB
    dd 0xB40A, 0x89CC
    dd 0xB40B, 0x89CD
    dd 0xB40C, 0x89CE
    dd 0xB40D, 0x89CF
    dd 0xB40E, 0x89D0
    dd 0xB40F, 0x89D1
    dd 0xB410, 0xB5C6
    dd 0xB411, 0x89D2
    dd 0xB412, 0x89D3
    dd 0xB413, 0x89D4
    dd 0xB414, 0x89D5
    dd 0xB415, 0x89D6
    dd 0xB416, 0x89D7
    dd 0xB417, 0x89D8
    dd 0xB418, 0xB5C7
    dd 0xB419, 0x89D9
    dd 0xB41A, 0x89DA
    dd 0xB41B, 0x89DB
    dd 0xB41C, 0xB5C8
    dd 0xB41D, 0x89DC
    dd 0xB41E, 0x89DD
    dd 0xB41F, 0x89DE
    dd 0xB420, 0xB5C9
    dd 0xB421, 0x89DF
    dd 0xB422, 0x89E0
    dd 0xB423, 0x89E1
    dd 0xB424, 0x89E2
    dd 0xB425, 0x89E3
    dd 0xB426, 0x89E4
    dd 0xB427, 0x89E5
    dd 0xB428, 0xB5CA
    dd 0xB429, 0xB5CB
    dd 0xB42A, 0x89E6
    dd 0xB42B, 0xB5CC
    dd 0xB42C, 0x89E7
    dd 0xB42D, 0x89E8
    dd 0xB42E, 0x89E9
    dd 0xB42F, 0x89EA
    dd 0xB430, 0x89EB
    dd 0xB431, 0x89EC
    dd 0xB432, 0x89ED
    dd 0xB433, 0x89EE
    dd 0xB434, 0xB5CD
    dd 0xB435, 0x89EF
    dd 0xB436, 0x89F0
    dd 0xB437, 0x89F1
    dd 0xB438, 0x89F2
    dd 0xB439, 0x89F3
    dd 0xB43A, 0x89F4
    dd 0xB43B, 0x89F5
    dd 0xB43C, 0x89F6
    dd 0xB43D, 0x89F7
    dd 0xB43E, 0x89F8
    dd 0xB43F, 0x89F9
    dd 0xB440, 0x89FA
    dd 0xB441, 0x89FB
    dd 0xB442, 0x89FC
    dd 0xB443, 0x89FD
    dd 0xB444, 0x89FE
    dd 0xB445, 0x8A41
    dd 0xB446, 0x8A42
    dd 0xB447, 0x8A43
    dd 0xB448, 0x8A44
    dd 0xB449, 0x8A45
    dd 0xB44A, 0x8A46
    dd 0xB44B, 0x8A47
    dd 0xB44C, 0x8A48
    dd 0xB44D, 0x8A49
    dd 0xB44E, 0x8A4A
    dd 0xB44F, 0x8A4B
    dd 0xB450, 0xB5CE
    dd 0xB451, 0xB5CF
    dd 0xB452, 0x8A4C
    dd 0xB453, 0x8A4D
    dd 0xB454, 0xB5D0
    dd 0xB455, 0x8A4E
    dd 0xB456, 0x8A4F
    dd 0xB457, 0x8A50
    dd 0xB458, 0xB5D1
    dd 0xB459, 0x8A51
    dd 0xB45A, 0x8A52
    dd 0xB45B, 0x8A53
    dd 0xB45C, 0x8A54
    dd 0xB45D, 0x8A55
    dd 0xB45E, 0x8A56
    dd 0xB45F, 0x8A57
    dd 0xB460, 0xB5D2
    dd 0xB461, 0xB5D3
    dd 0xB462, 0x8A58
    dd 0xB463, 0xB5D4
    dd 0xB464, 0x8A59
    dd 0xB465, 0xB5D5
    dd 0xB466, 0x8A5A
    dd 0xB467, 0x8A61
    dd 0xB468, 0x8A62
    dd 0xB469, 0x8A63
    dd 0xB46A, 0x8A64
    dd 0xB46B, 0x8A65
    dd 0xB46C, 0xB5D6
    dd 0xB46D, 0x8A66
    dd 0xB46E, 0x8A67
    dd 0xB46F, 0x8A68
    dd 0xB470, 0x8A69
    dd 0xB471, 0x8A6A
    dd 0xB472, 0x8A6B
    dd 0xB473, 0x8A6C
    dd 0xB474, 0x8A6D
    dd 0xB475, 0x8A6E
    dd 0xB476, 0x8A6F
    dd 0xB477, 0x8A70
    dd 0xB478, 0x8A71
    dd 0xB479, 0x8A72
    dd 0xB47A, 0x8A73
    dd 0xB47B, 0x8A74
    dd 0xB47C, 0x8A75
    dd 0xB47D, 0x8A76
    dd 0xB47E, 0x8A77
    dd 0xB47F, 0x8A78
    dd 0xB480, 0xB5D7
    dd 0xB481, 0x8A79
    dd 0xB482, 0x8A7A
    dd 0xB483, 0x8A81
    dd 0xB484, 0x8A82
    dd 0xB485, 0x8A83
    dd 0xB486, 0x8A84
    dd 0xB487, 0x8A85
    dd 0xB488, 0xB5D8
    dd 0xB489, 0x8A86
    dd 0xB48A, 0x8A87
    dd 0xB48B, 0x8A88
    dd 0xB48C, 0x8A89
    dd 0xB48D, 0x8A8A
    dd 0xB48E, 0x8A8B
    dd 0xB48F, 0x8A8C
    dd 0xB490, 0x8A8D
    dd 0xB491, 0x8A8E
    dd 0xB492, 0x8A8F
    dd 0xB493, 0x8A90
    dd 0xB494, 0x8A91
    dd 0xB495, 0x8A92
    dd 0xB496, 0x8A93
    dd 0xB497, 0x8A94
    dd 0xB498, 0x8A95
    dd 0xB499, 0x8A96
    dd 0xB49A, 0x8A97
    dd 0xB49B, 0x8A98
    dd 0xB49C, 0x8A99
    dd 0xB49D, 0xB5D9
    dd 0xB49E, 0x8A9A
    dd 0xB49F, 0x8A9B
    dd 0xB4A0, 0x8A9C
    dd 0xB4A1, 0x8A9D
    dd 0xB4A2, 0x8A9E
    dd 0xB4A3, 0x8A9F
    dd 0xB4A4, 0xB5DA
    dd 0xB4A5, 0x8AA0
    dd 0xB4A6, 0x8AA1
    dd 0xB4A7, 0x8AA2
    dd 0xB4A8, 0xB5DB
    dd 0xB4A9, 0x8AA3
    dd 0xB4AA, 0x8AA4
    dd 0xB4AB, 0x8AA5
    dd 0xB4AC, 0xB5DC
    dd 0xB4AD, 0x8AA6
    dd 0xB4AE, 0x8AA7
    dd 0xB4AF, 0x8AA8
    dd 0xB4B0, 0x8AA9
    dd 0xB4B1, 0x8AAA
    dd 0xB4B2, 0x8AAB
    dd 0xB4B3, 0x8AAC
    dd 0xB4B4, 0x8AAD
    dd 0xB4B5, 0xB5DD
    dd 0xB4B6, 0x8AAE
    dd 0xB4B7, 0xB5DE
    dd 0xB4B8, 0x8AAF
    dd 0xB4B9, 0xB5DF
    dd 0xB4BA, 0x8AB0
    dd 0xB4BB, 0x8AB1
    dd 0xB4BC, 0x8AB2
    dd 0xB4BD, 0x8AB3
    dd 0xB4BE, 0x8AB4
    dd 0xB4BF, 0x8AB5
    dd 0xB4C0, 0xB5E0
    dd 0xB4C1, 0x8AB6
    dd 0xB4C2, 0x8AB7
    dd 0xB4C3, 0x8AB8
    dd 0xB4C4, 0xB5E1
    dd 0xB4C5, 0x8AB9
    dd 0xB4C6, 0x8ABA
    dd 0xB4C7, 0x8ABB
    dd 0xB4C8, 0xB5E2
    dd 0xB4C9, 0x8ABC
    dd 0xB4CA, 0x8ABD
    dd 0xB4CB, 0x8ABE
    dd 0xB4CC, 0x8ABF
    dd 0xB4CD, 0x8AC0
    dd 0xB4CE, 0x8AC1
    dd 0xB4CF, 0x8AC2
    dd 0xB4D0, 0xB5E3
    dd 0xB4D1, 0x8AC3
    dd 0xB4D2, 0x8AC4
    dd 0xB4D3, 0x8AC5
    dd 0xB4D4, 0x8AC6
    dd 0xB4D5, 0xB5E4
    dd 0xB4D6, 0x8AC7
    dd 0xB4D7, 0x8AC8
    dd 0xB4D8, 0x8AC9
    dd 0xB4D9, 0x8ACA
    dd 0xB4DA, 0x8ACB
    dd 0xB4DB, 0x8ACC
    dd 0xB4DC, 0xB5E5
    dd 0xB4DD, 0xB5E6
    dd 0xB4DE, 0x8ACD
    dd 0xB4DF, 0x8ACE
    dd 0xB4E0, 0xB5E7
    dd 0xB4E1, 0x8ACF
    dd 0xB4E2, 0x8AD0
    dd 0xB4E3, 0xB5E8
    dd 0xB4E4, 0xB5E9
    dd 0xB4E5, 0x8AD1
    dd 0xB4E6, 0xB5EA
    dd 0xB4E7, 0x8AD2
    dd 0xB4E8, 0x8AD3
    dd 0xB4E9, 0x8AD4
    dd 0xB4EA, 0x8AD5
    dd 0xB4EB, 0x8AD6
    dd 0xB4EC, 0xB5EB
    dd 0xB4ED, 0xB5EC
    dd 0xB4EE, 0x8AD7
    dd 0xB4EF, 0xB5ED
    dd 0xB4F0, 0x8AD8
    dd 0xB4F1, 0xB5EE
    dd 0xB4F2, 0x8AD9
    dd 0xB4F3, 0x8ADA
    dd 0xB4F4, 0x8ADB
    dd 0xB4F5, 0x8ADC
    dd 0xB4F6, 0x8ADD
    dd 0xB4F7, 0x8ADE
    dd 0xB4F8, 0xB5EF
    dd 0xB4F9, 0x8ADF
    dd 0xB4FA, 0x8AE0
    dd 0xB4FB, 0x8AE1
    dd 0xB4FC, 0x8AE2
    dd 0xB4FD, 0x8AE3
    dd 0xB4FE, 0x8AE4
    dd 0xB4FF, 0x8AE5
    dd 0xB500, 0x8AE6
    dd 0xB501, 0x8AE7
    dd 0xB502, 0x8AE8
    dd 0xB503, 0x8AE9
    dd 0xB504, 0x8AEA
    dd 0xB505, 0x8AEB
    dd 0xB506, 0x8AEC
    dd 0xB507, 0x8AED
    dd 0xB508, 0x8AEE
    dd 0xB509, 0x8AEF
    dd 0xB50A, 0x8AF0
    dd 0xB50B, 0x8AF1
    dd 0xB50C, 0x8AF2
    dd 0xB50D, 0x8AF3
    dd 0xB50E, 0x8AF4
    dd 0xB50F, 0x8AF5
    dd 0xB510, 0x8AF6
    dd 0xB511, 0x8AF7
    dd 0xB512, 0x8AF8
    dd 0xB513, 0x8AF9
    dd 0xB514, 0xB5F0
    dd 0xB515, 0xB5F1
    dd 0xB516, 0x8AFA
    dd 0xB517, 0x8AFB
    dd 0xB518, 0xB5F2
    dd 0xB519, 0x8AFC
    dd 0xB51A, 0x8AFD
    dd 0xB51B, 0xB5F3
    dd 0xB51C, 0xB5F4
    dd 0xB51D, 0x8AFE
    dd 0xB51E, 0x8B41
    dd 0xB51F, 0x8B42
    dd 0xB520, 0x8B43
    dd 0xB521, 0x8B44
    dd 0xB522, 0x8B45
    dd 0xB523, 0x8B46
    dd 0xB524, 0xB5F5
    dd 0xB525, 0xB5F6
    dd 0xB526, 0x8B47
    dd 0xB527, 0xB5F7
    dd 0xB528, 0xB5F8
    dd 0xB529, 0xB5F9
    dd 0xB52A, 0xB5FA
    dd 0xB52B, 0x8B48
    dd 0xB52C, 0x8B49
    dd 0xB52D, 0x8B4A
    dd 0xB52E, 0x8B4B
    dd 0xB52F, 0x8B4C
    dd 0xB530, 0xB5FB
    dd 0xB531, 0xB5FC
    dd 0xB532, 0x8B4D
    dd 0xB533, 0x8B4E
    dd 0xB534, 0xB5FD
    dd 0xB535, 0x8B4F
    dd 0xB536, 0x8B50
    dd 0xB537, 0x8B51
    dd 0xB538, 0xB5FE
    dd 0xB539, 0x8B52
    dd 0xB53A, 0x8B53
    dd 0xB53B, 0x8B54
    dd 0xB53C, 0x8B55
    dd 0xB53D, 0x8B56
    dd 0xB53E, 0x8B57
    dd 0xB53F, 0x8B58
    dd 0xB540, 0xB6A1
    dd 0xB541, 0xB6A2
    dd 0xB542, 0x8B59
    dd 0xB543, 0xB6A3
    dd 0xB544, 0xB6A4
    dd 0xB545, 0xB6A5
    dd 0xB546, 0x8B5A
    dd 0xB547, 0x8B61
    dd 0xB548, 0x8B62
    dd 0xB549, 0x8B63
    dd 0xB54A, 0x8B64
    dd 0xB54B, 0xB6A6
    dd 0xB54C, 0xB6A7
    dd 0xB54D, 0xB6A8
    dd 0xB54E, 0x8B65
    dd 0xB54F, 0x8B66
    dd 0xB550, 0xB6A9
    dd 0xB551, 0x8B67
    dd 0xB552, 0x8B68
    dd 0xB553, 0x8B69
    dd 0xB554, 0xB6AA
    dd 0xB555, 0x8B6A
    dd 0xB556, 0x8B6B
    dd 0xB557, 0x8B6C
    dd 0xB558, 0x8B6D
    dd 0xB559, 0x8B6E
    dd 0xB55A, 0x8B6F
    dd 0xB55B, 0x8B70
    dd 0xB55C, 0xB6AB
    dd 0xB55D, 0xB6AC
    dd 0xB55E, 0x8B71
    dd 0xB55F, 0xB6AD
    dd 0xB560, 0xB6AE
    dd 0xB561, 0xB6AF
    dd 0xB562, 0x8B72
    dd 0xB563, 0x8B73
    dd 0xB564, 0x8B74
    dd 0xB565, 0x8B75
    dd 0xB566, 0x8B76
    dd 0xB567, 0x8B77
    dd 0xB568, 0x8B78
    dd 0xB569, 0x8B79
    dd 0xB56A, 0x8B7A
    dd 0xB56B, 0x8B81
    dd 0xB56C, 0x8B82
    dd 0xB56D, 0x8B83
    dd 0xB56E, 0x8B84
    dd 0xB56F, 0x8B85
    dd 0xB570, 0x8B86
    dd 0xB571, 0x8B87
    dd 0xB572, 0x8B88
    dd 0xB573, 0x8B89
    dd 0xB574, 0x8B8A
    dd 0xB575, 0x8B8B
    dd 0xB576, 0x8B8C
    dd 0xB577, 0x8B8D
    dd 0xB578, 0x8B8E
    dd 0xB579, 0x8B8F
    dd 0xB57A, 0x8B90
    dd 0xB57B, 0x8B91
    dd 0xB57C, 0x8B92
    dd 0xB57D, 0x8B93
    dd 0xB57E, 0x8B94
    dd 0xB57F, 0x8B95
    dd 0xB580, 0x8B96
    dd 0xB581, 0x8B97
    dd 0xB582, 0x8B98
    dd 0xB583, 0x8B99
    dd 0xB584, 0x8B9A
    dd 0xB585, 0x8B9B
    dd 0xB586, 0x8B9C
    dd 0xB587, 0x8B9D
    dd 0xB588, 0x8B9E
    dd 0xB589, 0x8B9F
    dd 0xB58A, 0x8BA0
    dd 0xB58B, 0x8BA1
    dd 0xB58C, 0x8BA2
    dd 0xB58D, 0x8BA3
    dd 0xB58E, 0x8BA4
    dd 0xB58F, 0x8BA5
    dd 0xB590, 0x8BA6
    dd 0xB591, 0x8BA7
    dd 0xB592, 0x8BA8
    dd 0xB593, 0x8BA9
    dd 0xB594, 0x8BAA
    dd 0xB595, 0x8BAB
    dd 0xB596, 0x8BAC
    dd 0xB597, 0x8BAD
    dd 0xB598, 0x8BAE
    dd 0xB599, 0x8BAF
    dd 0xB59A, 0x8BB0
    dd 0xB59B, 0x8BB1
    dd 0xB59C, 0x8BB2
    dd 0xB59D, 0x8BB3
    dd 0xB59E, 0x8BB4
    dd 0xB59F, 0x8BB5
    dd 0xB5A0, 0xB6B0
    dd 0xB5A1, 0xB6B1
    dd 0xB5A2, 0x8BB6
    dd 0xB5A3, 0x8BB7
    dd 0xB5A4, 0xB6B2
    dd 0xB5A5, 0x8BB8
    dd 0xB5A6, 0x8BB9
    dd 0xB5A7, 0x8BBA
    dd 0xB5A8, 0xB6B3
    dd 0xB5A9, 0x8BBB
    dd 0xB5AA, 0xB6B4
    dd 0xB5AB, 0xB6B5
    dd 0xB5AC, 0x8BBC
    dd 0xB5AD, 0x8BBD
    dd 0xB5AE, 0x8BBE
    dd 0xB5AF, 0x8BBF
    dd 0xB5B0, 0xB6B6
    dd 0xB5B1, 0xB6B7
    dd 0xB5B2, 0x8BC0
    dd 0xB5B3, 0xB6B8
    dd 0xB5B4, 0xB6B9
    dd 0xB5B5, 0xB6BA
    dd 0xB5B6, 0x8BC1
    dd 0xB5B7, 0x8BC2
    dd 0xB5B8, 0x8BC3
    dd 0xB5B9, 0x8BC4
    dd 0xB5BA, 0x8BC5
    dd 0xB5BB, 0xB6BB
    dd 0xB5BC, 0xB6BC
    dd 0xB5BD, 0xB6BD
    dd 0xB5BE, 0x8BC6
    dd 0xB5BF, 0x8BC7
    dd 0xB5C0, 0xB6BE
    dd 0xB5C1, 0x8BC8
    dd 0xB5C2, 0x8BC9
    dd 0xB5C3, 0x8BCA
    dd 0xB5C4, 0xB6BF
    dd 0xB5C5, 0x8BCB
    dd 0xB5C6, 0x8BCC
    dd 0xB5C7, 0x8BCD
    dd 0xB5C8, 0x8BCE
    dd 0xB5C9, 0x8BCF
    dd 0xB5CA, 0x8BD0
    dd 0xB5CB, 0x8BD1
    dd 0xB5CC, 0xB6C0
    dd 0xB5CD, 0xB6C1
    dd 0xB5CE, 0x8BD2
    dd 0xB5CF, 0xB6C2
    dd 0xB5D0, 0xB6C3
    dd 0xB5D1, 0xB6C4
    dd 0xB5D2, 0x8BD3
    dd 0xB5D3, 0x8BD4
    dd 0xB5D4, 0x8BD5
    dd 0xB5D5, 0x8BD6
    dd 0xB5D6, 0x8BD7
    dd 0xB5D7, 0x8BD8
    dd 0xB5D8, 0xB6C5
    dd 0xB5D9, 0x8BD9
    dd 0xB5DA, 0x8BDA
    dd 0xB5DB, 0x8BDB
    dd 0xB5DC, 0x8BDC
    dd 0xB5DD, 0x8BDD
    dd 0xB5DE, 0x8BDE
    dd 0xB5DF, 0x8BDF
    dd 0xB5E0, 0x8BE0
    dd 0xB5E1, 0x8BE1
    dd 0xB5E2, 0x8BE2
    dd 0xB5E3, 0x8BE3
    dd 0xB5E4, 0x8BE4
    dd 0xB5E5, 0x8BE5
    dd 0xB5E6, 0x8BE6
    dd 0xB5E7, 0x8BE7
    dd 0xB5E8, 0x8BE8
    dd 0xB5E9, 0x8BE9
    dd 0xB5EA, 0x8BEA
    dd 0xB5EB, 0x8BEB
    dd 0xB5EC, 0xB6C6
    dd 0xB5ED, 0x8BEC
    dd 0xB5EE, 0x8BED
    dd 0xB5EF, 0x8BEE
    dd 0xB5F0, 0x8BEF
    dd 0xB5F1, 0x8BF0
    dd 0xB5F2, 0x8BF1
    dd 0xB5F3, 0x8BF2
    dd 0xB5F4, 0x8BF3
    dd 0xB5F5, 0x8BF4
    dd 0xB5F6, 0x8BF5
    dd 0xB5F7, 0x8BF6
    dd 0xB5F8, 0x8BF7
    dd 0xB5F9, 0x8BF8
    dd 0xB5FA, 0x8BF9
    dd 0xB5FB, 0x8BFA
    dd 0xB5FC, 0x8BFB
    dd 0xB5FD, 0x8BFC
    dd 0xB5FE, 0x8BFD
    dd 0xB5FF, 0x8BFE
    dd 0xB600, 0x8C41
    dd 0xB601, 0x8C42
    dd 0xB602, 0x8C43
    dd 0xB603, 0x8C44
    dd 0xB604, 0x8C45
    dd 0xB605, 0x8C46
    dd 0xB606, 0x8C47
    dd 0xB607, 0x8C48
    dd 0xB608, 0x8C49
    dd 0xB609, 0x8C4A
    dd 0xB60A, 0x8C4B
    dd 0xB60B, 0x8C4C
    dd 0xB60C, 0x8C4D
    dd 0xB60D, 0x8C4E
    dd 0xB60E, 0x8C4F
    dd 0xB60F, 0x8C50
    dd 0xB610, 0xB6C7
    dd 0xB611, 0xB6C8
    dd 0xB612, 0x8C51
    dd 0xB613, 0x8C52
    dd 0xB614, 0xB6C9
    dd 0xB615, 0x8C53
    dd 0xB616, 0x8C54
    dd 0xB617, 0x8C55
    dd 0xB618, 0xB6CA
    dd 0xB619, 0x8C56
    dd 0xB61A, 0x8C57
    dd 0xB61B, 0x8C58
    dd 0xB61C, 0x8C59
    dd 0xB61D, 0x8C5A
    dd 0xB61E, 0x8C61
    dd 0xB61F, 0x8C62
    dd 0xB620, 0x8C63
    dd 0xB621, 0x8C64
    dd 0xB622, 0x8C65
    dd 0xB623, 0x8C66
    dd 0xB624, 0x8C67
    dd 0xB625, 0xB6CB
    dd 0xB626, 0x8C68
    dd 0xB627, 0x8C69
    dd 0xB628, 0x8C6A
    dd 0xB629, 0x8C6B
    dd 0xB62A, 0x8C6C
    dd 0xB62B, 0x8C6D
    dd 0xB62C, 0xB6CC
    dd 0xB62D, 0x8C6E
    dd 0xB62E, 0x8C6F
    dd 0xB62F, 0x8C70
    dd 0xB630, 0x8C71
    dd 0xB631, 0x8C72
    dd 0xB632, 0x8C73
    dd 0xB633, 0x8C74
    dd 0xB634, 0xB6CD
    dd 0xB635, 0x8C75
    dd 0xB636, 0x8C76
    dd 0xB637, 0x8C77
    dd 0xB638, 0x8C78
    dd 0xB639, 0x8C79
    dd 0xB63A, 0x8C7A
    dd 0xB63B, 0x8C81
    dd 0xB63C, 0x8C82
    dd 0xB63D, 0x8C83
    dd 0xB63E, 0x8C84
    dd 0xB63F, 0x8C85
    dd 0xB640, 0x8C86
    dd 0xB641, 0x8C87
    dd 0xB642, 0x8C88
    dd 0xB643, 0x8C89
    dd 0xB644, 0x8C8A
    dd 0xB645, 0x8C8B
    dd 0xB646, 0x8C8C
    dd 0xB647, 0x8C8D
    dd 0xB648, 0xB6CE
    dd 0xB649, 0x8C8E
    dd 0xB64A, 0x8C8F
    dd 0xB64B, 0x8C90
    dd 0xB64C, 0x8C91
    dd 0xB64D, 0x8C92
    dd 0xB64E, 0x8C93
    dd 0xB64F, 0x8C94
    dd 0xB650, 0x8C95
    dd 0xB651, 0x8C96
    dd 0xB652, 0x8C97
    dd 0xB653, 0x8C98
    dd 0xB654, 0x8C99
    dd 0xB655, 0x8C9A
    dd 0xB656, 0x8C9B
    dd 0xB657, 0x8C9C
    dd 0xB658, 0x8C9D
    dd 0xB659, 0x8C9E
    dd 0xB65A, 0x8C9F
    dd 0xB65B, 0x8CA0
    dd 0xB65C, 0x8CA1
    dd 0xB65D, 0x8CA2
    dd 0xB65E, 0x8CA3
    dd 0xB65F, 0x8CA4
    dd 0xB660, 0x8CA5
    dd 0xB661, 0x8CA6
    dd 0xB662, 0x8CA7
    dd 0xB663, 0x8CA8
    dd 0xB664, 0xB6CF
    dd 0xB665, 0x8CA9
    dd 0xB666, 0x8CAA
    dd 0xB667, 0x8CAB
    dd 0xB668, 0xB6D0
    dd 0xB669, 0x8CAC
    dd 0xB66A, 0x8CAD
    dd 0xB66B, 0x8CAE
    dd 0xB66C, 0x8CAF
    dd 0xB66D, 0x8CB0
    dd 0xB66E, 0x8CB1
    dd 0xB66F, 0x8CB2
    dd 0xB670, 0x8CB3
    dd 0xB671, 0x8CB4
    dd 0xB672, 0x8CB5
    dd 0xB673, 0x8CB6
    dd 0xB674, 0x8CB7
    dd 0xB675, 0x8CB8
    dd 0xB676, 0x8CB9
    dd 0xB677, 0x8CBA
    dd 0xB678, 0x8CBB
    dd 0xB679, 0x8CBC
    dd 0xB67A, 0x8CBD
    dd 0xB67B, 0x8CBE
    dd 0xB67C, 0x8CBF
    dd 0xB67D, 0x8CC0
    dd 0xB67E, 0x8CC1
    dd 0xB67F, 0x8CC2
    dd 0xB680, 0x8CC3
    dd 0xB681, 0x8CC4
    dd 0xB682, 0x8CC5
    dd 0xB683, 0x8CC6
    dd 0xB684, 0x8CC7
    dd 0xB685, 0x8CC8
    dd 0xB686, 0x8CC9
    dd 0xB687, 0x8CCA
    dd 0xB688, 0x8CCB
    dd 0xB689, 0x8CCC
    dd 0xB68A, 0x8CCD
    dd 0xB68B, 0x8CCE
    dd 0xB68C, 0x8CCF
    dd 0xB68D, 0x8CD0
    dd 0xB68E, 0x8CD1
    dd 0xB68F, 0x8CD2
    dd 0xB690, 0x8CD3
    dd 0xB691, 0x8CD4
    dd 0xB692, 0x8CD5
    dd 0xB693, 0x8CD6
    dd 0xB694, 0x8CD7
    dd 0xB695, 0x8CD8
    dd 0xB696, 0x8CD9
    dd 0xB697, 0x8CDA
    dd 0xB698, 0x8CDB
    dd 0xB699, 0x8CDC
    dd 0xB69A, 0x8CDD
    dd 0xB69B, 0x8CDE
    dd 0xB69C, 0xB6D1
    dd 0xB69D, 0xB6D2
    dd 0xB69E, 0x8CDF
    dd 0xB69F, 0x8CE0
    dd 0xB6A0, 0xB6D3
    dd 0xB6A1, 0x8CE1
    dd 0xB6A2, 0x8CE2
    dd 0xB6A3, 0x8CE3
    dd 0xB6A4, 0xB6D4
    dd 0xB6A5, 0x8CE4
    dd 0xB6A6, 0x8CE5
    dd 0xB6A7, 0x8CE6
    dd 0xB6A8, 0x8CE7
    dd 0xB6A9, 0x8CE8
    dd 0xB6AA, 0x8CE9
    dd 0xB6AB, 0xB6D5
    dd 0xB6AC, 0xB6D6
    dd 0xB6AD, 0x8CEA
    dd 0xB6AE, 0x8CEB
    dd 0xB6AF, 0x8CEC
    dd 0xB6B0, 0x8CED
    dd 0xB6B1, 0xB6D7
    dd 0xB6B2, 0x8CEE
    dd 0xB6B3, 0x8CEF
    dd 0xB6B4, 0x8CF0
    dd 0xB6B5, 0x8CF1
    dd 0xB6B6, 0x8CF2
    dd 0xB6B7, 0x8CF3
    dd 0xB6B8, 0x8CF4
    dd 0xB6B9, 0x8CF5
    dd 0xB6BA, 0x8CF6
    dd 0xB6BB, 0x8CF7
    dd 0xB6BC, 0x8CF8
    dd 0xB6BD, 0x8CF9
    dd 0xB6BE, 0x8CFA
    dd 0xB6BF, 0x8CFB
    dd 0xB6C0, 0x8CFC
    dd 0xB6C1, 0x8CFD
    dd 0xB6C2, 0x8CFE
    dd 0xB6C3, 0x8D41
    dd 0xB6C4, 0x8D42
    dd 0xB6C5, 0x8D43
    dd 0xB6C6, 0x8D44
    dd 0xB6C7, 0x8D45
    dd 0xB6C8, 0x8D46
    dd 0xB6C9, 0x8D47
    dd 0xB6CA, 0x8D48
    dd 0xB6CB, 0x8D49
    dd 0xB6CC, 0x8D4A
    dd 0xB6CD, 0x8D4B
    dd 0xB6CE, 0x8D4C
    dd 0xB6CF, 0x8D4D
    dd 0xB6D0, 0x8D4E
    dd 0xB6D1, 0x8D4F
    dd 0xB6D2, 0x8D50
    dd 0xB6D3, 0x8D51
    dd 0xB6D4, 0xB6D8
    dd 0xB6D5, 0x8D52
    dd 0xB6D6, 0x8D53
    dd 0xB6D7, 0x8D54
    dd 0xB6D8, 0x8D55
    dd 0xB6D9, 0x8D56
    dd 0xB6DA, 0x8D57
    dd 0xB6DB, 0x8D58
    dd 0xB6DC, 0x8D59
    dd 0xB6DD, 0x8D5A
    dd 0xB6DE, 0x8D61
    dd 0xB6DF, 0x8D62
    dd 0xB6E0, 0x8D63
    dd 0xB6E1, 0x8D64
    dd 0xB6E2, 0x8D65
    dd 0xB6E3, 0x8D66
    dd 0xB6E4, 0x8D67
    dd 0xB6E5, 0x8D68
    dd 0xB6E6, 0x8D69
    dd 0xB6E7, 0x8D6A
    dd 0xB6E8, 0x8D6B
    dd 0xB6E9, 0x8D6C
    dd 0xB6EA, 0x8D6D
    dd 0xB6EB, 0x8D6E
    dd 0xB6EC, 0x8D6F
    dd 0xB6ED, 0x8D70
    dd 0xB6EE, 0x8D71
    dd 0xB6EF, 0x8D72
    dd 0xB6F0, 0xB6D9
    dd 0xB6F1, 0x8D73
    dd 0xB6F2, 0x8D74
    dd 0xB6F3, 0x8D75
    dd 0xB6F4, 0xB6DA
    dd 0xB6F5, 0x8D76
    dd 0xB6F6, 0x8D77
    dd 0xB6F7, 0x8D78
    dd 0xB6F8, 0xB6DB
    dd 0xB6F9, 0x8D79
    dd 0xB6FA, 0x8D7A
    dd 0xB6FB, 0x8D81
    dd 0xB6FC, 0x8D82
    dd 0xB6FD, 0x8D83
    dd 0xB6FE, 0x8D84
    dd 0xB6FF, 0x8D85
    dd 0xB700, 0xB6DC
    dd 0xB701, 0xB6DD
    dd 0xB702, 0x8D86
    dd 0xB703, 0x8D87
    dd 0xB704, 0x8D88
    dd 0xB705, 0xB6DE
    dd 0xB706, 0x8D89
    dd 0xB707, 0x8D8A
    dd 0xB708, 0x8D8B
    dd 0xB709, 0x8D8C
    dd 0xB70A, 0x8D8D
    dd 0xB70B, 0x8D8E
    dd 0xB70C, 0x8D8F
    dd 0xB70D, 0x8D90
    dd 0xB70E, 0x8D91
    dd 0xB70F, 0x8D92
    dd 0xB710, 0x8D93
    dd 0xB711, 0x8D94
    dd 0xB712, 0x8D95
    dd 0xB713, 0x8D96
    dd 0xB714, 0x8D97
    dd 0xB715, 0x8D98
    dd 0xB716, 0x8D99
    dd 0xB717, 0x8D9A
    dd 0xB718, 0x8D9B
    dd 0xB719, 0x8D9C
    dd 0xB71A, 0x8D9D
    dd 0xB71B, 0x8D9E
    dd 0xB71C, 0x8D9F
    dd 0xB71D, 0x8DA0
    dd 0xB71E, 0x8DA1
    dd 0xB71F, 0x8DA2
    dd 0xB720, 0x8DA3
    dd 0xB721, 0x8DA4
    dd 0xB722, 0x8DA5
    dd 0xB723, 0x8DA6
    dd 0xB724, 0x8DA7
    dd 0xB725, 0x8DA8
    dd 0xB726, 0x8DA9
    dd 0xB727, 0x8DAA
    dd 0xB728, 0xB6DF
    dd 0xB729, 0xB6E0
    dd 0xB72A, 0x8DAB
    dd 0xB72B, 0x8DAC
    dd 0xB72C, 0xB6E1
    dd 0xB72D, 0x8DAD
    dd 0xB72E, 0x8DAE
    dd 0xB72F, 0xB6E2
    dd 0xB730, 0xB6E3
    dd 0xB731, 0x8DAF
    dd 0xB732, 0x8DB0
    dd 0xB733, 0x8DB1
    dd 0xB734, 0x8DB2
    dd 0xB735, 0x8DB3
    dd 0xB736, 0x8DB4
    dd 0xB737, 0x8DB5
    dd 0xB738, 0xB6E4
    dd 0xB739, 0xB6E5
    dd 0xB73A, 0x8DB6
    dd 0xB73B, 0xB6E6
    dd 0xB73C, 0x8DB7
    dd 0xB73D, 0x8DB8
    dd 0xB73E, 0x8DB9
    dd 0xB73F, 0x8DBA
    dd 0xB740, 0x8DBB
    dd 0xB741, 0x8DBC
    dd 0xB742, 0x8DBD
    dd 0xB743, 0x8DBE
    dd 0xB744, 0xB6E7
    dd 0xB745, 0x8DBF
    dd 0xB746, 0x8DC0
    dd 0xB747, 0x8DC1
    dd 0xB748, 0xB6E8
    dd 0xB749, 0x8DC2
    dd 0xB74A, 0x8DC3
    dd 0xB74B, 0x8DC4
    dd 0xB74C, 0xB6E9
    dd 0xB74D, 0x8DC5
    dd 0xB74E, 0x8DC6
    dd 0xB74F, 0x8DC7
    dd 0xB750, 0x8DC8
    dd 0xB751, 0x8DC9
    dd 0xB752, 0x8DCA
    dd 0xB753, 0x8DCB
    dd 0xB754, 0xB6EA
    dd 0xB755, 0xB6EB
    dd 0xB756, 0x8DCC
    dd 0xB757, 0x8DCD
    dd 0xB758, 0x8DCE
    dd 0xB759, 0x8DCF
    dd 0xB75A, 0x8DD0
    dd 0xB75B, 0x8DD1
    dd 0xB75C, 0x8DD2
    dd 0xB75D, 0x8DD3
    dd 0xB75E, 0x8DD4
    dd 0xB75F, 0x8DD5
    dd 0xB760, 0xB6EC
    dd 0xB761, 0x8DD6
    dd 0xB762, 0x8DD7
    dd 0xB763, 0x8DD8
    dd 0xB764, 0xB6ED
    dd 0xB765, 0x8DD9
    dd 0xB766, 0x8DDA
    dd 0xB767, 0x8DDB
    dd 0xB768, 0xB6EE
    dd 0xB769, 0x8DDC
    dd 0xB76A, 0x8DDD
    dd 0xB76B, 0x8DDE
    dd 0xB76C, 0x8DDF
    dd 0xB76D, 0x8DE0
    dd 0xB76E, 0x8DE1
    dd 0xB76F, 0x8DE2
    dd 0xB770, 0xB6EF
    dd 0xB771, 0xB6F0
    dd 0xB772, 0x8DE3
    dd 0xB773, 0xB6F1
    dd 0xB774, 0x8DE4
    dd 0xB775, 0xB6F2
    dd 0xB776, 0x8DE5
    dd 0xB777, 0x8DE6
    dd 0xB778, 0x8DE7
    dd 0xB779, 0x8DE8
    dd 0xB77A, 0x8DE9
    dd 0xB77B, 0x8DEA
    dd 0xB77C, 0xB6F3
    dd 0xB77D, 0xB6F4
    dd 0xB77E, 0x8DEB
    dd 0xB77F, 0x8DEC
    dd 0xB780, 0xB6F5
    dd 0xB781, 0x8DED
    dd 0xB782, 0x8DEE
    dd 0xB783, 0x8DEF
    dd 0xB784, 0xB6F6
    dd 0xB785, 0x8DF0
    dd 0xB786, 0x8DF1
    dd 0xB787, 0x8DF2
    dd 0xB788, 0x8DF3
    dd 0xB789, 0x8DF4
    dd 0xB78A, 0x8DF5
    dd 0xB78B, 0x8DF6
    dd 0xB78C, 0xB6F7
    dd 0xB78D, 0xB6F8
    dd 0xB78E, 0x8DF7
    dd 0xB78F, 0xB6F9
    dd 0xB790, 0xB6FA
    dd 0xB791, 0xB6FB
    dd 0xB792, 0xB6FC
    dd 0xB793, 0x8DF8
    dd 0xB794, 0x8DF9
    dd 0xB795, 0x8DFA
    dd 0xB796, 0xB6FD
    dd 0xB797, 0xB6FE
    dd 0xB798, 0xB7A1
    dd 0xB799, 0xB7A2
    dd 0xB79A, 0x8DFB
    dd 0xB79B, 0x8DFC
    dd 0xB79C, 0xB7A3
    dd 0xB79D, 0x8DFD
    dd 0xB79E, 0x8DFE
    dd 0xB79F, 0x8E41
    dd 0xB7A0, 0xB7A4
    dd 0xB7A1, 0x8E42
    dd 0xB7A2, 0x8E43
    dd 0xB7A3, 0x8E44
    dd 0xB7A4, 0x8E45
    dd 0xB7A5, 0x8E46
    dd 0xB7A6, 0x8E47
    dd 0xB7A7, 0x8E48
    dd 0xB7A8, 0xB7A5
    dd 0xB7A9, 0xB7A6
    dd 0xB7AA, 0x8E49
    dd 0xB7AB, 0xB7A7
    dd 0xB7AC, 0xB7A8
    dd 0xB7AD, 0xB7A9
    dd 0xB7AE, 0x8E4A
    dd 0xB7AF, 0x8E4B
    dd 0xB7B0, 0x8E4C
    dd 0xB7B1, 0x8E4D
    dd 0xB7B2, 0x8E4E
    dd 0xB7B3, 0x8E4F
    dd 0xB7B4, 0xB7AA
    dd 0xB7B5, 0xB7AB
    dd 0xB7B6, 0x8E50
    dd 0xB7B7, 0x8E51
    dd 0xB7B8, 0xB7AC
    dd 0xB7B9, 0x8E52
    dd 0xB7BA, 0x8E53
    dd 0xB7BB, 0x8E54
    dd 0xB7BC, 0x8E55
    dd 0xB7BD, 0x8E56
    dd 0xB7BE, 0x8E57
    dd 0xB7BF, 0x8E58
    dd 0xB7C0, 0x8E59
    dd 0xB7C1, 0x8E5A
    dd 0xB7C2, 0x8E61
    dd 0xB7C3, 0x8E62
    dd 0xB7C4, 0x8E63
    dd 0xB7C5, 0x8E64
    dd 0xB7C6, 0x8E65
    dd 0xB7C7, 0xB7AD
    dd 0xB7C8, 0x8E66
    dd 0xB7C9, 0xB7AE
    dd 0xB7CA, 0x8E67
    dd 0xB7CB, 0x8E68
    dd 0xB7CC, 0x8E69
    dd 0xB7CD, 0x8E6A
    dd 0xB7CE, 0x8E6B
    dd 0xB7CF, 0x8E6C
    dd 0xB7D0, 0x8E6D
    dd 0xB7D1, 0x8E6E
    dd 0xB7D2, 0x8E6F
    dd 0xB7D3, 0x8E70
    dd 0xB7D4, 0x8E71
    dd 0xB7D5, 0x8E72
    dd 0xB7D6, 0x8E73
    dd 0xB7D7, 0x8E74
    dd 0xB7D8, 0x8E75
    dd 0xB7D9, 0x8E76
    dd 0xB7DA, 0x8E77
    dd 0xB7DB, 0x8E78
    dd 0xB7DC, 0x8E79
    dd 0xB7DD, 0x8E7A
    dd 0xB7DE, 0x8E81
    dd 0xB7DF, 0x8E82
    dd 0xB7E0, 0x8E83
    dd 0xB7E1, 0x8E84
    dd 0xB7E2, 0x8E85
    dd 0xB7E3, 0x8E86
    dd 0xB7E4, 0x8E87
    dd 0xB7E5, 0x8E88
    dd 0xB7E6, 0x8E89
    dd 0xB7E7, 0x8E8A
    dd 0xB7E8, 0x8E8B
    dd 0xB7E9, 0x8E8C
    dd 0xB7EA, 0x8E8D
    dd 0xB7EB, 0x8E8E
    dd 0xB7EC, 0xB7AF
    dd 0xB7ED, 0xB7B0
    dd 0xB7EE, 0x8E8F
    dd 0xB7EF, 0x8E90
    dd 0xB7F0, 0xB7B1
    dd 0xB7F1, 0x8E91
    dd 0xB7F2, 0x8E92
    dd 0xB7F3, 0x8E93
    dd 0xB7F4, 0xB7B2
    dd 0xB7F5, 0x8E94
    dd 0xB7F6, 0x8E95
    dd 0xB7F7, 0x8E96
    dd 0xB7F8, 0x8E97
    dd 0xB7F9, 0x8E98
    dd 0xB7FA, 0x8E99
    dd 0xB7FB, 0x8E9A
    dd 0xB7FC, 0xB7B3
    dd 0xB7FD, 0xB7B4
    dd 0xB7FE, 0x8E9B
    dd 0xB7FF, 0xB7B5
    dd 0xB800, 0xB7B6
    dd 0xB801, 0xB7B7
    dd 0xB802, 0x8E9C
    dd 0xB803, 0x8E9D
    dd 0xB804, 0x8E9E
    dd 0xB805, 0x8E9F
    dd 0xB806, 0x8EA0
    dd 0xB807, 0xB7B8
    dd 0xB808, 0xB7B9
    dd 0xB809, 0xB7BA
    dd 0xB80A, 0x8EA1
    dd 0xB80B, 0x8EA2
    dd 0xB80C, 0xB7BB
    dd 0xB80D, 0x8EA3
    dd 0xB80E, 0x8EA4
    dd 0xB80F, 0x8EA5
    dd 0xB810, 0xB7BC
    dd 0xB811, 0x8EA6
    dd 0xB812, 0x8EA7
    dd 0xB813, 0x8EA8
    dd 0xB814, 0x8EA9
    dd 0xB815, 0x8EAA
    dd 0xB816, 0x8EAB
    dd 0xB817, 0x8EAC
    dd 0xB818, 0xB7BD
    dd 0xB819, 0xB7BE
    dd 0xB81A, 0x8EAD
    dd 0xB81B, 0xB7BF
    dd 0xB81C, 0x8EAE
    dd 0xB81D, 0xB7C0
    dd 0xB81E, 0x8EAF
    dd 0xB81F, 0x8EB0
    dd 0xB820, 0x8EB1
    dd 0xB821, 0x8EB2
    dd 0xB822, 0x8EB3
    dd 0xB823, 0x8EB4
    dd 0xB824, 0xB7C1
    dd 0xB825, 0xB7C2
    dd 0xB826, 0x8EB5
    dd 0xB827, 0x8EB6
    dd 0xB828, 0xB7C3
    dd 0xB829, 0x8EB7
    dd 0xB82A, 0x8EB8
    dd 0xB82B, 0x8EB9
    dd 0xB82C, 0xB7C4
    dd 0xB82D, 0x8EBA
    dd 0xB82E, 0x8EBB
    dd 0xB82F, 0x8EBC
    dd 0xB830, 0x8EBD
    dd 0xB831, 0x8EBE
    dd 0xB832, 0x8EBF
    dd 0xB833, 0x8EC0
    dd 0xB834, 0xB7C5
    dd 0xB835, 0xB7C6
    dd 0xB836, 0x8EC1
    dd 0xB837, 0xB7C7
    dd 0xB838, 0xB7C8
    dd 0xB839, 0xB7C9
    dd 0xB83A, 0x8EC2
    dd 0xB83B, 0x8EC3
    dd 0xB83C, 0x8EC4
    dd 0xB83D, 0x8EC5
    dd 0xB83E, 0x8EC6
    dd 0xB83F, 0x8EC7
    dd 0xB840, 0xB7CA
    dd 0xB841, 0x8EC8
    dd 0xB842, 0x8EC9
    dd 0xB843, 0x8ECA
    dd 0xB844, 0xB7CB
    dd 0xB845, 0x8ECB
    dd 0xB846, 0x8ECC
    dd 0xB847, 0x8ECD
    dd 0xB848, 0x8ECE
    dd 0xB849, 0x8ECF
    dd 0xB84A, 0x8ED0
    dd 0xB84B, 0x8ED1
    dd 0xB84C, 0x8ED2
    dd 0xB84D, 0x8ED3
    dd 0xB84E, 0x8ED4
    dd 0xB84F, 0x8ED5
    dd 0xB850, 0x8ED6
    dd 0xB851, 0xB7CC
    dd 0xB852, 0x8ED7
    dd 0xB853, 0xB7CD
    dd 0xB854, 0x8ED8
    dd 0xB855, 0x8ED9
    dd 0xB856, 0x8EDA
    dd 0xB857, 0x8EDB
    dd 0xB858, 0x8EDC
    dd 0xB859, 0x8EDD
    dd 0xB85A, 0x8EDE
    dd 0xB85B, 0x8EDF
    dd 0xB85C, 0xB7CE
    dd 0xB85D, 0xB7CF
    dd 0xB85E, 0x8EE0
    dd 0xB85F, 0x8EE1
    dd 0xB860, 0xB7D0
    dd 0xB861, 0x8EE2
    dd 0xB862, 0x8EE3
    dd 0xB863, 0x8EE4
    dd 0xB864, 0xB7D1
    dd 0xB865, 0x8EE5
    dd 0xB866, 0x8EE6
    dd 0xB867, 0x8EE7
    dd 0xB868, 0x8EE8
    dd 0xB869, 0x8EE9
    dd 0xB86A, 0x8EEA
    dd 0xB86B, 0x8EEB
    dd 0xB86C, 0xB7D2
    dd 0xB86D, 0xB7D3
    dd 0xB86E, 0x8EEC
    dd 0xB86F, 0xB7D4
    dd 0xB870, 0x8EED
    dd 0xB871, 0xB7D5
    dd 0xB872, 0x8EEE
    dd 0xB873, 0x8EEF
    dd 0xB874, 0x8EF0
    dd 0xB875, 0x8EF1
    dd 0xB876, 0x8EF2
    dd 0xB877, 0x8EF3
    dd 0xB878, 0xB7D6
    dd 0xB879, 0x8EF4
    dd 0xB87A, 0x8EF5
    dd 0xB87B, 0x8EF6
    dd 0xB87C, 0xB7D7
    dd 0xB87D, 0x8EF7
    dd 0xB87E, 0x8EF8
    dd 0xB87F, 0x8EF9
    dd 0xB880, 0x8EFA
    dd 0xB881, 0x8EFB
    dd 0xB882, 0x8EFC
    dd 0xB883, 0x8EFD
    dd 0xB884, 0x8EFE
    dd 0xB885, 0x8F41
    dd 0xB886, 0x8F42
    dd 0xB887, 0x8F43
    dd 0xB888, 0x8F44
    dd 0xB889, 0x8F45
    dd 0xB88A, 0x8F46
    dd 0xB88B, 0x8F47
    dd 0xB88C, 0x8F48
    dd 0xB88D, 0xB7D8
    dd 0xB88E, 0x8F49
    dd 0xB88F, 0x8F4A
    dd 0xB890, 0x8F4B
    dd 0xB891, 0x8F4C
    dd 0xB892, 0x8F4D
    dd 0xB893, 0x8F4E
    dd 0xB894, 0x8F4F
    dd 0xB895, 0x8F50
    dd 0xB896, 0x8F51
    dd 0xB897, 0x8F52
    dd 0xB898, 0x8F53
    dd 0xB899, 0x8F54
    dd 0xB89A, 0x8F55
    dd 0xB89B, 0x8F56
    dd 0xB89C, 0x8F57
    dd 0xB89D, 0x8F58
    dd 0xB89E, 0x8F59
    dd 0xB89F, 0x8F5A
    dd 0xB8A0, 0x8F61
    dd 0xB8A1, 0x8F62
    dd 0xB8A2, 0x8F63
    dd 0xB8A3, 0x8F64
    dd 0xB8A4, 0x8F65
    dd 0xB8A5, 0x8F66
    dd 0xB8A6, 0x8F67
    dd 0xB8A7, 0x8F68
    dd 0xB8A8, 0xB7D9
    dd 0xB8A9, 0x8F69
    dd 0xB8AA, 0x8F6A
    dd 0xB8AB, 0x8F6B
    dd 0xB8AC, 0x8F6C
    dd 0xB8AD, 0x8F6D
    dd 0xB8AE, 0x8F6E
    dd 0xB8AF, 0x8F6F
    dd 0xB8B0, 0xB7DA
    dd 0xB8B1, 0x8F70
    dd 0xB8B2, 0x8F71
    dd 0xB8B3, 0x8F72
    dd 0xB8B4, 0xB7DB
    dd 0xB8B5, 0x8F73
    dd 0xB8B6, 0x8F74
    dd 0xB8B7, 0x8F75
    dd 0xB8B8, 0xB7DC
    dd 0xB8B9, 0x8F76
    dd 0xB8BA, 0x8F77
    dd 0xB8BB, 0x8F78
    dd 0xB8BC, 0x8F79
    dd 0xB8BD, 0x8F7A
    dd 0xB8BE, 0x8F81
    dd 0xB8BF, 0x8F82
    dd 0xB8C0, 0xB7DD
    dd 0xB8C1, 0xB7DE
    dd 0xB8C2, 0x8F83
    dd 0xB8C3, 0xB7DF
    dd 0xB8C4, 0x8F84
    dd 0xB8C5, 0xB7E0
    dd 0xB8C6, 0x8F85
    dd 0xB8C7, 0x8F86
    dd 0xB8C8, 0x8F87
    dd 0xB8C9, 0x8F88
    dd 0xB8CA, 0x8F89
    dd 0xB8CB, 0x8F8A
    dd 0xB8CC, 0xB7E1
    dd 0xB8CD, 0x8F8B
    dd 0xB8CE, 0x8F8C
    dd 0xB8CF, 0x8F8D
    dd 0xB8D0, 0xB7E2
    dd 0xB8D1, 0x8F8E
    dd 0xB8D2, 0x8F8F
    dd 0xB8D3, 0x8F90
    dd 0xB8D4, 0xB7E3
    dd 0xB8D5, 0x8F91
    dd 0xB8D6, 0x8F92
    dd 0xB8D7, 0x8F93
    dd 0xB8D8, 0x8F94
    dd 0xB8D9, 0x8F95
    dd 0xB8DA, 0x8F96
    dd 0xB8DB, 0x8F97
    dd 0xB8DC, 0x8F98
    dd 0xB8DD, 0xB7E4
    dd 0xB8DE, 0x8F99
    dd 0xB8DF, 0xB7E5
    dd 0xB8E0, 0x8F9A
    dd 0xB8E1, 0xB7E6
    dd 0xB8E2, 0x8F9B
    dd 0xB8E3, 0x8F9C
    dd 0xB8E4, 0x8F9D
    dd 0xB8E5, 0x8F9E
    dd 0xB8E6, 0x8F9F
    dd 0xB8E7, 0x8FA0
    dd 0xB8E8, 0xB7E7
    dd 0xB8E9, 0xB7E8
    dd 0xB8EA, 0x8FA1
    dd 0xB8EB, 0x8FA2
    dd 0xB8EC, 0xB7E9
    dd 0xB8ED, 0x8FA3
    dd 0xB8EE, 0x8FA4
    dd 0xB8EF, 0x8FA5
    dd 0xB8F0, 0xB7EA
    dd 0xB8F1, 0x8FA6
    dd 0xB8F2, 0x8FA7
    dd 0xB8F3, 0x8FA8
    dd 0xB8F4, 0x8FA9
    dd 0xB8F5, 0x8FAA
    dd 0xB8F6, 0x8FAB
    dd 0xB8F7, 0x8FAC
    dd 0xB8F8, 0xB7EB
    dd 0xB8F9, 0xB7EC
    dd 0xB8FA, 0x8FAD
    dd 0xB8FB, 0xB7ED
    dd 0xB8FC, 0x8FAE
    dd 0xB8FD, 0xB7EE
    dd 0xB8FE, 0x8FAF
    dd 0xB8FF, 0x8FB0
    dd 0xB900, 0x8FB1
    dd 0xB901, 0x8FB2
    dd 0xB902, 0x8FB3
    dd 0xB903, 0x8FB4
    dd 0xB904, 0xB7EF
    dd 0xB905, 0x8FB5
    dd 0xB906, 0x8FB6
    dd 0xB907, 0x8FB7
    dd 0xB908, 0x8FB8
    dd 0xB909, 0x8FB9
    dd 0xB90A, 0x8FBA
    dd 0xB90B, 0x8FBB
    dd 0xB90C, 0x8FBC
    dd 0xB90D, 0x8FBD
    dd 0xB90E, 0x8FBE
    dd 0xB90F, 0x8FBF
    dd 0xB910, 0x8FC0
    dd 0xB911, 0x8FC1
    dd 0xB912, 0x8FC2
    dd 0xB913, 0x8FC3
    dd 0xB914, 0x8FC4
    dd 0xB915, 0x8FC5
    dd 0xB916, 0x8FC6
    dd 0xB917, 0x8FC7
    dd 0xB918, 0xB7F0
    dd 0xB919, 0x8FC8
    dd 0xB91A, 0x8FC9
    dd 0xB91B, 0x8FCA
    dd 0xB91C, 0x8FCB
    dd 0xB91D, 0x8FCC
    dd 0xB91E, 0x8FCD
    dd 0xB91F, 0x8FCE
    dd 0xB920, 0xB7F1
    dd 0xB921, 0x8FCF
    dd 0xB922, 0x8FD0
    dd 0xB923, 0x8FD1
    dd 0xB924, 0x8FD2
    dd 0xB925, 0x8FD3
    dd 0xB926, 0x8FD4
    dd 0xB927, 0x8FD5
    dd 0xB928, 0x8FD6
    dd 0xB929, 0x8FD7
    dd 0xB92A, 0x8FD8
    dd 0xB92B, 0x8FD9
    dd 0xB92C, 0x8FDA
    dd 0xB92D, 0x8FDB
    dd 0xB92E, 0x8FDC
    dd 0xB92F, 0x8FDD
    dd 0xB930, 0x8FDE
    dd 0xB931, 0x8FDF
    dd 0xB932, 0x8FE0
    dd 0xB933, 0x8FE1
    dd 0xB934, 0x8FE2
    dd 0xB935, 0x8FE3
    dd 0xB936, 0x8FE4
    dd 0xB937, 0x8FE5
    dd 0xB938, 0x8FE6
    dd 0xB939, 0x8FE7
    dd 0xB93A, 0x8FE8
    dd 0xB93B, 0x8FE9
    dd 0xB93C, 0xB7F2
    dd 0xB93D, 0xB7F3
    dd 0xB93E, 0x8FEA
    dd 0xB93F, 0x8FEB
    dd 0xB940, 0xB7F4
    dd 0xB941, 0x8FEC
    dd 0xB942, 0x8FED
    dd 0xB943, 0x8FEE
    dd 0xB944, 0xB7F5
    dd 0xB945, 0x8FEF
    dd 0xB946, 0x8FF0
    dd 0xB947, 0x8FF1
    dd 0xB948, 0x8FF2
    dd 0xB949, 0x8FF3
    dd 0xB94A, 0x8FF4
    dd 0xB94B, 0x8FF5
    dd 0xB94C, 0xB7F6
    dd 0xB94D, 0x8FF6
    dd 0xB94E, 0x8FF7
    dd 0xB94F, 0xB7F7
    dd 0xB950, 0x8FF8
    dd 0xB951, 0xB7F8
    dd 0xB952, 0x8FF9
    dd 0xB953, 0x8FFA
    dd 0xB954, 0x8FFB
    dd 0xB955, 0x8FFC
    dd 0xB956, 0x8FFD
    dd 0xB957, 0x8FFE
    dd 0xB958, 0xB7F9
    dd 0xB959, 0xB7FA
    dd 0xB95A, 0x9041
    dd 0xB95B, 0x9042
    dd 0xB95C, 0xB7FB
    dd 0xB95D, 0x9043
    dd 0xB95E, 0x9044
    dd 0xB95F, 0x9045
    dd 0xB960, 0xB7FC
    dd 0xB961, 0x9046
    dd 0xB962, 0x9047
    dd 0xB963, 0x9048
    dd 0xB964, 0x9049
    dd 0xB965, 0x904A
    dd 0xB966, 0x904B
    dd 0xB967, 0x904C
    dd 0xB968, 0xB7FD
    dd 0xB969, 0xB7FE
    dd 0xB96A, 0x904D
    dd 0xB96B, 0xB8A1
    dd 0xB96C, 0x904E
    dd 0xB96D, 0xB8A2
    dd 0xB96E, 0x904F
    dd 0xB96F, 0x9050
    dd 0xB970, 0x9051
    dd 0xB971, 0x9052
    dd 0xB972, 0x9053
    dd 0xB973, 0x9054
    dd 0xB974, 0xB8A3
    dd 0xB975, 0xB8A4
    dd 0xB976, 0x9055
    dd 0xB977, 0x9056
    dd 0xB978, 0xB8A5
    dd 0xB979, 0x9057
    dd 0xB97A, 0x9058
    dd 0xB97B, 0x9059
    dd 0xB97C, 0xB8A6
    dd 0xB97D, 0x905A
    dd 0xB97E, 0x9061
    dd 0xB97F, 0x9062
    dd 0xB980, 0x9063
    dd 0xB981, 0x9064
    dd 0xB982, 0x9065
    dd 0xB983, 0x9066
    dd 0xB984, 0xB8A7
    dd 0xB985, 0xB8A8
    dd 0xB986, 0x9067
    dd 0xB987, 0xB8A9
    dd 0xB988, 0x9068
    dd 0xB989, 0xB8AA
    dd 0xB98A, 0xB8AB
    dd 0xB98B, 0x9069
    dd 0xB98C, 0x906A
    dd 0xB98D, 0xB8AC
    dd 0xB98E, 0xB8AD
    dd 0xB98F, 0x906B
    dd 0xB990, 0x906C
    dd 0xB991, 0x906D
    dd 0xB992, 0x906E
    dd 0xB993, 0x906F
    dd 0xB994, 0x9070
    dd 0xB995, 0x9071
    dd 0xB996, 0x9072
    dd 0xB997, 0x9073
    dd 0xB998, 0x9074
    dd 0xB999, 0x9075
    dd 0xB99A, 0x9076
    dd 0xB99B, 0x9077
    dd 0xB99C, 0x9078
    dd 0xB99D, 0x9079
    dd 0xB99E, 0x907A
    dd 0xB99F, 0x9081
    dd 0xB9A0, 0x9082
    dd 0xB9A1, 0x9083
    dd 0xB9A2, 0x9084
    dd 0xB9A3, 0x9085
    dd 0xB9A4, 0x9086
    dd 0xB9A5, 0x9087
    dd 0xB9A6, 0x9088
    dd 0xB9A7, 0x9089
    dd 0xB9A8, 0x908A
    dd 0xB9A9, 0x908B
    dd 0xB9AA, 0x908C
    dd 0xB9AB, 0x908D
    dd 0xB9AC, 0xB8AE
    dd 0xB9AD, 0xB8AF
    dd 0xB9AE, 0x908E
    dd 0xB9AF, 0x908F
    dd 0xB9B0, 0xB8B0
    dd 0xB9B1, 0x9090
    dd 0xB9B2, 0x9091
    dd 0xB9B3, 0x9092
    dd 0xB9B4, 0xB8B1
    dd 0xB9B5, 0x9093
    dd 0xB9B6, 0x9094
    dd 0xB9B7, 0x9095
    dd 0xB9B8, 0x9096
    dd 0xB9B9, 0x9097
    dd 0xB9BA, 0x9098
    dd 0xB9BB, 0x9099
    dd 0xB9BC, 0xB8B2
    dd 0xB9BD, 0xB8B3
    dd 0xB9BE, 0x909A
    dd 0xB9BF, 0xB8B4
    dd 0xB9C0, 0x909B
    dd 0xB9C1, 0xB8B5
    dd 0xB9C2, 0x909C
    dd 0xB9C3, 0x909D
    dd 0xB9C4, 0x909E
    dd 0xB9C5, 0x909F
    dd 0xB9C6, 0x90A0
    dd 0xB9C7, 0x90A1
    dd 0xB9C8, 0xB8B6
    dd 0xB9C9, 0xB8B7
    dd 0xB9CA, 0x90A2
    dd 0xB9CB, 0x90A3
    dd 0xB9CC, 0xB8B8
    dd 0xB9CD, 0x90A4
    dd 0xB9CE, 0xB8B9
    dd 0xB9CF, 0xB8BA
    dd 0xB9D0, 0xB8BB
    dd 0xB9D1, 0xB8BC
    dd 0xB9D2, 0xB8BD
    dd 0xB9D3, 0x90A5
    dd 0xB9D4, 0x90A6
    dd 0xB9D5, 0x90A7
    dd 0xB9D6, 0x90A8
    dd 0xB9D7, 0x90A9
    dd 0xB9D8, 0xB8BE
    dd 0xB9D9, 0xB8BF
    dd 0xB9DA, 0x90AA
    dd 0xB9DB, 0xB8C0
    dd 0xB9DC, 0x90AB
    dd 0xB9DD, 0xB8C1
    dd 0xB9DE, 0xB8C2
    dd 0xB9DF, 0x90AC
    dd 0xB9E0, 0x90AD
    dd 0xB9E1, 0xB8C3
    dd 0xB9E2, 0x90AE
    dd 0xB9E3, 0xB8C4
    dd 0xB9E4, 0xB8C5
    dd 0xB9E5, 0xB8C6
    dd 0xB9E6, 0x90AF
    dd 0xB9E7, 0x90B0
    dd 0xB9E8, 0xB8C7
    dd 0xB9E9, 0x90B1
    dd 0xB9EA, 0x90B2
    dd 0xB9EB, 0x90B3
    dd 0xB9EC, 0xB8C8
    dd 0xB9ED, 0x90B4
    dd 0xB9EE, 0x90B5
    dd 0xB9EF, 0x90B6
    dd 0xB9F0, 0x90B7
    dd 0xB9F1, 0x90B8
    dd 0xB9F2, 0x90B9
    dd 0xB9F3, 0x90BA
    dd 0xB9F4, 0xB8C9
    dd 0xB9F5, 0xB8CA
    dd 0xB9F6, 0x90BB
    dd 0xB9F7, 0xB8CB
    dd 0xB9F8, 0xB8CC
    dd 0xB9F9, 0xB8CD
    dd 0xB9FA, 0xB8CE
    dd 0xB9FB, 0x90BC
    dd 0xB9FC, 0x90BD
    dd 0xB9FD, 0x90BE
    dd 0xB9FE, 0x90BF
    dd 0xB9FF, 0x90C0
    dd 0xBA00, 0xB8CF
    dd 0xBA01, 0xB8D0
    dd 0xBA02, 0x90C1
    dd 0xBA03, 0x90C2
    dd 0xBA04, 0x90C3
    dd 0xBA05, 0x90C4
    dd 0xBA06, 0x90C5
    dd 0xBA07, 0x90C6
    dd 0xBA08, 0xB8D1
    dd 0xBA09, 0x90C7
    dd 0xBA0A, 0x90C8
    dd 0xBA0B, 0x90C9
    dd 0xBA0C, 0x90CA
    dd 0xBA0D, 0x90CB
    dd 0xBA0E, 0x90CC
    dd 0xBA0F, 0x90CD
    dd 0xBA10, 0x90CE
    dd 0xBA11, 0x90CF
    dd 0xBA12, 0x90D0
    dd 0xBA13, 0x90D1
    dd 0xBA14, 0x90D2
    dd 0xBA15, 0xB8D2
    dd 0xBA16, 0x90D3
    dd 0xBA17, 0x90D4
    dd 0xBA18, 0x90D5
    dd 0xBA19, 0x90D6
    dd 0xBA1A, 0x90D7
    dd 0xBA1B, 0x90D8
    dd 0xBA1C, 0x90D9
    dd 0xBA1D, 0x90DA
    dd 0xBA1E, 0x90DB
    dd 0xBA1F, 0x90DC
    dd 0xBA20, 0x90DD
    dd 0xBA21, 0x90DE
    dd 0xBA22, 0x90DF
    dd 0xBA23, 0x90E0
    dd 0xBA24, 0x90E1
    dd 0xBA25, 0x90E2
    dd 0xBA26, 0x90E3
    dd 0xBA27, 0x90E4
    dd 0xBA28, 0x90E5
    dd 0xBA29, 0x90E6
    dd 0xBA2A, 0x90E7
    dd 0xBA2B, 0x90E8
    dd 0xBA2C, 0x90E9
    dd 0xBA2D, 0x90EA
    dd 0xBA2E, 0x90EB
    dd 0xBA2F, 0x90EC
    dd 0xBA30, 0x90ED
    dd 0xBA31, 0x90EE
    dd 0xBA32, 0x90EF
    dd 0xBA33, 0x90F0
    dd 0xBA34, 0x90F1
    dd 0xBA35, 0x90F2
    dd 0xBA36, 0x90F3
    dd 0xBA37, 0x90F4
    dd 0xBA38, 0xB8D3
    dd 0xBA39, 0xB8D4
    dd 0xBA3A, 0x90F5
    dd 0xBA3B, 0x90F6
    dd 0xBA3C, 0xB8D5
    dd 0xBA3D, 0x90F7
    dd 0xBA3E, 0x90F8
    dd 0xBA3F, 0x90F9
    dd 0xBA40, 0xB8D6
    dd 0xBA41, 0x90FA
    dd 0xBA42, 0xB8D7
    dd 0xBA43, 0x90FB
    dd 0xBA44, 0x90FC
    dd 0xBA45, 0x90FD
    dd 0xBA46, 0x90FE
    dd 0xBA47, 0x9141
    dd 0xBA48, 0xB8D8
    dd 0xBA49, 0xB8D9
    dd 0xBA4A, 0x9142
    dd 0xBA4B, 0xB8DA
    dd 0xBA4C, 0x9143
    dd 0xBA4D, 0xB8DB
    dd 0xBA4E, 0xB8DC
    dd 0xBA4F, 0x9144
    dd 0xBA50, 0x9145
    dd 0xBA51, 0x9146
    dd 0xBA52, 0x9147
    dd 0xBA53, 0xB8DD
    dd 0xBA54, 0xB8DE
    dd 0xBA55, 0xB8DF
    dd 0xBA56, 0x9148
    dd 0xBA57, 0x9149
    dd 0xBA58, 0xB8E0
    dd 0xBA59, 0x914A
    dd 0xBA5A, 0x914B
    dd 0xBA5B, 0x914C
    dd 0xBA5C, 0xB8E1
    dd 0xBA5D, 0x914D
    dd 0xBA5E, 0x914E
    dd 0xBA5F, 0x914F
    dd 0xBA60, 0x9150
    dd 0xBA61, 0x9151
    dd 0xBA62, 0x9152
    dd 0xBA63, 0x9153
    dd 0xBA64, 0xB8E2
    dd 0xBA65, 0xB8E3
    dd 0xBA66, 0x9154
    dd 0xBA67, 0xB8E4
    dd 0xBA68, 0xB8E5
    dd 0xBA69, 0xB8E6
    dd 0xBA6A, 0x9155
    dd 0xBA6B, 0x9156
    dd 0xBA6C, 0x9157
    dd 0xBA6D, 0x9158
    dd 0xBA6E, 0x9159
    dd 0xBA6F, 0x915A
    dd 0xBA70, 0xB8E7
    dd 0xBA71, 0xB8E8
    dd 0xBA72, 0x9161
    dd 0xBA73, 0x9162
    dd 0xBA74, 0xB8E9
    dd 0xBA75, 0x9163
    dd 0xBA76, 0x9164
    dd 0xBA77, 0x9165
    dd 0xBA78, 0xB8EA
    dd 0xBA79, 0x9166
    dd 0xBA7A, 0x9167
    dd 0xBA7B, 0x9168
    dd 0xBA7C, 0x9169
    dd 0xBA7D, 0x916A
    dd 0xBA7E, 0x916B
    dd 0xBA7F, 0x916C
    dd 0xBA80, 0x916D
    dd 0xBA81, 0x916E
    dd 0xBA82, 0x916F
    dd 0xBA83, 0xB8EB
    dd 0xBA84, 0xB8EC
    dd 0xBA85, 0xB8ED
    dd 0xBA86, 0x9170
    dd 0xBA87, 0xB8EE
    dd 0xBA88, 0x9171
    dd 0xBA89, 0x9172
    dd 0xBA8A, 0x9173
    dd 0xBA8B, 0x9174
    dd 0xBA8C, 0xB8EF
    dd 0xBA8D, 0x9175
    dd 0xBA8E, 0x9176
    dd 0xBA8F, 0x9177
    dd 0xBA90, 0x9178
    dd 0xBA91, 0x9179
    dd 0xBA92, 0x917A
    dd 0xBA93, 0x9181
    dd 0xBA94, 0x9182
    dd 0xBA95, 0x9183
    dd 0xBA96, 0x9184
    dd 0xBA97, 0x9185
    dd 0xBA98, 0x9186
    dd 0xBA99, 0x9187
    dd 0xBA9A, 0x9188
    dd 0xBA9B, 0x9189
    dd 0xBA9C, 0x918A
    dd 0xBA9D, 0x918B
    dd 0xBA9E, 0x918C
    dd 0xBA9F, 0x918D
    dd 0xBAA0, 0x918E
    dd 0xBAA1, 0x918F
    dd 0xBAA2, 0x9190
    dd 0xBAA3, 0x9191
    dd 0xBAA4, 0x9192
    dd 0xBAA5, 0x9193
    dd 0xBAA6, 0x9194
    dd 0xBAA7, 0x9195
    dd 0xBAA8, 0xB8F0
    dd 0xBAA9, 0xB8F1
    dd 0xBAAA, 0x9196
    dd 0xBAAB, 0xB8F2
    dd 0xBAAC, 0xB8F3
    dd 0xBAAD, 0x9197
    dd 0xBAAE, 0x9198
    dd 0xBAAF, 0x9199
    dd 0xBAB0, 0xB8F4
    dd 0xBAB1, 0x919A
    dd 0xBAB2, 0xB8F5
    dd 0xBAB3, 0x919B
    dd 0xBAB4, 0x919C
    dd 0xBAB5, 0x919D
    dd 0xBAB6, 0x919E
    dd 0xBAB7, 0x919F
    dd 0xBAB8, 0xB8F6
    dd 0xBAB9, 0xB8F7
    dd 0xBABA, 0x91A0
    dd 0xBABB, 0xB8F8
    dd 0xBABC, 0x91A1
    dd 0xBABD, 0xB8F9
    dd 0xBABE, 0x91A2
    dd 0xBABF, 0x91A3
    dd 0xBAC0, 0x91A4
    dd 0xBAC1, 0x91A5
    dd 0xBAC2, 0x91A6
    dd 0xBAC3, 0x91A7
    dd 0xBAC4, 0xB8FA
    dd 0xBAC5, 0x91A8
    dd 0xBAC6, 0x91A9
    dd 0xBAC7, 0x91AA
    dd 0xBAC8, 0xB8FB
    dd 0xBAC9, 0x91AB
    dd 0xBACA, 0x91AC
    dd 0xBACB, 0x91AD
    dd 0xBACC, 0x91AE
    dd 0xBACD, 0x91AF
    dd 0xBACE, 0x91B0
    dd 0xBACF, 0x91B1
    dd 0xBAD0, 0x91B2
    dd 0xBAD1, 0x91B3
    dd 0xBAD2, 0x91B4
    dd 0xBAD3, 0x91B5
    dd 0xBAD4, 0x91B6
    dd 0xBAD5, 0x91B7
    dd 0xBAD6, 0x91B8
    dd 0xBAD7, 0x91B9
    dd 0xBAD8, 0xB8FC
    dd 0xBAD9, 0xB8FD
    dd 0xBADA, 0x91BA
    dd 0xBADB, 0x91BB
    dd 0xBADC, 0x91BC
    dd 0xBADD, 0x91BD
    dd 0xBADE, 0x91BE
    dd 0xBADF, 0x91BF
    dd 0xBAE0, 0x91C0
    dd 0xBAE1, 0x91C1
    dd 0xBAE2, 0x91C2
    dd 0xBAE3, 0x91C3
    dd 0xBAE4, 0x91C4
    dd 0xBAE5, 0x91C5
    dd 0xBAE6, 0x91C6
    dd 0xBAE7, 0x91C7
    dd 0xBAE8, 0x91C8
    dd 0xBAE9, 0x91C9
    dd 0xBAEA, 0x91CA
    dd 0xBAEB, 0x91CB
    dd 0xBAEC, 0x91CC
    dd 0xBAED, 0x91CD
    dd 0xBAEE, 0x91CE
    dd 0xBAEF, 0x91CF
    dd 0xBAF0, 0x91D0
    dd 0xBAF1, 0x91D1
    dd 0xBAF2, 0x91D2
    dd 0xBAF3, 0x91D3
    dd 0xBAF4, 0x91D4
    dd 0xBAF5, 0x91D5
    dd 0xBAF6, 0x91D6
    dd 0xBAF7, 0x91D7
    dd 0xBAF8, 0x91D8
    dd 0xBAF9, 0x91D9
    dd 0xBAFA, 0x91DA
    dd 0xBAFB, 0x91DB
    dd 0xBAFC, 0xB8FE
    dd 0xBAFD, 0x91DC
    dd 0xBAFE, 0x91DD
    dd 0xBAFF, 0x91DE
    dd 0xBB00, 0xB9A1
    dd 0xBB01, 0x91DF
    dd 0xBB02, 0x91E0
    dd 0xBB03, 0x91E1
    dd 0xBB04, 0xB9A2
    dd 0xBB05, 0x91E2
    dd 0xBB06, 0x91E3
    dd 0xBB07, 0x91E4
    dd 0xBB08, 0x91E5
    dd 0xBB09, 0x91E6
    dd 0xBB0A, 0x91E7
    dd 0xBB0B, 0x91E8
    dd 0xBB0C, 0x91E9
    dd 0xBB0D, 0xB9A3
    dd 0xBB0E, 0x91EA
    dd 0xBB0F, 0xB9A4
    dd 0xBB10, 0x91EB
    dd 0xBB11, 0xB9A5
    dd 0xBB12, 0x91EC
    dd 0xBB13, 0x91ED
    dd 0xBB14, 0x91EE
    dd 0xBB15, 0x91EF
    dd 0xBB16, 0x91F0
    dd 0xBB17, 0x91F1
    dd 0xBB18, 0xB9A6
    dd 0xBB19, 0x91F2
    dd 0xBB1A, 0x91F3
    dd 0xBB1B, 0x91F4
    dd 0xBB1C, 0xB9A7
    dd 0xBB1D, 0x91F5
    dd 0xBB1E, 0x91F6
    dd 0xBB1F, 0x91F7
    dd 0xBB20, 0xB9A8
    dd 0xBB21, 0x91F8
    dd 0xBB22, 0x91F9
    dd 0xBB23, 0x91FA
    dd 0xBB24, 0x91FB
    dd 0xBB25, 0x91FC
    dd 0xBB26, 0x91FD
    dd 0xBB27, 0x91FE
    dd 0xBB28, 0x9241
    dd 0xBB29, 0xB9A9
    dd 0xBB2A, 0x9242
    dd 0xBB2B, 0xB9AA
    dd 0xBB2C, 0x9243
    dd 0xBB2D, 0x9244
    dd 0xBB2E, 0x9245
    dd 0xBB2F, 0x9246
    dd 0xBB30, 0x9247
    dd 0xBB31, 0x9248
    dd 0xBB32, 0x9249
    dd 0xBB33, 0x924A
    dd 0xBB34, 0xB9AB
    dd 0xBB35, 0xB9AC
    dd 0xBB36, 0xB9AD
    dd 0xBB37, 0x924B
    dd 0xBB38, 0xB9AE
    dd 0xBB39, 0x924C
    dd 0xBB3A, 0x924D
    dd 0xBB3B, 0xB9AF
    dd 0xBB3C, 0xB9B0
    dd 0xBB3D, 0xB9B1
    dd 0xBB3E, 0xB9B2
    dd 0xBB3F, 0x924E
    dd 0xBB40, 0x924F
    dd 0xBB41, 0x9250
    dd 0xBB42, 0x9251
    dd 0xBB43, 0x9252
    dd 0xBB44, 0xB9B3
    dd 0xBB45, 0xB9B4
    dd 0xBB46, 0x9253
    dd 0xBB47, 0xB9B5
    dd 0xBB48, 0x9254
    dd 0xBB49, 0xB9B6
    dd 0xBB4A, 0x9255
    dd 0xBB4B, 0x9256
    dd 0xBB4C, 0x9257
    dd 0xBB4D, 0xB9B7
    dd 0xBB4E, 0x9258
    dd 0xBB4F, 0xB9B8
    dd 0xBB50, 0xB9B9
    dd 0xBB51, 0x9259
    dd 0xBB52, 0x925A
    dd 0xBB53, 0x9261
    dd 0xBB54, 0xB9BA
    dd 0xBB55, 0x9262
    dd 0xBB56, 0x9263
    dd 0xBB57, 0x9264
    dd 0xBB58, 0xB9BB
    dd 0xBB59, 0x9265
    dd 0xBB5A, 0x9266
    dd 0xBB5B, 0x9267
    dd 0xBB5C, 0x9268
    dd 0xBB5D, 0x9269
    dd 0xBB5E, 0x926A
    dd 0xBB5F, 0x926B
    dd 0xBB60, 0x926C
    dd 0xBB61, 0xB9BC
    dd 0xBB62, 0x926D
    dd 0xBB63, 0xB9BD
    dd 0xBB64, 0x926E
    dd 0xBB65, 0x926F
    dd 0xBB66, 0x9270
    dd 0xBB67, 0x9271
    dd 0xBB68, 0x9272
    dd 0xBB69, 0x9273
    dd 0xBB6A, 0x9274
    dd 0xBB6B, 0x9275
    dd 0xBB6C, 0xB9BE
    dd 0xBB6D, 0x9276
    dd 0xBB6E, 0x9277
    dd 0xBB6F, 0x9278
    dd 0xBB70, 0x9279
    dd 0xBB71, 0x927A
    dd 0xBB72, 0x9281
    dd 0xBB73, 0x9282
    dd 0xBB74, 0x9283
    dd 0xBB75, 0x9284
    dd 0xBB76, 0x9285
    dd 0xBB77, 0x9286
    dd 0xBB78, 0x9287
    dd 0xBB79, 0x9288
    dd 0xBB7A, 0x9289
    dd 0xBB7B, 0x928A
    dd 0xBB7C, 0x928B
    dd 0xBB7D, 0x928C
    dd 0xBB7E, 0x928D
    dd 0xBB7F, 0x928E
    dd 0xBB80, 0x928F
    dd 0xBB81, 0x9290
    dd 0xBB82, 0x9291
    dd 0xBB83, 0x9292
    dd 0xBB84, 0x9293
    dd 0xBB85, 0x9294
    dd 0xBB86, 0x9295
    dd 0xBB87, 0x9296
    dd 0xBB88, 0xB9BF
    dd 0xBB89, 0x9297
    dd 0xBB8A, 0x9298
    dd 0xBB8B, 0x9299
    dd 0xBB8C, 0xB9C0
    dd 0xBB8D, 0x929A
    dd 0xBB8E, 0x929B
    dd 0xBB8F, 0x929C
    dd 0xBB90, 0xB9C1
    dd 0xBB91, 0x929D
    dd 0xBB92, 0x929E
    dd 0xBB93, 0x929F
    dd 0xBB94, 0x92A0
    dd 0xBB95, 0x92A1
    dd 0xBB96, 0x92A2
    dd 0xBB97, 0x92A3
    dd 0xBB98, 0x92A4
    dd 0xBB99, 0x92A5
    dd 0xBB9A, 0x92A6
    dd 0xBB9B, 0x92A7
    dd 0xBB9C, 0x92A8
    dd 0xBB9D, 0x92A9
    dd 0xBB9E, 0x92AA
    dd 0xBB9F, 0x92AB
    dd 0xBBA0, 0x92AC
    dd 0xBBA1, 0x92AD
    dd 0xBBA2, 0x92AE
    dd 0xBBA3, 0x92AF
    dd 0xBBA4, 0xB9C2
    dd 0xBBA5, 0x92B0
    dd 0xBBA6, 0x92B1
    dd 0xBBA7, 0x92B2
    dd 0xBBA8, 0xB9C3
    dd 0xBBA9, 0x92B3
    dd 0xBBAA, 0x92B4
    dd 0xBBAB, 0x92B5
    dd 0xBBAC, 0xB9C4
    dd 0xBBAD, 0x92B6
    dd 0xBBAE, 0x92B7
    dd 0xBBAF, 0x92B8
    dd 0xBBB0, 0x92B9
    dd 0xBBB1, 0x92BA
    dd 0xBBB2, 0x92BB
    dd 0xBBB3, 0x92BC
    dd 0xBBB4, 0xB9C5
    dd 0xBBB5, 0x92BD
    dd 0xBBB6, 0x92BE
    dd 0xBBB7, 0xB9C6
    dd 0xBBB8, 0x92BF
    dd 0xBBB9, 0x92C0
    dd 0xBBBA, 0x92C1
    dd 0xBBBB, 0x92C2
    dd 0xBBBC, 0x92C3
    dd 0xBBBD, 0x92C4
    dd 0xBBBE, 0x92C5
    dd 0xBBBF, 0x92C6
    dd 0xBBC0, 0xB9C7
    dd 0xBBC1, 0x92C7
    dd 0xBBC2, 0x92C8
    dd 0xBBC3, 0x92C9
    dd 0xBBC4, 0xB9C8
    dd 0xBBC5, 0x92CA
    dd 0xBBC6, 0x92CB
    dd 0xBBC7, 0x92CC
    dd 0xBBC8, 0xB9C9
    dd 0xBBC9, 0x92CD
    dd 0xBBCA, 0x92CE
    dd 0xBBCB, 0x92CF
    dd 0xBBCC, 0x92D0
    dd 0xBBCD, 0x92D1
    dd 0xBBCE, 0x92D2
    dd 0xBBCF, 0x92D3
    dd 0xBBD0, 0xB9CA
    dd 0xBBD1, 0x92D4
    dd 0xBBD2, 0x92D5
    dd 0xBBD3, 0xB9CB
    dd 0xBBD4, 0x92D6
    dd 0xBBD5, 0x92D7
    dd 0xBBD6, 0x92D8
    dd 0xBBD7, 0x92D9
    dd 0xBBD8, 0x92DA
    dd 0xBBD9, 0x92DB
    dd 0xBBDA, 0x92DC
    dd 0xBBDB, 0x92DD
    dd 0xBBDC, 0x92DE
    dd 0xBBDD, 0x92DF
    dd 0xBBDE, 0x92E0
    dd 0xBBDF, 0x92E1
    dd 0xBBE0, 0x92E2
    dd 0xBBE1, 0x92E3
    dd 0xBBE2, 0x92E4
    dd 0xBBE3, 0x92E5
    dd 0xBBE4, 0x92E6
    dd 0xBBE5, 0x92E7
    dd 0xBBE6, 0x92E8
    dd 0xBBE7, 0x92E9
    dd 0xBBE8, 0x92EA
    dd 0xBBE9, 0x92EB
    dd 0xBBEA, 0x92EC
    dd 0xBBEB, 0x92ED
    dd 0xBBEC, 0x92EE
    dd 0xBBED, 0x92EF
    dd 0xBBEE, 0x92F0
    dd 0xBBEF, 0x92F1
    dd 0xBBF0, 0x92F2
    dd 0xBBF1, 0x92F3
    dd 0xBBF2, 0x92F4
    dd 0xBBF3, 0x92F5
    dd 0xBBF4, 0x92F6
    dd 0xBBF5, 0x92F7
    dd 0xBBF6, 0x92F8
    dd 0xBBF7, 0x92F9
    dd 0xBBF8, 0xB9CC
    dd 0xBBF9, 0xB9CD
    dd 0xBBFA, 0x92FA
    dd 0xBBFB, 0x92FB
    dd 0xBBFC, 0xB9CE
    dd 0xBBFD, 0x92FC
    dd 0xBBFE, 0x92FD
    dd 0xBBFF, 0xB9CF
    dd 0xBC00, 0xB9D0
    dd 0xBC01, 0x92FE
    dd 0xBC02, 0xB9D1
    dd 0xBC03, 0x9341
    dd 0xBC04, 0x9342
    dd 0xBC05, 0x9343
    dd 0xBC06, 0x9344
    dd 0xBC07, 0x9345
    dd 0xBC08, 0xB9D2
    dd 0xBC09, 0xB9D3
    dd 0xBC0A, 0x9346
    dd 0xBC0B, 0xB9D4
    dd 0xBC0C, 0xB9D5
    dd 0xBC0D, 0xB9D6
    dd 0xBC0E, 0x9347
    dd 0xBC0F, 0xB9D7
    dd 0xBC10, 0x9348
    dd 0xBC11, 0xB9D8
    dd 0xBC12, 0x9349
    dd 0xBC13, 0x934A
    dd 0xBC14, 0xB9D9
    dd 0xBC15, 0xB9DA
    dd 0xBC16, 0xB9DB
    dd 0xBC17, 0xB9DC
    dd 0xBC18, 0xB9DD
    dd 0xBC19, 0x934B
    dd 0xBC1A, 0x934C
    dd 0xBC1B, 0xB9DE
    dd 0xBC1C, 0xB9DF
    dd 0xBC1D, 0xB9E0
    dd 0xBC1E, 0xB9E1
    dd 0xBC1F, 0xB9E2
    dd 0xBC20, 0x934D
    dd 0xBC21, 0x934E
    dd 0xBC22, 0x934F
    dd 0xBC23, 0x9350
    dd 0xBC24, 0xB9E3
    dd 0xBC25, 0xB9E4
    dd 0xBC26, 0x9351
    dd 0xBC27, 0xB9E5
    dd 0xBC28, 0x9352
    dd 0xBC29, 0xB9E6
    dd 0xBC2A, 0x9353
    dd 0xBC2B, 0x9354
    dd 0xBC2C, 0x9355
    dd 0xBC2D, 0xB9E7
    dd 0xBC2E, 0x9356
    dd 0xBC2F, 0x9357
    dd 0xBC30, 0xB9E8
    dd 0xBC31, 0xB9E9
    dd 0xBC32, 0x9358
    dd 0xBC33, 0x9359
    dd 0xBC34, 0xB9EA
    dd 0xBC35, 0x935A
    dd 0xBC36, 0x9361
    dd 0xBC37, 0x9362
    dd 0xBC38, 0xB9EB
    dd 0xBC39, 0x9363
    dd 0xBC3A, 0x9364
    dd 0xBC3B, 0x9365
    dd 0xBC3C, 0x9366
    dd 0xBC3D, 0x9367
    dd 0xBC3E, 0x9368
    dd 0xBC3F, 0x9369
    dd 0xBC40, 0xB9EC
    dd 0xBC41, 0xB9ED
    dd 0xBC42, 0x936A
    dd 0xBC43, 0xB9EE
    dd 0xBC44, 0xB9EF
    dd 0xBC45, 0xB9F0
    dd 0xBC46, 0x936B
    dd 0xBC47, 0x936C
    dd 0xBC48, 0x936D
    dd 0xBC49, 0xB9F1
    dd 0xBC4A, 0x936E
    dd 0xBC4B, 0x936F
    dd 0xBC4C, 0xB9F2
    dd 0xBC4D, 0xB9F3
    dd 0xBC4E, 0x9370
    dd 0xBC4F, 0x9371
    dd 0xBC50, 0xB9F4
    dd 0xBC51, 0x9372
    dd 0xBC52, 0x9373
    dd 0xBC53, 0x9374
    dd 0xBC54, 0x9375
    dd 0xBC55, 0x9376
    dd 0xBC56, 0x9377
    dd 0xBC57, 0x9378
    dd 0xBC58, 0x9379
    dd 0xBC59, 0x937A
    dd 0xBC5A, 0x9381
    dd 0xBC5B, 0x9382
    dd 0xBC5C, 0x9383
    dd 0xBC5D, 0xB9F5
    dd 0xBC5E, 0x9384
    dd 0xBC5F, 0x9385
    dd 0xBC60, 0x9386
    dd 0xBC61, 0x9387
    dd 0xBC62, 0x9388
    dd 0xBC63, 0x9389
    dd 0xBC64, 0x938A
    dd 0xBC65, 0x938B
    dd 0xBC66, 0x938C
    dd 0xBC67, 0x938D
    dd 0xBC68, 0x938E
    dd 0xBC69, 0x938F
    dd 0xBC6A, 0x9390
    dd 0xBC6B, 0x9391
    dd 0xBC6C, 0x9392
    dd 0xBC6D, 0x9393
    dd 0xBC6E, 0x9394
    dd 0xBC6F, 0x9395
    dd 0xBC70, 0x9396
    dd 0xBC71, 0x9397
    dd 0xBC72, 0x9398
    dd 0xBC73, 0x9399
    dd 0xBC74, 0x939A
    dd 0xBC75, 0x939B
    dd 0xBC76, 0x939C
    dd 0xBC77, 0x939D
    dd 0xBC78, 0x939E
    dd 0xBC79, 0x939F
    dd 0xBC7A, 0x93A0
    dd 0xBC7B, 0x93A1
    dd 0xBC7C, 0x93A2
    dd 0xBC7D, 0x93A3
    dd 0xBC7E, 0x93A4
    dd 0xBC7F, 0x93A5
    dd 0xBC80, 0x93A6
    dd 0xBC81, 0x93A7
    dd 0xBC82, 0x93A8
    dd 0xBC83, 0x93A9
    dd 0xBC84, 0xB9F6
    dd 0xBC85, 0xB9F7
    dd 0xBC86, 0x93AA
    dd 0xBC87, 0x93AB
    dd 0xBC88, 0xB9F8
    dd 0xBC89, 0x93AC
    dd 0xBC8A, 0x93AD
    dd 0xBC8B, 0xB9F9
    dd 0xBC8C, 0xB9FA
    dd 0xBC8D, 0x93AE
    dd 0xBC8E, 0xB9FB
    dd 0xBC8F, 0x93AF
    dd 0xBC90, 0x93B0
    dd 0xBC91, 0x93B1
    dd 0xBC92, 0x93B2
    dd 0xBC93, 0x93B3
    dd 0xBC94, 0xB9FC
    dd 0xBC95, 0xB9FD
    dd 0xBC96, 0x93B4
    dd 0xBC97, 0xB9FE
    dd 0xBC98, 0x93B5
    dd 0xBC99, 0xBAA1
    dd 0xBC9A, 0xBAA2
    dd 0xBC9B, 0x93B6
    dd 0xBC9C, 0x93B7
    dd 0xBC9D, 0x93B8
    dd 0xBC9E, 0x93B9
    dd 0xBC9F, 0x93BA
    dd 0xBCA0, 0xBAA3
    dd 0xBCA1, 0xBAA4
    dd 0xBCA2, 0x93BB
    dd 0xBCA3, 0x93BC
    dd 0xBCA4, 0xBAA5
    dd 0xBCA5, 0x93BD
    dd 0xBCA6, 0x93BE
    dd 0xBCA7, 0xBAA6
    dd 0xBCA8, 0xBAA7
    dd 0xBCA9, 0x93BF
    dd 0xBCAA, 0x93C0
    dd 0xBCAB, 0x93C1
    dd 0xBCAC, 0x93C2
    dd 0xBCAD, 0x93C3
    dd 0xBCAE, 0x93C4
    dd 0xBCAF, 0x93C5
    dd 0xBCB0, 0xBAA8
    dd 0xBCB1, 0xBAA9
    dd 0xBCB2, 0x93C6
    dd 0xBCB3, 0xBAAA
    dd 0xBCB4, 0xBAAB
    dd 0xBCB5, 0xBAAC
    dd 0xBCB6, 0x93C7
    dd 0xBCB7, 0x93C8
    dd 0xBCB8, 0x93C9
    dd 0xBCB9, 0x93CA
    dd 0xBCBA, 0x93CB
    dd 0xBCBB, 0x93CC
    dd 0xBCBC, 0xBAAD
    dd 0xBCBD, 0xBAAE
    dd 0xBCBE, 0x93CD
    dd 0xBCBF, 0x93CE
    dd 0xBCC0, 0xBAAF
    dd 0xBCC1, 0x93CF
    dd 0xBCC2, 0x93D0
    dd 0xBCC3, 0x93D1
    dd 0xBCC4, 0xBAB0
    dd 0xBCC5, 0x93D2
    dd 0xBCC6, 0x93D3
    dd 0xBCC7, 0x93D4
    dd 0xBCC8, 0x93D5
    dd 0xBCC9, 0x93D6
    dd 0xBCCA, 0x93D7
    dd 0xBCCB, 0x93D8
    dd 0xBCCC, 0x93D9
    dd 0xBCCD, 0xBAB1
    dd 0xBCCE, 0x93DA
    dd 0xBCCF, 0xBAB2
    dd 0xBCD0, 0xBAB3
    dd 0xBCD1, 0xBAB4
    dd 0xBCD2, 0x93DB
    dd 0xBCD3, 0x93DC
    dd 0xBCD4, 0x93DD
    dd 0xBCD5, 0xBAB5
    dd 0xBCD6, 0x93DE
    dd 0xBCD7, 0x93DF
    dd 0xBCD8, 0xBAB6
    dd 0xBCD9, 0x93E0
    dd 0xBCDA, 0x93E1
    dd 0xBCDB, 0x93E2
    dd 0xBCDC, 0xBAB7
    dd 0xBCDD, 0x93E3
    dd 0xBCDE, 0x93E4
    dd 0xBCDF, 0x93E5
    dd 0xBCE0, 0x93E6
    dd 0xBCE1, 0x93E7
    dd 0xBCE2, 0x93E8
    dd 0xBCE3, 0x93E9
    dd 0xBCE4, 0x93EA
    dd 0xBCE5, 0x93EB
    dd 0xBCE6, 0x93EC
    dd 0xBCE7, 0x93ED
    dd 0xBCE8, 0x93EE
    dd 0xBCE9, 0x93EF
    dd 0xBCEA, 0x93F0
    dd 0xBCEB, 0x93F1
    dd 0xBCEC, 0x93F2
    dd 0xBCED, 0x93F3
    dd 0xBCEE, 0x93F4
    dd 0xBCEF, 0x93F5
    dd 0xBCF0, 0x93F6
    dd 0xBCF1, 0x93F7
    dd 0xBCF2, 0x93F8
    dd 0xBCF3, 0x93F9
    dd 0xBCF4, 0xBAB8
    dd 0xBCF5, 0xBAB9
    dd 0xBCF6, 0xBABA
    dd 0xBCF7, 0x93FA
    dd 0xBCF8, 0xBABB
    dd 0xBCF9, 0x93FB
    dd 0xBCFA, 0x93FC
    dd 0xBCFB, 0x93FD
    dd 0xBCFC, 0xBABC
    dd 0xBCFD, 0x93FE
    dd 0xBCFE, 0x9441
    dd 0xBCFF, 0x9442
    dd 0xBD00, 0x9443
    dd 0xBD01, 0x9444
    dd 0xBD02, 0x9445
    dd 0xBD03, 0x9446
    dd 0xBD04, 0xBABD
    dd 0xBD05, 0xBABE
    dd 0xBD06, 0x9447
    dd 0xBD07, 0xBABF
    dd 0xBD08, 0x9448
    dd 0xBD09, 0xBAC0
    dd 0xBD0A, 0x9449
    dd 0xBD0B, 0x944A
    dd 0xBD0C, 0x944B
    dd 0xBD0D, 0x944C
    dd 0xBD0E, 0x944D
    dd 0xBD0F, 0x944E
    dd 0xBD10, 0xBAC1
    dd 0xBD11, 0x944F
    dd 0xBD12, 0x9450
    dd 0xBD13, 0x9451
    dd 0xBD14, 0xBAC2
    dd 0xBD15, 0x9452
    dd 0xBD16, 0x9453
    dd 0xBD17, 0x9454
    dd 0xBD18, 0x9455
    dd 0xBD19, 0x9456
    dd 0xBD1A, 0x9457
    dd 0xBD1B, 0x9458
    dd 0xBD1C, 0x9459
    dd 0xBD1D, 0x945A
    dd 0xBD1E, 0x9461
    dd 0xBD1F, 0x9462
    dd 0xBD20, 0x9463
    dd 0xBD21, 0x9464
    dd 0xBD22, 0x9465
    dd 0xBD23, 0x9466
    dd 0xBD24, 0xBAC3
    dd 0xBD25, 0x9467
    dd 0xBD26, 0x9468
    dd 0xBD27, 0x9469
    dd 0xBD28, 0x946A
    dd 0xBD29, 0x946B
    dd 0xBD2A, 0x946C
    dd 0xBD2B, 0x946D
    dd 0xBD2C, 0xBAC4
    dd 0xBD2D, 0x946E
    dd 0xBD2E, 0x946F
    dd 0xBD2F, 0x9470
    dd 0xBD30, 0x9471
    dd 0xBD31, 0x9472
    dd 0xBD32, 0x9473
    dd 0xBD33, 0x9474
    dd 0xBD34, 0x9475
    dd 0xBD35, 0x9476
    dd 0xBD36, 0x9477
    dd 0xBD37, 0x9478
    dd 0xBD38, 0x9479
    dd 0xBD39, 0x947A
    dd 0xBD3A, 0x9481
    dd 0xBD3B, 0x9482
    dd 0xBD3C, 0x9483
    dd 0xBD3D, 0x9484
    dd 0xBD3E, 0x9485
    dd 0xBD3F, 0x9486
    dd 0xBD40, 0xBAC5
    dd 0xBD41, 0x9487
    dd 0xBD42, 0x9488
    dd 0xBD43, 0x9489
    dd 0xBD44, 0x948A
    dd 0xBD45, 0x948B
    dd 0xBD46, 0x948C
    dd 0xBD47, 0x948D
    dd 0xBD48, 0xBAC6
    dd 0xBD49, 0xBAC7
    dd 0xBD4A, 0x948E
    dd 0xBD4B, 0x948F
    dd 0xBD4C, 0xBAC8
    dd 0xBD4D, 0x9490
    dd 0xBD4E, 0x9491
    dd 0xBD4F, 0x9492
    dd 0xBD50, 0xBAC9
    dd 0xBD51, 0x9493
    dd 0xBD52, 0x9494
    dd 0xBD53, 0x9495
    dd 0xBD54, 0x9496
    dd 0xBD55, 0x9497
    dd 0xBD56, 0x9498
    dd 0xBD57, 0x9499
    dd 0xBD58, 0xBACA
    dd 0xBD59, 0xBACB
    dd 0xBD5A, 0x949A
    dd 0xBD5B, 0x949B
    dd 0xBD5C, 0x949C
    dd 0xBD5D, 0x949D
    dd 0xBD5E, 0x949E
    dd 0xBD5F, 0x949F
    dd 0xBD60, 0x94A0
    dd 0xBD61, 0x94A1
    dd 0xBD62, 0x94A2
    dd 0xBD63, 0x94A3
    dd 0xBD64, 0xBACC
    dd 0xBD65, 0x94A4
    dd 0xBD66, 0x94A5
    dd 0xBD67, 0x94A6
    dd 0xBD68, 0xBACD
    dd 0xBD69, 0x94A7
    dd 0xBD6A, 0x94A8
    dd 0xBD6B, 0x94A9
    dd 0xBD6C, 0x94AA
    dd 0xBD6D, 0x94AB
    dd 0xBD6E, 0x94AC
    dd 0xBD6F, 0x94AD
    dd 0xBD70, 0x94AE
    dd 0xBD71, 0x94AF
    dd 0xBD72, 0x94B0
    dd 0xBD73, 0x94B1
    dd 0xBD74, 0x94B2
    dd 0xBD75, 0x94B3
    dd 0xBD76, 0x94B4
    dd 0xBD77, 0x94B5
    dd 0xBD78, 0x94B6
    dd 0xBD79, 0x94B7
    dd 0xBD7A, 0x94B8
    dd 0xBD7B, 0x94B9
    dd 0xBD7C, 0x94BA
    dd 0xBD7D, 0x94BB
    dd 0xBD7E, 0x94BC
    dd 0xBD7F, 0x94BD
    dd 0xBD80, 0xBACE
    dd 0xBD81, 0xBACF
    dd 0xBD82, 0x94BE
    dd 0xBD83, 0x94BF
    dd 0xBD84, 0xBAD0
    dd 0xBD85, 0x94C0
    dd 0xBD86, 0x94C1
    dd 0xBD87, 0xBAD1
    dd 0xBD88, 0xBAD2
    dd 0xBD89, 0xBAD3
    dd 0xBD8A, 0xBAD4
    dd 0xBD8B, 0x94C2
    dd 0xBD8C, 0x94C3
    dd 0xBD8D, 0x94C4
    dd 0xBD8E, 0x94C5
    dd 0xBD8F, 0x94C6
    dd 0xBD90, 0xBAD5
    dd 0xBD91, 0xBAD6
    dd 0xBD92, 0x94C7
    dd 0xBD93, 0xBAD7
    dd 0xBD94, 0x94C8
    dd 0xBD95, 0xBAD8
    dd 0xBD96, 0x94C9
    dd 0xBD97, 0x94CA
    dd 0xBD98, 0x94CB
    dd 0xBD99, 0xBAD9
    dd 0xBD9A, 0xBADA
    dd 0xBD9B, 0x94CC
    dd 0xBD9C, 0xBADB
    dd 0xBD9D, 0x94CD
    dd 0xBD9E, 0x94CE
    dd 0xBD9F, 0x94CF
    dd 0xBDA0, 0x94D0
    dd 0xBDA1, 0x94D1
    dd 0xBDA2, 0x94D2
    dd 0xBDA3, 0x94D3
    dd 0xBDA4, 0xBADC
    dd 0xBDA5, 0x94D4
    dd 0xBDA6, 0x94D5
    dd 0xBDA7, 0x94D6
    dd 0xBDA8, 0x94D7
    dd 0xBDA9, 0x94D8
    dd 0xBDAA, 0x94D9
    dd 0xBDAB, 0x94DA
    dd 0xBDAC, 0x94DB
    dd 0xBDAD, 0x94DC
    dd 0xBDAE, 0x94DD
    dd 0xBDAF, 0x94DE
    dd 0xBDB0, 0xBADD
    dd 0xBDB1, 0x94DF
    dd 0xBDB2, 0x94E0
    dd 0xBDB3, 0x94E1
    dd 0xBDB4, 0x94E2
    dd 0xBDB5, 0x94E3
    dd 0xBDB6, 0x94E4
    dd 0xBDB7, 0x94E5
    dd 0xBDB8, 0xBADE
    dd 0xBDB9, 0x94E6
    dd 0xBDBA, 0x94E7
    dd 0xBDBB, 0x94E8
    dd 0xBDBC, 0x94E9
    dd 0xBDBD, 0x94EA
    dd 0xBDBE, 0x94EB
    dd 0xBDBF, 0x94EC
    dd 0xBDC0, 0x94ED
    dd 0xBDC1, 0x94EE
    dd 0xBDC2, 0x94EF
    dd 0xBDC3, 0x94F0
    dd 0xBDC4, 0x94F1
    dd 0xBDC5, 0x94F2
    dd 0xBDC6, 0x94F3
    dd 0xBDC7, 0x94F4
    dd 0xBDC8, 0x94F5
    dd 0xBDC9, 0x94F6
    dd 0xBDCA, 0x94F7
    dd 0xBDCB, 0x94F8
    dd 0xBDCC, 0x94F9
    dd 0xBDCD, 0x94FA
    dd 0xBDCE, 0x94FB
    dd 0xBDCF, 0x94FC
    dd 0xBDD0, 0x94FD
    dd 0xBDD1, 0x94FE
    dd 0xBDD2, 0x9541
    dd 0xBDD3, 0x9542
    dd 0xBDD4, 0xBADF
    dd 0xBDD5, 0xBAE0
    dd 0xBDD6, 0x9543
    dd 0xBDD7, 0x9544
    dd 0xBDD8, 0xBAE1
    dd 0xBDD9, 0x9545
    dd 0xBDDA, 0x9546
    dd 0xBDDB, 0x9547
    dd 0xBDDC, 0xBAE2
    dd 0xBDDD, 0x9548
    dd 0xBDDE, 0x9549
    dd 0xBDDF, 0x954A
    dd 0xBDE0, 0x954B
    dd 0xBDE1, 0x954C
    dd 0xBDE2, 0x954D
    dd 0xBDE3, 0x954E
    dd 0xBDE4, 0x954F
    dd 0xBDE5, 0x9550
    dd 0xBDE6, 0x9551
    dd 0xBDE7, 0x9552
    dd 0xBDE8, 0x9553
    dd 0xBDE9, 0xBAE3
    dd 0xBDEA, 0x9554
    dd 0xBDEB, 0x9555
    dd 0xBDEC, 0x9556
    dd 0xBDED, 0x9557
    dd 0xBDEE, 0x9558
    dd 0xBDEF, 0x9559
    dd 0xBDF0, 0xBAE4
    dd 0xBDF1, 0x955A
    dd 0xBDF2, 0x9561
    dd 0xBDF3, 0x9562
    dd 0xBDF4, 0xBAE5
    dd 0xBDF5, 0x9563
    dd 0xBDF6, 0x9564
    dd 0xBDF7, 0x9565
    dd 0xBDF8, 0xBAE6
    dd 0xBDF9, 0x9566
    dd 0xBDFA, 0x9567
    dd 0xBDFB, 0x9568
    dd 0xBDFC, 0x9569
    dd 0xBDFD, 0x956A
    dd 0xBDFE, 0x956B
    dd 0xBDFF, 0x956C
    dd 0xBE00, 0xBAE7
    dd 0xBE01, 0x956D
    dd 0xBE02, 0x956E
    dd 0xBE03, 0xBAE8
    dd 0xBE04, 0x956F
    dd 0xBE05, 0xBAE9
    dd 0xBE06, 0x9570
    dd 0xBE07, 0x9571
    dd 0xBE08, 0x9572
    dd 0xBE09, 0x9573
    dd 0xBE0A, 0x9574
    dd 0xBE0B, 0x9575
    dd 0xBE0C, 0xBAEA
    dd 0xBE0D, 0xBAEB
    dd 0xBE0E, 0x9576
    dd 0xBE0F, 0x9577
    dd 0xBE10, 0xBAEC
    dd 0xBE11, 0x9578
    dd 0xBE12, 0x9579
    dd 0xBE13, 0x957A
    dd 0xBE14, 0xBAED
    dd 0xBE15, 0x9581
    dd 0xBE16, 0x9582
    dd 0xBE17, 0x9583
    dd 0xBE18, 0x9584
    dd 0xBE19, 0x9585
    dd 0xBE1A, 0x9586
    dd 0xBE1B, 0x9587
    dd 0xBE1C, 0xBAEE
    dd 0xBE1D, 0xBAEF
    dd 0xBE1E, 0x9588
    dd 0xBE1F, 0xBAF0
    dd 0xBE20, 0x9589
    dd 0xBE21, 0x958A
    dd 0xBE22, 0x958B
    dd 0xBE23, 0x958C
    dd 0xBE24, 0x958D
    dd 0xBE25, 0x958E
    dd 0xBE26, 0x958F
    dd 0xBE27, 0x9590
    dd 0xBE28, 0x9591
    dd 0xBE29, 0x9592
    dd 0xBE2A, 0x9593
    dd 0xBE2B, 0x9594
    dd 0xBE2C, 0x9595
    dd 0xBE2D, 0x9596
    dd 0xBE2E, 0x9597
    dd 0xBE2F, 0x9598
    dd 0xBE30, 0x9599
    dd 0xBE31, 0x959A
    dd 0xBE32, 0x959B
    dd 0xBE33, 0x959C
    dd 0xBE34, 0x959D
    dd 0xBE35, 0x959E
    dd 0xBE36, 0x959F
    dd 0xBE37, 0x95A0
    dd 0xBE38, 0x95A1
    dd 0xBE39, 0x95A2
    dd 0xBE3A, 0x95A3
    dd 0xBE3B, 0x95A4
    dd 0xBE3C, 0x95A5
    dd 0xBE3D, 0x95A6
    dd 0xBE3E, 0x95A7
    dd 0xBE3F, 0x95A8
    dd 0xBE40, 0x95A9
    dd 0xBE41, 0x95AA
    dd 0xBE42, 0x95AB
    dd 0xBE43, 0x95AC
    dd 0xBE44, 0xBAF1
    dd 0xBE45, 0xBAF2
    dd 0xBE46, 0x95AD
    dd 0xBE47, 0x95AE
    dd 0xBE48, 0xBAF3
    dd 0xBE49, 0x95AF
    dd 0xBE4A, 0x95B0
    dd 0xBE4B, 0x95B1
    dd 0xBE4C, 0xBAF4
    dd 0xBE4D, 0x95B2
    dd 0xBE4E, 0xBAF5
    dd 0xBE4F, 0x95B3
    dd 0xBE50, 0x95B4
    dd 0xBE51, 0x95B5
    dd 0xBE52, 0x95B6
    dd 0xBE53, 0x95B7
    dd 0xBE54, 0xBAF6
    dd 0xBE55, 0xBAF7
    dd 0xBE56, 0x95B8
    dd 0xBE57, 0xBAF8
    dd 0xBE58, 0x95B9
    dd 0xBE59, 0xBAF9
    dd 0xBE5A, 0xBAFA
    dd 0xBE5B, 0xBAFB
    dd 0xBE5C, 0x95BA
    dd 0xBE5D, 0x95BB
    dd 0xBE5E, 0x95BC
    dd 0xBE5F, 0x95BD
    dd 0xBE60, 0xBAFC
    dd 0xBE61, 0xBAFD
    dd 0xBE62, 0x95BE
    dd 0xBE63, 0x95BF
    dd 0xBE64, 0xBAFE
    dd 0xBE65, 0x95C0
    dd 0xBE66, 0x95C1
    dd 0xBE67, 0x95C2
    dd 0xBE68, 0xBBA1
    dd 0xBE69, 0x95C3
    dd 0xBE6A, 0xBBA2
    dd 0xBE6B, 0x95C4
    dd 0xBE6C, 0x95C5
    dd 0xBE6D, 0x95C6
    dd 0xBE6E, 0x95C7
    dd 0xBE6F, 0x95C8
    dd 0xBE70, 0xBBA3
    dd 0xBE71, 0xBBA4
    dd 0xBE72, 0x95C9
    dd 0xBE73, 0xBBA5
    dd 0xBE74, 0xBBA6
    dd 0xBE75, 0xBBA7
    dd 0xBE76, 0x95CA
    dd 0xBE77, 0x95CB
    dd 0xBE78, 0x95CC
    dd 0xBE79, 0x95CD
    dd 0xBE7A, 0x95CE
    dd 0xBE7B, 0xBBA8
    dd 0xBE7C, 0xBBA9
    dd 0xBE7D, 0xBBAA
    dd 0xBE7E, 0x95CF
    dd 0xBE7F, 0x95D0
    dd 0xBE80, 0xBBAB
    dd 0xBE81, 0x95D1
    dd 0xBE82, 0x95D2
    dd 0xBE83, 0x95D3
    dd 0xBE84, 0xBBAC
    dd 0xBE85, 0x95D4
    dd 0xBE86, 0x95D5
    dd 0xBE87, 0x95D6
    dd 0xBE88, 0x95D7
    dd 0xBE89, 0x95D8
    dd 0xBE8A, 0x95D9
    dd 0xBE8B, 0x95DA
    dd 0xBE8C, 0xBBAD
    dd 0xBE8D, 0xBBAE
    dd 0xBE8E, 0x95DB
    dd 0xBE8F, 0xBBAF
    dd 0xBE90, 0xBBB0
    dd 0xBE91, 0xBBB1
    dd 0xBE92, 0x95DC
    dd 0xBE93, 0x95DD
    dd 0xBE94, 0x95DE
    dd 0xBE95, 0x95DF
    dd 0xBE96, 0x95E0
    dd 0xBE97, 0x95E1
    dd 0xBE98, 0xBBB2
    dd 0xBE99, 0xBBB3
    dd 0xBE9A, 0x95E2
    dd 0xBE9B, 0x95E3
    dd 0xBE9C, 0x95E4
    dd 0xBE9D, 0x95E5
    dd 0xBE9E, 0x95E6
    dd 0xBE9F, 0x95E7
    dd 0xBEA0, 0x95E8
    dd 0xBEA1, 0x95E9
    dd 0xBEA2, 0x95EA
    dd 0xBEA3, 0x95EB
    dd 0xBEA4, 0x95EC
    dd 0xBEA5, 0x95ED
    dd 0xBEA6, 0x95EE
    dd 0xBEA7, 0x95EF
    dd 0xBEA8, 0xBBB4
    dd 0xBEA9, 0x95F0
    dd 0xBEAA, 0x95F1
    dd 0xBEAB, 0x95F2
    dd 0xBEAC, 0x95F3
    dd 0xBEAD, 0x95F4
    dd 0xBEAE, 0x95F5
    dd 0xBEAF, 0x95F6
    dd 0xBEB0, 0x95F7
    dd 0xBEB1, 0x95F8
    dd 0xBEB2, 0x95F9
    dd 0xBEB3, 0x95FA
    dd 0xBEB4, 0x95FB
    dd 0xBEB5, 0x95FC
    dd 0xBEB6, 0x95FD
    dd 0xBEB7, 0x95FE
    dd 0xBEB8, 0x9641
    dd 0xBEB9, 0x9642
    dd 0xBEBA, 0x9643
    dd 0xBEBB, 0x9644
    dd 0xBEBC, 0x9645
    dd 0xBEBD, 0x9646
    dd 0xBEBE, 0x9647
    dd 0xBEBF, 0x9648
    dd 0xBEC0, 0x9649
    dd 0xBEC1, 0x964A
    dd 0xBEC2, 0x964B
    dd 0xBEC3, 0x964C
    dd 0xBEC4, 0x964D
    dd 0xBEC5, 0x964E
    dd 0xBEC6, 0x964F
    dd 0xBEC7, 0x9650
    dd 0xBEC8, 0x9651
    dd 0xBEC9, 0x9652
    dd 0xBECA, 0x9653
    dd 0xBECB, 0x9654
    dd 0xBECC, 0x9655
    dd 0xBECD, 0x9656
    dd 0xBECE, 0x9657
    dd 0xBECF, 0x9658
    dd 0xBED0, 0xBBB5
    dd 0xBED1, 0xBBB6
    dd 0xBED2, 0x9659
    dd 0xBED3, 0x965A
    dd 0xBED4, 0xBBB7
    dd 0xBED5, 0x9661
    dd 0xBED6, 0x9662
    dd 0xBED7, 0xBBB8
    dd 0xBED8, 0xBBB9
    dd 0xBED9, 0x9663
    dd 0xBEDA, 0x9664
    dd 0xBEDB, 0x9665
    dd 0xBEDC, 0x9666
    dd 0xBEDD, 0x9667
    dd 0xBEDE, 0x9668
    dd 0xBEDF, 0x9669
    dd 0xBEE0, 0xBBBA
    dd 0xBEE1, 0x966A
    dd 0xBEE2, 0x966B
    dd 0xBEE3, 0xBBBB
    dd 0xBEE4, 0xBBBC
    dd 0xBEE5, 0xBBBD
    dd 0xBEE6, 0x966C
    dd 0xBEE7, 0x966D
    dd 0xBEE8, 0x966E
    dd 0xBEE9, 0x966F
    dd 0xBEEA, 0x9670
    dd 0xBEEB, 0x9671
    dd 0xBEEC, 0xBBBE
    dd 0xBEED, 0x9672
    dd 0xBEEE, 0x9673
    dd 0xBEEF, 0x9674
    dd 0xBEF0, 0x9675
    dd 0xBEF1, 0x9676
    dd 0xBEF2, 0x9677
    dd 0xBEF3, 0x9678
    dd 0xBEF4, 0x9679
    dd 0xBEF5, 0x967A
    dd 0xBEF6, 0x9681
    dd 0xBEF7, 0x9682
    dd 0xBEF8, 0x9683
    dd 0xBEF9, 0x9684
    dd 0xBEFA, 0x9685
    dd 0xBEFB, 0x9686
    dd 0xBEFC, 0x9687
    dd 0xBEFD, 0x9688
    dd 0xBEFE, 0x9689
    dd 0xBEFF, 0x968A
    dd 0xBF00, 0x968B
    dd 0xBF01, 0xBBBF
    dd 0xBF02, 0x968C
    dd 0xBF03, 0x968D
    dd 0xBF04, 0x968E
    dd 0xBF05, 0x968F
    dd 0xBF06, 0x9690
    dd 0xBF07, 0x9691
    dd 0xBF08, 0xBBC0
    dd 0xBF09, 0xBBC1
    dd 0xBF0A, 0x9692
    dd 0xBF0B, 0x9693
    dd 0xBF0C, 0x9694
    dd 0xBF0D, 0x9695
    dd 0xBF0E, 0x9696
    dd 0xBF0F, 0x9697
    dd 0xBF10, 0x9698
    dd 0xBF11, 0x9699
    dd 0xBF12, 0x969A
    dd 0xBF13, 0x969B
    dd 0xBF14, 0x969C
    dd 0xBF15, 0x969D
    dd 0xBF16, 0x969E
    dd 0xBF17, 0x969F
    dd 0xBF18, 0xBBC2
    dd 0xBF19, 0xBBC3
    dd 0xBF1A, 0x96A0
    dd 0xBF1B, 0xBBC4
    dd 0xBF1C, 0xBBC5
    dd 0xBF1D, 0xBBC6
    dd 0xBF1E, 0x96A1
    dd 0xBF1F, 0x96A2
    dd 0xBF20, 0x96A3
    dd 0xBF21, 0x96A4
    dd 0xBF22, 0x96A5
    dd 0xBF23, 0x96A6
    dd 0xBF24, 0x96A7
    dd 0xBF25, 0x96A8
    dd 0xBF26, 0x96A9
    dd 0xBF27, 0x96AA
    dd 0xBF28, 0x96AB
    dd 0xBF29, 0x96AC
    dd 0xBF2A, 0x96AD
    dd 0xBF2B, 0x96AE
    dd 0xBF2C, 0x96AF
    dd 0xBF2D, 0x96B0
    dd 0xBF2E, 0x96B1
    dd 0xBF2F, 0x96B2
    dd 0xBF30, 0x96B3
    dd 0xBF31, 0x96B4
    dd 0xBF32, 0x96B5
    dd 0xBF33, 0x96B6
    dd 0xBF34, 0x96B7
    dd 0xBF35, 0x96B8
    dd 0xBF36, 0x96B9
    dd 0xBF37, 0x96BA
    dd 0xBF38, 0x96BB
    dd 0xBF39, 0x96BC
    dd 0xBF3A, 0x96BD
    dd 0xBF3B, 0x96BE
    dd 0xBF3C, 0x96BF
    dd 0xBF3D, 0x96C0
    dd 0xBF3E, 0x96C1
    dd 0xBF3F, 0x96C2
    dd 0xBF40, 0xBBC7
    dd 0xBF41, 0xBBC8
    dd 0xBF42, 0x96C3
    dd 0xBF43, 0x96C4
    dd 0xBF44, 0xBBC9
    dd 0xBF45, 0x96C5
    dd 0xBF46, 0x96C6
    dd 0xBF47, 0x96C7
    dd 0xBF48, 0xBBCA
    dd 0xBF49, 0x96C8
    dd 0xBF4A, 0x96C9
    dd 0xBF4B, 0x96CA
    dd 0xBF4C, 0x96CB
    dd 0xBF4D, 0x96CC
    dd 0xBF4E, 0x96CD
    dd 0xBF4F, 0x96CE
    dd 0xBF50, 0xBBCB
    dd 0xBF51, 0xBBCC
    dd 0xBF52, 0x96CF
    dd 0xBF53, 0x96D0
    dd 0xBF54, 0x96D1
    dd 0xBF55, 0xBBCD
    dd 0xBF56, 0x96D2
    dd 0xBF57, 0x96D3
    dd 0xBF58, 0x96D4
    dd 0xBF59, 0x96D5
    dd 0xBF5A, 0x96D6
    dd 0xBF5B, 0x96D7
    dd 0xBF5C, 0x96D8
    dd 0xBF5D, 0x96D9
    dd 0xBF5E, 0x96DA
    dd 0xBF5F, 0x96DB
    dd 0xBF60, 0x96DC
    dd 0xBF61, 0x96DD
    dd 0xBF62, 0x96DE
    dd 0xBF63, 0x96DF
    dd 0xBF64, 0x96E0
    dd 0xBF65, 0x96E1
    dd 0xBF66, 0x96E2
    dd 0xBF67, 0x96E3
    dd 0xBF68, 0x96E4
    dd 0xBF69, 0x96E5
    dd 0xBF6A, 0x96E6
    dd 0xBF6B, 0x96E7
    dd 0xBF6C, 0x96E8
    dd 0xBF6D, 0x96E9
    dd 0xBF6E, 0x96EA
    dd 0xBF6F, 0x96EB
    dd 0xBF70, 0x96EC
    dd 0xBF71, 0x96ED
    dd 0xBF72, 0x96EE
    dd 0xBF73, 0x96EF
    dd 0xBF74, 0x96F0
    dd 0xBF75, 0x96F1
    dd 0xBF76, 0x96F2
    dd 0xBF77, 0x96F3
    dd 0xBF78, 0x96F4
    dd 0xBF79, 0x96F5
    dd 0xBF7A, 0x96F6
    dd 0xBF7B, 0x96F7
    dd 0xBF7C, 0x96F8
    dd 0xBF7D, 0x96F9
    dd 0xBF7E, 0x96FA
    dd 0xBF7F, 0x96FB
    dd 0xBF80, 0x96FC
    dd 0xBF81, 0x96FD
    dd 0xBF82, 0x96FE
    dd 0xBF83, 0x9741
    dd 0xBF84, 0x9742
    dd 0xBF85, 0x9743
    dd 0xBF86, 0x9744
    dd 0xBF87, 0x9745
    dd 0xBF88, 0x9746
    dd 0xBF89, 0x9747
    dd 0xBF8A, 0x9748
    dd 0xBF8B, 0x9749
    dd 0xBF8C, 0x974A
    dd 0xBF8D, 0x974B
    dd 0xBF8E, 0x974C
    dd 0xBF8F, 0x974D
    dd 0xBF90, 0x974E
    dd 0xBF91, 0x974F
    dd 0xBF92, 0x9750
    dd 0xBF93, 0x9751
    dd 0xBF94, 0xBBCE
    dd 0xBF95, 0x9752
    dd 0xBF96, 0x9753
    dd 0xBF97, 0x9754
    dd 0xBF98, 0x9755
    dd 0xBF99, 0x9756
    dd 0xBF9A, 0x9757
    dd 0xBF9B, 0x9758
    dd 0xBF9C, 0x9759
    dd 0xBF9D, 0x975A
    dd 0xBF9E, 0x9761
    dd 0xBF9F, 0x9762
    dd 0xBFA0, 0x9763
    dd 0xBFA1, 0x9764
    dd 0xBFA2, 0x9765
    dd 0xBFA3, 0x9766
    dd 0xBFA4, 0x9767
    dd 0xBFA5, 0x9768
    dd 0xBFA6, 0x9769
    dd 0xBFA7, 0x976A
    dd 0xBFA8, 0x976B
    dd 0xBFA9, 0x976C
    dd 0xBFAA, 0x976D
    dd 0xBFAB, 0x976E
    dd 0xBFAC, 0x976F
    dd 0xBFAD, 0x9770
    dd 0xBFAE, 0x9771
    dd 0xBFAF, 0x9772
    dd 0xBFB0, 0xBBCF
    dd 0xBFB1, 0x9773
    dd 0xBFB2, 0x9774
    dd 0xBFB3, 0x9775
    dd 0xBFB4, 0x9776
    dd 0xBFB5, 0x9777
    dd 0xBFB6, 0x9778
    dd 0xBFB7, 0x9779
    dd 0xBFB8, 0x977A
    dd 0xBFB9, 0x9781
    dd 0xBFBA, 0x9782
    dd 0xBFBB, 0x9783
    dd 0xBFBC, 0x9784
    dd 0xBFBD, 0x9785
    dd 0xBFBE, 0x9786
    dd 0xBFBF, 0x9787
    dd 0xBFC0, 0x9788
    dd 0xBFC1, 0x9789
    dd 0xBFC2, 0x978A
    dd 0xBFC3, 0x978B
    dd 0xBFC4, 0x978C
    dd 0xBFC5, 0xBBD0
    dd 0xBFC6, 0x978D
    dd 0xBFC7, 0x978E
    dd 0xBFC8, 0x978F
    dd 0xBFC9, 0x9790
    dd 0xBFCA, 0x9791
    dd 0xBFCB, 0x9792
    dd 0xBFCC, 0xBBD1
    dd 0xBFCD, 0xBBD2
    dd 0xBFCE, 0x9793
    dd 0xBFCF, 0x9794
    dd 0xBFD0, 0xBBD3
    dd 0xBFD1, 0x9795
    dd 0xBFD2, 0x9796
    dd 0xBFD3, 0x9797
    dd 0xBFD4, 0xBBD4
    dd 0xBFD5, 0x9798
    dd 0xBFD6, 0x9799
    dd 0xBFD7, 0x979A
    dd 0xBFD8, 0x979B
    dd 0xBFD9, 0x979C
    dd 0xBFDA, 0x979D
    dd 0xBFDB, 0x979E
    dd 0xBFDC, 0xBBD5
    dd 0xBFDD, 0x979F
    dd 0xBFDE, 0x97A0
    dd 0xBFDF, 0xBBD6
    dd 0xBFE0, 0x97A1
    dd 0xBFE1, 0xBBD7
    dd 0xBFE2, 0x97A2
    dd 0xBFE3, 0x97A3
    dd 0xBFE4, 0x97A4
    dd 0xBFE5, 0x97A5
    dd 0xBFE6, 0x97A6
    dd 0xBFE7, 0x97A7
    dd 0xBFE8, 0x97A8
    dd 0xBFE9, 0x97A9
    dd 0xBFEA, 0x97AA
    dd 0xBFEB, 0x97AB
    dd 0xBFEC, 0x97AC
    dd 0xBFED, 0x97AD
    dd 0xBFEE, 0x97AE
    dd 0xBFEF, 0x97AF
    dd 0xBFF0, 0x97B0
    dd 0xBFF1, 0x97B1
    dd 0xBFF2, 0x97B2
    dd 0xBFF3, 0x97B3
    dd 0xBFF4, 0x97B4
    dd 0xBFF5, 0x97B5
    dd 0xBFF6, 0x97B6
    dd 0xBFF7, 0x97B7
    dd 0xBFF8, 0x97B8
    dd 0xBFF9, 0x97B9
    dd 0xBFFA, 0x97BA
    dd 0xBFFB, 0x97BB
    dd 0xBFFC, 0x97BC
    dd 0xBFFD, 0x97BD
    dd 0xBFFE, 0x97BE
    dd 0xBFFF, 0x97BF
    dd 0xC000, 0x97C0
    dd 0xC001, 0x97C1
    dd 0xC002, 0x97C2
    dd 0xC003, 0x97C3
    dd 0xC004, 0x97C4
    dd 0xC005, 0x97C5
    dd 0xC006, 0x97C6
    dd 0xC007, 0x97C7
    dd 0xC008, 0x97C8
    dd 0xC009, 0x97C9
    dd 0xC00A, 0x97CA
    dd 0xC00B, 0x97CB
    dd 0xC00C, 0x97CC
    dd 0xC00D, 0x97CD
    dd 0xC00E, 0x97CE
    dd 0xC00F, 0x97CF
    dd 0xC010, 0x97D0
    dd 0xC011, 0x97D1
    dd 0xC012, 0x97D2
    dd 0xC013, 0x97D3
    dd 0xC014, 0x97D4
    dd 0xC015, 0x97D5
    dd 0xC016, 0x97D6
    dd 0xC017, 0x97D7
    dd 0xC018, 0x97D8
    dd 0xC019, 0x97D9
    dd 0xC01A, 0x97DA
    dd 0xC01B, 0x97DB
    dd 0xC01C, 0x97DC
    dd 0xC01D, 0x97DD
    dd 0xC01E, 0x97DE
    dd 0xC01F, 0x97DF
    dd 0xC020, 0x97E0
    dd 0xC021, 0x97E1
    dd 0xC022, 0x97E2
    dd 0xC023, 0x97E3
    dd 0xC024, 0x97E4
    dd 0xC025, 0x97E5
    dd 0xC026, 0x97E6
    dd 0xC027, 0x97E7
    dd 0xC028, 0x97E8
    dd 0xC029, 0x97E9
    dd 0xC02A, 0x97EA
    dd 0xC02B, 0x97EB
    dd 0xC02C, 0x97EC
    dd 0xC02D, 0x97ED
    dd 0xC02E, 0x97EE
    dd 0xC02F, 0x97EF
    dd 0xC030, 0x97F0
    dd 0xC031, 0x97F1
    dd 0xC032, 0x97F2
    dd 0xC033, 0x97F3
    dd 0xC034, 0x97F4
    dd 0xC035, 0x97F5
    dd 0xC036, 0x97F6
    dd 0xC037, 0x97F7
    dd 0xC038, 0x97F8
    dd 0xC039, 0x97F9
    dd 0xC03A, 0x97FA
    dd 0xC03B, 0x97FB
    dd 0xC03C, 0xBBD8
    dd 0xC03D, 0x97FC
    dd 0xC03E, 0x97FD
    dd 0xC03F, 0x97FE
    dd 0xC040, 0x9841
    dd 0xC041, 0x9842
    dd 0xC042, 0x9843
    dd 0xC043, 0x9844
    dd 0xC044, 0x9845
    dd 0xC045, 0x9846
    dd 0xC046, 0x9847
    dd 0xC047, 0x9848
    dd 0xC048, 0x9849
    dd 0xC049, 0x984A
    dd 0xC04A, 0x984B
    dd 0xC04B, 0x984C
    dd 0xC04C, 0x984D
    dd 0xC04D, 0x984E
    dd 0xC04E, 0x984F
    dd 0xC04F, 0x9850
    dd 0xC050, 0x9851
    dd 0xC051, 0xBBD9
    dd 0xC052, 0x9852
    dd 0xC053, 0x9853
    dd 0xC054, 0x9854
    dd 0xC055, 0x9855
    dd 0xC056, 0x9856
    dd 0xC057, 0x9857
    dd 0xC058, 0xBBDA
    dd 0xC059, 0x9858
    dd 0xC05A, 0x9859
    dd 0xC05B, 0x985A
    dd 0xC05C, 0xBBDB
    dd 0xC05D, 0x9861
    dd 0xC05E, 0x9862
    dd 0xC05F, 0x9863
    dd 0xC060, 0xBBDC
    dd 0xC061, 0x9864
    dd 0xC062, 0x9865
    dd 0xC063, 0x9866
    dd 0xC064, 0x9867
    dd 0xC065, 0x9868
    dd 0xC066, 0x9869
    dd 0xC067, 0x986A
    dd 0xC068, 0xBBDD
    dd 0xC069, 0xBBDE
    dd 0xC06A, 0x986B
    dd 0xC06B, 0x986C
    dd 0xC06C, 0x986D
    dd 0xC06D, 0x986E
    dd 0xC06E, 0x986F
    dd 0xC06F, 0x9870
    dd 0xC070, 0x9871
    dd 0xC071, 0x9872
    dd 0xC072, 0x9873
    dd 0xC073, 0x9874
    dd 0xC074, 0x9875
    dd 0xC075, 0x9876
    dd 0xC076, 0x9877
    dd 0xC077, 0x9878
    dd 0xC078, 0x9879
    dd 0xC079, 0x987A
    dd 0xC07A, 0x9881
    dd 0xC07B, 0x9882
    dd 0xC07C, 0x9883
    dd 0xC07D, 0x9884
    dd 0xC07E, 0x9885
    dd 0xC07F, 0x9886
    dd 0xC080, 0x9887
    dd 0xC081, 0x9888
    dd 0xC082, 0x9889
    dd 0xC083, 0x988A
    dd 0xC084, 0x988B
    dd 0xC085, 0x988C
    dd 0xC086, 0x988D
    dd 0xC087, 0x988E
    dd 0xC088, 0x988F
    dd 0xC089, 0x9890
    dd 0xC08A, 0x9891
    dd 0xC08B, 0x9892
    dd 0xC08C, 0x9893
    dd 0xC08D, 0x9894
    dd 0xC08E, 0x9895
    dd 0xC08F, 0x9896
    dd 0xC090, 0xBBDF
    dd 0xC091, 0xBBE0
    dd 0xC092, 0x9897
    dd 0xC093, 0x9898
    dd 0xC094, 0xBBE1
    dd 0xC095, 0x9899
    dd 0xC096, 0x989A
    dd 0xC097, 0x989B
    dd 0xC098, 0xBBE2
    dd 0xC099, 0x989C
    dd 0xC09A, 0x989D
    dd 0xC09B, 0x989E
    dd 0xC09C, 0x989F
    dd 0xC09D, 0x98A0
    dd 0xC09E, 0x98A1
    dd 0xC09F, 0x98A2
    dd 0xC0A0, 0xBBE3
    dd 0xC0A1, 0xBBE4
    dd 0xC0A2, 0x98A3
    dd 0xC0A3, 0xBBE5
    dd 0xC0A4, 0x98A4
    dd 0xC0A5, 0xBBE6
    dd 0xC0A6, 0x98A5
    dd 0xC0A7, 0x98A6
    dd 0xC0A8, 0x98A7
    dd 0xC0A9, 0x98A8
    dd 0xC0AA, 0x98A9
    dd 0xC0AB, 0x98AA
    dd 0xC0AC, 0xBBE7
    dd 0xC0AD, 0xBBE8
    dd 0xC0AE, 0x98AB
    dd 0xC0AF, 0xBBE9
    dd 0xC0B0, 0xBBEA
    dd 0xC0B1, 0x98AC
    dd 0xC0B2, 0x98AD
    dd 0xC0B3, 0xBBEB
    dd 0xC0B4, 0xBBEC
    dd 0xC0B5, 0xBBED
    dd 0xC0B6, 0xBBEE
    dd 0xC0B7, 0x98AE
    dd 0xC0B8, 0x98AF
    dd 0xC0B9, 0x98B0
    dd 0xC0BA, 0x98B1
    dd 0xC0BB, 0x98B2
    dd 0xC0BC, 0xBBEF
    dd 0xC0BD, 0xBBF0
    dd 0xC0BE, 0x98B3
    dd 0xC0BF, 0xBBF1
    dd 0xC0C0, 0xBBF2
    dd 0xC0C1, 0xBBF3
    dd 0xC0C2, 0x98B4
    dd 0xC0C3, 0x98B5
    dd 0xC0C4, 0x98B6
    dd 0xC0C5, 0xBBF4
    dd 0xC0C6, 0x98B7
    dd 0xC0C7, 0x98B8
    dd 0xC0C8, 0xBBF5
    dd 0xC0C9, 0xBBF6
    dd 0xC0CA, 0x98B9
    dd 0xC0CB, 0x98BA
    dd 0xC0CC, 0xBBF7
    dd 0xC0CD, 0x98BB
    dd 0xC0CE, 0x98BC
    dd 0xC0CF, 0x98BD
    dd 0xC0D0, 0xBBF8
    dd 0xC0D1, 0x98BE
    dd 0xC0D2, 0x98BF
    dd 0xC0D3, 0x98C0
    dd 0xC0D4, 0x98C1
    dd 0xC0D5, 0x98C2
    dd 0xC0D6, 0x98C3
    dd 0xC0D7, 0x98C4
    dd 0xC0D8, 0xBBF9
    dd 0xC0D9, 0xBBFA
    dd 0xC0DA, 0x98C5
    dd 0xC0DB, 0xBBFB
    dd 0xC0DC, 0xBBFC
    dd 0xC0DD, 0xBBFD
    dd 0xC0DE, 0x98C6
    dd 0xC0DF, 0x98C7
    dd 0xC0E0, 0x98C8
    dd 0xC0E1, 0x98C9
    dd 0xC0E2, 0x98CA
    dd 0xC0E3, 0x98CB
    dd 0xC0E4, 0xBBFE
    dd 0xC0E5, 0xBCA1
    dd 0xC0E6, 0x98CC
    dd 0xC0E7, 0x98CD
    dd 0xC0E8, 0xBCA2
    dd 0xC0E9, 0x98CE
    dd 0xC0EA, 0x98CF
    dd 0xC0EB, 0x98D0
    dd 0xC0EC, 0xBCA3
    dd 0xC0ED, 0x98D1
    dd 0xC0EE, 0x98D2
    dd 0xC0EF, 0x98D3
    dd 0xC0F0, 0x98D4
    dd 0xC0F1, 0x98D5
    dd 0xC0F2, 0x98D6
    dd 0xC0F3, 0x98D7
    dd 0xC0F4, 0xBCA4
    dd 0xC0F5, 0xBCA5
    dd 0xC0F6, 0x98D8
    dd 0xC0F7, 0xBCA6
    dd 0xC0F8, 0x98D9
    dd 0xC0F9, 0xBCA7
    dd 0xC0FA, 0x98DA
    dd 0xC0FB, 0x98DB
    dd 0xC0FC, 0x98DC
    dd 0xC0FD, 0x98DD
    dd 0xC0FE, 0x98DE
    dd 0xC0FF, 0x98DF
    dd 0xC100, 0xBCA8
    dd 0xC101, 0x98E0
    dd 0xC102, 0x98E1
    dd 0xC103, 0x98E2
    dd 0xC104, 0xBCA9
    dd 0xC105, 0x98E3
    dd 0xC106, 0x98E4
    dd 0xC107, 0x98E5
    dd 0xC108, 0xBCAA
    dd 0xC109, 0x98E6
    dd 0xC10A, 0x98E7
    dd 0xC10B, 0x98E8
    dd 0xC10C, 0x98E9
    dd 0xC10D, 0x98EA
    dd 0xC10E, 0x98EB
    dd 0xC10F, 0x98EC
    dd 0xC110, 0xBCAB
    dd 0xC111, 0x98ED
    dd 0xC112, 0x98EE
    dd 0xC113, 0x98EF
    dd 0xC114, 0x98F0
    dd 0xC115, 0xBCAC
    dd 0xC116, 0x98F1
    dd 0xC117, 0x98F2
    dd 0xC118, 0x98F3
    dd 0xC119, 0x98F4
    dd 0xC11A, 0x98F5
    dd 0xC11B, 0x98F6
    dd 0xC11C, 0xBCAD
    dd 0xC11D, 0xBCAE
    dd 0xC11E, 0xBCAF
    dd 0xC11F, 0xBCB0
    dd 0xC120, 0xBCB1
    dd 0xC121, 0x98F7
    dd 0xC122, 0x98F8
    dd 0xC123, 0xBCB2
    dd 0xC124, 0xBCB3
    dd 0xC125, 0x98F9
    dd 0xC126, 0xBCB4
    dd 0xC127, 0xBCB5
    dd 0xC128, 0x98FA
    dd 0xC129, 0x98FB
    dd 0xC12A, 0x98FC
    dd 0xC12B, 0x98FD
    dd 0xC12C, 0xBCB6
    dd 0xC12D, 0xBCB7
    dd 0xC12E, 0x98FE
    dd 0xC12F, 0xBCB8
    dd 0xC130, 0xBCB9
    dd 0xC131, 0xBCBA
    dd 0xC132, 0x9941
    dd 0xC133, 0x9942
    dd 0xC134, 0x9943
    dd 0xC135, 0x9944
    dd 0xC136, 0xBCBB
    dd 0xC137, 0x9945
    dd 0xC138, 0xBCBC
    dd 0xC139, 0xBCBD
    dd 0xC13A, 0x9946
    dd 0xC13B, 0x9947
    dd 0xC13C, 0xBCBE
    dd 0xC13D, 0x9948
    dd 0xC13E, 0x9949
    dd 0xC13F, 0x994A
    dd 0xC140, 0xBCBF
    dd 0xC141, 0x994B
    dd 0xC142, 0x994C
    dd 0xC143, 0x994D
    dd 0xC144, 0x994E
    dd 0xC145, 0x994F
    dd 0xC146, 0x9950
    dd 0xC147, 0x9951
    dd 0xC148, 0xBCC0
    dd 0xC149, 0xBCC1
    dd 0xC14A, 0x9952
    dd 0xC14B, 0xBCC2
    dd 0xC14C, 0xBCC3
    dd 0xC14D, 0xBCC4
    dd 0xC14E, 0x9953
    dd 0xC14F, 0x9954
    dd 0xC150, 0x9955
    dd 0xC151, 0x9956
    dd 0xC152, 0x9957
    dd 0xC153, 0x9958
    dd 0xC154, 0xBCC5
    dd 0xC155, 0xBCC6
    dd 0xC156, 0x9959
    dd 0xC157, 0x995A
    dd 0xC158, 0xBCC7
    dd 0xC159, 0x9961
    dd 0xC15A, 0x9962
    dd 0xC15B, 0x9963
    dd 0xC15C, 0xBCC8
    dd 0xC15D, 0x9964
    dd 0xC15E, 0x9965
    dd 0xC15F, 0x9966
    dd 0xC160, 0x9967
    dd 0xC161, 0x9968
    dd 0xC162, 0x9969
    dd 0xC163, 0x996A
    dd 0xC164, 0xBCC9
    dd 0xC165, 0xBCCA
    dd 0xC166, 0x996B
    dd 0xC167, 0xBCCB
    dd 0xC168, 0xBCCC
    dd 0xC169, 0xBCCD
    dd 0xC16A, 0x996C
    dd 0xC16B, 0x996D
    dd 0xC16C, 0x996E
    dd 0xC16D, 0x996F
    dd 0xC16E, 0x9970
    dd 0xC16F, 0x9971
    dd 0xC170, 0xBCCE
    dd 0xC171, 0x9972
    dd 0xC172, 0x9973
    dd 0xC173, 0x9974
    dd 0xC174, 0xBCCF
    dd 0xC175, 0x9975
    dd 0xC176, 0x9976
    dd 0xC177, 0x9977
    dd 0xC178, 0xBCD0
    dd 0xC179, 0x9978
    dd 0xC17A, 0x9979
    dd 0xC17B, 0x997A
    dd 0xC17C, 0x9981
    dd 0xC17D, 0x9982
    dd 0xC17E, 0x9983
    dd 0xC17F, 0x9984
    dd 0xC180, 0x9985
    dd 0xC181, 0x9986
    dd 0xC182, 0x9987
    dd 0xC183, 0x9988
    dd 0xC184, 0x9989
    dd 0xC185, 0xBCD1
    dd 0xC186, 0x998A
    dd 0xC187, 0x998B
    dd 0xC188, 0x998C
    dd 0xC189, 0x998D
    dd 0xC18A, 0x998E
    dd 0xC18B, 0x998F
    dd 0xC18C, 0xBCD2
    dd 0xC18D, 0xBCD3
    dd 0xC18E, 0xBCD4
    dd 0xC18F, 0x9990
    dd 0xC190, 0xBCD5
    dd 0xC191, 0x9991
    dd 0xC192, 0x9992
    dd 0xC193, 0x9993
    dd 0xC194, 0xBCD6
    dd 0xC195, 0x9994
    dd 0xC196, 0xBCD7
    dd 0xC197, 0x9995
    dd 0xC198, 0x9996
    dd 0xC199, 0x9997
    dd 0xC19A, 0x9998
    dd 0xC19B, 0x9999
    dd 0xC19C, 0xBCD8
    dd 0xC19D, 0xBCD9
    dd 0xC19E, 0x999A
    dd 0xC19F, 0xBCDA
    dd 0xC1A0, 0x999B
    dd 0xC1A1, 0xBCDB
    dd 0xC1A2, 0x999C
    dd 0xC1A3, 0x999D
    dd 0xC1A4, 0x999E
    dd 0xC1A5, 0xBCDC
    dd 0xC1A6, 0x999F
    dd 0xC1A7, 0x99A0
    dd 0xC1A8, 0xBCDD
    dd 0xC1A9, 0xBCDE
    dd 0xC1AA, 0x99A1
    dd 0xC1AB, 0x99A2
    dd 0xC1AC, 0xBCDF
    dd 0xC1AD, 0x99A3
    dd 0xC1AE, 0x99A4
    dd 0xC1AF, 0x99A5
    dd 0xC1B0, 0xBCE0
    dd 0xC1B1, 0x99A6
    dd 0xC1B2, 0x99A7
    dd 0xC1B3, 0x99A8
    dd 0xC1B4, 0x99A9
    dd 0xC1B5, 0x99AA
    dd 0xC1B6, 0x99AB
    dd 0xC1B7, 0x99AC
    dd 0xC1B8, 0x99AD
    dd 0xC1B9, 0x99AE
    dd 0xC1BA, 0x99AF
    dd 0xC1BB, 0x99B0
    dd 0xC1BC, 0x99B1
    dd 0xC1BD, 0xBCE1
    dd 0xC1BE, 0x99B2
    dd 0xC1BF, 0x99B3
    dd 0xC1C0, 0x99B4
    dd 0xC1C1, 0x99B5
    dd 0xC1C2, 0x99B6
    dd 0xC1C3, 0x99B7
    dd 0xC1C4, 0xBCE2
    dd 0xC1C5, 0x99B8
    dd 0xC1C6, 0x99B9
    dd 0xC1C7, 0x99BA
    dd 0xC1C8, 0xBCE3
    dd 0xC1C9, 0x99BB
    dd 0xC1CA, 0x99BC
    dd 0xC1CB, 0x99BD
    dd 0xC1CC, 0xBCE4
    dd 0xC1CD, 0x99BE
    dd 0xC1CE, 0x99BF
    dd 0xC1CF, 0x99C0
    dd 0xC1D0, 0x99C1
    dd 0xC1D1, 0x99C2
    dd 0xC1D2, 0x99C3
    dd 0xC1D3, 0x99C4
    dd 0xC1D4, 0xBCE5
    dd 0xC1D5, 0x99C5
    dd 0xC1D6, 0x99C6
    dd 0xC1D7, 0xBCE6
    dd 0xC1D8, 0xBCE7
    dd 0xC1D9, 0x99C7
    dd 0xC1DA, 0x99C8
    dd 0xC1DB, 0x99C9
    dd 0xC1DC, 0x99CA
    dd 0xC1DD, 0x99CB
    dd 0xC1DE, 0x99CC
    dd 0xC1DF, 0x99CD
    dd 0xC1E0, 0xBCE8
    dd 0xC1E1, 0x99CE
    dd 0xC1E2, 0x99CF
    dd 0xC1E3, 0x99D0
    dd 0xC1E4, 0xBCE9
    dd 0xC1E5, 0x99D1
    dd 0xC1E6, 0x99D2
    dd 0xC1E7, 0x99D3
    dd 0xC1E8, 0xBCEA
    dd 0xC1E9, 0x99D4
    dd 0xC1EA, 0x99D5
    dd 0xC1EB, 0x99D6
    dd 0xC1EC, 0x99D7
    dd 0xC1ED, 0x99D8
    dd 0xC1EE, 0x99D9
    dd 0xC1EF, 0x99DA
    dd 0xC1F0, 0xBCEB
    dd 0xC1F1, 0xBCEC
    dd 0xC1F2, 0x99DB
    dd 0xC1F3, 0xBCED
    dd 0xC1F4, 0x99DC
    dd 0xC1F5, 0x99DD
    dd 0xC1F6, 0x99DE
    dd 0xC1F7, 0x99DF
    dd 0xC1F8, 0x99E0
    dd 0xC1F9, 0x99E1
    dd 0xC1FA, 0x99E2
    dd 0xC1FB, 0x99E3
    dd 0xC1FC, 0xBCEE
    dd 0xC1FD, 0xBCEF
    dd 0xC1FE, 0x99E4
    dd 0xC1FF, 0x99E5
    dd 0xC200, 0xBCF0
    dd 0xC201, 0x99E6
    dd 0xC202, 0x99E7
    dd 0xC203, 0x99E8
    dd 0xC204, 0xBCF1
    dd 0xC205, 0x99E9
    dd 0xC206, 0x99EA
    dd 0xC207, 0x99EB
    dd 0xC208, 0x99EC
    dd 0xC209, 0x99ED
    dd 0xC20A, 0x99EE
    dd 0xC20B, 0x99EF
    dd 0xC20C, 0xBCF2
    dd 0xC20D, 0xBCF3
    dd 0xC20E, 0x99F0
    dd 0xC20F, 0xBCF4
    dd 0xC210, 0x99F1
    dd 0xC211, 0xBCF5
    dd 0xC212, 0x99F2
    dd 0xC213, 0x99F3
    dd 0xC214, 0x99F4
    dd 0xC215, 0x99F5
    dd 0xC216, 0x99F6
    dd 0xC217, 0x99F7
    dd 0xC218, 0xBCF6
    dd 0xC219, 0xBCF7
    dd 0xC21A, 0x99F8
    dd 0xC21B, 0x99F9
    dd 0xC21C, 0xBCF8
    dd 0xC21D, 0x99FA
    dd 0xC21E, 0x99FB
    dd 0xC21F, 0xBCF9
    dd 0xC220, 0xBCFA
    dd 0xC221, 0x99FC
    dd 0xC222, 0x99FD
    dd 0xC223, 0x99FE
    dd 0xC224, 0x9A41
    dd 0xC225, 0x9A42
    dd 0xC226, 0x9A43
    dd 0xC227, 0x9A44
    dd 0xC228, 0xBCFB
    dd 0xC229, 0xBCFC
    dd 0xC22A, 0x9A45
    dd 0xC22B, 0xBCFD
    dd 0xC22C, 0x9A46
    dd 0xC22D, 0xBCFE
    dd 0xC22E, 0x9A47
    dd 0xC22F, 0xBDA1
    dd 0xC230, 0x9A48
    dd 0xC231, 0xBDA2
    dd 0xC232, 0xBDA3
    dd 0xC233, 0x9A49
    dd 0xC234, 0xBDA4
    dd 0xC235, 0x9A4A
    dd 0xC236, 0x9A4B
    dd 0xC237, 0x9A4C
    dd 0xC238, 0x9A4D
    dd 0xC239, 0x9A4E
    dd 0xC23A, 0x9A4F
    dd 0xC23B, 0x9A50
    dd 0xC23C, 0x9A51
    dd 0xC23D, 0x9A52
    dd 0xC23E, 0x9A53
    dd 0xC23F, 0x9A54
    dd 0xC240, 0x9A55
    dd 0xC241, 0x9A56
    dd 0xC242, 0x9A57
    dd 0xC243, 0x9A58
    dd 0xC244, 0x9A59
    dd 0xC245, 0x9A5A
    dd 0xC246, 0x9A61
    dd 0xC247, 0x9A62
    dd 0xC248, 0xBDA5
    dd 0xC249, 0x9A63
    dd 0xC24A, 0x9A64
    dd 0xC24B, 0x9A65
    dd 0xC24C, 0x9A66
    dd 0xC24D, 0x9A67
    dd 0xC24E, 0x9A68
    dd 0xC24F, 0x9A69
    dd 0xC250, 0xBDA6
    dd 0xC251, 0xBDA7
    dd 0xC252, 0x9A6A
    dd 0xC253, 0x9A6B
    dd 0xC254, 0xBDA8
    dd 0xC255, 0x9A6C
    dd 0xC256, 0x9A6D
    dd 0xC257, 0x9A6E
    dd 0xC258, 0xBDA9
    dd 0xC259, 0x9A6F
    dd 0xC25A, 0x9A70
    dd 0xC25B, 0x9A71
    dd 0xC25C, 0x9A72
    dd 0xC25D, 0x9A73
    dd 0xC25E, 0x9A74
    dd 0xC25F, 0x9A75
    dd 0xC260, 0xBDAA
    dd 0xC261, 0x9A76
    dd 0xC262, 0x9A77
    dd 0xC263, 0x9A78
    dd 0xC264, 0x9A79
    dd 0xC265, 0xBDAB
    dd 0xC266, 0x9A7A
    dd 0xC267, 0x9A81
    dd 0xC268, 0x9A82
    dd 0xC269, 0x9A83
    dd 0xC26A, 0x9A84
    dd 0xC26B, 0x9A85
    dd 0xC26C, 0xBDAC
    dd 0xC26D, 0xBDAD
    dd 0xC26E, 0x9A86
    dd 0xC26F, 0x9A87
    dd 0xC270, 0xBDAE
    dd 0xC271, 0x9A88
    dd 0xC272, 0x9A89
    dd 0xC273, 0x9A8A
    dd 0xC274, 0xBDAF
    dd 0xC275, 0x9A8B
    dd 0xC276, 0x9A8C
    dd 0xC277, 0x9A8D
    dd 0xC278, 0x9A8E
    dd 0xC279, 0x9A8F
    dd 0xC27A, 0x9A90
    dd 0xC27B, 0x9A91
    dd 0xC27C, 0xBDB0
    dd 0xC27D, 0xBDB1
    dd 0xC27E, 0x9A92
    dd 0xC27F, 0xBDB2
    dd 0xC280, 0x9A93
    dd 0xC281, 0xBDB3
    dd 0xC282, 0x9A94
    dd 0xC283, 0x9A95
    dd 0xC284, 0x9A96
    dd 0xC285, 0x9A97
    dd 0xC286, 0x9A98
    dd 0xC287, 0x9A99
    dd 0xC288, 0xBDB4
    dd 0xC289, 0xBDB5
    dd 0xC28A, 0x9A9A
    dd 0xC28B, 0x9A9B
    dd 0xC28C, 0x9A9C
    dd 0xC28D, 0x9A9D
    dd 0xC28E, 0x9A9E
    dd 0xC28F, 0x9A9F
    dd 0xC290, 0xBDB6
    dd 0xC291, 0x9AA0
    dd 0xC292, 0x9AA1
    dd 0xC293, 0x9AA2
    dd 0xC294, 0x9AA3
    dd 0xC295, 0x9AA4
    dd 0xC296, 0x9AA5
    dd 0xC297, 0x9AA6
    dd 0xC298, 0xBDB7
    dd 0xC299, 0x9AA7
    dd 0xC29A, 0x9AA8
    dd 0xC29B, 0xBDB8
    dd 0xC29C, 0x9AA9
    dd 0xC29D, 0xBDB9
    dd 0xC29E, 0x9AAA
    dd 0xC29F, 0x9AAB
    dd 0xC2A0, 0x9AAC
    dd 0xC2A1, 0x9AAD
    dd 0xC2A2, 0x9AAE
    dd 0xC2A3, 0x9AAF
    dd 0xC2A4, 0xBDBA
    dd 0xC2A5, 0xBDBB
    dd 0xC2A6, 0x9AB0
    dd 0xC2A7, 0x9AB1
    dd 0xC2A8, 0xBDBC
    dd 0xC2A9, 0x9AB2
    dd 0xC2AA, 0x9AB3
    dd 0xC2AB, 0x9AB4
    dd 0xC2AC, 0xBDBD
    dd 0xC2AD, 0xBDBE
    dd 0xC2AE, 0x9AB5
    dd 0xC2AF, 0x9AB6
    dd 0xC2B0, 0x9AB7
    dd 0xC2B1, 0x9AB8
    dd 0xC2B2, 0x9AB9
    dd 0xC2B3, 0x9ABA
    dd 0xC2B4, 0xBDBF
    dd 0xC2B5, 0xBDC0
    dd 0xC2B6, 0x9ABB
    dd 0xC2B7, 0xBDC1
    dd 0xC2B8, 0x9ABC
    dd 0xC2B9, 0xBDC2
    dd 0xC2BA, 0x9ABD
    dd 0xC2BB, 0x9ABE
    dd 0xC2BC, 0x9ABF
    dd 0xC2BD, 0x9AC0
    dd 0xC2BE, 0x9AC1
    dd 0xC2BF, 0x9AC2
    dd 0xC2C0, 0x9AC3
    dd 0xC2C1, 0x9AC4
    dd 0xC2C2, 0x9AC5
    dd 0xC2C3, 0x9AC6
    dd 0xC2C4, 0x9AC7
    dd 0xC2C5, 0x9AC8
    dd 0xC2C6, 0x9AC9
    dd 0xC2C7, 0x9ACA
    dd 0xC2C8, 0x9ACB
    dd 0xC2C9, 0x9ACC
    dd 0xC2CA, 0x9ACD
    dd 0xC2CB, 0x9ACE
    dd 0xC2CC, 0x9ACF
    dd 0xC2CD, 0x9AD0
    dd 0xC2CE, 0x9AD1
    dd 0xC2CF, 0x9AD2
    dd 0xC2D0, 0x9AD3
    dd 0xC2D1, 0x9AD4
    dd 0xC2D2, 0x9AD5
    dd 0xC2D3, 0x9AD6
    dd 0xC2D4, 0x9AD7
    dd 0xC2D5, 0x9AD8
    dd 0xC2D6, 0x9AD9
    dd 0xC2D7, 0x9ADA
    dd 0xC2D8, 0x9ADB
    dd 0xC2D9, 0x9ADC
    dd 0xC2DA, 0x9ADD
    dd 0xC2DB, 0x9ADE
    dd 0xC2DC, 0xBDC3
    dd 0xC2DD, 0xBDC4
    dd 0xC2DE, 0x9ADF
    dd 0xC2DF, 0x9AE0
    dd 0xC2E0, 0xBDC5
    dd 0xC2E1, 0x9AE1
    dd 0xC2E2, 0x9AE2
    dd 0xC2E3, 0xBDC6
    dd 0xC2E4, 0xBDC7
    dd 0xC2E5, 0x9AE3
    dd 0xC2E6, 0x9AE4
    dd 0xC2E7, 0x9AE5
    dd 0xC2E8, 0x9AE6
    dd 0xC2E9, 0x9AE7
    dd 0xC2EA, 0x9AE8
    dd 0xC2EB, 0xBDC8
    dd 0xC2EC, 0xBDC9
    dd 0xC2ED, 0xBDCA
    dd 0xC2EE, 0x9AE9
    dd 0xC2EF, 0xBDCB
    dd 0xC2F0, 0x9AEA
    dd 0xC2F1, 0xBDCC
    dd 0xC2F2, 0x9AEB
    dd 0xC2F3, 0x9AEC
    dd 0xC2F4, 0x9AED
    dd 0xC2F5, 0x9AEE
    dd 0xC2F6, 0xBDCD
    dd 0xC2F7, 0x9AEF
    dd 0xC2F8, 0xBDCE
    dd 0xC2F9, 0xBDCF
    dd 0xC2FA, 0x9AF0
    dd 0xC2FB, 0xBDD0
    dd 0xC2FC, 0xBDD1
    dd 0xC2FD, 0x9AF1
    dd 0xC2FE, 0x9AF2
    dd 0xC2FF, 0x9AF3
    dd 0xC300, 0xBDD2
    dd 0xC301, 0x9AF4
    dd 0xC302, 0x9AF5
    dd 0xC303, 0x9AF6
    dd 0xC304, 0x9AF7
    dd 0xC305, 0x9AF8
    dd 0xC306, 0x9AF9
    dd 0xC307, 0x9AFA
    dd 0xC308, 0xBDD3
    dd 0xC309, 0xBDD4
    dd 0xC30A, 0x9AFB
    dd 0xC30B, 0x9AFC
    dd 0xC30C, 0xBDD5
    dd 0xC30D, 0xBDD6
    dd 0xC30E, 0x9AFD
    dd 0xC30F, 0x9AFE
    dd 0xC310, 0x9B41
    dd 0xC311, 0x9B42
    dd 0xC312, 0x9B43
    dd 0xC313, 0xBDD7
    dd 0xC314, 0xBDD8
    dd 0xC315, 0xBDD9
    dd 0xC316, 0x9B44
    dd 0xC317, 0x9B45
    dd 0xC318, 0xBDDA
    dd 0xC319, 0x9B46
    dd 0xC31A, 0x9B47
    dd 0xC31B, 0x9B48
    dd 0xC31C, 0xBDDB
    dd 0xC31D, 0x9B49
    dd 0xC31E, 0x9B4A
    dd 0xC31F, 0x9B4B
    dd 0xC320, 0x9B4C
    dd 0xC321, 0x9B4D
    dd 0xC322, 0x9B4E
    dd 0xC323, 0x9B4F
    dd 0xC324, 0xBDDC
    dd 0xC325, 0xBDDD
    dd 0xC326, 0x9B50
    dd 0xC327, 0x9B51
    dd 0xC328, 0xBDDE
    dd 0xC329, 0xBDDF
    dd 0xC32A, 0x9B52
    dd 0xC32B, 0x9B53
    dd 0xC32C, 0x9B54
    dd 0xC32D, 0x9B55
    dd 0xC32E, 0x9B56
    dd 0xC32F, 0x9B57
    dd 0xC330, 0x9B58
    dd 0xC331, 0x9B59
    dd 0xC332, 0x9B5A
    dd 0xC333, 0x9B61
    dd 0xC334, 0x9B62
    dd 0xC335, 0x9B63
    dd 0xC336, 0x9B64
    dd 0xC337, 0x9B65
    dd 0xC338, 0x9B66
    dd 0xC339, 0x9B67
    dd 0xC33A, 0x9B68
    dd 0xC33B, 0x9B69
    dd 0xC33C, 0x9B6A
    dd 0xC33D, 0x9B6B
    dd 0xC33E, 0x9B6C
    dd 0xC33F, 0x9B6D
    dd 0xC340, 0x9B6E
    dd 0xC341, 0x9B6F
    dd 0xC342, 0x9B70
    dd 0xC343, 0x9B71
    dd 0xC344, 0x9B72
    dd 0xC345, 0xBDE0
    dd 0xC346, 0x9B73
    dd 0xC347, 0x9B74
    dd 0xC348, 0x9B75
    dd 0xC349, 0x9B76
    dd 0xC34A, 0x9B77
    dd 0xC34B, 0x9B78
    dd 0xC34C, 0x9B79
    dd 0xC34D, 0x9B7A
    dd 0xC34E, 0x9B81
    dd 0xC34F, 0x9B82
    dd 0xC350, 0x9B83
    dd 0xC351, 0x9B84
    dd 0xC352, 0x9B85
    dd 0xC353, 0x9B86
    dd 0xC354, 0x9B87
    dd 0xC355, 0x9B88
    dd 0xC356, 0x9B89
    dd 0xC357, 0x9B8A
    dd 0xC358, 0x9B8B
    dd 0xC359, 0x9B8C
    dd 0xC35A, 0x9B8D
    dd 0xC35B, 0x9B8E
    dd 0xC35C, 0x9B8F
    dd 0xC35D, 0x9B90
    dd 0xC35E, 0x9B91
    dd 0xC35F, 0x9B92
    dd 0xC360, 0x9B93
    dd 0xC361, 0x9B94
    dd 0xC362, 0x9B95
    dd 0xC363, 0x9B96
    dd 0xC364, 0x9B97
    dd 0xC365, 0x9B98
    dd 0xC366, 0x9B99
    dd 0xC367, 0x9B9A
    dd 0xC368, 0xBDE1
    dd 0xC369, 0xBDE2
    dd 0xC36A, 0x9B9B
    dd 0xC36B, 0x9B9C
    dd 0xC36C, 0xBDE3
    dd 0xC36D, 0x9B9D
    dd 0xC36E, 0x9B9E
    dd 0xC36F, 0x9B9F
    dd 0xC370, 0xBDE4
    dd 0xC371, 0x9BA0
    dd 0xC372, 0xBDE5
    dd 0xC373, 0x9BA1
    dd 0xC374, 0x9BA2
    dd 0xC375, 0x9BA3
    dd 0xC376, 0x9BA4
    dd 0xC377, 0x9BA5
    dd 0xC378, 0xBDE6
    dd 0xC379, 0xBDE7
    dd 0xC37A, 0x9BA6
    dd 0xC37B, 0x9BA7
    dd 0xC37C, 0xBDE8
    dd 0xC37D, 0xBDE9
    dd 0xC37E, 0x9BA8
    dd 0xC37F, 0x9BA9
    dd 0xC380, 0x9BAA
    dd 0xC381, 0x9BAB
    dd 0xC382, 0x9BAC
    dd 0xC383, 0x9BAD
    dd 0xC384, 0xBDEA
    dd 0xC385, 0x9BAE
    dd 0xC386, 0x9BAF
    dd 0xC387, 0x9BB0
    dd 0xC388, 0xBDEB
    dd 0xC389, 0x9BB1
    dd 0xC38A, 0x9BB2
    dd 0xC38B, 0x9BB3
    dd 0xC38C, 0xBDEC
    dd 0xC38D, 0x9BB4
    dd 0xC38E, 0x9BB5
    dd 0xC38F, 0x9BB6
    dd 0xC390, 0x9BB7
    dd 0xC391, 0x9BB8
    dd 0xC392, 0x9BB9
    dd 0xC393, 0x9BBA
    dd 0xC394, 0x9BBB
    dd 0xC395, 0x9BBC
    dd 0xC396, 0x9BBD
    dd 0xC397, 0x9BBE
    dd 0xC398, 0x9BBF
    dd 0xC399, 0x9BC0
    dd 0xC39A, 0x9BC1
    dd 0xC39B, 0x9BC2
    dd 0xC39C, 0x9BC3
    dd 0xC39D, 0x9BC4
    dd 0xC39E, 0x9BC5
    dd 0xC39F, 0x9BC6
    dd 0xC3A0, 0x9BC7
    dd 0xC3A1, 0x9BC8
    dd 0xC3A2, 0x9BC9
    dd 0xC3A3, 0x9BCA
    dd 0xC3A4, 0x9BCB
    dd 0xC3A5, 0x9BCC
    dd 0xC3A6, 0x9BCD
    dd 0xC3A7, 0x9BCE
    dd 0xC3A8, 0x9BCF
    dd 0xC3A9, 0x9BD0
    dd 0xC3AA, 0x9BD1
    dd 0xC3AB, 0x9BD2
    dd 0xC3AC, 0x9BD3
    dd 0xC3AD, 0x9BD4
    dd 0xC3AE, 0x9BD5
    dd 0xC3AF, 0x9BD6
    dd 0xC3B0, 0x9BD7
    dd 0xC3B1, 0x9BD8
    dd 0xC3B2, 0x9BD9
    dd 0xC3B3, 0x9BDA
    dd 0xC3B4, 0x9BDB
    dd 0xC3B5, 0x9BDC
    dd 0xC3B6, 0x9BDD
    dd 0xC3B7, 0x9BDE
    dd 0xC3B8, 0x9BDF
    dd 0xC3B9, 0x9BE0
    dd 0xC3BA, 0x9BE1
    dd 0xC3BB, 0x9BE2
    dd 0xC3BC, 0x9BE3
    dd 0xC3BD, 0x9BE4
    dd 0xC3BE, 0x9BE5
    dd 0xC3BF, 0x9BE6
    dd 0xC3C0, 0xBDED
    dd 0xC3C1, 0x9BE7
    dd 0xC3C2, 0x9BE8
    dd 0xC3C3, 0x9BE9
    dd 0xC3C4, 0x9BEA
    dd 0xC3C5, 0x9BEB
    dd 0xC3C6, 0x9BEC
    dd 0xC3C7, 0x9BED
    dd 0xC3C8, 0x9BEE
    dd 0xC3C9, 0x9BEF
    dd 0xC3CA, 0x9BF0
    dd 0xC3CB, 0x9BF1
    dd 0xC3CC, 0x9BF2
    dd 0xC3CD, 0x9BF3
    dd 0xC3CE, 0x9BF4
    dd 0xC3CF, 0x9BF5
    dd 0xC3D0, 0x9BF6
    dd 0xC3D1, 0x9BF7
    dd 0xC3D2, 0x9BF8
    dd 0xC3D3, 0x9BF9
    dd 0xC3D4, 0x9BFA
    dd 0xC3D5, 0x9BFB
    dd 0xC3D6, 0x9BFC
    dd 0xC3D7, 0x9BFD
    dd 0xC3D8, 0xBDEE
    dd 0xC3D9, 0xBDEF
    dd 0xC3DA, 0x9BFE
    dd 0xC3DB, 0x9C41
    dd 0xC3DC, 0xBDF0
    dd 0xC3DD, 0x9C42
    dd 0xC3DE, 0x9C43
    dd 0xC3DF, 0xBDF1
    dd 0xC3E0, 0xBDF2
    dd 0xC3E1, 0x9C44
    dd 0xC3E2, 0xBDF3
    dd 0xC3E3, 0x9C45
    dd 0xC3E4, 0x9C46
    dd 0xC3E5, 0x9C47
    dd 0xC3E6, 0x9C48
    dd 0xC3E7, 0x9C49
    dd 0xC3E8, 0xBDF4
    dd 0xC3E9, 0xBDF5
    dd 0xC3EA, 0x9C4A
    dd 0xC3EB, 0x9C4B
    dd 0xC3EC, 0x9C4C
    dd 0xC3ED, 0xBDF6
    dd 0xC3EE, 0x9C4D
    dd 0xC3EF, 0x9C4E
    dd 0xC3F0, 0x9C4F
    dd 0xC3F1, 0x9C50
    dd 0xC3F2, 0x9C51
    dd 0xC3F3, 0x9C52
    dd 0xC3F4, 0xBDF7
    dd 0xC3F5, 0xBDF8
    dd 0xC3F6, 0x9C53
    dd 0xC3F7, 0x9C54
    dd 0xC3F8, 0xBDF9
    dd 0xC3F9, 0x9C55
    dd 0xC3FA, 0x9C56
    dd 0xC3FB, 0x9C57
    dd 0xC3FC, 0x9C58
    dd 0xC3FD, 0x9C59
    dd 0xC3FE, 0x9C5A
    dd 0xC3FF, 0x9C61
    dd 0xC400, 0x9C62
    dd 0xC401, 0x9C63
    dd 0xC402, 0x9C64
    dd 0xC403, 0x9C65
    dd 0xC404, 0x9C66
    dd 0xC405, 0x9C67
    dd 0xC406, 0x9C68
    dd 0xC407, 0x9C69
    dd 0xC408, 0xBDFA
    dd 0xC409, 0x9C6A
    dd 0xC40A, 0x9C6B
    dd 0xC40B, 0x9C6C
    dd 0xC40C, 0x9C6D
    dd 0xC40D, 0x9C6E
    dd 0xC40E, 0x9C6F
    dd 0xC40F, 0x9C70
    dd 0xC410, 0xBDFB
    dd 0xC411, 0x9C71
    dd 0xC412, 0x9C72
    dd 0xC413, 0x9C73
    dd 0xC414, 0x9C74
    dd 0xC415, 0x9C75
    dd 0xC416, 0x9C76
    dd 0xC417, 0x9C77
    dd 0xC418, 0x9C78
    dd 0xC419, 0x9C79
    dd 0xC41A, 0x9C7A
    dd 0xC41B, 0x9C81
    dd 0xC41C, 0x9C82
    dd 0xC41D, 0x9C83
    dd 0xC41E, 0x9C84
    dd 0xC41F, 0x9C85
    dd 0xC420, 0x9C86
    dd 0xC421, 0x9C87
    dd 0xC422, 0x9C88
    dd 0xC423, 0x9C89
    dd 0xC424, 0xBDFC
    dd 0xC425, 0x9C8A
    dd 0xC426, 0x9C8B
    dd 0xC427, 0x9C8C
    dd 0xC428, 0x9C8D
    dd 0xC429, 0x9C8E
    dd 0xC42A, 0x9C8F
    dd 0xC42B, 0x9C90
    dd 0xC42C, 0xBDFD
    dd 0xC42D, 0x9C91
    dd 0xC42E, 0x9C92
    dd 0xC42F, 0x9C93
    dd 0xC430, 0xBDFE
    dd 0xC431, 0x9C94
    dd 0xC432, 0x9C95
    dd 0xC433, 0x9C96
    dd 0xC434, 0xBEA1
    dd 0xC435, 0x9C97
    dd 0xC436, 0x9C98
    dd 0xC437, 0x9C99
    dd 0xC438, 0x9C9A
    dd 0xC439, 0x9C9B
    dd 0xC43A, 0x9C9C
    dd 0xC43B, 0x9C9D
    dd 0xC43C, 0xBEA2
    dd 0xC43D, 0xBEA3
    dd 0xC43E, 0x9C9E
    dd 0xC43F, 0x9C9F
    dd 0xC440, 0x9CA0
    dd 0xC441, 0x9CA1
    dd 0xC442, 0x9CA2
    dd 0xC443, 0x9CA3
    dd 0xC444, 0x9CA4
    dd 0xC445, 0x9CA5
    dd 0xC446, 0x9CA6
    dd 0xC447, 0x9CA7
    dd 0xC448, 0xBEA4
    dd 0xC449, 0x9CA8
    dd 0xC44A, 0x9CA9
    dd 0xC44B, 0x9CAA
    dd 0xC44C, 0x9CAB
    dd 0xC44D, 0x9CAC
    dd 0xC44E, 0x9CAD
    dd 0xC44F, 0x9CAE
    dd 0xC450, 0x9CAF
    dd 0xC451, 0x9CB0
    dd 0xC452, 0x9CB1
    dd 0xC453, 0x9CB2
    dd 0xC454, 0x9CB3
    dd 0xC455, 0x9CB4
    dd 0xC456, 0x9CB5
    dd 0xC457, 0x9CB6
    dd 0xC458, 0x9CB7
    dd 0xC459, 0x9CB8
    dd 0xC45A, 0x9CB9
    dd 0xC45B, 0x9CBA
    dd 0xC45C, 0x9CBB
    dd 0xC45D, 0x9CBC
    dd 0xC45E, 0x9CBD
    dd 0xC45F, 0x9CBE
    dd 0xC460, 0x9CBF
    dd 0xC461, 0x9CC0
    dd 0xC462, 0x9CC1
    dd 0xC463, 0x9CC2
    dd 0xC464, 0xBEA5
    dd 0xC465, 0xBEA6
    dd 0xC466, 0x9CC3
    dd 0xC467, 0x9CC4
    dd 0xC468, 0xBEA7
    dd 0xC469, 0x9CC5
    dd 0xC46A, 0x9CC6
    dd 0xC46B, 0x9CC7
    dd 0xC46C, 0xBEA8
    dd 0xC46D, 0x9CC8
    dd 0xC46E, 0x9CC9
    dd 0xC46F, 0x9CCA
    dd 0xC470, 0x9CCB
    dd 0xC471, 0x9CCC
    dd 0xC472, 0x9CCD
    dd 0xC473, 0x9CCE
    dd 0xC474, 0xBEA9
    dd 0xC475, 0xBEAA
    dd 0xC476, 0x9CCF
    dd 0xC477, 0x9CD0
    dd 0xC478, 0x9CD1
    dd 0xC479, 0xBEAB
    dd 0xC47A, 0x9CD2
    dd 0xC47B, 0x9CD3
    dd 0xC47C, 0x9CD4
    dd 0xC47D, 0x9CD5
    dd 0xC47E, 0x9CD6
    dd 0xC47F, 0x9CD7
    dd 0xC480, 0xBEAC
    dd 0xC481, 0x9CD8
    dd 0xC482, 0x9CD9
    dd 0xC483, 0x9CDA
    dd 0xC484, 0x9CDB
    dd 0xC485, 0x9CDC
    dd 0xC486, 0x9CDD
    dd 0xC487, 0x9CDE
    dd 0xC488, 0x9CDF
    dd 0xC489, 0x9CE0
    dd 0xC48A, 0x9CE1
    dd 0xC48B, 0x9CE2
    dd 0xC48C, 0x9CE3
    dd 0xC48D, 0x9CE4
    dd 0xC48E, 0x9CE5
    dd 0xC48F, 0x9CE6
    dd 0xC490, 0x9CE7
    dd 0xC491, 0x9CE8
    dd 0xC492, 0x9CE9
    dd 0xC493, 0x9CEA
    dd 0xC494, 0xBEAD
    dd 0xC495, 0x9CEB
    dd 0xC496, 0x9CEC
    dd 0xC497, 0x9CED
    dd 0xC498, 0x9CEE
    dd 0xC499, 0x9CEF
    dd 0xC49A, 0x9CF0
    dd 0xC49B, 0x9CF1
    dd 0xC49C, 0xBEAE
    dd 0xC49D, 0x9CF2
    dd 0xC49E, 0x9CF3
    dd 0xC49F, 0x9CF4
    dd 0xC4A0, 0x9CF5
    dd 0xC4A1, 0x9CF6
    dd 0xC4A2, 0x9CF7
    dd 0xC4A3, 0x9CF8
    dd 0xC4A4, 0x9CF9
    dd 0xC4A5, 0x9CFA
    dd 0xC4A6, 0x9CFB
    dd 0xC4A7, 0x9CFC
    dd 0xC4A8, 0x9CFD
    dd 0xC4A9, 0x9CFE
    dd 0xC4AA, 0x9D41
    dd 0xC4AB, 0x9D42
    dd 0xC4AC, 0x9D43
    dd 0xC4AD, 0x9D44
    dd 0xC4AE, 0x9D45
    dd 0xC4AF, 0x9D46
    dd 0xC4B0, 0x9D47
    dd 0xC4B1, 0x9D48
    dd 0xC4B2, 0x9D49
    dd 0xC4B3, 0x9D4A
    dd 0xC4B4, 0x9D4B
    dd 0xC4B5, 0x9D4C
    dd 0xC4B6, 0x9D4D
    dd 0xC4B7, 0x9D4E
    dd 0xC4B8, 0xBEAF
    dd 0xC4B9, 0x9D4F
    dd 0xC4BA, 0x9D50
    dd 0xC4BB, 0x9D51
    dd 0xC4BC, 0xBEB0
    dd 0xC4BD, 0x9D52
    dd 0xC4BE, 0x9D53
    dd 0xC4BF, 0x9D54
    dd 0xC4C0, 0x9D55
    dd 0xC4C1, 0x9D56
    dd 0xC4C2, 0x9D57
    dd 0xC4C3, 0x9D58
    dd 0xC4C4, 0x9D59
    dd 0xC4C5, 0x9D5A
    dd 0xC4C6, 0x9D61
    dd 0xC4C7, 0x9D62
    dd 0xC4C8, 0x9D63
    dd 0xC4C9, 0x9D64
    dd 0xC4CA, 0x9D65
    dd 0xC4CB, 0x9D66
    dd 0xC4CC, 0x9D67
    dd 0xC4CD, 0x9D68
    dd 0xC4CE, 0x9D69
    dd 0xC4CF, 0x9D6A
    dd 0xC4D0, 0x9D6B
    dd 0xC4D1, 0x9D6C
    dd 0xC4D2, 0x9D6D
    dd 0xC4D3, 0x9D6E
    dd 0xC4D4, 0x9D6F
    dd 0xC4D5, 0x9D70
    dd 0xC4D6, 0x9D71
    dd 0xC4D7, 0x9D72
    dd 0xC4D8, 0x9D73
    dd 0xC4D9, 0x9D74
    dd 0xC4DA, 0x9D75
    dd 0xC4DB, 0x9D76
    dd 0xC4DC, 0x9D77
    dd 0xC4DD, 0x9D78
    dd 0xC4DE, 0x9D79
    dd 0xC4DF, 0x9D7A
    dd 0xC4E0, 0x9D81
    dd 0xC4E1, 0x9D82
    dd 0xC4E2, 0x9D83
    dd 0xC4E3, 0x9D84
    dd 0xC4E4, 0x9D85
    dd 0xC4E5, 0x9D86
    dd 0xC4E6, 0x9D87
    dd 0xC4E7, 0x9D88
    dd 0xC4E8, 0x9D89
    dd 0xC4E9, 0xBEB1
    dd 0xC4EA, 0x9D8A
    dd 0xC4EB, 0x9D8B
    dd 0xC4EC, 0x9D8C
    dd 0xC4ED, 0x9D8D
    dd 0xC4EE, 0x9D8E
    dd 0xC4EF, 0x9D8F
    dd 0xC4F0, 0xBEB2
    dd 0xC4F1, 0xBEB3
    dd 0xC4F2, 0x9D90
    dd 0xC4F3, 0x9D91
    dd 0xC4F4, 0xBEB4
    dd 0xC4F5, 0x9D92
    dd 0xC4F6, 0x9D93
    dd 0xC4F7, 0x9D94
    dd 0xC4F8, 0xBEB5
    dd 0xC4F9, 0x9D95
    dd 0xC4FA, 0xBEB6
    dd 0xC4FB, 0x9D96
    dd 0xC4FC, 0x9D97
    dd 0xC4FD, 0x9D98
    dd 0xC4FE, 0x9D99
    dd 0xC4FF, 0xBEB7
    dd 0xC500, 0xBEB8
    dd 0xC501, 0xBEB9
    dd 0xC502, 0x9D9A
    dd 0xC503, 0x9D9B
    dd 0xC504, 0x9D9C
    dd 0xC505, 0x9D9D
    dd 0xC506, 0x9D9E
    dd 0xC507, 0x9D9F
    dd 0xC508, 0x9DA0
    dd 0xC509, 0x9DA1
    dd 0xC50A, 0x9DA2
    dd 0xC50B, 0x9DA3
    dd 0xC50C, 0xBEBA
    dd 0xC50D, 0x9DA4
    dd 0xC50E, 0x9DA5
    dd 0xC50F, 0x9DA6
    dd 0xC510, 0xBEBB
    dd 0xC511, 0x9DA7
    dd 0xC512, 0x9DA8
    dd 0xC513, 0x9DA9
    dd 0xC514, 0xBEBC
    dd 0xC515, 0x9DAA
    dd 0xC516, 0x9DAB
    dd 0xC517, 0x9DAC
    dd 0xC518, 0x9DAD
    dd 0xC519, 0x9DAE
    dd 0xC51A, 0x9DAF
    dd 0xC51B, 0x9DB0
    dd 0xC51C, 0xBEBD
    dd 0xC51D, 0x9DB1
    dd 0xC51E, 0x9DB2
    dd 0xC51F, 0x9DB3
    dd 0xC520, 0x9DB4
    dd 0xC521, 0x9DB5
    dd 0xC522, 0x9DB6
    dd 0xC523, 0x9DB7
    dd 0xC524, 0x9DB8
    dd 0xC525, 0x9DB9
    dd 0xC526, 0x9DBA
    dd 0xC527, 0x9DBB
    dd 0xC528, 0xBEBE
    dd 0xC529, 0xBEBF
    dd 0xC52A, 0x9DBC
    dd 0xC52B, 0x9DBD
    dd 0xC52C, 0xBEC0
    dd 0xC52D, 0x9DBE
    dd 0xC52E, 0x9DBF
    dd 0xC52F, 0x9DC0
    dd 0xC530, 0xBEC1
    dd 0xC531, 0x9DC1
    dd 0xC532, 0x9DC2
    dd 0xC533, 0x9DC3
    dd 0xC534, 0x9DC4
    dd 0xC535, 0x9DC5
    dd 0xC536, 0x9DC6
    dd 0xC537, 0x9DC7
    dd 0xC538, 0xBEC2
    dd 0xC539, 0xBEC3
    dd 0xC53A, 0x9DC8
    dd 0xC53B, 0xBEC4
    dd 0xC53C, 0x9DC9
    dd 0xC53D, 0xBEC5
    dd 0xC53E, 0x9DCA
    dd 0xC53F, 0x9DCB
    dd 0xC540, 0x9DCC
    dd 0xC541, 0x9DCD
    dd 0xC542, 0x9DCE
    dd 0xC543, 0x9DCF
    dd 0xC544, 0xBEC6
    dd 0xC545, 0xBEC7
    dd 0xC546, 0x9DD0
    dd 0xC547, 0x9DD1
    dd 0xC548, 0xBEC8
    dd 0xC549, 0xBEC9
    dd 0xC54A, 0xBECA
    dd 0xC54B, 0x9DD2
    dd 0xC54C, 0xBECB
    dd 0xC54D, 0xBECC
    dd 0xC54E, 0xBECD
    dd 0xC54F, 0x9DD3
    dd 0xC550, 0x9DD4
    dd 0xC551, 0x9DD5
    dd 0xC552, 0x9DD6
    dd 0xC553, 0xBECE
    dd 0xC554, 0xBECF
    dd 0xC555, 0xBED0
    dd 0xC556, 0x9DD7
    dd 0xC557, 0xBED1
    dd 0xC558, 0xBED2
    dd 0xC559, 0xBED3
    dd 0xC55A, 0x9DD8
    dd 0xC55B, 0x9DD9
    dd 0xC55C, 0x9DDA
    dd 0xC55D, 0xBED4
    dd 0xC55E, 0xBED5
    dd 0xC55F, 0x9DDB
    dd 0xC560, 0xBED6
    dd 0xC561, 0xBED7
    dd 0xC562, 0x9DDC
    dd 0xC563, 0x9DDD
    dd 0xC564, 0xBED8
    dd 0xC565, 0x9DDE
    dd 0xC566, 0x9DDF
    dd 0xC567, 0x9DE0
    dd 0xC568, 0xBED9
    dd 0xC569, 0x9DE1
    dd 0xC56A, 0x9DE2
    dd 0xC56B, 0x9DE3
    dd 0xC56C, 0x9DE4
    dd 0xC56D, 0x9DE5
    dd 0xC56E, 0x9DE6
    dd 0xC56F, 0x9DE7
    dd 0xC570, 0xBEDA
    dd 0xC571, 0xBEDB
    dd 0xC572, 0x9DE8
    dd 0xC573, 0xBEDC
    dd 0xC574, 0xBEDD
    dd 0xC575, 0xBEDE
    dd 0xC576, 0x9DE9
    dd 0xC577, 0x9DEA
    dd 0xC578, 0x9DEB
    dd 0xC579, 0x9DEC
    dd 0xC57A, 0x9DED
    dd 0xC57B, 0x9DEE
    dd 0xC57C, 0xBEDF
    dd 0xC57D, 0xBEE0
    dd 0xC57E, 0x9DEF
    dd 0xC57F, 0x9DF0
    dd 0xC580, 0xBEE1
    dd 0xC581, 0x9DF1
    dd 0xC582, 0x9DF2
    dd 0xC583, 0x9DF3
    dd 0xC584, 0xBEE2
    dd 0xC585, 0x9DF4
    dd 0xC586, 0x9DF5
    dd 0xC587, 0xBEE3
    dd 0xC588, 0x9DF6
    dd 0xC589, 0x9DF7
    dd 0xC58A, 0x9DF8
    dd 0xC58B, 0x9DF9
    dd 0xC58C, 0xBEE4
    dd 0xC58D, 0xBEE5
    dd 0xC58E, 0x9DFA
    dd 0xC58F, 0xBEE6
    dd 0xC590, 0x9DFB
    dd 0xC591, 0xBEE7
    dd 0xC592, 0x9DFC
    dd 0xC593, 0x9DFD
    dd 0xC594, 0x9DFE
    dd 0xC595, 0xBEE8
    dd 0xC596, 0x9E41
    dd 0xC597, 0xBEE9
    dd 0xC598, 0xBEEA
    dd 0xC599, 0x9E42
    dd 0xC59A, 0x9E43
    dd 0xC59B, 0x9E44
    dd 0xC59C, 0xBEEB
    dd 0xC59D, 0x9E45
    dd 0xC59E, 0x9E46
    dd 0xC59F, 0x9E47
    dd 0xC5A0, 0xBEEC
    dd 0xC5A1, 0x9E48
    dd 0xC5A2, 0x9E49
    dd 0xC5A3, 0x9E4A
    dd 0xC5A4, 0x9E4B
    dd 0xC5A5, 0x9E4C
    dd 0xC5A6, 0x9E4D
    dd 0xC5A7, 0x9E4E
    dd 0xC5A8, 0x9E4F
    dd 0xC5A9, 0xBEED
    dd 0xC5AA, 0x9E50
    dd 0xC5AB, 0x9E51
    dd 0xC5AC, 0x9E52
    dd 0xC5AD, 0x9E53
    dd 0xC5AE, 0x9E54
    dd 0xC5AF, 0x9E55
    dd 0xC5B0, 0x9E56
    dd 0xC5B1, 0x9E57
    dd 0xC5B2, 0x9E58
    dd 0xC5B3, 0x9E59
    dd 0xC5B4, 0xBEEE
    dd 0xC5B5, 0xBEEF
    dd 0xC5B6, 0x9E5A
    dd 0xC5B7, 0x9E61
    dd 0xC5B8, 0xBEF0
    dd 0xC5B9, 0xBEF1
    dd 0xC5BA, 0x9E62
    dd 0xC5BB, 0xBEF2
    dd 0xC5BC, 0xBEF3
    dd 0xC5BD, 0xBEF4
    dd 0xC5BE, 0xBEF5
    dd 0xC5BF, 0x9E63
    dd 0xC5C0, 0x9E64
    dd 0xC5C1, 0x9E65
    dd 0xC5C2, 0x9E66
    dd 0xC5C3, 0x9E67
    dd 0xC5C4, 0xBEF6
    dd 0xC5C5, 0xBEF7
    dd 0xC5C6, 0xBEF8
    dd 0xC5C7, 0xBEF9
    dd 0xC5C8, 0xBEFA
    dd 0xC5C9, 0xBEFB
    dd 0xC5CA, 0xBEFC
    dd 0xC5CB, 0x9E68
    dd 0xC5CC, 0xBEFD
    dd 0xC5CD, 0x9E69
    dd 0xC5CE, 0xBEFE
    dd 0xC5CF, 0x9E6A
    dd 0xC5D0, 0xBFA1
    dd 0xC5D1, 0xBFA2
    dd 0xC5D2, 0x9E6B
    dd 0xC5D3, 0x9E6C
    dd 0xC5D4, 0xBFA3
    dd 0xC5D5, 0x9E6D
    dd 0xC5D6, 0x9E6E
    dd 0xC5D7, 0x9E6F
    dd 0xC5D8, 0xBFA4
    dd 0xC5D9, 0x9E70
    dd 0xC5DA, 0x9E71
    dd 0xC5DB, 0x9E72
    dd 0xC5DC, 0x9E73
    dd 0xC5DD, 0x9E74
    dd 0xC5DE, 0x9E75
    dd 0xC5DF, 0x9E76
    dd 0xC5E0, 0xBFA5
    dd 0xC5E1, 0xBFA6
    dd 0xC5E2, 0x9E77
    dd 0xC5E3, 0xBFA7
    dd 0xC5E4, 0x9E78
    dd 0xC5E5, 0xBFA8
    dd 0xC5E6, 0x9E79
    dd 0xC5E7, 0x9E7A
    dd 0xC5E8, 0x9E81
    dd 0xC5E9, 0x9E82
    dd 0xC5EA, 0x9E83
    dd 0xC5EB, 0x9E84
    dd 0xC5EC, 0xBFA9
    dd 0xC5ED, 0xBFAA
    dd 0xC5EE, 0xBFAB
    dd 0xC5EF, 0x9E85
    dd 0xC5F0, 0xBFAC
    dd 0xC5F1, 0x9E86
    dd 0xC5F2, 0x9E87
    dd 0xC5F3, 0x9E88
    dd 0xC5F4, 0xBFAD
    dd 0xC5F5, 0x9E89
    dd 0xC5F6, 0xBFAE
    dd 0xC5F7, 0xBFAF
    dd 0xC5F8, 0x9E8A
    dd 0xC5F9, 0x9E8B
    dd 0xC5FA, 0x9E8C
    dd 0xC5FB, 0x9E8D
    dd 0xC5FC, 0xBFB0
    dd 0xC5FD, 0xBFB1
    dd 0xC5FE, 0xBFB2
    dd 0xC5FF, 0xBFB3
    dd 0xC600, 0xBFB4
    dd 0xC601, 0xBFB5
    dd 0xC602, 0x9E8E
    dd 0xC603, 0x9E8F
    dd 0xC604, 0x9E90
    dd 0xC605, 0xBFB6
    dd 0xC606, 0xBFB7
    dd 0xC607, 0xBFB8
    dd 0xC608, 0xBFB9
    dd 0xC609, 0x9E91
    dd 0xC60A, 0x9E92
    dd 0xC60B, 0x9E93
    dd 0xC60C, 0xBFBA
    dd 0xC60D, 0x9E94
    dd 0xC60E, 0x9E95
    dd 0xC60F, 0x9E96
    dd 0xC610, 0xBFBB
    dd 0xC611, 0x9E97
    dd 0xC612, 0x9E98
    dd 0xC613, 0x9E99
    dd 0xC614, 0x9E9A
    dd 0xC615, 0x9E9B
    dd 0xC616, 0x9E9C
    dd 0xC617, 0x9E9D
    dd 0xC618, 0xBFBC
    dd 0xC619, 0xBFBD
    dd 0xC61A, 0x9E9E
    dd 0xC61B, 0xBFBE
    dd 0xC61C, 0xBFBF
    dd 0xC61D, 0x9E9F
    dd 0xC61E, 0x9EA0
    dd 0xC61F, 0x9EA1
    dd 0xC620, 0x9EA2
    dd 0xC621, 0x9EA3
    dd 0xC622, 0x9EA4
    dd 0xC623, 0x9EA5
    dd 0xC624, 0xBFC0
    dd 0xC625, 0xBFC1
    dd 0xC626, 0x9EA6
    dd 0xC627, 0x9EA7
    dd 0xC628, 0xBFC2
    dd 0xC629, 0x9EA8
    dd 0xC62A, 0x9EA9
    dd 0xC62B, 0x9EAA
    dd 0xC62C, 0xBFC3
    dd 0xC62D, 0xBFC4
    dd 0xC62E, 0xBFC5
    dd 0xC62F, 0x9EAB
    dd 0xC630, 0xBFC6
    dd 0xC631, 0x9EAC
    dd 0xC632, 0x9EAD
    dd 0xC633, 0xBFC7
    dd 0xC634, 0xBFC8
    dd 0xC635, 0xBFC9
    dd 0xC636, 0x9EAE
    dd 0xC637, 0xBFCA
    dd 0xC638, 0x9EAF
    dd 0xC639, 0xBFCB
    dd 0xC63A, 0x9EB0
    dd 0xC63B, 0xBFCC
    dd 0xC63C, 0x9EB1
    dd 0xC63D, 0x9EB2
    dd 0xC63E, 0x9EB3
    dd 0xC63F, 0x9EB4
    dd 0xC640, 0xBFCD
    dd 0xC641, 0xBFCE
    dd 0xC642, 0x9EB5
    dd 0xC643, 0x9EB6
    dd 0xC644, 0xBFCF
    dd 0xC645, 0x9EB7
    dd 0xC646, 0x9EB8
    dd 0xC647, 0x9EB9
    dd 0xC648, 0xBFD0
    dd 0xC649, 0x9EBA
    dd 0xC64A, 0x9EBB
    dd 0xC64B, 0x9EBC
    dd 0xC64C, 0x9EBD
    dd 0xC64D, 0x9EBE
    dd 0xC64E, 0x9EBF
    dd 0xC64F, 0x9EC0
    dd 0xC650, 0xBFD1
    dd 0xC651, 0xBFD2
    dd 0xC652, 0x9EC1
    dd 0xC653, 0xBFD3
    dd 0xC654, 0xBFD4
    dd 0xC655, 0xBFD5
    dd 0xC656, 0x9EC2
    dd 0xC657, 0x9EC3
    dd 0xC658, 0x9EC4
    dd 0xC659, 0x9EC5
    dd 0xC65A, 0x9EC6
    dd 0xC65B, 0x9EC7
    dd 0xC65C, 0xBFD6
    dd 0xC65D, 0xBFD7
    dd 0xC65E, 0x9EC8
    dd 0xC65F, 0x9EC9
    dd 0xC660, 0xBFD8
    dd 0xC661, 0x9ECA
    dd 0xC662, 0x9ECB
    dd 0xC663, 0x9ECC
    dd 0xC664, 0x9ECD
    dd 0xC665, 0x9ECE
    dd 0xC666, 0x9ECF
    dd 0xC667, 0x9ED0
    dd 0xC668, 0x9ED1
    dd 0xC669, 0x9ED2
    dd 0xC66A, 0x9ED3
    dd 0xC66B, 0x9ED4
    dd 0xC66C, 0xBFD9
    dd 0xC66D, 0x9ED5
    dd 0xC66E, 0x9ED6
    dd 0xC66F, 0xBFDA
    dd 0xC670, 0x9ED7
    dd 0xC671, 0xBFDB
    dd 0xC672, 0x9ED8
    dd 0xC673, 0x9ED9
    dd 0xC674, 0x9EDA
    dd 0xC675, 0x9EDB
    dd 0xC676, 0x9EDC
    dd 0xC677, 0x9EDD
    dd 0xC678, 0xBFDC
    dd 0xC679, 0xBFDD
    dd 0xC67A, 0x9EDE
    dd 0xC67B, 0x9EDF
    dd 0xC67C, 0xBFDE
    dd 0xC67D, 0x9EE0
    dd 0xC67E, 0x9EE1
    dd 0xC67F, 0x9EE2
    dd 0xC680, 0xBFDF
    dd 0xC681, 0x9EE3
    dd 0xC682, 0x9EE4
    dd 0xC683, 0x9EE5
    dd 0xC684, 0x9EE6
    dd 0xC685, 0x9EE7
    dd 0xC686, 0x9EE8
    dd 0xC687, 0x9EE9
    dd 0xC688, 0xBFE0
    dd 0xC689, 0xBFE1
    dd 0xC68A, 0x9EEA
    dd 0xC68B, 0xBFE2
    dd 0xC68C, 0x9EEB
    dd 0xC68D, 0xBFE3
    dd 0xC68E, 0x9EEC
    dd 0xC68F, 0x9EED
    dd 0xC690, 0x9EEE
    dd 0xC691, 0x9EEF
    dd 0xC692, 0x9EF0
    dd 0xC693, 0x9EF1
    dd 0xC694, 0xBFE4
    dd 0xC695, 0xBFE5
    dd 0xC696, 0x9EF2
    dd 0xC697, 0x9EF3
    dd 0xC698, 0xBFE6
    dd 0xC699, 0x9EF4
    dd 0xC69A, 0x9EF5
    dd 0xC69B, 0x9EF6
    dd 0xC69C, 0xBFE7
    dd 0xC69D, 0x9EF7
    dd 0xC69E, 0x9EF8
    dd 0xC69F, 0x9EF9
    dd 0xC6A0, 0x9EFA
    dd 0xC6A1, 0x9EFB
    dd 0xC6A2, 0x9EFC
    dd 0xC6A3, 0x9EFD
    dd 0xC6A4, 0xBFE8
    dd 0xC6A5, 0xBFE9
    dd 0xC6A6, 0x9EFE
    dd 0xC6A7, 0xBFEA
    dd 0xC6A8, 0x9F41
    dd 0xC6A9, 0xBFEB
    dd 0xC6AA, 0x9F42
    dd 0xC6AB, 0x9F43
    dd 0xC6AC, 0x9F44
    dd 0xC6AD, 0x9F45
    dd 0xC6AE, 0x9F46
    dd 0xC6AF, 0x9F47
    dd 0xC6B0, 0xBFEC
    dd 0xC6B1, 0xBFED
    dd 0xC6B2, 0x9F48
    dd 0xC6B3, 0x9F49
    dd 0xC6B4, 0xBFEE
    dd 0xC6B5, 0x9F4A
    dd 0xC6B6, 0x9F4B
    dd 0xC6B7, 0x9F4C
    dd 0xC6B8, 0xBFEF
    dd 0xC6B9, 0xBFF0
    dd 0xC6BA, 0xBFF1
    dd 0xC6BB, 0x9F4D
    dd 0xC6BC, 0x9F4E
    dd 0xC6BD, 0x9F4F
    dd 0xC6BE, 0x9F50
    dd 0xC6BF, 0x9F51
    dd 0xC6C0, 0xBFF2
    dd 0xC6C1, 0xBFF3
    dd 0xC6C2, 0x9F52
    dd 0xC6C3, 0xBFF4
    dd 0xC6C4, 0x9F53
    dd 0xC6C5, 0xBFF5
    dd 0xC6C6, 0x9F54
    dd 0xC6C7, 0x9F55
    dd 0xC6C8, 0x9F56
    dd 0xC6C9, 0x9F57
    dd 0xC6CA, 0x9F58
    dd 0xC6CB, 0x9F59
    dd 0xC6CC, 0xBFF6
    dd 0xC6CD, 0xBFF7
    dd 0xC6CE, 0x9F5A
    dd 0xC6CF, 0x9F61
    dd 0xC6D0, 0xBFF8
    dd 0xC6D1, 0x9F62
    dd 0xC6D2, 0x9F63
    dd 0xC6D3, 0x9F64
    dd 0xC6D4, 0xBFF9
    dd 0xC6D5, 0x9F65
    dd 0xC6D6, 0x9F66
    dd 0xC6D7, 0x9F67
    dd 0xC6D8, 0x9F68
    dd 0xC6D9, 0x9F69
    dd 0xC6DA, 0x9F6A
    dd 0xC6DB, 0x9F6B
    dd 0xC6DC, 0xBFFA
    dd 0xC6DD, 0xBFFB
    dd 0xC6DE, 0x9F6C
    dd 0xC6DF, 0x9F6D
    dd 0xC6E0, 0xBFFC
    dd 0xC6E1, 0xBFFD
    dd 0xC6E2, 0x9F6E
    dd 0xC6E3, 0x9F6F
    dd 0xC6E4, 0x9F70
    dd 0xC6E5, 0x9F71
    dd 0xC6E6, 0x9F72
    dd 0xC6E7, 0x9F73
    dd 0xC6E8, 0xBFFE
    dd 0xC6E9, 0xC0A1
    dd 0xC6EA, 0x9F74
    dd 0xC6EB, 0x9F75
    dd 0xC6EC, 0xC0A2
    dd 0xC6ED, 0x9F76
    dd 0xC6EE, 0x9F77
    dd 0xC6EF, 0x9F78
    dd 0xC6F0, 0xC0A3
    dd 0xC6F1, 0x9F79
    dd 0xC6F2, 0x9F7A
    dd 0xC6F3, 0x9F81
    dd 0xC6F4, 0x9F82
    dd 0xC6F5, 0x9F83
    dd 0xC6F6, 0x9F84
    dd 0xC6F7, 0x9F85
    dd 0xC6F8, 0xC0A4
    dd 0xC6F9, 0xC0A5
    dd 0xC6FA, 0x9F86
    dd 0xC6FB, 0x9F87
    dd 0xC6FC, 0x9F88
    dd 0xC6FD, 0xC0A6
    dd 0xC6FE, 0x9F89
    dd 0xC6FF, 0x9F8A
    dd 0xC700, 0x9F8B
    dd 0xC701, 0x9F8C
    dd 0xC702, 0x9F8D
    dd 0xC703, 0x9F8E
    dd 0xC704, 0xC0A7
    dd 0xC705, 0xC0A8
    dd 0xC706, 0x9F8F
    dd 0xC707, 0x9F90
    dd 0xC708, 0xC0A9
    dd 0xC709, 0x9F91
    dd 0xC70A, 0x9F92
    dd 0xC70B, 0x9F93
    dd 0xC70C, 0xC0AA
    dd 0xC70D, 0x9F94
    dd 0xC70E, 0x9F95
    dd 0xC70F, 0x9F96
    dd 0xC710, 0x9F97
    dd 0xC711, 0x9F98
    dd 0xC712, 0x9F99
    dd 0xC713, 0x9F9A
    dd 0xC714, 0xC0AB
    dd 0xC715, 0xC0AC
    dd 0xC716, 0x9F9B
    dd 0xC717, 0xC0AD
    dd 0xC718, 0x9F9C
    dd 0xC719, 0xC0AE
    dd 0xC71A, 0x9F9D
    dd 0xC71B, 0x9F9E
    dd 0xC71C, 0x9F9F
    dd 0xC71D, 0x9FA0
    dd 0xC71E, 0x9FA1
    dd 0xC71F, 0x9FA2
    dd 0xC720, 0xC0AF
    dd 0xC721, 0xC0B0
    dd 0xC722, 0x9FA3
    dd 0xC723, 0x9FA4
    dd 0xC724, 0xC0B1
    dd 0xC725, 0x9FA5
    dd 0xC726, 0x9FA6
    dd 0xC727, 0x9FA7
    dd 0xC728, 0xC0B2
    dd 0xC729, 0x9FA8
    dd 0xC72A, 0x9FA9
    dd 0xC72B, 0x9FAA
    dd 0xC72C, 0x9FAB
    dd 0xC72D, 0x9FAC
    dd 0xC72E, 0x9FAD
    dd 0xC72F, 0x9FAE
    dd 0xC730, 0xC0B3
    dd 0xC731, 0xC0B4
    dd 0xC732, 0x9FAF
    dd 0xC733, 0xC0B5
    dd 0xC734, 0x9FB0
    dd 0xC735, 0xC0B6
    dd 0xC736, 0x9FB1
    dd 0xC737, 0xC0B7
    dd 0xC738, 0x9FB2
    dd 0xC739, 0x9FB3
    dd 0xC73A, 0x9FB4
    dd 0xC73B, 0x9FB5
    dd 0xC73C, 0xC0B8
    dd 0xC73D, 0xC0B9
    dd 0xC73E, 0x9FB6
    dd 0xC73F, 0x9FB7
    dd 0xC740, 0xC0BA
    dd 0xC741, 0x9FB8
    dd 0xC742, 0x9FB9
    dd 0xC743, 0x9FBA
    dd 0xC744, 0xC0BB
    dd 0xC745, 0x9FBB
    dd 0xC746, 0x9FBC
    dd 0xC747, 0x9FBD
    dd 0xC748, 0x9FBE
    dd 0xC749, 0x9FBF
    dd 0xC74A, 0xC0BC
    dd 0xC74B, 0x9FC0
    dd 0xC74C, 0xC0BD
    dd 0xC74D, 0xC0BE
    dd 0xC74E, 0x9FC1
    dd 0xC74F, 0xC0BF
    dd 0xC750, 0x9FC2
    dd 0xC751, 0xC0C0
    dd 0xC752, 0xC0C1
    dd 0xC753, 0xC0C2
    dd 0xC754, 0xC0C3
    dd 0xC755, 0xC0C4
    dd 0xC756, 0xC0C5
    dd 0xC757, 0xC0C6
    dd 0xC758, 0xC0C7
    dd 0xC759, 0x9FC3
    dd 0xC75A, 0x9FC4
    dd 0xC75B, 0x9FC5
    dd 0xC75C, 0xC0C8
    dd 0xC75D, 0x9FC6
    dd 0xC75E, 0x9FC7
    dd 0xC75F, 0x9FC8
    dd 0xC760, 0xC0C9
    dd 0xC761, 0x9FC9
    dd 0xC762, 0x9FCA
    dd 0xC763, 0x9FCB
    dd 0xC764, 0x9FCC
    dd 0xC765, 0x9FCD
    dd 0xC766, 0x9FCE
    dd 0xC767, 0x9FCF
    dd 0xC768, 0xC0CA
    dd 0xC769, 0x9FD0
    dd 0xC76A, 0x9FD1
    dd 0xC76B, 0xC0CB
    dd 0xC76C, 0x9FD2
    dd 0xC76D, 0x9FD3
    dd 0xC76E, 0x9FD4
    dd 0xC76F, 0x9FD5
    dd 0xC770, 0x9FD6
    dd 0xC771, 0x9FD7
    dd 0xC772, 0x9FD8
    dd 0xC773, 0x9FD9
    dd 0xC774, 0xC0CC
    dd 0xC775, 0xC0CD
    dd 0xC776, 0x9FDA
    dd 0xC777, 0x9FDB
    dd 0xC778, 0xC0CE
    dd 0xC779, 0x9FDC
    dd 0xC77A, 0x9FDD
    dd 0xC77B, 0x9FDE
    dd 0xC77C, 0xC0CF
    dd 0xC77D, 0xC0D0
    dd 0xC77E, 0xC0D1
    dd 0xC77F, 0x9FDF
    dd 0xC780, 0x9FE0
    dd 0xC781, 0x9FE1
    dd 0xC782, 0x9FE2
    dd 0xC783, 0xC0D2
    dd 0xC784, 0xC0D3
    dd 0xC785, 0xC0D4
    dd 0xC786, 0x9FE3
    dd 0xC787, 0xC0D5
    dd 0xC788, 0xC0D6
    dd 0xC789, 0xC0D7
    dd 0xC78A, 0xC0D8
    dd 0xC78B, 0x9FE4
    dd 0xC78C, 0x9FE5
    dd 0xC78D, 0x9FE6
    dd 0xC78E, 0xC0D9
    dd 0xC78F, 0x9FE7
    dd 0xC790, 0xC0DA
    dd 0xC791, 0xC0DB
    dd 0xC792, 0x9FE8
    dd 0xC793, 0x9FE9
    dd 0xC794, 0xC0DC
    dd 0xC795, 0x9FEA
    dd 0xC796, 0xC0DD
    dd 0xC797, 0xC0DE
    dd 0xC798, 0xC0DF
    dd 0xC799, 0x9FEB
    dd 0xC79A, 0xC0E0
    dd 0xC79B, 0x9FEC
    dd 0xC79C, 0x9FED
    dd 0xC79D, 0x9FEE
    dd 0xC79E, 0x9FEF
    dd 0xC79F, 0x9FF0
    dd 0xC7A0, 0xC0E1
    dd 0xC7A1, 0xC0E2
    dd 0xC7A2, 0x9FF1
    dd 0xC7A3, 0xC0E3
    dd 0xC7A4, 0xC0E4
    dd 0xC7A5, 0xC0E5
    dd 0xC7A6, 0xC0E6
    dd 0xC7A7, 0x9FF2
    dd 0xC7A8, 0x9FF3
    dd 0xC7A9, 0x9FF4
    dd 0xC7AA, 0x9FF5
    dd 0xC7AB, 0x9FF6
    dd 0xC7AC, 0xC0E7
    dd 0xC7AD, 0xC0E8
    dd 0xC7AE, 0x9FF7
    dd 0xC7AF, 0x9FF8
    dd 0xC7B0, 0xC0E9
    dd 0xC7B1, 0x9FF9
    dd 0xC7B2, 0x9FFA
    dd 0xC7B3, 0x9FFB
    dd 0xC7B4, 0xC0EA
    dd 0xC7B5, 0x9FFC
    dd 0xC7B6, 0x9FFD
    dd 0xC7B7, 0x9FFE
    dd 0xC7B8, 0xA041
    dd 0xC7B9, 0xA042
    dd 0xC7BA, 0xA043
    dd 0xC7BB, 0xA044
    dd 0xC7BC, 0xC0EB
    dd 0xC7BD, 0xC0EC
    dd 0xC7BE, 0xA045
    dd 0xC7BF, 0xC0ED
    dd 0xC7C0, 0xC0EE
    dd 0xC7C1, 0xC0EF
    dd 0xC7C2, 0xA046
    dd 0xC7C3, 0xA047
    dd 0xC7C4, 0xA048
    dd 0xC7C5, 0xA049
    dd 0xC7C6, 0xA04A
    dd 0xC7C7, 0xA04B
    dd 0xC7C8, 0xC0F0
    dd 0xC7C9, 0xC0F1
    dd 0xC7CA, 0xA04C
    dd 0xC7CB, 0xA04D
    dd 0xC7CC, 0xC0F2
    dd 0xC7CD, 0xA04E
    dd 0xC7CE, 0xC0F3
    dd 0xC7CF, 0xA04F
    dd 0xC7D0, 0xC0F4
    dd 0xC7D1, 0xA050
    dd 0xC7D2, 0xA051
    dd 0xC7D3, 0xA052
    dd 0xC7D4, 0xA053
    dd 0xC7D5, 0xA054
    dd 0xC7D6, 0xA055
    dd 0xC7D7, 0xA056
    dd 0xC7D8, 0xC0F5
    dd 0xC7D9, 0xA057
    dd 0xC7DA, 0xA058
    dd 0xC7DB, 0xA059
    dd 0xC7DC, 0xA05A
    dd 0xC7DD, 0xC0F6
    dd 0xC7DE, 0xA061
    dd 0xC7DF, 0xA062
    dd 0xC7E0, 0xA063
    dd 0xC7E1, 0xA064
    dd 0xC7E2, 0xA065
    dd 0xC7E3, 0xA066
    dd 0xC7E4, 0xC0F7
    dd 0xC7E5, 0xA067
    dd 0xC7E6, 0xA068
    dd 0xC7E7, 0xA069
    dd 0xC7E8, 0xC0F8
    dd 0xC7E9, 0xA06A
    dd 0xC7EA, 0xA06B
    dd 0xC7EB, 0xA06C
    dd 0xC7EC, 0xC0F9
    dd 0xC7ED, 0xA06D
    dd 0xC7EE, 0xA06E
    dd 0xC7EF, 0xA06F
    dd 0xC7F0, 0xA070
    dd 0xC7F1, 0xA071
    dd 0xC7F2, 0xA072
    dd 0xC7F3, 0xA073
    dd 0xC7F4, 0xA074
    dd 0xC7F5, 0xA075
    dd 0xC7F6, 0xA076
    dd 0xC7F7, 0xA077
    dd 0xC7F8, 0xA078
    dd 0xC7F9, 0xA079
    dd 0xC7FA, 0xA07A
    dd 0xC7FB, 0xA081
    dd 0xC7FC, 0xA082
    dd 0xC7FD, 0xA083
    dd 0xC7FE, 0xA084
    dd 0xC7FF, 0xA085
    dd 0xC800, 0xC0FA
    dd 0xC801, 0xC0FB
    dd 0xC802, 0xA086
    dd 0xC803, 0xA087
    dd 0xC804, 0xC0FC
    dd 0xC805, 0xA088
    dd 0xC806, 0xA089
    dd 0xC807, 0xA08A
    dd 0xC808, 0xC0FD
    dd 0xC809, 0xA08B
    dd 0xC80A, 0xC0FE
    dd 0xC80B, 0xA08C
    dd 0xC80C, 0xA08D
    dd 0xC80D, 0xA08E
    dd 0xC80E, 0xA08F
    dd 0xC80F, 0xA090
    dd 0xC810, 0xC1A1
    dd 0xC811, 0xC1A2
    dd 0xC812, 0xA091
    dd 0xC813, 0xC1A3
    dd 0xC814, 0xA092
    dd 0xC815, 0xC1A4
    dd 0xC816, 0xC1A5
    dd 0xC817, 0xA093
    dd 0xC818, 0xA094
    dd 0xC819, 0xA095
    dd 0xC81A, 0xA096
    dd 0xC81B, 0xA097
    dd 0xC81C, 0xC1A6
    dd 0xC81D, 0xC1A7
    dd 0xC81E, 0xA098
    dd 0xC81F, 0xA099
    dd 0xC820, 0xC1A8
    dd 0xC821, 0xA09A
    dd 0xC822, 0xA09B
    dd 0xC823, 0xA09C
    dd 0xC824, 0xC1A9
    dd 0xC825, 0xA09D
    dd 0xC826, 0xA09E
    dd 0xC827, 0xA09F
    dd 0xC828, 0xA0A0
    dd 0xC829, 0xA0A1
    dd 0xC82A, 0xA0A2
    dd 0xC82B, 0xA0A3
    dd 0xC82C, 0xC1AA
    dd 0xC82D, 0xC1AB
    dd 0xC82E, 0xA0A4
    dd 0xC82F, 0xC1AC
    dd 0xC830, 0xA0A5
    dd 0xC831, 0xC1AD
    dd 0xC832, 0xA0A6
    dd 0xC833, 0xA0A7
    dd 0xC834, 0xA0A8
    dd 0xC835, 0xA0A9
    dd 0xC836, 0xA0AA
    dd 0xC837, 0xA0AB
    dd 0xC838, 0xC1AE
    dd 0xC839, 0xA0AC
    dd 0xC83A, 0xA0AD
    dd 0xC83B, 0xA0AE
    dd 0xC83C, 0xC1AF
    dd 0xC83D, 0xA0AF
    dd 0xC83E, 0xA0B0
    dd 0xC83F, 0xA0B1
    dd 0xC840, 0xC1B0
    dd 0xC841, 0xA0B2
    dd 0xC842, 0xA0B3
    dd 0xC843, 0xA0B4
    dd 0xC844, 0xA0B5
    dd 0xC845, 0xA0B6
    dd 0xC846, 0xA0B7
    dd 0xC847, 0xA0B8
    dd 0xC848, 0xC1B1
    dd 0xC849, 0xC1B2
    dd 0xC84A, 0xA0B9
    dd 0xC84B, 0xA0BA
    dd 0xC84C, 0xC1B3
    dd 0xC84D, 0xC1B4
    dd 0xC84E, 0xA0BB
    dd 0xC84F, 0xA0BC
    dd 0xC850, 0xA0BD
    dd 0xC851, 0xA0BE
    dd 0xC852, 0xA0BF
    dd 0xC853, 0xA0C0
    dd 0xC854, 0xC1B5
    dd 0xC855, 0xA0C1
    dd 0xC856, 0xA0C2
    dd 0xC857, 0xA0C3
    dd 0xC858, 0xA0C4
    dd 0xC859, 0xA0C5
    dd 0xC85A, 0xA0C6
    dd 0xC85B, 0xA0C7
    dd 0xC85C, 0xA0C8
    dd 0xC85D, 0xA0C9
    dd 0xC85E, 0xA0CA
    dd 0xC85F, 0xA0CB
    dd 0xC860, 0xA0CC
    dd 0xC861, 0xA0CD
    dd 0xC862, 0xA0CE
    dd 0xC863, 0xA0CF
    dd 0xC864, 0xA0D0
    dd 0xC865, 0xA0D1
    dd 0xC866, 0xA0D2
    dd 0xC867, 0xA0D3
    dd 0xC868, 0xA0D4
    dd 0xC869, 0xA0D5
    dd 0xC86A, 0xA0D6
    dd 0xC86B, 0xA0D7
    dd 0xC86C, 0xA0D8
    dd 0xC86D, 0xA0D9
    dd 0xC86E, 0xA0DA
    dd 0xC86F, 0xA0DB
    dd 0xC870, 0xC1B6
    dd 0xC871, 0xC1B7
    dd 0xC872, 0xA0DC
    dd 0xC873, 0xA0DD
    dd 0xC874, 0xC1B8
    dd 0xC875, 0xA0DE
    dd 0xC876, 0xA0DF
    dd 0xC877, 0xA0E0
    dd 0xC878, 0xC1B9
    dd 0xC879, 0xA0E1
    dd 0xC87A, 0xC1BA
    dd 0xC87B, 0xA0E2
    dd 0xC87C, 0xA0E3
    dd 0xC87D, 0xA0E4
    dd 0xC87E, 0xA0E5
    dd 0xC87F, 0xA0E6
    dd 0xC880, 0xC1BB
    dd 0xC881, 0xC1BC
    dd 0xC882, 0xA0E7
    dd 0xC883, 0xC1BD
    dd 0xC884, 0xA0E8
    dd 0xC885, 0xC1BE
    dd 0xC886, 0xC1BF
    dd 0xC887, 0xC1C0
    dd 0xC888, 0xA0E9
    dd 0xC889, 0xA0EA
    dd 0xC88A, 0xA0EB
    dd 0xC88B, 0xC1C1
    dd 0xC88C, 0xC1C2
    dd 0xC88D, 0xC1C3
    dd 0xC88E, 0xA0EC
    dd 0xC88F, 0xA0ED
    dd 0xC890, 0xA0EE
    dd 0xC891, 0xA0EF
    dd 0xC892, 0xA0F0
    dd 0xC893, 0xA0F1
    dd 0xC894, 0xC1C4
    dd 0xC895, 0xA0F2
    dd 0xC896, 0xA0F3
    dd 0xC897, 0xA0F4
    dd 0xC898, 0xA0F5
    dd 0xC899, 0xA0F6
    dd 0xC89A, 0xA0F7
    dd 0xC89B, 0xA0F8
    dd 0xC89C, 0xA0F9
    dd 0xC89D, 0xC1C5
    dd 0xC89E, 0xA0FA
    dd 0xC89F, 0xC1C6
    dd 0xC8A0, 0xA0FB
    dd 0xC8A1, 0xC1C7
    dd 0xC8A2, 0xA0FC
    dd 0xC8A3, 0xA0FD
    dd 0xC8A4, 0xA0FE
    dd 0xC8A5, 0xA141
    dd 0xC8A6, 0xA142
    dd 0xC8A7, 0xA143
    dd 0xC8A8, 0xC1C8
    dd 0xC8A9, 0xA144
    dd 0xC8AA, 0xA145
    dd 0xC8AB, 0xA146
    dd 0xC8AC, 0xA147
    dd 0xC8AD, 0xA148
    dd 0xC8AE, 0xA149
    dd 0xC8AF, 0xA14A
    dd 0xC8B0, 0xA14B
    dd 0xC8B1, 0xA14C
    dd 0xC8B2, 0xA14D
    dd 0xC8B3, 0xA14E
    dd 0xC8B4, 0xA14F
    dd 0xC8B5, 0xA150
    dd 0xC8B6, 0xA151
    dd 0xC8B7, 0xA152
    dd 0xC8B8, 0xA153
    dd 0xC8B9, 0xA154
    dd 0xC8BA, 0xA155
    dd 0xC8BB, 0xA156
    dd 0xC8BC, 0xC1C9
    dd 0xC8BD, 0xC1CA
    dd 0xC8BE, 0xA157
    dd 0xC8BF, 0xA158
    dd 0xC8C0, 0xA159
    dd 0xC8C1, 0xA15A
    dd 0xC8C2, 0xA161
    dd 0xC8C3, 0xA162
    dd 0xC8C4, 0xC1CB
    dd 0xC8C5, 0xA163
    dd 0xC8C6, 0xA164
    dd 0xC8C7, 0xA165
    dd 0xC8C8, 0xC1CC
    dd 0xC8C9, 0xA166
    dd 0xC8CA, 0xA167
    dd 0xC8CB, 0xA168
    dd 0xC8CC, 0xC1CD
    dd 0xC8CD, 0xA169
    dd 0xC8CE, 0xA16A
    dd 0xC8CF, 0xA16B
    dd 0xC8D0, 0xA16C
    dd 0xC8D1, 0xA16D
    dd 0xC8D2, 0xA16E
    dd 0xC8D3, 0xA16F
    dd 0xC8D4, 0xC1CE
    dd 0xC8D5, 0xC1CF
    dd 0xC8D6, 0xA170
    dd 0xC8D7, 0xC1D0
    dd 0xC8D8, 0xA171
    dd 0xC8D9, 0xC1D1
    dd 0xC8DA, 0xA172
    dd 0xC8DB, 0xA173
    dd 0xC8DC, 0xA174
    dd 0xC8DD, 0xA175
    dd 0xC8DE, 0xA176
    dd 0xC8DF, 0xA177
    dd 0xC8E0, 0xC1D2
    dd 0xC8E1, 0xC1D3
    dd 0xC8E2, 0xA178
    dd 0xC8E3, 0xA179
    dd 0xC8E4, 0xC1D4
    dd 0xC8E5, 0xA17A
    dd 0xC8E6, 0xA181
    dd 0xC8E7, 0xA182
    dd 0xC8E8, 0xA183
    dd 0xC8E9, 0xA184
    dd 0xC8EA, 0xA185
    dd 0xC8EB, 0xA186
    dd 0xC8EC, 0xA187
    dd 0xC8ED, 0xA188
    dd 0xC8EE, 0xA189
    dd 0xC8EF, 0xA18A
    dd 0xC8F0, 0xA18B
    dd 0xC8F1, 0xA18C
    dd 0xC8F2, 0xA18D
    dd 0xC8F3, 0xA18E
    dd 0xC8F4, 0xA18F
    dd 0xC8F5, 0xC1D5
    dd 0xC8F6, 0xA190
    dd 0xC8F7, 0xA191
    dd 0xC8F8, 0xA192
    dd 0xC8F9, 0xA193
    dd 0xC8FA, 0xA194
    dd 0xC8FB, 0xA195
    dd 0xC8FC, 0xC1D6
    dd 0xC8FD, 0xC1D7
    dd 0xC8FE, 0xA196
    dd 0xC8FF, 0xA197
    dd 0xC900, 0xC1D8
    dd 0xC901, 0xA198
    dd 0xC902, 0xA199
    dd 0xC903, 0xA19A
    dd 0xC904, 0xC1D9
    dd 0xC905, 0xC1DA
    dd 0xC906, 0xC1DB
    dd 0xC907, 0xA19B
    dd 0xC908, 0xA19C
    dd 0xC909, 0xA19D
    dd 0xC90A, 0xA19E
    dd 0xC90B, 0xA19F
    dd 0xC90C, 0xC1DC
    dd 0xC90D, 0xC1DD
    dd 0xC90E, 0xA1A0
    dd 0xC90F, 0xC1DE
    dd 0xC910, 0xA241
    dd 0xC911, 0xC1DF
    dd 0xC912, 0xA242
    dd 0xC913, 0xA243
    dd 0xC914, 0xA244
    dd 0xC915, 0xA245
    dd 0xC916, 0xA246
    dd 0xC917, 0xA247
    dd 0xC918, 0xC1E0
    dd 0xC919, 0xA248
    dd 0xC91A, 0xA249
    dd 0xC91B, 0xA24A
    dd 0xC91C, 0xA24B
    dd 0xC91D, 0xA24C
    dd 0xC91E, 0xA24D
    dd 0xC91F, 0xA24E
    dd 0xC920, 0xA24F
    dd 0xC921, 0xA250
    dd 0xC922, 0xA251
    dd 0xC923, 0xA252
    dd 0xC924, 0xA253
    dd 0xC925, 0xA254
    dd 0xC926, 0xA255
    dd 0xC927, 0xA256
    dd 0xC928, 0xA257
    dd 0xC929, 0xA258
    dd 0xC92A, 0xA259
    dd 0xC92B, 0xA25A
    dd 0xC92C, 0xC1E1
    dd 0xC92D, 0xA261
    dd 0xC92E, 0xA262
    dd 0xC92F, 0xA263
    dd 0xC930, 0xA264
    dd 0xC931, 0xA265
    dd 0xC932, 0xA266
    dd 0xC933, 0xA267
    dd 0xC934, 0xC1E2
    dd 0xC935, 0xA268
    dd 0xC936, 0xA269
    dd 0xC937, 0xA26A
    dd 0xC938, 0xA26B
    dd 0xC939, 0xA26C
    dd 0xC93A, 0xA26D
    dd 0xC93B, 0xA26E
    dd 0xC93C, 0xA26F
    dd 0xC93D, 0xA270
    dd 0xC93E, 0xA271
    dd 0xC93F, 0xA272
    dd 0xC940, 0xA273
    dd 0xC941, 0xA274
    dd 0xC942, 0xA275
    dd 0xC943, 0xA276
    dd 0xC944, 0xA277
    dd 0xC945, 0xA278
    dd 0xC946, 0xA279
    dd 0xC947, 0xA27A
    dd 0xC948, 0xA281
    dd 0xC949, 0xA282
    dd 0xC94A, 0xA283
    dd 0xC94B, 0xA284
    dd 0xC94C, 0xA285
    dd 0xC94D, 0xA286
    dd 0xC94E, 0xA287
    dd 0xC94F, 0xA288
    dd 0xC950, 0xC1E3
    dd 0xC951, 0xC1E4
    dd 0xC952, 0xA289
    dd 0xC953, 0xA28A
    dd 0xC954, 0xC1E5
    dd 0xC955, 0xA28B
    dd 0xC956, 0xA28C
    dd 0xC957, 0xA28D
    dd 0xC958, 0xC1E6
    dd 0xC959, 0xA28E
    dd 0xC95A, 0xA28F
    dd 0xC95B, 0xA290
    dd 0xC95C, 0xA291
    dd 0xC95D, 0xA292
    dd 0xC95E, 0xA293
    dd 0xC95F, 0xA294
    dd 0xC960, 0xC1E7
    dd 0xC961, 0xC1E8
    dd 0xC962, 0xA295
    dd 0xC963, 0xC1E9
    dd 0xC964, 0xA296
    dd 0xC965, 0xA297
    dd 0xC966, 0xA298
    dd 0xC967, 0xA299
    dd 0xC968, 0xA29A
    dd 0xC969, 0xA29B
    dd 0xC96A, 0xA29C
    dd 0xC96B, 0xA29D
    dd 0xC96C, 0xC1EA
    dd 0xC96D, 0xA29E
    dd 0xC96E, 0xA29F
    dd 0xC96F, 0xA2A0
    dd 0xC970, 0xC1EB
    dd 0xC971, 0xA341
    dd 0xC972, 0xA342
    dd 0xC973, 0xA343
    dd 0xC974, 0xC1EC
    dd 0xC975, 0xA344
    dd 0xC976, 0xA345
    dd 0xC977, 0xA346
    dd 0xC978, 0xA347
    dd 0xC979, 0xA348
    dd 0xC97A, 0xA349
    dd 0xC97B, 0xA34A
    dd 0xC97C, 0xC1ED
    dd 0xC97D, 0xA34B
    dd 0xC97E, 0xA34C
    dd 0xC97F, 0xA34D
    dd 0xC980, 0xA34E
    dd 0xC981, 0xA34F
    dd 0xC982, 0xA350
    dd 0xC983, 0xA351
    dd 0xC984, 0xA352
    dd 0xC985, 0xA353
    dd 0xC986, 0xA354
    dd 0xC987, 0xA355
    dd 0xC988, 0xC1EE
    dd 0xC989, 0xC1EF
    dd 0xC98A, 0xA356
    dd 0xC98B, 0xA357
    dd 0xC98C, 0xC1F0
    dd 0xC98D, 0xA358
    dd 0xC98E, 0xA359
    dd 0xC98F, 0xA35A
    dd 0xC990, 0xC1F1
    dd 0xC991, 0xA361
    dd 0xC992, 0xA362
    dd 0xC993, 0xA363
    dd 0xC994, 0xA364
    dd 0xC995, 0xA365
    dd 0xC996, 0xA366
    dd 0xC997, 0xA367
    dd 0xC998, 0xC1F2
    dd 0xC999, 0xC1F3
    dd 0xC99A, 0xA368
    dd 0xC99B, 0xC1F4
    dd 0xC99C, 0xA369
    dd 0xC99D, 0xC1F5
    dd 0xC99E, 0xA36A
    dd 0xC99F, 0xA36B
    dd 0xC9A0, 0xA36C
    dd 0xC9A1, 0xA36D
    dd 0xC9A2, 0xA36E
    dd 0xC9A3, 0xA36F
    dd 0xC9A4, 0xA370
    dd 0xC9A5, 0xA371
    dd 0xC9A6, 0xA372
    dd 0xC9A7, 0xA373
    dd 0xC9A8, 0xA374
    dd 0xC9A9, 0xA375
    dd 0xC9AA, 0xA376
    dd 0xC9AB, 0xA377
    dd 0xC9AC, 0xA378
    dd 0xC9AD, 0xA379
    dd 0xC9AE, 0xA37A
    dd 0xC9AF, 0xA381
    dd 0xC9B0, 0xA382
    dd 0xC9B1, 0xA383
    dd 0xC9B2, 0xA384
    dd 0xC9B3, 0xA385
    dd 0xC9B4, 0xA386
    dd 0xC9B5, 0xA387
    dd 0xC9B6, 0xA388
    dd 0xC9B7, 0xA389
    dd 0xC9B8, 0xA38A
    dd 0xC9B9, 0xA38B
    dd 0xC9BA, 0xA38C
    dd 0xC9BB, 0xA38D
    dd 0xC9BC, 0xA38E
    dd 0xC9BD, 0xA38F
    dd 0xC9BE, 0xA390
    dd 0xC9BF, 0xA391
    dd 0xC9C0, 0xC1F6
    dd 0xC9C1, 0xC1F7
    dd 0xC9C2, 0xA392
    dd 0xC9C3, 0xA393
    dd 0xC9C4, 0xC1F8
    dd 0xC9C5, 0xA394
    dd 0xC9C6, 0xA395
    dd 0xC9C7, 0xC1F9
    dd 0xC9C8, 0xC1FA
    dd 0xC9C9, 0xA396
    dd 0xC9CA, 0xC1FB
    dd 0xC9CB, 0xA397
    dd 0xC9CC, 0xA398
    dd 0xC9CD, 0xA399
    dd 0xC9CE, 0xA39A
    dd 0xC9CF, 0xA39B
    dd 0xC9D0, 0xC1FC
    dd 0xC9D1, 0xC1FD
    dd 0xC9D2, 0xA39C
    dd 0xC9D3, 0xC1FE
    dd 0xC9D4, 0xA39D
    dd 0xC9D5, 0xC2A1
    dd 0xC9D6, 0xC2A2
    dd 0xC9D7, 0xA39E
    dd 0xC9D8, 0xA39F
    dd 0xC9D9, 0xC2A3
    dd 0xC9DA, 0xC2A4
    dd 0xC9DB, 0xA3A0
    dd 0xC9DC, 0xC2A5
    dd 0xC9DD, 0xC2A6
    dd 0xC9DE, 0xA441
    dd 0xC9DF, 0xA442
    dd 0xC9E0, 0xC2A7
    dd 0xC9E1, 0xA443
    dd 0xC9E2, 0xC2A8
    dd 0xC9E3, 0xA444
    dd 0xC9E4, 0xC2A9
    dd 0xC9E5, 0xA445
    dd 0xC9E6, 0xA446
    dd 0xC9E7, 0xC2AA
    dd 0xC9E8, 0xA447
    dd 0xC9E9, 0xA448
    dd 0xC9EA, 0xA449
    dd 0xC9EB, 0xA44A
    dd 0xC9EC, 0xC2AB
    dd 0xC9ED, 0xC2AC
    dd 0xC9EE, 0xA44B
    dd 0xC9EF, 0xC2AD
    dd 0xC9F0, 0xC2AE
    dd 0xC9F1, 0xC2AF
    dd 0xC9F2, 0xA44C
    dd 0xC9F3, 0xA44D
    dd 0xC9F4, 0xA44E
    dd 0xC9F5, 0xA44F
    dd 0xC9F6, 0xA450
    dd 0xC9F7, 0xA451
    dd 0xC9F8, 0xC2B0
    dd 0xC9F9, 0xC2B1
    dd 0xC9FA, 0xA452
    dd 0xC9FB, 0xA453
    dd 0xC9FC, 0xC2B2
    dd 0xC9FD, 0xA454
    dd 0xC9FE, 0xA455
    dd 0xC9FF, 0xA456
    dd 0xCA00, 0xC2B3
    dd 0xCA01, 0xA457
    dd 0xCA02, 0xA458
    dd 0xCA03, 0xA459
    dd 0xCA04, 0xA45A
    dd 0xCA05, 0xA461
    dd 0xCA06, 0xA462
    dd 0xCA07, 0xA463
    dd 0xCA08, 0xC2B4
    dd 0xCA09, 0xC2B5
    dd 0xCA0A, 0xA464
    dd 0xCA0B, 0xC2B6
    dd 0xCA0C, 0xC2B7
    dd 0xCA0D, 0xC2B8
    dd 0xCA0E, 0xA465
    dd 0xCA0F, 0xA466
    dd 0xCA10, 0xA467
    dd 0xCA11, 0xA468
    dd 0xCA12, 0xA469
    dd 0xCA13, 0xA46A
    dd 0xCA14, 0xC2B9
    dd 0xCA15, 0xA46B
    dd 0xCA16, 0xA46C
    dd 0xCA17, 0xA46D
    dd 0xCA18, 0xC2BA
    dd 0xCA19, 0xA46E
    dd 0xCA1A, 0xA46F
    dd 0xCA1B, 0xA470
    dd 0xCA1C, 0xA471
    dd 0xCA1D, 0xA472
    dd 0xCA1E, 0xA473
    dd 0xCA1F, 0xA474
    dd 0xCA20, 0xA475
    dd 0xCA21, 0xA476
    dd 0xCA22, 0xA477
    dd 0xCA23, 0xA478
    dd 0xCA24, 0xA479
    dd 0xCA25, 0xA47A
    dd 0xCA26, 0xA481
    dd 0xCA27, 0xA482
    dd 0xCA28, 0xA483
    dd 0xCA29, 0xC2BB
    dd 0xCA2A, 0xA484
    dd 0xCA2B, 0xA485
    dd 0xCA2C, 0xA486
    dd 0xCA2D, 0xA487
    dd 0xCA2E, 0xA488
    dd 0xCA2F, 0xA489
    dd 0xCA30, 0xA48A
    dd 0xCA31, 0xA48B
    dd 0xCA32, 0xA48C
    dd 0xCA33, 0xA48D
    dd 0xCA34, 0xA48E
    dd 0xCA35, 0xA48F
    dd 0xCA36, 0xA490
    dd 0xCA37, 0xA491
    dd 0xCA38, 0xA492
    dd 0xCA39, 0xA493
    dd 0xCA3A, 0xA494
    dd 0xCA3B, 0xA495
    dd 0xCA3C, 0xA496
    dd 0xCA3D, 0xA497
    dd 0xCA3E, 0xA498
    dd 0xCA3F, 0xA499
    dd 0xCA40, 0xA49A
    dd 0xCA41, 0xA49B
    dd 0xCA42, 0xA49C
    dd 0xCA43, 0xA49D
    dd 0xCA44, 0xA49E
    dd 0xCA45, 0xA49F
    dd 0xCA46, 0xA4A0
    dd 0xCA47, 0xA541
    dd 0xCA48, 0xA542
    dd 0xCA49, 0xA543
    dd 0xCA4A, 0xA544
    dd 0xCA4B, 0xA545
    dd 0xCA4C, 0xC2BC
    dd 0xCA4D, 0xC2BD
    dd 0xCA4E, 0xA546
    dd 0xCA4F, 0xA547
    dd 0xCA50, 0xC2BE
    dd 0xCA51, 0xA548
    dd 0xCA52, 0xA549
    dd 0xCA53, 0xA54A
    dd 0xCA54, 0xC2BF
    dd 0xCA55, 0xA54B
    dd 0xCA56, 0xA54C
    dd 0xCA57, 0xA54D
    dd 0xCA58, 0xA54E
    dd 0xCA59, 0xA54F
    dd 0xCA5A, 0xA550
    dd 0xCA5B, 0xA551
    dd 0xCA5C, 0xC2C0
    dd 0xCA5D, 0xC2C1
    dd 0xCA5E, 0xA552
    dd 0xCA5F, 0xC2C2
    dd 0xCA60, 0xC2C3
    dd 0xCA61, 0xC2C4
    dd 0xCA62, 0xA553
    dd 0xCA63, 0xA554
    dd 0xCA64, 0xA555
    dd 0xCA65, 0xA556
    dd 0xCA66, 0xA557
    dd 0xCA67, 0xA558
    dd 0xCA68, 0xC2C5
    dd 0xCA69, 0xA559
    dd 0xCA6A, 0xA55A
    dd 0xCA6B, 0xA561
    dd 0xCA6C, 0xA562
    dd 0xCA6D, 0xA563
    dd 0xCA6E, 0xA564
    dd 0xCA6F, 0xA565
    dd 0xCA70, 0xA566
    dd 0xCA71, 0xA567
    dd 0xCA72, 0xA568
    dd 0xCA73, 0xA569
    dd 0xCA74, 0xA56A
    dd 0xCA75, 0xA56B
    dd 0xCA76, 0xA56C
    dd 0xCA77, 0xA56D
    dd 0xCA78, 0xA56E
    dd 0xCA79, 0xA56F
    dd 0xCA7A, 0xA570
    dd 0xCA7B, 0xA571
    dd 0xCA7C, 0xA572
    dd 0xCA7D, 0xC2C6
    dd 0xCA7E, 0xA573
    dd 0xCA7F, 0xA574
    dd 0xCA80, 0xA575
    dd 0xCA81, 0xA576
    dd 0xCA82, 0xA577
    dd 0xCA83, 0xA578
    dd 0xCA84, 0xC2C7
    dd 0xCA85, 0xA579
    dd 0xCA86, 0xA57A
    dd 0xCA87, 0xA581
    dd 0xCA88, 0xA582
    dd 0xCA89, 0xA583
    dd 0xCA8A, 0xA584
    dd 0xCA8B, 0xA585
    dd 0xCA8C, 0xA586
    dd 0xCA8D, 0xA587
    dd 0xCA8E, 0xA588
    dd 0xCA8F, 0xA589
    dd 0xCA90, 0xA58A
    dd 0xCA91, 0xA58B
    dd 0xCA92, 0xA58C
    dd 0xCA93, 0xA58D
    dd 0xCA94, 0xA58E
    dd 0xCA95, 0xA58F
    dd 0xCA96, 0xA590
    dd 0xCA97, 0xA591
    dd 0xCA98, 0xC2C8
    dd 0xCA99, 0xA592
    dd 0xCA9A, 0xA593
    dd 0xCA9B, 0xA594
    dd 0xCA9C, 0xA595
    dd 0xCA9D, 0xA596
    dd 0xCA9E, 0xA597
    dd 0xCA9F, 0xA598
    dd 0xCAA0, 0xA599
    dd 0xCAA1, 0xA59A
    dd 0xCAA2, 0xA59B
    dd 0xCAA3, 0xA59C
    dd 0xCAA4, 0xA59D
    dd 0xCAA5, 0xA59E
    dd 0xCAA6, 0xA59F
    dd 0xCAA7, 0xA5A0
    dd 0xCAA8, 0xA641
    dd 0xCAA9, 0xA642
    dd 0xCAAA, 0xA643
    dd 0xCAAB, 0xA644
    dd 0xCAAC, 0xA645
    dd 0xCAAD, 0xA646
    dd 0xCAAE, 0xA647
    dd 0xCAAF, 0xA648
    dd 0xCAB0, 0xA649
    dd 0xCAB1, 0xA64A
    dd 0xCAB2, 0xA64B
    dd 0xCAB3, 0xA64C
    dd 0xCAB4, 0xA64D
    dd 0xCAB5, 0xA64E
    dd 0xCAB6, 0xA64F
    dd 0xCAB7, 0xA650
    dd 0xCAB8, 0xA651
    dd 0xCAB9, 0xA652
    dd 0xCABA, 0xA653
    dd 0xCABB, 0xA654
    dd 0xCABC, 0xC2C9
    dd 0xCABD, 0xC2CA
    dd 0xCABE, 0xA655
    dd 0xCABF, 0xA656
    dd 0xCAC0, 0xC2CB
    dd 0xCAC1, 0xA657
    dd 0xCAC2, 0xA658
    dd 0xCAC3, 0xA659
    dd 0xCAC4, 0xC2CC
    dd 0xCAC5, 0xA65A
    dd 0xCAC6, 0xA661
    dd 0xCAC7, 0xA662
    dd 0xCAC8, 0xA663
    dd 0xCAC9, 0xA664
    dd 0xCACA, 0xA665
    dd 0xCACB, 0xA666
    dd 0xCACC, 0xC2CD
    dd 0xCACD, 0xC2CE
    dd 0xCACE, 0xA667
    dd 0xCACF, 0xC2CF
    dd 0xCAD0, 0xA668
    dd 0xCAD1, 0xC2D0
    dd 0xCAD2, 0xA669
    dd 0xCAD3, 0xC2D1
    dd 0xCAD4, 0xA66A
    dd 0xCAD5, 0xA66B
    dd 0xCAD6, 0xA66C
    dd 0xCAD7, 0xA66D
    dd 0xCAD8, 0xC2D2
    dd 0xCAD9, 0xC2D3
    dd 0xCADA, 0xA66E
    dd 0xCADB, 0xA66F
    dd 0xCADC, 0xA670
    dd 0xCADD, 0xA671
    dd 0xCADE, 0xA672
    dd 0xCADF, 0xA673
    dd 0xCAE0, 0xC2D4
    dd 0xCAE1, 0xA674
    dd 0xCAE2, 0xA675
    dd 0xCAE3, 0xA676
    dd 0xCAE4, 0xA677
    dd 0xCAE5, 0xA678
    dd 0xCAE6, 0xA679
    dd 0xCAE7, 0xA67A
    dd 0xCAE8, 0xA681
    dd 0xCAE9, 0xA682
    dd 0xCAEA, 0xA683
    dd 0xCAEB, 0xA684
    dd 0xCAEC, 0xC2D5
    dd 0xCAED, 0xA685
    dd 0xCAEE, 0xA686
    dd 0xCAEF, 0xA687
    dd 0xCAF0, 0xA688
    dd 0xCAF1, 0xA689
    dd 0xCAF2, 0xA68A
    dd 0xCAF3, 0xA68B
    dd 0xCAF4, 0xC2D6
    dd 0xCAF5, 0xA68C
    dd 0xCAF6, 0xA68D
    dd 0xCAF7, 0xA68E
    dd 0xCAF8, 0xA68F
    dd 0xCAF9, 0xA690
    dd 0xCAFA, 0xA691
    dd 0xCAFB, 0xA692
    dd 0xCAFC, 0xA693
    dd 0xCAFD, 0xA694
    dd 0xCAFE, 0xA695
    dd 0xCAFF, 0xA696
    dd 0xCB00, 0xA697
    dd 0xCB01, 0xA698
    dd 0xCB02, 0xA699
    dd 0xCB03, 0xA69A
    dd 0xCB04, 0xA69B
    dd 0xCB05, 0xA69C
    dd 0xCB06, 0xA69D
    dd 0xCB07, 0xA69E
    dd 0xCB08, 0xC2D7
    dd 0xCB09, 0xA69F
    dd 0xCB0A, 0xA6A0
    dd 0xCB0B, 0xA741
    dd 0xCB0C, 0xA742
    dd 0xCB0D, 0xA743
    dd 0xCB0E, 0xA744
    dd 0xCB0F, 0xA745
    dd 0xCB10, 0xC2D8
    dd 0xCB11, 0xA746
    dd 0xCB12, 0xA747
    dd 0xCB13, 0xA748
    dd 0xCB14, 0xC2D9
    dd 0xCB15, 0xA749
    dd 0xCB16, 0xA74A
    dd 0xCB17, 0xA74B
    dd 0xCB18, 0xC2DA
    dd 0xCB19, 0xA74C
    dd 0xCB1A, 0xA74D
    dd 0xCB1B, 0xA74E
    dd 0xCB1C, 0xA74F
    dd 0xCB1D, 0xA750
    dd 0xCB1E, 0xA751
    dd 0xCB1F, 0xA752
    dd 0xCB20, 0xC2DB
    dd 0xCB21, 0xC2DC
    dd 0xCB22, 0xA753
    dd 0xCB23, 0xA754
    dd 0xCB24, 0xA755
    dd 0xCB25, 0xA756
    dd 0xCB26, 0xA757
    dd 0xCB27, 0xA758
    dd 0xCB28, 0xA759
    dd 0xCB29, 0xA75A
    dd 0xCB2A, 0xA761
    dd 0xCB2B, 0xA762
    dd 0xCB2C, 0xA763
    dd 0xCB2D, 0xA764
    dd 0xCB2E, 0xA765
    dd 0xCB2F, 0xA766
    dd 0xCB30, 0xA767
    dd 0xCB31, 0xA768
    dd 0xCB32, 0xA769
    dd 0xCB33, 0xA76A
    dd 0xCB34, 0xA76B
    dd 0xCB35, 0xA76C
    dd 0xCB36, 0xA76D
    dd 0xCB37, 0xA76E
    dd 0xCB38, 0xA76F
    dd 0xCB39, 0xA770
    dd 0xCB3A, 0xA771
    dd 0xCB3B, 0xA772
    dd 0xCB3C, 0xA773
    dd 0xCB3D, 0xA774
    dd 0xCB3E, 0xA775
    dd 0xCB3F, 0xA776
    dd 0xCB40, 0xA777
    dd 0xCB41, 0xC2DD
    dd 0xCB42, 0xA778
    dd 0xCB43, 0xA779
    dd 0xCB44, 0xA77A
    dd 0xCB45, 0xA781
    dd 0xCB46, 0xA782
    dd 0xCB47, 0xA783
    dd 0xCB48, 0xC2DE
    dd 0xCB49, 0xC2DF
    dd 0xCB4A, 0xA784
    dd 0xCB4B, 0xA785
    dd 0xCB4C, 0xC2E0
    dd 0xCB4D, 0xA786
    dd 0xCB4E, 0xA787
    dd 0xCB4F, 0xA788
    dd 0xCB50, 0xC2E1
    dd 0xCB51, 0xA789
    dd 0xCB52, 0xA78A
    dd 0xCB53, 0xA78B
    dd 0xCB54, 0xA78C
    dd 0xCB55, 0xA78D
    dd 0xCB56, 0xA78E
    dd 0xCB57, 0xA78F
    dd 0xCB58, 0xC2E2
    dd 0xCB59, 0xC2E3
    dd 0xCB5A, 0xA790
    dd 0xCB5B, 0xA791
    dd 0xCB5C, 0xA792
    dd 0xCB5D, 0xC2E4
    dd 0xCB5E, 0xA793
    dd 0xCB5F, 0xA794
    dd 0xCB60, 0xA795
    dd 0xCB61, 0xA796
    dd 0xCB62, 0xA797
    dd 0xCB63, 0xA798
    dd 0xCB64, 0xC2E5
    dd 0xCB65, 0xA799
    dd 0xCB66, 0xA79A
    dd 0xCB67, 0xA79B
    dd 0xCB68, 0xA79C
    dd 0xCB69, 0xA79D
    dd 0xCB6A, 0xA79E
    dd 0xCB6B, 0xA79F
    dd 0xCB6C, 0xA7A0
    dd 0xCB6D, 0xA841
    dd 0xCB6E, 0xA842
    dd 0xCB6F, 0xA843
    dd 0xCB70, 0xA844
    dd 0xCB71, 0xA845
    dd 0xCB72, 0xA846
    dd 0xCB73, 0xA847
    dd 0xCB74, 0xA848
    dd 0xCB75, 0xA849
    dd 0xCB76, 0xA84A
    dd 0xCB77, 0xA84B
    dd 0xCB78, 0xC2E6
    dd 0xCB79, 0xC2E7
    dd 0xCB7A, 0xA84C
    dd 0xCB7B, 0xA84D
    dd 0xCB7C, 0xA84E
    dd 0xCB7D, 0xA84F
    dd 0xCB7E, 0xA850
    dd 0xCB7F, 0xA851
    dd 0xCB80, 0xA852
    dd 0xCB81, 0xA853
    dd 0xCB82, 0xA854
    dd 0xCB83, 0xA855
    dd 0xCB84, 0xA856
    dd 0xCB85, 0xA857
    dd 0xCB86, 0xA858
    dd 0xCB87, 0xA859
    dd 0xCB88, 0xA85A
    dd 0xCB89, 0xA861
    dd 0xCB8A, 0xA862
    dd 0xCB8B, 0xA863
    dd 0xCB8C, 0xA864
    dd 0xCB8D, 0xA865
    dd 0xCB8E, 0xA866
    dd 0xCB8F, 0xA867
    dd 0xCB90, 0xA868
    dd 0xCB91, 0xA869
    dd 0xCB92, 0xA86A
    dd 0xCB93, 0xA86B
    dd 0xCB94, 0xA86C
    dd 0xCB95, 0xA86D
    dd 0xCB96, 0xA86E
    dd 0xCB97, 0xA86F
    dd 0xCB98, 0xA870
    dd 0xCB99, 0xA871
    dd 0xCB9A, 0xA872
    dd 0xCB9B, 0xA873
    dd 0xCB9C, 0xC2E8
    dd 0xCB9D, 0xA874
    dd 0xCB9E, 0xA875
    dd 0xCB9F, 0xA876
    dd 0xCBA0, 0xA877
    dd 0xCBA1, 0xA878
    dd 0xCBA2, 0xA879
    dd 0xCBA3, 0xA87A
    dd 0xCBA4, 0xA881
    dd 0xCBA5, 0xA882
    dd 0xCBA6, 0xA883
    dd 0xCBA7, 0xA884
    dd 0xCBA8, 0xA885
    dd 0xCBA9, 0xA886
    dd 0xCBAA, 0xA887
    dd 0xCBAB, 0xA888
    dd 0xCBAC, 0xA889
    dd 0xCBAD, 0xA88A
    dd 0xCBAE, 0xA88B
    dd 0xCBAF, 0xA88C
    dd 0xCBB0, 0xA88D
    dd 0xCBB1, 0xA88E
    dd 0xCBB2, 0xA88F
    dd 0xCBB3, 0xA890
    dd 0xCBB4, 0xA891
    dd 0xCBB5, 0xA892
    dd 0xCBB6, 0xA893
    dd 0xCBB7, 0xA894
    dd 0xCBB8, 0xC2E9
    dd 0xCBB9, 0xA895
    dd 0xCBBA, 0xA896
    dd 0xCBBB, 0xA897
    dd 0xCBBC, 0xA898
    dd 0xCBBD, 0xA899
    dd 0xCBBE, 0xA89A
    dd 0xCBBF, 0xA89B
    dd 0xCBC0, 0xA89C
    dd 0xCBC1, 0xA89D
    dd 0xCBC2, 0xA89E
    dd 0xCBC3, 0xA89F
    dd 0xCBC4, 0xA8A0
    dd 0xCBC5, 0xA941
    dd 0xCBC6, 0xA942
    dd 0xCBC7, 0xA943
    dd 0xCBC8, 0xA944
    dd 0xCBC9, 0xA945
    dd 0xCBCA, 0xA946
    dd 0xCBCB, 0xA947
    dd 0xCBCC, 0xA948
    dd 0xCBCD, 0xA949
    dd 0xCBCE, 0xA94A
    dd 0xCBCF, 0xA94B
    dd 0xCBD0, 0xA94C
    dd 0xCBD1, 0xA94D
    dd 0xCBD2, 0xA94E
    dd 0xCBD3, 0xA94F
    dd 0xCBD4, 0xC2EA
    dd 0xCBD5, 0xA950
    dd 0xCBD6, 0xA951
    dd 0xCBD7, 0xA952
    dd 0xCBD8, 0xA953
    dd 0xCBD9, 0xA954
    dd 0xCBDA, 0xA955
    dd 0xCBDB, 0xA956
    dd 0xCBDC, 0xA957
    dd 0xCBDD, 0xA958
    dd 0xCBDE, 0xA959
    dd 0xCBDF, 0xA95A
    dd 0xCBE0, 0xA961
    dd 0xCBE1, 0xA962
    dd 0xCBE2, 0xA963
    dd 0xCBE3, 0xA964
    dd 0xCBE4, 0xC2EB
    dd 0xCBE5, 0xA965
    dd 0xCBE6, 0xA966
    dd 0xCBE7, 0xC2EC
    dd 0xCBE8, 0xA967
    dd 0xCBE9, 0xC2ED
    dd 0xCBEA, 0xA968
    dd 0xCBEB, 0xA969
    dd 0xCBEC, 0xA96A
    dd 0xCBED, 0xA96B
    dd 0xCBEE, 0xA96C
    dd 0xCBEF, 0xA96D
    dd 0xCBF0, 0xA96E
    dd 0xCBF1, 0xA96F
    dd 0xCBF2, 0xA970
    dd 0xCBF3, 0xA971
    dd 0xCBF4, 0xA972
    dd 0xCBF5, 0xA973
    dd 0xCBF6, 0xA974
    dd 0xCBF7, 0xA975
    dd 0xCBF8, 0xA976
    dd 0xCBF9, 0xA977
    dd 0xCBFA, 0xA978
    dd 0xCBFB, 0xA979
    dd 0xCBFC, 0xA97A
    dd 0xCBFD, 0xA981
    dd 0xCBFE, 0xA982
    dd 0xCBFF, 0xA983
    dd 0xCC00, 0xA984
    dd 0xCC01, 0xA985
    dd 0xCC02, 0xA986
    dd 0xCC03, 0xA987
    dd 0xCC04, 0xA988
    dd 0xCC05, 0xA989
    dd 0xCC06, 0xA98A
    dd 0xCC07, 0xA98B
    dd 0xCC08, 0xA98C
    dd 0xCC09, 0xA98D
    dd 0xCC0A, 0xA98E
    dd 0xCC0B, 0xA98F
    dd 0xCC0C, 0xC2EE
    dd 0xCC0D, 0xC2EF
    dd 0xCC0E, 0xA990
    dd 0xCC0F, 0xA991
    dd 0xCC10, 0xC2F0
    dd 0xCC11, 0xA992
    dd 0xCC12, 0xA993
    dd 0xCC13, 0xA994
    dd 0xCC14, 0xC2F1
    dd 0xCC15, 0xA995
    dd 0xCC16, 0xA996
    dd 0xCC17, 0xA997
    dd 0xCC18, 0xA998
    dd 0xCC19, 0xA999
    dd 0xCC1A, 0xA99A
    dd 0xCC1B, 0xA99B
    dd 0xCC1C, 0xC2F2
    dd 0xCC1D, 0xC2F3
    dd 0xCC1E, 0xA99C
    dd 0xCC1F, 0xA99D
    dd 0xCC20, 0xA99E
    dd 0xCC21, 0xC2F4
    dd 0xCC22, 0xC2F5
    dd 0xCC23, 0xA99F
    dd 0xCC24, 0xA9A0
    dd 0xCC25, 0xAA41
    dd 0xCC26, 0xAA42
    dd 0xCC27, 0xC2F6
    dd 0xCC28, 0xC2F7
    dd 0xCC29, 0xC2F8
    dd 0xCC2A, 0xAA43
    dd 0xCC2B, 0xAA44
    dd 0xCC2C, 0xC2F9
    dd 0xCC2D, 0xAA45
    dd 0xCC2E, 0xC2FA
    dd 0xCC2F, 0xAA46
    dd 0xCC30, 0xC2FB
    dd 0xCC31, 0xAA47
    dd 0xCC32, 0xAA48
    dd 0xCC33, 0xAA49
    dd 0xCC34, 0xAA4A
    dd 0xCC35, 0xAA4B
    dd 0xCC36, 0xAA4C
    dd 0xCC37, 0xAA4D
    dd 0xCC38, 0xC2FC
    dd 0xCC39, 0xC2FD
    dd 0xCC3A, 0xAA4E
    dd 0xCC3B, 0xC2FE
    dd 0xCC3C, 0xC3A1
    dd 0xCC3D, 0xC3A2
    dd 0xCC3E, 0xC3A3
    dd 0xCC3F, 0xAA4F
    dd 0xCC40, 0xAA50
    dd 0xCC41, 0xAA51
    dd 0xCC42, 0xAA52
    dd 0xCC43, 0xAA53
    dd 0xCC44, 0xC3A4
    dd 0xCC45, 0xC3A5
    dd 0xCC46, 0xAA54
    dd 0xCC47, 0xAA55
    dd 0xCC48, 0xC3A6
    dd 0xCC49, 0xAA56
    dd 0xCC4A, 0xAA57
    dd 0xCC4B, 0xAA58
    dd 0xCC4C, 0xC3A7
    dd 0xCC4D, 0xAA59
    dd 0xCC4E, 0xAA5A
    dd 0xCC4F, 0xAA61
    dd 0xCC50, 0xAA62
    dd 0xCC51, 0xAA63
    dd 0xCC52, 0xAA64
    dd 0xCC53, 0xAA65
    dd 0xCC54, 0xC3A8
    dd 0xCC55, 0xC3A9
    dd 0xCC56, 0xAA66
    dd 0xCC57, 0xC3AA
    dd 0xCC58, 0xC3AB
    dd 0xCC59, 0xC3AC
    dd 0xCC5A, 0xAA67
    dd 0xCC5B, 0xAA68
    dd 0xCC5C, 0xAA69
    dd 0xCC5D, 0xAA6A
    dd 0xCC5E, 0xAA6B
    dd 0xCC5F, 0xAA6C
    dd 0xCC60, 0xC3AD
    dd 0xCC61, 0xAA6D
    dd 0xCC62, 0xAA6E
    dd 0xCC63, 0xAA6F
    dd 0xCC64, 0xC3AE
    dd 0xCC65, 0xAA70
    dd 0xCC66, 0xC3AF
    dd 0xCC67, 0xAA71
    dd 0xCC68, 0xC3B0
    dd 0xCC69, 0xAA72
    dd 0xCC6A, 0xAA73
    dd 0xCC6B, 0xAA74
    dd 0xCC6C, 0xAA75
    dd 0xCC6D, 0xAA76
    dd 0xCC6E, 0xAA77
    dd 0xCC6F, 0xAA78
    dd 0xCC70, 0xC3B1
    dd 0xCC71, 0xAA79
    dd 0xCC72, 0xAA7A
    dd 0xCC73, 0xAA81
    dd 0xCC74, 0xAA82
    dd 0xCC75, 0xC3B2
    dd 0xCC76, 0xAA83
    dd 0xCC77, 0xAA84
    dd 0xCC78, 0xAA85
    dd 0xCC79, 0xAA86
    dd 0xCC7A, 0xAA87
    dd 0xCC7B, 0xAA88
    dd 0xCC7C, 0xAA89
    dd 0xCC7D, 0xAA8A
    dd 0xCC7E, 0xAA8B
    dd 0xCC7F, 0xAA8C
    dd 0xCC80, 0xAA8D
    dd 0xCC81, 0xAA8E
    dd 0xCC82, 0xAA8F
    dd 0xCC83, 0xAA90
    dd 0xCC84, 0xAA91
    dd 0xCC85, 0xAA92
    dd 0xCC86, 0xAA93
    dd 0xCC87, 0xAA94
    dd 0xCC88, 0xAA95
    dd 0xCC89, 0xAA96
    dd 0xCC8A, 0xAA97
    dd 0xCC8B, 0xAA98
    dd 0xCC8C, 0xAA99
    dd 0xCC8D, 0xAA9A
    dd 0xCC8E, 0xAA9B
    dd 0xCC8F, 0xAA9C
    dd 0xCC90, 0xAA9D
    dd 0xCC91, 0xAA9E
    dd 0xCC92, 0xAA9F
    dd 0xCC93, 0xAAA0
    dd 0xCC94, 0xAB41
    dd 0xCC95, 0xAB42
    dd 0xCC96, 0xAB43
    dd 0xCC97, 0xAB44
    dd 0xCC98, 0xC3B3
    dd 0xCC99, 0xC3B4
    dd 0xCC9A, 0xAB45
    dd 0xCC9B, 0xAB46
    dd 0xCC9C, 0xC3B5
    dd 0xCC9D, 0xAB47
    dd 0xCC9E, 0xAB48
    dd 0xCC9F, 0xAB49
    dd 0xCCA0, 0xC3B6
    dd 0xCCA1, 0xAB4A
    dd 0xCCA2, 0xAB4B
    dd 0xCCA3, 0xAB4C
    dd 0xCCA4, 0xAB4D
    dd 0xCCA5, 0xAB4E
    dd 0xCCA6, 0xAB4F
    dd 0xCCA7, 0xAB50
    dd 0xCCA8, 0xC3B7
    dd 0xCCA9, 0xC3B8
    dd 0xCCAA, 0xAB51
    dd 0xCCAB, 0xC3B9
    dd 0xCCAC, 0xC3BA
    dd 0xCCAD, 0xC3BB
    dd 0xCCAE, 0xAB52
    dd 0xCCAF, 0xAB53
    dd 0xCCB0, 0xAB54
    dd 0xCCB1, 0xAB55
    dd 0xCCB2, 0xAB56
    dd 0xCCB3, 0xAB57
    dd 0xCCB4, 0xC3BC
    dd 0xCCB5, 0xC3BD
    dd 0xCCB6, 0xAB58
    dd 0xCCB7, 0xAB59
    dd 0xCCB8, 0xC3BE
    dd 0xCCB9, 0xAB5A
    dd 0xCCBA, 0xAB61
    dd 0xCCBB, 0xAB62
    dd 0xCCBC, 0xC3BF
    dd 0xCCBD, 0xAB63
    dd 0xCCBE, 0xAB64
    dd 0xCCBF, 0xAB65
    dd 0xCCC0, 0xAB66
    dd 0xCCC1, 0xAB67
    dd 0xCCC2, 0xAB68
    dd 0xCCC3, 0xAB69
    dd 0xCCC4, 0xC3C0
    dd 0xCCC5, 0xC3C1
    dd 0xCCC6, 0xAB6A
    dd 0xCCC7, 0xC3C2
    dd 0xCCC8, 0xAB6B
    dd 0xCCC9, 0xC3C3
    dd 0xCCCA, 0xAB6C
    dd 0xCCCB, 0xAB6D
    dd 0xCCCC, 0xAB6E
    dd 0xCCCD, 0xAB6F
    dd 0xCCCE, 0xAB70
    dd 0xCCCF, 0xAB71
    dd 0xCCD0, 0xC3C4
    dd 0xCCD1, 0xAB72
    dd 0xCCD2, 0xAB73
    dd 0xCCD3, 0xAB74
    dd 0xCCD4, 0xC3C5
    dd 0xCCD5, 0xAB75
    dd 0xCCD6, 0xAB76
    dd 0xCCD7, 0xAB77
    dd 0xCCD8, 0xAB78
    dd 0xCCD9, 0xAB79
    dd 0xCCDA, 0xAB7A
    dd 0xCCDB, 0xAB81
    dd 0xCCDC, 0xAB82
    dd 0xCCDD, 0xAB83
    dd 0xCCDE, 0xAB84
    dd 0xCCDF, 0xAB85
    dd 0xCCE0, 0xAB86
    dd 0xCCE1, 0xAB87
    dd 0xCCE2, 0xAB88
    dd 0xCCE3, 0xAB89
    dd 0xCCE4, 0xC3C6
    dd 0xCCE5, 0xAB8A
    dd 0xCCE6, 0xAB8B
    dd 0xCCE7, 0xAB8C
    dd 0xCCE8, 0xAB8D
    dd 0xCCE9, 0xAB8E
    dd 0xCCEA, 0xAB8F
    dd 0xCCEB, 0xAB90
    dd 0xCCEC, 0xC3C7
    dd 0xCCED, 0xAB91
    dd 0xCCEE, 0xAB92
    dd 0xCCEF, 0xAB93
    dd 0xCCF0, 0xC3C8
    dd 0xCCF1, 0xAB94
    dd 0xCCF2, 0xAB95
    dd 0xCCF3, 0xAB96
    dd 0xCCF4, 0xAB97
    dd 0xCCF5, 0xAB98
    dd 0xCCF6, 0xAB99
    dd 0xCCF7, 0xAB9A
    dd 0xCCF8, 0xAB9B
    dd 0xCCF9, 0xAB9C
    dd 0xCCFA, 0xAB9D
    dd 0xCCFB, 0xAB9E
    dd 0xCCFC, 0xAB9F
    dd 0xCCFD, 0xABA0
    dd 0xCCFE, 0xAC41
    dd 0xCCFF, 0xAC42
    dd 0xCD00, 0xAC43
    dd 0xCD01, 0xC3C9
    dd 0xCD02, 0xAC44
    dd 0xCD03, 0xAC45
    dd 0xCD04, 0xAC46
    dd 0xCD05, 0xAC47
    dd 0xCD06, 0xAC48
    dd 0xCD07, 0xAC49
    dd 0xCD08, 0xC3CA
    dd 0xCD09, 0xC3CB
    dd 0xCD0A, 0xAC4A
    dd 0xCD0B, 0xAC4B
    dd 0xCD0C, 0xC3CC
    dd 0xCD0D, 0xAC4C
    dd 0xCD0E, 0xAC4D
    dd 0xCD0F, 0xAC4E
    dd 0xCD10, 0xC3CD
    dd 0xCD11, 0xAC4F
    dd 0xCD12, 0xAC50
    dd 0xCD13, 0xAC51
    dd 0xCD14, 0xAC52
    dd 0xCD15, 0xAC53
    dd 0xCD16, 0xAC54
    dd 0xCD17, 0xAC55
    dd 0xCD18, 0xC3CE
    dd 0xCD19, 0xC3CF
    dd 0xCD1A, 0xAC56
    dd 0xCD1B, 0xC3D0
    dd 0xCD1C, 0xAC57
    dd 0xCD1D, 0xC3D1
    dd 0xCD1E, 0xAC58
    dd 0xCD1F, 0xAC59
    dd 0xCD20, 0xAC5A
    dd 0xCD21, 0xAC61
    dd 0xCD22, 0xAC62
    dd 0xCD23, 0xAC63
    dd 0xCD24, 0xC3D2
    dd 0xCD25, 0xAC64
    dd 0xCD26, 0xAC65
    dd 0xCD27, 0xAC66
    dd 0xCD28, 0xC3D3
    dd 0xCD29, 0xAC67
    dd 0xCD2A, 0xAC68
    dd 0xCD2B, 0xAC69
    dd 0xCD2C, 0xC3D4
    dd 0xCD2D, 0xAC6A
    dd 0xCD2E, 0xAC6B
    dd 0xCD2F, 0xAC6C
    dd 0xCD30, 0xAC6D
    dd 0xCD31, 0xAC6E
    dd 0xCD32, 0xAC6F
    dd 0xCD33, 0xAC70
    dd 0xCD34, 0xAC71
    dd 0xCD35, 0xAC72
    dd 0xCD36, 0xAC73
    dd 0xCD37, 0xAC74
    dd 0xCD38, 0xAC75
    dd 0xCD39, 0xC3D5
    dd 0xCD3A, 0xAC76
    dd 0xCD3B, 0xAC77
    dd 0xCD3C, 0xAC78
    dd 0xCD3D, 0xAC79
    dd 0xCD3E, 0xAC7A
    dd 0xCD3F, 0xAC81
    dd 0xCD40, 0xAC82
    dd 0xCD41, 0xAC83
    dd 0xCD42, 0xAC84
    dd 0xCD43, 0xAC85
    dd 0xCD44, 0xAC86
    dd 0xCD45, 0xAC87
    dd 0xCD46, 0xAC88
    dd 0xCD47, 0xAC89
    dd 0xCD48, 0xAC8A
    dd 0xCD49, 0xAC8B
    dd 0xCD4A, 0xAC8C
    dd 0xCD4B, 0xAC8D
    dd 0xCD4C, 0xAC8E
    dd 0xCD4D, 0xAC8F
    dd 0xCD4E, 0xAC90
    dd 0xCD4F, 0xAC91
    dd 0xCD50, 0xAC92
    dd 0xCD51, 0xAC93
    dd 0xCD52, 0xAC94
    dd 0xCD53, 0xAC95
    dd 0xCD54, 0xAC96
    dd 0xCD55, 0xAC97
    dd 0xCD56, 0xAC98
    dd 0xCD57, 0xAC99
    dd 0xCD58, 0xAC9A
    dd 0xCD59, 0xAC9B
    dd 0xCD5A, 0xAC9C
    dd 0xCD5B, 0xAC9D
    dd 0xCD5C, 0xC3D6
    dd 0xCD5D, 0xAC9E
    dd 0xCD5E, 0xAC9F
    dd 0xCD5F, 0xACA0
    dd 0xCD60, 0xC3D7
    dd 0xCD61, 0xAD41
    dd 0xCD62, 0xAD42
    dd 0xCD63, 0xAD43
    dd 0xCD64, 0xC3D8
    dd 0xCD65, 0xAD44
    dd 0xCD66, 0xAD45
    dd 0xCD67, 0xAD46
    dd 0xCD68, 0xAD47
    dd 0xCD69, 0xAD48
    dd 0xCD6A, 0xAD49
    dd 0xCD6B, 0xAD4A
    dd 0xCD6C, 0xC3D9
    dd 0xCD6D, 0xC3DA
    dd 0xCD6E, 0xAD4B
    dd 0xCD6F, 0xC3DB
    dd 0xCD70, 0xAD4C
    dd 0xCD71, 0xC3DC
    dd 0xCD72, 0xAD4D
    dd 0xCD73, 0xAD4E
    dd 0xCD74, 0xAD4F
    dd 0xCD75, 0xAD50
    dd 0xCD76, 0xAD51
    dd 0xCD77, 0xAD52
    dd 0xCD78, 0xC3DD
    dd 0xCD79, 0xAD53
    dd 0xCD7A, 0xAD54
    dd 0xCD7B, 0xAD55
    dd 0xCD7C, 0xAD56
    dd 0xCD7D, 0xAD57
    dd 0xCD7E, 0xAD58
    dd 0xCD7F, 0xAD59
    dd 0xCD80, 0xAD5A
    dd 0xCD81, 0xAD61
    dd 0xCD82, 0xAD62
    dd 0xCD83, 0xAD63
    dd 0xCD84, 0xAD64
    dd 0xCD85, 0xAD65
    dd 0xCD86, 0xAD66
    dd 0xCD87, 0xAD67
    dd 0xCD88, 0xC3DE
    dd 0xCD89, 0xAD68
    dd 0xCD8A, 0xAD69
    dd 0xCD8B, 0xAD6A
    dd 0xCD8C, 0xAD6B
    dd 0xCD8D, 0xAD6C
    dd 0xCD8E, 0xAD6D
    dd 0xCD8F, 0xAD6E
    dd 0xCD90, 0xAD6F
    dd 0xCD91, 0xAD70
    dd 0xCD92, 0xAD71
    dd 0xCD93, 0xAD72
    dd 0xCD94, 0xC3DF
    dd 0xCD95, 0xC3E0
    dd 0xCD96, 0xAD73
    dd 0xCD97, 0xAD74
    dd 0xCD98, 0xC3E1
    dd 0xCD99, 0xAD75
    dd 0xCD9A, 0xAD76
    dd 0xCD9B, 0xAD77
    dd 0xCD9C, 0xC3E2
    dd 0xCD9D, 0xAD78
    dd 0xCD9E, 0xAD79
    dd 0xCD9F, 0xAD7A
    dd 0xCDA0, 0xAD81
    dd 0xCDA1, 0xAD82
    dd 0xCDA2, 0xAD83
    dd 0xCDA3, 0xAD84
    dd 0xCDA4, 0xC3E3
    dd 0xCDA5, 0xC3E4
    dd 0xCDA6, 0xAD85
    dd 0xCDA7, 0xC3E5
    dd 0xCDA8, 0xAD86
    dd 0xCDA9, 0xC3E6
    dd 0xCDAA, 0xAD87
    dd 0xCDAB, 0xAD88
    dd 0xCDAC, 0xAD89
    dd 0xCDAD, 0xAD8A
    dd 0xCDAE, 0xAD8B
    dd 0xCDAF, 0xAD8C
    dd 0xCDB0, 0xC3E7
    dd 0xCDB1, 0xAD8D
    dd 0xCDB2, 0xAD8E
    dd 0xCDB3, 0xAD8F
    dd 0xCDB4, 0xAD90
    dd 0xCDB5, 0xAD91
    dd 0xCDB6, 0xAD92
    dd 0xCDB7, 0xAD93
    dd 0xCDB8, 0xAD94
    dd 0xCDB9, 0xAD95
    dd 0xCDBA, 0xAD96
    dd 0xCDBB, 0xAD97
    dd 0xCDBC, 0xAD98
    dd 0xCDBD, 0xAD99
    dd 0xCDBE, 0xAD9A
    dd 0xCDBF, 0xAD9B
    dd 0xCDC0, 0xAD9C
    dd 0xCDC1, 0xAD9D
    dd 0xCDC2, 0xAD9E
    dd 0xCDC3, 0xAD9F
    dd 0xCDC4, 0xC3E8
    dd 0xCDC5, 0xADA0
    dd 0xCDC6, 0xAE41
    dd 0xCDC7, 0xAE42
    dd 0xCDC8, 0xAE43
    dd 0xCDC9, 0xAE44
    dd 0xCDCA, 0xAE45
    dd 0xCDCB, 0xAE46
    dd 0xCDCC, 0xC3E9
    dd 0xCDCD, 0xAE47
    dd 0xCDCE, 0xAE48
    dd 0xCDCF, 0xAE49
    dd 0xCDD0, 0xC3EA
    dd 0xCDD1, 0xAE4A
    dd 0xCDD2, 0xAE4B
    dd 0xCDD3, 0xAE4C
    dd 0xCDD4, 0xAE4D
    dd 0xCDD5, 0xAE4E
    dd 0xCDD6, 0xAE4F
    dd 0xCDD7, 0xAE50
    dd 0xCDD8, 0xAE51
    dd 0xCDD9, 0xAE52
    dd 0xCDDA, 0xAE53
    dd 0xCDDB, 0xAE54
    dd 0xCDDC, 0xAE55
    dd 0xCDDD, 0xAE56
    dd 0xCDDE, 0xAE57
    dd 0xCDDF, 0xAE58
    dd 0xCDE0, 0xAE59
    dd 0xCDE1, 0xAE5A
    dd 0xCDE2, 0xAE61
    dd 0xCDE3, 0xAE62
    dd 0xCDE4, 0xAE63
    dd 0xCDE5, 0xAE64
    dd 0xCDE6, 0xAE65
    dd 0xCDE7, 0xAE66
    dd 0xCDE8, 0xC3EB
    dd 0xCDE9, 0xAE67
    dd 0xCDEA, 0xAE68
    dd 0xCDEB, 0xAE69
    dd 0xCDEC, 0xC3EC
    dd 0xCDED, 0xAE6A
    dd 0xCDEE, 0xAE6B
    dd 0xCDEF, 0xAE6C
    dd 0xCDF0, 0xC3ED
    dd 0xCDF1, 0xAE6D
    dd 0xCDF2, 0xAE6E
    dd 0xCDF3, 0xAE6F
    dd 0xCDF4, 0xAE70
    dd 0xCDF5, 0xAE71
    dd 0xCDF6, 0xAE72
    dd 0xCDF7, 0xAE73
    dd 0xCDF8, 0xC3EE
    dd 0xCDF9, 0xC3EF
    dd 0xCDFA, 0xAE74
    dd 0xCDFB, 0xC3F0
    dd 0xCDFC, 0xAE75
    dd 0xCDFD, 0xC3F1
    dd 0xCDFE, 0xAE76
    dd 0xCDFF, 0xAE77
    dd 0xCE00, 0xAE78
    dd 0xCE01, 0xAE79
    dd 0xCE02, 0xAE7A
    dd 0xCE03, 0xAE81
    dd 0xCE04, 0xC3F2
    dd 0xCE05, 0xAE82
    dd 0xCE06, 0xAE83
    dd 0xCE07, 0xAE84
    dd 0xCE08, 0xC3F3
    dd 0xCE09, 0xAE85
    dd 0xCE0A, 0xAE86
    dd 0xCE0B, 0xAE87
    dd 0xCE0C, 0xC3F4
    dd 0xCE0D, 0xAE88
    dd 0xCE0E, 0xAE89
    dd 0xCE0F, 0xAE8A
    dd 0xCE10, 0xAE8B
    dd 0xCE11, 0xAE8C
    dd 0xCE12, 0xAE8D
    dd 0xCE13, 0xAE8E
    dd 0xCE14, 0xC3F5
    dd 0xCE15, 0xAE8F
    dd 0xCE16, 0xAE90
    dd 0xCE17, 0xAE91
    dd 0xCE18, 0xAE92
    dd 0xCE19, 0xC3F6
    dd 0xCE1A, 0xAE93
    dd 0xCE1B, 0xAE94
    dd 0xCE1C, 0xAE95
    dd 0xCE1D, 0xAE96
    dd 0xCE1E, 0xAE97
    dd 0xCE1F, 0xAE98
    dd 0xCE20, 0xC3F7
    dd 0xCE21, 0xC3F8
    dd 0xCE22, 0xAE99
    dd 0xCE23, 0xAE9A
    dd 0xCE24, 0xC3F9
    dd 0xCE25, 0xAE9B
    dd 0xCE26, 0xAE9C
    dd 0xCE27, 0xAE9D
    dd 0xCE28, 0xC3FA
    dd 0xCE29, 0xAE9E
    dd 0xCE2A, 0xAE9F
    dd 0xCE2B, 0xAEA0
    dd 0xCE2C, 0xAF41
    dd 0xCE2D, 0xAF42
    dd 0xCE2E, 0xAF43
    dd 0xCE2F, 0xAF44
    dd 0xCE30, 0xC3FB
    dd 0xCE31, 0xC3FC
    dd 0xCE32, 0xAF45
    dd 0xCE33, 0xC3FD
    dd 0xCE34, 0xAF46
    dd 0xCE35, 0xC3FE
    dd 0xCE36, 0xAF47
    dd 0xCE37, 0xAF48
    dd 0xCE38, 0xAF49
    dd 0xCE39, 0xAF4A
    dd 0xCE3A, 0xAF4B
    dd 0xCE3B, 0xAF4C
    dd 0xCE3C, 0xAF4D
    dd 0xCE3D, 0xAF4E
    dd 0xCE3E, 0xAF4F
    dd 0xCE3F, 0xAF50
    dd 0xCE40, 0xAF51
    dd 0xCE41, 0xAF52
    dd 0xCE42, 0xAF53
    dd 0xCE43, 0xAF54
    dd 0xCE44, 0xAF55
    dd 0xCE45, 0xAF56
    dd 0xCE46, 0xAF57
    dd 0xCE47, 0xAF58
    dd 0xCE48, 0xAF59
    dd 0xCE49, 0xAF5A
    dd 0xCE4A, 0xAF61
    dd 0xCE4B, 0xAF62
    dd 0xCE4C, 0xAF63
    dd 0xCE4D, 0xAF64
    dd 0xCE4E, 0xAF65
    dd 0xCE4F, 0xAF66
    dd 0xCE50, 0xAF67
    dd 0xCE51, 0xAF68
    dd 0xCE52, 0xAF69
    dd 0xCE53, 0xAF6A
    dd 0xCE54, 0xAF6B
    dd 0xCE55, 0xAF6C
    dd 0xCE56, 0xAF6D
    dd 0xCE57, 0xAF6E
    dd 0xCE58, 0xC4A1
    dd 0xCE59, 0xC4A2
    dd 0xCE5A, 0xAF6F
    dd 0xCE5B, 0xAF70
    dd 0xCE5C, 0xC4A3
    dd 0xCE5D, 0xAF71
    dd 0xCE5E, 0xAF72
    dd 0xCE5F, 0xC4A4
    dd 0xCE60, 0xC4A5
    dd 0xCE61, 0xC4A6
    dd 0xCE62, 0xAF73
    dd 0xCE63, 0xAF74
    dd 0xCE64, 0xAF75
    dd 0xCE65, 0xAF76
    dd 0xCE66, 0xAF77
    dd 0xCE67, 0xAF78
    dd 0xCE68, 0xC4A7
    dd 0xCE69, 0xC4A8
    dd 0xCE6A, 0xAF79
    dd 0xCE6B, 0xC4A9
    dd 0xCE6C, 0xAF7A
    dd 0xCE6D, 0xC4AA
    dd 0xCE6E, 0xAF81
    dd 0xCE6F, 0xAF82
    dd 0xCE70, 0xAF83
    dd 0xCE71, 0xAF84
    dd 0xCE72, 0xAF85
    dd 0xCE73, 0xAF86
    dd 0xCE74, 0xC4AB
    dd 0xCE75, 0xC4AC
    dd 0xCE76, 0xAF87
    dd 0xCE77, 0xAF88
    dd 0xCE78, 0xC4AD
    dd 0xCE79, 0xAF89
    dd 0xCE7A, 0xAF8A
    dd 0xCE7B, 0xAF8B
    dd 0xCE7C, 0xC4AE
    dd 0xCE7D, 0xAF8C
    dd 0xCE7E, 0xAF8D
    dd 0xCE7F, 0xAF8E
    dd 0xCE80, 0xAF8F
    dd 0xCE81, 0xAF90
    dd 0xCE82, 0xAF91
    dd 0xCE83, 0xAF92
    dd 0xCE84, 0xC4AF
    dd 0xCE85, 0xC4B0
    dd 0xCE86, 0xAF93
    dd 0xCE87, 0xC4B1
    dd 0xCE88, 0xAF94
    dd 0xCE89, 0xC4B2
    dd 0xCE8A, 0xAF95
    dd 0xCE8B, 0xAF96
    dd 0xCE8C, 0xAF97
    dd 0xCE8D, 0xAF98
    dd 0xCE8E, 0xAF99
    dd 0xCE8F, 0xAF9A
    dd 0xCE90, 0xC4B3
    dd 0xCE91, 0xC4B4
    dd 0xCE92, 0xAF9B
    dd 0xCE93, 0xAF9C
    dd 0xCE94, 0xC4B5
    dd 0xCE95, 0xAF9D
    dd 0xCE96, 0xAF9E
    dd 0xCE97, 0xAF9F
    dd 0xCE98, 0xC4B6
    dd 0xCE99, 0xAFA0
    dd 0xCE9A, 0xB041
    dd 0xCE9B, 0xB042
    dd 0xCE9C, 0xB043
    dd 0xCE9D, 0xB044
    dd 0xCE9E, 0xB045
    dd 0xCE9F, 0xB046
    dd 0xCEA0, 0xC4B7
    dd 0xCEA1, 0xC4B8
    dd 0xCEA2, 0xB047
    dd 0xCEA3, 0xC4B9
    dd 0xCEA4, 0xC4BA
    dd 0xCEA5, 0xC4BB
    dd 0xCEA6, 0xB048
    dd 0xCEA7, 0xB049
    dd 0xCEA8, 0xB04A
    dd 0xCEA9, 0xB04B
    dd 0xCEAA, 0xB04C
    dd 0xCEAB, 0xB04D
    dd 0xCEAC, 0xC4BC
    dd 0xCEAD, 0xC4BD
    dd 0xCEAE, 0xB04E
    dd 0xCEAF, 0xB04F
    dd 0xCEB0, 0xB050
    dd 0xCEB1, 0xB051
    dd 0xCEB2, 0xB052
    dd 0xCEB3, 0xB053
    dd 0xCEB4, 0xB054
    dd 0xCEB5, 0xB055
    dd 0xCEB6, 0xB056
    dd 0xCEB7, 0xB057
    dd 0xCEB8, 0xB058
    dd 0xCEB9, 0xB059
    dd 0xCEBA, 0xB05A
    dd 0xCEBB, 0xB061
    dd 0xCEBC, 0xB062
    dd 0xCEBD, 0xB063
    dd 0xCEBE, 0xB064
    dd 0xCEBF, 0xB065
    dd 0xCEC0, 0xB066
    dd 0xCEC1, 0xC4BE
    dd 0xCEC2, 0xB067
    dd 0xCEC3, 0xB068
    dd 0xCEC4, 0xB069
    dd 0xCEC5, 0xB06A
    dd 0xCEC6, 0xB06B
    dd 0xCEC7, 0xB06C
    dd 0xCEC8, 0xB06D
    dd 0xCEC9, 0xB06E
    dd 0xCECA, 0xB06F
    dd 0xCECB, 0xB070
    dd 0xCECC, 0xB071
    dd 0xCECD, 0xB072
    dd 0xCECE, 0xB073
    dd 0xCECF, 0xB074
    dd 0xCED0, 0xB075
    dd 0xCED1, 0xB076
    dd 0xCED2, 0xB077
    dd 0xCED3, 0xB078
    dd 0xCED4, 0xB079
    dd 0xCED5, 0xB07A
    dd 0xCED6, 0xB081
    dd 0xCED7, 0xB082
    dd 0xCED8, 0xB083
    dd 0xCED9, 0xB084
    dd 0xCEDA, 0xB085
    dd 0xCEDB, 0xB086
    dd 0xCEDC, 0xB087
    dd 0xCEDD, 0xB088
    dd 0xCEDE, 0xB089
    dd 0xCEDF, 0xB08A
    dd 0xCEE0, 0xB08B
    dd 0xCEE1, 0xB08C
    dd 0xCEE2, 0xB08D
    dd 0xCEE3, 0xB08E
    dd 0xCEE4, 0xC4BF
    dd 0xCEE5, 0xC4C0
    dd 0xCEE6, 0xB08F
    dd 0xCEE7, 0xB090
    dd 0xCEE8, 0xC4C1
    dd 0xCEE9, 0xB091
    dd 0xCEEA, 0xB092
    dd 0xCEEB, 0xC4C2
    dd 0xCEEC, 0xC4C3
    dd 0xCEED, 0xB093
    dd 0xCEEE, 0xB094
    dd 0xCEEF, 0xB095
    dd 0xCEF0, 0xB096
    dd 0xCEF1, 0xB097
    dd 0xCEF2, 0xB098
    dd 0xCEF3, 0xB099
    dd 0xCEF4, 0xC4C4
    dd 0xCEF5, 0xC4C5
    dd 0xCEF6, 0xB09A
    dd 0xCEF7, 0xC4C6
    dd 0xCEF8, 0xC4C7
    dd 0xCEF9, 0xC4C8
    dd 0xCEFA, 0xB09B
    dd 0xCEFB, 0xB09C
    dd 0xCEFC, 0xB09D
    dd 0xCEFD, 0xB09E
    dd 0xCEFE, 0xB09F
    dd 0xCEFF, 0xB0A0
    dd 0xCF00, 0xC4C9
    dd 0xCF01, 0xC4CA
    dd 0xCF02, 0xB141
    dd 0xCF03, 0xB142
    dd 0xCF04, 0xC4CB
    dd 0xCF05, 0xB143
    dd 0xCF06, 0xB144
    dd 0xCF07, 0xB145
    dd 0xCF08, 0xC4CC
    dd 0xCF09, 0xB146
    dd 0xCF0A, 0xB147
    dd 0xCF0B, 0xB148
    dd 0xCF0C, 0xB149
    dd 0xCF0D, 0xB14A
    dd 0xCF0E, 0xB14B
    dd 0xCF0F, 0xB14C
    dd 0xCF10, 0xC4CD
    dd 0xCF11, 0xC4CE
    dd 0xCF12, 0xB14D
    dd 0xCF13, 0xC4CF
    dd 0xCF14, 0xB14E
    dd 0xCF15, 0xC4D0
    dd 0xCF16, 0xB14F
    dd 0xCF17, 0xB150
    dd 0xCF18, 0xB151
    dd 0xCF19, 0xB152
    dd 0xCF1A, 0xB153
    dd 0xCF1B, 0xB154
    dd 0xCF1C, 0xC4D1
    dd 0xCF1D, 0xB155
    dd 0xCF1E, 0xB156
    dd 0xCF1F, 0xB157
    dd 0xCF20, 0xC4D2
    dd 0xCF21, 0xB158
    dd 0xCF22, 0xB159
    dd 0xCF23, 0xB15A
    dd 0xCF24, 0xC4D3
    dd 0xCF25, 0xB161
    dd 0xCF26, 0xB162
    dd 0xCF27, 0xB163
    dd 0xCF28, 0xB164
    dd 0xCF29, 0xB165
    dd 0xCF2A, 0xB166
    dd 0xCF2B, 0xB167
    dd 0xCF2C, 0xC4D4
    dd 0xCF2D, 0xC4D5
    dd 0xCF2E, 0xB168
    dd 0xCF2F, 0xC4D6
    dd 0xCF30, 0xC4D7
    dd 0xCF31, 0xC4D8
    dd 0xCF32, 0xB169
    dd 0xCF33, 0xB16A
    dd 0xCF34, 0xB16B
    dd 0xCF35, 0xB16C
    dd 0xCF36, 0xB16D
    dd 0xCF37, 0xB16E
    dd 0xCF38, 0xC4D9
    dd 0xCF39, 0xB16F
    dd 0xCF3A, 0xB170
    dd 0xCF3B, 0xB171
    dd 0xCF3C, 0xB172
    dd 0xCF3D, 0xB173
    dd 0xCF3E, 0xB174
    dd 0xCF3F, 0xB175
    dd 0xCF40, 0xB176
    dd 0xCF41, 0xB177
    dd 0xCF42, 0xB178
    dd 0xCF43, 0xB179
    dd 0xCF44, 0xB17A
    dd 0xCF45, 0xB181
    dd 0xCF46, 0xB182
    dd 0xCF47, 0xB183
    dd 0xCF48, 0xB184
    dd 0xCF49, 0xB185
    dd 0xCF4A, 0xB186
    dd 0xCF4B, 0xB187
    dd 0xCF4C, 0xB188
    dd 0xCF4D, 0xB189
    dd 0xCF4E, 0xB18A
    dd 0xCF4F, 0xB18B
    dd 0xCF50, 0xB18C
    dd 0xCF51, 0xB18D
    dd 0xCF52, 0xB18E
    dd 0xCF53, 0xB18F
    dd 0xCF54, 0xC4DA
    dd 0xCF55, 0xC4DB
    dd 0xCF56, 0xB190
    dd 0xCF57, 0xB191
    dd 0xCF58, 0xC4DC
    dd 0xCF59, 0xB192
    dd 0xCF5A, 0xB193
    dd 0xCF5B, 0xB194
    dd 0xCF5C, 0xC4DD
    dd 0xCF5D, 0xB195
    dd 0xCF5E, 0xB196
    dd 0xCF5F, 0xB197
    dd 0xCF60, 0xB198
    dd 0xCF61, 0xB199
    dd 0xCF62, 0xB19A
    dd 0xCF63, 0xB19B
    dd 0xCF64, 0xC4DE
    dd 0xCF65, 0xC4DF
    dd 0xCF66, 0xB19C
    dd 0xCF67, 0xC4E0
    dd 0xCF68, 0xB19D
    dd 0xCF69, 0xC4E1
    dd 0xCF6A, 0xB19E
    dd 0xCF6B, 0xB19F
    dd 0xCF6C, 0xB1A0
    dd 0xCF6D, 0xB241
    dd 0xCF6E, 0xB242
    dd 0xCF6F, 0xB243
    dd 0xCF70, 0xC4E2
    dd 0xCF71, 0xC4E3
    dd 0xCF72, 0xB244
    dd 0xCF73, 0xB245
    dd 0xCF74, 0xC4E4
    dd 0xCF75, 0xB246
    dd 0xCF76, 0xB247
    dd 0xCF77, 0xB248
    dd 0xCF78, 0xC4E5
    dd 0xCF79, 0xB249
    dd 0xCF7A, 0xB24A
    dd 0xCF7B, 0xB24B
    dd 0xCF7C, 0xB24C
    dd 0xCF7D, 0xB24D
    dd 0xCF7E, 0xB24E
    dd 0xCF7F, 0xB24F
    dd 0xCF80, 0xC4E6
    dd 0xCF81, 0xB250
    dd 0xCF82, 0xB251
    dd 0xCF83, 0xB252
    dd 0xCF84, 0xB253
    dd 0xCF85, 0xC4E7
    dd 0xCF86, 0xB254
    dd 0xCF87, 0xB255
    dd 0xCF88, 0xB256
    dd 0xCF89, 0xB257
    dd 0xCF8A, 0xB258
    dd 0xCF8B, 0xB259
    dd 0xCF8C, 0xC4E8
    dd 0xCF8D, 0xB25A
    dd 0xCF8E, 0xB261
    dd 0xCF8F, 0xB262
    dd 0xCF90, 0xB263
    dd 0xCF91, 0xB264
    dd 0xCF92, 0xB265
    dd 0xCF93, 0xB266
    dd 0xCF94, 0xB267
    dd 0xCF95, 0xB268
    dd 0xCF96, 0xB269
    dd 0xCF97, 0xB26A
    dd 0xCF98, 0xB26B
    dd 0xCF99, 0xB26C
    dd 0xCF9A, 0xB26D
    dd 0xCF9B, 0xB26E
    dd 0xCF9C, 0xB26F
    dd 0xCF9D, 0xB270
    dd 0xCF9E, 0xB271
    dd 0xCF9F, 0xB272
    dd 0xCFA0, 0xB273
    dd 0xCFA1, 0xC4E9
    dd 0xCFA2, 0xB274
    dd 0xCFA3, 0xB275
    dd 0xCFA4, 0xB276
    dd 0xCFA5, 0xB277
    dd 0xCFA6, 0xB278
    dd 0xCFA7, 0xB279
    dd 0xCFA8, 0xC4EA
    dd 0xCFA9, 0xB27A
    dd 0xCFAA, 0xB281
    dd 0xCFAB, 0xB282
    dd 0xCFAC, 0xB283
    dd 0xCFAD, 0xB284
    dd 0xCFAE, 0xB285
    dd 0xCFAF, 0xB286
    dd 0xCFB0, 0xC4EB
    dd 0xCFB1, 0xB287
    dd 0xCFB2, 0xB288
    dd 0xCFB3, 0xB289
    dd 0xCFB4, 0xB28A
    dd 0xCFB5, 0xB28B
    dd 0xCFB6, 0xB28C
    dd 0xCFB7, 0xB28D
    dd 0xCFB8, 0xB28E
    dd 0xCFB9, 0xB28F
    dd 0xCFBA, 0xB290
    dd 0xCFBB, 0xB291
    dd 0xCFBC, 0xB292
    dd 0xCFBD, 0xB293
    dd 0xCFBE, 0xB294
    dd 0xCFBF, 0xB295
    dd 0xCFC0, 0xB296
    dd 0xCFC1, 0xB297
    dd 0xCFC2, 0xB298
    dd 0xCFC3, 0xB299
    dd 0xCFC4, 0xC4EC
    dd 0xCFC5, 0xB29A
    dd 0xCFC6, 0xB29B
    dd 0xCFC7, 0xB29C
    dd 0xCFC8, 0xB29D
    dd 0xCFC9, 0xB29E
    dd 0xCFCA, 0xB29F
    dd 0xCFCB, 0xB2A0
    dd 0xCFCC, 0xB341
    dd 0xCFCD, 0xB342
    dd 0xCFCE, 0xB343
    dd 0xCFCF, 0xB344
    dd 0xCFD0, 0xB345
    dd 0xCFD1, 0xB346
    dd 0xCFD2, 0xB347
    dd 0xCFD3, 0xB348
    dd 0xCFD4, 0xB349
    dd 0xCFD5, 0xB34A
    dd 0xCFD6, 0xB34B
    dd 0xCFD7, 0xB34C
    dd 0xCFD8, 0xB34D
    dd 0xCFD9, 0xB34E
    dd 0xCFDA, 0xB34F
    dd 0xCFDB, 0xB350
    dd 0xCFDC, 0xB351
    dd 0xCFDD, 0xB352
    dd 0xCFDE, 0xB353
    dd 0xCFDF, 0xB354
    dd 0xCFE0, 0xC4ED
    dd 0xCFE1, 0xC4EE
    dd 0xCFE2, 0xB355
    dd 0xCFE3, 0xB356
    dd 0xCFE4, 0xC4EF
    dd 0xCFE5, 0xB357
    dd 0xCFE6, 0xB358
    dd 0xCFE7, 0xB359
    dd 0xCFE8, 0xC4F0
    dd 0xCFE9, 0xB35A
    dd 0xCFEA, 0xB361
    dd 0xCFEB, 0xB362
    dd 0xCFEC, 0xB363
    dd 0xCFED, 0xB364
    dd 0xCFEE, 0xB365
    dd 0xCFEF, 0xB366
    dd 0xCFF0, 0xC4F1
    dd 0xCFF1, 0xC4F2
    dd 0xCFF2, 0xB367
    dd 0xCFF3, 0xC4F3
    dd 0xCFF4, 0xB368
    dd 0xCFF5, 0xC4F4
    dd 0xCFF6, 0xB369
    dd 0xCFF7, 0xB36A
    dd 0xCFF8, 0xB36B
    dd 0xCFF9, 0xB36C
    dd 0xCFFA, 0xB36D
    dd 0xCFFB, 0xB36E
    dd 0xCFFC, 0xC4F5
    dd 0xCFFD, 0xB36F
    dd 0xCFFE, 0xB370
    dd 0xCFFF, 0xB371
    dd 0xD000, 0xC4F6
    dd 0xD001, 0xB372
    dd 0xD002, 0xB373
    dd 0xD003, 0xB374
    dd 0xD004, 0xC4F7
    dd 0xD005, 0xB375
    dd 0xD006, 0xB376
    dd 0xD007, 0xB377
    dd 0xD008, 0xB378
    dd 0xD009, 0xB379
    dd 0xD00A, 0xB37A
    dd 0xD00B, 0xB381
    dd 0xD00C, 0xB382
    dd 0xD00D, 0xB383
    dd 0xD00E, 0xB384
    dd 0xD00F, 0xB385
    dd 0xD010, 0xB386
    dd 0xD011, 0xC4F8
    dd 0xD012, 0xB387
    dd 0xD013, 0xB388
    dd 0xD014, 0xB389
    dd 0xD015, 0xB38A
    dd 0xD016, 0xB38B
    dd 0xD017, 0xB38C
    dd 0xD018, 0xC4F9
    dd 0xD019, 0xB38D
    dd 0xD01A, 0xB38E
    dd 0xD01B, 0xB38F
    dd 0xD01C, 0xB390
    dd 0xD01D, 0xB391
    dd 0xD01E, 0xB392
    dd 0xD01F, 0xB393
    dd 0xD020, 0xB394
    dd 0xD021, 0xB395
    dd 0xD022, 0xB396
    dd 0xD023, 0xB397
    dd 0xD024, 0xB398
    dd 0xD025, 0xB399
    dd 0xD026, 0xB39A
    dd 0xD027, 0xB39B
    dd 0xD028, 0xB39C
    dd 0xD029, 0xB39D
    dd 0xD02A, 0xB39E
    dd 0xD02B, 0xB39F
    dd 0xD02C, 0xB3A0
    dd 0xD02D, 0xC4FA
    dd 0xD02E, 0xB441
    dd 0xD02F, 0xB442
    dd 0xD030, 0xB443
    dd 0xD031, 0xB444
    dd 0xD032, 0xB445
    dd 0xD033, 0xB446
    dd 0xD034, 0xC4FB
    dd 0xD035, 0xC4FC
    dd 0xD036, 0xB447
    dd 0xD037, 0xB448
    dd 0xD038, 0xC4FD
    dd 0xD039, 0xB449
    dd 0xD03A, 0xB44A
    dd 0xD03B, 0xB44B
    dd 0xD03C, 0xC4FE
    dd 0xD03D, 0xB44C
    dd 0xD03E, 0xB44D
    dd 0xD03F, 0xB44E
    dd 0xD040, 0xB44F
    dd 0xD041, 0xB450
    dd 0xD042, 0xB451
    dd 0xD043, 0xB452
    dd 0xD044, 0xC5A1
    dd 0xD045, 0xC5A2
    dd 0xD046, 0xB453
    dd 0xD047, 0xC5A3
    dd 0xD048, 0xB454
    dd 0xD049, 0xC5A4
    dd 0xD04A, 0xB455
    dd 0xD04B, 0xB456
    dd 0xD04C, 0xB457
    dd 0xD04D, 0xB458
    dd 0xD04E, 0xB459
    dd 0xD04F, 0xB45A
    dd 0xD050, 0xC5A5
    dd 0xD051, 0xB461
    dd 0xD052, 0xB462
    dd 0xD053, 0xB463
    dd 0xD054, 0xC5A6
    dd 0xD055, 0xB464
    dd 0xD056, 0xB465
    dd 0xD057, 0xB466
    dd 0xD058, 0xC5A7
    dd 0xD059, 0xB467
    dd 0xD05A, 0xB468
    dd 0xD05B, 0xB469
    dd 0xD05C, 0xB46A
    dd 0xD05D, 0xB46B
    dd 0xD05E, 0xB46C
    dd 0xD05F, 0xB46D
    dd 0xD060, 0xC5A8
    dd 0xD061, 0xB46E
    dd 0xD062, 0xB46F
    dd 0xD063, 0xB470
    dd 0xD064, 0xB471
    dd 0xD065, 0xB472
    dd 0xD066, 0xB473
    dd 0xD067, 0xB474
    dd 0xD068, 0xB475
    dd 0xD069, 0xB476
    dd 0xD06A, 0xB477
    dd 0xD06B, 0xB478
    dd 0xD06C, 0xC5A9
    dd 0xD06D, 0xC5AA
    dd 0xD06E, 0xB479
    dd 0xD06F, 0xB47A
    dd 0xD070, 0xC5AB
    dd 0xD071, 0xB481
    dd 0xD072, 0xB482
    dd 0xD073, 0xB483
    dd 0xD074, 0xC5AC
    dd 0xD075, 0xB484
    dd 0xD076, 0xB485
    dd 0xD077, 0xB486
    dd 0xD078, 0xB487
    dd 0xD079, 0xB488
    dd 0xD07A, 0xB489
    dd 0xD07B, 0xB48A
    dd 0xD07C, 0xC5AD
    dd 0xD07D, 0xC5AE
    dd 0xD07E, 0xB48B
    dd 0xD07F, 0xB48C
    dd 0xD080, 0xB48D
    dd 0xD081, 0xC5AF
    dd 0xD082, 0xB48E
    dd 0xD083, 0xB48F
    dd 0xD084, 0xB490
    dd 0xD085, 0xB491
    dd 0xD086, 0xB492
    dd 0xD087, 0xB493
    dd 0xD088, 0xB494
    dd 0xD089, 0xB495
    dd 0xD08A, 0xB496
    dd 0xD08B, 0xB497
    dd 0xD08C, 0xB498
    dd 0xD08D, 0xB499
    dd 0xD08E, 0xB49A
    dd 0xD08F, 0xB49B
    dd 0xD090, 0xB49C
    dd 0xD091, 0xB49D
    dd 0xD092, 0xB49E
    dd 0xD093, 0xB49F
    dd 0xD094, 0xB4A0
    dd 0xD095, 0xB541
    dd 0xD096, 0xB542
    dd 0xD097, 0xB543
    dd 0xD098, 0xB544
    dd 0xD099, 0xB545
    dd 0xD09A, 0xB546
    dd 0xD09B, 0xB547
    dd 0xD09C, 0xB548
    dd 0xD09D, 0xB549
    dd 0xD09E, 0xB54A
    dd 0xD09F, 0xB54B
    dd 0xD0A0, 0xB54C
    dd 0xD0A1, 0xB54D
    dd 0xD0A2, 0xB54E
    dd 0xD0A3, 0xB54F
    dd 0xD0A4, 0xC5B0
    dd 0xD0A5, 0xC5B1
    dd 0xD0A6, 0xB550
    dd 0xD0A7, 0xB551
    dd 0xD0A8, 0xC5B2
    dd 0xD0A9, 0xB552
    dd 0xD0AA, 0xB553
    dd 0xD0AB, 0xB554
    dd 0xD0AC, 0xC5B3
    dd 0xD0AD, 0xB555
    dd 0xD0AE, 0xB556
    dd 0xD0AF, 0xB557
    dd 0xD0B0, 0xB558
    dd 0xD0B1, 0xB559
    dd 0xD0B2, 0xB55A
    dd 0xD0B3, 0xB561
    dd 0xD0B4, 0xC5B4
    dd 0xD0B5, 0xC5B5
    dd 0xD0B6, 0xB562
    dd 0xD0B7, 0xC5B6
    dd 0xD0B8, 0xB563
    dd 0xD0B9, 0xC5B7
    dd 0xD0BA, 0xB564
    dd 0xD0BB, 0xB565
    dd 0xD0BC, 0xB566
    dd 0xD0BD, 0xB567
    dd 0xD0BE, 0xB568
    dd 0xD0BF, 0xB569
    dd 0xD0C0, 0xC5B8
    dd 0xD0C1, 0xC5B9
    dd 0xD0C2, 0xB56A
    dd 0xD0C3, 0xB56B
    dd 0xD0C4, 0xC5BA
    dd 0xD0C5, 0xB56C
    dd 0xD0C6, 0xB56D
    dd 0xD0C7, 0xB56E
    dd 0xD0C8, 0xC5BB
    dd 0xD0C9, 0xC5BC
    dd 0xD0CA, 0xB56F
    dd 0xD0CB, 0xB570
    dd 0xD0CC, 0xB571
    dd 0xD0CD, 0xB572
    dd 0xD0CE, 0xB573
    dd 0xD0CF, 0xB574
    dd 0xD0D0, 0xC5BD
    dd 0xD0D1, 0xC5BE
    dd 0xD0D2, 0xB575
    dd 0xD0D3, 0xC5BF
    dd 0xD0D4, 0xC5C0
    dd 0xD0D5, 0xC5C1
    dd 0xD0D6, 0xB576
    dd 0xD0D7, 0xB577
    dd 0xD0D8, 0xB578
    dd 0xD0D9, 0xB579
    dd 0xD0DA, 0xB57A
    dd 0xD0DB, 0xB581
    dd 0xD0DC, 0xC5C2
    dd 0xD0DD, 0xC5C3
    dd 0xD0DE, 0xB582
    dd 0xD0DF, 0xB583
    dd 0xD0E0, 0xC5C4
    dd 0xD0E1, 0xB584
    dd 0xD0E2, 0xB585
    dd 0xD0E3, 0xB586
    dd 0xD0E4, 0xC5C5
    dd 0xD0E5, 0xB587
    dd 0xD0E6, 0xB588
    dd 0xD0E7, 0xB589
    dd 0xD0E8, 0xB58A
    dd 0xD0E9, 0xB58B
    dd 0xD0EA, 0xB58C
    dd 0xD0EB, 0xB58D
    dd 0xD0EC, 0xC5C6
    dd 0xD0ED, 0xC5C7
    dd 0xD0EE, 0xB58E
    dd 0xD0EF, 0xC5C8
    dd 0xD0F0, 0xC5C9
    dd 0xD0F1, 0xC5CA
    dd 0xD0F2, 0xB58F
    dd 0xD0F3, 0xB590
    dd 0xD0F4, 0xB591
    dd 0xD0F5, 0xB592
    dd 0xD0F6, 0xB593
    dd 0xD0F7, 0xB594
    dd 0xD0F8, 0xC5CB
    dd 0xD0F9, 0xB595
    dd 0xD0FA, 0xB596
    dd 0xD0FB, 0xB597
    dd 0xD0FC, 0xB598
    dd 0xD0FD, 0xB599
    dd 0xD0FE, 0xB59A
    dd 0xD0FF, 0xB59B
    dd 0xD100, 0xB59C
    dd 0xD101, 0xB59D
    dd 0xD102, 0xB59E
    dd 0xD103, 0xB59F
    dd 0xD104, 0xB5A0
    dd 0xD105, 0xB641
    dd 0xD106, 0xB642
    dd 0xD107, 0xB643
    dd 0xD108, 0xB644
    dd 0xD109, 0xB645
    dd 0xD10A, 0xB646
    dd 0xD10B, 0xB647
    dd 0xD10C, 0xB648
    dd 0xD10D, 0xC5CC
    dd 0xD10E, 0xB649
    dd 0xD10F, 0xB64A
    dd 0xD110, 0xB64B
    dd 0xD111, 0xB64C
    dd 0xD112, 0xB64D
    dd 0xD113, 0xB64E
    dd 0xD114, 0xB64F
    dd 0xD115, 0xB650
    dd 0xD116, 0xB651
    dd 0xD117, 0xB652
    dd 0xD118, 0xB653
    dd 0xD119, 0xB654
    dd 0xD11A, 0xB655
    dd 0xD11B, 0xB656
    dd 0xD11C, 0xB657
    dd 0xD11D, 0xB658
    dd 0xD11E, 0xB659
    dd 0xD11F, 0xB65A
    dd 0xD120, 0xB661
    dd 0xD121, 0xB662
    dd 0xD122, 0xB663
    dd 0xD123, 0xB664
    dd 0xD124, 0xB665
    dd 0xD125, 0xB666
    dd 0xD126, 0xB667
    dd 0xD127, 0xB668
    dd 0xD128, 0xB669
    dd 0xD129, 0xB66A
    dd 0xD12A, 0xB66B
    dd 0xD12B, 0xB66C
    dd 0xD12C, 0xB66D
    dd 0xD12D, 0xB66E
    dd 0xD12E, 0xB66F
    dd 0xD12F, 0xB670
    dd 0xD130, 0xC5CD
    dd 0xD131, 0xC5CE
    dd 0xD132, 0xB671
    dd 0xD133, 0xB672
    dd 0xD134, 0xC5CF
    dd 0xD135, 0xB673
    dd 0xD136, 0xB674
    dd 0xD137, 0xB675
    dd 0xD138, 0xC5D0
    dd 0xD139, 0xB676
    dd 0xD13A, 0xC5D1
    dd 0xD13B, 0xB677
    dd 0xD13C, 0xB678
    dd 0xD13D, 0xB679
    dd 0xD13E, 0xB67A
    dd 0xD13F, 0xB681
    dd 0xD140, 0xC5D2
    dd 0xD141, 0xC5D3
    dd 0xD142, 0xB682
    dd 0xD143, 0xC5D4
    dd 0xD144, 0xC5D5
    dd 0xD145, 0xC5D6
    dd 0xD146, 0xB683
    dd 0xD147, 0xB684
    dd 0xD148, 0xB685
    dd 0xD149, 0xB686
    dd 0xD14A, 0xB687
    dd 0xD14B, 0xB688
    dd 0xD14C, 0xC5D7
    dd 0xD14D, 0xC5D8
    dd 0xD14E, 0xB689
    dd 0xD14F, 0xB68A
    dd 0xD150, 0xC5D9
    dd 0xD151, 0xB68B
    dd 0xD152, 0xB68C
    dd 0xD153, 0xB68D
    dd 0xD154, 0xC5DA
    dd 0xD155, 0xB68E
    dd 0xD156, 0xB68F
    dd 0xD157, 0xB690
    dd 0xD158, 0xB691
    dd 0xD159, 0xB692
    dd 0xD15A, 0xB693
    dd 0xD15B, 0xB694
    dd 0xD15C, 0xC5DB
    dd 0xD15D, 0xC5DC
    dd 0xD15E, 0xB695
    dd 0xD15F, 0xC5DD
    dd 0xD160, 0xB696
    dd 0xD161, 0xC5DE
    dd 0xD162, 0xB697
    dd 0xD163, 0xB698
    dd 0xD164, 0xB699
    dd 0xD165, 0xB69A
    dd 0xD166, 0xB69B
    dd 0xD167, 0xB69C
    dd 0xD168, 0xC5DF
    dd 0xD169, 0xB69D
    dd 0xD16A, 0xB69E
    dd 0xD16B, 0xB69F
    dd 0xD16C, 0xC5E0
    dd 0xD16D, 0xB6A0
    dd 0xD16E, 0xB741
    dd 0xD16F, 0xB742
    dd 0xD170, 0xB743
    dd 0xD171, 0xB744
    dd 0xD172, 0xB745
    dd 0xD173, 0xB746
    dd 0xD174, 0xB747
    dd 0xD175, 0xB748
    dd 0xD176, 0xB749
    dd 0xD177, 0xB74A
    dd 0xD178, 0xB74B
    dd 0xD179, 0xB74C
    dd 0xD17A, 0xB74D
    dd 0xD17B, 0xB74E
    dd 0xD17C, 0xC5E1
    dd 0xD17D, 0xB74F
    dd 0xD17E, 0xB750
    dd 0xD17F, 0xB751
    dd 0xD180, 0xB752
    dd 0xD181, 0xB753
    dd 0xD182, 0xB754
    dd 0xD183, 0xB755
    dd 0xD184, 0xC5E2
    dd 0xD185, 0xB756
    dd 0xD186, 0xB757
    dd 0xD187, 0xB758
    dd 0xD188, 0xC5E3
    dd 0xD189, 0xB759
    dd 0xD18A, 0xB75A
    dd 0xD18B, 0xB761
    dd 0xD18C, 0xB762
    dd 0xD18D, 0xB763
    dd 0xD18E, 0xB764
    dd 0xD18F, 0xB765
    dd 0xD190, 0xB766
    dd 0xD191, 0xB767
    dd 0xD192, 0xB768
    dd 0xD193, 0xB769
    dd 0xD194, 0xB76A
    dd 0xD195, 0xB76B
    dd 0xD196, 0xB76C
    dd 0xD197, 0xB76D
    dd 0xD198, 0xB76E
    dd 0xD199, 0xB76F
    dd 0xD19A, 0xB770
    dd 0xD19B, 0xB771
    dd 0xD19C, 0xB772
    dd 0xD19D, 0xB773
    dd 0xD19E, 0xB774
    dd 0xD19F, 0xB775
    dd 0xD1A0, 0xC5E4
    dd 0xD1A1, 0xC5E5
    dd 0xD1A2, 0xB776
    dd 0xD1A3, 0xB777
    dd 0xD1A4, 0xC5E6
    dd 0xD1A5, 0xB778
    dd 0xD1A6, 0xB779
    dd 0xD1A7, 0xB77A
    dd 0xD1A8, 0xC5E7
    dd 0xD1A9, 0xB781
    dd 0xD1AA, 0xB782
    dd 0xD1AB, 0xB783
    dd 0xD1AC, 0xB784
    dd 0xD1AD, 0xB785
    dd 0xD1AE, 0xB786
    dd 0xD1AF, 0xB787
    dd 0xD1B0, 0xC5E8
    dd 0xD1B1, 0xC5E9
    dd 0xD1B2, 0xB788
    dd 0xD1B3, 0xC5EA
    dd 0xD1B4, 0xB789
    dd 0xD1B5, 0xC5EB
    dd 0xD1B6, 0xB78A
    dd 0xD1B7, 0xB78B
    dd 0xD1B8, 0xB78C
    dd 0xD1B9, 0xB78D
    dd 0xD1BA, 0xC5EC
    dd 0xD1BB, 0xB78E
    dd 0xD1BC, 0xC5ED
    dd 0xD1BD, 0xB78F
    dd 0xD1BE, 0xB790
    dd 0xD1BF, 0xB791
    dd 0xD1C0, 0xC5EE
    dd 0xD1C1, 0xB792
    dd 0xD1C2, 0xB793
    dd 0xD1C3, 0xB794
    dd 0xD1C4, 0xB795
    dd 0xD1C5, 0xB796
    dd 0xD1C6, 0xB797
    dd 0xD1C7, 0xB798
    dd 0xD1C8, 0xB799
    dd 0xD1C9, 0xB79A
    dd 0xD1CA, 0xB79B
    dd 0xD1CB, 0xB79C
    dd 0xD1CC, 0xB79D
    dd 0xD1CD, 0xB79E
    dd 0xD1CE, 0xB79F
    dd 0xD1CF, 0xB7A0
    dd 0xD1D0, 0xB841
    dd 0xD1D1, 0xB842
    dd 0xD1D2, 0xB843
    dd 0xD1D3, 0xB844
    dd 0xD1D4, 0xB845
    dd 0xD1D5, 0xB846
    dd 0xD1D6, 0xB847
    dd 0xD1D7, 0xB848
    dd 0xD1D8, 0xC5EF
    dd 0xD1D9, 0xB849
    dd 0xD1DA, 0xB84A
    dd 0xD1DB, 0xB84B
    dd 0xD1DC, 0xB84C
    dd 0xD1DD, 0xB84D
    dd 0xD1DE, 0xB84E
    dd 0xD1DF, 0xB84F
    dd 0xD1E0, 0xB850
    dd 0xD1E1, 0xB851
    dd 0xD1E2, 0xB852
    dd 0xD1E3, 0xB853
    dd 0xD1E4, 0xB854
    dd 0xD1E5, 0xB855
    dd 0xD1E6, 0xB856
    dd 0xD1E7, 0xB857
    dd 0xD1E8, 0xB858
    dd 0xD1E9, 0xB859
    dd 0xD1EA, 0xB85A
    dd 0xD1EB, 0xB861
    dd 0xD1EC, 0xB862
    dd 0xD1ED, 0xB863
    dd 0xD1EE, 0xB864
    dd 0xD1EF, 0xB865
    dd 0xD1F0, 0xB866
    dd 0xD1F1, 0xB867
    dd 0xD1F2, 0xB868
    dd 0xD1F3, 0xB869
    dd 0xD1F4, 0xC5F0
    dd 0xD1F5, 0xB86A
    dd 0xD1F6, 0xB86B
    dd 0xD1F7, 0xB86C
    dd 0xD1F8, 0xC5F1
    dd 0xD1F9, 0xB86D
    dd 0xD1FA, 0xB86E
    dd 0xD1FB, 0xB86F
    dd 0xD1FC, 0xB870
    dd 0xD1FD, 0xB871
    dd 0xD1FE, 0xB872
    dd 0xD1FF, 0xB873
    dd 0xD200, 0xB874
    dd 0xD201, 0xB875
    dd 0xD202, 0xB876
    dd 0xD203, 0xB877
    dd 0xD204, 0xB878
    dd 0xD205, 0xB879
    dd 0xD206, 0xB87A
    dd 0xD207, 0xC5F2
    dd 0xD208, 0xB881
    dd 0xD209, 0xC5F3
    dd 0xD20A, 0xB882
    dd 0xD20B, 0xB883
    dd 0xD20C, 0xB884
    dd 0xD20D, 0xB885
    dd 0xD20E, 0xB886
    dd 0xD20F, 0xB887
    dd 0xD210, 0xC5F4
    dd 0xD211, 0xB888
    dd 0xD212, 0xB889
    dd 0xD213, 0xB88A
    dd 0xD214, 0xB88B
    dd 0xD215, 0xB88C
    dd 0xD216, 0xB88D
    dd 0xD217, 0xB88E
    dd 0xD218, 0xB88F
    dd 0xD219, 0xB890
    dd 0xD21A, 0xB891
    dd 0xD21B, 0xB892
    dd 0xD21C, 0xB893
    dd 0xD21D, 0xB894
    dd 0xD21E, 0xB895
    dd 0xD21F, 0xB896
    dd 0xD220, 0xB897
    dd 0xD221, 0xB898
    dd 0xD222, 0xB899
    dd 0xD223, 0xB89A
    dd 0xD224, 0xB89B
    dd 0xD225, 0xB89C
    dd 0xD226, 0xB89D
    dd 0xD227, 0xB89E
    dd 0xD228, 0xB89F
    dd 0xD229, 0xB8A0
    dd 0xD22A, 0xB941
    dd 0xD22B, 0xB942
    dd 0xD22C, 0xC5F5
    dd 0xD22D, 0xC5F6
    dd 0xD22E, 0xB943
    dd 0xD22F, 0xB944
    dd 0xD230, 0xC5F7
    dd 0xD231, 0xB945
    dd 0xD232, 0xB946
    dd 0xD233, 0xB947
    dd 0xD234, 0xC5F8
    dd 0xD235, 0xB948
    dd 0xD236, 0xB949
    dd 0xD237, 0xB94A
    dd 0xD238, 0xB94B
    dd 0xD239, 0xB94C
    dd 0xD23A, 0xB94D
    dd 0xD23B, 0xB94E
    dd 0xD23C, 0xC5F9
    dd 0xD23D, 0xC5FA
    dd 0xD23E, 0xB94F
    dd 0xD23F, 0xC5FB
    dd 0xD240, 0xB950
    dd 0xD241, 0xC5FC
    dd 0xD242, 0xB951
    dd 0xD243, 0xB952
    dd 0xD244, 0xB953
    dd 0xD245, 0xB954
    dd 0xD246, 0xB955
    dd 0xD247, 0xB956
    dd 0xD248, 0xC5FD
    dd 0xD249, 0xB957
    dd 0xD24A, 0xB958
    dd 0xD24B, 0xB959
    dd 0xD24C, 0xB95A
    dd 0xD24D, 0xB961
    dd 0xD24E, 0xB962
    dd 0xD24F, 0xB963
    dd 0xD250, 0xB964
    dd 0xD251, 0xB965
    dd 0xD252, 0xB966
    dd 0xD253, 0xB967
    dd 0xD254, 0xB968
    dd 0xD255, 0xB969
    dd 0xD256, 0xB96A
    dd 0xD257, 0xB96B
    dd 0xD258, 0xB96C
    dd 0xD259, 0xB96D
    dd 0xD25A, 0xB96E
    dd 0xD25B, 0xB96F
    dd 0xD25C, 0xC5FE
    dd 0xD25D, 0xB970
    dd 0xD25E, 0xB971
    dd 0xD25F, 0xB972
    dd 0xD260, 0xB973
    dd 0xD261, 0xB974
    dd 0xD262, 0xB975
    dd 0xD263, 0xB976
    dd 0xD264, 0xC6A1
    dd 0xD265, 0xB977
    dd 0xD266, 0xB978
    dd 0xD267, 0xB979
    dd 0xD268, 0xB97A
    dd 0xD269, 0xB981
    dd 0xD26A, 0xB982
    dd 0xD26B, 0xB983
    dd 0xD26C, 0xB984
    dd 0xD26D, 0xB985
    dd 0xD26E, 0xB986
    dd 0xD26F, 0xB987
    dd 0xD270, 0xB988
    dd 0xD271, 0xB989
    dd 0xD272, 0xB98A
    dd 0xD273, 0xB98B
    dd 0xD274, 0xB98C
    dd 0xD275, 0xB98D
    dd 0xD276, 0xB98E
    dd 0xD277, 0xB98F
    dd 0xD278, 0xB990
    dd 0xD279, 0xB991
    dd 0xD27A, 0xB992
    dd 0xD27B, 0xB993
    dd 0xD27C, 0xB994
    dd 0xD27D, 0xB995
    dd 0xD27E, 0xB996
    dd 0xD27F, 0xB997
    dd 0xD280, 0xC6A2
    dd 0xD281, 0xC6A3
    dd 0xD282, 0xB998
    dd 0xD283, 0xB999
    dd 0xD284, 0xC6A4
    dd 0xD285, 0xB99A
    dd 0xD286, 0xB99B
    dd 0xD287, 0xB99C
    dd 0xD288, 0xC6A5
    dd 0xD289, 0xB99D
    dd 0xD28A, 0xB99E
    dd 0xD28B, 0xB99F
    dd 0xD28C, 0xB9A0
    dd 0xD28D, 0xBA41
    dd 0xD28E, 0xBA42
    dd 0xD28F, 0xBA43
    dd 0xD290, 0xC6A6
    dd 0xD291, 0xC6A7
    dd 0xD292, 0xBA44
    dd 0xD293, 0xBA45
    dd 0xD294, 0xBA46
    dd 0xD295, 0xC6A8
    dd 0xD296, 0xBA47
    dd 0xD297, 0xBA48
    dd 0xD298, 0xBA49
    dd 0xD299, 0xBA4A
    dd 0xD29A, 0xBA4B
    dd 0xD29B, 0xBA4C
    dd 0xD29C, 0xC6A9
    dd 0xD29D, 0xBA4D
    dd 0xD29E, 0xBA4E
    dd 0xD29F, 0xBA4F
    dd 0xD2A0, 0xC6AA
    dd 0xD2A1, 0xBA50
    dd 0xD2A2, 0xBA51
    dd 0xD2A3, 0xBA52
    dd 0xD2A4, 0xC6AB
    dd 0xD2A5, 0xBA53
    dd 0xD2A6, 0xBA54
    dd 0xD2A7, 0xBA55
    dd 0xD2A8, 0xBA56
    dd 0xD2A9, 0xBA57
    dd 0xD2AA, 0xBA58
    dd 0xD2AB, 0xBA59
    dd 0xD2AC, 0xC6AC
    dd 0xD2AD, 0xBA5A
    dd 0xD2AE, 0xBA61
    dd 0xD2AF, 0xBA62
    dd 0xD2B0, 0xBA63
    dd 0xD2B1, 0xC6AD
    dd 0xD2B2, 0xBA64
    dd 0xD2B3, 0xBA65
    dd 0xD2B4, 0xBA66
    dd 0xD2B5, 0xBA67
    dd 0xD2B6, 0xBA68
    dd 0xD2B7, 0xBA69
    dd 0xD2B8, 0xC6AE
    dd 0xD2B9, 0xC6AF
    dd 0xD2BA, 0xBA6A
    dd 0xD2BB, 0xBA6B
    dd 0xD2BC, 0xC6B0
    dd 0xD2BD, 0xBA6C
    dd 0xD2BE, 0xBA6D
    dd 0xD2BF, 0xC6B1
    dd 0xD2C0, 0xC6B2
    dd 0xD2C1, 0xBA6E
    dd 0xD2C2, 0xC6B3
    dd 0xD2C3, 0xBA6F
    dd 0xD2C4, 0xBA70
    dd 0xD2C5, 0xBA71
    dd 0xD2C6, 0xBA72
    dd 0xD2C7, 0xBA73
    dd 0xD2C8, 0xC6B4
    dd 0xD2C9, 0xC6B5
    dd 0xD2CA, 0xBA74
    dd 0xD2CB, 0xC6B6
    dd 0xD2CC, 0xBA75
    dd 0xD2CD, 0xBA76
    dd 0xD2CE, 0xBA77
    dd 0xD2CF, 0xBA78
    dd 0xD2D0, 0xBA79
    dd 0xD2D1, 0xBA7A
    dd 0xD2D2, 0xBA81
    dd 0xD2D3, 0xBA82
    dd 0xD2D4, 0xC6B7
    dd 0xD2D5, 0xBA83
    dd 0xD2D6, 0xBA84
    dd 0xD2D7, 0xBA85
    dd 0xD2D8, 0xC6B8
    dd 0xD2D9, 0xBA86
    dd 0xD2DA, 0xBA87
    dd 0xD2DB, 0xBA88
    dd 0xD2DC, 0xC6B9
    dd 0xD2DD, 0xBA89
    dd 0xD2DE, 0xBA8A
    dd 0xD2DF, 0xBA8B
    dd 0xD2E0, 0xBA8C
    dd 0xD2E1, 0xBA8D
    dd 0xD2E2, 0xBA8E
    dd 0xD2E3, 0xBA8F
    dd 0xD2E4, 0xC6BA
    dd 0xD2E5, 0xC6BB
    dd 0xD2E6, 0xBA90
    dd 0xD2E7, 0xBA91
    dd 0xD2E8, 0xBA92
    dd 0xD2E9, 0xBA93
    dd 0xD2EA, 0xBA94
    dd 0xD2EB, 0xBA95
    dd 0xD2EC, 0xBA96
    dd 0xD2ED, 0xBA97
    dd 0xD2EE, 0xBA98
    dd 0xD2EF, 0xBA99
    dd 0xD2F0, 0xC6BC
    dd 0xD2F1, 0xC6BD
    dd 0xD2F2, 0xBA9A
    dd 0xD2F3, 0xBA9B
    dd 0xD2F4, 0xC6BE
    dd 0xD2F5, 0xBA9C
    dd 0xD2F6, 0xBA9D
    dd 0xD2F7, 0xBA9E
    dd 0xD2F8, 0xC6BF
    dd 0xD2F9, 0xBA9F
    dd 0xD2FA, 0xBAA0
    dd 0xD2FB, 0xBB41
    dd 0xD2FC, 0xBB42
    dd 0xD2FD, 0xBB43
    dd 0xD2FE, 0xBB44
    dd 0xD2FF, 0xBB45
    dd 0xD300, 0xC6C0
    dd 0xD301, 0xC6C1
    dd 0xD302, 0xBB46
    dd 0xD303, 0xC6C2
    dd 0xD304, 0xBB47
    dd 0xD305, 0xC6C3
    dd 0xD306, 0xBB48
    dd 0xD307, 0xBB49
    dd 0xD308, 0xBB4A
    dd 0xD309, 0xBB4B
    dd 0xD30A, 0xBB4C
    dd 0xD30B, 0xBB4D
    dd 0xD30C, 0xC6C4
    dd 0xD30D, 0xC6C5
    dd 0xD30E, 0xC6C6
    dd 0xD30F, 0xBB4E
    dd 0xD310, 0xC6C7
    dd 0xD311, 0xBB4F
    dd 0xD312, 0xBB50
    dd 0xD313, 0xBB51
    dd 0xD314, 0xC6C8
    dd 0xD315, 0xBB52
    dd 0xD316, 0xC6C9
    dd 0xD317, 0xBB53
    dd 0xD318, 0xBB54
    dd 0xD319, 0xBB55
    dd 0xD31A, 0xBB56
    dd 0xD31B, 0xBB57
    dd 0xD31C, 0xC6CA
    dd 0xD31D, 0xC6CB
    dd 0xD31E, 0xBB58
    dd 0xD31F, 0xC6CC
    dd 0xD320, 0xC6CD
    dd 0xD321, 0xC6CE
    dd 0xD322, 0xBB59
    dd 0xD323, 0xBB5A
    dd 0xD324, 0xBB61
    dd 0xD325, 0xC6CF
    dd 0xD326, 0xBB62
    dd 0xD327, 0xBB63
    dd 0xD328, 0xC6D0
    dd 0xD329, 0xC6D1
    dd 0xD32A, 0xBB64
    dd 0xD32B, 0xBB65
    dd 0xD32C, 0xC6D2
    dd 0xD32D, 0xBB66
    dd 0xD32E, 0xBB67
    dd 0xD32F, 0xBB68
    dd 0xD330, 0xC6D3
    dd 0xD331, 0xBB69
    dd 0xD332, 0xBB6A
    dd 0xD333, 0xBB6B
    dd 0xD334, 0xBB6C
    dd 0xD335, 0xBB6D
    dd 0xD336, 0xBB6E
    dd 0xD337, 0xBB6F
    dd 0xD338, 0xC6D4
    dd 0xD339, 0xC6D5
    dd 0xD33A, 0xBB70
    dd 0xD33B, 0xC6D6
    dd 0xD33C, 0xC6D7
    dd 0xD33D, 0xC6D8
    dd 0xD33E, 0xBB71
    dd 0xD33F, 0xBB72
    dd 0xD340, 0xBB73
    dd 0xD341, 0xBB74
    dd 0xD342, 0xBB75
    dd 0xD343, 0xBB76
    dd 0xD344, 0xC6D9
    dd 0xD345, 0xC6DA
    dd 0xD346, 0xBB77
    dd 0xD347, 0xBB78
    dd 0xD348, 0xBB79
    dd 0xD349, 0xBB7A
    dd 0xD34A, 0xBB81
    dd 0xD34B, 0xBB82
    dd 0xD34C, 0xBB83
    dd 0xD34D, 0xBB84
    dd 0xD34E, 0xBB85
    dd 0xD34F, 0xBB86
    dd 0xD350, 0xBB87
    dd 0xD351, 0xBB88
    dd 0xD352, 0xBB89
    dd 0xD353, 0xBB8A
    dd 0xD354, 0xBB8B
    dd 0xD355, 0xBB8C
    dd 0xD356, 0xBB8D
    dd 0xD357, 0xBB8E
    dd 0xD358, 0xBB8F
    dd 0xD359, 0xBB90
    dd 0xD35A, 0xBB91
    dd 0xD35B, 0xBB92
    dd 0xD35C, 0xBB93
    dd 0xD35D, 0xBB94
    dd 0xD35E, 0xBB95
    dd 0xD35F, 0xBB96
    dd 0xD360, 0xBB97
    dd 0xD361, 0xBB98
    dd 0xD362, 0xBB99
    dd 0xD363, 0xBB9A
    dd 0xD364, 0xBB9B
    dd 0xD365, 0xBB9C
    dd 0xD366, 0xBB9D
    dd 0xD367, 0xBB9E
    dd 0xD368, 0xBB9F
    dd 0xD369, 0xBBA0
    dd 0xD36A, 0xBC41
    dd 0xD36B, 0xBC42
    dd 0xD36C, 0xBC43
    dd 0xD36D, 0xBC44
    dd 0xD36E, 0xBC45
    dd 0xD36F, 0xBC46
    dd 0xD370, 0xBC47
    dd 0xD371, 0xBC48
    dd 0xD372, 0xBC49
    dd 0xD373, 0xBC4A
    dd 0xD374, 0xBC4B
    dd 0xD375, 0xBC4C
    dd 0xD376, 0xBC4D
    dd 0xD377, 0xBC4E
    dd 0xD378, 0xBC4F
    dd 0xD379, 0xBC50
    dd 0xD37A, 0xBC51
    dd 0xD37B, 0xBC52
    dd 0xD37C, 0xC6DB
    dd 0xD37D, 0xC6DC
    dd 0xD37E, 0xBC53
    dd 0xD37F, 0xBC54
    dd 0xD380, 0xC6DD
    dd 0xD381, 0xBC55
    dd 0xD382, 0xBC56
    dd 0xD383, 0xBC57
    dd 0xD384, 0xC6DE
    dd 0xD385, 0xBC58
    dd 0xD386, 0xBC59
    dd 0xD387, 0xBC5A
    dd 0xD388, 0xBC61
    dd 0xD389, 0xBC62
    dd 0xD38A, 0xBC63
    dd 0xD38B, 0xBC64
    dd 0xD38C, 0xC6DF
    dd 0xD38D, 0xC6E0
    dd 0xD38E, 0xBC65
    dd 0xD38F, 0xC6E1
    dd 0xD390, 0xC6E2
    dd 0xD391, 0xC6E3
    dd 0xD392, 0xBC66
    dd 0xD393, 0xBC67
    dd 0xD394, 0xBC68
    dd 0xD395, 0xBC69
    dd 0xD396, 0xBC6A
    dd 0xD397, 0xBC6B
    dd 0xD398, 0xC6E4
    dd 0xD399, 0xC6E5
    dd 0xD39A, 0xBC6C
    dd 0xD39B, 0xBC6D
    dd 0xD39C, 0xC6E6
    dd 0xD39D, 0xBC6E
    dd 0xD39E, 0xBC6F
    dd 0xD39F, 0xBC70
    dd 0xD3A0, 0xC6E7
    dd 0xD3A1, 0xBC71
    dd 0xD3A2, 0xBC72
    dd 0xD3A3, 0xBC73
    dd 0xD3A4, 0xBC74
    dd 0xD3A5, 0xBC75
    dd 0xD3A6, 0xBC76
    dd 0xD3A7, 0xBC77
    dd 0xD3A8, 0xC6E8
    dd 0xD3A9, 0xC6E9
    dd 0xD3AA, 0xBC78
    dd 0xD3AB, 0xC6EA
    dd 0xD3AC, 0xBC79
    dd 0xD3AD, 0xC6EB
    dd 0xD3AE, 0xBC7A
    dd 0xD3AF, 0xBC81
    dd 0xD3B0, 0xBC82
    dd 0xD3B1, 0xBC83
    dd 0xD3B2, 0xBC84
    dd 0xD3B3, 0xBC85
    dd 0xD3B4, 0xC6EC
    dd 0xD3B5, 0xBC86
    dd 0xD3B6, 0xBC87
    dd 0xD3B7, 0xBC88
    dd 0xD3B8, 0xC6ED
    dd 0xD3B9, 0xBC89
    dd 0xD3BA, 0xBC8A
    dd 0xD3BB, 0xBC8B
    dd 0xD3BC, 0xC6EE
    dd 0xD3BD, 0xBC8C
    dd 0xD3BE, 0xBC8D
    dd 0xD3BF, 0xBC8E
    dd 0xD3C0, 0xBC8F
    dd 0xD3C1, 0xBC90
    dd 0xD3C2, 0xBC91
    dd 0xD3C3, 0xBC92
    dd 0xD3C4, 0xC6EF
    dd 0xD3C5, 0xC6F0
    dd 0xD3C6, 0xBC93
    dd 0xD3C7, 0xBC94
    dd 0xD3C8, 0xC6F1
    dd 0xD3C9, 0xC6F2
    dd 0xD3CA, 0xBC95
    dd 0xD3CB, 0xBC96
    dd 0xD3CC, 0xBC97
    dd 0xD3CD, 0xBC98
    dd 0xD3CE, 0xBC99
    dd 0xD3CF, 0xBC9A
    dd 0xD3D0, 0xC6F3
    dd 0xD3D1, 0xBC9B
    dd 0xD3D2, 0xBC9C
    dd 0xD3D3, 0xBC9D
    dd 0xD3D4, 0xBC9E
    dd 0xD3D5, 0xBC9F
    dd 0xD3D6, 0xBCA0
    dd 0xD3D7, 0xBD41
    dd 0xD3D8, 0xC6F4
    dd 0xD3D9, 0xBD42
    dd 0xD3DA, 0xBD43
    dd 0xD3DB, 0xBD44
    dd 0xD3DC, 0xBD45
    dd 0xD3DD, 0xBD46
    dd 0xD3DE, 0xBD47
    dd 0xD3DF, 0xBD48
    dd 0xD3E0, 0xBD49
    dd 0xD3E1, 0xC6F5
    dd 0xD3E2, 0xBD4A
    dd 0xD3E3, 0xC6F6
    dd 0xD3E4, 0xBD4B
    dd 0xD3E5, 0xBD4C
    dd 0xD3E6, 0xBD4D
    dd 0xD3E7, 0xBD4E
    dd 0xD3E8, 0xBD4F
    dd 0xD3E9, 0xBD50
    dd 0xD3EA, 0xBD51
    dd 0xD3EB, 0xBD52
    dd 0xD3EC, 0xC6F7
    dd 0xD3ED, 0xC6F8
    dd 0xD3EE, 0xBD53
    dd 0xD3EF, 0xBD54
    dd 0xD3F0, 0xC6F9
    dd 0xD3F1, 0xBD55
    dd 0xD3F2, 0xBD56
    dd 0xD3F3, 0xBD57
    dd 0xD3F4, 0xC6FA
    dd 0xD3F5, 0xBD58
    dd 0xD3F6, 0xBD59
    dd 0xD3F7, 0xBD5A
    dd 0xD3F8, 0xBD61
    dd 0xD3F9, 0xBD62
    dd 0xD3FA, 0xBD63
    dd 0xD3FB, 0xBD64
    dd 0xD3FC, 0xC6FB
    dd 0xD3FD, 0xC6FC
    dd 0xD3FE, 0xBD65
    dd 0xD3FF, 0xC6FD
    dd 0xD400, 0xBD66
    dd 0xD401, 0xC6FE
    dd 0xD402, 0xBD67
    dd 0xD403, 0xBD68
    dd 0xD404, 0xBD69
    dd 0xD405, 0xBD6A
    dd 0xD406, 0xBD6B
    dd 0xD407, 0xBD6C
    dd 0xD408, 0xC7A1
    dd 0xD409, 0xBD6D
    dd 0xD40A, 0xBD6E
    dd 0xD40B, 0xBD6F
    dd 0xD40C, 0xBD70
    dd 0xD40D, 0xBD71
    dd 0xD40E, 0xBD72
    dd 0xD40F, 0xBD73
    dd 0xD410, 0xBD74
    dd 0xD411, 0xBD75
    dd 0xD412, 0xBD76
    dd 0xD413, 0xBD77
    dd 0xD414, 0xBD78
    dd 0xD415, 0xBD79
    dd 0xD416, 0xBD7A
    dd 0xD417, 0xBD81
    dd 0xD418, 0xBD82
    dd 0xD419, 0xBD83
    dd 0xD41A, 0xBD84
    dd 0xD41B, 0xBD85
    dd 0xD41C, 0xBD86
    dd 0xD41D, 0xC7A2
    dd 0xD41E, 0xBD87
    dd 0xD41F, 0xBD88
    dd 0xD420, 0xBD89
    dd 0xD421, 0xBD8A
    dd 0xD422, 0xBD8B
    dd 0xD423, 0xBD8C
    dd 0xD424, 0xBD8D
    dd 0xD425, 0xBD8E
    dd 0xD426, 0xBD8F
    dd 0xD427, 0xBD90
    dd 0xD428, 0xBD91
    dd 0xD429, 0xBD92
    dd 0xD42A, 0xBD93
    dd 0xD42B, 0xBD94
    dd 0xD42C, 0xBD95
    dd 0xD42D, 0xBD96
    dd 0xD42E, 0xBD97
    dd 0xD42F, 0xBD98
    dd 0xD430, 0xBD99
    dd 0xD431, 0xBD9A
    dd 0xD432, 0xBD9B
    dd 0xD433, 0xBD9C
    dd 0xD434, 0xBD9D
    dd 0xD435, 0xBD9E
    dd 0xD436, 0xBD9F
    dd 0xD437, 0xBDA0
    dd 0xD438, 0xBE41
    dd 0xD439, 0xBE42
    dd 0xD43A, 0xBE43
    dd 0xD43B, 0xBE44
    dd 0xD43C, 0xBE45
    dd 0xD43D, 0xBE46
    dd 0xD43E, 0xBE47
    dd 0xD43F, 0xBE48
    dd 0xD440, 0xC7A3
    dd 0xD441, 0xBE49
    dd 0xD442, 0xBE4A
    dd 0xD443, 0xBE4B
    dd 0xD444, 0xC7A4
    dd 0xD445, 0xBE4C
    dd 0xD446, 0xBE4D
    dd 0xD447, 0xBE4E
    dd 0xD448, 0xBE4F
    dd 0xD449, 0xBE50
    dd 0xD44A, 0xBE51
    dd 0xD44B, 0xBE52
    dd 0xD44C, 0xBE53
    dd 0xD44D, 0xBE54
    dd 0xD44E, 0xBE55
    dd 0xD44F, 0xBE56
    dd 0xD450, 0xBE57
    dd 0xD451, 0xBE58
    dd 0xD452, 0xBE59
    dd 0xD453, 0xBE5A
    dd 0xD454, 0xBE61
    dd 0xD455, 0xBE62
    dd 0xD456, 0xBE63
    dd 0xD457, 0xBE64
    dd 0xD458, 0xBE65
    dd 0xD459, 0xBE66
    dd 0xD45A, 0xBE67
    dd 0xD45B, 0xBE68
    dd 0xD45C, 0xC7A5
    dd 0xD45D, 0xBE69
    dd 0xD45E, 0xBE6A
    dd 0xD45F, 0xBE6B
    dd 0xD460, 0xC7A6
    dd 0xD461, 0xBE6C
    dd 0xD462, 0xBE6D
    dd 0xD463, 0xBE6E
    dd 0xD464, 0xC7A7
    dd 0xD465, 0xBE6F
    dd 0xD466, 0xBE70
    dd 0xD467, 0xBE71
    dd 0xD468, 0xBE72
    dd 0xD469, 0xBE73
    dd 0xD46A, 0xBE74
    dd 0xD46B, 0xBE75
    dd 0xD46C, 0xBE76
    dd 0xD46D, 0xC7A8
    dd 0xD46E, 0xBE77
    dd 0xD46F, 0xC7A9
    dd 0xD470, 0xBE78
    dd 0xD471, 0xBE79
    dd 0xD472, 0xBE7A
    dd 0xD473, 0xBE81
    dd 0xD474, 0xBE82
    dd 0xD475, 0xBE83
    dd 0xD476, 0xBE84
    dd 0xD477, 0xBE85
    dd 0xD478, 0xC7AA
    dd 0xD479, 0xC7AB
    dd 0xD47A, 0xBE86
    dd 0xD47B, 0xBE87
    dd 0xD47C, 0xC7AC
    dd 0xD47D, 0xBE88
    dd 0xD47E, 0xBE89
    dd 0xD47F, 0xC7AD
    dd 0xD480, 0xC7AE
    dd 0xD481, 0xBE8A
    dd 0xD482, 0xC7AF
    dd 0xD483, 0xBE8B
    dd 0xD484, 0xBE8C
    dd 0xD485, 0xBE8D
    dd 0xD486, 0xBE8E
    dd 0xD487, 0xBE8F
    dd 0xD488, 0xC7B0
    dd 0xD489, 0xC7B1
    dd 0xD48A, 0xBE90
    dd 0xD48B, 0xC7B2
    dd 0xD48C, 0xBE91
    dd 0xD48D, 0xC7B3
    dd 0xD48E, 0xBE92
    dd 0xD48F, 0xBE93
    dd 0xD490, 0xBE94
    dd 0xD491, 0xBE95
    dd 0xD492, 0xBE96
    dd 0xD493, 0xBE97
    dd 0xD494, 0xC7B4
    dd 0xD495, 0xBE98
    dd 0xD496, 0xBE99
    dd 0xD497, 0xBE9A
    dd 0xD498, 0xBE9B
    dd 0xD499, 0xBE9C
    dd 0xD49A, 0xBE9D
    dd 0xD49B, 0xBE9E
    dd 0xD49C, 0xBE9F
    dd 0xD49D, 0xBEA0
    dd 0xD49E, 0xBF41
    dd 0xD49F, 0xBF42
    dd 0xD4A0, 0xBF43
    dd 0xD4A1, 0xBF44
    dd 0xD4A2, 0xBF45
    dd 0xD4A3, 0xBF46
    dd 0xD4A4, 0xBF47
    dd 0xD4A5, 0xBF48
    dd 0xD4A6, 0xBF49
    dd 0xD4A7, 0xBF4A
    dd 0xD4A8, 0xBF4B
    dd 0xD4A9, 0xC7B5
    dd 0xD4AA, 0xBF4C
    dd 0xD4AB, 0xBF4D
    dd 0xD4AC, 0xBF4E
    dd 0xD4AD, 0xBF4F
    dd 0xD4AE, 0xBF50
    dd 0xD4AF, 0xBF51
    dd 0xD4B0, 0xBF52
    dd 0xD4B1, 0xBF53
    dd 0xD4B2, 0xBF54
    dd 0xD4B3, 0xBF55
    dd 0xD4B4, 0xBF56
    dd 0xD4B5, 0xBF57
    dd 0xD4B6, 0xBF58
    dd 0xD4B7, 0xBF59
    dd 0xD4B8, 0xBF5A
    dd 0xD4B9, 0xBF61
    dd 0xD4BA, 0xBF62
    dd 0xD4BB, 0xBF63
    dd 0xD4BC, 0xBF64
    dd 0xD4BD, 0xBF65
    dd 0xD4BE, 0xBF66
    dd 0xD4BF, 0xBF67
    dd 0xD4C0, 0xBF68
    dd 0xD4C1, 0xBF69
    dd 0xD4C2, 0xBF6A
    dd 0xD4C3, 0xBF6B
    dd 0xD4C4, 0xBF6C
    dd 0xD4C5, 0xBF6D
    dd 0xD4C6, 0xBF6E
    dd 0xD4C7, 0xBF6F
    dd 0xD4C8, 0xBF70
    dd 0xD4C9, 0xBF71
    dd 0xD4CA, 0xBF72
    dd 0xD4CB, 0xBF73
    dd 0xD4CC, 0xC7B6
    dd 0xD4CD, 0xBF74
    dd 0xD4CE, 0xBF75
    dd 0xD4CF, 0xBF76
    dd 0xD4D0, 0xC7B7
    dd 0xD4D1, 0xBF77
    dd 0xD4D2, 0xBF78
    dd 0xD4D3, 0xBF79
    dd 0xD4D4, 0xC7B8
    dd 0xD4D5, 0xBF7A
    dd 0xD4D6, 0xBF81
    dd 0xD4D7, 0xBF82
    dd 0xD4D8, 0xBF83
    dd 0xD4D9, 0xBF84
    dd 0xD4DA, 0xBF85
    dd 0xD4DB, 0xBF86
    dd 0xD4DC, 0xC7B9
    dd 0xD4DD, 0xBF87
    dd 0xD4DE, 0xBF88
    dd 0xD4DF, 0xC7BA
    dd 0xD4E0, 0xBF89
    dd 0xD4E1, 0xBF8A
    dd 0xD4E2, 0xBF8B
    dd 0xD4E3, 0xBF8C
    dd 0xD4E4, 0xBF8D
    dd 0xD4E5, 0xBF8E
    dd 0xD4E6, 0xBF8F
    dd 0xD4E7, 0xBF90
    dd 0xD4E8, 0xC7BB
    dd 0xD4E9, 0xBF91
    dd 0xD4EA, 0xBF92
    dd 0xD4EB, 0xBF93
    dd 0xD4EC, 0xC7BC
    dd 0xD4ED, 0xBF94
    dd 0xD4EE, 0xBF95
    dd 0xD4EF, 0xBF96
    dd 0xD4F0, 0xC7BD
    dd 0xD4F1, 0xBF97
    dd 0xD4F2, 0xBF98
    dd 0xD4F3, 0xBF99
    dd 0xD4F4, 0xBF9A
    dd 0xD4F5, 0xBF9B
    dd 0xD4F6, 0xBF9C
    dd 0xD4F7, 0xBF9D
    dd 0xD4F8, 0xC7BE
    dd 0xD4F9, 0xBF9E
    dd 0xD4FA, 0xBF9F
    dd 0xD4FB, 0xC7BF
    dd 0xD4FC, 0xBFA0
    dd 0xD4FD, 0xC7C0
    dd 0xD4FE, 0xC041
    dd 0xD4FF, 0xC042
    dd 0xD500, 0xC043
    dd 0xD501, 0xC044
    dd 0xD502, 0xC045
    dd 0xD503, 0xC046
    dd 0xD504, 0xC7C1
    dd 0xD505, 0xC047
    dd 0xD506, 0xC048
    dd 0xD507, 0xC049
    dd 0xD508, 0xC7C2
    dd 0xD509, 0xC04A
    dd 0xD50A, 0xC04B
    dd 0xD50B, 0xC04C
    dd 0xD50C, 0xC7C3
    dd 0xD50D, 0xC04D
    dd 0xD50E, 0xC04E
    dd 0xD50F, 0xC04F
    dd 0xD510, 0xC050
    dd 0xD511, 0xC051
    dd 0xD512, 0xC052
    dd 0xD513, 0xC053
    dd 0xD514, 0xC7C4
    dd 0xD515, 0xC7C5
    dd 0xD516, 0xC054
    dd 0xD517, 0xC7C6
    dd 0xD518, 0xC055
    dd 0xD519, 0xC056
    dd 0xD51A, 0xC057
    dd 0xD51B, 0xC058
    dd 0xD51C, 0xC059
    dd 0xD51D, 0xC05A
    dd 0xD51E, 0xC061
    dd 0xD51F, 0xC062
    dd 0xD520, 0xC063
    dd 0xD521, 0xC064
    dd 0xD522, 0xC065
    dd 0xD523, 0xC066
    dd 0xD524, 0xC067
    dd 0xD525, 0xC068
    dd 0xD526, 0xC069
    dd 0xD527, 0xC06A
    dd 0xD528, 0xC06B
    dd 0xD529, 0xC06C
    dd 0xD52A, 0xC06D
    dd 0xD52B, 0xC06E
    dd 0xD52C, 0xC06F
    dd 0xD52D, 0xC070
    dd 0xD52E, 0xC071
    dd 0xD52F, 0xC072
    dd 0xD530, 0xC073
    dd 0xD531, 0xC074
    dd 0xD532, 0xC075
    dd 0xD533, 0xC076
    dd 0xD534, 0xC077
    dd 0xD535, 0xC078
    dd 0xD536, 0xC079
    dd 0xD537, 0xC07A
    dd 0xD538, 0xC081
    dd 0xD539, 0xC082
    dd 0xD53A, 0xC083
    dd 0xD53B, 0xC084
    dd 0xD53C, 0xC7C7
    dd 0xD53D, 0xC7C8
    dd 0xD53E, 0xC085
    dd 0xD53F, 0xC086
    dd 0xD540, 0xC7C9
    dd 0xD541, 0xC087
    dd 0xD542, 0xC088
    dd 0xD543, 0xC089
    dd 0xD544, 0xC7CA
    dd 0xD545, 0xC08A
    dd 0xD546, 0xC08B
    dd 0xD547, 0xC08C
    dd 0xD548, 0xC08D
    dd 0xD549, 0xC08E
    dd 0xD54A, 0xC08F
    dd 0xD54B, 0xC090
    dd 0xD54C, 0xC7CB
    dd 0xD54D, 0xC7CC
    dd 0xD54E, 0xC091
    dd 0xD54F, 0xC7CD
    dd 0xD550, 0xC092
    dd 0xD551, 0xC7CE
    dd 0xD552, 0xC093
    dd 0xD553, 0xC094
    dd 0xD554, 0xC095
    dd 0xD555, 0xC096
    dd 0xD556, 0xC097
    dd 0xD557, 0xC098
    dd 0xD558, 0xC7CF
    dd 0xD559, 0xC7D0
    dd 0xD55A, 0xC099
    dd 0xD55B, 0xC09A
    dd 0xD55C, 0xC7D1
    dd 0xD55D, 0xC09B
    dd 0xD55E, 0xC09C
    dd 0xD55F, 0xC09D
    dd 0xD560, 0xC7D2
    dd 0xD561, 0xC09E
    dd 0xD562, 0xC09F
    dd 0xD563, 0xC0A0
    dd 0xD564, 0xC141
    dd 0xD565, 0xC7D3
    dd 0xD566, 0xC142
    dd 0xD567, 0xC143
    dd 0xD568, 0xC7D4
    dd 0xD569, 0xC7D5
    dd 0xD56A, 0xC144
    dd 0xD56B, 0xC7D6
    dd 0xD56C, 0xC145
    dd 0xD56D, 0xC7D7
    dd 0xD56E, 0xC146
    dd 0xD56F, 0xC147
    dd 0xD570, 0xC148
    dd 0xD571, 0xC149
    dd 0xD572, 0xC14A
    dd 0xD573, 0xC14B
    dd 0xD574, 0xC7D8
    dd 0xD575, 0xC7D9
    dd 0xD576, 0xC14C
    dd 0xD577, 0xC14D
    dd 0xD578, 0xC7DA
    dd 0xD579, 0xC14E
    dd 0xD57A, 0xC14F
    dd 0xD57B, 0xC150
    dd 0xD57C, 0xC7DB
    dd 0xD57D, 0xC151
    dd 0xD57E, 0xC152
    dd 0xD57F, 0xC153
    dd 0xD580, 0xC154
    dd 0xD581, 0xC155
    dd 0xD582, 0xC156
    dd 0xD583, 0xC157
    dd 0xD584, 0xC7DC
    dd 0xD585, 0xC7DD
    dd 0xD586, 0xC158
    dd 0xD587, 0xC7DE
    dd 0xD588, 0xC7DF
    dd 0xD589, 0xC7E0
    dd 0xD58A, 0xC159
    dd 0xD58B, 0xC15A
    dd 0xD58C, 0xC161
    dd 0xD58D, 0xC162
    dd 0xD58E, 0xC163
    dd 0xD58F, 0xC164
    dd 0xD590, 0xC7E1
    dd 0xD591, 0xC165
    dd 0xD592, 0xC166
    dd 0xD593, 0xC167
    dd 0xD594, 0xC168
    dd 0xD595, 0xC169
    dd 0xD596, 0xC16A
    dd 0xD597, 0xC16B
    dd 0xD598, 0xC16C
    dd 0xD599, 0xC16D
    dd 0xD59A, 0xC16E
    dd 0xD59B, 0xC16F
    dd 0xD59C, 0xC170
    dd 0xD59D, 0xC171
    dd 0xD59E, 0xC172
    dd 0xD59F, 0xC173
    dd 0xD5A0, 0xC174
    dd 0xD5A1, 0xC175
    dd 0xD5A2, 0xC176
    dd 0xD5A3, 0xC177
    dd 0xD5A4, 0xC178
    dd 0xD5A5, 0xC7E2
    dd 0xD5A6, 0xC179
    dd 0xD5A7, 0xC17A
    dd 0xD5A8, 0xC181
    dd 0xD5A9, 0xC182
    dd 0xD5AA, 0xC183
    dd 0xD5AB, 0xC184
    dd 0xD5AC, 0xC185
    dd 0xD5AD, 0xC186
    dd 0xD5AE, 0xC187
    dd 0xD5AF, 0xC188
    dd 0xD5B0, 0xC189
    dd 0xD5B1, 0xC18A
    dd 0xD5B2, 0xC18B
    dd 0xD5B3, 0xC18C
    dd 0xD5B4, 0xC18D
    dd 0xD5B5, 0xC18E
    dd 0xD5B6, 0xC18F
    dd 0xD5B7, 0xC190
    dd 0xD5B8, 0xC191
    dd 0xD5B9, 0xC192
    dd 0xD5BA, 0xC193
    dd 0xD5BB, 0xC194
    dd 0xD5BC, 0xC195
    dd 0xD5BD, 0xC196
    dd 0xD5BE, 0xC197
    dd 0xD5BF, 0xC198
    dd 0xD5C0, 0xC199
    dd 0xD5C1, 0xC19A
    dd 0xD5C2, 0xC19B
    dd 0xD5C3, 0xC19C
    dd 0xD5C4, 0xC19D
    dd 0xD5C5, 0xC19E
    dd 0xD5C6, 0xC19F
    dd 0xD5C7, 0xC1A0
    dd 0xD5C8, 0xC7E3
    dd 0xD5C9, 0xC7E4
    dd 0xD5CA, 0xC241
    dd 0xD5CB, 0xC242
    dd 0xD5CC, 0xC7E5
    dd 0xD5CD, 0xC243
    dd 0xD5CE, 0xC244
    dd 0xD5CF, 0xC245
    dd 0xD5D0, 0xC7E6
    dd 0xD5D1, 0xC246
    dd 0xD5D2, 0xC7E7
    dd 0xD5D3, 0xC247
    dd 0xD5D4, 0xC248
    dd 0xD5D5, 0xC249
    dd 0xD5D6, 0xC24A
    dd 0xD5D7, 0xC24B
    dd 0xD5D8, 0xC7E8
    dd 0xD5D9, 0xC7E9
    dd 0xD5DA, 0xC24C
    dd 0xD5DB, 0xC7EA
    dd 0xD5DC, 0xC24D
    dd 0xD5DD, 0xC7EB
    dd 0xD5DE, 0xC24E
    dd 0xD5DF, 0xC24F
    dd 0xD5E0, 0xC250
    dd 0xD5E1, 0xC251
    dd 0xD5E2, 0xC252
    dd 0xD5E3, 0xC253
    dd 0xD5E4, 0xC7EC
    dd 0xD5E5, 0xC7ED
    dd 0xD5E6, 0xC254
    dd 0xD5E7, 0xC255
    dd 0xD5E8, 0xC7EE
    dd 0xD5E9, 0xC256
    dd 0xD5EA, 0xC257
    dd 0xD5EB, 0xC258
    dd 0xD5EC, 0xC7EF
    dd 0xD5ED, 0xC259
    dd 0xD5EE, 0xC25A
    dd 0xD5EF, 0xC261
    dd 0xD5F0, 0xC262
    dd 0xD5F1, 0xC263
    dd 0xD5F2, 0xC264
    dd 0xD5F3, 0xC265
    dd 0xD5F4, 0xC7F0
    dd 0xD5F5, 0xC7F1
    dd 0xD5F6, 0xC266
    dd 0xD5F7, 0xC7F2
    dd 0xD5F8, 0xC267
    dd 0xD5F9, 0xC7F3
    dd 0xD5FA, 0xC268
    dd 0xD5FB, 0xC269
    dd 0xD5FC, 0xC26A
    dd 0xD5FD, 0xC26B
    dd 0xD5FE, 0xC26C
    dd 0xD5FF, 0xC26D
    dd 0xD600, 0xC7F4
    dd 0xD601, 0xC7F5
    dd 0xD602, 0xC26E
    dd 0xD603, 0xC26F
    dd 0xD604, 0xC7F6
    dd 0xD605, 0xC270
    dd 0xD606, 0xC271
    dd 0xD607, 0xC272
    dd 0xD608, 0xC7F7
    dd 0xD609, 0xC273
    dd 0xD60A, 0xC274
    dd 0xD60B, 0xC275
    dd 0xD60C, 0xC276
    dd 0xD60D, 0xC277
    dd 0xD60E, 0xC278
    dd 0xD60F, 0xC279
    dd 0xD610, 0xC7F8
    dd 0xD611, 0xC7F9
    dd 0xD612, 0xC27A
    dd 0xD613, 0xC7FA
    dd 0xD614, 0xC7FB
    dd 0xD615, 0xC7FC
    dd 0xD616, 0xC281
    dd 0xD617, 0xC282
    dd 0xD618, 0xC283
    dd 0xD619, 0xC284
    dd 0xD61A, 0xC285
    dd 0xD61B, 0xC286
    dd 0xD61C, 0xC7FD
    dd 0xD61D, 0xC287
    dd 0xD61E, 0xC288
    dd 0xD61F, 0xC289
    dd 0xD620, 0xC7FE
    dd 0xD621, 0xC28A
    dd 0xD622, 0xC28B
    dd 0xD623, 0xC28C
    dd 0xD624, 0xC8A1
    dd 0xD625, 0xC28D
    dd 0xD626, 0xC28E
    dd 0xD627, 0xC28F
    dd 0xD628, 0xC290
    dd 0xD629, 0xC291
    dd 0xD62A, 0xC292
    dd 0xD62B, 0xC293
    dd 0xD62C, 0xC294
    dd 0xD62D, 0xC8A2
    dd 0xD62E, 0xC295
    dd 0xD62F, 0xC296
    dd 0xD630, 0xC297
    dd 0xD631, 0xC298
    dd 0xD632, 0xC299
    dd 0xD633, 0xC29A
    dd 0xD634, 0xC29B
    dd 0xD635, 0xC29C
    dd 0xD636, 0xC29D
    dd 0xD637, 0xC29E
    dd 0xD638, 0xC8A3
    dd 0xD639, 0xC8A4
    dd 0xD63A, 0xC29F
    dd 0xD63B, 0xC2A0
    dd 0xD63C, 0xC8A5
    dd 0xD63D, 0xC341
    dd 0xD63E, 0xC342
    dd 0xD63F, 0xC343
    dd 0xD640, 0xC8A6
    dd 0xD641, 0xC344
    dd 0xD642, 0xC345
    dd 0xD643, 0xC346
    dd 0xD644, 0xC347
    dd 0xD645, 0xC8A7
    dd 0xD646, 0xC348
    dd 0xD647, 0xC349
    dd 0xD648, 0xC8A8
    dd 0xD649, 0xC8A9
    dd 0xD64A, 0xC34A
    dd 0xD64B, 0xC8AA
    dd 0xD64C, 0xC34B
    dd 0xD64D, 0xC8AB
    dd 0xD64E, 0xC34C
    dd 0xD64F, 0xC34D
    dd 0xD650, 0xC34E
    dd 0xD651, 0xC8AC
    dd 0xD652, 0xC34F
    dd 0xD653, 0xC350
    dd 0xD654, 0xC8AD
    dd 0xD655, 0xC8AE
    dd 0xD656, 0xC351
    dd 0xD657, 0xC352
    dd 0xD658, 0xC8AF
    dd 0xD659, 0xC353
    dd 0xD65A, 0xC354
    dd 0xD65B, 0xC355
    dd 0xD65C, 0xC8B0
    dd 0xD65D, 0xC356
    dd 0xD65E, 0xC357
    dd 0xD65F, 0xC358
    dd 0xD660, 0xC359
    dd 0xD661, 0xC35A
    dd 0xD662, 0xC361
    dd 0xD663, 0xC362
    dd 0xD664, 0xC363
    dd 0xD665, 0xC364
    dd 0xD666, 0xC365
    dd 0xD667, 0xC8B1
    dd 0xD668, 0xC366
    dd 0xD669, 0xC8B2
    dd 0xD66A, 0xC367
    dd 0xD66B, 0xC368
    dd 0xD66C, 0xC369
    dd 0xD66D, 0xC36A
    dd 0xD66E, 0xC36B
    dd 0xD66F, 0xC36C
    dd 0xD670, 0xC8B3
    dd 0xD671, 0xC8B4
    dd 0xD672, 0xC36D
    dd 0xD673, 0xC36E
    dd 0xD674, 0xC8B5
    dd 0xD675, 0xC36F
    dd 0xD676, 0xC370
    dd 0xD677, 0xC371
    dd 0xD678, 0xC372
    dd 0xD679, 0xC373
    dd 0xD67A, 0xC374
    dd 0xD67B, 0xC375
    dd 0xD67C, 0xC376
    dd 0xD67D, 0xC377
    dd 0xD67E, 0xC378
    dd 0xD67F, 0xC379
    dd 0xD680, 0xC37A
    dd 0xD681, 0xC381
    dd 0xD682, 0xC382
    dd 0xD683, 0xC8B6
    dd 0xD684, 0xC383
    dd 0xD685, 0xC8B7
    dd 0xD686, 0xC384
    dd 0xD687, 0xC385
    dd 0xD688, 0xC386
    dd 0xD689, 0xC387
    dd 0xD68A, 0xC388
    dd 0xD68B, 0xC389
    dd 0xD68C, 0xC8B8
    dd 0xD68D, 0xC8B9
    dd 0xD68E, 0xC38A
    dd 0xD68F, 0xC38B
    dd 0xD690, 0xC8BA
    dd 0xD691, 0xC38C
    dd 0xD692, 0xC38D
    dd 0xD693, 0xC38E
    dd 0xD694, 0xC8BB
    dd 0xD695, 0xC38F
    dd 0xD696, 0xC390
    dd 0xD697, 0xC391
    dd 0xD698, 0xC392
    dd 0xD699, 0xC393
    dd 0xD69A, 0xC394
    dd 0xD69B, 0xC395
    dd 0xD69C, 0xC396
    dd 0xD69D, 0xC8BC
    dd 0xD69E, 0xC397
    dd 0xD69F, 0xC8BD
    dd 0xD6A0, 0xC398
    dd 0xD6A1, 0xC8BE
    dd 0xD6A2, 0xC399
    dd 0xD6A3, 0xC39A
    dd 0xD6A4, 0xC39B
    dd 0xD6A5, 0xC39C
    dd 0xD6A6, 0xC39D
    dd 0xD6A7, 0xC39E
    dd 0xD6A8, 0xC8BF
    dd 0xD6A9, 0xC39F
    dd 0xD6AA, 0xC3A0
    dd 0xD6AB, 0xC441
    dd 0xD6AC, 0xC8C0
    dd 0xD6AD, 0xC442
    dd 0xD6AE, 0xC443
    dd 0xD6AF, 0xC444
    dd 0xD6B0, 0xC8C1
    dd 0xD6B1, 0xC445
    dd 0xD6B2, 0xC446
    dd 0xD6B3, 0xC447
    dd 0xD6B4, 0xC448
    dd 0xD6B5, 0xC449
    dd 0xD6B6, 0xC44A
    dd 0xD6B7, 0xC44B
    dd 0xD6B8, 0xC44C
    dd 0xD6B9, 0xC8C2
    dd 0xD6BA, 0xC44D
    dd 0xD6BB, 0xC8C3
    dd 0xD6BC, 0xC44E
    dd 0xD6BD, 0xC44F
    dd 0xD6BE, 0xC450
    dd 0xD6BF, 0xC451
    dd 0xD6C0, 0xC452
    dd 0xD6C1, 0xC453
    dd 0xD6C2, 0xC454
    dd 0xD6C3, 0xC455
    dd 0xD6C4, 0xC8C4
    dd 0xD6C5, 0xC8C5
    dd 0xD6C6, 0xC456
    dd 0xD6C7, 0xC457
    dd 0xD6C8, 0xC8C6
    dd 0xD6C9, 0xC458
    dd 0xD6CA, 0xC459
    dd 0xD6CB, 0xC45A
    dd 0xD6CC, 0xC8C7
    dd 0xD6CD, 0xC461
    dd 0xD6CE, 0xC462
    dd 0xD6CF, 0xC463
    dd 0xD6D0, 0xC464
    dd 0xD6D1, 0xC8C8
    dd 0xD6D2, 0xC465
    dd 0xD6D3, 0xC466
    dd 0xD6D4, 0xC8C9
    dd 0xD6D5, 0xC467
    dd 0xD6D6, 0xC468
    dd 0xD6D7, 0xC8CA
    dd 0xD6D8, 0xC469
    dd 0xD6D9, 0xC8CB
    dd 0xD6DA, 0xC46A
    dd 0xD6DB, 0xC46B
    dd 0xD6DC, 0xC46C
    dd 0xD6DD, 0xC46D
    dd 0xD6DE, 0xC46E
    dd 0xD6DF, 0xC46F
    dd 0xD6E0, 0xC8CC
    dd 0xD6E1, 0xC470
    dd 0xD6E2, 0xC471
    dd 0xD6E3, 0xC472
    dd 0xD6E4, 0xC8CD
    dd 0xD6E5, 0xC473
    dd 0xD6E6, 0xC474
    dd 0xD6E7, 0xC475
    dd 0xD6E8, 0xC8CE
    dd 0xD6E9, 0xC476
    dd 0xD6EA, 0xC477
    dd 0xD6EB, 0xC478
    dd 0xD6EC, 0xC479
    dd 0xD6ED, 0xC47A
    dd 0xD6EE, 0xC481
    dd 0xD6EF, 0xC482
    dd 0xD6F0, 0xC8CF
    dd 0xD6F1, 0xC483
    dd 0xD6F2, 0xC484
    dd 0xD6F3, 0xC485
    dd 0xD6F4, 0xC486
    dd 0xD6F5, 0xC8D0
    dd 0xD6F6, 0xC487
    dd 0xD6F7, 0xC488
    dd 0xD6F8, 0xC489
    dd 0xD6F9, 0xC48A
    dd 0xD6FA, 0xC48B
    dd 0xD6FB, 0xC48C
    dd 0xD6FC, 0xC8D1
    dd 0xD6FD, 0xC8D2
    dd 0xD6FE, 0xC48D
    dd 0xD6FF, 0xC48E
    dd 0xD700, 0xC8D3
    dd 0xD701, 0xC48F
    dd 0xD702, 0xC490
    dd 0xD703, 0xC491
    dd 0xD704, 0xC8D4
    dd 0xD705, 0xC492
    dd 0xD706, 0xC493
    dd 0xD707, 0xC494
    dd 0xD708, 0xC495
    dd 0xD709, 0xC496
    dd 0xD70A, 0xC497
    dd 0xD70B, 0xC498
    dd 0xD70C, 0xC499
    dd 0xD70D, 0xC49A
    dd 0xD70E, 0xC49B
    dd 0xD70F, 0xC49C
    dd 0xD710, 0xC49D
    dd 0xD711, 0xC8D5
    dd 0xD712, 0xC49E
    dd 0xD713, 0xC49F
    dd 0xD714, 0xC4A0
    dd 0xD715, 0xC541
    dd 0xD716, 0xC542
    dd 0xD717, 0xC543
    dd 0xD718, 0xC8D6
    dd 0xD719, 0xC8D7
    dd 0xD71A, 0xC544
    dd 0xD71B, 0xC545
    dd 0xD71C, 0xC8D8
    dd 0xD71D, 0xC546
    dd 0xD71E, 0xC547
    dd 0xD71F, 0xC548
    dd 0xD720, 0xC8D9
    dd 0xD721, 0xC549
    dd 0xD722, 0xC54A
    dd 0xD723, 0xC54B
    dd 0xD724, 0xC54C
    dd 0xD725, 0xC54D
    dd 0xD726, 0xC54E
    dd 0xD727, 0xC54F
    dd 0xD728, 0xC8DA
    dd 0xD729, 0xC8DB
    dd 0xD72A, 0xC550
    dd 0xD72B, 0xC8DC
    dd 0xD72C, 0xC551
    dd 0xD72D, 0xC8DD
    dd 0xD72E, 0xC552
    dd 0xD72F, 0xC553
    dd 0xD730, 0xC554
    dd 0xD731, 0xC555
    dd 0xD732, 0xC556
    dd 0xD733, 0xC557
    dd 0xD734, 0xC8DE
    dd 0xD735, 0xC8DF
    dd 0xD736, 0xC558
    dd 0xD737, 0xC559
    dd 0xD738, 0xC8E0
    dd 0xD739, 0xC55A
    dd 0xD73A, 0xC561
    dd 0xD73B, 0xC562
    dd 0xD73C, 0xC8E1
    dd 0xD73D, 0xC563
    dd 0xD73E, 0xC564
    dd 0xD73F, 0xC565
    dd 0xD740, 0xC566
    dd 0xD741, 0xC567
    dd 0xD742, 0xC568
    dd 0xD743, 0xC569
    dd 0xD744, 0xC8E2
    dd 0xD745, 0xC56A
    dd 0xD746, 0xC56B
    dd 0xD747, 0xC8E3
    dd 0xD748, 0xC56C
    dd 0xD749, 0xC8E4
    dd 0xD74A, 0xC56D
    dd 0xD74B, 0xC56E
    dd 0xD74C, 0xC56F
    dd 0xD74D, 0xC570
    dd 0xD74E, 0xC571
    dd 0xD74F, 0xC572
    dd 0xD750, 0xC8E5
    dd 0xD751, 0xC8E6
    dd 0xD752, 0xC573
    dd 0xD753, 0xC574
    dd 0xD754, 0xC8E7
    dd 0xD755, 0xC575
    dd 0xD756, 0xC8E8
    dd 0xD757, 0xC8E9
    dd 0xD758, 0xC8EA
    dd 0xD759, 0xC8EB
    dd 0xD75A, 0xC576
    dd 0xD75B, 0xC577
    dd 0xD75C, 0xC578
    dd 0xD75D, 0xC579
    dd 0xD75E, 0xC57A
    dd 0xD75F, 0xC581
    dd 0xD760, 0xC8EC
    dd 0xD761, 0xC8ED
    dd 0xD762, 0xC582
    dd 0xD763, 0xC8EE
    dd 0xD764, 0xC583
    dd 0xD765, 0xC8EF
    dd 0xD766, 0xC584
    dd 0xD767, 0xC585
    dd 0xD768, 0xC586
    dd 0xD769, 0xC8F0
    dd 0xD76A, 0xC587
    dd 0xD76B, 0xC588
    dd 0xD76C, 0xC8F1
    dd 0xD76D, 0xC589
    dd 0xD76E, 0xC58A
    dd 0xD76F, 0xC58B
    dd 0xD770, 0xC8F2
    dd 0xD771, 0xC58C
    dd 0xD772, 0xC58D
    dd 0xD773, 0xC58E
    dd 0xD774, 0xC8F3
    dd 0xD775, 0xC58F
    dd 0xD776, 0xC590
    dd 0xD777, 0xC591
    dd 0xD778, 0xC592
    dd 0xD779, 0xC593
    dd 0xD77A, 0xC594
    dd 0xD77B, 0xC595
    dd 0xD77C, 0xC8F4
    dd 0xD77D, 0xC8F5
    dd 0xD77E, 0xC596
    dd 0xD77F, 0xC597
    dd 0xD780, 0xC598
    dd 0xD781, 0xC8F6
    dd 0xD782, 0xC599
    dd 0xD783, 0xC59A
    dd 0xD784, 0xC59B
    dd 0xD785, 0xC59C
    dd 0xD786, 0xC59D
    dd 0xD787, 0xC59E
    dd 0xD788, 0xC8F7
    dd 0xD789, 0xC8F8
    dd 0xD78A, 0xC59F
    dd 0xD78B, 0xC5A0
    dd 0xD78C, 0xC8F9
    dd 0xD78D, 0xC641
    dd 0xD78E, 0xC642
    dd 0xD78F, 0xC643
    dd 0xD790, 0xC8FA
    dd 0xD791, 0xC644
    dd 0xD792, 0xC645
    dd 0xD793, 0xC646
    dd 0xD794, 0xC647
    dd 0xD795, 0xC648
    dd 0xD796, 0xC649
    dd 0xD797, 0xC64A
    dd 0xD798, 0xC8FB
    dd 0xD799, 0xC8FC
    dd 0xD79A, 0xC64B
    dd 0xD79B, 0xC8FD
    dd 0xD79C, 0xC64C
    dd 0xD79D, 0xC8FE
    dd 0xD79E, 0xC64D
    dd 0xD79F, 0xC64E
    dd 0xD7A0, 0xC64F
    dd 0xD7A1, 0xC650
    dd 0xD7A2, 0xC651
    dd 0xD7A3, 0xC652
    dd 0xF900, 0xCBD0
    dd 0xF901, 0xCBD6
    dd 0xF902, 0xCBE7
    dd 0xF903, 0xCDCF
    dd 0xF904, 0xCDE8
    dd 0xF905, 0xCEAD
    dd 0xF906, 0xCFFB
    dd 0xF907, 0xD0A2
    dd 0xF908, 0xD0B8
    dd 0xF909, 0xD0D0
    dd 0xF90A, 0xD0DD
    dd 0xF90B, 0xD1D4
    dd 0xF90C, 0xD1D5
    dd 0xF90D, 0xD1D8
    dd 0xF90E, 0xD1DB
    dd 0xF90F, 0xD1DC
    dd 0xF910, 0xD1DD
    dd 0xF911, 0xD1DE
    dd 0xF912, 0xD1DF
    dd 0xF913, 0xD1E0
    dd 0xF914, 0xD1E2
    dd 0xF915, 0xD1E3
    dd 0xF916, 0xD1E4
    dd 0xF917, 0xD1E5
    dd 0xF918, 0xD1E6
    dd 0xF919, 0xD1E8
    dd 0xF91A, 0xD1E9
    dd 0xF91B, 0xD1EA
    dd 0xF91C, 0xD1EB
    dd 0xF91D, 0xD1ED
    dd 0xF91E, 0xD1EF
    dd 0xF91F, 0xD1F0
    dd 0xF920, 0xD1F2
    dd 0xF921, 0xD1F6
    dd 0xF922, 0xD1FA
    dd 0xF923, 0xD1FC
    dd 0xF924, 0xD1FD
    dd 0xF925, 0xD1FE
    dd 0xF926, 0xD2A2
    dd 0xF927, 0xD2A3
    dd 0xF928, 0xD2A7
    dd 0xF929, 0xD2A8
    dd 0xF92A, 0xD2A9
    dd 0xF92B, 0xD2AA
    dd 0xF92C, 0xD2AB
    dd 0xF92D, 0xD2AD
    dd 0xF92E, 0xD2B2
    dd 0xF92F, 0xD2BE
    dd 0xF930, 0xD2C2
    dd 0xF931, 0xD2C3
    dd 0xF932, 0xD2C4
    dd 0xF933, 0xD2C6
    dd 0xF934, 0xD2C7
    dd 0xF935, 0xD2C8
    dd 0xF936, 0xD2C9
    dd 0xF937, 0xD2CA
    dd 0xF938, 0xD2CB
    dd 0xF939, 0xD2CD
    dd 0xF93A, 0xD2CE
    dd 0xF93B, 0xD2CF
    dd 0xF93C, 0xD2D0
    dd 0xF93D, 0xD2D1
    dd 0xF93E, 0xD2D2
    dd 0xF93F, 0xD2D3
    dd 0xF940, 0xD2D4
    dd 0xF941, 0xD2D5
    dd 0xF942, 0xD2D6
    dd 0xF943, 0xD2D7
    dd 0xF944, 0xD2D9
    dd 0xF945, 0xD2DA
    dd 0xF946, 0xD2DE
    dd 0xF947, 0xD2DF
    dd 0xF948, 0xD2E1
    dd 0xF949, 0xD2E2
    dd 0xF94A, 0xD2E4
    dd 0xF94B, 0xD2E5
    dd 0xF94C, 0xD2E6
    dd 0xF94D, 0xD2E7
    dd 0xF94E, 0xD2E8
    dd 0xF94F, 0xD2E9
    dd 0xF950, 0xD2EA
    dd 0xF951, 0xD2EB
    dd 0xF952, 0xD2F0
    dd 0xF953, 0xD2F1
    dd 0xF954, 0xD2F2
    dd 0xF955, 0xD2F3
    dd 0xF956, 0xD2F4
    dd 0xF957, 0xD2F5
    dd 0xF958, 0xD2F7
    dd 0xF959, 0xD2F8
    dd 0xF95A, 0xD4E6
    dd 0xF95B, 0xD4FC
    dd 0xF95C, 0xD5A5
    dd 0xF95D, 0xD5AB
    dd 0xF95E, 0xD5AE
    dd 0xF95F, 0xD6B8
    dd 0xF960, 0xD6CD
    dd 0xF961, 0xD7CB
    dd 0xF962, 0xD7E4
    dd 0xF963, 0xDBC5
    dd 0xF964, 0xDBE4
    dd 0xF965, 0xDCA5
    dd 0xF966, 0xDDA5
    dd 0xF967, 0xDDD5
    dd 0xF968, 0xDDF4
    dd 0xF969, 0xDEFC
    dd 0xF96A, 0xDEFE
    dd 0xF96B, 0xDFB3
    dd 0xF96C, 0xDFE1
    dd 0xF96D, 0xDFE8
    dd 0xF96E, 0xE0F1
    dd 0xF96F, 0xE1AD
    dd 0xF970, 0xE1ED
    dd 0xF971, 0xE3F5
    dd 0xF972, 0xE4A1
    dd 0xF973, 0xE4A9
    dd 0xF974, 0xE5AE
    dd 0xF975, 0xE5B1
    dd 0xF976, 0xE5B2
    dd 0xF977, 0xE5B9
    dd 0xF978, 0xE5BB
    dd 0xF979, 0xE5BC
    dd 0xF97A, 0xE5C4
    dd 0xF97B, 0xE5CE
    dd 0xF97C, 0xE5D0
    dd 0xF97D, 0xE5D2
    dd 0xF97E, 0xE5D6
    dd 0xF97F, 0xE5FA
    dd 0xF980, 0xE5FB
    dd 0xF981, 0xE5FC
    dd 0xF982, 0xE5FE
    dd 0xF983, 0xE6A1
    dd 0xF984, 0xE6A4
    dd 0xF985, 0xE6A7
    dd 0xF986, 0xE6AD
    dd 0xF987, 0xE6AF
    dd 0xF988, 0xE6B0
    dd 0xF989, 0xE6B1
    dd 0xF98A, 0xE6B3
    dd 0xF98B, 0xE6B7
    dd 0xF98C, 0xE6B8
    dd 0xF98D, 0xE6BC
    dd 0xF98E, 0xE6C4
    dd 0xF98F, 0xE6C6
    dd 0xF990, 0xE6C7
    dd 0xF991, 0xE6CA
    dd 0xF992, 0xE6D2
    dd 0xF993, 0xE6D6
    dd 0xF994, 0xE6D9
    dd 0xF995, 0xE6DC
    dd 0xF996, 0xE6DF
    dd 0xF997, 0xE6E1
    dd 0xF998, 0xE6E4
    dd 0xF999, 0xE6E5
    dd 0xF99A, 0xE6E6
    dd 0xF99B, 0xE6E8
    dd 0xF99C, 0xE6EA
    dd 0xF99D, 0xE6EB
    dd 0xF99E, 0xE6EC
    dd 0xF99F, 0xE6EF
    dd 0xF9A0, 0xE6F1
    dd 0xF9A1, 0xE6F2
    dd 0xF9A2, 0xE6F5
    dd 0xF9A3, 0xE6F6
    dd 0xF9A4, 0xE6F7
    dd 0xF9A5, 0xE6F9
    dd 0xF9A6, 0xE7A1
    dd 0xF9A7, 0xE7A6
    dd 0xF9A8, 0xE7A9
    dd 0xF9A9, 0xE7AA
    dd 0xF9AA, 0xE7AC
    dd 0xF9AB, 0xE7AD
    dd 0xF9AC, 0xE7B0
    dd 0xF9AD, 0xE7BF
    dd 0xF9AE, 0xE7C1
    dd 0xF9AF, 0xE7C6
    dd 0xF9B0, 0xE7C7
    dd 0xF9B1, 0xE7CB
    dd 0xF9B2, 0xE7CD
    dd 0xF9B3, 0xE7CF
    dd 0xF9B4, 0xE7D0
    dd 0xF9B5, 0xE7D3
    dd 0xF9B6, 0xE7DF
    dd 0xF9B7, 0xE7E4
    dd 0xF9B8, 0xE7E6
    dd 0xF9B9, 0xE7F7
    dd 0xF9BA, 0xE8E7
    dd 0xF9BB, 0xE8E8
    dd 0xF9BC, 0xE8F0
    dd 0xF9BD, 0xE8F1
    dd 0xF9BE, 0xE8F7
    dd 0xF9BF, 0xE8F9
    dd 0xF9C0, 0xE8FB
    dd 0xF9C1, 0xE8FE
    dd 0xF9C2, 0xE9A7
    dd 0xF9C3, 0xE9AC
    dd 0xF9C4, 0xE9CC
    dd 0xF9C5, 0xE9F7
    dd 0xF9C6, 0xEAC1
    dd 0xF9C7, 0xEAE5
    dd 0xF9C8, 0xEAF4
    dd 0xF9C9, 0xEAF7
    dd 0xF9CA, 0xEAFC
    dd 0xF9CB, 0xEAFE
    dd 0xF9CC, 0xEBA4
    dd 0xF9CD, 0xEBA7
    dd 0xF9CE, 0xEBA9
    dd 0xF9CF, 0xEBAA
    dd 0xF9D0, 0xEBBA
    dd 0xF9D1, 0xEBBB
    dd 0xF9D2, 0xEBBD
    dd 0xF9D3, 0xEBC1
    dd 0xF9D4, 0xEBC2
    dd 0xF9D5, 0xEBC6
    dd 0xF9D6, 0xEBC7
    dd 0xF9D7, 0xEBCC
    dd 0xF9D8, 0xEBCF
    dd 0xF9D9, 0xEBD0
    dd 0xF9DA, 0xEBD1
    dd 0xF9DB, 0xEBD2
    dd 0xF9DC, 0xEBD8
    dd 0xF9DD, 0xECA6
    dd 0xF9DE, 0xECA7
    dd 0xF9DF, 0xECAA
    dd 0xF9E0, 0xECAF
    dd 0xF9E1, 0xECB0
    dd 0xF9E2, 0xECB1
    dd 0xF9E3, 0xECB2
    dd 0xF9E4, 0xECB5
    dd 0xF9E5, 0xECB8
    dd 0xF9E6, 0xECBA
    dd 0xF9E7, 0xECC0
    dd 0xF9E8, 0xECC1
    dd 0xF9E9, 0xECC5
    dd 0xF9EA, 0xECC6
    dd 0xF9EB, 0xECC9
    dd 0xF9EC, 0xECCA
    dd 0xF9ED, 0xECD5
    dd 0xF9EE, 0xECDD
    dd 0xF9EF, 0xECDE
    dd 0xF9F0, 0xECE1
    dd 0xF9F1, 0xECE4
    dd 0xF9F2, 0xECE7
    dd 0xF9F3, 0xECE8
    dd 0xF9F4, 0xECF7
    dd 0xF9F5, 0xECF8
    dd 0xF9F6, 0xECFA
    dd 0xF9F7, 0xEDA1
    dd 0xF9F8, 0xEDA2
    dd 0xF9F9, 0xEDA3
    dd 0xF9FA, 0xEDEE
    dd 0xF9FB, 0xEEDB
    dd 0xF9FC, 0xF2BD
    dd 0xF9FD, 0xF2FA
    dd 0xF9FE, 0xF3B1
    dd 0xF9FF, 0xF4A7
    dd 0xFA00, 0xF4EE
    dd 0xFA01, 0xF6F4
    dd 0xFA02, 0xF6F6
    dd 0xFA03, 0xF7B8
    dd 0xFA04, 0xF7C8
    dd 0xFA05, 0xF7D3
    dd 0xFA06, 0xF8DB
    dd 0xFA07, 0xF8F0
    dd 0xFA08, 0xFAA1
    dd 0xFA09, 0xFAA2
    dd 0xFA0A, 0xFAE6
    dd 0xFA0B, 0xFCA9
    dd 0xFF01, 0xA3A1
    dd 0xFF02, 0xA3A2
    dd 0xFF03, 0xA3A3
    dd 0xFF04, 0xA3A4
    dd 0xFF05, 0xA3A5
    dd 0xFF06, 0xA3A6
    dd 0xFF07, 0xA3A7
    dd 0xFF08, 0xA3A8
    dd 0xFF09, 0xA3A9
    dd 0xFF0A, 0xA3AA
    dd 0xFF0B, 0xA3AB
    dd 0xFF0C, 0xA3AC
    dd 0xFF0D, 0xA3AD
    dd 0xFF0E, 0xA3AE
    dd 0xFF0F, 0xA3AF
    dd 0xFF10, 0xA3B0
    dd 0xFF11, 0xA3B1
    dd 0xFF12, 0xA3B2
    dd 0xFF13, 0xA3B3
    dd 0xFF14, 0xA3B4
    dd 0xFF15, 0xA3B5
    dd 0xFF16, 0xA3B6
    dd 0xFF17, 0xA3B7
    dd 0xFF18, 0xA3B8
    dd 0xFF19, 0xA3B9
    dd 0xFF1A, 0xA3BA
    dd 0xFF1B, 0xA3BB
    dd 0xFF1C, 0xA3BC
    dd 0xFF1D, 0xA3BD
    dd 0xFF1E, 0xA3BE
    dd 0xFF1F, 0xA3BF
    dd 0xFF20, 0xA3C0
    dd 0xFF21, 0xA3C1
    dd 0xFF22, 0xA3C2
    dd 0xFF23, 0xA3C3
    dd 0xFF24, 0xA3C4
    dd 0xFF25, 0xA3C5
    dd 0xFF26, 0xA3C6
    dd 0xFF27, 0xA3C7
    dd 0xFF28, 0xA3C8
    dd 0xFF29, 0xA3C9
    dd 0xFF2A, 0xA3CA
    dd 0xFF2B, 0xA3CB
    dd 0xFF2C, 0xA3CC
    dd 0xFF2D, 0xA3CD
    dd 0xFF2E, 0xA3CE
    dd 0xFF2F, 0xA3CF
    dd 0xFF30, 0xA3D0
    dd 0xFF31, 0xA3D1
    dd 0xFF32, 0xA3D2
    dd 0xFF33, 0xA3D3
    dd 0xFF34, 0xA3D4
    dd 0xFF35, 0xA3D5
    dd 0xFF36, 0xA3D6
    dd 0xFF37, 0xA3D7
    dd 0xFF38, 0xA3D8
    dd 0xFF39, 0xA3D9
    dd 0xFF3A, 0xA3DA
    dd 0xFF3B, 0xA3DB
    dd 0xFF3C, 0xA1AC
    dd 0xFF3D, 0xA3DD
    dd 0xFF3E, 0xA3DE
    dd 0xFF3F, 0xA3DF
    dd 0xFF40, 0xA3E0
    dd 0xFF41, 0xA3E1
    dd 0xFF42, 0xA3E2
    dd 0xFF43, 0xA3E3
    dd 0xFF44, 0xA3E4
    dd 0xFF45, 0xA3E5
    dd 0xFF46, 0xA3E6
    dd 0xFF47, 0xA3E7
    dd 0xFF48, 0xA3E8
    dd 0xFF49, 0xA3E9
    dd 0xFF4A, 0xA3EA
    dd 0xFF4B, 0xA3EB
    dd 0xFF4C, 0xA3EC
    dd 0xFF4D, 0xA3ED
    dd 0xFF4E, 0xA3EE
    dd 0xFF4F, 0xA3EF
    dd 0xFF50, 0xA3F0
    dd 0xFF51, 0xA3F1
    dd 0xFF52, 0xA3F2
    dd 0xFF53, 0xA3F3
    dd 0xFF54, 0xA3F4
    dd 0xFF55, 0xA3F5
    dd 0xFF56, 0xA3F6
    dd 0xFF57, 0xA3F7
    dd 0xFF58, 0xA3F8
    dd 0xFF59, 0xA3F9
    dd 0xFF5A, 0xA3FA
    dd 0xFF5B, 0xA3FB
    dd 0xFF5C, 0xA3FC
    dd 0xFF5D, 0xA3FD
    dd 0xFF5E, 0xA2A6
    dd 0xFFE0, 0xA1CB
    dd 0xFFE1, 0xA1CC
    dd 0xFFE2, 0xA1FE
    dd 0xFFE3, 0xA3FE
    dd 0xFFE5, 0xA1CD
    dd 0xFFE6, 0xA3DC
    dd 0xFFFFFFFF, 0  ; sentinel

global _euckr_from_unicode_count
_euckr_from_unicode_count: dq 17046
