; ============================================================
; str/encoding/tables/gbk_table.asm
; GBK (CP936) → Unicode mapping
;
; Source: CP936.TXT (Unicode MAPPINGS/VENDORS/MICSFT/WINDOWS/)
; *** GENERATED by tools/gen_encoding_tables.py — DO NOT EDIT ***
; ============================================================

%include "arch/common/types.inc"

section .rodata
align 16

global _gbk_to_unicode
_gbk_to_unicode:
    dw 0x4E02, 0x4E04, 0x4E05, 0x4E06, 0x4E0F, 0x4E12, 0x4E17, 0x4E1F, 0x4E20, 0x4E21, 0x4E23, 0x4E26
    dw 0x4E29, 0x4E2E, 0x4E2F, 0x4E31, 0x4E33, 0x4E35, 0x4E37, 0x4E3C, 0x4E40, 0x4E41, 0x4E42, 0x4E44
    dw 0x4E46, 0x4E4A, 0x4E51, 0x4E55, 0x4E57, 0x4E5A, 0x4E5B, 0x4E62, 0x4E63, 0x4E64, 0x4E65, 0x4E67
    dw 0x4E68, 0x4E6A, 0x4E6B, 0x4E6C, 0x4E6D, 0x4E6E, 0x4E6F, 0x4E72, 0x4E74, 0x4E75, 0x4E76, 0x4E77
    dw 0x4E78, 0x4E79, 0x4E7A, 0x4E7B, 0x4E7C, 0x4E7D, 0x4E7F, 0x4E80, 0x4E81, 0x4E82, 0x4E83, 0x4E84
    dw 0x4E85, 0x4E87, 0x4E8A, 0x4E90, 0x4E96, 0x4E97, 0x4E99, 0x4E9C, 0x4E9D, 0x4E9E, 0x4EA3, 0x4EAA
    dw 0x4EAF, 0x4EB0, 0x4EB1, 0x4EB4, 0x4EB6, 0x4EB7, 0x4EB8, 0x4EB9, 0x4EBC, 0x4EBD, 0x4EBE, 0x4EC8
    dw 0x4ECC, 0x4ECF, 0x4ED0, 0x4ED2, 0x4EDA, 0x4EDB, 0x4EDC, 0x4EE0, 0x4EE2, 0x4EE6, 0x4EE7, 0x4EE9
    dw 0x4EED, 0x4EEE, 0x4EEF, 0x4EF1, 0x4EF4, 0x4EF8, 0x4EF9, 0x4EFA, 0x4EFC, 0x4EFE, 0x4F00, 0x4F02
    dw 0x4F03, 0x4F04, 0x4F05, 0x4F06, 0x4F07, 0x4F08, 0x4F0B, 0x4F0C, 0x4F12, 0x4F13, 0x4F14, 0x4F15
    dw 0x4F16, 0x4F1C, 0x4F1D, 0x4F21, 0x4F23, 0x4F28, 0x4F29, 0x4F2C, 0x4F2D, 0x4F2E, 0x4F31, 0x4F33
    dw 0x4F35, 0x4F37, 0x4F39, 0x4F3B, 0x4F3E, 0x4F3F, 0x4F40, 0x4F41, 0x4F42, 0x4F44, 0x4F45, 0x4F47
    dw 0x4F48, 0x4F49, 0x4F4A, 0x4F4B, 0x4F4C, 0x4F52, 0x4F54, 0x4F56, 0x4F61, 0x4F62, 0x4F66, 0x4F68
    dw 0x4F6A, 0x4F6B, 0x4F6D, 0x4F6E, 0x4F71, 0x4F72, 0x4F75, 0x4F77, 0x4F78, 0x4F79, 0x4F7A, 0x4F7D
    dw 0x4F80, 0x4F81, 0x4F82, 0x4F85, 0x4F86, 0x4F87, 0x4F8A, 0x4F8C, 0x4F8E, 0x4F90, 0x4F92, 0x4F93
    dw 0x4F95, 0x4F96, 0x4F98, 0x4F99, 0x4F9A, 0x4F9C, 0x4F9E, 0x4F9F, 0x4FA1, 0x4FA2, 0x4FA4, 0x4FAB
    dw 0x4FAD, 0x4FB0, 0x4FB1, 0x4FB2, 0x4FB3, 0x4FB4, 0x4FB6, 0x4FB7, 0x4FB8, 0x4FB9, 0x4FBA, 0x4FBB
    dw 0x4FBC, 0x4FBD, 0x4FBE, 0x4FC0, 0x4FC1, 0x4FC2, 0x4FC6, 0x4FC7, 0x4FC8, 0x4FC9, 0x4FCB, 0x4FCC
    dw 0x4FCD, 0x4FD2, 0x4FD3, 0x4FD4, 0x4FD5, 0x4FD6, 0x4FD9, 0x4FDB, 0x4FE0, 0x4FE2, 0x4FE4, 0x4FE5
    dw 0x4FE7, 0x4FEB, 0x4FEC, 0x4FF0, 0x4FF2, 0x4FF4, 0x4FF5, 0x4FF6, 0x4FF7, 0x4FF9, 0x4FFB, 0x4FFC
    dw 0x4FFD, 0x4FFF, 0x5000, 0x5001, 0x5002, 0x5003, 0x5004, 0x5005, 0x5006, 0x5007, 0x5008, 0x5009
    dw 0x500A, 0x500B, 0x500E, 0x5010, 0x5011, 0x5013, 0x5015, 0x5016, 0x5017, 0x501B, 0x501D, 0x501E
    dw 0x5020, 0x5022, 0x5023, 0x5024, 0x5027, 0x502B, 0x502F, 0x5030, 0x5031, 0x5032, 0x5033, 0x5034
    dw 0x5035, 0x5036, 0x5037, 0x5038, 0x5039, 0x503B, 0x503D, 0x503F, 0x5040, 0x5041, 0x5042, 0x5044
    dw 0x5045, 0x5046, 0x5049, 0x504A, 0x504B, 0x504D, 0x5050, 0x5051, 0x5052, 0x5053, 0x5054, 0x5056
    dw 0x5057, 0x5058, 0x5059, 0x505B, 0x505D, 0x505E, 0x505F, 0x5060, 0x5061, 0x5062, 0x5063, 0x5064
    dw 0x5066, 0x5067, 0x5068, 0x5069, 0x506A, 0x506B, 0x506D, 0x506E, 0x506F, 0x5070, 0x5071, 0x5072
    dw 0x5073, 0x5074, 0x5075, 0x5078, 0x5079, 0x507A, 0x507C, 0x507D, 0x5081, 0x5082, 0x5083, 0x5084
    dw 0x5086, 0x5087, 0x5089, 0x508A, 0x508B, 0x508C, 0x508E, 0x508F, 0x5090, 0x5091, 0x5092, 0x5093
    dw 0x5094, 0x5095, 0x5096, 0x5097, 0x5098, 0x5099, 0x509A, 0x509B, 0x509C, 0x509D, 0x509E, 0x509F
    dw 0x50A0, 0x50A1, 0x50A2, 0x50A4, 0x50A6, 0x50AA, 0x50AB, 0x50AD, 0x50AE, 0x50AF, 0x50B0, 0x50B1
    dw 0x50B3, 0x50B4, 0x50B5, 0x50B6, 0x50B7, 0x50B8, 0x50B9, 0x50BC, 0x50BD, 0x50BE, 0x50BF, 0x50C0
    dw 0x50C1, 0x50C2, 0x50C3, 0x50C4, 0x50C5, 0x50C6, 0x50C7, 0x50C8, 0x50C9, 0x50CA, 0x50CB, 0x50CC
    dw 0x50CD, 0x50CE, 0x50D0, 0x50D1, 0x50D2, 0x50D3, 0x50D4, 0x50D5, 0x50D7, 0x50D8, 0x50D9, 0x50DB
    dw 0x50DC, 0x50DD, 0x50DE, 0x50DF, 0x50E0, 0x50E1, 0x50E2, 0x50E3, 0x50E4, 0x50E5, 0x50E8, 0x50E9
    dw 0x50EA, 0x50EB, 0x50EF, 0x50F0, 0x50F1, 0x50F2, 0x50F4, 0x50F6, 0x50F7, 0x50F8, 0x50F9, 0x50FA
    dw 0x50FC, 0x50FD, 0x50FE, 0x50FF, 0x5100, 0x5101, 0x5102, 0x5103, 0x5104, 0x5105, 0x5108, 0x5109
    dw 0x510A, 0x510C, 0x510D, 0x510E, 0x510F, 0x5110, 0x5111, 0x5113, 0x5114, 0x5115, 0x5116, 0x5117
    dw 0x5118, 0x5119, 0x511A, 0x511B, 0x511C, 0x511D, 0x511E, 0x511F, 0x5120, 0x5122, 0x5123, 0x5124
    dw 0x5125, 0x5126, 0x5127, 0x5128, 0x5129, 0x512A, 0x512B, 0x512C, 0x512D, 0x512E, 0x512F, 0x5130
    dw 0x5131, 0x5132, 0x5133, 0x5134, 0x5135, 0x5136, 0x5137, 0x5138, 0x5139, 0x513A, 0x513B, 0x513C
    dw 0x513D, 0x513E, 0x5142, 0x5147, 0x514A, 0x514C, 0x514E, 0x514F, 0x5150, 0x5152, 0x5153, 0x5157
    dw 0x5158, 0x5159, 0x515B, 0x515D, 0x515E, 0x515F, 0x5160, 0x5161, 0x5163, 0x5164, 0x5166, 0x5167
    dw 0x5169, 0x516A, 0x516F, 0x5172, 0x517A, 0x517E, 0x517F, 0x5183, 0x5184, 0x5186, 0x5187, 0x518A
    dw 0x518B, 0x518E, 0x518F, 0x5190, 0x5191, 0x5193, 0x5194, 0x5198, 0x519A, 0x519D, 0x519E, 0x519F
    dw 0x51A1, 0x51A3, 0x51A6, 0x51A7, 0x51A8, 0x51A9, 0x51AA, 0x51AD, 0x51AE, 0x51B4, 0x51B8, 0x51B9
    dw 0x51BA, 0x51BE, 0x51BF, 0x51C1, 0x51C2, 0x51C3, 0x51C5, 0x51C8, 0x51CA, 0x51CD, 0x51CE, 0x51D0
    dw 0x51D2, 0x51D3, 0x51D4, 0x51D5, 0x51D6, 0x51D7, 0x51D8, 0x51D9, 0x51DA, 0x51DC, 0x51DE, 0x51DF
    dw 0x51E2, 0x51E3, 0x51E5, 0x51E6, 0x51E7, 0x51E8, 0x51E9, 0x51EA, 0x51EC, 0x51EE, 0x51F1, 0x51F2
    dw 0x51F4, 0x51F7, 0x51FE, 0x5204, 0x5205, 0x5209, 0x520B, 0x520C, 0x520F, 0x5210, 0x5213, 0x5214
    dw 0x5215, 0x521C, 0x521E, 0x521F, 0x5221, 0x5222, 0x5223, 0x5225, 0x5226, 0x5227, 0x522A, 0x522C
    dw 0x522F, 0x5231, 0x5232, 0x5234, 0x5235, 0x523C, 0x523E, 0x5244, 0x5245, 0x5246, 0x5247, 0x5248
    dw 0x5249, 0x524B, 0x524E, 0x524F, 0x5252, 0x5253, 0x5255, 0x5257, 0x5258, 0x5259, 0x525A, 0x525B
    dw 0x525D, 0x525F, 0x5260, 0x5262, 0x5263, 0x5264, 0x5266, 0x5268, 0x526B, 0x526C, 0x526D, 0x526E
    dw 0x5270, 0x5271, 0x5273, 0x5274, 0x5275, 0x5276, 0x5277, 0x5278, 0x5279, 0x527A, 0x527B, 0x527C
    dw 0x527E, 0x5280, 0x5283, 0x5284, 0x5285, 0x5286, 0x5287, 0x5289, 0x528A, 0x528B, 0x528C, 0x528D
    dw 0x528E, 0x528F, 0x5291, 0x5292, 0x5294, 0x5295, 0x5296, 0x5297, 0x5298, 0x5299, 0x529A, 0x529C
    dw 0x52A4, 0x52A5, 0x52A6, 0x52A7, 0x52AE, 0x52AF, 0x52B0, 0x52B4, 0x52B5, 0x52B6, 0x52B7, 0x52B8
    dw 0x52B9, 0x52BA, 0x52BB, 0x52BC, 0x52BD, 0x52C0, 0x52C1, 0x52C2, 0x52C4, 0x52C5, 0x52C6, 0x52C8
    dw 0x52CA, 0x52CC, 0x52CD, 0x52CE, 0x52CF, 0x52D1, 0x52D3, 0x52D4, 0x52D5, 0x52D7, 0x52D9, 0x52DA
    dw 0x52DB, 0x52DC, 0x52DD, 0x52DE, 0x52E0, 0x52E1, 0x52E2, 0x52E3, 0x52E5, 0x52E6, 0x52E7, 0x52E8
    dw 0x52E9, 0x52EA, 0x52EB, 0x52EC, 0x52ED, 0x52EE, 0x52EF, 0x52F1, 0x52F2, 0x52F3, 0x52F4, 0x52F5
    dw 0x52F6, 0x52F7, 0x52F8, 0x52FB, 0x52FC, 0x52FD, 0x5301, 0x5302, 0x5303, 0x5304, 0x5307, 0x5309
    dw 0x530A, 0x530B, 0x530C, 0x530E, 0x5311, 0x5312, 0x5313, 0x5314, 0x5318, 0x531B, 0x531C, 0x531E
    dw 0x531F, 0x5322, 0x5324, 0x5325, 0x5327, 0x5328, 0x5329, 0x532B, 0x532C, 0x532D, 0x532F, 0x5330
    dw 0x5331, 0x5332, 0x5333, 0x5334, 0x5335, 0x5336, 0x5337, 0x5338, 0x533C, 0x533D, 0x5340, 0x5342
    dw 0x5344, 0x5346, 0x534B, 0x534C, 0x534D, 0x5350, 0x5354, 0x5358, 0x5359, 0x535B, 0x535D, 0x5365
    dw 0x5368, 0x536A, 0x536C, 0x536D, 0x5372, 0x5376, 0x5379, 0x537B, 0x537C, 0x537D, 0x537E, 0x5380
    dw 0x5381, 0x5383, 0x5387, 0x5388, 0x538A, 0x538E, 0x538F, 0x5390, 0x5391, 0x5392, 0x5393, 0x5394
    dw 0x5396, 0x5397, 0x5399, 0x539B, 0x539C, 0x539E, 0x53A0, 0x53A1, 0x53A4, 0x53A7, 0x53AA, 0x53AB
    dw 0x53AC, 0x53AD, 0x53AF, 0x53B0, 0x53B1, 0x53B2, 0x53B3, 0x53B4, 0x53B5, 0x53B7, 0x53B8, 0x53B9
    dw 0x53BA, 0x53BC, 0x53BD, 0x53BE, 0x53C0, 0x53C3, 0x53C4, 0x53C5, 0x53C6, 0x53C7, 0x53CE, 0x53CF
    dw 0x53D0, 0x53D2, 0x53D3, 0x53D5, 0x53DA, 0x53DC, 0x53DD, 0x53DE, 0x53E1, 0x53E2, 0x53E7, 0x53F4
    dw 0x53FA, 0x53FE, 0x53FF, 0x5400, 0x5402, 0x5405, 0x5407, 0x540B, 0x5414, 0x5418, 0x5419, 0x541A
    dw 0x541C, 0x5422, 0x5424, 0x5425, 0x542A, 0x5430, 0x5433, 0x5436, 0x5437, 0x543A, 0x543D, 0x543F
    dw 0x5441, 0x5442, 0x5444, 0x5445, 0x5447, 0x5449, 0x544C, 0x544D, 0x544E, 0x544F, 0x5451, 0x545A
    dw 0x545D, 0x545E, 0x545F, 0x5460, 0x5461, 0x5463, 0x5465, 0x5467, 0x5469, 0x546A, 0x546B, 0x546C
    dw 0x546D, 0x546E, 0x546F, 0x5470, 0x5474, 0x5479, 0x547A, 0x547E, 0x547F, 0x5481, 0x5483, 0x5485
    dw 0x5487, 0x5488, 0x5489, 0x548A, 0x548D, 0x5491, 0x5493, 0x5497, 0x5498, 0x549C, 0x549E, 0x549F
    dw 0x54A0, 0x54A1, 0x54A2, 0x54A5, 0x54AE, 0x54B0, 0x54B2, 0x54B5, 0x54B6, 0x54B7, 0x54B9, 0x54BA
    dw 0x54BC, 0x54BE, 0x54C3, 0x54C5, 0x54CA, 0x54CB, 0x54D6, 0x54D8, 0x54DB, 0x54E0, 0x54E1, 0x54E2
    dw 0x54E3, 0x54E4, 0x54EB, 0x54EC, 0x54EF, 0x54F0, 0x54F1, 0x54F4, 0x54F5, 0x54F6, 0x54F7, 0x54F8
    dw 0x54F9, 0x54FB, 0x54FE, 0x5500, 0x5502, 0x5503, 0x5504, 0x5505, 0x5508, 0x550A, 0x550B, 0x550C
    dw 0x550D, 0x550E, 0x5512, 0x5513, 0x5515, 0x5516, 0x5517, 0x5518, 0x5519, 0x551A, 0x551C, 0x551D
    dw 0x551E, 0x551F, 0x5521, 0x5525, 0x5526, 0x5528, 0x5529, 0x552B, 0x552D, 0x5532, 0x5534, 0x5535
    dw 0x5536, 0x5538, 0x5539, 0x553A, 0x553B, 0x553D, 0x5540, 0x5542, 0x5545, 0x5547, 0x5548, 0x554B
    dw 0x554C, 0x554D, 0x554E, 0x554F, 0x5551, 0x5552, 0x5553, 0x5554, 0x5557, 0x5558, 0x5559, 0x555A
    dw 0x555B, 0x555D, 0x555E, 0x555F, 0x5560, 0x5562, 0x5563, 0x5568, 0x5569, 0x556B, 0x556F, 0x5570
    dw 0x5571, 0x5572, 0x5573, 0x5574, 0x5579, 0x557A, 0x557D, 0x557F, 0x5585, 0x5586, 0x558C, 0x558D
    dw 0x558E, 0x5590, 0x5592, 0x5593, 0x5595, 0x5596, 0x5597, 0x559A, 0x559B, 0x559E, 0x55A0, 0x55A1
    dw 0x55A2, 0x55A3, 0x55A4, 0x55A5, 0x55A6, 0x55A8, 0x55A9, 0x55AA, 0x55AB, 0x55AC, 0x55AD, 0x55AE
    dw 0x55AF, 0x55B0, 0x55B2, 0x55B4, 0x55B6, 0x55B8, 0x55BA, 0x55BC, 0x55BF, 0x55C0, 0x55C1, 0x55C2
    dw 0x55C3, 0x55C6, 0x55C7, 0x55C8, 0x55CA, 0x55CB, 0x55CE, 0x55CF, 0x55D0, 0x55D5, 0x55D7, 0x55D8
    dw 0x55D9, 0x55DA, 0x55DB, 0x55DE, 0x55E0, 0x55E2, 0x55E7, 0x55E9, 0x55ED, 0x55EE, 0x55F0, 0x55F1
    dw 0x55F4, 0x55F6, 0x55F8, 0x55F9, 0x55FA, 0x55FB, 0x55FC, 0x55FF, 0x5602, 0x5603, 0x5604, 0x5605
    dw 0x5606, 0x5607, 0x560A, 0x560B, 0x560D, 0x5610, 0x5611, 0x5612, 0x5613, 0x5614, 0x5615, 0x5616
    dw 0x5617, 0x5619, 0x561A, 0x561C, 0x561D, 0x5620, 0x5621, 0x5622, 0x5625, 0x5626, 0x5628, 0x5629
    dw 0x562A, 0x562B, 0x562E, 0x562F, 0x5630, 0x5633, 0x5635, 0x5637, 0x5638, 0x563A, 0x563C, 0x563D
    dw 0x563E, 0x5640, 0x5641, 0x5642, 0x5643, 0x5644, 0x5645, 0x5646, 0x5647, 0x5648, 0x5649, 0x564A
    dw 0x564B, 0x564F, 0x5650, 0x5651, 0x5652, 0x5653, 0x5655, 0x5656, 0x565A, 0x565B, 0x565D, 0x565E
    dw 0x565F, 0x5660, 0x5661, 0x5663, 0x5665, 0x5666, 0x5667, 0x566D, 0x566E, 0x566F, 0x5670, 0x5672
    dw 0x5673, 0x5674, 0x5675, 0x5677, 0x5678, 0x5679, 0x567A, 0x567D, 0x567E, 0x567F, 0x5680, 0x5681
    dw 0x5682, 0x5683, 0x5684, 0x5687, 0x5688, 0x5689, 0x568A, 0x568B, 0x568C, 0x568D, 0x5690, 0x5691
    dw 0x5692, 0x5694, 0x5695, 0x5696, 0x5697, 0x5698, 0x5699, 0x569A, 0x569B, 0x569C, 0x569D, 0x569E
    dw 0x569F, 0x56A0, 0x56A1, 0x56A2, 0x56A4, 0x56A5, 0x56A6, 0x56A7, 0x56A8, 0x56A9, 0x56AA, 0x56AB
    dw 0x56AC, 0x56AD, 0x56AE, 0x56B0, 0x56B1, 0x56B2, 0x56B3, 0x56B4, 0x56B5, 0x56B6, 0x56B8, 0x56B9
    dw 0x56BA, 0x56BB, 0x56BD, 0x56BE, 0x56BF, 0x56C0, 0x56C1, 0x56C2, 0x56C3, 0x56C4, 0x56C5, 0x56C6
    dw 0x56C7, 0x56C8, 0x56C9, 0x56CB, 0x56CC, 0x56CD, 0x56CE, 0x56CF, 0x56D0, 0x56D1, 0x56D2, 0x56D3
    dw 0x56D5, 0x56D6, 0x56D8, 0x56D9, 0x56DC, 0x56E3, 0x56E5, 0x56E6, 0x56E7, 0x56E8, 0x56E9, 0x56EA
    dw 0x56EC, 0x56EE, 0x56EF, 0x56F2, 0x56F3, 0x56F6, 0x56F7, 0x56F8, 0x56FB, 0x56FC, 0x5700, 0x5701
    dw 0x5702, 0x5705, 0x5707, 0x570B, 0x570C, 0x570D, 0x570E, 0x570F, 0x5710, 0x5711, 0x5712, 0x5713
    dw 0x5714, 0x5715, 0x5716, 0x5717, 0x5718, 0x5719, 0x571A, 0x571B, 0x571D, 0x571E, 0x5720, 0x5721
    dw 0x5722, 0x5724, 0x5725, 0x5726, 0x5727, 0x572B, 0x5731, 0x5732, 0x5734, 0x5735, 0x5736, 0x5737
    dw 0x5738, 0x573C, 0x573D, 0x573F, 0x5741, 0x5743, 0x5744, 0x5745, 0x5746, 0x5748, 0x5749, 0x574B
    dw 0x5752, 0x5753, 0x5754, 0x5755, 0x5756, 0x5758, 0x5759, 0x5762, 0x5763, 0x5765, 0x5767, 0x576C
    dw 0x576E, 0x5770, 0x5771, 0x5772, 0x5774, 0x5775, 0x5778, 0x5779, 0x577A, 0x577D, 0x577E, 0x577F
    dw 0x5780, 0x5781, 0x5787, 0x5788, 0x5789, 0x578A, 0x578D, 0x578E, 0x578F, 0x5790, 0x5791, 0x5794
    dw 0x5795, 0x5796, 0x5797, 0x5798, 0x5799, 0x579A, 0x579C, 0x579D, 0x579E, 0x579F, 0x57A5, 0x57A8
    dw 0x57AA, 0x57AC, 0x57AF, 0x57B0, 0x57B1, 0x57B3, 0x57B5, 0x57B6, 0x57B7, 0x57B9, 0x57BA, 0x57BB
    dw 0x57BC, 0x57BD, 0x57BE, 0x57BF, 0x57C0, 0x57C1, 0x57C4, 0x57C5, 0x57C6, 0x57C7, 0x57C8, 0x57C9
    dw 0x57CA, 0x57CC, 0x57CD, 0x57D0, 0x57D1, 0x57D3, 0x57D6, 0x57D7, 0x57DB, 0x57DC, 0x57DE, 0x57E1
    dw 0x57E2, 0x57E3, 0x57E5, 0x57E6, 0x57E7, 0x57E8, 0x57E9, 0x57EA, 0x57EB, 0x57EC, 0x57EE, 0x57F0
    dw 0x57F1, 0x57F2, 0x57F3, 0x57F5, 0x57F6, 0x57F7, 0x57FB, 0x57FC, 0x57FE, 0x57FF, 0x5801, 0x5803
    dw 0x5804, 0x5805, 0x5808, 0x5809, 0x580A, 0x580C, 0x580E, 0x580F, 0x5810, 0x5812, 0x5813, 0x5814
    dw 0x5816, 0x5817, 0x5818, 0x581A, 0x581B, 0x581C, 0x581D, 0x581F, 0x5822, 0x5823, 0x5825, 0x5826
    dw 0x5827, 0x5828, 0x5829, 0x582B, 0x582C, 0x582D, 0x582E, 0x582F, 0x5831, 0x5832, 0x5833, 0x5834
    dw 0x5836, 0x5837, 0x5838, 0x5839, 0x583A, 0x583B, 0x583C, 0x583D, 0x583E, 0x583F, 0x5840, 0x5841
    dw 0x5842, 0x5843, 0x5845, 0x5846, 0x5847, 0x5848, 0x5849, 0x584A, 0x584B, 0x584E, 0x584F, 0x5850
    dw 0x5852, 0x5853, 0x5855, 0x5856, 0x5857, 0x5859, 0x585A, 0x585B, 0x585C, 0x585D, 0x585F, 0x5860
    dw 0x5861, 0x5862, 0x5863, 0x5864, 0x5866, 0x5867, 0x5868, 0x5869, 0x586A, 0x586D, 0x586E, 0x586F
    dw 0x5870, 0x5871, 0x5872, 0x5873, 0x5874, 0x5875, 0x5876, 0x5877, 0x5878, 0x5879, 0x587A, 0x587B
    dw 0x587C, 0x587D, 0x587F, 0x5882, 0x5884, 0x5886, 0x5887, 0x5888, 0x588A, 0x588B, 0x588C, 0x588D
    dw 0x588E, 0x588F, 0x5890, 0x5891, 0x5894, 0x5895, 0x5896, 0x5897, 0x5898, 0x589B, 0x589C, 0x589D
    dw 0x58A0, 0x58A1, 0x58A2, 0x58A3, 0x58A4, 0x58A5, 0x58A6, 0x58A7, 0x58AA, 0x58AB, 0x58AC, 0x58AD
    dw 0x58AE, 0x58AF, 0x58B0, 0x58B1, 0x58B2, 0x58B3, 0x58B4, 0x58B5, 0x58B6, 0x58B7, 0x58B8, 0x58B9
    dw 0x58BA, 0x58BB, 0x58BD, 0x58BE, 0x58BF, 0x58C0, 0x58C2, 0x58C3, 0x58C4, 0x58C6, 0x58C7, 0x58C8
    dw 0x58C9, 0x58CA, 0x58CB, 0x58CC, 0x58CD, 0x58CE, 0x58CF, 0x58D0, 0x58D2, 0x58D3, 0x58D4, 0x58D6
    dw 0x58D7, 0x58D8, 0x58D9, 0x58DA, 0x58DB, 0x58DC, 0x58DD, 0x58DE, 0x58DF, 0x58E0, 0x58E1, 0x58E2
    dw 0x58E3, 0x58E5, 0x58E6, 0x58E7, 0x58E8, 0x58E9, 0x58EA, 0x58ED, 0x58EF, 0x58F1, 0x58F2, 0x58F4
    dw 0x58F5, 0x58F7, 0x58F8, 0x58FA, 0x58FB, 0x58FC, 0x58FD, 0x58FE, 0x58FF, 0x5900, 0x5901, 0x5903
    dw 0x5905, 0x5906, 0x5908, 0x5909, 0x590A, 0x590B, 0x590C, 0x590E, 0x5910, 0x5911, 0x5912, 0x5913
    dw 0x5917, 0x5918, 0x591B, 0x591D, 0x591E, 0x5920, 0x5921, 0x5922, 0x5923, 0x5926, 0x5928, 0x592C
    dw 0x5930, 0x5932, 0x5933, 0x5935, 0x5936, 0x593B, 0x593D, 0x593E, 0x593F, 0x5940, 0x5943, 0x5945
    dw 0x5946, 0x594A, 0x594C, 0x594D, 0x5950, 0x5952, 0x5953, 0x5959, 0x595B, 0x595C, 0x595D, 0x595E
    dw 0x595F, 0x5961, 0x5963, 0x5964, 0x5966, 0x5967, 0x5968, 0x5969, 0x596A, 0x596B, 0x596C, 0x596D
    dw 0x596E, 0x596F, 0x5970, 0x5971, 0x5972, 0x5975, 0x5977, 0x597A, 0x597B, 0x597C, 0x597E, 0x597F
    dw 0x5980, 0x5985, 0x5989, 0x598B, 0x598C, 0x598E, 0x598F, 0x5990, 0x5991, 0x5994, 0x5995, 0x5998
    dw 0x599A, 0x599B, 0x599C, 0x599D, 0x599F, 0x59A0, 0x59A1, 0x59A2, 0x59A6, 0x59A7, 0x59AC, 0x59AD
    dw 0x59B0, 0x59B1, 0x59B3, 0x59B4, 0x59B5, 0x59B6, 0x59B7, 0x59B8, 0x59BA, 0x59BC, 0x59BD, 0x59BF
    dw 0x59C0, 0x59C1, 0x59C2, 0x59C3, 0x59C4, 0x59C5, 0x59C7, 0x59C8, 0x59C9, 0x59CC, 0x59CD, 0x59CE
    dw 0x59CF, 0x59D5, 0x59D6, 0x59D9, 0x59DB, 0x59DE, 0x59DF, 0x59E0, 0x59E1, 0x59E2, 0x59E4, 0x59E6
    dw 0x59E7, 0x59E9, 0x59EA, 0x59EB, 0x59ED, 0x59EE, 0x59EF, 0x59F0, 0x59F1, 0x59F2, 0x59F3, 0x59F4
    dw 0x59F5, 0x59F6, 0x59F7, 0x59F8, 0x59FA, 0x59FC, 0x59FD, 0x59FE, 0x5A00, 0x5A02, 0x5A0A, 0x5A0B
    dw 0x5A0D, 0x5A0E, 0x5A0F, 0x5A10, 0x5A12, 0x5A14, 0x5A15, 0x5A16, 0x5A17, 0x5A19, 0x5A1A, 0x5A1B
    dw 0x5A1D, 0x5A1E, 0x5A21, 0x5A22, 0x5A24, 0x5A26, 0x5A27, 0x5A28, 0x5A2A, 0x5A2B, 0x5A2C, 0x5A2D
    dw 0x5A2E, 0x5A2F, 0x5A30, 0x5A33, 0x5A35, 0x5A37, 0x5A38, 0x5A39, 0x5A3A, 0x5A3B, 0x5A3D, 0x5A3E
    dw 0x5A3F, 0x5A41, 0x5A42, 0x5A43, 0x5A44, 0x5A45, 0x5A47, 0x5A48, 0x5A4B, 0x5A4C, 0x5A4D, 0x5A4E
    dw 0x5A4F, 0x5A50, 0x5A51, 0x5A52, 0x5A53, 0x5A54, 0x5A56, 0x5A57, 0x5A58, 0x5A59, 0x5A5B, 0x5A5C
    dw 0x5A5D, 0x5A5E, 0x5A5F, 0x5A60, 0x5A61, 0x5A63, 0x5A64, 0x5A65, 0x5A66, 0x5A68, 0x5A69, 0x5A6B
    dw 0x5A6C, 0x5A6D, 0x5A6E, 0x5A6F, 0x5A70, 0x5A71, 0x5A72, 0x5A73, 0x5A78, 0x5A79, 0x5A7B, 0x5A7C
    dw 0x5A7D, 0x5A7E, 0x5A80, 0x5A81, 0x5A82, 0x5A83, 0x5A84, 0x5A85, 0x5A86, 0x5A87, 0x5A88, 0x5A89
    dw 0x5A8A, 0x5A8B, 0x5A8C, 0x5A8D, 0x5A8E, 0x5A8F, 0x5A90, 0x5A91, 0x5A93, 0x5A94, 0x5A95, 0x5A96
    dw 0x5A97, 0x5A98, 0x5A99, 0x5A9C, 0x5A9D, 0x5A9E, 0x5A9F, 0x5AA0, 0x5AA1, 0x5AA2, 0x5AA3, 0x5AA4
    dw 0x5AA5, 0x5AA6, 0x5AA7, 0x5AA8, 0x5AA9, 0x5AAB, 0x5AAC, 0x5AAD, 0x5AAE, 0x5AAF, 0x5AB0, 0x5AB1
    dw 0x5AB4, 0x5AB6, 0x5AB7, 0x5AB9, 0x5ABA, 0x5ABB, 0x5ABC, 0x5ABD, 0x5ABF, 0x5AC0, 0x5AC3, 0x5AC4
    dw 0x5AC5, 0x5AC6, 0x5AC7, 0x5AC8, 0x5ACA, 0x5ACB, 0x5ACD, 0x5ACE, 0x5ACF, 0x5AD0, 0x5AD1, 0x5AD3
    dw 0x5AD5, 0x5AD7, 0x5AD9, 0x5ADA, 0x5ADB, 0x5ADD, 0x5ADE, 0x5ADF, 0x5AE2, 0x5AE4, 0x5AE5, 0x5AE7
    dw 0x5AE8, 0x5AEA, 0x5AEC, 0x5AED, 0x5AEE, 0x5AEF, 0x5AF0, 0x5AF2, 0x5AF3, 0x5AF4, 0x5AF5, 0x5AF6
    dw 0x5AF7, 0x5AF8, 0x5AF9, 0x5AFA, 0x5AFB, 0x5AFC, 0x5AFD, 0x5AFE, 0x5AFF, 0x5B00, 0x5B01, 0x5B02
    dw 0x5B03, 0x5B04, 0x5B05, 0x5B06, 0x5B07, 0x5B08, 0x5B0A, 0x5B0B, 0x5B0C, 0x5B0D, 0x5B0E, 0x5B0F
    dw 0x5B10, 0x5B11, 0x5B12, 0x5B13, 0x5B14, 0x5B15, 0x5B18, 0x5B19, 0x5B1A, 0x5B1B, 0x5B1C, 0x5B1D
    dw 0x5B1E, 0x5B1F, 0x5B20, 0x5B21, 0x5B22, 0x5B23, 0x5B24, 0x5B25, 0x5B26, 0x5B27, 0x5B28, 0x5B29
    dw 0x5B2A, 0x5B2B, 0x5B2C, 0x5B2D, 0x5B2E, 0x5B2F, 0x5B30, 0x5B31, 0x5B33, 0x5B35, 0x5B36, 0x5B38
    dw 0x5B39, 0x5B3A, 0x5B3B, 0x5B3C, 0x5B3D, 0x5B3E, 0x5B3F, 0x5B41, 0x5B42, 0x5B43, 0x5B44, 0x5B45
    dw 0x5B46, 0x5B47, 0x5B48, 0x5B49, 0x5B4A, 0x5B4B, 0x5B4C, 0x5B4D, 0x5B4E, 0x5B4F, 0x5B52, 0x5B56
    dw 0x5B5E, 0x5B60, 0x5B61, 0x5B67, 0x5B68, 0x5B6B, 0x5B6D, 0x5B6E, 0x5B6F, 0x5B72, 0x5B74, 0x5B76
    dw 0x5B77, 0x5B78, 0x5B79, 0x5B7B, 0x5B7C, 0x5B7E, 0x5B7F, 0x5B82, 0x5B86, 0x5B8A, 0x5B8D, 0x5B8E
    dw 0x5B90, 0x5B91, 0x5B92, 0x5B94, 0x5B96, 0x5B9F, 0x5BA7, 0x5BA8, 0x5BA9, 0x5BAC, 0x5BAD, 0x5BAE
    dw 0x5BAF, 0x5BB1, 0x5BB2, 0x5BB7, 0x5BBA, 0x5BBB, 0x5BBC, 0x5BC0, 0x5BC1, 0x5BC3, 0x5BC8, 0x5BC9
    dw 0x5BCA, 0x5BCB, 0x5BCD, 0x5BCE, 0x5BCF, 0x5BD1, 0x5BD4, 0x5BD5, 0x5BD6, 0x5BD7, 0x5BD8, 0x5BD9
    dw 0x5BDA, 0x5BDB, 0x5BDC, 0x5BE0, 0x5BE2, 0x5BE3, 0x5BE6, 0x5BE7, 0x5BE9, 0x5BEA, 0x5BEB, 0x5BEC
    dw 0x5BED, 0x5BEF, 0x5BF1, 0x5BF2, 0x5BF3, 0x5BF4, 0x5BF5, 0x5BF6, 0x5BF7, 0x5BFD, 0x5BFE, 0x5C00
    dw 0x5C02, 0x5C03, 0x5C05, 0x5C07, 0x5C08, 0x5C0B, 0x5C0C, 0x5C0D, 0x5C0E, 0x5C10, 0x5C12, 0x5C13
    dw 0x5C17, 0x5C19, 0x5C1B, 0x5C1E, 0x5C1F, 0x5C20, 0x5C21, 0x5C23, 0x5C26, 0x5C28, 0x5C29, 0x5C2A
    dw 0x5C2B, 0x5C2D, 0x5C2E, 0x5C2F, 0x5C30, 0x5C32, 0x5C33, 0x5C35, 0x5C36, 0x5C37, 0x5C43, 0x5C44
    dw 0x5C46, 0x5C47, 0x5C4C, 0x5C4D, 0x5C52, 0x5C53, 0x5C54, 0x5C56, 0x5C57, 0x5C58, 0x5C5A, 0x5C5B
    dw 0x5C5C, 0x5C5D, 0x5C5F, 0x5C62, 0x5C64, 0x5C67, 0x5C68, 0x5C69, 0x5C6A, 0x5C6B, 0x5C6C, 0x5C6D
    dw 0x5C70, 0x5C72, 0x5C73, 0x5C74, 0x5C75, 0x5C76, 0x5C77, 0x5C78, 0x5C7B, 0x5C7C, 0x5C7D, 0x5C7E
    dw 0x5C80, 0x5C83, 0x5C84, 0x5C85, 0x5C86, 0x5C87, 0x5C89, 0x5C8A, 0x5C8B, 0x5C8E, 0x5C8F, 0x5C92
    dw 0x5C93, 0x5C95, 0x5C9D, 0x5C9E, 0x5C9F, 0x5CA0, 0x5CA1, 0x5CA4, 0x5CA5, 0x5CA6, 0x5CA7, 0x5CA8
    dw 0x5CAA, 0x5CAE, 0x5CAF, 0x5CB0, 0x5CB2, 0x5CB4, 0x5CB6, 0x5CB9, 0x5CBA, 0x5CBB, 0x5CBC, 0x5CBE
    dw 0x5CC0, 0x5CC2, 0x5CC3, 0x5CC5, 0x5CC6, 0x5CC7, 0x5CC8, 0x5CC9, 0x5CCA, 0x5CCC, 0x5CCD, 0x5CCE
    dw 0x5CCF, 0x5CD0, 0x5CD1, 0x5CD3, 0x5CD4, 0x5CD5, 0x5CD6, 0x5CD7, 0x5CD8, 0x5CDA, 0x5CDB, 0x5CDC
    dw 0x5CDD, 0x5CDE, 0x5CDF, 0x5CE0, 0x5CE2, 0x5CE3, 0x5CE7, 0x5CE9, 0x5CEB, 0x5CEC, 0x5CEE, 0x5CEF
    dw 0x5CF1, 0x5CF2, 0x5CF3, 0x5CF4, 0x5CF5, 0x5CF6, 0x5CF7, 0x5CF8, 0x5CF9, 0x5CFA, 0x5CFC, 0x5CFD
    dw 0x5CFE, 0x5CFF, 0x5D00, 0x5D01, 0x5D04, 0x5D05, 0x5D08, 0x5D09, 0x5D0A, 0x5D0B, 0x5D0C, 0x5D0D
    dw 0x5D0F, 0x5D10, 0x5D11, 0x5D12, 0x5D13, 0x5D15, 0x5D17, 0x5D18, 0x5D19, 0x5D1A, 0x5D1C, 0x5D1D
    dw 0x5D1F, 0x5D20, 0x5D21, 0x5D22, 0x5D23, 0x5D25, 0x5D28, 0x5D2A, 0x5D2B, 0x5D2C, 0x5D2F, 0x5D30
    dw 0x5D31, 0x5D32, 0x5D33, 0x5D35, 0x5D36, 0x5D37, 0x5D38, 0x5D39, 0x5D3A, 0x5D3B, 0x5D3C, 0x5D3F
    dw 0x5D40, 0x5D41, 0x5D42, 0x5D43, 0x5D44, 0x5D45, 0x5D46, 0x5D48, 0x5D49, 0x5D4D, 0x5D4E, 0x5D4F
    dw 0x5D50, 0x5D51, 0x5D52, 0x5D53, 0x5D54, 0x5D55, 0x5D56, 0x5D57, 0x5D59, 0x5D5A, 0x5D5C, 0x5D5E
    dw 0x5D5F, 0x5D60, 0x5D61, 0x5D62, 0x5D63, 0x5D64, 0x5D65, 0x5D66, 0x5D67, 0x5D68, 0x5D6A, 0x5D6D
    dw 0x5D6E, 0x5D70, 0x5D71, 0x5D72, 0x5D73, 0x5D75, 0x5D76, 0x5D77, 0x5D78, 0x5D79, 0x5D7A, 0x5D7B
    dw 0x5D7C, 0x5D7D, 0x5D7E, 0x5D7F, 0x5D80, 0x5D81, 0x5D83, 0x5D84, 0x5D85, 0x5D86, 0x5D87, 0x5D88
    dw 0x5D89, 0x5D8A, 0x5D8B, 0x5D8C, 0x5D8D, 0x5D8E, 0x5D8F, 0x5D90, 0x5D91, 0x5D92, 0x5D93, 0x5D94
    dw 0x5D95, 0x5D96, 0x5D97, 0x5D98, 0x5D9A, 0x5D9B, 0x5D9C, 0x5D9E, 0x5D9F, 0x5DA0, 0x5DA1, 0x5DA2
    dw 0x5DA3, 0x5DA4, 0x5DA5, 0x5DA6, 0x5DA7, 0x5DA8, 0x5DA9, 0x5DAA, 0x5DAB, 0x5DAC, 0x5DAD, 0x5DAE
    dw 0x5DAF, 0x5DB0, 0x5DB1, 0x5DB2, 0x5DB3, 0x5DB4, 0x5DB5, 0x5DB6, 0x5DB8, 0x5DB9, 0x5DBA, 0x5DBB
    dw 0x5DBC, 0x5DBD, 0x5DBE, 0x5DBF, 0x5DC0, 0x5DC1, 0x5DC2, 0x5DC3, 0x5DC4, 0x5DC6, 0x5DC7, 0x5DC8
    dw 0x5DC9, 0x5DCA, 0x5DCB, 0x5DCC, 0x5DCE, 0x5DCF, 0x5DD0, 0x5DD1, 0x5DD2, 0x5DD3, 0x5DD4, 0x5DD5
    dw 0x5DD6, 0x5DD7, 0x5DD8, 0x5DD9, 0x5DDA, 0x5DDC, 0x5DDF, 0x5DE0, 0x5DE3, 0x5DE4, 0x5DEA, 0x5DEC
    dw 0x5DED, 0x5DF0, 0x5DF5, 0x5DF6, 0x5DF8, 0x5DF9, 0x5DFA, 0x5DFB, 0x5DFC, 0x5DFF, 0x5E00, 0x5E04
    dw 0x5E07, 0x5E09, 0x5E0A, 0x5E0B, 0x5E0D, 0x5E0E, 0x5E12, 0x5E13, 0x5E17, 0x5E1E, 0x5E1F, 0x5E20
    dw 0x5E21, 0x5E22, 0x5E23, 0x5E24, 0x5E25, 0x5E28, 0x5E29, 0x5E2A, 0x5E2B, 0x5E2C, 0x5E2F, 0x5E30
    dw 0x5E32, 0x5E33, 0x5E34, 0x5E35, 0x5E36, 0x5E39, 0x5E3A, 0x5E3E, 0x5E3F, 0x5E40, 0x5E41, 0x5E43
    dw 0x5E46, 0x5E47, 0x5E48, 0x5E49, 0x5E4A, 0x5E4B, 0x5E4D, 0x5E4E, 0x5E4F, 0x5E50, 0x5E51, 0x5E52
    dw 0x5E53, 0x5E56, 0x5E57, 0x5E58, 0x5E59, 0x5E5A, 0x5E5C, 0x5E5D, 0x5E5F, 0x5E60, 0x5E63, 0x5E64
    dw 0x5E65, 0x5E66, 0x5E67, 0x5E68, 0x5E69, 0x5E6A, 0x5E6B, 0x5E6C, 0x5E6D, 0x5E6E, 0x5E6F, 0x5E70
    dw 0x5E71, 0x5E75, 0x5E77, 0x5E79, 0x5E7E, 0x5E81, 0x5E82, 0x5E83, 0x5E85, 0x5E88, 0x5E89, 0x5E8C
    dw 0x5E8D, 0x5E8E, 0x5E92, 0x5E98, 0x5E9B, 0x5E9D, 0x5EA1, 0x5EA2, 0x5EA3, 0x5EA4, 0x5EA8, 0x5EA9
    dw 0x5EAA, 0x5EAB, 0x5EAC, 0x5EAE, 0x5EAF, 0x5EB0, 0x5EB1, 0x5EB2, 0x5EB4, 0x5EBA, 0x5EBB, 0x5EBC
    dw 0x5EBD, 0x5EBF, 0x5EC0, 0x5EC1, 0x5EC2, 0x5EC3, 0x5EC4, 0x5EC5, 0x5EC6, 0x5EC7, 0x5EC8, 0x5ECB
    dw 0x5ECC, 0x5ECD, 0x5ECE, 0x5ECF, 0x5ED0, 0x5ED4, 0x5ED5, 0x5ED7, 0x5ED8, 0x5ED9, 0x5EDA, 0x5EDC
    dw 0x5EDD, 0x5EDE, 0x5EDF, 0x5EE0, 0x5EE1, 0x5EE2, 0x5EE3, 0x5EE4, 0x5EE5, 0x5EE6, 0x5EE7, 0x5EE9
    dw 0x5EEB, 0x5EEC, 0x5EED, 0x5EEE, 0x5EEF, 0x5EF0, 0x5EF1, 0x5EF2, 0x5EF3, 0x5EF5, 0x5EF8, 0x5EF9
    dw 0x5EFB, 0x5EFC, 0x5EFD, 0x5F05, 0x5F06, 0x5F07, 0x5F09, 0x5F0C, 0x5F0D, 0x5F0E, 0x5F10, 0x5F12
    dw 0x5F14, 0x5F16, 0x5F19, 0x5F1A, 0x5F1C, 0x5F1D, 0x5F1E, 0x5F21, 0x5F22, 0x5F23, 0x5F24, 0x5F28
    dw 0x5F2B, 0x5F2C, 0x5F2E, 0x5F30, 0x5F32, 0x5F33, 0x5F34, 0x5F35, 0x5F36, 0x5F37, 0x5F38, 0x5F3B
    dw 0x5F3D, 0x5F3E, 0x5F3F, 0x5F41, 0x5F42, 0x5F43, 0x5F44, 0x5F45, 0x5F46, 0x5F47, 0x5F48, 0x5F49
    dw 0x5F4A, 0x5F4B, 0x5F4C, 0x5F4D, 0x5F4E, 0x5F4F, 0x5F51, 0x5F54, 0x5F59, 0x5F5A, 0x5F5B, 0x5F5C
    dw 0x5F5E, 0x5F5F, 0x5F60, 0x5F63, 0x5F65, 0x5F67, 0x5F68, 0x5F6B, 0x5F6E, 0x5F6F, 0x5F72, 0x5F74
    dw 0x5F75, 0x5F76, 0x5F78, 0x5F7A, 0x5F7D, 0x5F7E, 0x5F7F, 0x5F83, 0x5F86, 0x5F8D, 0x5F8E, 0x5F8F
    dw 0x5F91, 0x5F93, 0x5F94, 0x5F96, 0x5F9A, 0x5F9B, 0x5F9D, 0x5F9E, 0x5F9F, 0x5FA0, 0x5FA2, 0x5FA3
    dw 0x5FA4, 0x5FA5, 0x5FA6, 0x5FA7, 0x5FA9, 0x5FAB, 0x5FAC, 0x5FAF, 0x5FB0, 0x5FB1, 0x5FB2, 0x5FB3
    dw 0x5FB4, 0x5FB6, 0x5FB8, 0x5FB9, 0x5FBA, 0x5FBB, 0x5FBE, 0x5FBF, 0x5FC0, 0x5FC1, 0x5FC2, 0x5FC7
    dw 0x5FC8, 0x5FCA, 0x5FCB, 0x5FCE, 0x5FD3, 0x5FD4, 0x5FD5, 0x5FDA, 0x5FDB, 0x5FDC, 0x5FDE, 0x5FDF
    dw 0x5FE2, 0x5FE3, 0x5FE5, 0x5FE6, 0x5FE8, 0x5FE9, 0x5FEC, 0x5FEF, 0x5FF0, 0x5FF2, 0x5FF3, 0x5FF4
    dw 0x5FF6, 0x5FF7, 0x5FF9, 0x5FFA, 0x5FFC, 0x6007, 0x6008, 0x6009, 0x600B, 0x600C, 0x6010, 0x6011
    dw 0x6013, 0x6017, 0x6018, 0x601A, 0x601E, 0x601F, 0x6022, 0x6023, 0x6024, 0x602C, 0x602D, 0x602E
    dw 0x6030, 0x6031, 0x6032, 0x6033, 0x6034, 0x6036, 0x6037, 0x6038, 0x6039, 0x603A, 0x603D, 0x603E
    dw 0x6040, 0x6044, 0x6045, 0x6046, 0x6047, 0x6048, 0x6049, 0x604A, 0x604C, 0x604E, 0x604F, 0x6051
    dw 0x6053, 0x6054, 0x6056, 0x6057, 0x6058, 0x605B, 0x605C, 0x605E, 0x605F, 0x6060, 0x6061, 0x6065
    dw 0x6066, 0x606E, 0x6071, 0x6072, 0x6074, 0x6075, 0x6077, 0x607E, 0x6080, 0x6081, 0x6082, 0x6085
    dw 0x6086, 0x6087, 0x6088, 0x608A, 0x608B, 0x608E, 0x608F, 0x6090, 0x6091, 0x6093, 0x6095, 0x6097
    dw 0x6098, 0x6099, 0x609C, 0x609E, 0x60A1, 0x60A2, 0x60A4, 0x60A5, 0x60A7, 0x60A9, 0x60AA, 0x60AE
    dw 0x60B0, 0x60B3, 0x60B5, 0x60B6, 0x60B7, 0x60B9, 0x60BA, 0x60BD, 0x60BE, 0x60BF, 0x60C0, 0x60C1
    dw 0x60C2, 0x60C3, 0x60C4, 0x60C7, 0x60C8, 0x60C9, 0x60CC, 0x60CD, 0x60CE, 0x60CF, 0x60D0, 0x60D2
    dw 0x60D3, 0x60D4, 0x60D6, 0x60D7, 0x60D9, 0x60DB, 0x60DE, 0x60E1, 0x60E2, 0x60E3, 0x60E4, 0x60E5
    dw 0x60EA, 0x60F1, 0x60F2, 0x60F5, 0x60F7, 0x60F8, 0x60FB, 0x60FC, 0x60FD, 0x60FE, 0x60FF, 0x6102
    dw 0x6103, 0x6104, 0x6105, 0x6107, 0x610A, 0x610B, 0x610C, 0x6110, 0x6111, 0x6112, 0x6113, 0x6114
    dw 0x6116, 0x6117, 0x6118, 0x6119, 0x611B, 0x611C, 0x611D, 0x611E, 0x6121, 0x6122, 0x6125, 0x6128
    dw 0x6129, 0x612A, 0x612C, 0x612D, 0x612E, 0x612F, 0x6130, 0x6131, 0x6132, 0x6133, 0x6134, 0x6135
    dw 0x6136, 0x6137, 0x6138, 0x6139, 0x613A, 0x613B, 0x613C, 0x613D, 0x613E, 0x6140, 0x6141, 0x6142
    dw 0x6143, 0x6144, 0x6145, 0x6146, 0x6147, 0x6149, 0x614B, 0x614D, 0x614F, 0x6150, 0x6152, 0x6153
    dw 0x6154, 0x6156, 0x6157, 0x6158, 0x6159, 0x615A, 0x615B, 0x615C, 0x615E, 0x615F, 0x6160, 0x6161
    dw 0x6163, 0x6164, 0x6165, 0x6166, 0x6169, 0x616A, 0x616B, 0x616C, 0x616D, 0x616E, 0x616F, 0x6171
    dw 0x6172, 0x6173, 0x6174, 0x6176, 0x6178, 0x6179, 0x617A, 0x617B, 0x617C, 0x617D, 0x617E, 0x617F
    dw 0x6180, 0x6181, 0x6182, 0x6183, 0x6184, 0x6185, 0x6186, 0x6187, 0x6188, 0x6189, 0x618A, 0x618C
    dw 0x618D, 0x618F, 0x6190, 0x6191, 0x6192, 0x6193, 0x6195, 0x6196, 0x6197, 0x6198, 0x6199, 0x619A
    dw 0x619B, 0x619C, 0x619E, 0x619F, 0x61A0, 0x61A1, 0x61A2, 0x61A3, 0x61A4, 0x61A5, 0x61A6, 0x61AA
    dw 0x61AB, 0x61AD, 0x61AE, 0x61AF, 0x61B0, 0x61B1, 0x61B2, 0x61B3, 0x61B4, 0x61B5, 0x61B6, 0x61B8
    dw 0x61B9, 0x61BA, 0x61BB, 0x61BC, 0x61BD, 0x61BF, 0x61C0, 0x61C1, 0x61C3, 0x61C4, 0x61C5, 0x61C6
    dw 0x61C7, 0x61C9, 0x61CC, 0x61CD, 0x61CE, 0x61CF, 0x61D0, 0x61D3, 0x61D5, 0x61D6, 0x61D7, 0x61D8
    dw 0x61D9, 0x61DA, 0x61DB, 0x61DC, 0x61DD, 0x61DE, 0x61DF, 0x61E0, 0x61E1, 0x61E2, 0x61E3, 0x61E4
    dw 0x61E5, 0x61E7, 0x61E8, 0x61E9, 0x61EA, 0x61EB, 0x61EC, 0x61ED, 0x61EE, 0x61EF, 0x61F0, 0x61F1
    dw 0x61F2, 0x61F3, 0x61F4, 0x61F6, 0x61F7, 0x61F8, 0x61F9, 0x61FA, 0x61FB, 0x61FC, 0x61FD, 0x61FE
    dw 0x6200, 0x6201, 0x6202, 0x6203, 0x6204, 0x6205, 0x6207, 0x6209, 0x6213, 0x6214, 0x6219, 0x621C
    dw 0x621D, 0x621E, 0x6220, 0x6223, 0x6226, 0x6227, 0x6228, 0x6229, 0x622B, 0x622D, 0x622F, 0x6230
    dw 0x6231, 0x6232, 0x6235, 0x6236, 0x6238, 0x6239, 0x623A, 0x623B, 0x623C, 0x6242, 0x6244, 0x6245
    dw 0x6246, 0x624A, 0x624F, 0x6250, 0x6255, 0x6256, 0x6257, 0x6259, 0x625A, 0x625C, 0x625D, 0x625E
    dw 0x625F, 0x6260, 0x6261, 0x6262, 0x6264, 0x6265, 0x6268, 0x6271, 0x6272, 0x6274, 0x6275, 0x6277
    dw 0x6278, 0x627A, 0x627B, 0x627D, 0x6281, 0x6282, 0x6283, 0x6285, 0x6286, 0x6287, 0x6288, 0x628B
    dw 0x628C, 0x628D, 0x628E, 0x628F, 0x6290, 0x6294, 0x6299, 0x629C, 0x629D, 0x629E, 0x62A3, 0x62A6
    dw 0x62A7, 0x62A9, 0x62AA, 0x62AD, 0x62AE, 0x62AF, 0x62B0, 0x62B2, 0x62B3, 0x62B4, 0x62B6, 0x62B7
    dw 0x62B8, 0x62BA, 0x62BE, 0x62C0, 0x62C1, 0x62C3, 0x62CB, 0x62CF, 0x62D1, 0x62D5, 0x62DD, 0x62DE
    dw 0x62E0, 0x62E1, 0x62E4, 0x62EA, 0x62EB, 0x62F0, 0x62F2, 0x62F5, 0x62F8, 0x62F9, 0x62FA, 0x62FB
    dw 0x6300, 0x6303, 0x6304, 0x6305, 0x6306, 0x630A, 0x630B, 0x630C, 0x630D, 0x630F, 0x6310, 0x6312
    dw 0x6313, 0x6314, 0x6315, 0x6317, 0x6318, 0x6319, 0x631C, 0x6326, 0x6327, 0x6329, 0x632C, 0x632D
    dw 0x632E, 0x6330, 0x6331, 0x6333, 0x6334, 0x6335, 0x6336, 0x6337, 0x6338, 0x633B, 0x633C, 0x633E
    dw 0x633F, 0x6340, 0x6341, 0x6344, 0x6347, 0x6348, 0x634A, 0x6351, 0x6352, 0x6353, 0x6354, 0x6356
    dw 0x6357, 0x6358, 0x6359, 0x635A, 0x635B, 0x635C, 0x635D, 0x6360, 0x6364, 0x6365, 0x6366, 0x6368
    dw 0x636A, 0x636B, 0x636C, 0x636F, 0x6370, 0x6372, 0x6373, 0x6374, 0x6375, 0x6378, 0x6379, 0x637C
    dw 0x637D, 0x637E, 0x637F, 0x6381, 0x6383, 0x6384, 0x6385, 0x6386, 0x638B, 0x638D, 0x6391, 0x6393
    dw 0x6394, 0x6395, 0x6397, 0x6399, 0x639A, 0x639B, 0x639C, 0x639D, 0x639E, 0x639F, 0x63A1, 0x63A4
    dw 0x63A6, 0x63AB, 0x63AF, 0x63B1, 0x63B2, 0x63B5, 0x63B6, 0x63B9, 0x63BB, 0x63BD, 0x63BF, 0x63C0
    dw 0x63C1, 0x63C2, 0x63C3, 0x63C5, 0x63C7, 0x63C8, 0x63CA, 0x63CB, 0x63CC, 0x63D1, 0x63D3, 0x63D4
    dw 0x63D5, 0x63D7, 0x63D8, 0x63D9, 0x63DA, 0x63DB, 0x63DC, 0x63DD, 0x63DF, 0x63E2, 0x63E4, 0x63E5
    dw 0x63E6, 0x63E7, 0x63E8, 0x63EB, 0x63EC, 0x63EE, 0x63EF, 0x63F0, 0x63F1, 0x63F3, 0x63F5, 0x63F7
    dw 0x63F9, 0x63FA, 0x63FB, 0x63FC, 0x63FE, 0x6403, 0x6404, 0x6406, 0x6407, 0x6408, 0x6409, 0x640A
    dw 0x640D, 0x640E, 0x6411, 0x6412, 0x6415, 0x6416, 0x6417, 0x6418, 0x6419, 0x641A, 0x641D, 0x641F
    dw 0x6422, 0x6423, 0x6424, 0x6425, 0x6427, 0x6428, 0x6429, 0x642B, 0x642E, 0x642F, 0x6430, 0x6431
    dw 0x6432, 0x6433, 0x6435, 0x6436, 0x6437, 0x6438, 0x6439, 0x643B, 0x643C, 0x643E, 0x6440, 0x6442
    dw 0x6443, 0x6449, 0x644B, 0x644C, 0x644D, 0x644E, 0x644F, 0x6450, 0x6451, 0x6453, 0x6455, 0x6456
    dw 0x6457, 0x6459, 0x645A, 0x645B, 0x645C, 0x645D, 0x645F, 0x6460, 0x6461, 0x6462, 0x6463, 0x6464
    dw 0x6465, 0x6466, 0x6468, 0x646A, 0x646B, 0x646C, 0x646E, 0x646F, 0x6470, 0x6471, 0x6472, 0x6473
    dw 0x6474, 0x6475, 0x6476, 0x6477, 0x647B, 0x647C, 0x647D, 0x647E, 0x647F, 0x6480, 0x6481, 0x6483
    dw 0x6486, 0x6488, 0x6489, 0x648A, 0x648B, 0x648C, 0x648D, 0x648E, 0x648F, 0x6490, 0x6493, 0x6494
    dw 0x6497, 0x6498, 0x649A, 0x649B, 0x649C, 0x649D, 0x649F, 0x64A0, 0x64A1, 0x64A2, 0x64A3, 0x64A5
    dw 0x64A6, 0x64A7, 0x64A8, 0x64AA, 0x64AB, 0x64AF, 0x64B1, 0x64B2, 0x64B3, 0x64B4, 0x64B6, 0x64B9
    dw 0x64BB, 0x64BD, 0x64BE, 0x64BF, 0x64C1, 0x64C3, 0x64C4, 0x64C6, 0x64C7, 0x64C8, 0x64C9, 0x64CA
    dw 0x64CB, 0x64CC, 0x64CF, 0x64D1, 0x64D3, 0x64D4, 0x64D5, 0x64D6, 0x64D9, 0x64DA, 0x64DB, 0x64DC
    dw 0x64DD, 0x64DF, 0x64E0, 0x64E1, 0x64E3, 0x64E5, 0x64E7, 0x64E8, 0x64E9, 0x64EA, 0x64EB, 0x64EC
    dw 0x64ED, 0x64EE, 0x64EF, 0x64F0, 0x64F1, 0x64F2, 0x64F3, 0x64F4, 0x64F5, 0x64F6, 0x64F7, 0x64F8
    dw 0x64F9, 0x64FA, 0x64FB, 0x64FC, 0x64FD, 0x64FE, 0x64FF, 0x6501, 0x6502, 0x6503, 0x6504, 0x6505
    dw 0x6506, 0x6507, 0x6508, 0x650A, 0x650B, 0x650C, 0x650D, 0x650E, 0x650F, 0x6510, 0x6511, 0x6513
    dw 0x6514, 0x6515, 0x6516, 0x6517, 0x6519, 0x651A, 0x651B, 0x651C, 0x651D, 0x651E, 0x651F, 0x6520
    dw 0x6521, 0x6522, 0x6523, 0x6524, 0x6526, 0x6527, 0x6528, 0x6529, 0x652A, 0x652C, 0x652D, 0x6530
    dw 0x6531, 0x6532, 0x6533, 0x6537, 0x653A, 0x653C, 0x653D, 0x6540, 0x6541, 0x6542, 0x6543, 0x6544
    dw 0x6546, 0x6547, 0x654A, 0x654B, 0x654D, 0x654E, 0x6550, 0x6552, 0x6553, 0x6554, 0x6557, 0x6558
    dw 0x655A, 0x655C, 0x655F, 0x6560, 0x6561, 0x6564, 0x6565, 0x6567, 0x6568, 0x6569, 0x656A, 0x656D
    dw 0x656E, 0x656F, 0x6571, 0x6573, 0x6575, 0x6576, 0x6578, 0x6579, 0x657A, 0x657B, 0x657C, 0x657D
    dw 0x657E, 0x657F, 0x6580, 0x6581, 0x6582, 0x6583, 0x6584, 0x6585, 0x6586, 0x6588, 0x6589, 0x658A
    dw 0x658D, 0x658E, 0x658F, 0x6592, 0x6594, 0x6595, 0x6596, 0x6598, 0x659A, 0x659D, 0x659E, 0x65A0
    dw 0x65A2, 0x65A3, 0x65A6, 0x65A8, 0x65AA, 0x65AC, 0x65AE, 0x65B1, 0x65B2, 0x65B3, 0x65B4, 0x65B5
    dw 0x65B6, 0x65B7, 0x65B8, 0x65BA, 0x65BB, 0x65BE, 0x65BF, 0x65C0, 0x65C2, 0x65C7, 0x65C8, 0x65C9
    dw 0x65CA, 0x65CD, 0x65D0, 0x65D1, 0x65D3, 0x65D4, 0x65D5, 0x65D8, 0x65D9, 0x65DA, 0x65DB, 0x65DC
    dw 0x65DD, 0x65DE, 0x65DF, 0x65E1, 0x65E3, 0x65E4, 0x65EA, 0x65EB, 0x65F2, 0x65F3, 0x65F4, 0x65F5
    dw 0x65F8, 0x65F9, 0x65FB, 0x65FC, 0x65FD, 0x65FE, 0x65FF, 0x6601, 0x6604, 0x6605, 0x6607, 0x6608
    dw 0x6609, 0x660B, 0x660D, 0x6610, 0x6611, 0x6612, 0x6616, 0x6617, 0x6618, 0x661A, 0x661B, 0x661C
    dw 0x661E, 0x6621, 0x6622, 0x6623, 0x6624, 0x6626, 0x6629, 0x662A, 0x662B, 0x662C, 0x662E, 0x6630
    dw 0x6632, 0x6633, 0x6637, 0x6638, 0x6639, 0x663A, 0x663B, 0x663D, 0x663F, 0x6640, 0x6642, 0x6644
    dw 0x6645, 0x6646, 0x6647, 0x6648, 0x6649, 0x664A, 0x664D, 0x664E, 0x6650, 0x6651, 0x6658, 0x6659
    dw 0x665B, 0x665C, 0x665D, 0x665E, 0x6660, 0x6662, 0x6663, 0x6665, 0x6667, 0x6669, 0x666A, 0x666B
    dw 0x666C, 0x666D, 0x6671, 0x6672, 0x6673, 0x6675, 0x6678, 0x6679, 0x667B, 0x667C, 0x667D, 0x667F
    dw 0x6680, 0x6681, 0x6683, 0x6685, 0x6686, 0x6688, 0x6689, 0x668A, 0x668B, 0x668D, 0x668E, 0x668F
    dw 0x6690, 0x6692, 0x6693, 0x6694, 0x6695, 0x6698, 0x6699, 0x669A, 0x669B, 0x669C, 0x669E, 0x669F
    dw 0x66A0, 0x66A1, 0x66A2, 0x66A3, 0x66A4, 0x66A5, 0x66A6, 0x66A9, 0x66AA, 0x66AB, 0x66AC, 0x66AD
    dw 0x66AF, 0x66B0, 0x66B1, 0x66B2, 0x66B3, 0x66B5, 0x66B6, 0x66B7, 0x66B8, 0x66BA, 0x66BB, 0x66BC
    dw 0x66BD, 0x66BF, 0x66C0, 0x66C1, 0x66C2, 0x66C3, 0x66C4, 0x66C5, 0x66C6, 0x66C7, 0x66C8, 0x66C9
    dw 0x66CA, 0x66CB, 0x66CC, 0x66CD, 0x66CE, 0x66CF, 0x66D0, 0x66D1, 0x66D2, 0x66D3, 0x66D4, 0x66D5
    dw 0x66D6, 0x66D7, 0x66D8, 0x66DA, 0x66DE, 0x66DF, 0x66E0, 0x66E1, 0x66E2, 0x66E3, 0x66E4, 0x66E5
    dw 0x66E7, 0x66E8, 0x66EA, 0x66EB, 0x66EC, 0x66ED, 0x66EE, 0x66EF, 0x66F1, 0x66F5, 0x66F6, 0x66F8
    dw 0x66FA, 0x66FB, 0x66FD, 0x6701, 0x6702, 0x6703, 0x6704, 0x6705, 0x6706, 0x6707, 0x670C, 0x670E
    dw 0x670F, 0x6711, 0x6712, 0x6713, 0x6716, 0x6718, 0x6719, 0x671A, 0x671C, 0x671E, 0x6720, 0x6721
    dw 0x6722, 0x6723, 0x6724, 0x6725, 0x6727, 0x6729, 0x672E, 0x6730, 0x6732, 0x6733, 0x6736, 0x6737
    dw 0x6738, 0x6739, 0x673B, 0x673C, 0x673E, 0x673F, 0x6741, 0x6744, 0x6745, 0x6747, 0x674A, 0x674B
    dw 0x674D, 0x6752, 0x6754, 0x6755, 0x6757, 0x6758, 0x6759, 0x675A, 0x675B, 0x675D, 0x6762, 0x6763
    dw 0x6764, 0x6766, 0x6767, 0x676B, 0x676C, 0x676E, 0x6771, 0x6774, 0x6776, 0x6778, 0x6779, 0x677A
    dw 0x677B, 0x677D, 0x6780, 0x6782, 0x6783, 0x6785, 0x6786, 0x6788, 0x678A, 0x678C, 0x678D, 0x678E
    dw 0x678F, 0x6791, 0x6792, 0x6793, 0x6794, 0x6796, 0x6799, 0x679B, 0x679F, 0x67A0, 0x67A1, 0x67A4
    dw 0x67A6, 0x67A9, 0x67AC, 0x67AE, 0x67B1, 0x67B2, 0x67B4, 0x67B9, 0x67BA, 0x67BB, 0x67BC, 0x67BD
    dw 0x67BE, 0x67BF, 0x67C0, 0x67C2, 0x67C5, 0x67C6, 0x67C7, 0x67C8, 0x67C9, 0x67CA, 0x67CB, 0x67CC
    dw 0x67CD, 0x67CE, 0x67D5, 0x67D6, 0x67D7, 0x67DB, 0x67DF, 0x67E1, 0x67E3, 0x67E4, 0x67E6, 0x67E7
    dw 0x67E8, 0x67EA, 0x67EB, 0x67ED, 0x67EE, 0x67F2, 0x67F5, 0x67F6, 0x67F7, 0x67F8, 0x67F9, 0x67FA
    dw 0x67FB, 0x67FC, 0x67FE, 0x6801, 0x6802, 0x6803, 0x6804, 0x6806, 0x680D, 0x6810, 0x6812, 0x6814
    dw 0x6815, 0x6818, 0x6819, 0x681A, 0x681B, 0x681C, 0x681E, 0x681F, 0x6820, 0x6822, 0x6823, 0x6824
    dw 0x6825, 0x6826, 0x6827, 0x6828, 0x682B, 0x682C, 0x682D, 0x682E, 0x682F, 0x6830, 0x6831, 0x6834
    dw 0x6835, 0x6836, 0x683A, 0x683B, 0x683F, 0x6847, 0x684B, 0x684D, 0x684F, 0x6852, 0x6856, 0x6857
    dw 0x6858, 0x6859, 0x685A, 0x685B, 0x685C, 0x685D, 0x685E, 0x685F, 0x686A, 0x686C, 0x686D, 0x686E
    dw 0x686F, 0x6870, 0x6871, 0x6872, 0x6873, 0x6875, 0x6878, 0x6879, 0x687A, 0x687B, 0x687C, 0x687D
    dw 0x687E, 0x687F, 0x6880, 0x6882, 0x6884, 0x6887, 0x6888, 0x6889, 0x688A, 0x688B, 0x688C, 0x688D
    dw 0x688E, 0x6890, 0x6891, 0x6892, 0x6894, 0x6895, 0x6896, 0x6898, 0x6899, 0x689A, 0x689B, 0x689C
    dw 0x689D, 0x689E, 0x689F, 0x68A0, 0x68A1, 0x68A3, 0x68A4, 0x68A5, 0x68A9, 0x68AA, 0x68AB, 0x68AC
    dw 0x68AE, 0x68B1, 0x68B2, 0x68B4, 0x68B6, 0x68B7, 0x68B8, 0x68B9, 0x68BA, 0x68BB, 0x68BC, 0x68BD
    dw 0x68BE, 0x68BF, 0x68C1, 0x68C3, 0x68C4, 0x68C5, 0x68C6, 0x68C7, 0x68C8, 0x68CA, 0x68CC, 0x68CE
    dw 0x68CF, 0x68D0, 0x68D1, 0x68D3, 0x68D4, 0x68D6, 0x68D7, 0x68D9, 0x68DB, 0x68DC, 0x68DD, 0x68DE
    dw 0x68DF, 0x68E1, 0x68E2, 0x68E4, 0x68E5, 0x68E6, 0x68E7, 0x68E8, 0x68E9, 0x68EA, 0x68EB, 0x68EC
    dw 0x68ED, 0x68EF, 0x68F2, 0x68F3, 0x68F4, 0x68F6, 0x68F7, 0x68F8, 0x68FB, 0x68FD, 0x68FE, 0x68FF
    dw 0x6900, 0x6902, 0x6903, 0x6904, 0x6906, 0x6907, 0x6908, 0x6909, 0x690A, 0x690C, 0x690F, 0x6911
    dw 0x6913, 0x6914, 0x6915, 0x6916, 0x6917, 0x6918, 0x6919, 0x691A, 0x691B, 0x691C, 0x691D, 0x691E
    dw 0x6921, 0x6922, 0x6923, 0x6925, 0x6926, 0x6927, 0x6928, 0x6929, 0x692A, 0x692B, 0x692C, 0x692E
    dw 0x692F, 0x6931, 0x6932, 0x6933, 0x6935, 0x6936, 0x6937, 0x6938, 0x693A, 0x693B, 0x693C, 0x693E
    dw 0x6940, 0x6941, 0x6943, 0x6944, 0x6945, 0x6946, 0x6947, 0x6948, 0x6949, 0x694A, 0x694B, 0x694C
    dw 0x694D, 0x694E, 0x694F, 0x6950, 0x6951, 0x6952, 0x6953, 0x6955, 0x6956, 0x6958, 0x6959, 0x695B
    dw 0x695C, 0x695F, 0x6961, 0x6962, 0x6964, 0x6965, 0x6967, 0x6968, 0x6969, 0x696A, 0x696C, 0x696D
    dw 0x696F, 0x6970, 0x6972, 0x6973, 0x6974, 0x6975, 0x6976, 0x697A, 0x697B, 0x697D, 0x697E, 0x697F
    dw 0x6981, 0x6983, 0x6985, 0x698A, 0x698B, 0x698C, 0x698E, 0x698F, 0x6990, 0x6991, 0x6992, 0x6993
    dw 0x6996, 0x6997, 0x6999, 0x699A, 0x699D, 0x699E, 0x699F, 0x69A0, 0x69A1, 0x69A2, 0x69A3, 0x69A4
    dw 0x69A5, 0x69A6, 0x69A9, 0x69AA, 0x69AC, 0x69AE, 0x69AF, 0x69B0, 0x69B2, 0x69B3, 0x69B5, 0x69B6
    dw 0x69B8, 0x69B9, 0x69BA, 0x69BC, 0x69BD, 0x69BE, 0x69BF, 0x69C0, 0x69C2, 0x69C3, 0x69C4, 0x69C5
    dw 0x69C6, 0x69C7, 0x69C8, 0x69C9, 0x69CB, 0x69CD, 0x69CF, 0x69D1, 0x69D2, 0x69D3, 0x69D5, 0x69D6
    dw 0x69D7, 0x69D8, 0x69D9, 0x69DA, 0x69DC, 0x69DD, 0x69DE, 0x69E1, 0x69E2, 0x69E3, 0x69E4, 0x69E5
    dw 0x69E6, 0x69E7, 0x69E8, 0x69E9, 0x69EA, 0x69EB, 0x69EC, 0x69EE, 0x69EF, 0x69F0, 0x69F1, 0x69F3
    dw 0x69F4, 0x69F5, 0x69F6, 0x69F7, 0x69F8, 0x69F9, 0x69FA, 0x69FB, 0x69FC, 0x69FE, 0x6A00, 0x6A01
    dw 0x6A02, 0x6A03, 0x6A04, 0x6A05, 0x6A06, 0x6A07, 0x6A08, 0x6A09, 0x6A0B, 0x6A0C, 0x6A0D, 0x6A0E
    dw 0x6A0F, 0x6A10, 0x6A11, 0x6A12, 0x6A13, 0x6A14, 0x6A15, 0x6A16, 0x6A19, 0x6A1A, 0x6A1B, 0x6A1C
    dw 0x6A1D, 0x6A1E, 0x6A20, 0x6A22, 0x6A23, 0x6A24, 0x6A25, 0x6A26, 0x6A27, 0x6A29, 0x6A2B, 0x6A2C
    dw 0x6A2D, 0x6A2E, 0x6A30, 0x6A32, 0x6A33, 0x6A34, 0x6A36, 0x6A37, 0x6A38, 0x6A39, 0x6A3A, 0x6A3B
    dw 0x6A3C, 0x6A3F, 0x6A40, 0x6A41, 0x6A42, 0x6A43, 0x6A45, 0x6A46, 0x6A48, 0x6A49, 0x6A4A, 0x6A4B
    dw 0x6A4C, 0x6A4D, 0x6A4E, 0x6A4F, 0x6A51, 0x6A52, 0x6A53, 0x6A54, 0x6A55, 0x6A56, 0x6A57, 0x6A5A
    dw 0x6A5C, 0x6A5D, 0x6A5E, 0x6A5F, 0x6A60, 0x6A62, 0x6A63, 0x6A64, 0x6A66, 0x6A67, 0x6A68, 0x6A69
    dw 0x6A6A, 0x6A6B, 0x6A6C, 0x6A6D, 0x6A6E, 0x6A6F, 0x6A70, 0x6A72, 0x6A73, 0x6A74, 0x6A75, 0x6A76
    dw 0x6A77, 0x6A78, 0x6A7A, 0x6A7B, 0x6A7D, 0x6A7E, 0x6A7F, 0x6A81, 0x6A82, 0x6A83, 0x6A85, 0x6A86
    dw 0x6A87, 0x6A88, 0x6A89, 0x6A8A, 0x6A8B, 0x6A8C, 0x6A8D, 0x6A8F, 0x6A92, 0x6A93, 0x6A94, 0x6A95
    dw 0x6A96, 0x6A98, 0x6A99, 0x6A9A, 0x6A9B, 0x6A9C, 0x6A9D, 0x6A9E, 0x6A9F, 0x6AA1, 0x6AA2, 0x6AA3
    dw 0x6AA4, 0x6AA5, 0x6AA6, 0x6AA7, 0x6AA8, 0x6AAA, 0x6AAD, 0x6AAE, 0x6AAF, 0x6AB0, 0x6AB1, 0x6AB2
    dw 0x6AB3, 0x6AB4, 0x6AB5, 0x6AB6, 0x6AB7, 0x6AB8, 0x6AB9, 0x6ABA, 0x6ABB, 0x6ABC, 0x6ABD, 0x6ABE
    dw 0x6ABF, 0x6AC0, 0x6AC1, 0x6AC2, 0x6AC3, 0x6AC4, 0x6AC5, 0x6AC6, 0x6AC7, 0x6AC8, 0x6AC9, 0x6ACA
    dw 0x6ACB, 0x6ACC, 0x6ACD, 0x6ACE, 0x6ACF, 0x6AD0, 0x6AD1, 0x6AD2, 0x6AD3, 0x6AD4, 0x6AD5, 0x6AD6
    dw 0x6AD7, 0x6AD8, 0x6AD9, 0x6ADA, 0x6ADB, 0x6ADC, 0x6ADD, 0x6ADE, 0x6ADF, 0x6AE0, 0x6AE1, 0x6AE2
    dw 0x6AE3, 0x6AE4, 0x6AE5, 0x6AE6, 0x6AE7, 0x6AE8, 0x6AE9, 0x6AEA, 0x6AEB, 0x6AEC, 0x6AED, 0x6AEE
    dw 0x6AEF, 0x6AF0, 0x6AF1, 0x6AF2, 0x6AF3, 0x6AF4, 0x6AF5, 0x6AF6, 0x6AF7, 0x6AF8, 0x6AF9, 0x6AFA
    dw 0x6AFB, 0x6AFC, 0x6AFD, 0x6AFE, 0x6AFF, 0x6B00, 0x6B01, 0x6B02, 0x6B03, 0x6B04, 0x6B05, 0x6B06
    dw 0x6B07, 0x6B08, 0x6B09, 0x6B0A, 0x6B0B, 0x6B0C, 0x6B0D, 0x6B0E, 0x6B0F, 0x6B10, 0x6B11, 0x6B12
    dw 0x6B13, 0x6B14, 0x6B15, 0x6B16, 0x6B17, 0x6B18, 0x6B19, 0x6B1A, 0x6B1B, 0x6B1C, 0x6B1D, 0x6B1E
    dw 0x6B1F, 0x6B25, 0x6B26, 0x6B28, 0x6B29, 0x6B2A, 0x6B2B, 0x6B2C, 0x6B2D, 0x6B2E, 0x6B2F, 0x6B30
    dw 0x6B31, 0x6B33, 0x6B34, 0x6B35, 0x6B36, 0x6B38, 0x6B3B, 0x6B3C, 0x6B3D, 0x6B3F, 0x6B40, 0x6B41
    dw 0x6B42, 0x6B44, 0x6B45, 0x6B48, 0x6B4A, 0x6B4B, 0x6B4D, 0x6B4E, 0x6B4F, 0x6B50, 0x6B51, 0x6B52
    dw 0x6B53, 0x6B54, 0x6B55, 0x6B56, 0x6B57, 0x6B58, 0x6B5A, 0x6B5B, 0x6B5C, 0x6B5D, 0x6B5E, 0x6B5F
    dw 0x6B60, 0x6B61, 0x6B68, 0x6B69, 0x6B6B, 0x6B6C, 0x6B6D, 0x6B6E, 0x6B6F, 0x6B70, 0x6B71, 0x6B72
    dw 0x6B73, 0x6B74, 0x6B75, 0x6B76, 0x6B77, 0x6B78, 0x6B7A, 0x6B7D, 0x6B7E, 0x6B7F, 0x6B80, 0x6B85
    dw 0x6B88, 0x6B8C, 0x6B8E, 0x6B8F, 0x6B90, 0x6B91, 0x6B94, 0x6B95, 0x6B97, 0x6B98, 0x6B99, 0x6B9C
    dw 0x6B9D, 0x6B9E, 0x6B9F, 0x6BA0, 0x6BA2, 0x6BA3, 0x6BA4, 0x6BA5, 0x6BA6, 0x6BA7, 0x6BA8, 0x6BA9
    dw 0x6BAB, 0x6BAC, 0x6BAD, 0x6BAE, 0x6BAF, 0x6BB0, 0x6BB1, 0x6BB2, 0x6BB6, 0x6BB8, 0x6BB9, 0x6BBA
    dw 0x6BBB, 0x6BBC, 0x6BBD, 0x6BBE, 0x6BC0, 0x6BC3, 0x6BC4, 0x6BC6, 0x6BC7, 0x6BC8, 0x6BC9, 0x6BCA
    dw 0x6BCC, 0x6BCE, 0x6BD0, 0x6BD1, 0x6BD8, 0x6BDA, 0x6BDC, 0x6BDD, 0x6BDE, 0x6BDF, 0x6BE0, 0x6BE2
    dw 0x6BE3, 0x6BE4, 0x6BE5, 0x6BE6, 0x6BE7, 0x6BE8, 0x6BE9, 0x6BEC, 0x6BED, 0x6BEE, 0x6BF0, 0x6BF1
    dw 0x6BF2, 0x6BF4, 0x6BF6, 0x6BF7, 0x6BF8, 0x6BFA, 0x6BFB, 0x6BFC, 0x6BFE, 0x6BFF, 0x6C00, 0x6C01
    dw 0x6C02, 0x6C03, 0x6C04, 0x6C08, 0x6C09, 0x6C0A, 0x6C0B, 0x6C0C, 0x6C0E, 0x6C12, 0x6C17, 0x6C1C
    dw 0x6C1D, 0x6C1E, 0x6C20, 0x6C23, 0x6C25, 0x6C2B, 0x6C2C, 0x6C2D, 0x6C31, 0x6C33, 0x6C36, 0x6C37
    dw 0x6C39, 0x6C3A, 0x6C3B, 0x6C3C, 0x6C3E, 0x6C3F, 0x6C43, 0x6C44, 0x6C45, 0x6C48, 0x6C4B, 0x6C4C
    dw 0x6C4D, 0x6C4E, 0x6C4F, 0x6C51, 0x6C52, 0x6C53, 0x6C56, 0x6C58, 0x6C59, 0x6C5A, 0x6C62, 0x6C63
    dw 0x6C65, 0x6C66, 0x6C67, 0x6C6B, 0x6C6C, 0x6C6D, 0x6C6E, 0x6C6F, 0x6C71, 0x6C73, 0x6C75, 0x6C77
    dw 0x6C78, 0x6C7A, 0x6C7B, 0x6C7C, 0x6C7F, 0x6C80, 0x6C84, 0x6C87, 0x6C8A, 0x6C8B, 0x6C8D, 0x6C8E
    dw 0x6C91, 0x6C92, 0x6C95, 0x6C96, 0x6C97, 0x6C98, 0x6C9A, 0x6C9C, 0x6C9D, 0x6C9E, 0x6CA0, 0x6CA2
    dw 0x6CA8, 0x6CAC, 0x6CAF, 0x6CB0, 0x6CB4, 0x6CB5, 0x6CB6, 0x6CB7, 0x6CBA, 0x6CC0, 0x6CC1, 0x6CC2
    dw 0x6CC3, 0x6CC6, 0x6CC7, 0x6CC8, 0x6CCB, 0x6CCD, 0x6CCE, 0x6CCF, 0x6CD1, 0x6CD2, 0x6CD8, 0x6CD9
    dw 0x6CDA, 0x6CDC, 0x6CDD, 0x6CDF, 0x6CE4, 0x6CE6, 0x6CE7, 0x6CE9, 0x6CEC, 0x6CED, 0x6CF2, 0x6CF4
    dw 0x6CF9, 0x6CFF, 0x6D00, 0x6D02, 0x6D03, 0x6D05, 0x6D06, 0x6D08, 0x6D09, 0x6D0A, 0x6D0D, 0x6D0F
    dw 0x6D10, 0x6D11, 0x6D13, 0x6D14, 0x6D15, 0x6D16, 0x6D18, 0x6D1C, 0x6D1D, 0x6D1F, 0x6D20, 0x6D21
    dw 0x6D22, 0x6D23, 0x6D24, 0x6D26, 0x6D28, 0x6D29, 0x6D2C, 0x6D2D, 0x6D2F, 0x6D30, 0x6D34, 0x6D36
    dw 0x6D37, 0x6D38, 0x6D3A, 0x6D3F, 0x6D40, 0x6D42, 0x6D44, 0x6D49, 0x6D4C, 0x6D50, 0x6D55, 0x6D56
    dw 0x6D57, 0x6D58, 0x6D5B, 0x6D5D, 0x6D5F, 0x6D61, 0x6D62, 0x6D64, 0x6D65, 0x6D67, 0x6D68, 0x6D6B
    dw 0x6D6C, 0x6D6D, 0x6D70, 0x6D71, 0x6D72, 0x6D73, 0x6D75, 0x6D76, 0x6D79, 0x6D7A, 0x6D7B, 0x6D7D
    dw 0x6D7E, 0x6D7F, 0x6D80, 0x6D81, 0x6D83, 0x6D84, 0x6D86, 0x6D87, 0x6D8A, 0x6D8B, 0x6D8D, 0x6D8F
    dw 0x6D90, 0x6D92, 0x6D96, 0x6D97, 0x6D98, 0x6D99, 0x6D9A, 0x6D9C, 0x6DA2, 0x6DA5, 0x6DAC, 0x6DAD
    dw 0x6DB0, 0x6DB1, 0x6DB3, 0x6DB4, 0x6DB6, 0x6DB7, 0x6DB9, 0x6DBA, 0x6DBB, 0x6DBC, 0x6DBD, 0x6DBE
    dw 0x6DC1, 0x6DC2, 0x6DC3, 0x6DC8, 0x6DC9, 0x6DCA, 0x6DCD, 0x6DCE, 0x6DCF, 0x6DD0, 0x6DD2, 0x6DD3
    dw 0x6DD4, 0x6DD5, 0x6DD7, 0x6DDA, 0x6DDB, 0x6DDC, 0x6DDF, 0x6DE2, 0x6DE3, 0x6DE5, 0x6DE7, 0x6DE8
    dw 0x6DE9, 0x6DEA, 0x6DED, 0x6DEF, 0x6DF0, 0x6DF2, 0x6DF4, 0x6DF5, 0x6DF6, 0x6DF8, 0x6DFA, 0x6DFD
    dw 0x6DFE, 0x6DFF, 0x6E00, 0x6E01, 0x6E02, 0x6E03, 0x6E04, 0x6E06, 0x6E07, 0x6E08, 0x6E09, 0x6E0B
    dw 0x6E0F, 0x6E12, 0x6E13, 0x6E15, 0x6E18, 0x6E19, 0x6E1B, 0x6E1C, 0x6E1E, 0x6E1F, 0x6E22, 0x6E26
    dw 0x6E27, 0x6E28, 0x6E2A, 0x6E2C, 0x6E2E, 0x6E30, 0x6E31, 0x6E33, 0x6E35, 0x6E36, 0x6E37, 0x6E39
    dw 0x6E3B, 0x6E3C, 0x6E3D, 0x6E3E, 0x6E3F, 0x6E40, 0x6E41, 0x6E42, 0x6E45, 0x6E46, 0x6E47, 0x6E48
    dw 0x6E49, 0x6E4A, 0x6E4B, 0x6E4C, 0x6E4F, 0x6E50, 0x6E51, 0x6E52, 0x6E55, 0x6E57, 0x6E59, 0x6E5A
    dw 0x6E5C, 0x6E5D, 0x6E5E, 0x6E60, 0x6E61, 0x6E62, 0x6E63, 0x6E64, 0x6E65, 0x6E66, 0x6E67, 0x6E68
    dw 0x6E69, 0x6E6A, 0x6E6C, 0x6E6D, 0x6E6F, 0x6E70, 0x6E71, 0x6E72, 0x6E73, 0x6E74, 0x6E75, 0x6E76
    dw 0x6E77, 0x6E78, 0x6E79, 0x6E7A, 0x6E7B, 0x6E7C, 0x6E7D, 0x6E80, 0x6E81, 0x6E82, 0x6E84, 0x6E87
    dw 0x6E88, 0x6E8A, 0x6E8B, 0x6E8C, 0x6E8D, 0x6E8E, 0x6E91, 0x6E92, 0x6E93, 0x6E94, 0x6E95, 0x6E96
    dw 0x6E97, 0x6E99, 0x6E9A, 0x6E9B, 0x6E9D, 0x6E9E, 0x6EA0, 0x6EA1, 0x6EA3, 0x6EA4, 0x6EA6, 0x6EA8
    dw 0x6EA9, 0x6EAB, 0x6EAC, 0x6EAD, 0x6EAE, 0x6EB0, 0x6EB3, 0x6EB5, 0x6EB8, 0x6EB9, 0x6EBC, 0x6EBE
    dw 0x6EBF, 0x6EC0, 0x6EC3, 0x6EC4, 0x6EC5, 0x6EC6, 0x6EC8, 0x6EC9, 0x6ECA, 0x6ECC, 0x6ECD, 0x6ECE
    dw 0x6ED0, 0x6ED2, 0x6ED6, 0x6ED8, 0x6ED9, 0x6EDB, 0x6EDC, 0x6EDD, 0x6EE3, 0x6EE7, 0x6EEA, 0x6EEB
    dw 0x6EEC, 0x6EED, 0x6EEE, 0x6EEF, 0x6EF0, 0x6EF1, 0x6EF2, 0x6EF3, 0x6EF5, 0x6EF6, 0x6EF7, 0x6EF8
    dw 0x6EFA, 0x6EFB, 0x6EFC, 0x6EFD, 0x6EFE, 0x6EFF, 0x6F00, 0x6F01, 0x6F03, 0x6F04, 0x6F05, 0x6F07
    dw 0x6F08, 0x6F0A, 0x6F0B, 0x6F0C, 0x6F0D, 0x6F0E, 0x6F10, 0x6F11, 0x6F12, 0x6F16, 0x6F17, 0x6F18
    dw 0x6F19, 0x6F1A, 0x6F1B, 0x6F1C, 0x6F1D, 0x6F1E, 0x6F1F, 0x6F21, 0x6F22, 0x6F23, 0x6F25, 0x6F26
    dw 0x6F27, 0x6F28, 0x6F2C, 0x6F2E, 0x6F30, 0x6F32, 0x6F34, 0x6F35, 0x6F37, 0x6F38, 0x6F39, 0x6F3A
    dw 0x6F3B, 0x6F3C, 0x6F3D, 0x6F3F, 0x6F40, 0x6F41, 0x6F42, 0x6F43, 0x6F44, 0x6F45, 0x6F48, 0x6F49
    dw 0x6F4A, 0x6F4C, 0x6F4E, 0x6F4F, 0x6F50, 0x6F51, 0x6F52, 0x6F53, 0x6F54, 0x6F55, 0x6F56, 0x6F57
    dw 0x6F59, 0x6F5A, 0x6F5B, 0x6F5D, 0x6F5F, 0x6F60, 0x6F61, 0x6F63, 0x6F64, 0x6F65, 0x6F67, 0x6F68
    dw 0x6F69, 0x6F6A, 0x6F6B, 0x6F6C, 0x6F6F, 0x6F70, 0x6F71, 0x6F73, 0x6F75, 0x6F76, 0x6F77, 0x6F79
    dw 0x6F7B, 0x6F7D, 0x6F7E, 0x6F7F, 0x6F80, 0x6F81, 0x6F82, 0x6F83, 0x6F85, 0x6F86, 0x6F87, 0x6F8A
    dw 0x6F8B, 0x6F8F, 0x6F90, 0x6F91, 0x6F92, 0x6F93, 0x6F94, 0x6F95, 0x6F96, 0x6F97, 0x6F98, 0x6F99
    dw 0x6F9A, 0x6F9B, 0x6F9D, 0x6F9E, 0x6F9F, 0x6FA0, 0x6FA2, 0x6FA3, 0x6FA4, 0x6FA5, 0x6FA6, 0x6FA8
    dw 0x6FA9, 0x6FAA, 0x6FAB, 0x6FAC, 0x6FAD, 0x6FAE, 0x6FAF, 0x6FB0, 0x6FB1, 0x6FB2, 0x6FB4, 0x6FB5
    dw 0x6FB7, 0x6FB8, 0x6FBA, 0x6FBB, 0x6FBC, 0x6FBD, 0x6FBE, 0x6FBF, 0x6FC1, 0x6FC3, 0x6FC4, 0x6FC5
    dw 0x6FC6, 0x6FC7, 0x6FC8, 0x6FCA, 0x6FCB, 0x6FCC, 0x6FCD, 0x6FCE, 0x6FCF, 0x6FD0, 0x6FD3, 0x6FD4
    dw 0x6FD5, 0x6FD6, 0x6FD7, 0x6FD8, 0x6FD9, 0x6FDA, 0x6FDB, 0x6FDC, 0x6FDD, 0x6FDF, 0x6FE2, 0x6FE3
    dw 0x6FE4, 0x6FE5, 0x6FE6, 0x6FE7, 0x6FE8, 0x6FE9, 0x6FEA, 0x6FEB, 0x6FEC, 0x6FED, 0x6FF0, 0x6FF1
    dw 0x6FF2, 0x6FF3, 0x6FF4, 0x6FF5, 0x6FF6, 0x6FF7, 0x6FF8, 0x6FF9, 0x6FFA, 0x6FFB, 0x6FFC, 0x6FFD
    dw 0x6FFE, 0x6FFF, 0x7000, 0x7001, 0x7002, 0x7003, 0x7004, 0x7005, 0x7006, 0x7007, 0x7008, 0x7009
    dw 0x700A, 0x700B, 0x700C, 0x700D, 0x700E, 0x700F, 0x7010, 0x7012, 0x7013, 0x7014, 0x7015, 0x7016
    dw 0x7017, 0x7018, 0x7019, 0x701C, 0x701D, 0x701E, 0x701F, 0x7020, 0x7021, 0x7022, 0x7024, 0x7025
    dw 0x7026, 0x7027, 0x7028, 0x7029, 0x702A, 0x702B, 0x702C, 0x702D, 0x702E, 0x702F, 0x7030, 0x7031
    dw 0x7032, 0x7033, 0x7034, 0x7036, 0x7037, 0x7038, 0x703A, 0x703B, 0x703C, 0x703D, 0x703E, 0x703F
    dw 0x7040, 0x7041, 0x7042, 0x7043, 0x7044, 0x7045, 0x7046, 0x7047, 0x7048, 0x7049, 0x704A, 0x704B
    dw 0x704D, 0x704E, 0x7050, 0x7051, 0x7052, 0x7053, 0x7054, 0x7055, 0x7056, 0x7057, 0x7058, 0x7059
    dw 0x705A, 0x705B, 0x705C, 0x705D, 0x705F, 0x7060, 0x7061, 0x7062, 0x7063, 0x7064, 0x7065, 0x7066
    dw 0x7067, 0x7068, 0x7069, 0x706A, 0x706E, 0x7071, 0x7072, 0x7073, 0x7074, 0x7077, 0x7079, 0x707A
    dw 0x707B, 0x707D, 0x7081, 0x7082, 0x7083, 0x7084, 0x7086, 0x7087, 0x7088, 0x708B, 0x708C, 0x708D
    dw 0x708F, 0x7090, 0x7091, 0x7093, 0x7097, 0x7098, 0x709A, 0x709B, 0x709E, 0x709F, 0x70A0, 0x70A1
    dw 0x70A2, 0x70A3, 0x70A4, 0x70A5, 0x70A6, 0x70A7, 0x70A8, 0x70A9, 0x70AA, 0x70B0, 0x70B2, 0x70B4
    dw 0x70B5, 0x70B6, 0x70BA, 0x70BE, 0x70BF, 0x70C4, 0x70C5, 0x70C6, 0x70C7, 0x70C9, 0x70CB, 0x70CC
    dw 0x70CD, 0x70CE, 0x70CF, 0x70D0, 0x70D1, 0x70D2, 0x70D3, 0x70D4, 0x70D5, 0x70D6, 0x70D7, 0x70DA
    dw 0x70DC, 0x70DD, 0x70DE, 0x70E0, 0x70E1, 0x70E2, 0x70E3, 0x70E5, 0x70EA, 0x70EE, 0x70F0, 0x70F1
    dw 0x70F2, 0x70F3, 0x70F4, 0x70F5, 0x70F6, 0x70F8, 0x70FA, 0x70FB, 0x70FC, 0x70FE, 0x70FF, 0x7100
    dw 0x7101, 0x7102, 0x7103, 0x7104, 0x7105, 0x7106, 0x7107, 0x7108, 0x710B, 0x710C, 0x710D, 0x710E
    dw 0x710F, 0x7111, 0x7112, 0x7114, 0x7117, 0x711B, 0x711C, 0x711D, 0x711E, 0x711F, 0x7120, 0x7121
    dw 0x7122, 0x7123, 0x7124, 0x7125, 0x7127, 0x7128, 0x7129, 0x712A, 0x712B, 0x712C, 0x712D, 0x712E
    dw 0x7132, 0x7133, 0x7134, 0x7135, 0x7137, 0x7138, 0x7139, 0x713A, 0x713B, 0x713C, 0x713D, 0x713E
    dw 0x713F, 0x7140, 0x7141, 0x7142, 0x7143, 0x7144, 0x7146, 0x7147, 0x7148, 0x7149, 0x714B, 0x714D
    dw 0x714F, 0x7150, 0x7151, 0x7152, 0x7153, 0x7154, 0x7155, 0x7156, 0x7157, 0x7158, 0x7159, 0x715A
    dw 0x715B, 0x715D, 0x715F, 0x7160, 0x7161, 0x7162, 0x7163, 0x7165, 0x7169, 0x716A, 0x716B, 0x716C
    dw 0x716D, 0x716F, 0x7170, 0x7171, 0x7174, 0x7175, 0x7176, 0x7177, 0x7179, 0x717B, 0x717C, 0x717E
    dw 0x717F, 0x7180, 0x7181, 0x7182, 0x7183, 0x7185, 0x7186, 0x7187, 0x7188, 0x7189, 0x718B, 0x718C
    dw 0x718D, 0x718E, 0x7190, 0x7191, 0x7192, 0x7193, 0x7195, 0x7196, 0x7197, 0x719A, 0x719B, 0x719C
    dw 0x719D, 0x719E, 0x71A1, 0x71A2, 0x71A3, 0x71A4, 0x71A5, 0x71A6, 0x71A7, 0x71A9, 0x71AA, 0x71AB
    dw 0x71AD, 0x71AE, 0x71AF, 0x71B0, 0x71B1, 0x71B2, 0x71B4, 0x71B6, 0x71B7, 0x71B8, 0x71BA, 0x71BB
    dw 0x71BC, 0x71BD, 0x71BE, 0x71BF, 0x71C0, 0x71C1, 0x71C2, 0x71C4, 0x71C5, 0x71C6, 0x71C7, 0x71C8
    dw 0x71C9, 0x71CA, 0x71CB, 0x71CC, 0x71CD, 0x71CF, 0x71D0, 0x71D1, 0x71D2, 0x71D3, 0x71D6, 0x71D7
    dw 0x71D8, 0x71D9, 0x71DA, 0x71DB, 0x71DC, 0x71DD, 0x71DE, 0x71DF, 0x71E1, 0x71E2, 0x71E3, 0x71E4
    dw 0x71E6, 0x71E8, 0x71E9, 0x71EA, 0x71EB, 0x71EC, 0x71ED, 0x71EF, 0x71F0, 0x71F1, 0x71F2, 0x71F3
    dw 0x71F4, 0x71F5, 0x71F6, 0x71F7, 0x71F8, 0x71FA, 0x71FB, 0x71FC, 0x71FD, 0x71FE, 0x71FF, 0x7200
    dw 0x7201, 0x7202, 0x7203, 0x7204, 0x7205, 0x7207, 0x7208, 0x7209, 0x720A, 0x720B, 0x720C, 0x720D
    dw 0x720E, 0x720F, 0x7210, 0x7211, 0x7212, 0x7213, 0x7214, 0x7215, 0x7216, 0x7217, 0x7218, 0x7219
    dw 0x721A, 0x721B, 0x721C, 0x721E, 0x721F, 0x7220, 0x7221, 0x7222, 0x7223, 0x7224, 0x7225, 0x7226
    dw 0x7227, 0x7229, 0x722B, 0x722D, 0x722E, 0x722F, 0x7232, 0x7233, 0x7234, 0x723A, 0x723C, 0x723E
    dw 0x7240, 0x7241, 0x7242, 0x7243, 0x7244, 0x7245, 0x7246, 0x7249, 0x724A, 0x724B, 0x724E, 0x724F
    dw 0x7250, 0x7251, 0x7253, 0x7254, 0x7255, 0x7257, 0x7258, 0x725A, 0x725C, 0x725E, 0x7260, 0x7263
    dw 0x7264, 0x7265, 0x7268, 0x726A, 0x726B, 0x726C, 0x726D, 0x7270, 0x7271, 0x7273, 0x7274, 0x7276
    dw 0x7277, 0x7278, 0x727B, 0x727C, 0x727D, 0x7282, 0x7283, 0x7285, 0x7286, 0x7287, 0x7288, 0x7289
    dw 0x728C, 0x728E, 0x7290, 0x7291, 0x7293, 0x7294, 0x7295, 0x7296, 0x7297, 0x7298, 0x7299, 0x729A
    dw 0x729B, 0x729C, 0x729D, 0x729E, 0x72A0, 0x72A1, 0x72A2, 0x72A3, 0x72A4, 0x72A5, 0x72A6, 0x72A7
    dw 0x72A8, 0x72A9, 0x72AA, 0x72AB, 0x72AE, 0x72B1, 0x72B2, 0x72B3, 0x72B5, 0x72BA, 0x72BB, 0x72BC
    dw 0x72BD, 0x72BE, 0x72BF, 0x72C0, 0x72C5, 0x72C6, 0x72C7, 0x72C9, 0x72CA, 0x72CB, 0x72CC, 0x72CF
    dw 0x72D1, 0x72D3, 0x72D4, 0x72D5, 0x72D6, 0x72D8, 0x72DA, 0x72DB, 0x0000, 0x0000, 0x0000, 0x0000
    dw 0x0000, 0x0000, 0x0000, 0x0000, 0x0000, 0x0000, 0x0000, 0x0000, 0x0000, 0x0000, 0x0000, 0x0000
    dw 0x0000, 0x0000, 0x0000, 0x0000, 0x0000, 0x0000, 0x0000, 0x0000, 0x0000, 0x0000, 0x0000, 0x0000
    dw 0x0000, 0x0000, 0x0000, 0x0000, 0x0000, 0x0000, 0x0000, 0x0000, 0x0000, 0x0000, 0x0000, 0x0000
    dw 0x0000, 0x0000, 0x0000, 0x0000, 0x0000, 0x0000, 0x0000, 0x0000, 0x0000, 0x0000, 0x0000, 0x0000
    dw 0x0000, 0x0000, 0x0000, 0x0000, 0x0000, 0x0000, 0x0000, 0x0000, 0x0000, 0x0000, 0x0000, 0x0000
    dw 0x0000, 0x0000, 0x0000, 0x0000, 0x0000, 0x0000, 0x0000, 0x0000, 0x0000, 0x0000, 0x0000, 0x0000
    dw 0x0000, 0x0000, 0x0000, 0x0000, 0x0000, 0x0000, 0x0000, 0x0000, 0x0000, 0x0000, 0x0000, 0x0000
    dw 0x0000, 0x0000, 0x0000, 0x0000, 0x0000, 0x0000, 0x0000, 0x0000, 0x3000, 0x3001, 0x3002, 0x00B7
    dw 0x02C9, 0x02C7, 0x00A8, 0x3003, 0x3005, 0x2014, 0xFF5E, 0x2016, 0x2026, 0x2018, 0x2019, 0x201C
    dw 0x201D, 0x3014, 0x3015, 0x3008, 0x3009, 0x300A, 0x300B, 0x300C, 0x300D, 0x300E, 0x300F, 0x3016
    dw 0x3017, 0x3010, 0x3011, 0x00B1, 0x00D7, 0x00F7, 0x2236, 0x2227, 0x2228, 0x2211, 0x220F, 0x222A
    dw 0x2229, 0x2208, 0x2237, 0x221A, 0x22A5, 0x2225, 0x2220, 0x2312, 0x2299, 0x222B, 0x222E, 0x2261
    dw 0x224C, 0x2248, 0x223D, 0x221D, 0x2260, 0x226E, 0x226F, 0x2264, 0x2265, 0x221E, 0x2235, 0x2234
    dw 0x2642, 0x2640, 0x00B0, 0x2032, 0x2033, 0x2103, 0xFF04, 0x00A4, 0xFFE0, 0xFFE1, 0x2030, 0x00A7
    dw 0x2116, 0x2606, 0x2605, 0x25CB, 0x25CF, 0x25CE, 0x25C7, 0x25C6, 0x25A1, 0x25A0, 0x25B3, 0x25B2
    dw 0x203B, 0x2192, 0x2190, 0x2191, 0x2193, 0x3013, 0x0000, 0x0000, 0x0000, 0x0000, 0x0000, 0x0000
    dw 0x0000, 0x0000, 0x0000, 0x0000, 0x0000, 0x0000, 0x0000, 0x0000, 0x0000, 0x0000, 0x0000, 0x0000
    dw 0x0000, 0x0000, 0x0000, 0x0000, 0x0000, 0x0000, 0x0000, 0x0000, 0x0000, 0x0000, 0x0000, 0x0000
    dw 0x0000, 0x0000, 0x0000, 0x0000, 0x0000, 0x0000, 0x0000, 0x0000, 0x0000, 0x0000, 0x0000, 0x0000
    dw 0x0000, 0x0000, 0x0000, 0x0000, 0x0000, 0x0000, 0x0000, 0x0000, 0x0000, 0x0000, 0x0000, 0x0000
    dw 0x0000, 0x0000, 0x0000, 0x0000, 0x0000, 0x0000, 0x0000, 0x0000, 0x0000, 0x0000, 0x0000, 0x0000
    dw 0x0000, 0x0000, 0x0000, 0x0000, 0x0000, 0x0000, 0x0000, 0x0000, 0x0000, 0x0000, 0x0000, 0x0000
    dw 0x0000, 0x0000, 0x0000, 0x0000, 0x0000, 0x0000, 0x0000, 0x0000, 0x0000, 0x0000, 0x0000, 0x0000
    dw 0x0000, 0x0000, 0x0000, 0x0000, 0x0000, 0x0000, 0x2170, 0x2171, 0x2172, 0x2173, 0x2174, 0x2175
    dw 0x2176, 0x2177, 0x2178, 0x2179, 0x0000, 0x0000, 0x0000, 0x0000, 0x0000, 0x0000, 0x2488, 0x2489
    dw 0x248A, 0x248B, 0x248C, 0x248D, 0x248E, 0x248F, 0x2490, 0x2491, 0x2492, 0x2493, 0x2494, 0x2495
    dw 0x2496, 0x2497, 0x2498, 0x2499, 0x249A, 0x249B, 0x2474, 0x2475, 0x2476, 0x2477, 0x2478, 0x2479
    dw 0x247A, 0x247B, 0x247C, 0x247D, 0x247E, 0x247F, 0x2480, 0x2481, 0x2482, 0x2483, 0x2484, 0x2485
    dw 0x2486, 0x2487, 0x2460, 0x2461, 0x2462, 0x2463, 0x2464, 0x2465, 0x2466, 0x2467, 0x2468, 0x2469
    dw 0x0000, 0x0000, 0x3220, 0x3221, 0x3222, 0x3223, 0x3224, 0x3225, 0x3226, 0x3227, 0x3228, 0x3229
    dw 0x0000, 0x0000, 0x2160, 0x2161, 0x2162, 0x2163, 0x2164, 0x2165, 0x2166, 0x2167, 0x2168, 0x2169
    dw 0x216A, 0x216B, 0x0000, 0x0000, 0x0000, 0x0000, 0x0000, 0x0000, 0x0000, 0x0000, 0x0000, 0x0000
    dw 0x0000, 0x0000, 0x0000, 0x0000, 0x0000, 0x0000, 0x0000, 0x0000, 0x0000, 0x0000, 0x0000, 0x0000
    dw 0x0000, 0x0000, 0x0000, 0x0000, 0x0000, 0x0000, 0x0000, 0x0000, 0x0000, 0x0000, 0x0000, 0x0000
    dw 0x0000, 0x0000, 0x0000, 0x0000, 0x0000, 0x0000, 0x0000, 0x0000, 0x0000, 0x0000, 0x0000, 0x0000
    dw 0x0000, 0x0000, 0x0000, 0x0000, 0x0000, 0x0000, 0x0000, 0x0000, 0x0000, 0x0000, 0x0000, 0x0000
    dw 0x0000, 0x0000, 0x0000, 0x0000, 0x0000, 0x0000, 0x0000, 0x0000, 0x0000, 0x0000, 0x0000, 0x0000
    dw 0x0000, 0x0000, 0x0000, 0x0000, 0x0000, 0x0000, 0x0000, 0x0000, 0x0000, 0x0000, 0x0000, 0x0000
    dw 0x0000, 0x0000, 0x0000, 0x0000, 0x0000, 0x0000, 0x0000, 0x0000, 0x0000, 0x0000, 0x0000, 0x0000
    dw 0x0000, 0x0000, 0x0000, 0x0000, 0xFF01, 0xFF02, 0xFF03, 0xFFE5, 0xFF05, 0xFF06, 0xFF07, 0xFF08
    dw 0xFF09, 0xFF0A, 0xFF0B, 0xFF0C, 0xFF0D, 0xFF0E, 0xFF0F, 0xFF10, 0xFF11, 0xFF12, 0xFF13, 0xFF14
    dw 0xFF15, 0xFF16, 0xFF17, 0xFF18, 0xFF19, 0xFF1A, 0xFF1B, 0xFF1C, 0xFF1D, 0xFF1E, 0xFF1F, 0xFF20
    dw 0xFF21, 0xFF22, 0xFF23, 0xFF24, 0xFF25, 0xFF26, 0xFF27, 0xFF28, 0xFF29, 0xFF2A, 0xFF2B, 0xFF2C
    dw 0xFF2D, 0xFF2E, 0xFF2F, 0xFF30, 0xFF31, 0xFF32, 0xFF33, 0xFF34, 0xFF35, 0xFF36, 0xFF37, 0xFF38
    dw 0xFF39, 0xFF3A, 0xFF3B, 0xFF3C, 0xFF3D, 0xFF3E, 0xFF3F, 0xFF40, 0xFF41, 0xFF42, 0xFF43, 0xFF44
    dw 0xFF45, 0xFF46, 0xFF47, 0xFF48, 0xFF49, 0xFF4A, 0xFF4B, 0xFF4C, 0xFF4D, 0xFF4E, 0xFF4F, 0xFF50
    dw 0xFF51, 0xFF52, 0xFF53, 0xFF54, 0xFF55, 0xFF56, 0xFF57, 0xFF58, 0xFF59, 0xFF5A, 0xFF5B, 0xFF5C
    dw 0xFF5D, 0xFFE3, 0x0000, 0x0000, 0x0000, 0x0000, 0x0000, 0x0000, 0x0000, 0x0000, 0x0000, 0x0000
    dw 0x0000, 0x0000, 0x0000, 0x0000, 0x0000, 0x0000, 0x0000, 0x0000, 0x0000, 0x0000, 0x0000, 0x0000
    dw 0x0000, 0x0000, 0x0000, 0x0000, 0x0000, 0x0000, 0x0000, 0x0000, 0x0000, 0x0000, 0x0000, 0x0000
    dw 0x0000, 0x0000, 0x0000, 0x0000, 0x0000, 0x0000, 0x0000, 0x0000, 0x0000, 0x0000, 0x0000, 0x0000
    dw 0x0000, 0x0000, 0x0000, 0x0000, 0x0000, 0x0000, 0x0000, 0x0000, 0x0000, 0x0000, 0x0000, 0x0000
    dw 0x0000, 0x0000, 0x0000, 0x0000, 0x0000, 0x0000, 0x0000, 0x0000, 0x0000, 0x0000, 0x0000, 0x0000
    dw 0x0000, 0x0000, 0x0000, 0x0000, 0x0000, 0x0000, 0x0000, 0x0000, 0x0000, 0x0000, 0x0000, 0x0000
    dw 0x0000, 0x0000, 0x0000, 0x0000, 0x0000, 0x0000, 0x0000, 0x0000, 0x0000, 0x0000, 0x0000, 0x0000
    dw 0x0000, 0x0000, 0x3041, 0x3042, 0x3043, 0x3044, 0x3045, 0x3046, 0x3047, 0x3048, 0x3049, 0x304A
    dw 0x304B, 0x304C, 0x304D, 0x304E, 0x304F, 0x3050, 0x3051, 0x3052, 0x3053, 0x3054, 0x3055, 0x3056
    dw 0x3057, 0x3058, 0x3059, 0x305A, 0x305B, 0x305C, 0x305D, 0x305E, 0x305F, 0x3060, 0x3061, 0x3062
    dw 0x3063, 0x3064, 0x3065, 0x3066, 0x3067, 0x3068, 0x3069, 0x306A, 0x306B, 0x306C, 0x306D, 0x306E
    dw 0x306F, 0x3070, 0x3071, 0x3072, 0x3073, 0x3074, 0x3075, 0x3076, 0x3077, 0x3078, 0x3079, 0x307A
    dw 0x307B, 0x307C, 0x307D, 0x307E, 0x307F, 0x3080, 0x3081, 0x3082, 0x3083, 0x3084, 0x3085, 0x3086
    dw 0x3087, 0x3088, 0x3089, 0x308A, 0x308B, 0x308C, 0x308D, 0x308E, 0x308F, 0x3090, 0x3091, 0x3092
    dw 0x3093, 0x0000, 0x0000, 0x0000, 0x0000, 0x0000, 0x0000, 0x0000, 0x0000, 0x0000, 0x0000, 0x0000
    dw 0x0000, 0x0000, 0x0000, 0x0000, 0x0000, 0x0000, 0x0000, 0x0000, 0x0000, 0x0000, 0x0000, 0x0000
    dw 0x0000, 0x0000, 0x0000, 0x0000, 0x0000, 0x0000, 0x0000, 0x0000, 0x0000, 0x0000, 0x0000, 0x0000
    dw 0x0000, 0x0000, 0x0000, 0x0000, 0x0000, 0x0000, 0x0000, 0x0000, 0x0000, 0x0000, 0x0000, 0x0000
    dw 0x0000, 0x0000, 0x0000, 0x0000, 0x0000, 0x0000, 0x0000, 0x0000, 0x0000, 0x0000, 0x0000, 0x0000
    dw 0x0000, 0x0000, 0x0000, 0x0000, 0x0000, 0x0000, 0x0000, 0x0000, 0x0000, 0x0000, 0x0000, 0x0000
    dw 0x0000, 0x0000, 0x0000, 0x0000, 0x0000, 0x0000, 0x0000, 0x0000, 0x0000, 0x0000, 0x0000, 0x0000
    dw 0x0000, 0x0000, 0x0000, 0x0000, 0x0000, 0x0000, 0x0000, 0x0000, 0x0000, 0x0000, 0x0000, 0x0000
    dw 0x0000, 0x0000, 0x0000, 0x0000, 0x0000, 0x0000, 0x0000, 0x0000, 0x0000, 0x0000, 0x0000, 0x0000
    dw 0x30A1, 0x30A2, 0x30A3, 0x30A4, 0x30A5, 0x30A6, 0x30A7, 0x30A8, 0x30A9, 0x30AA, 0x30AB, 0x30AC
    dw 0x30AD, 0x30AE, 0x30AF, 0x30B0, 0x30B1, 0x30B2, 0x30B3, 0x30B4, 0x30B5, 0x30B6, 0x30B7, 0x30B8
    dw 0x30B9, 0x30BA, 0x30BB, 0x30BC, 0x30BD, 0x30BE, 0x30BF, 0x30C0, 0x30C1, 0x30C2, 0x30C3, 0x30C4
    dw 0x30C5, 0x30C6, 0x30C7, 0x30C8, 0x30C9, 0x30CA, 0x30CB, 0x30CC, 0x30CD, 0x30CE, 0x30CF, 0x30D0
    dw 0x30D1, 0x30D2, 0x30D3, 0x30D4, 0x30D5, 0x30D6, 0x30D7, 0x30D8, 0x30D9, 0x30DA, 0x30DB, 0x30DC
    dw 0x30DD, 0x30DE, 0x30DF, 0x30E0, 0x30E1, 0x30E2, 0x30E3, 0x30E4, 0x30E5, 0x30E6, 0x30E7, 0x30E8
    dw 0x30E9, 0x30EA, 0x30EB, 0x30EC, 0x30ED, 0x30EE, 0x30EF, 0x30F0, 0x30F1, 0x30F2, 0x30F3, 0x30F4
    dw 0x30F5, 0x30F6, 0x0000, 0x0000, 0x0000, 0x0000, 0x0000, 0x0000, 0x0000, 0x0000, 0x0000, 0x0000
    dw 0x0000, 0x0000, 0x0000, 0x0000, 0x0000, 0x0000, 0x0000, 0x0000, 0x0000, 0x0000, 0x0000, 0x0000
    dw 0x0000, 0x0000, 0x0000, 0x0000, 0x0000, 0x0000, 0x0000, 0x0000, 0x0000, 0x0000, 0x0000, 0x0000
    dw 0x0000, 0x0000, 0x0000, 0x0000, 0x0000, 0x0000, 0x0000, 0x0000, 0x0000, 0x0000, 0x0000, 0x0000
    dw 0x0000, 0x0000, 0x0000, 0x0000, 0x0000, 0x0000, 0x0000, 0x0000, 0x0000, 0x0000, 0x0000, 0x0000
    dw 0x0000, 0x0000, 0x0000, 0x0000, 0x0000, 0x0000, 0x0000, 0x0000, 0x0000, 0x0000, 0x0000, 0x0000
    dw 0x0000, 0x0000, 0x0000, 0x0000, 0x0000, 0x0000, 0x0000, 0x0000, 0x0000, 0x0000, 0x0000, 0x0000
    dw 0x0000, 0x0000, 0x0000, 0x0000, 0x0000, 0x0000, 0x0000, 0x0000, 0x0000, 0x0000, 0x0000, 0x0000
    dw 0x0000, 0x0000, 0x0000, 0x0000, 0x0000, 0x0000, 0x0000, 0x0000, 0x0000, 0x0000, 0x0391, 0x0392
    dw 0x0393, 0x0394, 0x0395, 0x0396, 0x0397, 0x0398, 0x0399, 0x039A, 0x039B, 0x039C, 0x039D, 0x039E
    dw 0x039F, 0x03A0, 0x03A1, 0x03A3, 0x03A4, 0x03A5, 0x03A6, 0x03A7, 0x03A8, 0x03A9, 0x0000, 0x0000
    dw 0x0000, 0x0000, 0x0000, 0x0000, 0x0000, 0x0000, 0x03B1, 0x03B2, 0x03B3, 0x03B4, 0x03B5, 0x03B6
    dw 0x03B7, 0x03B8, 0x03B9, 0x03BA, 0x03BB, 0x03BC, 0x03BD, 0x03BE, 0x03BF, 0x03C0, 0x03C1, 0x03C3
    dw 0x03C4, 0x03C5, 0x03C6, 0x03C7, 0x03C8, 0x03C9, 0x0000, 0x0000, 0x0000, 0x0000, 0x0000, 0x0000
    dw 0x0000, 0xFE35, 0xFE36, 0xFE39, 0xFE3A, 0xFE3F, 0xFE40, 0xFE3D, 0xFE3E, 0xFE41, 0xFE42, 0xFE43
    dw 0xFE44, 0x0000, 0x0000, 0xFE3B, 0xFE3C, 0xFE37, 0xFE38, 0xFE31, 0x0000, 0xFE33, 0xFE34, 0x0000
    dw 0x0000, 0x0000, 0x0000, 0x0000, 0x0000, 0x0000, 0x0000, 0x0000, 0x0000, 0x0000, 0x0000, 0x0000
    dw 0x0000, 0x0000, 0x0000, 0x0000, 0x0000, 0x0000, 0x0000, 0x0000, 0x0000, 0x0000, 0x0000, 0x0000
    dw 0x0000, 0x0000, 0x0000, 0x0000, 0x0000, 0x0000, 0x0000, 0x0000, 0x0000, 0x0000, 0x0000, 0x0000
    dw 0x0000, 0x0000, 0x0000, 0x0000, 0x0000, 0x0000, 0x0000, 0x0000, 0x0000, 0x0000, 0x0000, 0x0000
    dw 0x0000, 0x0000, 0x0000, 0x0000, 0x0000, 0x0000, 0x0000, 0x0000, 0x0000, 0x0000, 0x0000, 0x0000
    dw 0x0000, 0x0000, 0x0000, 0x0000, 0x0000, 0x0000, 0x0000, 0x0000, 0x0000, 0x0000, 0x0000, 0x0000
    dw 0x0000, 0x0000, 0x0000, 0x0000, 0x0000, 0x0000, 0x0000, 0x0000, 0x0000, 0x0000, 0x0000, 0x0000
    dw 0x0000, 0x0000, 0x0000, 0x0000, 0x0000, 0x0000, 0x0000, 0x0000, 0x0000, 0x0000, 0x0000, 0x0000
    dw 0x0000, 0x0000, 0x0000, 0x0000, 0x0000, 0x0000, 0x0000, 0x0000, 0x0410, 0x0411, 0x0412, 0x0413
    dw 0x0414, 0x0415, 0x0401, 0x0416, 0x0417, 0x0418, 0x0419, 0x041A, 0x041B, 0x041C, 0x041D, 0x041E
    dw 0x041F, 0x0420, 0x0421, 0x0422, 0x0423, 0x0424, 0x0425, 0x0426, 0x0427, 0x0428, 0x0429, 0x042A
    dw 0x042B, 0x042C, 0x042D, 0x042E, 0x042F, 0x0000, 0x0000, 0x0000, 0x0000, 0x0000, 0x0000, 0x0000
    dw 0x0000, 0x0000, 0x0000, 0x0000, 0x0000, 0x0000, 0x0000, 0x0000, 0x0430, 0x0431, 0x0432, 0x0433
    dw 0x0434, 0x0435, 0x0451, 0x0436, 0x0437, 0x0438, 0x0439, 0x043A, 0x043B, 0x043C, 0x043D, 0x043E
    dw 0x043F, 0x0440, 0x0441, 0x0442, 0x0443, 0x0444, 0x0445, 0x0446, 0x0447, 0x0448, 0x0449, 0x044A
    dw 0x044B, 0x044C, 0x044D, 0x044E, 0x044F, 0x0000, 0x0000, 0x0000, 0x0000, 0x0000, 0x0000, 0x0000
    dw 0x0000, 0x0000, 0x0000, 0x0000, 0x0000, 0x0000, 0x02CA, 0x02CB, 0x02D9, 0x2013, 0x2015, 0x2025
    dw 0x2035, 0x2105, 0x2109, 0x2196, 0x2197, 0x2198, 0x2199, 0x2215, 0x221F, 0x2223, 0x2252, 0x2266
    dw 0x2267, 0x22BF, 0x2550, 0x2551, 0x2552, 0x2553, 0x2554, 0x2555, 0x2556, 0x2557, 0x2558, 0x2559
    dw 0x255A, 0x255B, 0x255C, 0x255D, 0x255E, 0x255F, 0x2560, 0x2561, 0x2562, 0x2563, 0x2564, 0x2565
    dw 0x2566, 0x2567, 0x2568, 0x2569, 0x256A, 0x256B, 0x256C, 0x256D, 0x256E, 0x256F, 0x2570, 0x2571
    dw 0x2572, 0x2573, 0x2581, 0x2582, 0x2583, 0x2584, 0x2585, 0x2586, 0x2587, 0x2588, 0x2589, 0x258A
    dw 0x258B, 0x258C, 0x258D, 0x258E, 0x258F, 0x2593, 0x2594, 0x2595, 0x25BC, 0x25BD, 0x25E2, 0x25E3
    dw 0x25E4, 0x25E5, 0x2609, 0x2295, 0x3012, 0x301D, 0x301E, 0x0000, 0x0000, 0x0000, 0x0000, 0x0000
    dw 0x0000, 0x0000, 0x0000, 0x0000, 0x0000, 0x0000, 0x0101, 0x00E1, 0x01CE, 0x00E0, 0x0113, 0x00E9
    dw 0x011B, 0x00E8, 0x012B, 0x00ED, 0x01D0, 0x00EC, 0x014D, 0x00F3, 0x01D2, 0x00F2, 0x016B, 0x00FA
    dw 0x01D4, 0x00F9, 0x01D6, 0x01D8, 0x01DA, 0x01DC, 0x00FC, 0x00EA, 0x0251, 0x0000, 0x0144, 0x0148
    dw 0x0000, 0x0261, 0x0000, 0x0000, 0x0000, 0x0000, 0x3105, 0x3106, 0x3107, 0x3108, 0x3109, 0x310A
    dw 0x310B, 0x310C, 0x310D, 0x310E, 0x310F, 0x3110, 0x3111, 0x3112, 0x3113, 0x3114, 0x3115, 0x3116
    dw 0x3117, 0x3118, 0x3119, 0x311A, 0x311B, 0x311C, 0x311D, 0x311E, 0x311F, 0x3120, 0x3121, 0x3122
    dw 0x3123, 0x3124, 0x3125, 0x3126, 0x3127, 0x3128, 0x3129, 0x0000, 0x0000, 0x0000, 0x0000, 0x0000
    dw 0x0000, 0x0000, 0x0000, 0x0000, 0x0000, 0x0000, 0x0000, 0x0000, 0x0000, 0x0000, 0x0000, 0x0000
    dw 0x0000, 0x0000, 0x0000, 0x0000, 0x3021, 0x3022, 0x3023, 0x3024, 0x3025, 0x3026, 0x3027, 0x3028
    dw 0x3029, 0x32A3, 0x338E, 0x338F, 0x339C, 0x339D, 0x339E, 0x33A1, 0x33C4, 0x33CE, 0x33D1, 0x33D2
    dw 0x33D5, 0xFE30, 0xFFE2, 0xFFE4, 0x0000, 0x2121, 0x3231, 0x0000, 0x2010, 0x0000, 0x0000, 0x0000
    dw 0x30FC, 0x309B, 0x309C, 0x30FD, 0x30FE, 0x3006, 0x309D, 0x309E, 0xFE49, 0xFE4A, 0xFE4B, 0xFE4C
    dw 0xFE4D, 0xFE4E, 0xFE4F, 0xFE50, 0xFE51, 0xFE52, 0xFE54, 0xFE55, 0xFE56, 0xFE57, 0xFE59, 0xFE5A
    dw 0xFE5B, 0xFE5C, 0xFE5D, 0xFE5E, 0xFE5F, 0xFE60, 0xFE61, 0xFE62, 0xFE63, 0xFE64, 0xFE65, 0xFE66
    dw 0xFE68, 0xFE69, 0xFE6A, 0xFE6B, 0x0000, 0x0000, 0x0000, 0x0000, 0x0000, 0x0000, 0x0000, 0x0000
    dw 0x0000, 0x0000, 0x0000, 0x0000, 0x0000, 0x3007, 0x0000, 0x0000, 0x0000, 0x0000, 0x0000, 0x0000
    dw 0x0000, 0x0000, 0x0000, 0x0000, 0x0000, 0x0000, 0x0000, 0x2500, 0x2501, 0x2502, 0x2503, 0x2504
    dw 0x2505, 0x2506, 0x2507, 0x2508, 0x2509, 0x250A, 0x250B, 0x250C, 0x250D, 0x250E, 0x250F, 0x2510
    dw 0x2511, 0x2512, 0x2513, 0x2514, 0x2515, 0x2516, 0x2517, 0x2518, 0x2519, 0x251A, 0x251B, 0x251C
    dw 0x251D, 0x251E, 0x251F, 0x2520, 0x2521, 0x2522, 0x2523, 0x2524, 0x2525, 0x2526, 0x2527, 0x2528
    dw 0x2529, 0x252A, 0x252B, 0x252C, 0x252D, 0x252E, 0x252F, 0x2530, 0x2531, 0x2532, 0x2533, 0x2534
    dw 0x2535, 0x2536, 0x2537, 0x2538, 0x2539, 0x253A, 0x253B, 0x253C, 0x253D, 0x253E, 0x253F, 0x2540
    dw 0x2541, 0x2542, 0x2543, 0x2544, 0x2545, 0x2546, 0x2547, 0x2548, 0x2549, 0x254A, 0x254B, 0x0000
    dw 0x0000, 0x0000, 0x0000, 0x0000, 0x0000, 0x0000, 0x0000, 0x0000, 0x0000, 0x0000, 0x0000, 0x0000
    dw 0x0000, 0x0000, 0x72DC, 0x72DD, 0x72DF, 0x72E2, 0x72E3, 0x72E4, 0x72E5, 0x72E6, 0x72E7, 0x72EA
    dw 0x72EB, 0x72F5, 0x72F6, 0x72F9, 0x72FD, 0x72FE, 0x72FF, 0x7300, 0x7302, 0x7304, 0x7305, 0x7306
    dw 0x7307, 0x7308, 0x7309, 0x730B, 0x730C, 0x730D, 0x730F, 0x7310, 0x7311, 0x7312, 0x7314, 0x7318
    dw 0x7319, 0x731A, 0x731F, 0x7320, 0x7323, 0x7324, 0x7326, 0x7327, 0x7328, 0x732D, 0x732F, 0x7330
    dw 0x7332, 0x7333, 0x7335, 0x7336, 0x733A, 0x733B, 0x733C, 0x733D, 0x7340, 0x7341, 0x7342, 0x7343
    dw 0x7344, 0x7345, 0x7346, 0x7347, 0x7348, 0x7349, 0x734A, 0x734B, 0x734C, 0x734E, 0x734F, 0x7351
    dw 0x7353, 0x7354, 0x7355, 0x7356, 0x7358, 0x7359, 0x735A, 0x735B, 0x735C, 0x735D, 0x735E, 0x735F
    dw 0x7361, 0x7362, 0x7363, 0x7364, 0x7365, 0x7366, 0x7367, 0x7368, 0x7369, 0x736A, 0x736B, 0x736E
    dw 0x7370, 0x7371, 0x0000, 0x0000, 0x0000, 0x0000, 0x0000, 0x0000, 0x0000, 0x0000, 0x0000, 0x0000
    dw 0x0000, 0x0000, 0x0000, 0x0000, 0x0000, 0x0000, 0x0000, 0x0000, 0x0000, 0x0000, 0x0000, 0x0000
    dw 0x0000, 0x0000, 0x0000, 0x0000, 0x0000, 0x0000, 0x0000, 0x0000, 0x0000, 0x0000, 0x0000, 0x0000
    dw 0x0000, 0x0000, 0x0000, 0x0000, 0x0000, 0x0000, 0x0000, 0x0000, 0x0000, 0x0000, 0x0000, 0x0000
    dw 0x0000, 0x0000, 0x0000, 0x0000, 0x0000, 0x0000, 0x0000, 0x0000, 0x0000, 0x0000, 0x0000, 0x0000
    dw 0x0000, 0x0000, 0x0000, 0x0000, 0x0000, 0x0000, 0x0000, 0x0000, 0x0000, 0x0000, 0x0000, 0x0000
    dw 0x0000, 0x0000, 0x0000, 0x0000, 0x0000, 0x0000, 0x0000, 0x0000, 0x0000, 0x0000, 0x0000, 0x0000
    dw 0x0000, 0x0000, 0x0000, 0x0000, 0x0000, 0x0000, 0x0000, 0x0000, 0x0000, 0x0000, 0x0000, 0x0000
    dw 0x7372, 0x7373, 0x7374, 0x7375, 0x7376, 0x7377, 0x7378, 0x7379, 0x737A, 0x737B, 0x737C, 0x737D
    dw 0x737F, 0x7380, 0x7381, 0x7382, 0x7383, 0x7385, 0x7386, 0x7388, 0x738A, 0x738C, 0x738D, 0x738F
    dw 0x7390, 0x7392, 0x7393, 0x7394, 0x7395, 0x7397, 0x7398, 0x7399, 0x739A, 0x739C, 0x739D, 0x739E
    dw 0x73A0, 0x73A1, 0x73A3, 0x73A4, 0x73A5, 0x73A6, 0x73A7, 0x73A8, 0x73AA, 0x73AC, 0x73AD, 0x73B1
    dw 0x73B4, 0x73B5, 0x73B6, 0x73B8, 0x73B9, 0x73BC, 0x73BD, 0x73BE, 0x73BF, 0x73C1, 0x73C3, 0x73C4
    dw 0x73C5, 0x73C6, 0x73C7, 0x73CB, 0x73CC, 0x73CE, 0x73D2, 0x73D3, 0x73D4, 0x73D5, 0x73D6, 0x73D7
    dw 0x73D8, 0x73DA, 0x73DB, 0x73DC, 0x73DD, 0x73DF, 0x73E1, 0x73E2, 0x73E3, 0x73E4, 0x73E6, 0x73E8
    dw 0x73EA, 0x73EB, 0x73EC, 0x73EE, 0x73EF, 0x73F0, 0x73F1, 0x73F3, 0x73F4, 0x73F5, 0x73F6, 0x73F7
    dw 0x0000, 0x0000, 0x0000, 0x0000, 0x0000, 0x0000, 0x0000, 0x0000, 0x0000, 0x0000, 0x0000, 0x0000
    dw 0x0000, 0x0000, 0x0000, 0x0000, 0x0000, 0x0000, 0x0000, 0x0000, 0x0000, 0x0000, 0x0000, 0x0000
    dw 0x0000, 0x0000, 0x0000, 0x0000, 0x0000, 0x0000, 0x0000, 0x0000, 0x0000, 0x0000, 0x0000, 0x0000
    dw 0x0000, 0x0000, 0x0000, 0x0000, 0x0000, 0x0000, 0x0000, 0x0000, 0x0000, 0x0000, 0x0000, 0x0000
    dw 0x0000, 0x0000, 0x0000, 0x0000, 0x0000, 0x0000, 0x0000, 0x0000, 0x0000, 0x0000, 0x0000, 0x0000
    dw 0x0000, 0x0000, 0x0000, 0x0000, 0x0000, 0x0000, 0x0000, 0x0000, 0x0000, 0x0000, 0x0000, 0x0000
    dw 0x0000, 0x0000, 0x0000, 0x0000, 0x0000, 0x0000, 0x0000, 0x0000, 0x0000, 0x0000, 0x0000, 0x0000
    dw 0x0000, 0x0000, 0x0000, 0x0000, 0x0000, 0x0000, 0x0000, 0x0000, 0x0000, 0x0000, 0x73F8, 0x73F9
    dw 0x73FA, 0x73FB, 0x73FC, 0x73FD, 0x73FE, 0x73FF, 0x7400, 0x7401, 0x7402, 0x7404, 0x7407, 0x7408
    dw 0x740B, 0x740C, 0x740D, 0x740E, 0x7411, 0x7412, 0x7413, 0x7414, 0x7415, 0x7416, 0x7417, 0x7418
    dw 0x7419, 0x741C, 0x741D, 0x741E, 0x741F, 0x7420, 0x7421, 0x7423, 0x7424, 0x7427, 0x7429, 0x742B
    dw 0x742D, 0x742F, 0x7431, 0x7432, 0x7437, 0x7438, 0x7439, 0x743A, 0x743B, 0x743D, 0x743E, 0x743F
    dw 0x7440, 0x7442, 0x7443, 0x7444, 0x7445, 0x7446, 0x7447, 0x7448, 0x7449, 0x744A, 0x744B, 0x744C
    dw 0x744D, 0x744E, 0x744F, 0x7450, 0x7451, 0x7452, 0x7453, 0x7454, 0x7456, 0x7458, 0x745D, 0x7460
    dw 0x7461, 0x7462, 0x7463, 0x7464, 0x7465, 0x7466, 0x7467, 0x7468, 0x7469, 0x746A, 0x746B, 0x746C
    dw 0x746E, 0x746F, 0x7471, 0x7472, 0x7473, 0x7474, 0x7475, 0x7478, 0x7479, 0x747A, 0x0000, 0x0000
    dw 0x0000, 0x0000, 0x0000, 0x0000, 0x0000, 0x0000, 0x0000, 0x0000, 0x0000, 0x0000, 0x0000, 0x0000
    dw 0x0000, 0x0000, 0x0000, 0x0000, 0x0000, 0x0000, 0x0000, 0x0000, 0x0000, 0x0000, 0x0000, 0x0000
    dw 0x0000, 0x0000, 0x0000, 0x0000, 0x0000, 0x0000, 0x0000, 0x0000, 0x0000, 0x0000, 0x0000, 0x0000
    dw 0x0000, 0x0000, 0x0000, 0x0000, 0x0000, 0x0000, 0x0000, 0x0000, 0x0000, 0x0000, 0x0000, 0x0000
    dw 0x0000, 0x0000, 0x0000, 0x0000, 0x0000, 0x0000, 0x0000, 0x0000, 0x0000, 0x0000, 0x0000, 0x0000
    dw 0x0000, 0x0000, 0x0000, 0x0000, 0x0000, 0x0000, 0x0000, 0x0000, 0x0000, 0x0000, 0x0000, 0x0000
    dw 0x0000, 0x0000, 0x0000, 0x0000, 0x0000, 0x0000, 0x0000, 0x0000, 0x0000, 0x0000, 0x0000, 0x0000
    dw 0x0000, 0x0000, 0x0000, 0x0000, 0x0000, 0x0000, 0x0000, 0x0000, 0x747B, 0x747C, 0x747D, 0x747F
    dw 0x7482, 0x7484, 0x7485, 0x7486, 0x7488, 0x7489, 0x748A, 0x748C, 0x748D, 0x748F, 0x7491, 0x7492
    dw 0x7493, 0x7494, 0x7495, 0x7496, 0x7497, 0x7498, 0x7499, 0x749A, 0x749B, 0x749D, 0x749F, 0x74A0
    dw 0x74A1, 0x74A2, 0x74A3, 0x74A4, 0x74A5, 0x74A6, 0x74AA, 0x74AB, 0x74AC, 0x74AD, 0x74AE, 0x74AF
    dw 0x74B0, 0x74B1, 0x74B2, 0x74B3, 0x74B4, 0x74B5, 0x74B6, 0x74B7, 0x74B8, 0x74B9, 0x74BB, 0x74BC
    dw 0x74BD, 0x74BE, 0x74BF, 0x74C0, 0x74C1, 0x74C2, 0x74C3, 0x74C4, 0x74C5, 0x74C6, 0x74C7, 0x74C8
    dw 0x74C9, 0x74CA, 0x74CB, 0x74CC, 0x74CD, 0x74CE, 0x74CF, 0x74D0, 0x74D1, 0x74D3, 0x74D4, 0x74D5
    dw 0x74D6, 0x74D7, 0x74D8, 0x74D9, 0x74DA, 0x74DB, 0x74DD, 0x74DF, 0x74E1, 0x74E5, 0x74E7, 0x74E8
    dw 0x74E9, 0x74EA, 0x74EB, 0x74EC, 0x74ED, 0x74F0, 0x74F1, 0x74F2, 0x0000, 0x0000, 0x0000, 0x0000
    dw 0x0000, 0x0000, 0x0000, 0x0000, 0x0000, 0x0000, 0x0000, 0x0000, 0x0000, 0x0000, 0x0000, 0x0000
    dw 0x0000, 0x0000, 0x0000, 0x0000, 0x0000, 0x0000, 0x0000, 0x0000, 0x0000, 0x0000, 0x0000, 0x0000
    dw 0x0000, 0x0000, 0x0000, 0x0000, 0x0000, 0x0000, 0x0000, 0x0000, 0x0000, 0x0000, 0x0000, 0x0000
    dw 0x0000, 0x0000, 0x0000, 0x0000, 0x0000, 0x0000, 0x0000, 0x0000, 0x0000, 0x0000, 0x0000, 0x0000
    dw 0x0000, 0x0000, 0x0000, 0x0000, 0x0000, 0x0000, 0x0000, 0x0000, 0x0000, 0x0000, 0x0000, 0x0000
    dw 0x0000, 0x0000, 0x0000, 0x0000, 0x0000, 0x0000, 0x0000, 0x0000, 0x0000, 0x0000, 0x0000, 0x0000
    dw 0x0000, 0x0000, 0x0000, 0x0000, 0x0000, 0x0000, 0x0000, 0x0000, 0x0000, 0x0000, 0x0000, 0x0000
    dw 0x0000, 0x0000, 0x0000, 0x0000, 0x0000, 0x0000, 0x74F3, 0x74F5, 0x74F8, 0x74F9, 0x74FA, 0x74FB
    dw 0x74FC, 0x74FD, 0x74FE, 0x7500, 0x7501, 0x7502, 0x7503, 0x7505, 0x7506, 0x7507, 0x7508, 0x7509
    dw 0x750A, 0x750B, 0x750C, 0x750E, 0x7510, 0x7512, 0x7514, 0x7515, 0x7516, 0x7517, 0x751B, 0x751D
    dw 0x751E, 0x7520, 0x7521, 0x7522, 0x7523, 0x7524, 0x7526, 0x7527, 0x752A, 0x752E, 0x7534, 0x7536
    dw 0x7539, 0x753C, 0x753D, 0x753F, 0x7541, 0x7542, 0x7543, 0x7544, 0x7546, 0x7547, 0x7549, 0x754A
    dw 0x754D, 0x7550, 0x7551, 0x7552, 0x7553, 0x7555, 0x7556, 0x7557, 0x7558, 0x755D, 0x755E, 0x755F
    dw 0x7560, 0x7561, 0x7562, 0x7563, 0x7564, 0x7567, 0x7568, 0x7569, 0x756B, 0x756C, 0x756D, 0x756E
    dw 0x756F, 0x7570, 0x7571, 0x7573, 0x7575, 0x7576, 0x7577, 0x757A, 0x757B, 0x757C, 0x757D, 0x757E
    dw 0x7580, 0x7581, 0x7582, 0x7584, 0x7585, 0x7587, 0x0000, 0x0000, 0x0000, 0x0000, 0x0000, 0x0000
    dw 0x0000, 0x0000, 0x0000, 0x0000, 0x0000, 0x0000, 0x0000, 0x0000, 0x0000, 0x0000, 0x0000, 0x0000
    dw 0x0000, 0x0000, 0x0000, 0x0000, 0x0000, 0x0000, 0x0000, 0x0000, 0x0000, 0x0000, 0x0000, 0x0000
    dw 0x0000, 0x0000, 0x0000, 0x0000, 0x0000, 0x0000, 0x0000, 0x0000, 0x0000, 0x0000, 0x0000, 0x0000
    dw 0x0000, 0x0000, 0x0000, 0x0000, 0x0000, 0x0000, 0x0000, 0x0000, 0x0000, 0x0000, 0x0000, 0x0000
    dw 0x0000, 0x0000, 0x0000, 0x0000, 0x0000, 0x0000, 0x0000, 0x0000, 0x0000, 0x0000, 0x0000, 0x0000
    dw 0x0000, 0x0000, 0x0000, 0x0000, 0x0000, 0x0000, 0x0000, 0x0000, 0x0000, 0x0000, 0x0000, 0x0000
    dw 0x0000, 0x0000, 0x0000, 0x0000, 0x0000, 0x0000, 0x0000, 0x0000, 0x0000, 0x0000, 0x0000, 0x0000
    dw 0x0000, 0x0000, 0x0000, 0x0000, 0x7588, 0x7589, 0x758A, 0x758C, 0x758D, 0x758E, 0x7590, 0x7593
    dw 0x7595, 0x7598, 0x759B, 0x759C, 0x759E, 0x75A2, 0x75A6, 0x75A7, 0x75A8, 0x75A9, 0x75AA, 0x75AD
    dw 0x75B6, 0x75B7, 0x75BA, 0x75BB, 0x75BF, 0x75C0, 0x75C1, 0x75C6, 0x75CB, 0x75CC, 0x75CE, 0x75CF
    dw 0x75D0, 0x75D1, 0x75D3, 0x75D7, 0x75D9, 0x75DA, 0x75DC, 0x75DD, 0x75DF, 0x75E0, 0x75E1, 0x75E5
    dw 0x75E9, 0x75EC, 0x75ED, 0x75EE, 0x75EF, 0x75F2, 0x75F3, 0x75F5, 0x75F6, 0x75F7, 0x75F8, 0x75FA
    dw 0x75FB, 0x75FD, 0x75FE, 0x7602, 0x7604, 0x7606, 0x7607, 0x7608, 0x7609, 0x760B, 0x760D, 0x760E
    dw 0x760F, 0x7611, 0x7612, 0x7613, 0x7614, 0x7616, 0x761A, 0x761C, 0x761D, 0x761E, 0x7621, 0x7623
    dw 0x7627, 0x7628, 0x762C, 0x762E, 0x762F, 0x7631, 0x7632, 0x7636, 0x7637, 0x7639, 0x763A, 0x763B
    dw 0x763D, 0x7641, 0x7642, 0x7644, 0x0000, 0x0000, 0x0000, 0x0000, 0x0000, 0x0000, 0x0000, 0x0000
    dw 0x0000, 0x0000, 0x0000, 0x0000, 0x0000, 0x0000, 0x0000, 0x0000, 0x0000, 0x0000, 0x0000, 0x0000
    dw 0x0000, 0x0000, 0x0000, 0x0000, 0x0000, 0x0000, 0x0000, 0x0000, 0x0000, 0x0000, 0x0000, 0x0000
    dw 0x0000, 0x0000, 0x0000, 0x0000, 0x0000, 0x0000, 0x0000, 0x0000, 0x0000, 0x0000, 0x0000, 0x0000
    dw 0x0000, 0x0000, 0x0000, 0x0000, 0x0000, 0x0000, 0x0000, 0x0000, 0x0000, 0x0000, 0x0000, 0x0000
    dw 0x0000, 0x0000, 0x0000, 0x0000, 0x0000, 0x0000, 0x0000, 0x0000, 0x0000, 0x0000, 0x0000, 0x0000
    dw 0x0000, 0x0000, 0x0000, 0x0000, 0x0000, 0x0000, 0x0000, 0x0000, 0x0000, 0x0000, 0x0000, 0x0000
    dw 0x0000, 0x0000, 0x0000, 0x0000, 0x0000, 0x0000, 0x0000, 0x0000, 0x0000, 0x0000, 0x0000, 0x0000
    dw 0x0000, 0x0000, 0x7645, 0x7646, 0x7647, 0x7648, 0x7649, 0x764A, 0x764B, 0x764E, 0x764F, 0x7650
    dw 0x7651, 0x7652, 0x7653, 0x7655, 0x7657, 0x7658, 0x7659, 0x765A, 0x765B, 0x765D, 0x765F, 0x7660
    dw 0x7661, 0x7662, 0x7664, 0x7665, 0x7666, 0x7667, 0x7668, 0x7669, 0x766A, 0x766C, 0x766D, 0x766E
    dw 0x7670, 0x7671, 0x7672, 0x7673, 0x7674, 0x7675, 0x7676, 0x7677, 0x7679, 0x767A, 0x767C, 0x767F
    dw 0x7680, 0x7681, 0x7683, 0x7685, 0x7689, 0x768A, 0x768C, 0x768D, 0x768F, 0x7690, 0x7692, 0x7694
    dw 0x7695, 0x7697, 0x7698, 0x769A, 0x769B, 0x769C, 0x769D, 0x769E, 0x769F, 0x76A0, 0x76A1, 0x76A2
    dw 0x76A3, 0x76A5, 0x76A6, 0x76A7, 0x76A8, 0x76A9, 0x76AA, 0x76AB, 0x76AC, 0x76AD, 0x76AF, 0x76B0
    dw 0x76B3, 0x76B5, 0x76B6, 0x76B7, 0x76B8, 0x76B9, 0x76BA, 0x76BB, 0x76BC, 0x76BD, 0x76BE, 0x76C0
    dw 0x76C1, 0x76C3, 0x554A, 0x963F, 0x57C3, 0x6328, 0x54CE, 0x5509, 0x54C0, 0x7691, 0x764C, 0x853C
    dw 0x77EE, 0x827E, 0x788D, 0x7231, 0x9698, 0x978D, 0x6C28, 0x5B89, 0x4FFA, 0x6309, 0x6697, 0x5CB8
    dw 0x80FA, 0x6848, 0x80AE, 0x6602, 0x76CE, 0x51F9, 0x6556, 0x71AC, 0x7FF1, 0x8884, 0x50B2, 0x5965
    dw 0x61CA, 0x6FB3, 0x82AD, 0x634C, 0x6252, 0x53ED, 0x5427, 0x7B06, 0x516B, 0x75A4, 0x5DF4, 0x62D4
    dw 0x8DCB, 0x9776, 0x628A, 0x8019, 0x575D, 0x9738, 0x7F62, 0x7238, 0x767D, 0x67CF, 0x767E, 0x6446
    dw 0x4F70, 0x8D25, 0x62DC, 0x7A17, 0x6591, 0x73ED, 0x642C, 0x6273, 0x822C, 0x9881, 0x677F, 0x7248
    dw 0x626E, 0x62CC, 0x4F34, 0x74E3, 0x534A, 0x529E, 0x7ECA, 0x90A6, 0x5E2E, 0x6886, 0x699C, 0x8180
    dw 0x7ED1, 0x68D2, 0x78C5, 0x868C, 0x9551, 0x508D, 0x8C24, 0x82DE, 0x80DE, 0x5305, 0x8912, 0x5265
    dw 0x76C4, 0x76C7, 0x76C9, 0x76CB, 0x76CC, 0x76D3, 0x76D5, 0x76D9, 0x76DA, 0x76DC, 0x76DD, 0x76DE
    dw 0x76E0, 0x76E1, 0x76E2, 0x76E3, 0x76E4, 0x76E6, 0x76E7, 0x76E8, 0x76E9, 0x76EA, 0x76EB, 0x76EC
    dw 0x76ED, 0x76F0, 0x76F3, 0x76F5, 0x76F6, 0x76F7, 0x76FA, 0x76FB, 0x76FD, 0x76FF, 0x7700, 0x7702
    dw 0x7703, 0x7705, 0x7706, 0x770A, 0x770C, 0x770E, 0x770F, 0x7710, 0x7711, 0x7712, 0x7713, 0x7714
    dw 0x7715, 0x7716, 0x7717, 0x7718, 0x771B, 0x771C, 0x771D, 0x771E, 0x7721, 0x7723, 0x7724, 0x7725
    dw 0x7727, 0x772A, 0x772B, 0x772C, 0x772E, 0x7730, 0x7731, 0x7732, 0x7733, 0x7734, 0x7739, 0x773B
    dw 0x773D, 0x773E, 0x773F, 0x7742, 0x7744, 0x7745, 0x7746, 0x7748, 0x7749, 0x774A, 0x774B, 0x774C
    dw 0x774D, 0x774E, 0x774F, 0x7752, 0x7753, 0x7754, 0x7755, 0x7756, 0x7757, 0x7758, 0x7759, 0x775C
    dw 0x8584, 0x96F9, 0x4FDD, 0x5821, 0x9971, 0x5B9D, 0x62B1, 0x62A5, 0x66B4, 0x8C79, 0x9C8D, 0x7206
    dw 0x676F, 0x7891, 0x60B2, 0x5351, 0x5317, 0x8F88, 0x80CC, 0x8D1D, 0x94A1, 0x500D, 0x72C8, 0x5907
    dw 0x60EB, 0x7119, 0x88AB, 0x5954, 0x82EF, 0x672C, 0x7B28, 0x5D29, 0x7EF7, 0x752D, 0x6CF5, 0x8E66
    dw 0x8FF8, 0x903C, 0x9F3B, 0x6BD4, 0x9119, 0x7B14, 0x5F7C, 0x78A7, 0x84D6, 0x853D, 0x6BD5, 0x6BD9
    dw 0x6BD6, 0x5E01, 0x5E87, 0x75F9, 0x95ED, 0x655D, 0x5F0A, 0x5FC5, 0x8F9F, 0x58C1, 0x81C2, 0x907F
    dw 0x965B, 0x97AD, 0x8FB9, 0x7F16, 0x8D2C, 0x6241, 0x4FBF, 0x53D8, 0x535E, 0x8FA8, 0x8FA9, 0x8FAB
    dw 0x904D, 0x6807, 0x5F6A, 0x8198, 0x8868, 0x9CD6, 0x618B, 0x522B, 0x762A, 0x5F6C, 0x658C, 0x6FD2
    dw 0x6EE8, 0x5BBE, 0x6448, 0x5175, 0x51B0, 0x67C4, 0x4E19, 0x79C9, 0x997C, 0x70B3, 0x775D, 0x775E
    dw 0x775F, 0x7760, 0x7764, 0x7767, 0x7769, 0x776A, 0x776D, 0x776E, 0x776F, 0x7770, 0x7771, 0x7772
    dw 0x7773, 0x7774, 0x7775, 0x7776, 0x7777, 0x7778, 0x777A, 0x777B, 0x777C, 0x7781, 0x7782, 0x7783
    dw 0x7786, 0x7787, 0x7788, 0x7789, 0x778A, 0x778B, 0x778F, 0x7790, 0x7793, 0x7794, 0x7795, 0x7796
    dw 0x7797, 0x7798, 0x7799, 0x779A, 0x779B, 0x779C, 0x779D, 0x779E, 0x77A1, 0x77A3, 0x77A4, 0x77A6
    dw 0x77A8, 0x77AB, 0x77AD, 0x77AE, 0x77AF, 0x77B1, 0x77B2, 0x77B4, 0x77B6, 0x77B7, 0x77B8, 0x77B9
    dw 0x77BA, 0x77BC, 0x77BE, 0x77C0, 0x77C1, 0x77C2, 0x77C3, 0x77C4, 0x77C5, 0x77C6, 0x77C7, 0x77C8
    dw 0x77C9, 0x77CA, 0x77CB, 0x77CC, 0x77CE, 0x77CF, 0x77D0, 0x77D1, 0x77D2, 0x77D3, 0x77D4, 0x77D5
    dw 0x77D6, 0x77D8, 0x77D9, 0x77DA, 0x77DD, 0x77DE, 0x77DF, 0x77E0, 0x77E1, 0x77E4, 0x75C5, 0x5E76
    dw 0x73BB, 0x83E0, 0x64AD, 0x62E8, 0x94B5, 0x6CE2, 0x535A, 0x52C3, 0x640F, 0x94C2, 0x7B94, 0x4F2F
    dw 0x5E1B, 0x8236, 0x8116, 0x818A, 0x6E24, 0x6CCA, 0x9A73, 0x6355, 0x535C, 0x54FA, 0x8865, 0x57E0
    dw 0x4E0D, 0x5E03, 0x6B65, 0x7C3F, 0x90E8, 0x6016, 0x64E6, 0x731C, 0x88C1, 0x6750, 0x624D, 0x8D22
    dw 0x776C, 0x8E29, 0x91C7, 0x5F69, 0x83DC, 0x8521, 0x9910, 0x53C2, 0x8695, 0x6B8B, 0x60ED, 0x60E8
    dw 0x707F, 0x82CD, 0x8231, 0x4ED3, 0x6CA7, 0x85CF, 0x64CD, 0x7CD9, 0x69FD, 0x66F9, 0x8349, 0x5395
    dw 0x7B56, 0x4FA7, 0x518C, 0x6D4B, 0x5C42, 0x8E6D, 0x63D2, 0x53C9, 0x832C, 0x8336, 0x67E5, 0x78B4
    dw 0x643D, 0x5BDF, 0x5C94, 0x5DEE, 0x8BE7, 0x62C6, 0x67F4, 0x8C7A, 0x6400, 0x63BA, 0x8749, 0x998B
    dw 0x8C17, 0x7F20, 0x94F2, 0x4EA7, 0x9610, 0x98A4, 0x660C, 0x7316, 0x77E6, 0x77E8, 0x77EA, 0x77EF
    dw 0x77F0, 0x77F1, 0x77F2, 0x77F4, 0x77F5, 0x77F7, 0x77F9, 0x77FA, 0x77FB, 0x77FC, 0x7803, 0x7804
    dw 0x7805, 0x7806, 0x7807, 0x7808, 0x780A, 0x780B, 0x780E, 0x780F, 0x7810, 0x7813, 0x7815, 0x7819
    dw 0x781B, 0x781E, 0x7820, 0x7821, 0x7822, 0x7824, 0x7828, 0x782A, 0x782B, 0x782E, 0x782F, 0x7831
    dw 0x7832, 0x7833, 0x7835, 0x7836, 0x783D, 0x783F, 0x7841, 0x7842, 0x7843, 0x7844, 0x7846, 0x7848
    dw 0x7849, 0x784A, 0x784B, 0x784D, 0x784F, 0x7851, 0x7853, 0x7854, 0x7858, 0x7859, 0x785A, 0x785B
    dw 0x785C, 0x785E, 0x785F, 0x7860, 0x7861, 0x7862, 0x7863, 0x7864, 0x7865, 0x7866, 0x7867, 0x7868
    dw 0x7869, 0x786F, 0x7870, 0x7871, 0x7872, 0x7873, 0x7874, 0x7875, 0x7876, 0x7878, 0x7879, 0x787A
    dw 0x787B, 0x787D, 0x787E, 0x787F, 0x7880, 0x7881, 0x7882, 0x7883, 0x573A, 0x5C1D, 0x5E38, 0x957F
    dw 0x507F, 0x80A0, 0x5382, 0x655E, 0x7545, 0x5531, 0x5021, 0x8D85, 0x6284, 0x949E, 0x671D, 0x5632
    dw 0x6F6E, 0x5DE2, 0x5435, 0x7092, 0x8F66, 0x626F, 0x64A4, 0x63A3, 0x5F7B, 0x6F88, 0x90F4, 0x81E3
    dw 0x8FB0, 0x5C18, 0x6668, 0x5FF1, 0x6C89, 0x9648, 0x8D81, 0x886C, 0x6491, 0x79F0, 0x57CE, 0x6A59
    dw 0x6210, 0x5448, 0x4E58, 0x7A0B, 0x60E9, 0x6F84, 0x8BDA, 0x627F, 0x901E, 0x9A8B, 0x79E4, 0x5403
    dw 0x75F4, 0x6301, 0x5319, 0x6C60, 0x8FDF, 0x5F1B, 0x9A70, 0x803B, 0x9F7F, 0x4F88, 0x5C3A, 0x8D64
    dw 0x7FC5, 0x65A5, 0x70BD, 0x5145, 0x51B2, 0x866B, 0x5D07, 0x5BA0, 0x62BD, 0x916C, 0x7574, 0x8E0C
    dw 0x7A20, 0x6101, 0x7B79, 0x4EC7, 0x7EF8, 0x7785, 0x4E11, 0x81ED, 0x521D, 0x51FA, 0x6A71, 0x53A8
    dw 0x8E87, 0x9504, 0x96CF, 0x6EC1, 0x9664, 0x695A, 0x7884, 0x7885, 0x7886, 0x7888, 0x788A, 0x788B
    dw 0x788F, 0x7890, 0x7892, 0x7894, 0x7895, 0x7896, 0x7899, 0x789D, 0x789E, 0x78A0, 0x78A2, 0x78A4
    dw 0x78A6, 0x78A8, 0x78A9, 0x78AA, 0x78AB, 0x78AC, 0x78AD, 0x78AE, 0x78AF, 0x78B5, 0x78B6, 0x78B7
    dw 0x78B8, 0x78BA, 0x78BB, 0x78BC, 0x78BD, 0x78BF, 0x78C0, 0x78C2, 0x78C3, 0x78C4, 0x78C6, 0x78C7
    dw 0x78C8, 0x78CC, 0x78CD, 0x78CE, 0x78CF, 0x78D1, 0x78D2, 0x78D3, 0x78D6, 0x78D7, 0x78D8, 0x78DA
    dw 0x78DB, 0x78DC, 0x78DD, 0x78DE, 0x78DF, 0x78E0, 0x78E1, 0x78E2, 0x78E3, 0x78E4, 0x78E5, 0x78E6
    dw 0x78E7, 0x78E9, 0x78EA, 0x78EB, 0x78ED, 0x78EE, 0x78EF, 0x78F0, 0x78F1, 0x78F3, 0x78F5, 0x78F6
    dw 0x78F8, 0x78F9, 0x78FB, 0x78FC, 0x78FD, 0x78FE, 0x78FF, 0x7900, 0x7902, 0x7903, 0x7904, 0x7906
    dw 0x7907, 0x7908, 0x7909, 0x790A, 0x790B, 0x790C, 0x7840, 0x50A8, 0x77D7, 0x6410, 0x89E6, 0x5904
    dw 0x63E3, 0x5DDD, 0x7A7F, 0x693D, 0x4F20, 0x8239, 0x5598, 0x4E32, 0x75AE, 0x7A97, 0x5E62, 0x5E8A
    dw 0x95EF, 0x521B, 0x5439, 0x708A, 0x6376, 0x9524, 0x5782, 0x6625, 0x693F, 0x9187, 0x5507, 0x6DF3
    dw 0x7EAF, 0x8822, 0x6233, 0x7EF0, 0x75B5, 0x8328, 0x78C1, 0x96CC, 0x8F9E, 0x6148, 0x74F7, 0x8BCD
    dw 0x6B64, 0x523A, 0x8D50, 0x6B21, 0x806A, 0x8471, 0x56F1, 0x5306, 0x4ECE, 0x4E1B, 0x51D1, 0x7C97
    dw 0x918B, 0x7C07, 0x4FC3, 0x8E7F, 0x7BE1, 0x7A9C, 0x6467, 0x5D14, 0x50AC, 0x8106, 0x7601, 0x7CB9
    dw 0x6DEC, 0x7FE0, 0x6751, 0x5B58, 0x5BF8, 0x78CB, 0x64AE, 0x6413, 0x63AA, 0x632B, 0x9519, 0x642D
    dw 0x8FBE, 0x7B54, 0x7629, 0x6253, 0x5927, 0x5446, 0x6B79, 0x50A3, 0x6234, 0x5E26, 0x6B86, 0x4EE3
    dw 0x8D37, 0x888B, 0x5F85, 0x902E, 0x790D, 0x790E, 0x790F, 0x7910, 0x7911, 0x7912, 0x7914, 0x7915
    dw 0x7916, 0x7917, 0x7918, 0x7919, 0x791A, 0x791B, 0x791C, 0x791D, 0x791F, 0x7920, 0x7921, 0x7922
    dw 0x7923, 0x7925, 0x7926, 0x7927, 0x7928, 0x7929, 0x792A, 0x792B, 0x792C, 0x792D, 0x792E, 0x792F
    dw 0x7930, 0x7931, 0x7932, 0x7933, 0x7935, 0x7936, 0x7937, 0x7938, 0x7939, 0x793D, 0x793F, 0x7942
    dw 0x7943, 0x7944, 0x7945, 0x7947, 0x794A, 0x794B, 0x794C, 0x794D, 0x794E, 0x794F, 0x7950, 0x7951
    dw 0x7952, 0x7954, 0x7955, 0x7958, 0x7959, 0x7961, 0x7963, 0x7964, 0x7966, 0x7969, 0x796A, 0x796B
    dw 0x796C, 0x796E, 0x7970, 0x7971, 0x7972, 0x7973, 0x7974, 0x7975, 0x7976, 0x7979, 0x797B, 0x797C
    dw 0x797D, 0x797E, 0x797F, 0x7982, 0x7983, 0x7986, 0x7987, 0x7988, 0x7989, 0x798B, 0x798C, 0x798D
    dw 0x798E, 0x7990, 0x7991, 0x7992, 0x6020, 0x803D, 0x62C5, 0x4E39, 0x5355, 0x90F8, 0x63B8, 0x80C6
    dw 0x65E6, 0x6C2E, 0x4F46, 0x60EE, 0x6DE1, 0x8BDE, 0x5F39, 0x86CB, 0x5F53, 0x6321, 0x515A, 0x8361
    dw 0x6863, 0x5200, 0x6363, 0x8E48, 0x5012, 0x5C9B, 0x7977, 0x5BFC, 0x5230, 0x7A3B, 0x60BC, 0x9053
    dw 0x76D7, 0x5FB7, 0x5F97, 0x7684, 0x8E6C, 0x706F, 0x767B, 0x7B49, 0x77AA, 0x51F3, 0x9093, 0x5824
    dw 0x4F4E, 0x6EF4, 0x8FEA, 0x654C, 0x7B1B, 0x72C4, 0x6DA4, 0x7FDF, 0x5AE1, 0x62B5, 0x5E95, 0x5730
    dw 0x8482, 0x7B2C, 0x5E1D, 0x5F1F, 0x9012, 0x7F14, 0x98A0, 0x6382, 0x6EC7, 0x7898, 0x70B9, 0x5178
    dw 0x975B, 0x57AB, 0x7535, 0x4F43, 0x7538, 0x5E97, 0x60E6, 0x5960, 0x6DC0, 0x6BBF, 0x7889, 0x53FC
    dw 0x96D5, 0x51CB, 0x5201, 0x6389, 0x540A, 0x9493, 0x8C03, 0x8DCC, 0x7239, 0x789F, 0x8776, 0x8FED
    dw 0x8C0D, 0x53E0, 0x7993, 0x7994, 0x7995, 0x7996, 0x7997, 0x7998, 0x7999, 0x799B, 0x799C, 0x799D
    dw 0x799E, 0x799F, 0x79A0, 0x79A1, 0x79A2, 0x79A3, 0x79A4, 0x79A5, 0x79A6, 0x79A8, 0x79A9, 0x79AA
    dw 0x79AB, 0x79AC, 0x79AD, 0x79AE, 0x79AF, 0x79B0, 0x79B1, 0x79B2, 0x79B4, 0x79B5, 0x79B6, 0x79B7
    dw 0x79B8, 0x79BC, 0x79BF, 0x79C2, 0x79C4, 0x79C5, 0x79C7, 0x79C8, 0x79CA, 0x79CC, 0x79CE, 0x79CF
    dw 0x79D0, 0x79D3, 0x79D4, 0x79D6, 0x79D7, 0x79D9, 0x79DA, 0x79DB, 0x79DC, 0x79DD, 0x79DE, 0x79E0
    dw 0x79E1, 0x79E2, 0x79E5, 0x79E8, 0x79EA, 0x79EC, 0x79EE, 0x79F1, 0x79F2, 0x79F3, 0x79F4, 0x79F5
    dw 0x79F6, 0x79F7, 0x79F9, 0x79FA, 0x79FC, 0x79FE, 0x79FF, 0x7A01, 0x7A04, 0x7A05, 0x7A07, 0x7A08
    dw 0x7A09, 0x7A0A, 0x7A0C, 0x7A0F, 0x7A10, 0x7A11, 0x7A12, 0x7A13, 0x7A15, 0x7A16, 0x7A18, 0x7A19
    dw 0x7A1B, 0x7A1C, 0x4E01, 0x76EF, 0x53EE, 0x9489, 0x9876, 0x9F0E, 0x952D, 0x5B9A, 0x8BA2, 0x4E22
    dw 0x4E1C, 0x51AC, 0x8463, 0x61C2, 0x52A8, 0x680B, 0x4F97, 0x606B, 0x51BB, 0x6D1E, 0x515C, 0x6296
    dw 0x6597, 0x9661, 0x8C46, 0x9017, 0x75D8, 0x90FD, 0x7763, 0x6BD2, 0x728A, 0x72EC, 0x8BFB, 0x5835
    dw 0x7779, 0x8D4C, 0x675C, 0x9540, 0x809A, 0x5EA6, 0x6E21, 0x5992, 0x7AEF, 0x77ED, 0x953B, 0x6BB5
    dw 0x65AD, 0x7F0E, 0x5806, 0x5151, 0x961F, 0x5BF9, 0x58A9, 0x5428, 0x8E72, 0x6566, 0x987F, 0x56E4
    dw 0x949D, 0x76FE, 0x9041, 0x6387, 0x54C6, 0x591A, 0x593A, 0x579B, 0x8EB2, 0x6735, 0x8DFA, 0x8235
    dw 0x5241, 0x60F0, 0x5815, 0x86FE, 0x5CE8, 0x9E45, 0x4FC4, 0x989D, 0x8BB9, 0x5A25, 0x6076, 0x5384
    dw 0x627C, 0x904F, 0x9102, 0x997F, 0x6069, 0x800C, 0x513F, 0x8033, 0x5C14, 0x9975, 0x6D31, 0x4E8C
    dw 0x7A1D, 0x7A1F, 0x7A21, 0x7A22, 0x7A24, 0x7A25, 0x7A26, 0x7A27, 0x7A28, 0x7A29, 0x7A2A, 0x7A2B
    dw 0x7A2C, 0x7A2D, 0x7A2E, 0x7A2F, 0x7A30, 0x7A31, 0x7A32, 0x7A34, 0x7A35, 0x7A36, 0x7A38, 0x7A3A
    dw 0x7A3E, 0x7A40, 0x7A41, 0x7A42, 0x7A43, 0x7A44, 0x7A45, 0x7A47, 0x7A48, 0x7A49, 0x7A4A, 0x7A4B
    dw 0x7A4C, 0x7A4D, 0x7A4E, 0x7A4F, 0x7A50, 0x7A52, 0x7A53, 0x7A54, 0x7A55, 0x7A56, 0x7A58, 0x7A59
    dw 0x7A5A, 0x7A5B, 0x7A5C, 0x7A5D, 0x7A5E, 0x7A5F, 0x7A60, 0x7A61, 0x7A62, 0x7A63, 0x7A64, 0x7A65
    dw 0x7A66, 0x7A67, 0x7A68, 0x7A69, 0x7A6A, 0x7A6B, 0x7A6C, 0x7A6D, 0x7A6E, 0x7A6F, 0x7A71, 0x7A72
    dw 0x7A73, 0x7A75, 0x7A7B, 0x7A7C, 0x7A7D, 0x7A7E, 0x7A82, 0x7A85, 0x7A87, 0x7A89, 0x7A8A, 0x7A8B
    dw 0x7A8C, 0x7A8E, 0x7A8F, 0x7A90, 0x7A93, 0x7A94, 0x7A99, 0x7A9A, 0x7A9B, 0x7A9E, 0x7AA1, 0x7AA2
    dw 0x8D30, 0x53D1, 0x7F5A, 0x7B4F, 0x4F10, 0x4E4F, 0x9600, 0x6CD5, 0x73D0, 0x85E9, 0x5E06, 0x756A
    dw 0x7FFB, 0x6A0A, 0x77FE, 0x9492, 0x7E41, 0x51E1, 0x70E6, 0x53CD, 0x8FD4, 0x8303, 0x8D29, 0x72AF
    dw 0x996D, 0x6CDB, 0x574A, 0x82B3, 0x65B9, 0x80AA, 0x623F, 0x9632, 0x59A8, 0x4EFF, 0x8BBF, 0x7EBA
    dw 0x653E, 0x83F2, 0x975E, 0x5561, 0x98DE, 0x80A5, 0x532A, 0x8BFD, 0x5420, 0x80BA, 0x5E9F, 0x6CB8
    dw 0x8D39, 0x82AC, 0x915A, 0x5429, 0x6C1B, 0x5206, 0x7EB7, 0x575F, 0x711A, 0x6C7E, 0x7C89, 0x594B
    dw 0x4EFD, 0x5FFF, 0x6124, 0x7CAA, 0x4E30, 0x5C01, 0x67AB, 0x8702, 0x5CF0, 0x950B, 0x98CE, 0x75AF
    dw 0x70FD, 0x9022, 0x51AF, 0x7F1D, 0x8BBD, 0x5949, 0x51E4, 0x4F5B, 0x5426, 0x592B, 0x6577, 0x80A4
    dw 0x5B75, 0x6276, 0x62C2, 0x8F90, 0x5E45, 0x6C1F, 0x7B26, 0x4F0F, 0x4FD8, 0x670D, 0x7AA3, 0x7AA4
    dw 0x7AA7, 0x7AA9, 0x7AAA, 0x7AAB, 0x7AAE, 0x7AAF, 0x7AB0, 0x7AB1, 0x7AB2, 0x7AB4, 0x7AB5, 0x7AB6
    dw 0x7AB7, 0x7AB8, 0x7AB9, 0x7ABA, 0x7ABB, 0x7ABC, 0x7ABD, 0x7ABE, 0x7AC0, 0x7AC1, 0x7AC2, 0x7AC3
    dw 0x7AC4, 0x7AC5, 0x7AC6, 0x7AC7, 0x7AC8, 0x7AC9, 0x7ACA, 0x7ACC, 0x7ACD, 0x7ACE, 0x7ACF, 0x7AD0
    dw 0x7AD1, 0x7AD2, 0x7AD3, 0x7AD4, 0x7AD5, 0x7AD7, 0x7AD8, 0x7ADA, 0x7ADB, 0x7ADC, 0x7ADD, 0x7AE1
    dw 0x7AE2, 0x7AE4, 0x7AE7, 0x7AE8, 0x7AE9, 0x7AEA, 0x7AEB, 0x7AEC, 0x7AEE, 0x7AF0, 0x7AF1, 0x7AF2
    dw 0x7AF3, 0x7AF4, 0x7AF5, 0x7AF6, 0x7AF7, 0x7AF8, 0x7AFB, 0x7AFC, 0x7AFE, 0x7B00, 0x7B01, 0x7B02
    dw 0x7B05, 0x7B07, 0x7B09, 0x7B0C, 0x7B0D, 0x7B0E, 0x7B10, 0x7B12, 0x7B13, 0x7B16, 0x7B17, 0x7B18
    dw 0x7B1A, 0x7B1C, 0x7B1D, 0x7B1F, 0x7B21, 0x7B22, 0x7B23, 0x7B27, 0x7B29, 0x7B2D, 0x6D6E, 0x6DAA
    dw 0x798F, 0x88B1, 0x5F17, 0x752B, 0x629A, 0x8F85, 0x4FEF, 0x91DC, 0x65A7, 0x812F, 0x8151, 0x5E9C
    dw 0x8150, 0x8D74, 0x526F, 0x8986, 0x8D4B, 0x590D, 0x5085, 0x4ED8, 0x961C, 0x7236, 0x8179, 0x8D1F
    dw 0x5BCC, 0x8BA3, 0x9644, 0x5987, 0x7F1A, 0x5490, 0x5676, 0x560E, 0x8BE5, 0x6539, 0x6982, 0x9499
    dw 0x76D6, 0x6E89, 0x5E72, 0x7518, 0x6746, 0x67D1, 0x7AFF, 0x809D, 0x8D76, 0x611F, 0x79C6, 0x6562
    dw 0x8D63, 0x5188, 0x521A, 0x94A2, 0x7F38, 0x809B, 0x7EB2, 0x5C97, 0x6E2F, 0x6760, 0x7BD9, 0x768B
    dw 0x9AD8, 0x818F, 0x7F94, 0x7CD5, 0x641E, 0x9550, 0x7A3F, 0x544A, 0x54E5, 0x6B4C, 0x6401, 0x6208
    dw 0x9E3D, 0x80F3, 0x7599, 0x5272, 0x9769, 0x845B, 0x683C, 0x86E4, 0x9601, 0x9694, 0x94EC, 0x4E2A
    dw 0x5404, 0x7ED9, 0x6839, 0x8DDF, 0x8015, 0x66F4, 0x5E9A, 0x7FB9, 0x7B2F, 0x7B30, 0x7B32, 0x7B34
    dw 0x7B35, 0x7B36, 0x7B37, 0x7B39, 0x7B3B, 0x7B3D, 0x7B3F, 0x7B40, 0x7B41, 0x7B42, 0x7B43, 0x7B44
    dw 0x7B46, 0x7B48, 0x7B4A, 0x7B4D, 0x7B4E, 0x7B53, 0x7B55, 0x7B57, 0x7B59, 0x7B5C, 0x7B5E, 0x7B5F
    dw 0x7B61, 0x7B63, 0x7B64, 0x7B65, 0x7B66, 0x7B67, 0x7B68, 0x7B69, 0x7B6A, 0x7B6B, 0x7B6C, 0x7B6D
    dw 0x7B6F, 0x7B70, 0x7B73, 0x7B74, 0x7B76, 0x7B78, 0x7B7A, 0x7B7C, 0x7B7D, 0x7B7F, 0x7B81, 0x7B82
    dw 0x7B83, 0x7B84, 0x7B86, 0x7B87, 0x7B88, 0x7B89, 0x7B8A, 0x7B8B, 0x7B8C, 0x7B8E, 0x7B8F, 0x7B91
    dw 0x7B92, 0x7B93, 0x7B96, 0x7B98, 0x7B99, 0x7B9A, 0x7B9B, 0x7B9E, 0x7B9F, 0x7BA0, 0x7BA3, 0x7BA4
    dw 0x7BA5, 0x7BAE, 0x7BAF, 0x7BB0, 0x7BB2, 0x7BB3, 0x7BB5, 0x7BB6, 0x7BB7, 0x7BB9, 0x7BBA, 0x7BBB
    dw 0x7BBC, 0x7BBD, 0x7BBE, 0x7BBF, 0x7BC0, 0x7BC2, 0x7BC3, 0x7BC4, 0x57C2, 0x803F, 0x6897, 0x5DE5
    dw 0x653B, 0x529F, 0x606D, 0x9F9A, 0x4F9B, 0x8EAC, 0x516C, 0x5BAB, 0x5F13, 0x5DE9, 0x6C5E, 0x62F1
    dw 0x8D21, 0x5171, 0x94A9, 0x52FE, 0x6C9F, 0x82DF, 0x72D7, 0x57A2, 0x6784, 0x8D2D, 0x591F, 0x8F9C
    dw 0x83C7, 0x5495, 0x7B8D, 0x4F30, 0x6CBD, 0x5B64, 0x59D1, 0x9F13, 0x53E4, 0x86CA, 0x9AA8, 0x8C37
    dw 0x80A1, 0x6545, 0x987E, 0x56FA, 0x96C7, 0x522E, 0x74DC, 0x5250, 0x5BE1, 0x6302, 0x8902, 0x4E56
    dw 0x62D0, 0x602A, 0x68FA, 0x5173, 0x5B98, 0x51A0, 0x89C2, 0x7BA1, 0x9986, 0x7F50, 0x60EF, 0x704C
    dw 0x8D2F, 0x5149, 0x5E7F, 0x901B, 0x7470, 0x89C4, 0x572D, 0x7845, 0x5F52, 0x9F9F, 0x95FA, 0x8F68
    dw 0x9B3C, 0x8BE1, 0x7678, 0x6842, 0x67DC, 0x8DEA, 0x8D35, 0x523D, 0x8F8A, 0x6EDA, 0x68CD, 0x9505
    dw 0x90ED, 0x56FD, 0x679C, 0x88F9, 0x8FC7, 0x54C8, 0x7BC5, 0x7BC8, 0x7BC9, 0x7BCA, 0x7BCB, 0x7BCD
    dw 0x7BCE, 0x7BCF, 0x7BD0, 0x7BD2, 0x7BD4, 0x7BD5, 0x7BD6, 0x7BD7, 0x7BD8, 0x7BDB, 0x7BDC, 0x7BDE
    dw 0x7BDF, 0x7BE0, 0x7BE2, 0x7BE3, 0x7BE4, 0x7BE7, 0x7BE8, 0x7BE9, 0x7BEB, 0x7BEC, 0x7BED, 0x7BEF
    dw 0x7BF0, 0x7BF2, 0x7BF3, 0x7BF4, 0x7BF5, 0x7BF6, 0x7BF8, 0x7BF9, 0x7BFA, 0x7BFB, 0x7BFD, 0x7BFF
    dw 0x7C00, 0x7C01, 0x7C02, 0x7C03, 0x7C04, 0x7C05, 0x7C06, 0x7C08, 0x7C09, 0x7C0A, 0x7C0D, 0x7C0E
    dw 0x7C10, 0x7C11, 0x7C12, 0x7C13, 0x7C14, 0x7C15, 0x7C17, 0x7C18, 0x7C19, 0x7C1A, 0x7C1B, 0x7C1C
    dw 0x7C1D, 0x7C1E, 0x7C20, 0x7C21, 0x7C22, 0x7C23, 0x7C24, 0x7C25, 0x7C28, 0x7C29, 0x7C2B, 0x7C2C
    dw 0x7C2D, 0x7C2E, 0x7C2F, 0x7C30, 0x7C31, 0x7C32, 0x7C33, 0x7C34, 0x7C35, 0x7C36, 0x7C37, 0x7C39
    dw 0x7C3A, 0x7C3B, 0x7C3C, 0x7C3D, 0x7C3E, 0x7C42, 0x9AB8, 0x5B69, 0x6D77, 0x6C26, 0x4EA5, 0x5BB3
    dw 0x9A87, 0x9163, 0x61A8, 0x90AF, 0x97E9, 0x542B, 0x6DB5, 0x5BD2, 0x51FD, 0x558A, 0x7F55, 0x7FF0
    dw 0x64BC, 0x634D, 0x65F1, 0x61BE, 0x608D, 0x710A, 0x6C57, 0x6C49, 0x592F, 0x676D, 0x822A, 0x58D5
    dw 0x568E, 0x8C6A, 0x6BEB, 0x90DD, 0x597D, 0x8017, 0x53F7, 0x6D69, 0x5475, 0x559D, 0x8377, 0x83CF
    dw 0x6838, 0x79BE, 0x548C, 0x4F55, 0x5408, 0x76D2, 0x8C89, 0x9602, 0x6CB3, 0x6DB8, 0x8D6B, 0x8910
    dw 0x9E64, 0x8D3A, 0x563F, 0x9ED1, 0x75D5, 0x5F88, 0x72E0, 0x6068, 0x54FC, 0x4EA8, 0x6A2A, 0x8861
    dw 0x6052, 0x8F70, 0x54C4, 0x70D8, 0x8679, 0x9E3F, 0x6D2A, 0x5B8F, 0x5F18, 0x7EA2, 0x5589, 0x4FAF
    dw 0x7334, 0x543C, 0x539A, 0x5019, 0x540E, 0x547C, 0x4E4E, 0x5FFD, 0x745A, 0x58F6, 0x846B, 0x80E1
    dw 0x8774, 0x72D0, 0x7CCA, 0x6E56, 0x7C43, 0x7C44, 0x7C45, 0x7C46, 0x7C47, 0x7C48, 0x7C49, 0x7C4A
    dw 0x7C4B, 0x7C4C, 0x7C4E, 0x7C4F, 0x7C50, 0x7C51, 0x7C52, 0x7C53, 0x7C54, 0x7C55, 0x7C56, 0x7C57
    dw 0x7C58, 0x7C59, 0x7C5A, 0x7C5B, 0x7C5C, 0x7C5D, 0x7C5E, 0x7C5F, 0x7C60, 0x7C61, 0x7C62, 0x7C63
    dw 0x7C64, 0x7C65, 0x7C66, 0x7C67, 0x7C68, 0x7C69, 0x7C6A, 0x7C6B, 0x7C6C, 0x7C6D, 0x7C6E, 0x7C6F
    dw 0x7C70, 0x7C71, 0x7C72, 0x7C75, 0x7C76, 0x7C77, 0x7C78, 0x7C79, 0x7C7A, 0x7C7E, 0x7C7F, 0x7C80
    dw 0x7C81, 0x7C82, 0x7C83, 0x7C84, 0x7C85, 0x7C86, 0x7C87, 0x7C88, 0x7C8A, 0x7C8B, 0x7C8C, 0x7C8D
    dw 0x7C8E, 0x7C8F, 0x7C90, 0x7C93, 0x7C94, 0x7C96, 0x7C99, 0x7C9A, 0x7C9B, 0x7CA0, 0x7CA1, 0x7CA3
    dw 0x7CA6, 0x7CA7, 0x7CA8, 0x7CA9, 0x7CAB, 0x7CAC, 0x7CAD, 0x7CAF, 0x7CB0, 0x7CB4, 0x7CB5, 0x7CB6
    dw 0x7CB7, 0x7CB8, 0x7CBA, 0x7CBB, 0x5F27, 0x864E, 0x552C, 0x62A4, 0x4E92, 0x6CAA, 0x6237, 0x82B1
    dw 0x54D7, 0x534E, 0x733E, 0x6ED1, 0x753B, 0x5212, 0x5316, 0x8BDD, 0x69D0, 0x5F8A, 0x6000, 0x6DEE
    dw 0x574F, 0x6B22, 0x73AF, 0x6853, 0x8FD8, 0x7F13, 0x6362, 0x60A3, 0x5524, 0x75EA, 0x8C62, 0x7115
    dw 0x6DA3, 0x5BA6, 0x5E7B, 0x8352, 0x614C, 0x9EC4, 0x78FA, 0x8757, 0x7C27, 0x7687, 0x51F0, 0x60F6
    dw 0x714C, 0x6643, 0x5E4C, 0x604D, 0x8C0E, 0x7070, 0x6325, 0x8F89, 0x5FBD, 0x6062, 0x86D4, 0x56DE
    dw 0x6BC1, 0x6094, 0x6167, 0x5349, 0x60E0, 0x6666, 0x8D3F, 0x79FD, 0x4F1A, 0x70E9, 0x6C47, 0x8BB3
    dw 0x8BF2, 0x7ED8, 0x8364, 0x660F, 0x5A5A, 0x9B42, 0x6D51, 0x6DF7, 0x8C41, 0x6D3B, 0x4F19, 0x706B
    dw 0x83B7, 0x6216, 0x60D1, 0x970D, 0x8D27, 0x7978, 0x51FB, 0x573E, 0x57FA, 0x673A, 0x7578, 0x7A3D
    dw 0x79EF, 0x7B95, 0x7CBF, 0x7CC0, 0x7CC2, 0x7CC3, 0x7CC4, 0x7CC6, 0x7CC9, 0x7CCB, 0x7CCE, 0x7CCF
    dw 0x7CD0, 0x7CD1, 0x7CD2, 0x7CD3, 0x7CD4, 0x7CD8, 0x7CDA, 0x7CDB, 0x7CDD, 0x7CDE, 0x7CE1, 0x7CE2
    dw 0x7CE3, 0x7CE4, 0x7CE5, 0x7CE6, 0x7CE7, 0x7CE9, 0x7CEA, 0x7CEB, 0x7CEC, 0x7CED, 0x7CEE, 0x7CF0
    dw 0x7CF1, 0x7CF2, 0x7CF3, 0x7CF4, 0x7CF5, 0x7CF6, 0x7CF7, 0x7CF9, 0x7CFA, 0x7CFC, 0x7CFD, 0x7CFE
    dw 0x7CFF, 0x7D00, 0x7D01, 0x7D02, 0x7D03, 0x7D04, 0x7D05, 0x7D06, 0x7D07, 0x7D08, 0x7D09, 0x7D0B
    dw 0x7D0C, 0x7D0D, 0x7D0E, 0x7D0F, 0x7D10, 0x7D11, 0x7D12, 0x7D13, 0x7D14, 0x7D15, 0x7D16, 0x7D17
    dw 0x7D18, 0x7D19, 0x7D1A, 0x7D1B, 0x7D1C, 0x7D1D, 0x7D1E, 0x7D1F, 0x7D21, 0x7D23, 0x7D24, 0x7D25
    dw 0x7D26, 0x7D28, 0x7D29, 0x7D2A, 0x7D2C, 0x7D2D, 0x7D2E, 0x7D30, 0x7D31, 0x7D32, 0x7D33, 0x7D34
    dw 0x7D35, 0x7D36, 0x808C, 0x9965, 0x8FF9, 0x6FC0, 0x8BA5, 0x9E21, 0x59EC, 0x7EE9, 0x7F09, 0x5409
    dw 0x6781, 0x68D8, 0x8F91, 0x7C4D, 0x96C6, 0x53CA, 0x6025, 0x75BE, 0x6C72, 0x5373, 0x5AC9, 0x7EA7
    dw 0x6324, 0x51E0, 0x810A, 0x5DF1, 0x84DF, 0x6280, 0x5180, 0x5B63, 0x4F0E, 0x796D, 0x5242, 0x60B8
    dw 0x6D4E, 0x5BC4, 0x5BC2, 0x8BA1, 0x8BB0, 0x65E2, 0x5FCC, 0x9645, 0x5993, 0x7EE7, 0x7EAA, 0x5609
    dw 0x67B7, 0x5939, 0x4F73, 0x5BB6, 0x52A0, 0x835A, 0x988A, 0x8D3E, 0x7532, 0x94BE, 0x5047, 0x7A3C
    dw 0x4EF7, 0x67B6, 0x9A7E, 0x5AC1, 0x6B7C, 0x76D1, 0x575A, 0x5C16, 0x7B3A, 0x95F4, 0x714E, 0x517C
    dw 0x80A9, 0x8270, 0x5978, 0x7F04, 0x8327, 0x68C0, 0x67EC, 0x78B1, 0x7877, 0x62E3, 0x6361, 0x7B80
    dw 0x4FED, 0x526A, 0x51CF, 0x8350, 0x69DB, 0x9274, 0x8DF5, 0x8D31, 0x89C1, 0x952E, 0x7BAD, 0x4EF6
    dw 0x7D37, 0x7D38, 0x7D39, 0x7D3A, 0x7D3B, 0x7D3C, 0x7D3D, 0x7D3E, 0x7D3F, 0x7D40, 0x7D41, 0x7D42
    dw 0x7D43, 0x7D44, 0x7D45, 0x7D46, 0x7D47, 0x7D48, 0x7D49, 0x7D4A, 0x7D4B, 0x7D4C, 0x7D4D, 0x7D4E
    dw 0x7D4F, 0x7D50, 0x7D51, 0x7D52, 0x7D53, 0x7D54, 0x7D55, 0x7D56, 0x7D57, 0x7D58, 0x7D59, 0x7D5A
    dw 0x7D5B, 0x7D5C, 0x7D5D, 0x7D5E, 0x7D5F, 0x7D60, 0x7D61, 0x7D62, 0x7D63, 0x7D64, 0x7D65, 0x7D66
    dw 0x7D67, 0x7D68, 0x7D69, 0x7D6A, 0x7D6B, 0x7D6C, 0x7D6D, 0x7D6F, 0x7D70, 0x7D71, 0x7D72, 0x7D73
    dw 0x7D74, 0x7D75, 0x7D76, 0x7D78, 0x7D79, 0x7D7A, 0x7D7B, 0x7D7C, 0x7D7D, 0x7D7E, 0x7D7F, 0x7D80
    dw 0x7D81, 0x7D82, 0x7D83, 0x7D84, 0x7D85, 0x7D86, 0x7D87, 0x7D88, 0x7D89, 0x7D8A, 0x7D8B, 0x7D8C
    dw 0x7D8D, 0x7D8E, 0x7D8F, 0x7D90, 0x7D91, 0x7D92, 0x7D93, 0x7D94, 0x7D95, 0x7D96, 0x7D97, 0x7D98
    dw 0x5065, 0x8230, 0x5251, 0x996F, 0x6E10, 0x6E85, 0x6DA7, 0x5EFA, 0x50F5, 0x59DC, 0x5C06, 0x6D46
    dw 0x6C5F, 0x7586, 0x848B, 0x6868, 0x5956, 0x8BB2, 0x5320, 0x9171, 0x964D, 0x8549, 0x6912, 0x7901
    dw 0x7126, 0x80F6, 0x4EA4, 0x90CA, 0x6D47, 0x9A84, 0x5A07, 0x56BC, 0x6405, 0x94F0, 0x77EB, 0x4FA5
    dw 0x811A, 0x72E1, 0x89D2, 0x997A, 0x7F34, 0x7EDE, 0x527F, 0x6559, 0x9175, 0x8F7F, 0x8F83, 0x53EB
    dw 0x7A96, 0x63ED, 0x63A5, 0x7686, 0x79F8, 0x8857, 0x9636, 0x622A, 0x52AB, 0x8282, 0x6854, 0x6770
    dw 0x6377, 0x776B, 0x7AED, 0x6D01, 0x7ED3, 0x89E3, 0x59D0, 0x6212, 0x85C9, 0x82A5, 0x754C, 0x501F
    dw 0x4ECB, 0x75A5, 0x8BEB, 0x5C4A, 0x5DFE, 0x7B4B, 0x65A4, 0x91D1, 0x4ECA, 0x6D25, 0x895F, 0x7D27
    dw 0x9526, 0x4EC5, 0x8C28, 0x8FDB, 0x9773, 0x664B, 0x7981, 0x8FD1, 0x70EC, 0x6D78, 0x7D99, 0x7D9A
    dw 0x7D9B, 0x7D9C, 0x7D9D, 0x7D9E, 0x7D9F, 0x7DA0, 0x7DA1, 0x7DA2, 0x7DA3, 0x7DA4, 0x7DA5, 0x7DA7
    dw 0x7DA8, 0x7DA9, 0x7DAA, 0x7DAB, 0x7DAC, 0x7DAD, 0x7DAF, 0x7DB0, 0x7DB1, 0x7DB2, 0x7DB3, 0x7DB4
    dw 0x7DB5, 0x7DB6, 0x7DB7, 0x7DB8, 0x7DB9, 0x7DBA, 0x7DBB, 0x7DBC, 0x7DBD, 0x7DBE, 0x7DBF, 0x7DC0
    dw 0x7DC1, 0x7DC2, 0x7DC3, 0x7DC4, 0x7DC5, 0x7DC6, 0x7DC7, 0x7DC8, 0x7DC9, 0x7DCA, 0x7DCB, 0x7DCC
    dw 0x7DCD, 0x7DCE, 0x7DCF, 0x7DD0, 0x7DD1, 0x7DD2, 0x7DD3, 0x7DD4, 0x7DD5, 0x7DD6, 0x7DD7, 0x7DD8
    dw 0x7DD9, 0x7DDA, 0x7DDB, 0x7DDC, 0x7DDD, 0x7DDE, 0x7DDF, 0x7DE0, 0x7DE1, 0x7DE2, 0x7DE3, 0x7DE4
    dw 0x7DE5, 0x7DE6, 0x7DE7, 0x7DE8, 0x7DE9, 0x7DEA, 0x7DEB, 0x7DEC, 0x7DED, 0x7DEE, 0x7DEF, 0x7DF0
    dw 0x7DF1, 0x7DF2, 0x7DF3, 0x7DF4, 0x7DF5, 0x7DF6, 0x7DF7, 0x7DF8, 0x7DF9, 0x7DFA, 0x5C3D, 0x52B2
    dw 0x8346, 0x5162, 0x830E, 0x775B, 0x6676, 0x9CB8, 0x4EAC, 0x60CA, 0x7CBE, 0x7CB3, 0x7ECF, 0x4E95
    dw 0x8B66, 0x666F, 0x9888, 0x9759, 0x5883, 0x656C, 0x955C, 0x5F84, 0x75C9, 0x9756, 0x7ADF, 0x7ADE
    dw 0x51C0, 0x70AF, 0x7A98, 0x63EA, 0x7A76, 0x7EA0, 0x7396, 0x97ED, 0x4E45, 0x7078, 0x4E5D, 0x9152
    dw 0x53A9, 0x6551, 0x65E7, 0x81FC, 0x8205, 0x548E, 0x5C31, 0x759A, 0x97A0, 0x62D8, 0x72D9, 0x75BD
    dw 0x5C45, 0x9A79, 0x83CA, 0x5C40, 0x5480, 0x77E9, 0x4E3E, 0x6CAE, 0x805A, 0x62D2, 0x636E, 0x5DE8
    dw 0x5177, 0x8DDD, 0x8E1E, 0x952F, 0x4FF1, 0x53E5, 0x60E7, 0x70AC, 0x5267, 0x6350, 0x9E43, 0x5A1F
    dw 0x5026, 0x7737, 0x5377, 0x7EE2, 0x6485, 0x652B, 0x6289, 0x6398, 0x5014, 0x7235, 0x89C9, 0x51B3
    dw 0x8BC0, 0x7EDD, 0x5747, 0x83CC, 0x94A7, 0x519B, 0x541B, 0x5CFB, 0x7DFB, 0x7DFC, 0x7DFD, 0x7DFE
    dw 0x7DFF, 0x7E00, 0x7E01, 0x7E02, 0x7E03, 0x7E04, 0x7E05, 0x7E06, 0x7E07, 0x7E08, 0x7E09, 0x7E0A
    dw 0x7E0B, 0x7E0C, 0x7E0D, 0x7E0E, 0x7E0F, 0x7E10, 0x7E11, 0x7E12, 0x7E13, 0x7E14, 0x7E15, 0x7E16
    dw 0x7E17, 0x7E18, 0x7E19, 0x7E1A, 0x7E1B, 0x7E1C, 0x7E1D, 0x7E1E, 0x7E1F, 0x7E20, 0x7E21, 0x7E22
    dw 0x7E23, 0x7E24, 0x7E25, 0x7E26, 0x7E27, 0x7E28, 0x7E29, 0x7E2A, 0x7E2B, 0x7E2C, 0x7E2D, 0x7E2E
    dw 0x7E2F, 0x7E30, 0x7E31, 0x7E32, 0x7E33, 0x7E34, 0x7E35, 0x7E36, 0x7E37, 0x7E38, 0x7E39, 0x7E3A
    dw 0x7E3C, 0x7E3D, 0x7E3E, 0x7E3F, 0x7E40, 0x7E42, 0x7E43, 0x7E44, 0x7E45, 0x7E46, 0x7E48, 0x7E49
    dw 0x7E4A, 0x7E4B, 0x7E4C, 0x7E4D, 0x7E4E, 0x7E4F, 0x7E50, 0x7E51, 0x7E52, 0x7E53, 0x7E54, 0x7E55
    dw 0x7E56, 0x7E57, 0x7E58, 0x7E59, 0x7E5A, 0x7E5B, 0x7E5C, 0x7E5D, 0x4FCA, 0x7AE3, 0x6D5A, 0x90E1
    dw 0x9A8F, 0x5580, 0x5496, 0x5361, 0x54AF, 0x5F00, 0x63E9, 0x6977, 0x51EF, 0x6168, 0x520A, 0x582A
    dw 0x52D8, 0x574E, 0x780D, 0x770B, 0x5EB7, 0x6177, 0x7CE0, 0x625B, 0x6297, 0x4EA2, 0x7095, 0x8003
    dw 0x62F7, 0x70E4, 0x9760, 0x5777, 0x82DB, 0x67EF, 0x68F5, 0x78D5, 0x9897, 0x79D1, 0x58F3, 0x54B3
    dw 0x53EF, 0x6E34, 0x514B, 0x523B, 0x5BA2, 0x8BFE, 0x80AF, 0x5543, 0x57A6, 0x6073, 0x5751, 0x542D
    dw 0x7A7A, 0x6050, 0x5B54, 0x63A7, 0x62A0, 0x53E3, 0x6263, 0x5BC7, 0x67AF, 0x54ED, 0x7A9F, 0x82E6
    dw 0x9177, 0x5E93, 0x88E4, 0x5938, 0x57AE, 0x630E, 0x8DE8, 0x80EF, 0x5757, 0x7B77, 0x4FA9, 0x5FEB
    dw 0x5BBD, 0x6B3E, 0x5321, 0x7B50, 0x72C2, 0x6846, 0x77FF, 0x7736, 0x65F7, 0x51B5, 0x4E8F, 0x76D4
    dw 0x5CBF, 0x7AA5, 0x8475, 0x594E, 0x9B41, 0x5080, 0x7E5E, 0x7E5F, 0x7E60, 0x7E61, 0x7E62, 0x7E63
    dw 0x7E64, 0x7E65, 0x7E66, 0x7E67, 0x7E68, 0x7E69, 0x7E6A, 0x7E6B, 0x7E6C, 0x7E6D, 0x7E6E, 0x7E6F
    dw 0x7E70, 0x7E71, 0x7E72, 0x7E73, 0x7E74, 0x7E75, 0x7E76, 0x7E77, 0x7E78, 0x7E79, 0x7E7A, 0x7E7B
    dw 0x7E7C, 0x7E7D, 0x7E7E, 0x7E7F, 0x7E80, 0x7E81, 0x7E83, 0x7E84, 0x7E85, 0x7E86, 0x7E87, 0x7E88
    dw 0x7E89, 0x7E8A, 0x7E8B, 0x7E8C, 0x7E8D, 0x7E8E, 0x7E8F, 0x7E90, 0x7E91, 0x7E92, 0x7E93, 0x7E94
    dw 0x7E95, 0x7E96, 0x7E97, 0x7E98, 0x7E99, 0x7E9A, 0x7E9C, 0x7E9D, 0x7E9E, 0x7EAE, 0x7EB4, 0x7EBB
    dw 0x7EBC, 0x7ED6, 0x7EE4, 0x7EEC, 0x7EF9, 0x7F0A, 0x7F10, 0x7F1E, 0x7F37, 0x7F39, 0x7F3B, 0x7F3C
    dw 0x7F3D, 0x7F3E, 0x7F3F, 0x7F40, 0x7F41, 0x7F43, 0x7F46, 0x7F47, 0x7F48, 0x7F49, 0x7F4A, 0x7F4B
    dw 0x7F4C, 0x7F4D, 0x7F4E, 0x7F4F, 0x7F52, 0x7F53, 0x9988, 0x6127, 0x6E83, 0x5764, 0x6606, 0x6346
    dw 0x56F0, 0x62EC, 0x6269, 0x5ED3, 0x9614, 0x5783, 0x62C9, 0x5587, 0x8721, 0x814A, 0x8FA3, 0x5566
    dw 0x83B1, 0x6765, 0x8D56, 0x84DD, 0x5A6A, 0x680F, 0x62E6, 0x7BEE, 0x9611, 0x5170, 0x6F9C, 0x8C30
    dw 0x63FD, 0x89C8, 0x61D2, 0x7F06, 0x70C2, 0x6EE5, 0x7405, 0x6994, 0x72FC, 0x5ECA, 0x90CE, 0x6717
    dw 0x6D6A, 0x635E, 0x52B3, 0x7262, 0x8001, 0x4F6C, 0x59E5, 0x916A, 0x70D9, 0x6D9D, 0x52D2, 0x4E50
    dw 0x96F7, 0x956D, 0x857E, 0x78CA, 0x7D2F, 0x5121, 0x5792, 0x64C2, 0x808B, 0x7C7B, 0x6CEA, 0x68F1
    dw 0x695E, 0x51B7, 0x5398, 0x68A8, 0x7281, 0x9ECE, 0x7BF1, 0x72F8, 0x79BB, 0x6F13, 0x7406, 0x674E
    dw 0x91CC, 0x9CA4, 0x793C, 0x8389, 0x8354, 0x540F, 0x6817, 0x4E3D, 0x5389, 0x52B1, 0x783E, 0x5386
    dw 0x5229, 0x5088, 0x4F8B, 0x4FD0, 0x7F56, 0x7F59, 0x7F5B, 0x7F5C, 0x7F5D, 0x7F5E, 0x7F60, 0x7F63
    dw 0x7F64, 0x7F65, 0x7F66, 0x7F67, 0x7F6B, 0x7F6C, 0x7F6D, 0x7F6F, 0x7F70, 0x7F73, 0x7F75, 0x7F76
    dw 0x7F77, 0x7F78, 0x7F7A, 0x7F7B, 0x7F7C, 0x7F7D, 0x7F7F, 0x7F80, 0x7F82, 0x7F83, 0x7F84, 0x7F85
    dw 0x7F86, 0x7F87, 0x7F88, 0x7F89, 0x7F8B, 0x7F8D, 0x7F8F, 0x7F90, 0x7F91, 0x7F92, 0x7F93, 0x7F95
    dw 0x7F96, 0x7F97, 0x7F98, 0x7F99, 0x7F9B, 0x7F9C, 0x7FA0, 0x7FA2, 0x7FA3, 0x7FA5, 0x7FA6, 0x7FA8
    dw 0x7FA9, 0x7FAA, 0x7FAB, 0x7FAC, 0x7FAD, 0x7FAE, 0x7FB1, 0x7FB3, 0x7FB4, 0x7FB5, 0x7FB6, 0x7FB7
    dw 0x7FBA, 0x7FBB, 0x7FBE, 0x7FC0, 0x7FC2, 0x7FC3, 0x7FC4, 0x7FC6, 0x7FC7, 0x7FC8, 0x7FC9, 0x7FCB
    dw 0x7FCD, 0x7FCF, 0x7FD0, 0x7FD1, 0x7FD2, 0x7FD3, 0x7FD6, 0x7FD7, 0x7FD9, 0x7FDA, 0x7FDB, 0x7FDC
    dw 0x7FDD, 0x7FDE, 0x7FE2, 0x7FE3, 0x75E2, 0x7ACB, 0x7C92, 0x6CA5, 0x96B6, 0x529B, 0x7483, 0x54E9
    dw 0x4FE9, 0x8054, 0x83B2, 0x8FDE, 0x9570, 0x5EC9, 0x601C, 0x6D9F, 0x5E18, 0x655B, 0x8138, 0x94FE
    dw 0x604B, 0x70BC, 0x7EC3, 0x7CAE, 0x51C9, 0x6881, 0x7CB1, 0x826F, 0x4E24, 0x8F86, 0x91CF, 0x667E
    dw 0x4EAE, 0x8C05, 0x64A9, 0x804A, 0x50DA, 0x7597, 0x71CE, 0x5BE5, 0x8FBD, 0x6F66, 0x4E86, 0x6482
    dw 0x9563, 0x5ED6, 0x6599, 0x5217, 0x88C2, 0x70C8, 0x52A3, 0x730E, 0x7433, 0x6797, 0x78F7, 0x9716
    dw 0x4E34, 0x90BB, 0x9CDE, 0x6DCB, 0x51DB, 0x8D41, 0x541D, 0x62CE, 0x73B2, 0x83F1, 0x96F6, 0x9F84
    dw 0x94C3, 0x4F36, 0x7F9A, 0x51CC, 0x7075, 0x9675, 0x5CAD, 0x9886, 0x53E6, 0x4EE4, 0x6E9C, 0x7409
    dw 0x69B4, 0x786B, 0x998F, 0x7559, 0x5218, 0x7624, 0x6D41, 0x67F3, 0x516D, 0x9F99, 0x804B, 0x5499
    dw 0x7B3C, 0x7ABF, 0x7FE4, 0x7FE7, 0x7FE8, 0x7FEA, 0x7FEB, 0x7FEC, 0x7FED, 0x7FEF, 0x7FF2, 0x7FF4
    dw 0x7FF5, 0x7FF6, 0x7FF7, 0x7FF8, 0x7FF9, 0x7FFA, 0x7FFD, 0x7FFE, 0x7FFF, 0x8002, 0x8007, 0x8008
    dw 0x8009, 0x800A, 0x800E, 0x800F, 0x8011, 0x8013, 0x801A, 0x801B, 0x801D, 0x801E, 0x801F, 0x8021
    dw 0x8023, 0x8024, 0x802B, 0x802C, 0x802D, 0x802E, 0x802F, 0x8030, 0x8032, 0x8034, 0x8039, 0x803A
    dw 0x803C, 0x803E, 0x8040, 0x8041, 0x8044, 0x8045, 0x8047, 0x8048, 0x8049, 0x804E, 0x804F, 0x8050
    dw 0x8051, 0x8053, 0x8055, 0x8056, 0x8057, 0x8059, 0x805B, 0x805C, 0x805D, 0x805E, 0x805F, 0x8060
    dw 0x8061, 0x8062, 0x8063, 0x8064, 0x8065, 0x8066, 0x8067, 0x8068, 0x806B, 0x806C, 0x806D, 0x806E
    dw 0x806F, 0x8070, 0x8072, 0x8073, 0x8074, 0x8075, 0x8076, 0x8077, 0x8078, 0x8079, 0x807A, 0x807B
    dw 0x807C, 0x807D, 0x9686, 0x5784, 0x62E2, 0x9647, 0x697C, 0x5A04, 0x6402, 0x7BD3, 0x6F0F, 0x964B
    dw 0x82A6, 0x5362, 0x9885, 0x5E90, 0x7089, 0x63B3, 0x5364, 0x864F, 0x9C81, 0x9E93, 0x788C, 0x9732
    dw 0x8DEF, 0x8D42, 0x9E7F, 0x6F5E, 0x7984, 0x5F55, 0x9646, 0x622E, 0x9A74, 0x5415, 0x94DD, 0x4FA3
    dw 0x65C5, 0x5C65, 0x5C61, 0x7F15, 0x8651, 0x6C2F, 0x5F8B, 0x7387, 0x6EE4, 0x7EFF, 0x5CE6, 0x631B
    dw 0x5B6A, 0x6EE6, 0x5375, 0x4E71, 0x63A0, 0x7565, 0x62A1, 0x8F6E, 0x4F26, 0x4ED1, 0x6CA6, 0x7EB6
    dw 0x8BBA, 0x841D, 0x87BA, 0x7F57, 0x903B, 0x9523, 0x7BA9, 0x9AA1, 0x88F8, 0x843D, 0x6D1B, 0x9A86
    dw 0x7EDC, 0x5988, 0x9EBB, 0x739B, 0x7801, 0x8682, 0x9A6C, 0x9A82, 0x561B, 0x5417, 0x57CB, 0x4E70
    dw 0x9EA6, 0x5356, 0x8FC8, 0x8109, 0x7792, 0x9992, 0x86EE, 0x6EE1, 0x8513, 0x66FC, 0x6162, 0x6F2B
    dw 0x807E, 0x8081, 0x8082, 0x8085, 0x8088, 0x808A, 0x808D, 0x808E, 0x808F, 0x8090, 0x8091, 0x8092
    dw 0x8094, 0x8095, 0x8097, 0x8099, 0x809E, 0x80A3, 0x80A6, 0x80A7, 0x80A8, 0x80AC, 0x80B0, 0x80B3
    dw 0x80B5, 0x80B6, 0x80B8, 0x80B9, 0x80BB, 0x80C5, 0x80C7, 0x80C8, 0x80C9, 0x80CA, 0x80CB, 0x80CF
    dw 0x80D0, 0x80D1, 0x80D2, 0x80D3, 0x80D4, 0x80D5, 0x80D8, 0x80DF, 0x80E0, 0x80E2, 0x80E3, 0x80E6
    dw 0x80EE, 0x80F5, 0x80F7, 0x80F9, 0x80FB, 0x80FE, 0x80FF, 0x8100, 0x8101, 0x8103, 0x8104, 0x8105
    dw 0x8107, 0x8108, 0x810B, 0x810C, 0x8115, 0x8117, 0x8119, 0x811B, 0x811C, 0x811D, 0x811F, 0x8120
    dw 0x8121, 0x8122, 0x8123, 0x8124, 0x8125, 0x8126, 0x8127, 0x8128, 0x8129, 0x812A, 0x812B, 0x812D
    dw 0x812E, 0x8130, 0x8133, 0x8134, 0x8135, 0x8137, 0x8139, 0x813A, 0x813B, 0x813C, 0x813D, 0x813F
    dw 0x8C29, 0x8292, 0x832B, 0x76F2, 0x6C13, 0x5FD9, 0x83BD, 0x732B, 0x8305, 0x951A, 0x6BDB, 0x77DB
    dw 0x94C6, 0x536F, 0x8302, 0x5192, 0x5E3D, 0x8C8C, 0x8D38, 0x4E48, 0x73AB, 0x679A, 0x6885, 0x9176
    dw 0x9709, 0x7164, 0x6CA1, 0x7709, 0x5A92, 0x9541, 0x6BCF, 0x7F8E, 0x6627, 0x5BD0, 0x59B9, 0x5A9A
    dw 0x95E8, 0x95F7, 0x4EEC, 0x840C, 0x8499, 0x6AAC, 0x76DF, 0x9530, 0x731B, 0x68A6, 0x5B5F, 0x772F
    dw 0x919A, 0x9761, 0x7CDC, 0x8FF7, 0x8C1C, 0x5F25, 0x7C73, 0x79D8, 0x89C5, 0x6CCC, 0x871C, 0x5BC6
    dw 0x5E42, 0x68C9, 0x7720, 0x7EF5, 0x5195, 0x514D, 0x52C9, 0x5A29, 0x7F05, 0x9762, 0x82D7, 0x63CF
    dw 0x7784, 0x85D0, 0x79D2, 0x6E3A, 0x5E99, 0x5999, 0x8511, 0x706D, 0x6C11, 0x62BF, 0x76BF, 0x654F
    dw 0x60AF, 0x95FD, 0x660E, 0x879F, 0x9E23, 0x94ED, 0x540D, 0x547D, 0x8C2C, 0x6478, 0x8140, 0x8141
    dw 0x8142, 0x8143, 0x8144, 0x8145, 0x8147, 0x8149, 0x814D, 0x814E, 0x814F, 0x8152, 0x8156, 0x8157
    dw 0x8158, 0x815B, 0x815C, 0x815D, 0x815E, 0x815F, 0x8161, 0x8162, 0x8163, 0x8164, 0x8166, 0x8168
    dw 0x816A, 0x816B, 0x816C, 0x816F, 0x8172, 0x8173, 0x8175, 0x8176, 0x8177, 0x8178, 0x8181, 0x8183
    dw 0x8184, 0x8185, 0x8186, 0x8187, 0x8189, 0x818B, 0x818C, 0x818D, 0x818E, 0x8190, 0x8192, 0x8193
    dw 0x8194, 0x8195, 0x8196, 0x8197, 0x8199, 0x819A, 0x819E, 0x819F, 0x81A0, 0x81A1, 0x81A2, 0x81A4
    dw 0x81A5, 0x81A7, 0x81A9, 0x81AB, 0x81AC, 0x81AD, 0x81AE, 0x81AF, 0x81B0, 0x81B1, 0x81B2, 0x81B4
    dw 0x81B5, 0x81B6, 0x81B7, 0x81B8, 0x81B9, 0x81BC, 0x81BD, 0x81BE, 0x81BF, 0x81C4, 0x81C5, 0x81C7
    dw 0x81C8, 0x81C9, 0x81CB, 0x81CD, 0x81CE, 0x81CF, 0x81D0, 0x81D1, 0x81D2, 0x81D3, 0x6479, 0x8611
    dw 0x6A21, 0x819C, 0x78E8, 0x6469, 0x9B54, 0x62B9, 0x672B, 0x83AB, 0x58A8, 0x9ED8, 0x6CAB, 0x6F20
    dw 0x5BDE, 0x964C, 0x8C0B, 0x725F, 0x67D0, 0x62C7, 0x7261, 0x4EA9, 0x59C6, 0x6BCD, 0x5893, 0x66AE
    dw 0x5E55, 0x52DF, 0x6155, 0x6728, 0x76EE, 0x7766, 0x7267, 0x7A46, 0x62FF, 0x54EA, 0x5450, 0x94A0
    dw 0x90A3, 0x5A1C, 0x7EB3, 0x6C16, 0x4E43, 0x5976, 0x8010, 0x5948, 0x5357, 0x7537, 0x96BE, 0x56CA
    dw 0x6320, 0x8111, 0x607C, 0x95F9, 0x6DD6, 0x5462, 0x9981, 0x5185, 0x5AE9, 0x80FD, 0x59AE, 0x9713
    dw 0x502A, 0x6CE5, 0x5C3C, 0x62DF, 0x4F60, 0x533F, 0x817B, 0x9006, 0x6EBA, 0x852B, 0x62C8, 0x5E74
    dw 0x78BE, 0x64B5, 0x637B, 0x5FF5, 0x5A18, 0x917F, 0x9E1F, 0x5C3F, 0x634F, 0x8042, 0x5B7D, 0x556E
    dw 0x954A, 0x954D, 0x6D85, 0x60A8, 0x67E0, 0x72DE, 0x51DD, 0x5B81, 0x81D4, 0x81D5, 0x81D6, 0x81D7
    dw 0x81D8, 0x81D9, 0x81DA, 0x81DB, 0x81DC, 0x81DD, 0x81DE, 0x81DF, 0x81E0, 0x81E1, 0x81E2, 0x81E4
    dw 0x81E5, 0x81E6, 0x81E8, 0x81E9, 0x81EB, 0x81EE, 0x81EF, 0x81F0, 0x81F1, 0x81F2, 0x81F5, 0x81F6
    dw 0x81F7, 0x81F8, 0x81F9, 0x81FA, 0x81FD, 0x81FF, 0x8203, 0x8207, 0x8208, 0x8209, 0x820A, 0x820B
    dw 0x820E, 0x820F, 0x8211, 0x8213, 0x8215, 0x8216, 0x8217, 0x8218, 0x8219, 0x821A, 0x821D, 0x8220
    dw 0x8224, 0x8225, 0x8226, 0x8227, 0x8229, 0x822E, 0x8232, 0x823A, 0x823C, 0x823D, 0x823F, 0x8240
    dw 0x8241, 0x8242, 0x8243, 0x8245, 0x8246, 0x8248, 0x824A, 0x824C, 0x824D, 0x824E, 0x8250, 0x8251
    dw 0x8252, 0x8253, 0x8254, 0x8255, 0x8256, 0x8257, 0x8259, 0x825B, 0x825C, 0x825D, 0x825E, 0x8260
    dw 0x8261, 0x8262, 0x8263, 0x8264, 0x8265, 0x8266, 0x8267, 0x8269, 0x62E7, 0x6CDE, 0x725B, 0x626D
    dw 0x94AE, 0x7EBD, 0x8113, 0x6D53, 0x519C, 0x5F04, 0x5974, 0x52AA, 0x6012, 0x5973, 0x6696, 0x8650
    dw 0x759F, 0x632A, 0x61E6, 0x7CEF, 0x8BFA, 0x54E6, 0x6B27, 0x9E25, 0x6BB4, 0x85D5, 0x5455, 0x5076
    dw 0x6CA4, 0x556A, 0x8DB4, 0x722C, 0x5E15, 0x6015, 0x7436, 0x62CD, 0x6392, 0x724C, 0x5F98, 0x6E43
    dw 0x6D3E, 0x6500, 0x6F58, 0x76D8, 0x78D0, 0x76FC, 0x7554, 0x5224, 0x53DB, 0x4E53, 0x5E9E, 0x65C1
    dw 0x802A, 0x80D6, 0x629B, 0x5486, 0x5228, 0x70AE, 0x888D, 0x8DD1, 0x6CE1, 0x5478, 0x80DA, 0x57F9
    dw 0x88F4, 0x8D54, 0x966A, 0x914D, 0x4F69, 0x6C9B, 0x55B7, 0x76C6, 0x7830, 0x62A8, 0x70F9, 0x6F8E
    dw 0x5F6D, 0x84EC, 0x68DA, 0x787C, 0x7BF7, 0x81A8, 0x670B, 0x9E4F, 0x6367, 0x78B0, 0x576F, 0x7812
    dw 0x9739, 0x6279, 0x62AB, 0x5288, 0x7435, 0x6BD7, 0x826A, 0x826B, 0x826C, 0x826D, 0x8271, 0x8275
    dw 0x8276, 0x8277, 0x8278, 0x827B, 0x827C, 0x8280, 0x8281, 0x8283, 0x8285, 0x8286, 0x8287, 0x8289
    dw 0x828C, 0x8290, 0x8293, 0x8294, 0x8295, 0x8296, 0x829A, 0x829B, 0x829E, 0x82A0, 0x82A2, 0x82A3
    dw 0x82A7, 0x82B2, 0x82B5, 0x82B6, 0x82BA, 0x82BB, 0x82BC, 0x82BF, 0x82C0, 0x82C2, 0x82C3, 0x82C5
    dw 0x82C6, 0x82C9, 0x82D0, 0x82D6, 0x82D9, 0x82DA, 0x82DD, 0x82E2, 0x82E7, 0x82E8, 0x82E9, 0x82EA
    dw 0x82EC, 0x82ED, 0x82EE, 0x82F0, 0x82F2, 0x82F3, 0x82F5, 0x82F6, 0x82F8, 0x82FA, 0x82FC, 0x82FD
    dw 0x82FE, 0x82FF, 0x8300, 0x830A, 0x830B, 0x830D, 0x8310, 0x8312, 0x8313, 0x8316, 0x8318, 0x8319
    dw 0x831D, 0x831E, 0x831F, 0x8320, 0x8321, 0x8322, 0x8323, 0x8324, 0x8325, 0x8326, 0x8329, 0x832A
    dw 0x832E, 0x8330, 0x8332, 0x8337, 0x833B, 0x833D, 0x5564, 0x813E, 0x75B2, 0x76AE, 0x5339, 0x75DE
    dw 0x50FB, 0x5C41, 0x8B6C, 0x7BC7, 0x504F, 0x7247, 0x9A97, 0x98D8, 0x6F02, 0x74E2, 0x7968, 0x6487
    dw 0x77A5, 0x62FC, 0x9891, 0x8D2B, 0x54C1, 0x8058, 0x4E52, 0x576A, 0x82F9, 0x840D, 0x5E73, 0x51ED
    dw 0x74F6, 0x8BC4, 0x5C4F, 0x5761, 0x6CFC, 0x9887, 0x5A46, 0x7834, 0x9B44, 0x8FEB, 0x7C95, 0x5256
    dw 0x6251, 0x94FA, 0x4EC6, 0x8386, 0x8461, 0x83E9, 0x84B2, 0x57D4, 0x6734, 0x5703, 0x666E, 0x6D66
    dw 0x8C31, 0x66DD, 0x7011, 0x671F, 0x6B3A, 0x6816, 0x621A, 0x59BB, 0x4E03, 0x51C4, 0x6F06, 0x67D2
    dw 0x6C8F, 0x5176, 0x68CB, 0x5947, 0x6B67, 0x7566, 0x5D0E, 0x8110, 0x9F50, 0x65D7, 0x7948, 0x7941
    dw 0x9A91, 0x8D77, 0x5C82, 0x4E5E, 0x4F01, 0x542F, 0x5951, 0x780C, 0x5668, 0x6C14, 0x8FC4, 0x5F03
    dw 0x6C7D, 0x6CE3, 0x8BAB, 0x6390, 0x833E, 0x833F, 0x8341, 0x8342, 0x8344, 0x8345, 0x8348, 0x834A
    dw 0x834B, 0x834C, 0x834D, 0x834E, 0x8353, 0x8355, 0x8356, 0x8357, 0x8358, 0x8359, 0x835D, 0x8362
    dw 0x8370, 0x8371, 0x8372, 0x8373, 0x8374, 0x8375, 0x8376, 0x8379, 0x837A, 0x837E, 0x837F, 0x8380
    dw 0x8381, 0x8382, 0x8383, 0x8384, 0x8387, 0x8388, 0x838A, 0x838B, 0x838C, 0x838D, 0x838F, 0x8390
    dw 0x8391, 0x8394, 0x8395, 0x8396, 0x8397, 0x8399, 0x839A, 0x839D, 0x839F, 0x83A1, 0x83A2, 0x83A3
    dw 0x83A4, 0x83A5, 0x83A6, 0x83A7, 0x83AC, 0x83AD, 0x83AE, 0x83AF, 0x83B5, 0x83BB, 0x83BE, 0x83BF
    dw 0x83C2, 0x83C3, 0x83C4, 0x83C6, 0x83C8, 0x83C9, 0x83CB, 0x83CD, 0x83CE, 0x83D0, 0x83D1, 0x83D2
    dw 0x83D3, 0x83D5, 0x83D7, 0x83D9, 0x83DA, 0x83DB, 0x83DE, 0x83E2, 0x83E3, 0x83E4, 0x83E6, 0x83E7
    dw 0x83E8, 0x83EB, 0x83EC, 0x83ED, 0x6070, 0x6D3D, 0x7275, 0x6266, 0x948E, 0x94C5, 0x5343, 0x8FC1
    dw 0x7B7E, 0x4EDF, 0x8C26, 0x4E7E, 0x9ED4, 0x94B1, 0x94B3, 0x524D, 0x6F5C, 0x9063, 0x6D45, 0x8C34
    dw 0x5811, 0x5D4C, 0x6B20, 0x6B49, 0x67AA, 0x545B, 0x8154, 0x7F8C, 0x5899, 0x8537, 0x5F3A, 0x62A2
    dw 0x6A47, 0x9539, 0x6572, 0x6084, 0x6865, 0x77A7, 0x4E54, 0x4FA8, 0x5DE7, 0x9798, 0x64AC, 0x7FD8
    dw 0x5CED, 0x4FCF, 0x7A8D, 0x5207, 0x8304, 0x4E14, 0x602F, 0x7A83, 0x94A6, 0x4FB5, 0x4EB2, 0x79E6
    dw 0x7434, 0x52E4, 0x82B9, 0x64D2, 0x79BD, 0x5BDD, 0x6C81, 0x9752, 0x8F7B, 0x6C22, 0x503E, 0x537F
    dw 0x6E05, 0x64CE, 0x6674, 0x6C30, 0x60C5, 0x9877, 0x8BF7, 0x5E86, 0x743C, 0x7A77, 0x79CB, 0x4E18
    dw 0x90B1, 0x7403, 0x6C42, 0x56DA, 0x914B, 0x6CC5, 0x8D8B, 0x533A, 0x86C6, 0x66F2, 0x8EAF, 0x5C48
    dw 0x9A71, 0x6E20, 0x83EE, 0x83EF, 0x83F3, 0x83F4, 0x83F5, 0x83F6, 0x83F7, 0x83FA, 0x83FB, 0x83FC
    dw 0x83FE, 0x83FF, 0x8400, 0x8402, 0x8405, 0x8407, 0x8408, 0x8409, 0x840A, 0x8410, 0x8412, 0x8413
    dw 0x8414, 0x8415, 0x8416, 0x8417, 0x8419, 0x841A, 0x841B, 0x841E, 0x841F, 0x8420, 0x8421, 0x8422
    dw 0x8423, 0x8429, 0x842A, 0x842B, 0x842C, 0x842D, 0x842E, 0x842F, 0x8430, 0x8432, 0x8433, 0x8434
    dw 0x8435, 0x8436, 0x8437, 0x8439, 0x843A, 0x843B, 0x843E, 0x843F, 0x8440, 0x8441, 0x8442, 0x8443
    dw 0x8444, 0x8445, 0x8447, 0x8448, 0x8449, 0x844A, 0x844B, 0x844C, 0x844D, 0x844E, 0x844F, 0x8450
    dw 0x8452, 0x8453, 0x8454, 0x8455, 0x8456, 0x8458, 0x845D, 0x845E, 0x845F, 0x8460, 0x8462, 0x8464
    dw 0x8465, 0x8466, 0x8467, 0x8468, 0x846A, 0x846E, 0x846F, 0x8470, 0x8472, 0x8474, 0x8477, 0x8479
    dw 0x847B, 0x847C, 0x53D6, 0x5A36, 0x9F8B, 0x8DA3, 0x53BB, 0x5708, 0x98A7, 0x6743, 0x919B, 0x6CC9
    dw 0x5168, 0x75CA, 0x62F3, 0x72AC, 0x5238, 0x529D, 0x7F3A, 0x7094, 0x7638, 0x5374, 0x9E4A, 0x69B7
    dw 0x786E, 0x96C0, 0x88D9, 0x7FA4, 0x7136, 0x71C3, 0x5189, 0x67D3, 0x74E4, 0x58E4, 0x6518, 0x56B7
    dw 0x8BA9, 0x9976, 0x6270, 0x7ED5, 0x60F9, 0x70ED, 0x58EC, 0x4EC1, 0x4EBA, 0x5FCD, 0x97E7, 0x4EFB
    dw 0x8BA4, 0x5203, 0x598A, 0x7EAB, 0x6254, 0x4ECD, 0x65E5, 0x620E, 0x8338, 0x84C9, 0x8363, 0x878D
    dw 0x7194, 0x6EB6, 0x5BB9, 0x7ED2, 0x5197, 0x63C9, 0x67D4, 0x8089, 0x8339, 0x8815, 0x5112, 0x5B7A
    dw 0x5982, 0x8FB1, 0x4E73, 0x6C5D, 0x5165, 0x8925, 0x8F6F, 0x962E, 0x854A, 0x745E, 0x9510, 0x95F0
    dw 0x6DA6, 0x82E5, 0x5F31, 0x6492, 0x6D12, 0x8428, 0x816E, 0x9CC3, 0x585E, 0x8D5B, 0x4E09, 0x53C1
    dw 0x847D, 0x847E, 0x847F, 0x8480, 0x8481, 0x8483, 0x8484, 0x8485, 0x8486, 0x848A, 0x848D, 0x848F
    dw 0x8490, 0x8491, 0x8492, 0x8493, 0x8494, 0x8495, 0x8496, 0x8498, 0x849A, 0x849B, 0x849D, 0x849E
    dw 0x849F, 0x84A0, 0x84A2, 0x84A3, 0x84A4, 0x84A5, 0x84A6, 0x84A7, 0x84A8, 0x84A9, 0x84AA, 0x84AB
    dw 0x84AC, 0x84AD, 0x84AE, 0x84B0, 0x84B1, 0x84B3, 0x84B5, 0x84B6, 0x84B7, 0x84BB, 0x84BC, 0x84BE
    dw 0x84C0, 0x84C2, 0x84C3, 0x84C5, 0x84C6, 0x84C7, 0x84C8, 0x84CB, 0x84CC, 0x84CE, 0x84CF, 0x84D2
    dw 0x84D4, 0x84D5, 0x84D7, 0x84D8, 0x84D9, 0x84DA, 0x84DB, 0x84DC, 0x84DE, 0x84E1, 0x84E2, 0x84E4
    dw 0x84E7, 0x84E8, 0x84E9, 0x84EA, 0x84EB, 0x84ED, 0x84EE, 0x84EF, 0x84F1, 0x84F2, 0x84F3, 0x84F4
    dw 0x84F5, 0x84F6, 0x84F7, 0x84F8, 0x84F9, 0x84FA, 0x84FB, 0x84FD, 0x84FE, 0x8500, 0x8501, 0x8502
    dw 0x4F1E, 0x6563, 0x6851, 0x55D3, 0x4E27, 0x6414, 0x9A9A, 0x626B, 0x5AC2, 0x745F, 0x8272, 0x6DA9
    dw 0x68EE, 0x50E7, 0x838E, 0x7802, 0x6740, 0x5239, 0x6C99, 0x7EB1, 0x50BB, 0x5565, 0x715E, 0x7B5B
    dw 0x6652, 0x73CA, 0x82EB, 0x6749, 0x5C71, 0x5220, 0x717D, 0x886B, 0x95EA, 0x9655, 0x64C5, 0x8D61
    dw 0x81B3, 0x5584, 0x6C55, 0x6247, 0x7F2E, 0x5892, 0x4F24, 0x5546, 0x8D4F, 0x664C, 0x4E0A, 0x5C1A
    dw 0x88F3, 0x68A2, 0x634E, 0x7A0D, 0x70E7, 0x828D, 0x52FA, 0x97F6, 0x5C11, 0x54E8, 0x90B5, 0x7ECD
    dw 0x5962, 0x8D4A, 0x86C7, 0x820C, 0x820D, 0x8D66, 0x6444, 0x5C04, 0x6151, 0x6D89, 0x793E, 0x8BBE
    dw 0x7837, 0x7533, 0x547B, 0x4F38, 0x8EAB, 0x6DF1, 0x5A20, 0x7EC5, 0x795E, 0x6C88, 0x5BA1, 0x5A76
    dw 0x751A, 0x80BE, 0x614E, 0x6E17, 0x58F0, 0x751F, 0x7525, 0x7272, 0x5347, 0x7EF3, 0x8503, 0x8504
    dw 0x8505, 0x8506, 0x8507, 0x8508, 0x8509, 0x850A, 0x850B, 0x850D, 0x850E, 0x850F, 0x8510, 0x8512
    dw 0x8514, 0x8515, 0x8516, 0x8518, 0x8519, 0x851B, 0x851C, 0x851D, 0x851E, 0x8520, 0x8522, 0x8523
    dw 0x8524, 0x8525, 0x8526, 0x8527, 0x8528, 0x8529, 0x852A, 0x852D, 0x852E, 0x852F, 0x8530, 0x8531
    dw 0x8532, 0x8533, 0x8534, 0x8535, 0x8536, 0x853E, 0x853F, 0x8540, 0x8541, 0x8542, 0x8544, 0x8545
    dw 0x8546, 0x8547, 0x854B, 0x854C, 0x854D, 0x854E, 0x854F, 0x8550, 0x8551, 0x8552, 0x8553, 0x8554
    dw 0x8555, 0x8557, 0x8558, 0x855A, 0x855B, 0x855C, 0x855D, 0x855F, 0x8560, 0x8561, 0x8562, 0x8563
    dw 0x8565, 0x8566, 0x8567, 0x8569, 0x856A, 0x856B, 0x856C, 0x856D, 0x856E, 0x856F, 0x8570, 0x8571
    dw 0x8573, 0x8575, 0x8576, 0x8577, 0x8578, 0x857C, 0x857D, 0x857F, 0x8580, 0x8581, 0x7701, 0x76DB
    dw 0x5269, 0x80DC, 0x5723, 0x5E08, 0x5931, 0x72EE, 0x65BD, 0x6E7F, 0x8BD7, 0x5C38, 0x8671, 0x5341
    dw 0x77F3, 0x62FE, 0x65F6, 0x4EC0, 0x98DF, 0x8680, 0x5B9E, 0x8BC6, 0x53F2, 0x77E2, 0x4F7F, 0x5C4E
    dw 0x9A76, 0x59CB, 0x5F0F, 0x793A, 0x58EB, 0x4E16, 0x67FF, 0x4E8B, 0x62ED, 0x8A93, 0x901D, 0x52BF
    dw 0x662F, 0x55DC, 0x566C, 0x9002, 0x4ED5, 0x4F8D, 0x91CA, 0x9970, 0x6C0F, 0x5E02, 0x6043, 0x5BA4
    dw 0x89C6, 0x8BD5, 0x6536, 0x624B, 0x9996, 0x5B88, 0x5BFF, 0x6388, 0x552E, 0x53D7, 0x7626, 0x517D
    dw 0x852C, 0x67A2, 0x68B3, 0x6B8A, 0x6292, 0x8F93, 0x53D4, 0x8212, 0x6DD1, 0x758F, 0x4E66, 0x8D4E
    dw 0x5B70, 0x719F, 0x85AF, 0x6691, 0x66D9, 0x7F72, 0x8700, 0x9ECD, 0x9F20, 0x5C5E, 0x672F, 0x8FF0
    dw 0x6811, 0x675F, 0x620D, 0x7AD6, 0x5885, 0x5EB6, 0x6570, 0x6F31, 0x8582, 0x8583, 0x8586, 0x8588
    dw 0x8589, 0x858A, 0x858B, 0x858C, 0x858D, 0x858E, 0x8590, 0x8591, 0x8592, 0x8593, 0x8594, 0x8595
    dw 0x8596, 0x8597, 0x8598, 0x8599, 0x859A, 0x859D, 0x859E, 0x859F, 0x85A0, 0x85A1, 0x85A2, 0x85A3
    dw 0x85A5, 0x85A6, 0x85A7, 0x85A9, 0x85AB, 0x85AC, 0x85AD, 0x85B1, 0x85B2, 0x85B3, 0x85B4, 0x85B5
    dw 0x85B6, 0x85B8, 0x85BA, 0x85BB, 0x85BC, 0x85BD, 0x85BE, 0x85BF, 0x85C0, 0x85C2, 0x85C3, 0x85C4
    dw 0x85C5, 0x85C6, 0x85C7, 0x85C8, 0x85CA, 0x85CB, 0x85CC, 0x85CD, 0x85CE, 0x85D1, 0x85D2, 0x85D4
    dw 0x85D6, 0x85D7, 0x85D8, 0x85D9, 0x85DA, 0x85DB, 0x85DD, 0x85DE, 0x85DF, 0x85E0, 0x85E1, 0x85E2
    dw 0x85E3, 0x85E5, 0x85E6, 0x85E7, 0x85E8, 0x85EA, 0x85EB, 0x85EC, 0x85ED, 0x85EE, 0x85EF, 0x85F0
    dw 0x85F1, 0x85F2, 0x85F3, 0x85F4, 0x85F5, 0x85F6, 0x85F7, 0x85F8, 0x6055, 0x5237, 0x800D, 0x6454
    dw 0x8870, 0x7529, 0x5E05, 0x6813, 0x62F4, 0x971C, 0x53CC, 0x723D, 0x8C01, 0x6C34, 0x7761, 0x7A0E
    dw 0x542E, 0x77AC, 0x987A, 0x821C, 0x8BF4, 0x7855, 0x6714, 0x70C1, 0x65AF, 0x6495, 0x5636, 0x601D
    dw 0x79C1, 0x53F8, 0x4E1D, 0x6B7B, 0x8086, 0x5BFA, 0x55E3, 0x56DB, 0x4F3A, 0x4F3C, 0x9972, 0x5DF3
    dw 0x677E, 0x8038, 0x6002, 0x9882, 0x9001, 0x5B8B, 0x8BBC, 0x8BF5, 0x641C, 0x8258, 0x64DE, 0x55FD
    dw 0x82CF, 0x9165, 0x4FD7, 0x7D20, 0x901F, 0x7C9F, 0x50F3, 0x5851, 0x6EAF, 0x5BBF, 0x8BC9, 0x8083
    dw 0x9178, 0x849C, 0x7B97, 0x867D, 0x968B, 0x968F, 0x7EE5, 0x9AD3, 0x788E, 0x5C81, 0x7A57, 0x9042
    dw 0x96A7, 0x795F, 0x5B59, 0x635F, 0x7B0B, 0x84D1, 0x68AD, 0x5506, 0x7F29, 0x7410, 0x7D22, 0x9501
    dw 0x6240, 0x584C, 0x4ED6, 0x5B83, 0x5979, 0x5854, 0x85F9, 0x85FA, 0x85FC, 0x85FD, 0x85FE, 0x8600
    dw 0x8601, 0x8602, 0x8603, 0x8604, 0x8606, 0x8607, 0x8608, 0x8609, 0x860A, 0x860B, 0x860C, 0x860D
    dw 0x860E, 0x860F, 0x8610, 0x8612, 0x8613, 0x8614, 0x8615, 0x8617, 0x8618, 0x8619, 0x861A, 0x861B
    dw 0x861C, 0x861D, 0x861E, 0x861F, 0x8620, 0x8621, 0x8622, 0x8623, 0x8624, 0x8625, 0x8626, 0x8628
    dw 0x862A, 0x862B, 0x862C, 0x862D, 0x862E, 0x862F, 0x8630, 0x8631, 0x8632, 0x8633, 0x8634, 0x8635
    dw 0x8636, 0x8637, 0x8639, 0x863A, 0x863B, 0x863D, 0x863E, 0x863F, 0x8640, 0x8641, 0x8642, 0x8643
    dw 0x8644, 0x8645, 0x8646, 0x8647, 0x8648, 0x8649, 0x864A, 0x864B, 0x864C, 0x8652, 0x8653, 0x8655
    dw 0x8656, 0x8657, 0x8658, 0x8659, 0x865B, 0x865C, 0x865D, 0x865F, 0x8660, 0x8661, 0x8663, 0x8664
    dw 0x8665, 0x8666, 0x8667, 0x8668, 0x8669, 0x866A, 0x736D, 0x631E, 0x8E4B, 0x8E0F, 0x80CE, 0x82D4
    dw 0x62AC, 0x53F0, 0x6CF0, 0x915E, 0x592A, 0x6001, 0x6C70, 0x574D, 0x644A, 0x8D2A, 0x762B, 0x6EE9
    dw 0x575B, 0x6A80, 0x75F0, 0x6F6D, 0x8C2D, 0x8C08, 0x5766, 0x6BEF, 0x8892, 0x78B3, 0x63A2, 0x53F9
    dw 0x70AD, 0x6C64, 0x5858, 0x642A, 0x5802, 0x68E0, 0x819B, 0x5510, 0x7CD6, 0x5018, 0x8EBA, 0x6DCC
    dw 0x8D9F, 0x70EB, 0x638F, 0x6D9B, 0x6ED4, 0x7EE6, 0x8404, 0x6843, 0x9003, 0x6DD8, 0x9676, 0x8BA8
    dw 0x5957, 0x7279, 0x85E4, 0x817E, 0x75BC, 0x8A8A, 0x68AF, 0x5254, 0x8E22, 0x9511, 0x63D0, 0x9898
    dw 0x8E44, 0x557C, 0x4F53, 0x66FF, 0x568F, 0x60D5, 0x6D95, 0x5243, 0x5C49, 0x5929, 0x6DFB, 0x586B
    dw 0x7530, 0x751C, 0x606C, 0x8214, 0x8146, 0x6311, 0x6761, 0x8FE2, 0x773A, 0x8DF3, 0x8D34, 0x94C1
    dw 0x5E16, 0x5385, 0x542C, 0x70C3, 0x866D, 0x866F, 0x8670, 0x8672, 0x8673, 0x8674, 0x8675, 0x8676
    dw 0x8677, 0x8678, 0x8683, 0x8684, 0x8685, 0x8686, 0x8687, 0x8688, 0x8689, 0x868E, 0x868F, 0x8690
    dw 0x8691, 0x8692, 0x8694, 0x8696, 0x8697, 0x8698, 0x8699, 0x869A, 0x869B, 0x869E, 0x869F, 0x86A0
    dw 0x86A1, 0x86A2, 0x86A5, 0x86A6, 0x86AB, 0x86AD, 0x86AE, 0x86B2, 0x86B3, 0x86B7, 0x86B8, 0x86B9
    dw 0x86BB, 0x86BC, 0x86BD, 0x86BE, 0x86BF, 0x86C1, 0x86C2, 0x86C3, 0x86C5, 0x86C8, 0x86CC, 0x86CD
    dw 0x86D2, 0x86D3, 0x86D5, 0x86D6, 0x86D7, 0x86DA, 0x86DC, 0x86DD, 0x86E0, 0x86E1, 0x86E2, 0x86E3
    dw 0x86E5, 0x86E6, 0x86E7, 0x86E8, 0x86EA, 0x86EB, 0x86EC, 0x86EF, 0x86F5, 0x86F6, 0x86F7, 0x86FA
    dw 0x86FB, 0x86FC, 0x86FD, 0x86FF, 0x8701, 0x8704, 0x8705, 0x8706, 0x870B, 0x870C, 0x870E, 0x870F
    dw 0x8710, 0x8711, 0x8714, 0x8716, 0x6C40, 0x5EF7, 0x505C, 0x4EAD, 0x5EAD, 0x633A, 0x8247, 0x901A
    dw 0x6850, 0x916E, 0x77B3, 0x540C, 0x94DC, 0x5F64, 0x7AE5, 0x6876, 0x6345, 0x7B52, 0x7EDF, 0x75DB
    dw 0x5077, 0x6295, 0x5934, 0x900F, 0x51F8, 0x79C3, 0x7A81, 0x56FE, 0x5F92, 0x9014, 0x6D82, 0x5C60
    dw 0x571F, 0x5410, 0x5154, 0x6E4D, 0x56E2, 0x63A8, 0x9893, 0x817F, 0x8715, 0x892A, 0x9000, 0x541E
    dw 0x5C6F, 0x81C0, 0x62D6, 0x6258, 0x8131, 0x9E35, 0x9640, 0x9A6E, 0x9A7C, 0x692D, 0x59A5, 0x62D3
    dw 0x553E, 0x6316, 0x54C7, 0x86D9, 0x6D3C, 0x5A03, 0x74E6, 0x889C, 0x6B6A, 0x5916, 0x8C4C, 0x5F2F
    dw 0x6E7E, 0x73A9, 0x987D, 0x4E38, 0x70F7, 0x5B8C, 0x7897, 0x633D, 0x665A, 0x7696, 0x60CB, 0x5B9B
    dw 0x5A49, 0x4E07, 0x8155, 0x6C6A, 0x738B, 0x4EA1, 0x6789, 0x7F51, 0x5F80, 0x65FA, 0x671B, 0x5FD8
    dw 0x5984, 0x5A01, 0x8719, 0x871B, 0x871D, 0x871F, 0x8720, 0x8724, 0x8726, 0x8727, 0x8728, 0x872A
    dw 0x872B, 0x872C, 0x872D, 0x872F, 0x8730, 0x8732, 0x8733, 0x8735, 0x8736, 0x8738, 0x8739, 0x873A
    dw 0x873C, 0x873D, 0x8740, 0x8741, 0x8742, 0x8743, 0x8744, 0x8745, 0x8746, 0x874A, 0x874B, 0x874D
    dw 0x874F, 0x8750, 0x8751, 0x8752, 0x8754, 0x8755, 0x8756, 0x8758, 0x875A, 0x875B, 0x875C, 0x875D
    dw 0x875E, 0x875F, 0x8761, 0x8762, 0x8766, 0x8767, 0x8768, 0x8769, 0x876A, 0x876B, 0x876C, 0x876D
    dw 0x876F, 0x8771, 0x8772, 0x8773, 0x8775, 0x8777, 0x8778, 0x8779, 0x877A, 0x877F, 0x8780, 0x8781
    dw 0x8784, 0x8786, 0x8787, 0x8789, 0x878A, 0x878C, 0x878E, 0x878F, 0x8790, 0x8791, 0x8792, 0x8794
    dw 0x8795, 0x8796, 0x8798, 0x8799, 0x879A, 0x879B, 0x879C, 0x879D, 0x879E, 0x87A0, 0x87A1, 0x87A2
    dw 0x87A3, 0x87A4, 0x5DCD, 0x5FAE, 0x5371, 0x97E6, 0x8FDD, 0x6845, 0x56F4, 0x552F, 0x60DF, 0x4E3A
    dw 0x6F4D, 0x7EF4, 0x82C7, 0x840E, 0x59D4, 0x4F1F, 0x4F2A, 0x5C3E, 0x7EAC, 0x672A, 0x851A, 0x5473
    dw 0x754F, 0x80C3, 0x5582, 0x9B4F, 0x4F4D, 0x6E2D, 0x8C13, 0x5C09, 0x6170, 0x536B, 0x761F, 0x6E29
    dw 0x868A, 0x6587, 0x95FB, 0x7EB9, 0x543B, 0x7A33, 0x7D0A, 0x95EE, 0x55E1, 0x7FC1, 0x74EE, 0x631D
    dw 0x8717, 0x6DA1, 0x7A9D, 0x6211, 0x65A1, 0x5367, 0x63E1, 0x6C83, 0x5DEB, 0x545C, 0x94A8, 0x4E4C
    dw 0x6C61, 0x8BEC, 0x5C4B, 0x65E0, 0x829C, 0x68A7, 0x543E, 0x5434, 0x6BCB, 0x6B66, 0x4E94, 0x6342
    dw 0x5348, 0x821E, 0x4F0D, 0x4FAE, 0x575E, 0x620A, 0x96FE, 0x6664, 0x7269, 0x52FF, 0x52A1, 0x609F
    dw 0x8BEF, 0x6614, 0x7199, 0x6790, 0x897F, 0x7852, 0x77FD, 0x6670, 0x563B, 0x5438, 0x9521, 0x727A
    dw 0x87A5, 0x87A6, 0x87A7, 0x87A9, 0x87AA, 0x87AE, 0x87B0, 0x87B1, 0x87B2, 0x87B4, 0x87B6, 0x87B7
    dw 0x87B8, 0x87B9, 0x87BB, 0x87BC, 0x87BE, 0x87BF, 0x87C1, 0x87C2, 0x87C3, 0x87C4, 0x87C5, 0x87C7
    dw 0x87C8, 0x87C9, 0x87CC, 0x87CD, 0x87CE, 0x87CF, 0x87D0, 0x87D4, 0x87D5, 0x87D6, 0x87D7, 0x87D8
    dw 0x87D9, 0x87DA, 0x87DC, 0x87DD, 0x87DE, 0x87DF, 0x87E1, 0x87E2, 0x87E3, 0x87E4, 0x87E6, 0x87E7
    dw 0x87E8, 0x87E9, 0x87EB, 0x87EC, 0x87ED, 0x87EF, 0x87F0, 0x87F1, 0x87F2, 0x87F3, 0x87F4, 0x87F5
    dw 0x87F6, 0x87F7, 0x87F8, 0x87FA, 0x87FB, 0x87FC, 0x87FD, 0x87FF, 0x8800, 0x8801, 0x8802, 0x8804
    dw 0x8805, 0x8806, 0x8807, 0x8808, 0x8809, 0x880B, 0x880C, 0x880D, 0x880E, 0x880F, 0x8810, 0x8811
    dw 0x8812, 0x8814, 0x8817, 0x8818, 0x8819, 0x881A, 0x881C, 0x881D, 0x881E, 0x881F, 0x8820, 0x8823
    dw 0x7A00, 0x606F, 0x5E0C, 0x6089, 0x819D, 0x5915, 0x60DC, 0x7184, 0x70EF, 0x6EAA, 0x6C50, 0x7280
    dw 0x6A84, 0x88AD, 0x5E2D, 0x4E60, 0x5AB3, 0x559C, 0x94E3, 0x6D17, 0x7CFB, 0x9699, 0x620F, 0x7EC6
    dw 0x778E, 0x867E, 0x5323, 0x971E, 0x8F96, 0x6687, 0x5CE1, 0x4FA0, 0x72ED, 0x4E0B, 0x53A6, 0x590F
    dw 0x5413, 0x6380, 0x9528, 0x5148, 0x4ED9, 0x9C9C, 0x7EA4, 0x54B8, 0x8D24, 0x8854, 0x8237, 0x95F2
    dw 0x6D8E, 0x5F26, 0x5ACC, 0x663E, 0x9669, 0x73B0, 0x732E, 0x53BF, 0x817A, 0x9985, 0x7FA1, 0x5BAA
    dw 0x9677, 0x9650, 0x7EBF, 0x76F8, 0x53A2, 0x9576, 0x9999, 0x7BB1, 0x8944, 0x6E58, 0x4E61, 0x7FD4
    dw 0x7965, 0x8BE6, 0x60F3, 0x54CD, 0x4EAB, 0x9879, 0x5DF7, 0x6A61, 0x50CF, 0x5411, 0x8C61, 0x8427
    dw 0x785D, 0x9704, 0x524A, 0x54EE, 0x56A3, 0x9500, 0x6D88, 0x5BB5, 0x6DC6, 0x6653, 0x8824, 0x8825
    dw 0x8826, 0x8827, 0x8828, 0x8829, 0x882A, 0x882B, 0x882C, 0x882D, 0x882E, 0x882F, 0x8830, 0x8831
    dw 0x8833, 0x8834, 0x8835, 0x8836, 0x8837, 0x8838, 0x883A, 0x883B, 0x883D, 0x883E, 0x883F, 0x8841
    dw 0x8842, 0x8843, 0x8846, 0x8847, 0x8848, 0x8849, 0x884A, 0x884B, 0x884E, 0x884F, 0x8850, 0x8851
    dw 0x8852, 0x8853, 0x8855, 0x8856, 0x8858, 0x885A, 0x885B, 0x885C, 0x885D, 0x885E, 0x885F, 0x8860
    dw 0x8866, 0x8867, 0x886A, 0x886D, 0x886F, 0x8871, 0x8873, 0x8874, 0x8875, 0x8876, 0x8878, 0x8879
    dw 0x887A, 0x887B, 0x887C, 0x8880, 0x8883, 0x8886, 0x8887, 0x8889, 0x888A, 0x888C, 0x888E, 0x888F
    dw 0x8890, 0x8891, 0x8893, 0x8894, 0x8895, 0x8897, 0x8898, 0x8899, 0x889A, 0x889B, 0x889D, 0x889E
    dw 0x889F, 0x88A0, 0x88A1, 0x88A3, 0x88A5, 0x88A6, 0x88A7, 0x88A8, 0x88A9, 0x88AA, 0x5C0F, 0x5B5D
    dw 0x6821, 0x8096, 0x5578, 0x7B11, 0x6548, 0x6954, 0x4E9B, 0x6B47, 0x874E, 0x978B, 0x534F, 0x631F
    dw 0x643A, 0x90AA, 0x659C, 0x80C1, 0x8C10, 0x5199, 0x68B0, 0x5378, 0x87F9, 0x61C8, 0x6CC4, 0x6CFB
    dw 0x8C22, 0x5C51, 0x85AA, 0x82AF, 0x950C, 0x6B23, 0x8F9B, 0x65B0, 0x5FFB, 0x5FC3, 0x4FE1, 0x8845
    dw 0x661F, 0x8165, 0x7329, 0x60FA, 0x5174, 0x5211, 0x578B, 0x5F62, 0x90A2, 0x884C, 0x9192, 0x5E78
    dw 0x674F, 0x6027, 0x59D3, 0x5144, 0x51F6, 0x80F8, 0x5308, 0x6C79, 0x96C4, 0x718A, 0x4F11, 0x4FEE
    dw 0x7F9E, 0x673D, 0x55C5, 0x9508, 0x79C0, 0x8896, 0x7EE3, 0x589F, 0x620C, 0x9700, 0x865A, 0x5618
    dw 0x987B, 0x5F90, 0x8BB8, 0x84C4, 0x9157, 0x53D9, 0x65ED, 0x5E8F, 0x755C, 0x6064, 0x7D6E, 0x5A7F
    dw 0x7EEA, 0x7EED, 0x8F69, 0x55A7, 0x5BA3, 0x60AC, 0x65CB, 0x7384, 0x88AC, 0x88AE, 0x88AF, 0x88B0
    dw 0x88B2, 0x88B3, 0x88B4, 0x88B5, 0x88B6, 0x88B8, 0x88B9, 0x88BA, 0x88BB, 0x88BD, 0x88BE, 0x88BF
    dw 0x88C0, 0x88C3, 0x88C4, 0x88C7, 0x88C8, 0x88CA, 0x88CB, 0x88CC, 0x88CD, 0x88CF, 0x88D0, 0x88D1
    dw 0x88D3, 0x88D6, 0x88D7, 0x88DA, 0x88DB, 0x88DC, 0x88DD, 0x88DE, 0x88E0, 0x88E1, 0x88E6, 0x88E7
    dw 0x88E9, 0x88EA, 0x88EB, 0x88EC, 0x88ED, 0x88EE, 0x88EF, 0x88F2, 0x88F5, 0x88F6, 0x88F7, 0x88FA
    dw 0x88FB, 0x88FD, 0x88FF, 0x8900, 0x8901, 0x8903, 0x8904, 0x8905, 0x8906, 0x8907, 0x8908, 0x8909
    dw 0x890B, 0x890C, 0x890D, 0x890E, 0x890F, 0x8911, 0x8914, 0x8915, 0x8916, 0x8917, 0x8918, 0x891C
    dw 0x891D, 0x891E, 0x891F, 0x8920, 0x8922, 0x8923, 0x8924, 0x8926, 0x8927, 0x8928, 0x8929, 0x892C
    dw 0x892D, 0x892E, 0x892F, 0x8931, 0x8932, 0x8933, 0x8935, 0x8937, 0x9009, 0x7663, 0x7729, 0x7EDA
    dw 0x9774, 0x859B, 0x5B66, 0x7A74, 0x96EA, 0x8840, 0x52CB, 0x718F, 0x5FAA, 0x65EC, 0x8BE2, 0x5BFB
    dw 0x9A6F, 0x5DE1, 0x6B89, 0x6C5B, 0x8BAD, 0x8BAF, 0x900A, 0x8FC5, 0x538B, 0x62BC, 0x9E26, 0x9E2D
    dw 0x5440, 0x4E2B, 0x82BD, 0x7259, 0x869C, 0x5D16, 0x8859, 0x6DAF, 0x96C5, 0x54D1, 0x4E9A, 0x8BB6
    dw 0x7109, 0x54BD, 0x9609, 0x70DF, 0x6DF9, 0x76D0, 0x4E25, 0x7814, 0x8712, 0x5CA9, 0x5EF6, 0x8A00
    dw 0x989C, 0x960E, 0x708E, 0x6CBF, 0x5944, 0x63A9, 0x773C, 0x884D, 0x6F14, 0x8273, 0x5830, 0x71D5
    dw 0x538C, 0x781A, 0x96C1, 0x5501, 0x5F66, 0x7130, 0x5BB4, 0x8C1A, 0x9A8C, 0x6B83, 0x592E, 0x9E2F
    dw 0x79E7, 0x6768, 0x626C, 0x4F6F, 0x75A1, 0x7F8A, 0x6D0B, 0x9633, 0x6C27, 0x4EF0, 0x75D2, 0x517B
    dw 0x6837, 0x6F3E, 0x9080, 0x8170, 0x5996, 0x7476, 0x8938, 0x8939, 0x893A, 0x893B, 0x893C, 0x893D
    dw 0x893E, 0x893F, 0x8940, 0x8942, 0x8943, 0x8945, 0x8946, 0x8947, 0x8948, 0x8949, 0x894A, 0x894B
    dw 0x894C, 0x894D, 0x894E, 0x894F, 0x8950, 0x8951, 0x8952, 0x8953, 0x8954, 0x8955, 0x8956, 0x8957
    dw 0x8958, 0x8959, 0x895A, 0x895B, 0x895C, 0x895D, 0x8960, 0x8961, 0x8962, 0x8963, 0x8964, 0x8965
    dw 0x8967, 0x8968, 0x8969, 0x896A, 0x896B, 0x896C, 0x896D, 0x896E, 0x896F, 0x8970, 0x8971, 0x8972
    dw 0x8973, 0x8974, 0x8975, 0x8976, 0x8977, 0x8978, 0x8979, 0x897A, 0x897C, 0x897D, 0x897E, 0x8980
    dw 0x8982, 0x8984, 0x8985, 0x8987, 0x8988, 0x8989, 0x898A, 0x898B, 0x898C, 0x898D, 0x898E, 0x898F
    dw 0x8990, 0x8991, 0x8992, 0x8993, 0x8994, 0x8995, 0x8996, 0x8997, 0x8998, 0x8999, 0x899A, 0x899B
    dw 0x899C, 0x899D, 0x899E, 0x899F, 0x89A0, 0x89A1, 0x6447, 0x5C27, 0x9065, 0x7A91, 0x8C23, 0x59DA
    dw 0x54AC, 0x8200, 0x836F, 0x8981, 0x8000, 0x6930, 0x564E, 0x8036, 0x7237, 0x91CE, 0x51B6, 0x4E5F
    dw 0x9875, 0x6396, 0x4E1A, 0x53F6, 0x66F3, 0x814B, 0x591C, 0x6DB2, 0x4E00, 0x58F9, 0x533B, 0x63D6
    dw 0x94F1, 0x4F9D, 0x4F0A, 0x8863, 0x9890, 0x5937, 0x9057, 0x79FB, 0x4EEA, 0x80F0, 0x7591, 0x6C82
    dw 0x5B9C, 0x59E8, 0x5F5D, 0x6905, 0x8681, 0x501A, 0x5DF2, 0x4E59, 0x77E3, 0x4EE5, 0x827A, 0x6291
    dw 0x6613, 0x9091, 0x5C79, 0x4EBF, 0x5F79, 0x81C6, 0x9038, 0x8084, 0x75AB, 0x4EA6, 0x88D4, 0x610F
    dw 0x6BC5, 0x5FC6, 0x4E49, 0x76CA, 0x6EA2, 0x8BE3, 0x8BAE, 0x8C0A, 0x8BD1, 0x5F02, 0x7FFC, 0x7FCC
    dw 0x7ECE, 0x8335, 0x836B, 0x56E0, 0x6BB7, 0x97F3, 0x9634, 0x59FB, 0x541F, 0x94F6, 0x6DEB, 0x5BC5
    dw 0x996E, 0x5C39, 0x5F15, 0x9690, 0x89A2, 0x89A3, 0x89A4, 0x89A5, 0x89A6, 0x89A7, 0x89A8, 0x89A9
    dw 0x89AA, 0x89AB, 0x89AC, 0x89AD, 0x89AE, 0x89AF, 0x89B0, 0x89B1, 0x89B2, 0x89B3, 0x89B4, 0x89B5
    dw 0x89B6, 0x89B7, 0x89B8, 0x89B9, 0x89BA, 0x89BB, 0x89BC, 0x89BD, 0x89BE, 0x89BF, 0x89C0, 0x89C3
    dw 0x89CD, 0x89D3, 0x89D4, 0x89D5, 0x89D7, 0x89D8, 0x89D9, 0x89DB, 0x89DD, 0x89DF, 0x89E0, 0x89E1
    dw 0x89E2, 0x89E4, 0x89E7, 0x89E8, 0x89E9, 0x89EA, 0x89EC, 0x89ED, 0x89EE, 0x89F0, 0x89F1, 0x89F2
    dw 0x89F4, 0x89F5, 0x89F6, 0x89F7, 0x89F8, 0x89F9, 0x89FA, 0x89FB, 0x89FC, 0x89FD, 0x89FE, 0x89FF
    dw 0x8A01, 0x8A02, 0x8A03, 0x8A04, 0x8A05, 0x8A06, 0x8A08, 0x8A09, 0x8A0A, 0x8A0B, 0x8A0C, 0x8A0D
    dw 0x8A0E, 0x8A0F, 0x8A10, 0x8A11, 0x8A12, 0x8A13, 0x8A14, 0x8A15, 0x8A16, 0x8A17, 0x8A18, 0x8A19
    dw 0x8A1A, 0x8A1B, 0x8A1C, 0x8A1D, 0x5370, 0x82F1, 0x6A31, 0x5A74, 0x9E70, 0x5E94, 0x7F28, 0x83B9
    dw 0x8424, 0x8425, 0x8367, 0x8747, 0x8FCE, 0x8D62, 0x76C8, 0x5F71, 0x9896, 0x786C, 0x6620, 0x54DF
    dw 0x62E5, 0x4F63, 0x81C3, 0x75C8, 0x5EB8, 0x96CD, 0x8E0A, 0x86F9, 0x548F, 0x6CF3, 0x6D8C, 0x6C38
    dw 0x607F, 0x52C7, 0x7528, 0x5E7D, 0x4F18, 0x60A0, 0x5FE7, 0x5C24, 0x7531, 0x90AE, 0x94C0, 0x72B9
    dw 0x6CB9, 0x6E38, 0x9149, 0x6709, 0x53CB, 0x53F3, 0x4F51, 0x91C9, 0x8BF1, 0x53C8, 0x5E7C, 0x8FC2
    dw 0x6DE4, 0x4E8E, 0x76C2, 0x6986, 0x865E, 0x611A, 0x8206, 0x4F59, 0x4FDE, 0x903E, 0x9C7C, 0x6109
    dw 0x6E1D, 0x6E14, 0x9685, 0x4E88, 0x5A31, 0x96E8, 0x4E0E, 0x5C7F, 0x79B9, 0x5B87, 0x8BED, 0x7FBD
    dw 0x7389, 0x57DF, 0x828B, 0x90C1, 0x5401, 0x9047, 0x55BB, 0x5CEA, 0x5FA1, 0x6108, 0x6B32, 0x72F1
    dw 0x80B2, 0x8A89, 0x8A1E, 0x8A1F, 0x8A20, 0x8A21, 0x8A22, 0x8A23, 0x8A24, 0x8A25, 0x8A26, 0x8A27
    dw 0x8A28, 0x8A29, 0x8A2A, 0x8A2B, 0x8A2C, 0x8A2D, 0x8A2E, 0x8A2F, 0x8A30, 0x8A31, 0x8A32, 0x8A33
    dw 0x8A34, 0x8A35, 0x8A36, 0x8A37, 0x8A38, 0x8A39, 0x8A3A, 0x8A3B, 0x8A3C, 0x8A3D, 0x8A3F, 0x8A40
    dw 0x8A41, 0x8A42, 0x8A43, 0x8A44, 0x8A45, 0x8A46, 0x8A47, 0x8A49, 0x8A4A, 0x8A4B, 0x8A4C, 0x8A4D
    dw 0x8A4E, 0x8A4F, 0x8A50, 0x8A51, 0x8A52, 0x8A53, 0x8A54, 0x8A55, 0x8A56, 0x8A57, 0x8A58, 0x8A59
    dw 0x8A5A, 0x8A5B, 0x8A5C, 0x8A5D, 0x8A5E, 0x8A5F, 0x8A60, 0x8A61, 0x8A62, 0x8A63, 0x8A64, 0x8A65
    dw 0x8A66, 0x8A67, 0x8A68, 0x8A69, 0x8A6A, 0x8A6B, 0x8A6C, 0x8A6D, 0x8A6E, 0x8A6F, 0x8A70, 0x8A71
    dw 0x8A72, 0x8A73, 0x8A74, 0x8A75, 0x8A76, 0x8A77, 0x8A78, 0x8A7A, 0x8A7B, 0x8A7C, 0x8A7D, 0x8A7E
    dw 0x8A7F, 0x8A80, 0x6D74, 0x5BD3, 0x88D5, 0x9884, 0x8C6B, 0x9A6D, 0x9E33, 0x6E0A, 0x51A4, 0x5143
    dw 0x57A3, 0x8881, 0x539F, 0x63F4, 0x8F95, 0x56ED, 0x5458, 0x5706, 0x733F, 0x6E90, 0x7F18, 0x8FDC
    dw 0x82D1, 0x613F, 0x6028, 0x9662, 0x66F0, 0x7EA6, 0x8D8A, 0x8DC3, 0x94A5, 0x5CB3, 0x7CA4, 0x6708
    dw 0x60A6, 0x9605, 0x8018, 0x4E91, 0x90E7, 0x5300, 0x9668, 0x5141, 0x8FD0, 0x8574, 0x915D, 0x6655
    dw 0x97F5, 0x5B55, 0x531D, 0x7838, 0x6742, 0x683D, 0x54C9, 0x707E, 0x5BB0, 0x8F7D, 0x518D, 0x5728
    dw 0x54B1, 0x6512, 0x6682, 0x8D5E, 0x8D43, 0x810F, 0x846C, 0x906D, 0x7CDF, 0x51FF, 0x85FB, 0x67A3
    dw 0x65E9, 0x6FA1, 0x86A4, 0x8E81, 0x566A, 0x9020, 0x7682, 0x7076, 0x71E5, 0x8D23, 0x62E9, 0x5219
    dw 0x6CFD, 0x8D3C, 0x600E, 0x589E, 0x618E, 0x66FE, 0x8D60, 0x624E, 0x55B3, 0x6E23, 0x672D, 0x8F67
    dw 0x8A81, 0x8A82, 0x8A83, 0x8A84, 0x8A85, 0x8A86, 0x8A87, 0x8A88, 0x8A8B, 0x8A8C, 0x8A8D, 0x8A8E
    dw 0x8A8F, 0x8A90, 0x8A91, 0x8A92, 0x8A94, 0x8A95, 0x8A96, 0x8A97, 0x8A98, 0x8A99, 0x8A9A, 0x8A9B
    dw 0x8A9C, 0x8A9D, 0x8A9E, 0x8A9F, 0x8AA0, 0x8AA1, 0x8AA2, 0x8AA3, 0x8AA4, 0x8AA5, 0x8AA6, 0x8AA7
    dw 0x8AA8, 0x8AA9, 0x8AAA, 0x8AAB, 0x8AAC, 0x8AAD, 0x8AAE, 0x8AAF, 0x8AB0, 0x8AB1, 0x8AB2, 0x8AB3
    dw 0x8AB4, 0x8AB5, 0x8AB6, 0x8AB7, 0x8AB8, 0x8AB9, 0x8ABA, 0x8ABB, 0x8ABC, 0x8ABD, 0x8ABE, 0x8ABF
    dw 0x8AC0, 0x8AC1, 0x8AC2, 0x8AC3, 0x8AC4, 0x8AC5, 0x8AC6, 0x8AC7, 0x8AC8, 0x8AC9, 0x8ACA, 0x8ACB
    dw 0x8ACC, 0x8ACD, 0x8ACE, 0x8ACF, 0x8AD0, 0x8AD1, 0x8AD2, 0x8AD3, 0x8AD4, 0x8AD5, 0x8AD6, 0x8AD7
    dw 0x8AD8, 0x8AD9, 0x8ADA, 0x8ADB, 0x8ADC, 0x8ADD, 0x8ADE, 0x8ADF, 0x8AE0, 0x8AE1, 0x8AE2, 0x8AE3
    dw 0x94E1, 0x95F8, 0x7728, 0x6805, 0x69A8, 0x548B, 0x4E4D, 0x70B8, 0x8BC8, 0x6458, 0x658B, 0x5B85
    dw 0x7A84, 0x503A, 0x5BE8, 0x77BB, 0x6BE1, 0x8A79, 0x7C98, 0x6CBE, 0x76CF, 0x65A9, 0x8F97, 0x5D2D
    dw 0x5C55, 0x8638, 0x6808, 0x5360, 0x6218, 0x7AD9, 0x6E5B, 0x7EFD, 0x6A1F, 0x7AE0, 0x5F70, 0x6F33
    dw 0x5F20, 0x638C, 0x6DA8, 0x6756, 0x4E08, 0x5E10, 0x8D26, 0x4ED7, 0x80C0, 0x7634, 0x969C, 0x62DB
    dw 0x662D, 0x627E, 0x6CBC, 0x8D75, 0x7167, 0x7F69, 0x5146, 0x8087, 0x53EC, 0x906E, 0x6298, 0x54F2
    dw 0x86F0, 0x8F99, 0x8005, 0x9517, 0x8517, 0x8FD9, 0x6D59, 0x73CD, 0x659F, 0x771F, 0x7504, 0x7827
    dw 0x81FB, 0x8D1E, 0x9488, 0x4FA6, 0x6795, 0x75B9, 0x8BCA, 0x9707, 0x632F, 0x9547, 0x9635, 0x84B8
    dw 0x6323, 0x7741, 0x5F81, 0x72F0, 0x4E89, 0x6014, 0x6574, 0x62EF, 0x6B63, 0x653F, 0x8AE4, 0x8AE5
    dw 0x8AE6, 0x8AE7, 0x8AE8, 0x8AE9, 0x8AEA, 0x8AEB, 0x8AEC, 0x8AED, 0x8AEE, 0x8AEF, 0x8AF0, 0x8AF1
    dw 0x8AF2, 0x8AF3, 0x8AF4, 0x8AF5, 0x8AF6, 0x8AF7, 0x8AF8, 0x8AF9, 0x8AFA, 0x8AFB, 0x8AFC, 0x8AFD
    dw 0x8AFE, 0x8AFF, 0x8B00, 0x8B01, 0x8B02, 0x8B03, 0x8B04, 0x8B05, 0x8B06, 0x8B08, 0x8B09, 0x8B0A
    dw 0x8B0B, 0x8B0C, 0x8B0D, 0x8B0E, 0x8B0F, 0x8B10, 0x8B11, 0x8B12, 0x8B13, 0x8B14, 0x8B15, 0x8B16
    dw 0x8B17, 0x8B18, 0x8B19, 0x8B1A, 0x8B1B, 0x8B1C, 0x8B1D, 0x8B1E, 0x8B1F, 0x8B20, 0x8B21, 0x8B22
    dw 0x8B23, 0x8B24, 0x8B25, 0x8B27, 0x8B28, 0x8B29, 0x8B2A, 0x8B2B, 0x8B2C, 0x8B2D, 0x8B2E, 0x8B2F
    dw 0x8B30, 0x8B31, 0x8B32, 0x8B33, 0x8B34, 0x8B35, 0x8B36, 0x8B37, 0x8B38, 0x8B39, 0x8B3A, 0x8B3B
    dw 0x8B3C, 0x8B3D, 0x8B3E, 0x8B3F, 0x8B40, 0x8B41, 0x8B42, 0x8B43, 0x8B44, 0x8B45, 0x5E27, 0x75C7
    dw 0x90D1, 0x8BC1, 0x829D, 0x679D, 0x652F, 0x5431, 0x8718, 0x77E5, 0x80A2, 0x8102, 0x6C41, 0x4E4B
    dw 0x7EC7, 0x804C, 0x76F4, 0x690D, 0x6B96, 0x6267, 0x503C, 0x4F84, 0x5740, 0x6307, 0x6B62, 0x8DBE
    dw 0x53EA, 0x65E8, 0x7EB8, 0x5FD7, 0x631A, 0x63B7, 0x81F3, 0x81F4, 0x7F6E, 0x5E1C, 0x5CD9, 0x5236
    dw 0x667A, 0x79E9, 0x7A1A, 0x8D28, 0x7099, 0x75D4, 0x6EDE, 0x6CBB, 0x7A92, 0x4E2D, 0x76C5, 0x5FE0
    dw 0x949F, 0x8877, 0x7EC8, 0x79CD, 0x80BF, 0x91CD, 0x4EF2, 0x4F17, 0x821F, 0x5468, 0x5DDE, 0x6D32
    dw 0x8BCC, 0x7CA5, 0x8F74, 0x8098, 0x5E1A, 0x5492, 0x76B1, 0x5B99, 0x663C, 0x9AA4, 0x73E0, 0x682A
    dw 0x86DB, 0x6731, 0x732A, 0x8BF8, 0x8BDB, 0x9010, 0x7AF9, 0x70DB, 0x716E, 0x62C4, 0x77A9, 0x5631
    dw 0x4E3B, 0x8457, 0x67F1, 0x52A9, 0x86C0, 0x8D2E, 0x94F8, 0x7B51, 0x8B46, 0x8B47, 0x8B48, 0x8B49
    dw 0x8B4A, 0x8B4B, 0x8B4C, 0x8B4D, 0x8B4E, 0x8B4F, 0x8B50, 0x8B51, 0x8B52, 0x8B53, 0x8B54, 0x8B55
    dw 0x8B56, 0x8B57, 0x8B58, 0x8B59, 0x8B5A, 0x8B5B, 0x8B5C, 0x8B5D, 0x8B5E, 0x8B5F, 0x8B60, 0x8B61
    dw 0x8B62, 0x8B63, 0x8B64, 0x8B65, 0x8B67, 0x8B68, 0x8B69, 0x8B6A, 0x8B6B, 0x8B6D, 0x8B6E, 0x8B6F
    dw 0x8B70, 0x8B71, 0x8B72, 0x8B73, 0x8B74, 0x8B75, 0x8B76, 0x8B77, 0x8B78, 0x8B79, 0x8B7A, 0x8B7B
    dw 0x8B7C, 0x8B7D, 0x8B7E, 0x8B7F, 0x8B80, 0x8B81, 0x8B82, 0x8B83, 0x8B84, 0x8B85, 0x8B86, 0x8B87
    dw 0x8B88, 0x8B89, 0x8B8A, 0x8B8B, 0x8B8C, 0x8B8D, 0x8B8E, 0x8B8F, 0x8B90, 0x8B91, 0x8B92, 0x8B93
    dw 0x8B94, 0x8B95, 0x8B96, 0x8B97, 0x8B98, 0x8B99, 0x8B9A, 0x8B9B, 0x8B9C, 0x8B9D, 0x8B9E, 0x8B9F
    dw 0x8BAC, 0x8BB1, 0x8BBB, 0x8BC7, 0x8BD0, 0x8BEA, 0x8C09, 0x8C1E, 0x4F4F, 0x6CE8, 0x795D, 0x9A7B
    dw 0x6293, 0x722A, 0x62FD, 0x4E13, 0x7816, 0x8F6C, 0x64B0, 0x8D5A, 0x7BC6, 0x6869, 0x5E84, 0x88C5
    dw 0x5986, 0x649E, 0x58EE, 0x72B6, 0x690E, 0x9525, 0x8FFD, 0x8D58, 0x5760, 0x7F00, 0x8C06, 0x51C6
    dw 0x6349, 0x62D9, 0x5353, 0x684C, 0x7422, 0x8301, 0x914C, 0x5544, 0x7740, 0x707C, 0x6D4A, 0x5179
    dw 0x54A8, 0x8D44, 0x59FF, 0x6ECB, 0x6DC4, 0x5B5C, 0x7D2B, 0x4ED4, 0x7C7D, 0x6ED3, 0x5B50, 0x81EA
    dw 0x6E0D, 0x5B57, 0x9B03, 0x68D5, 0x8E2A, 0x5B97, 0x7EFC, 0x603B, 0x7EB5, 0x90B9, 0x8D70, 0x594F
    dw 0x63CD, 0x79DF, 0x8DB3, 0x5352, 0x65CF, 0x7956, 0x8BC5, 0x963B, 0x7EC4, 0x94BB, 0x7E82, 0x5634
    dw 0x9189, 0x6700, 0x7F6A, 0x5C0A, 0x9075, 0x6628, 0x5DE6, 0x4F50, 0x67DE, 0x505A, 0x4F5C, 0x5750
    dw 0x5EA7, 0x0000, 0x0000, 0x0000, 0x0000, 0x0000, 0x8C38, 0x8C39, 0x8C3A, 0x8C3B, 0x8C3C, 0x8C3D
    dw 0x8C3E, 0x8C3F, 0x8C40, 0x8C42, 0x8C43, 0x8C44, 0x8C45, 0x8C48, 0x8C4A, 0x8C4B, 0x8C4D, 0x8C4E
    dw 0x8C4F, 0x8C50, 0x8C51, 0x8C52, 0x8C53, 0x8C54, 0x8C56, 0x8C57, 0x8C58, 0x8C59, 0x8C5B, 0x8C5C
    dw 0x8C5D, 0x8C5E, 0x8C5F, 0x8C60, 0x8C63, 0x8C64, 0x8C65, 0x8C66, 0x8C67, 0x8C68, 0x8C69, 0x8C6C
    dw 0x8C6D, 0x8C6E, 0x8C6F, 0x8C70, 0x8C71, 0x8C72, 0x8C74, 0x8C75, 0x8C76, 0x8C77, 0x8C7B, 0x8C7C
    dw 0x8C7D, 0x8C7E, 0x8C7F, 0x8C80, 0x8C81, 0x8C83, 0x8C84, 0x8C86, 0x8C87, 0x8C88, 0x8C8B, 0x8C8D
    dw 0x8C8E, 0x8C8F, 0x8C90, 0x8C91, 0x8C92, 0x8C93, 0x8C95, 0x8C96, 0x8C97, 0x8C99, 0x8C9A, 0x8C9B
    dw 0x8C9C, 0x8C9D, 0x8C9E, 0x8C9F, 0x8CA0, 0x8CA1, 0x8CA2, 0x8CA3, 0x8CA4, 0x8CA5, 0x8CA6, 0x8CA7
    dw 0x8CA8, 0x8CA9, 0x8CAA, 0x8CAB, 0x8CAC, 0x8CAD, 0x4E8D, 0x4E0C, 0x5140, 0x4E10, 0x5EFF, 0x5345
    dw 0x4E15, 0x4E98, 0x4E1E, 0x9B32, 0x5B6C, 0x5669, 0x4E28, 0x79BA, 0x4E3F, 0x5315, 0x4E47, 0x592D
    dw 0x723B, 0x536E, 0x6C10, 0x56DF, 0x80E4, 0x9997, 0x6BD3, 0x777E, 0x9F17, 0x4E36, 0x4E9F, 0x9F10
    dw 0x4E5C, 0x4E69, 0x4E93, 0x8288, 0x5B5B, 0x556C, 0x560F, 0x4EC4, 0x538D, 0x539D, 0x53A3, 0x53A5
    dw 0x53AE, 0x9765, 0x8D5D, 0x531A, 0x53F5, 0x5326, 0x532E, 0x533E, 0x8D5C, 0x5366, 0x5363, 0x5202
    dw 0x5208, 0x520E, 0x522D, 0x5233, 0x523F, 0x5240, 0x524C, 0x525E, 0x5261, 0x525C, 0x84AF, 0x527D
    dw 0x5282, 0x5281, 0x5290, 0x5293, 0x5182, 0x7F54, 0x4EBB, 0x4EC3, 0x4EC9, 0x4EC2, 0x4EE8, 0x4EE1
    dw 0x4EEB, 0x4EDE, 0x4F1B, 0x4EF3, 0x4F22, 0x4F64, 0x4EF5, 0x4F25, 0x4F27, 0x4F09, 0x4F2B, 0x4F5E
    dw 0x4F67, 0x6538, 0x4F5A, 0x4F5D, 0x8CAE, 0x8CAF, 0x8CB0, 0x8CB1, 0x8CB2, 0x8CB3, 0x8CB4, 0x8CB5
    dw 0x8CB6, 0x8CB7, 0x8CB8, 0x8CB9, 0x8CBA, 0x8CBB, 0x8CBC, 0x8CBD, 0x8CBE, 0x8CBF, 0x8CC0, 0x8CC1
    dw 0x8CC2, 0x8CC3, 0x8CC4, 0x8CC5, 0x8CC6, 0x8CC7, 0x8CC8, 0x8CC9, 0x8CCA, 0x8CCB, 0x8CCC, 0x8CCD
    dw 0x8CCE, 0x8CCF, 0x8CD0, 0x8CD1, 0x8CD2, 0x8CD3, 0x8CD4, 0x8CD5, 0x8CD6, 0x8CD7, 0x8CD8, 0x8CD9
    dw 0x8CDA, 0x8CDB, 0x8CDC, 0x8CDD, 0x8CDE, 0x8CDF, 0x8CE0, 0x8CE1, 0x8CE2, 0x8CE3, 0x8CE4, 0x8CE5
    dw 0x8CE6, 0x8CE7, 0x8CE8, 0x8CE9, 0x8CEA, 0x8CEB, 0x8CEC, 0x8CED, 0x8CEE, 0x8CEF, 0x8CF0, 0x8CF1
    dw 0x8CF2, 0x8CF3, 0x8CF4, 0x8CF5, 0x8CF6, 0x8CF7, 0x8CF8, 0x8CF9, 0x8CFA, 0x8CFB, 0x8CFC, 0x8CFD
    dw 0x8CFE, 0x8CFF, 0x8D00, 0x8D01, 0x8D02, 0x8D03, 0x8D04, 0x8D05, 0x8D06, 0x8D07, 0x8D08, 0x8D09
    dw 0x8D0A, 0x8D0B, 0x8D0C, 0x8D0D, 0x4F5F, 0x4F57, 0x4F32, 0x4F3D, 0x4F76, 0x4F74, 0x4F91, 0x4F89
    dw 0x4F83, 0x4F8F, 0x4F7E, 0x4F7B, 0x4FAA, 0x4F7C, 0x4FAC, 0x4F94, 0x4FE6, 0x4FE8, 0x4FEA, 0x4FC5
    dw 0x4FDA, 0x4FE3, 0x4FDC, 0x4FD1, 0x4FDF, 0x4FF8, 0x5029, 0x504C, 0x4FF3, 0x502C, 0x500F, 0x502E
    dw 0x502D, 0x4FFE, 0x501C, 0x500C, 0x5025, 0x5028, 0x507E, 0x5043, 0x5055, 0x5048, 0x504E, 0x506C
    dw 0x507B, 0x50A5, 0x50A7, 0x50A9, 0x50BA, 0x50D6, 0x5106, 0x50ED, 0x50EC, 0x50E6, 0x50EE, 0x5107
    dw 0x510B, 0x4EDD, 0x6C3D, 0x4F58, 0x4F65, 0x4FCE, 0x9FA0, 0x6C46, 0x7C74, 0x516E, 0x5DFD, 0x9EC9
    dw 0x9998, 0x5181, 0x5914, 0x52F9, 0x530D, 0x8A07, 0x5310, 0x51EB, 0x5919, 0x5155, 0x4EA0, 0x5156
    dw 0x4EB3, 0x886E, 0x88A4, 0x4EB5, 0x8114, 0x88D2, 0x7980, 0x5B34, 0x8803, 0x7FB8, 0x51AB, 0x51B1
    dw 0x51BD, 0x51BC, 0x8D0E, 0x8D0F, 0x8D10, 0x8D11, 0x8D12, 0x8D13, 0x8D14, 0x8D15, 0x8D16, 0x8D17
    dw 0x8D18, 0x8D19, 0x8D1A, 0x8D1B, 0x8D1C, 0x8D20, 0x8D51, 0x8D52, 0x8D57, 0x8D5F, 0x8D65, 0x8D68
    dw 0x8D69, 0x8D6A, 0x8D6C, 0x8D6E, 0x8D6F, 0x8D71, 0x8D72, 0x8D78, 0x8D79, 0x8D7A, 0x8D7B, 0x8D7C
    dw 0x8D7D, 0x8D7E, 0x8D7F, 0x8D80, 0x8D82, 0x8D83, 0x8D86, 0x8D87, 0x8D88, 0x8D89, 0x8D8C, 0x8D8D
    dw 0x8D8E, 0x8D8F, 0x8D90, 0x8D92, 0x8D93, 0x8D95, 0x8D96, 0x8D97, 0x8D98, 0x8D99, 0x8D9A, 0x8D9B
    dw 0x8D9C, 0x8D9D, 0x8D9E, 0x8DA0, 0x8DA1, 0x8DA2, 0x8DA4, 0x8DA5, 0x8DA6, 0x8DA7, 0x8DA8, 0x8DA9
    dw 0x8DAA, 0x8DAB, 0x8DAC, 0x8DAD, 0x8DAE, 0x8DAF, 0x8DB0, 0x8DB2, 0x8DB6, 0x8DB7, 0x8DB9, 0x8DBB
    dw 0x8DBD, 0x8DC0, 0x8DC1, 0x8DC2, 0x8DC5, 0x8DC7, 0x8DC8, 0x8DC9, 0x8DCA, 0x8DCD, 0x8DD0, 0x8DD2
    dw 0x8DD3, 0x8DD4, 0x51C7, 0x5196, 0x51A2, 0x51A5, 0x8BA0, 0x8BA6, 0x8BA7, 0x8BAA, 0x8BB4, 0x8BB5
    dw 0x8BB7, 0x8BC2, 0x8BC3, 0x8BCB, 0x8BCF, 0x8BCE, 0x8BD2, 0x8BD3, 0x8BD4, 0x8BD6, 0x8BD8, 0x8BD9
    dw 0x8BDC, 0x8BDF, 0x8BE0, 0x8BE4, 0x8BE8, 0x8BE9, 0x8BEE, 0x8BF0, 0x8BF3, 0x8BF6, 0x8BF9, 0x8BFC
    dw 0x8BFF, 0x8C00, 0x8C02, 0x8C04, 0x8C07, 0x8C0C, 0x8C0F, 0x8C11, 0x8C12, 0x8C14, 0x8C15, 0x8C16
    dw 0x8C19, 0x8C1B, 0x8C18, 0x8C1D, 0x8C1F, 0x8C20, 0x8C21, 0x8C25, 0x8C27, 0x8C2A, 0x8C2B, 0x8C2E
    dw 0x8C2F, 0x8C32, 0x8C33, 0x8C35, 0x8C36, 0x5369, 0x537A, 0x961D, 0x9622, 0x9621, 0x9631, 0x962A
    dw 0x963D, 0x963C, 0x9642, 0x9649, 0x9654, 0x965F, 0x9667, 0x966C, 0x9672, 0x9674, 0x9688, 0x968D
    dw 0x9697, 0x96B0, 0x9097, 0x909B, 0x909D, 0x9099, 0x90AC, 0x90A1, 0x90B4, 0x90B3, 0x90B6, 0x90BA
    dw 0x8DD5, 0x8DD8, 0x8DD9, 0x8DDC, 0x8DE0, 0x8DE1, 0x8DE2, 0x8DE5, 0x8DE6, 0x8DE7, 0x8DE9, 0x8DED
    dw 0x8DEE, 0x8DF0, 0x8DF1, 0x8DF2, 0x8DF4, 0x8DF6, 0x8DFC, 0x8DFE, 0x8DFF, 0x8E00, 0x8E01, 0x8E02
    dw 0x8E03, 0x8E04, 0x8E06, 0x8E07, 0x8E08, 0x8E0B, 0x8E0D, 0x8E0E, 0x8E10, 0x8E11, 0x8E12, 0x8E13
    dw 0x8E15, 0x8E16, 0x8E17, 0x8E18, 0x8E19, 0x8E1A, 0x8E1B, 0x8E1C, 0x8E20, 0x8E21, 0x8E24, 0x8E25
    dw 0x8E26, 0x8E27, 0x8E28, 0x8E2B, 0x8E2D, 0x8E30, 0x8E32, 0x8E33, 0x8E34, 0x8E36, 0x8E37, 0x8E38
    dw 0x8E3B, 0x8E3C, 0x8E3E, 0x8E3F, 0x8E43, 0x8E45, 0x8E46, 0x8E4C, 0x8E4D, 0x8E4E, 0x8E4F, 0x8E50
    dw 0x8E53, 0x8E54, 0x8E55, 0x8E56, 0x8E57, 0x8E58, 0x8E5A, 0x8E5B, 0x8E5C, 0x8E5D, 0x8E5E, 0x8E5F
    dw 0x8E60, 0x8E61, 0x8E62, 0x8E63, 0x8E64, 0x8E65, 0x8E67, 0x8E68, 0x8E6A, 0x8E6B, 0x8E6E, 0x8E71
    dw 0x90B8, 0x90B0, 0x90CF, 0x90C5, 0x90BE, 0x90D0, 0x90C4, 0x90C7, 0x90D3, 0x90E6, 0x90E2, 0x90DC
    dw 0x90D7, 0x90DB, 0x90EB, 0x90EF, 0x90FE, 0x9104, 0x9122, 0x911E, 0x9123, 0x9131, 0x912F, 0x9139
    dw 0x9143, 0x9146, 0x520D, 0x5942, 0x52A2, 0x52AC, 0x52AD, 0x52BE, 0x54FF, 0x52D0, 0x52D6, 0x52F0
    dw 0x53DF, 0x71EE, 0x77CD, 0x5EF4, 0x51F5, 0x51FC, 0x9B2F, 0x53B6, 0x5F01, 0x755A, 0x5DEF, 0x574C
    dw 0x57A9, 0x57A1, 0x587E, 0x58BC, 0x58C5, 0x58D1, 0x5729, 0x572C, 0x572A, 0x5733, 0x5739, 0x572E
    dw 0x572F, 0x575C, 0x573B, 0x5742, 0x5769, 0x5785, 0x576B, 0x5786, 0x577C, 0x577B, 0x5768, 0x576D
    dw 0x5776, 0x5773, 0x57AD, 0x57A4, 0x578C, 0x57B2, 0x57CF, 0x57A7, 0x57B4, 0x5793, 0x57A0, 0x57D5
    dw 0x57D8, 0x57DA, 0x57D9, 0x57D2, 0x57B8, 0x57F4, 0x57EF, 0x57F8, 0x57E4, 0x57DD, 0x8E73, 0x8E75
    dw 0x8E77, 0x8E78, 0x8E79, 0x8E7A, 0x8E7B, 0x8E7D, 0x8E7E, 0x8E80, 0x8E82, 0x8E83, 0x8E84, 0x8E86
    dw 0x8E88, 0x8E89, 0x8E8A, 0x8E8B, 0x8E8C, 0x8E8D, 0x8E8E, 0x8E91, 0x8E92, 0x8E93, 0x8E95, 0x8E96
    dw 0x8E97, 0x8E98, 0x8E99, 0x8E9A, 0x8E9B, 0x8E9D, 0x8E9F, 0x8EA0, 0x8EA1, 0x8EA2, 0x8EA3, 0x8EA4
    dw 0x8EA5, 0x8EA6, 0x8EA7, 0x8EA8, 0x8EA9, 0x8EAA, 0x8EAD, 0x8EAE, 0x8EB0, 0x8EB1, 0x8EB3, 0x8EB4
    dw 0x8EB5, 0x8EB6, 0x8EB7, 0x8EB8, 0x8EB9, 0x8EBB, 0x8EBC, 0x8EBD, 0x8EBE, 0x8EBF, 0x8EC0, 0x8EC1
    dw 0x8EC2, 0x8EC3, 0x8EC4, 0x8EC5, 0x8EC6, 0x8EC7, 0x8EC8, 0x8EC9, 0x8ECA, 0x8ECB, 0x8ECC, 0x8ECD
    dw 0x8ECF, 0x8ED0, 0x8ED1, 0x8ED2, 0x8ED3, 0x8ED4, 0x8ED5, 0x8ED6, 0x8ED7, 0x8ED8, 0x8ED9, 0x8EDA
    dw 0x8EDB, 0x8EDC, 0x8EDD, 0x8EDE, 0x8EDF, 0x8EE0, 0x8EE1, 0x8EE2, 0x8EE3, 0x8EE4, 0x580B, 0x580D
    dw 0x57FD, 0x57ED, 0x5800, 0x581E, 0x5819, 0x5844, 0x5820, 0x5865, 0x586C, 0x5881, 0x5889, 0x589A
    dw 0x5880, 0x99A8, 0x9F19, 0x61FF, 0x8279, 0x827D, 0x827F, 0x828F, 0x828A, 0x82A8, 0x8284, 0x828E
    dw 0x8291, 0x8297, 0x8299, 0x82AB, 0x82B8, 0x82BE, 0x82B0, 0x82C8, 0x82CA, 0x82E3, 0x8298, 0x82B7
    dw 0x82AE, 0x82CB, 0x82CC, 0x82C1, 0x82A9, 0x82B4, 0x82A1, 0x82AA, 0x829F, 0x82C4, 0x82CE, 0x82A4
    dw 0x82E1, 0x8309, 0x82F7, 0x82E4, 0x830F, 0x8307, 0x82DC, 0x82F4, 0x82D2, 0x82D8, 0x830C, 0x82FB
    dw 0x82D3, 0x8311, 0x831A, 0x8306, 0x8314, 0x8315, 0x82E0, 0x82D5, 0x831C, 0x8351, 0x835B, 0x835C
    dw 0x8308, 0x8392, 0x833C, 0x8334, 0x8331, 0x839B, 0x835E, 0x832F, 0x834F, 0x8347, 0x8343, 0x835F
    dw 0x8340, 0x8317, 0x8360, 0x832D, 0x833A, 0x8333, 0x8366, 0x8365, 0x8EE5, 0x8EE6, 0x8EE7, 0x8EE8
    dw 0x8EE9, 0x8EEA, 0x8EEB, 0x8EEC, 0x8EED, 0x8EEE, 0x8EEF, 0x8EF0, 0x8EF1, 0x8EF2, 0x8EF3, 0x8EF4
    dw 0x8EF5, 0x8EF6, 0x8EF7, 0x8EF8, 0x8EF9, 0x8EFA, 0x8EFB, 0x8EFC, 0x8EFD, 0x8EFE, 0x8EFF, 0x8F00
    dw 0x8F01, 0x8F02, 0x8F03, 0x8F04, 0x8F05, 0x8F06, 0x8F07, 0x8F08, 0x8F09, 0x8F0A, 0x8F0B, 0x8F0C
    dw 0x8F0D, 0x8F0E, 0x8F0F, 0x8F10, 0x8F11, 0x8F12, 0x8F13, 0x8F14, 0x8F15, 0x8F16, 0x8F17, 0x8F18
    dw 0x8F19, 0x8F1A, 0x8F1B, 0x8F1C, 0x8F1D, 0x8F1E, 0x8F1F, 0x8F20, 0x8F21, 0x8F22, 0x8F23, 0x8F24
    dw 0x8F25, 0x8F26, 0x8F27, 0x8F28, 0x8F29, 0x8F2A, 0x8F2B, 0x8F2C, 0x8F2D, 0x8F2E, 0x8F2F, 0x8F30
    dw 0x8F31, 0x8F32, 0x8F33, 0x8F34, 0x8F35, 0x8F36, 0x8F37, 0x8F38, 0x8F39, 0x8F3A, 0x8F3B, 0x8F3C
    dw 0x8F3D, 0x8F3E, 0x8F3F, 0x8F40, 0x8F41, 0x8F42, 0x8F43, 0x8F44, 0x8368, 0x831B, 0x8369, 0x836C
    dw 0x836A, 0x836D, 0x836E, 0x83B0, 0x8378, 0x83B3, 0x83B4, 0x83A0, 0x83AA, 0x8393, 0x839C, 0x8385
    dw 0x837C, 0x83B6, 0x83A9, 0x837D, 0x83B8, 0x837B, 0x8398, 0x839E, 0x83A8, 0x83BA, 0x83BC, 0x83C1
    dw 0x8401, 0x83E5, 0x83D8, 0x5807, 0x8418, 0x840B, 0x83DD, 0x83FD, 0x83D6, 0x841C, 0x8438, 0x8411
    dw 0x8406, 0x83D4, 0x83DF, 0x840F, 0x8403, 0x83F8, 0x83F9, 0x83EA, 0x83C5, 0x83C0, 0x8426, 0x83F0
    dw 0x83E1, 0x845C, 0x8451, 0x845A, 0x8459, 0x8473, 0x8487, 0x8488, 0x847A, 0x8489, 0x8478, 0x843C
    dw 0x8446, 0x8469, 0x8476, 0x848C, 0x848E, 0x8431, 0x846D, 0x84C1, 0x84CD, 0x84D0, 0x84E6, 0x84BD
    dw 0x84D3, 0x84CA, 0x84BF, 0x84BA, 0x84E0, 0x84A1, 0x84B9, 0x84B4, 0x8497, 0x84E5, 0x84E3, 0x850C
    dw 0x750D, 0x8538, 0x84F0, 0x8539, 0x851F, 0x853A, 0x8F45, 0x8F46, 0x8F47, 0x8F48, 0x8F49, 0x8F4A
    dw 0x8F4B, 0x8F4C, 0x8F4D, 0x8F4E, 0x8F4F, 0x8F50, 0x8F51, 0x8F52, 0x8F53, 0x8F54, 0x8F55, 0x8F56
    dw 0x8F57, 0x8F58, 0x8F59, 0x8F5A, 0x8F5B, 0x8F5C, 0x8F5D, 0x8F5E, 0x8F5F, 0x8F60, 0x8F61, 0x8F62
    dw 0x8F63, 0x8F64, 0x8F65, 0x8F6A, 0x8F80, 0x8F8C, 0x8F92, 0x8F9D, 0x8FA0, 0x8FA1, 0x8FA2, 0x8FA4
    dw 0x8FA5, 0x8FA6, 0x8FA7, 0x8FAA, 0x8FAC, 0x8FAD, 0x8FAE, 0x8FAF, 0x8FB2, 0x8FB3, 0x8FB4, 0x8FB5
    dw 0x8FB7, 0x8FB8, 0x8FBA, 0x8FBB, 0x8FBC, 0x8FBF, 0x8FC0, 0x8FC3, 0x8FC6, 0x8FC9, 0x8FCA, 0x8FCB
    dw 0x8FCC, 0x8FCD, 0x8FCF, 0x8FD2, 0x8FD6, 0x8FD7, 0x8FDA, 0x8FE0, 0x8FE1, 0x8FE3, 0x8FE7, 0x8FEC
    dw 0x8FEF, 0x8FF1, 0x8FF2, 0x8FF4, 0x8FF5, 0x8FF6, 0x8FFA, 0x8FFB, 0x8FFC, 0x8FFE, 0x8FFF, 0x9007
    dw 0x9008, 0x900C, 0x900E, 0x9013, 0x9015, 0x9018, 0x8556, 0x853B, 0x84FF, 0x84FC, 0x8559, 0x8548
    dw 0x8568, 0x8564, 0x855E, 0x857A, 0x77A2, 0x8543, 0x8572, 0x857B, 0x85A4, 0x85A8, 0x8587, 0x858F
    dw 0x8579, 0x85AE, 0x859C, 0x8585, 0x85B9, 0x85B7, 0x85B0, 0x85D3, 0x85C1, 0x85DC, 0x85FF, 0x8627
    dw 0x8605, 0x8629, 0x8616, 0x863C, 0x5EFE, 0x5F08, 0x593C, 0x5941, 0x8037, 0x5955, 0x595A, 0x5958
    dw 0x530F, 0x5C22, 0x5C25, 0x5C2C, 0x5C34, 0x624C, 0x626A, 0x629F, 0x62BB, 0x62CA, 0x62DA, 0x62D7
    dw 0x62EE, 0x6322, 0x62F6, 0x6339, 0x634B, 0x6343, 0x63AD, 0x63F6, 0x6371, 0x637A, 0x638E, 0x63B4
    dw 0x636D, 0x63AC, 0x638A, 0x6369, 0x63AE, 0x63BC, 0x63F2, 0x63F8, 0x63E0, 0x63FF, 0x63C4, 0x63DE
    dw 0x63CE, 0x6452, 0x63C6, 0x63BE, 0x6445, 0x6441, 0x640B, 0x641B, 0x6420, 0x640C, 0x6426, 0x6421
    dw 0x645E, 0x6484, 0x646D, 0x6496, 0x9019, 0x901C, 0x9023, 0x9024, 0x9025, 0x9027, 0x9028, 0x9029
    dw 0x902A, 0x902B, 0x902C, 0x9030, 0x9031, 0x9032, 0x9033, 0x9034, 0x9037, 0x9039, 0x903A, 0x903D
    dw 0x903F, 0x9040, 0x9043, 0x9045, 0x9046, 0x9048, 0x9049, 0x904A, 0x904B, 0x904C, 0x904E, 0x9054
    dw 0x9055, 0x9056, 0x9059, 0x905A, 0x905C, 0x905D, 0x905E, 0x905F, 0x9060, 0x9061, 0x9064, 0x9066
    dw 0x9067, 0x9069, 0x906A, 0x906B, 0x906C, 0x906F, 0x9070, 0x9071, 0x9072, 0x9073, 0x9076, 0x9077
    dw 0x9078, 0x9079, 0x907A, 0x907B, 0x907C, 0x907E, 0x9081, 0x9084, 0x9085, 0x9086, 0x9087, 0x9089
    dw 0x908A, 0x908C, 0x908D, 0x908E, 0x908F, 0x9090, 0x9092, 0x9094, 0x9096, 0x9098, 0x909A, 0x909C
    dw 0x909E, 0x909F, 0x90A0, 0x90A4, 0x90A5, 0x90A7, 0x90A8, 0x90A9, 0x90AB, 0x90AD, 0x90B2, 0x90B7
    dw 0x90BC, 0x90BD, 0x90BF, 0x90C0, 0x647A, 0x64B7, 0x64B8, 0x6499, 0x64BA, 0x64C0, 0x64D0, 0x64D7
    dw 0x64E4, 0x64E2, 0x6509, 0x6525, 0x652E, 0x5F0B, 0x5FD2, 0x7519, 0x5F11, 0x535F, 0x53F1, 0x53FD
    dw 0x53E9, 0x53E8, 0x53FB, 0x5412, 0x5416, 0x5406, 0x544B, 0x5452, 0x5453, 0x5454, 0x5456, 0x5443
    dw 0x5421, 0x5457, 0x5459, 0x5423, 0x5432, 0x5482, 0x5494, 0x5477, 0x5471, 0x5464, 0x549A, 0x549B
    dw 0x5484, 0x5476, 0x5466, 0x549D, 0x54D0, 0x54AD, 0x54C2, 0x54B4, 0x54D2, 0x54A7, 0x54A6, 0x54D3
    dw 0x54D4, 0x5472, 0x54A3, 0x54D5, 0x54BB, 0x54BF, 0x54CC, 0x54D9, 0x54DA, 0x54DC, 0x54A9, 0x54AA
    dw 0x54A4, 0x54DD, 0x54CF, 0x54DE, 0x551B, 0x54E7, 0x5520, 0x54FD, 0x5514, 0x54F3, 0x5522, 0x5523
    dw 0x550F, 0x5511, 0x5527, 0x552A, 0x5567, 0x558F, 0x55B5, 0x5549, 0x556D, 0x5541, 0x5555, 0x553F
    dw 0x5550, 0x553C, 0x90C2, 0x90C3, 0x90C6, 0x90C8, 0x90C9, 0x90CB, 0x90CC, 0x90CD, 0x90D2, 0x90D4
    dw 0x90D5, 0x90D6, 0x90D8, 0x90D9, 0x90DA, 0x90DE, 0x90DF, 0x90E0, 0x90E3, 0x90E4, 0x90E5, 0x90E9
    dw 0x90EA, 0x90EC, 0x90EE, 0x90F0, 0x90F1, 0x90F2, 0x90F3, 0x90F5, 0x90F6, 0x90F7, 0x90F9, 0x90FA
    dw 0x90FB, 0x90FC, 0x90FF, 0x9100, 0x9101, 0x9103, 0x9105, 0x9106, 0x9107, 0x9108, 0x9109, 0x910A
    dw 0x910B, 0x910C, 0x910D, 0x910E, 0x910F, 0x9110, 0x9111, 0x9112, 0x9113, 0x9114, 0x9115, 0x9116
    dw 0x9117, 0x9118, 0x911A, 0x911B, 0x911C, 0x911D, 0x911F, 0x9120, 0x9121, 0x9124, 0x9125, 0x9126
    dw 0x9127, 0x9128, 0x9129, 0x912A, 0x912B, 0x912C, 0x912D, 0x912E, 0x9130, 0x9132, 0x9133, 0x9134
    dw 0x9135, 0x9136, 0x9137, 0x9138, 0x913A, 0x913B, 0x913C, 0x913D, 0x913E, 0x913F, 0x9140, 0x9141
    dw 0x9142, 0x9144, 0x5537, 0x5556, 0x5575, 0x5576, 0x5577, 0x5533, 0x5530, 0x555C, 0x558B, 0x55D2
    dw 0x5583, 0x55B1, 0x55B9, 0x5588, 0x5581, 0x559F, 0x557E, 0x55D6, 0x5591, 0x557B, 0x55DF, 0x55BD
    dw 0x55BE, 0x5594, 0x5599, 0x55EA, 0x55F7, 0x55C9, 0x561F, 0x55D1, 0x55EB, 0x55EC, 0x55D4, 0x55E6
    dw 0x55DD, 0x55C4, 0x55EF, 0x55E5, 0x55F2, 0x55F3, 0x55CC, 0x55CD, 0x55E8, 0x55F5, 0x55E4, 0x8F94
    dw 0x561E, 0x5608, 0x560C, 0x5601, 0x5624, 0x5623, 0x55FE, 0x5600, 0x5627, 0x562D, 0x5658, 0x5639
    dw 0x5657, 0x562C, 0x564D, 0x5662, 0x5659, 0x565C, 0x564C, 0x5654, 0x5686, 0x5664, 0x5671, 0x566B
    dw 0x567B, 0x567C, 0x5685, 0x5693, 0x56AF, 0x56D4, 0x56D7, 0x56DD, 0x56E1, 0x56F5, 0x56EB, 0x56F9
    dw 0x56FF, 0x5704, 0x570A, 0x5709, 0x571C, 0x5E0F, 0x5E19, 0x5E14, 0x5E11, 0x5E31, 0x5E3B, 0x5E3C
    dw 0x9145, 0x9147, 0x9148, 0x9151, 0x9153, 0x9154, 0x9155, 0x9156, 0x9158, 0x9159, 0x915B, 0x915C
    dw 0x915F, 0x9160, 0x9166, 0x9167, 0x9168, 0x916B, 0x916D, 0x9173, 0x917A, 0x917B, 0x917C, 0x9180
    dw 0x9181, 0x9182, 0x9183, 0x9184, 0x9186, 0x9188, 0x918A, 0x918E, 0x918F, 0x9193, 0x9194, 0x9195
    dw 0x9196, 0x9197, 0x9198, 0x9199, 0x919C, 0x919D, 0x919E, 0x919F, 0x91A0, 0x91A1, 0x91A4, 0x91A5
    dw 0x91A6, 0x91A7, 0x91A8, 0x91A9, 0x91AB, 0x91AC, 0x91B0, 0x91B1, 0x91B2, 0x91B3, 0x91B6, 0x91B7
    dw 0x91B8, 0x91B9, 0x91BB, 0x91BC, 0x91BD, 0x91BE, 0x91BF, 0x91C0, 0x91C1, 0x91C2, 0x91C3, 0x91C4
    dw 0x91C5, 0x91C6, 0x91C8, 0x91CB, 0x91D0, 0x91D2, 0x91D3, 0x91D4, 0x91D5, 0x91D6, 0x91D7, 0x91D8
    dw 0x91D9, 0x91DA, 0x91DB, 0x91DD, 0x91DE, 0x91DF, 0x91E0, 0x91E1, 0x91E2, 0x91E3, 0x91E4, 0x91E5
    dw 0x5E37, 0x5E44, 0x5E54, 0x5E5B, 0x5E5E, 0x5E61, 0x5C8C, 0x5C7A, 0x5C8D, 0x5C90, 0x5C96, 0x5C88
    dw 0x5C98, 0x5C99, 0x5C91, 0x5C9A, 0x5C9C, 0x5CB5, 0x5CA2, 0x5CBD, 0x5CAC, 0x5CAB, 0x5CB1, 0x5CA3
    dw 0x5CC1, 0x5CB7, 0x5CC4, 0x5CD2, 0x5CE4, 0x5CCB, 0x5CE5, 0x5D02, 0x5D03, 0x5D27, 0x5D26, 0x5D2E
    dw 0x5D24, 0x5D1E, 0x5D06, 0x5D1B, 0x5D58, 0x5D3E, 0x5D34, 0x5D3D, 0x5D6C, 0x5D5B, 0x5D6F, 0x5D5D
    dw 0x5D6B, 0x5D4B, 0x5D4A, 0x5D69, 0x5D74, 0x5D82, 0x5D99, 0x5D9D, 0x8C73, 0x5DB7, 0x5DC5, 0x5F73
    dw 0x5F77, 0x5F82, 0x5F87, 0x5F89, 0x5F8C, 0x5F95, 0x5F99, 0x5F9C, 0x5FA8, 0x5FAD, 0x5FB5, 0x5FBC
    dw 0x8862, 0x5F61, 0x72AD, 0x72B0, 0x72B4, 0x72B7, 0x72B8, 0x72C3, 0x72C1, 0x72CE, 0x72CD, 0x72D2
    dw 0x72E8, 0x72EF, 0x72E9, 0x72F2, 0x72F4, 0x72F7, 0x7301, 0x72F3, 0x7303, 0x72FA, 0x91E6, 0x91E7
    dw 0x91E8, 0x91E9, 0x91EA, 0x91EB, 0x91EC, 0x91ED, 0x91EE, 0x91EF, 0x91F0, 0x91F1, 0x91F2, 0x91F3
    dw 0x91F4, 0x91F5, 0x91F6, 0x91F7, 0x91F8, 0x91F9, 0x91FA, 0x91FB, 0x91FC, 0x91FD, 0x91FE, 0x91FF
    dw 0x9200, 0x9201, 0x9202, 0x9203, 0x9204, 0x9205, 0x9206, 0x9207, 0x9208, 0x9209, 0x920A, 0x920B
    dw 0x920C, 0x920D, 0x920E, 0x920F, 0x9210, 0x9211, 0x9212, 0x9213, 0x9214, 0x9215, 0x9216, 0x9217
    dw 0x9218, 0x9219, 0x921A, 0x921B, 0x921C, 0x921D, 0x921E, 0x921F, 0x9220, 0x9221, 0x9222, 0x9223
    dw 0x9224, 0x9225, 0x9226, 0x9227, 0x9228, 0x9229, 0x922A, 0x922B, 0x922C, 0x922D, 0x922E, 0x922F
    dw 0x9230, 0x9231, 0x9232, 0x9233, 0x9234, 0x9235, 0x9236, 0x9237, 0x9238, 0x9239, 0x923A, 0x923B
    dw 0x923C, 0x923D, 0x923E, 0x923F, 0x9240, 0x9241, 0x9242, 0x9243, 0x9244, 0x9245, 0x72FB, 0x7317
    dw 0x7313, 0x7321, 0x730A, 0x731E, 0x731D, 0x7315, 0x7322, 0x7339, 0x7325, 0x732C, 0x7338, 0x7331
    dw 0x7350, 0x734D, 0x7357, 0x7360, 0x736C, 0x736F, 0x737E, 0x821B, 0x5925, 0x98E7, 0x5924, 0x5902
    dw 0x9963, 0x9967, 0x9968, 0x9969, 0x996A, 0x996B, 0x996C, 0x9974, 0x9977, 0x997D, 0x9980, 0x9984
    dw 0x9987, 0x998A, 0x998D, 0x9990, 0x9991, 0x9993, 0x9994, 0x9995, 0x5E80, 0x5E91, 0x5E8B, 0x5E96
    dw 0x5EA5, 0x5EA0, 0x5EB9, 0x5EB5, 0x5EBE, 0x5EB3, 0x8D53, 0x5ED2, 0x5ED1, 0x5EDB, 0x5EE8, 0x5EEA
    dw 0x81BA, 0x5FC4, 0x5FC9, 0x5FD6, 0x5FCF, 0x6003, 0x5FEE, 0x6004, 0x5FE1, 0x5FE4, 0x5FFE, 0x6005
    dw 0x6006, 0x5FEA, 0x5FED, 0x5FF8, 0x6019, 0x6035, 0x6026, 0x601B, 0x600F, 0x600D, 0x6029, 0x602B
    dw 0x600A, 0x603F, 0x6021, 0x6078, 0x6079, 0x607B, 0x607A, 0x6042, 0x9246, 0x9247, 0x9248, 0x9249
    dw 0x924A, 0x924B, 0x924C, 0x924D, 0x924E, 0x924F, 0x9250, 0x9251, 0x9252, 0x9253, 0x9254, 0x9255
    dw 0x9256, 0x9257, 0x9258, 0x9259, 0x925A, 0x925B, 0x925C, 0x925D, 0x925E, 0x925F, 0x9260, 0x9261
    dw 0x9262, 0x9263, 0x9264, 0x9265, 0x9266, 0x9267, 0x9268, 0x9269, 0x926A, 0x926B, 0x926C, 0x926D
    dw 0x926E, 0x926F, 0x9270, 0x9271, 0x9272, 0x9273, 0x9275, 0x9276, 0x9277, 0x9278, 0x9279, 0x927A
    dw 0x927B, 0x927C, 0x927D, 0x927E, 0x927F, 0x9280, 0x9281, 0x9282, 0x9283, 0x9284, 0x9285, 0x9286
    dw 0x9287, 0x9288, 0x9289, 0x928A, 0x928B, 0x928C, 0x928D, 0x928F, 0x9290, 0x9291, 0x9292, 0x9293
    dw 0x9294, 0x9295, 0x9296, 0x9297, 0x9298, 0x9299, 0x929A, 0x929B, 0x929C, 0x929D, 0x929E, 0x929F
    dw 0x92A0, 0x92A1, 0x92A2, 0x92A3, 0x92A4, 0x92A5, 0x92A6, 0x92A7, 0x606A, 0x607D, 0x6096, 0x609A
    dw 0x60AD, 0x609D, 0x6083, 0x6092, 0x608C, 0x609B, 0x60EC, 0x60BB, 0x60B1, 0x60DD, 0x60D8, 0x60C6
    dw 0x60DA, 0x60B4, 0x6120, 0x6126, 0x6115, 0x6123, 0x60F4, 0x6100, 0x610E, 0x612B, 0x614A, 0x6175
    dw 0x61AC, 0x6194, 0x61A7, 0x61B7, 0x61D4, 0x61F5, 0x5FDD, 0x96B3, 0x95E9, 0x95EB, 0x95F1, 0x95F3
    dw 0x95F5, 0x95F6, 0x95FC, 0x95FE, 0x9603, 0x9604, 0x9606, 0x9608, 0x960A, 0x960B, 0x960C, 0x960D
    dw 0x960F, 0x9612, 0x9615, 0x9616, 0x9617, 0x9619, 0x961A, 0x4E2C, 0x723F, 0x6215, 0x6C35, 0x6C54
    dw 0x6C5C, 0x6C4A, 0x6CA3, 0x6C85, 0x6C90, 0x6C94, 0x6C8C, 0x6C68, 0x6C69, 0x6C74, 0x6C76, 0x6C86
    dw 0x6CA9, 0x6CD0, 0x6CD4, 0x6CAD, 0x6CF7, 0x6CF8, 0x6CF1, 0x6CD7, 0x6CB2, 0x6CE0, 0x6CD6, 0x6CFA
    dw 0x6CEB, 0x6CEE, 0x6CB1, 0x6CD3, 0x6CEF, 0x6CFE, 0x92A8, 0x92A9, 0x92AA, 0x92AB, 0x92AC, 0x92AD
    dw 0x92AF, 0x92B0, 0x92B1, 0x92B2, 0x92B3, 0x92B4, 0x92B5, 0x92B6, 0x92B7, 0x92B8, 0x92B9, 0x92BA
    dw 0x92BB, 0x92BC, 0x92BD, 0x92BE, 0x92BF, 0x92C0, 0x92C1, 0x92C2, 0x92C3, 0x92C4, 0x92C5, 0x92C6
    dw 0x92C7, 0x92C9, 0x92CA, 0x92CB, 0x92CC, 0x92CD, 0x92CE, 0x92CF, 0x92D0, 0x92D1, 0x92D2, 0x92D3
    dw 0x92D4, 0x92D5, 0x92D6, 0x92D7, 0x92D8, 0x92D9, 0x92DA, 0x92DB, 0x92DC, 0x92DD, 0x92DE, 0x92DF
    dw 0x92E0, 0x92E1, 0x92E2, 0x92E3, 0x92E4, 0x92E5, 0x92E6, 0x92E7, 0x92E8, 0x92E9, 0x92EA, 0x92EB
    dw 0x92EC, 0x92ED, 0x92EE, 0x92EF, 0x92F0, 0x92F1, 0x92F2, 0x92F3, 0x92F4, 0x92F5, 0x92F6, 0x92F7
    dw 0x92F8, 0x92F9, 0x92FA, 0x92FB, 0x92FC, 0x92FD, 0x92FE, 0x92FF, 0x9300, 0x9301, 0x9302, 0x9303
    dw 0x9304, 0x9305, 0x9306, 0x9307, 0x9308, 0x9309, 0x6D39, 0x6D27, 0x6D0C, 0x6D43, 0x6D48, 0x6D07
    dw 0x6D04, 0x6D19, 0x6D0E, 0x6D2B, 0x6D4D, 0x6D2E, 0x6D35, 0x6D1A, 0x6D4F, 0x6D52, 0x6D54, 0x6D33
    dw 0x6D91, 0x6D6F, 0x6D9E, 0x6DA0, 0x6D5E, 0x6D93, 0x6D94, 0x6D5C, 0x6D60, 0x6D7C, 0x6D63, 0x6E1A
    dw 0x6DC7, 0x6DC5, 0x6DDE, 0x6E0E, 0x6DBF, 0x6DE0, 0x6E11, 0x6DE6, 0x6DDD, 0x6DD9, 0x6E16, 0x6DAB
    dw 0x6E0C, 0x6DAE, 0x6E2B, 0x6E6E, 0x6E4E, 0x6E6B, 0x6EB2, 0x6E5F, 0x6E86, 0x6E53, 0x6E54, 0x6E32
    dw 0x6E25, 0x6E44, 0x6EDF, 0x6EB1, 0x6E98, 0x6EE0, 0x6F2D, 0x6EE2, 0x6EA5, 0x6EA7, 0x6EBD, 0x6EBB
    dw 0x6EB7, 0x6ED7, 0x6EB4, 0x6ECF, 0x6E8F, 0x6EC2, 0x6E9F, 0x6F62, 0x6F46, 0x6F47, 0x6F24, 0x6F15
    dw 0x6EF9, 0x6F2F, 0x6F36, 0x6F4B, 0x6F74, 0x6F2A, 0x6F09, 0x6F29, 0x6F89, 0x6F8D, 0x6F8C, 0x6F78
    dw 0x6F72, 0x6F7C, 0x6F7A, 0x6FD1, 0x930A, 0x930B, 0x930C, 0x930D, 0x930E, 0x930F, 0x9310, 0x9311
    dw 0x9312, 0x9313, 0x9314, 0x9315, 0x9316, 0x9317, 0x9318, 0x9319, 0x931A, 0x931B, 0x931C, 0x931D
    dw 0x931E, 0x931F, 0x9320, 0x9321, 0x9322, 0x9323, 0x9324, 0x9325, 0x9326, 0x9327, 0x9328, 0x9329
    dw 0x932A, 0x932B, 0x932C, 0x932D, 0x932E, 0x932F, 0x9330, 0x9331, 0x9332, 0x9333, 0x9334, 0x9335
    dw 0x9336, 0x9337, 0x9338, 0x9339, 0x933A, 0x933B, 0x933C, 0x933D, 0x933F, 0x9340, 0x9341, 0x9342
    dw 0x9343, 0x9344, 0x9345, 0x9346, 0x9347, 0x9348, 0x9349, 0x934A, 0x934B, 0x934C, 0x934D, 0x934E
    dw 0x934F, 0x9350, 0x9351, 0x9352, 0x9353, 0x9354, 0x9355, 0x9356, 0x9357, 0x9358, 0x9359, 0x935A
    dw 0x935B, 0x935C, 0x935D, 0x935E, 0x935F, 0x9360, 0x9361, 0x9362, 0x9363, 0x9364, 0x9365, 0x9366
    dw 0x9367, 0x9368, 0x9369, 0x936B, 0x6FC9, 0x6FA7, 0x6FB9, 0x6FB6, 0x6FC2, 0x6FE1, 0x6FEE, 0x6FDE
    dw 0x6FE0, 0x6FEF, 0x701A, 0x7023, 0x701B, 0x7039, 0x7035, 0x704F, 0x705E, 0x5B80, 0x5B84, 0x5B95
    dw 0x5B93, 0x5BA5, 0x5BB8, 0x752F, 0x9A9E, 0x6434, 0x5BE4, 0x5BEE, 0x8930, 0x5BF0, 0x8E47, 0x8B07
    dw 0x8FB6, 0x8FD3, 0x8FD5, 0x8FE5, 0x8FEE, 0x8FE4, 0x8FE9, 0x8FE6, 0x8FF3, 0x8FE8, 0x9005, 0x9004
    dw 0x900B, 0x9026, 0x9011, 0x900D, 0x9016, 0x9021, 0x9035, 0x9036, 0x902D, 0x902F, 0x9044, 0x9051
    dw 0x9052, 0x9050, 0x9068, 0x9058, 0x9062, 0x905B, 0x66B9, 0x9074, 0x907D, 0x9082, 0x9088, 0x9083
    dw 0x908B, 0x5F50, 0x5F57, 0x5F56, 0x5F58, 0x5C3B, 0x54AB, 0x5C50, 0x5C59, 0x5B71, 0x5C63, 0x5C66
    dw 0x7FBC, 0x5F2A, 0x5F29, 0x5F2D, 0x8274, 0x5F3C, 0x9B3B, 0x5C6E, 0x5981, 0x5983, 0x598D, 0x59A9
    dw 0x59AA, 0x59A3, 0x936C, 0x936D, 0x936E, 0x936F, 0x9370, 0x9371, 0x9372, 0x9373, 0x9374, 0x9375
    dw 0x9376, 0x9377, 0x9378, 0x9379, 0x937A, 0x937B, 0x937C, 0x937D, 0x937E, 0x937F, 0x9380, 0x9381
    dw 0x9382, 0x9383, 0x9384, 0x9385, 0x9386, 0x9387, 0x9388, 0x9389, 0x938A, 0x938B, 0x938C, 0x938D
    dw 0x938E, 0x9390, 0x9391, 0x9392, 0x9393, 0x9394, 0x9395, 0x9396, 0x9397, 0x9398, 0x9399, 0x939A
    dw 0x939B, 0x939C, 0x939D, 0x939E, 0x939F, 0x93A0, 0x93A1, 0x93A2, 0x93A3, 0x93A4, 0x93A5, 0x93A6
    dw 0x93A7, 0x93A8, 0x93A9, 0x93AA, 0x93AB, 0x93AC, 0x93AD, 0x93AE, 0x93AF, 0x93B0, 0x93B1, 0x93B2
    dw 0x93B3, 0x93B4, 0x93B5, 0x93B6, 0x93B7, 0x93B8, 0x93B9, 0x93BA, 0x93BB, 0x93BC, 0x93BD, 0x93BE
    dw 0x93BF, 0x93C0, 0x93C1, 0x93C2, 0x93C3, 0x93C4, 0x93C5, 0x93C6, 0x93C7, 0x93C8, 0x93C9, 0x93CB
    dw 0x93CC, 0x93CD, 0x5997, 0x59CA, 0x59AB, 0x599E, 0x59A4, 0x59D2, 0x59B2, 0x59AF, 0x59D7, 0x59BE
    dw 0x5A05, 0x5A06, 0x59DD, 0x5A08, 0x59E3, 0x59D8, 0x59F9, 0x5A0C, 0x5A09, 0x5A32, 0x5A34, 0x5A11
    dw 0x5A23, 0x5A13, 0x5A40, 0x5A67, 0x5A4A, 0x5A55, 0x5A3C, 0x5A62, 0x5A75, 0x80EC, 0x5AAA, 0x5A9B
    dw 0x5A77, 0x5A7A, 0x5ABE, 0x5AEB, 0x5AB2, 0x5AD2, 0x5AD4, 0x5AB8, 0x5AE0, 0x5AE3, 0x5AF1, 0x5AD6
    dw 0x5AE6, 0x5AD8, 0x5ADC, 0x5B09, 0x5B17, 0x5B16, 0x5B32, 0x5B37, 0x5B40, 0x5C15, 0x5C1C, 0x5B5A
    dw 0x5B65, 0x5B73, 0x5B51, 0x5B53, 0x5B62, 0x9A75, 0x9A77, 0x9A78, 0x9A7A, 0x9A7F, 0x9A7D, 0x9A80
    dw 0x9A81, 0x9A85, 0x9A88, 0x9A8A, 0x9A90, 0x9A92, 0x9A93, 0x9A96, 0x9A98, 0x9A9B, 0x9A9C, 0x9A9D
    dw 0x9A9F, 0x9AA0, 0x9AA2, 0x9AA3, 0x9AA5, 0x9AA7, 0x7E9F, 0x7EA1, 0x7EA3, 0x7EA5, 0x7EA8, 0x7EA9
    dw 0x93CE, 0x93CF, 0x93D0, 0x93D1, 0x93D2, 0x93D3, 0x93D4, 0x93D5, 0x93D7, 0x93D8, 0x93D9, 0x93DA
    dw 0x93DB, 0x93DC, 0x93DD, 0x93DE, 0x93DF, 0x93E0, 0x93E1, 0x93E2, 0x93E3, 0x93E4, 0x93E5, 0x93E6
    dw 0x93E7, 0x93E8, 0x93E9, 0x93EA, 0x93EB, 0x93EC, 0x93ED, 0x93EE, 0x93EF, 0x93F0, 0x93F1, 0x93F2
    dw 0x93F3, 0x93F4, 0x93F5, 0x93F6, 0x93F7, 0x93F8, 0x93F9, 0x93FA, 0x93FB, 0x93FC, 0x93FD, 0x93FE
    dw 0x93FF, 0x9400, 0x9401, 0x9402, 0x9403, 0x9404, 0x9405, 0x9406, 0x9407, 0x9408, 0x9409, 0x940A
    dw 0x940B, 0x940C, 0x940D, 0x940E, 0x940F, 0x9410, 0x9411, 0x9412, 0x9413, 0x9414, 0x9415, 0x9416
    dw 0x9417, 0x9418, 0x9419, 0x941A, 0x941B, 0x941C, 0x941D, 0x941E, 0x941F, 0x9420, 0x9421, 0x9422
    dw 0x9423, 0x9424, 0x9425, 0x9426, 0x9427, 0x9428, 0x9429, 0x942A, 0x942B, 0x942C, 0x942D, 0x942E
    dw 0x7EAD, 0x7EB0, 0x7EBE, 0x7EC0, 0x7EC1, 0x7EC2, 0x7EC9, 0x7ECB, 0x7ECC, 0x7ED0, 0x7ED4, 0x7ED7
    dw 0x7EDB, 0x7EE0, 0x7EE1, 0x7EE8, 0x7EEB, 0x7EEE, 0x7EEF, 0x7EF1, 0x7EF2, 0x7F0D, 0x7EF6, 0x7EFA
    dw 0x7EFB, 0x7EFE, 0x7F01, 0x7F02, 0x7F03, 0x7F07, 0x7F08, 0x7F0B, 0x7F0C, 0x7F0F, 0x7F11, 0x7F12
    dw 0x7F17, 0x7F19, 0x7F1C, 0x7F1B, 0x7F1F, 0x7F21, 0x7F22, 0x7F23, 0x7F24, 0x7F25, 0x7F26, 0x7F27
    dw 0x7F2A, 0x7F2B, 0x7F2C, 0x7F2D, 0x7F2F, 0x7F30, 0x7F31, 0x7F32, 0x7F33, 0x7F35, 0x5E7A, 0x757F
    dw 0x5DDB, 0x753E, 0x9095, 0x738E, 0x7391, 0x73AE, 0x73A2, 0x739F, 0x73CF, 0x73C2, 0x73D1, 0x73B7
    dw 0x73B3, 0x73C0, 0x73C9, 0x73C8, 0x73E5, 0x73D9, 0x987C, 0x740A, 0x73E9, 0x73E7, 0x73DE, 0x73BA
    dw 0x73F2, 0x740F, 0x742A, 0x745B, 0x7426, 0x7425, 0x7428, 0x7430, 0x742E, 0x742C, 0x942F, 0x9430
    dw 0x9431, 0x9432, 0x9433, 0x9434, 0x9435, 0x9436, 0x9437, 0x9438, 0x9439, 0x943A, 0x943B, 0x943C
    dw 0x943D, 0x943F, 0x9440, 0x9441, 0x9442, 0x9443, 0x9444, 0x9445, 0x9446, 0x9447, 0x9448, 0x9449
    dw 0x944A, 0x944B, 0x944C, 0x944D, 0x944E, 0x944F, 0x9450, 0x9451, 0x9452, 0x9453, 0x9454, 0x9455
    dw 0x9456, 0x9457, 0x9458, 0x9459, 0x945A, 0x945B, 0x945C, 0x945D, 0x945E, 0x945F, 0x9460, 0x9461
    dw 0x9462, 0x9463, 0x9464, 0x9465, 0x9466, 0x9467, 0x9468, 0x9469, 0x946A, 0x946C, 0x946D, 0x946E
    dw 0x946F, 0x9470, 0x9471, 0x9472, 0x9473, 0x9474, 0x9475, 0x9476, 0x9477, 0x9478, 0x9479, 0x947A
    dw 0x947B, 0x947C, 0x947D, 0x947E, 0x947F, 0x9480, 0x9481, 0x9482, 0x9483, 0x9484, 0x9491, 0x9496
    dw 0x9498, 0x94C7, 0x94CF, 0x94D3, 0x94D4, 0x94DA, 0x94E6, 0x94FB, 0x951C, 0x9520, 0x741B, 0x741A
    dw 0x7441, 0x745C, 0x7457, 0x7455, 0x7459, 0x7477, 0x746D, 0x747E, 0x749C, 0x748E, 0x7480, 0x7481
    dw 0x7487, 0x748B, 0x749E, 0x74A8, 0x74A9, 0x7490, 0x74A7, 0x74D2, 0x74BA, 0x97EA, 0x97EB, 0x97EC
    dw 0x674C, 0x6753, 0x675E, 0x6748, 0x6769, 0x67A5, 0x6787, 0x676A, 0x6773, 0x6798, 0x67A7, 0x6775
    dw 0x67A8, 0x679E, 0x67AD, 0x678B, 0x6777, 0x677C, 0x67F0, 0x6809, 0x67D8, 0x680A, 0x67E9, 0x67B0
    dw 0x680C, 0x67D9, 0x67B5, 0x67DA, 0x67B3, 0x67DD, 0x6800, 0x67C3, 0x67B8, 0x67E2, 0x680E, 0x67C1
    dw 0x67FD, 0x6832, 0x6833, 0x6860, 0x6861, 0x684E, 0x6862, 0x6844, 0x6864, 0x6883, 0x681D, 0x6855
    dw 0x6866, 0x6841, 0x6867, 0x6840, 0x683E, 0x684A, 0x6849, 0x6829, 0x68B5, 0x688F, 0x6874, 0x6877
    dw 0x6893, 0x686B, 0x68C2, 0x696E, 0x68FC, 0x691F, 0x6920, 0x68F9, 0x9527, 0x9533, 0x953D, 0x9543
    dw 0x9548, 0x954B, 0x9555, 0x955A, 0x9560, 0x956E, 0x9574, 0x9575, 0x9577, 0x9578, 0x9579, 0x957A
    dw 0x957B, 0x957C, 0x957D, 0x957E, 0x9580, 0x9581, 0x9582, 0x9583, 0x9584, 0x9585, 0x9586, 0x9587
    dw 0x9588, 0x9589, 0x958A, 0x958B, 0x958C, 0x958D, 0x958E, 0x958F, 0x9590, 0x9591, 0x9592, 0x9593
    dw 0x9594, 0x9595, 0x9596, 0x9597, 0x9598, 0x9599, 0x959A, 0x959B, 0x959C, 0x959D, 0x959E, 0x959F
    dw 0x95A0, 0x95A1, 0x95A2, 0x95A3, 0x95A4, 0x95A5, 0x95A6, 0x95A7, 0x95A8, 0x95A9, 0x95AA, 0x95AB
    dw 0x95AC, 0x95AD, 0x95AE, 0x95AF, 0x95B0, 0x95B1, 0x95B2, 0x95B3, 0x95B4, 0x95B5, 0x95B6, 0x95B7
    dw 0x95B8, 0x95B9, 0x95BA, 0x95BB, 0x95BC, 0x95BD, 0x95BE, 0x95BF, 0x95C0, 0x95C1, 0x95C2, 0x95C3
    dw 0x95C4, 0x95C5, 0x95C6, 0x95C7, 0x95C8, 0x95C9, 0x95CA, 0x95CB, 0x6924, 0x68F0, 0x690B, 0x6901
    dw 0x6957, 0x68E3, 0x6910, 0x6971, 0x6939, 0x6960, 0x6942, 0x695D, 0x6984, 0x696B, 0x6980, 0x6998
    dw 0x6978, 0x6934, 0x69CC, 0x6987, 0x6988, 0x69CE, 0x6989, 0x6966, 0x6963, 0x6979, 0x699B, 0x69A7
    dw 0x69BB, 0x69AB, 0x69AD, 0x69D4, 0x69B1, 0x69C1, 0x69CA, 0x69DF, 0x6995, 0x69E0, 0x698D, 0x69FF
    dw 0x6A2F, 0x69ED, 0x6A17, 0x6A18, 0x6A65, 0x69F2, 0x6A44, 0x6A3E, 0x6AA0, 0x6A50, 0x6A5B, 0x6A35
    dw 0x6A8E, 0x6A79, 0x6A3D, 0x6A28, 0x6A58, 0x6A7C, 0x6A91, 0x6A90, 0x6AA9, 0x6A97, 0x6AAB, 0x7337
    dw 0x7352, 0x6B81, 0x6B82, 0x6B87, 0x6B84, 0x6B92, 0x6B93, 0x6B8D, 0x6B9A, 0x6B9B, 0x6BA1, 0x6BAA
    dw 0x8F6B, 0x8F6D, 0x8F71, 0x8F72, 0x8F73, 0x8F75, 0x8F76, 0x8F78, 0x8F77, 0x8F79, 0x8F7A, 0x8F7C
    dw 0x8F7E, 0x8F81, 0x8F82, 0x8F84, 0x8F87, 0x8F8B, 0x95CC, 0x95CD, 0x95CE, 0x95CF, 0x95D0, 0x95D1
    dw 0x95D2, 0x95D3, 0x95D4, 0x95D5, 0x95D6, 0x95D7, 0x95D8, 0x95D9, 0x95DA, 0x95DB, 0x95DC, 0x95DD
    dw 0x95DE, 0x95DF, 0x95E0, 0x95E1, 0x95E2, 0x95E3, 0x95E4, 0x95E5, 0x95E6, 0x95E7, 0x95EC, 0x95FF
    dw 0x9607, 0x9613, 0x9618, 0x961B, 0x961E, 0x9620, 0x9623, 0x9624, 0x9625, 0x9626, 0x9627, 0x9628
    dw 0x9629, 0x962B, 0x962C, 0x962D, 0x962F, 0x9630, 0x9637, 0x9638, 0x9639, 0x963A, 0x963E, 0x9641
    dw 0x9643, 0x964A, 0x964E, 0x964F, 0x9651, 0x9652, 0x9653, 0x9656, 0x9657, 0x9658, 0x9659, 0x965A
    dw 0x965C, 0x965D, 0x965E, 0x9660, 0x9663, 0x9665, 0x9666, 0x966B, 0x966D, 0x966E, 0x966F, 0x9670
    dw 0x9671, 0x9673, 0x9678, 0x9679, 0x967A, 0x967B, 0x967C, 0x967D, 0x967E, 0x967F, 0x9680, 0x9681
    dw 0x9682, 0x9683, 0x9684, 0x9687, 0x9689, 0x968A, 0x8F8D, 0x8F8E, 0x8F8F, 0x8F98, 0x8F9A, 0x8ECE
    dw 0x620B, 0x6217, 0x621B, 0x621F, 0x6222, 0x6221, 0x6225, 0x6224, 0x622C, 0x81E7, 0x74EF, 0x74F4
    dw 0x74FF, 0x750F, 0x7511, 0x7513, 0x6534, 0x65EE, 0x65EF, 0x65F0, 0x660A, 0x6619, 0x6772, 0x6603
    dw 0x6615, 0x6600, 0x7085, 0x66F7, 0x661D, 0x6634, 0x6631, 0x6636, 0x6635, 0x8006, 0x665F, 0x6654
    dw 0x6641, 0x664F, 0x6656, 0x6661, 0x6657, 0x6677, 0x6684, 0x668C, 0x66A7, 0x669D, 0x66BE, 0x66DB
    dw 0x66DC, 0x66E6, 0x66E9, 0x8D32, 0x8D33, 0x8D36, 0x8D3B, 0x8D3D, 0x8D40, 0x8D45, 0x8D46, 0x8D48
    dw 0x8D49, 0x8D47, 0x8D4D, 0x8D55, 0x8D59, 0x89C7, 0x89CA, 0x89CB, 0x89CC, 0x89CE, 0x89CF, 0x89D0
    dw 0x89D1, 0x726E, 0x729F, 0x725D, 0x7266, 0x726F, 0x727E, 0x727F, 0x7284, 0x728B, 0x728D, 0x728F
    dw 0x7292, 0x6308, 0x6332, 0x63B0, 0x968C, 0x968E, 0x9691, 0x9692, 0x9693, 0x9695, 0x9696, 0x969A
    dw 0x969B, 0x969D, 0x969E, 0x969F, 0x96A0, 0x96A1, 0x96A2, 0x96A3, 0x96A4, 0x96A5, 0x96A6, 0x96A8
    dw 0x96A9, 0x96AA, 0x96AB, 0x96AC, 0x96AD, 0x96AE, 0x96AF, 0x96B1, 0x96B2, 0x96B4, 0x96B5, 0x96B7
    dw 0x96B8, 0x96BA, 0x96BB, 0x96BF, 0x96C2, 0x96C3, 0x96C8, 0x96CA, 0x96CB, 0x96D0, 0x96D1, 0x96D3
    dw 0x96D4, 0x96D6, 0x96D7, 0x96D8, 0x96D9, 0x96DA, 0x96DB, 0x96DC, 0x96DD, 0x96DE, 0x96DF, 0x96E1
    dw 0x96E2, 0x96E3, 0x96E4, 0x96E5, 0x96E6, 0x96E7, 0x96EB, 0x96EC, 0x96ED, 0x96EE, 0x96F0, 0x96F1
    dw 0x96F2, 0x96F4, 0x96F5, 0x96F8, 0x96FA, 0x96FB, 0x96FC, 0x96FD, 0x96FF, 0x9702, 0x9703, 0x9705
    dw 0x970A, 0x970B, 0x970C, 0x9710, 0x9711, 0x9712, 0x9714, 0x9715, 0x9717, 0x9718, 0x9719, 0x971A
    dw 0x971B, 0x971D, 0x971F, 0x9720, 0x643F, 0x64D8, 0x8004, 0x6BEA, 0x6BF3, 0x6BFD, 0x6BF5, 0x6BF9
    dw 0x6C05, 0x6C07, 0x6C06, 0x6C0D, 0x6C15, 0x6C18, 0x6C19, 0x6C1A, 0x6C21, 0x6C29, 0x6C24, 0x6C2A
    dw 0x6C32, 0x6535, 0x6555, 0x656B, 0x724D, 0x7252, 0x7256, 0x7230, 0x8662, 0x5216, 0x809F, 0x809C
    dw 0x8093, 0x80BC, 0x670A, 0x80BD, 0x80B1, 0x80AB, 0x80AD, 0x80B4, 0x80B7, 0x80E7, 0x80E8, 0x80E9
    dw 0x80EA, 0x80DB, 0x80C2, 0x80C4, 0x80D9, 0x80CD, 0x80D7, 0x6710, 0x80DD, 0x80EB, 0x80F1, 0x80F4
    dw 0x80ED, 0x810D, 0x810E, 0x80F2, 0x80FC, 0x6715, 0x8112, 0x8C5A, 0x8136, 0x811E, 0x812C, 0x8118
    dw 0x8132, 0x8148, 0x814C, 0x8153, 0x8174, 0x8159, 0x815A, 0x8171, 0x8160, 0x8169, 0x817C, 0x817D
    dw 0x816D, 0x8167, 0x584D, 0x5AB5, 0x8188, 0x8182, 0x8191, 0x6ED5, 0x81A3, 0x81AA, 0x81CC, 0x6726
    dw 0x81CA, 0x81BB, 0x9721, 0x9722, 0x9723, 0x9724, 0x9725, 0x9726, 0x9727, 0x9728, 0x9729, 0x972B
    dw 0x972C, 0x972E, 0x972F, 0x9731, 0x9733, 0x9734, 0x9735, 0x9736, 0x9737, 0x973A, 0x973B, 0x973C
    dw 0x973D, 0x973F, 0x9740, 0x9741, 0x9742, 0x9743, 0x9744, 0x9745, 0x9746, 0x9747, 0x9748, 0x9749
    dw 0x974A, 0x974B, 0x974C, 0x974D, 0x974E, 0x974F, 0x9750, 0x9751, 0x9754, 0x9755, 0x9757, 0x9758
    dw 0x975A, 0x975C, 0x975D, 0x975F, 0x9763, 0x9764, 0x9766, 0x9767, 0x9768, 0x976A, 0x976B, 0x976C
    dw 0x976D, 0x976E, 0x976F, 0x9770, 0x9771, 0x9772, 0x9775, 0x9777, 0x9778, 0x9779, 0x977A, 0x977B
    dw 0x977D, 0x977E, 0x977F, 0x9780, 0x9781, 0x9782, 0x9783, 0x9784, 0x9786, 0x9787, 0x9788, 0x9789
    dw 0x978A, 0x978C, 0x978E, 0x978F, 0x9790, 0x9793, 0x9795, 0x9796, 0x9797, 0x9799, 0x979A, 0x979B
    dw 0x979C, 0x979D, 0x81C1, 0x81A6, 0x6B24, 0x6B37, 0x6B39, 0x6B43, 0x6B46, 0x6B59, 0x98D1, 0x98D2
    dw 0x98D3, 0x98D5, 0x98D9, 0x98DA, 0x6BB3, 0x5F40, 0x6BC2, 0x89F3, 0x6590, 0x9F51, 0x6593, 0x65BC
    dw 0x65C6, 0x65C4, 0x65C3, 0x65CC, 0x65CE, 0x65D2, 0x65D6, 0x7080, 0x709C, 0x7096, 0x709D, 0x70BB
    dw 0x70C0, 0x70B7, 0x70AB, 0x70B1, 0x70E8, 0x70CA, 0x7110, 0x7113, 0x7116, 0x712F, 0x7131, 0x7173
    dw 0x715C, 0x7168, 0x7145, 0x7172, 0x714A, 0x7178, 0x717A, 0x7198, 0x71B3, 0x71B5, 0x71A8, 0x71A0
    dw 0x71E0, 0x71D4, 0x71E7, 0x71F9, 0x721D, 0x7228, 0x706C, 0x7118, 0x7166, 0x71B9, 0x623E, 0x623D
    dw 0x6243, 0x6248, 0x6249, 0x793B, 0x7940, 0x7946, 0x7949, 0x795B, 0x795C, 0x7953, 0x795A, 0x7962
    dw 0x7957, 0x7960, 0x796F, 0x7967, 0x797A, 0x7985, 0x798A, 0x799A, 0x79A7, 0x79B3, 0x5FD1, 0x5FD0
    dw 0x979E, 0x979F, 0x97A1, 0x97A2, 0x97A4, 0x97A5, 0x97A6, 0x97A7, 0x97A8, 0x97A9, 0x97AA, 0x97AC
    dw 0x97AE, 0x97B0, 0x97B1, 0x97B3, 0x97B5, 0x97B6, 0x97B7, 0x97B8, 0x97B9, 0x97BA, 0x97BB, 0x97BC
    dw 0x97BD, 0x97BE, 0x97BF, 0x97C0, 0x97C1, 0x97C2, 0x97C3, 0x97C4, 0x97C5, 0x97C6, 0x97C7, 0x97C8
    dw 0x97C9, 0x97CA, 0x97CB, 0x97CC, 0x97CD, 0x97CE, 0x97CF, 0x97D0, 0x97D1, 0x97D2, 0x97D3, 0x97D4
    dw 0x97D5, 0x97D6, 0x97D7, 0x97D8, 0x97D9, 0x97DA, 0x97DB, 0x97DC, 0x97DD, 0x97DE, 0x97DF, 0x97E0
    dw 0x97E1, 0x97E2, 0x97E3, 0x97E4, 0x97E5, 0x97E8, 0x97EE, 0x97EF, 0x97F0, 0x97F1, 0x97F2, 0x97F4
    dw 0x97F7, 0x97F8, 0x97F9, 0x97FA, 0x97FB, 0x97FC, 0x97FD, 0x97FE, 0x97FF, 0x9800, 0x9801, 0x9802
    dw 0x9803, 0x9804, 0x9805, 0x9806, 0x9807, 0x9808, 0x9809, 0x980A, 0x980B, 0x980C, 0x980D, 0x980E
    dw 0x603C, 0x605D, 0x605A, 0x6067, 0x6041, 0x6059, 0x6063, 0x60AB, 0x6106, 0x610D, 0x615D, 0x61A9
    dw 0x619D, 0x61CB, 0x61D1, 0x6206, 0x8080, 0x807F, 0x6C93, 0x6CF6, 0x6DFC, 0x77F6, 0x77F8, 0x7800
    dw 0x7809, 0x7817, 0x7818, 0x7811, 0x65AB, 0x782D, 0x781C, 0x781D, 0x7839, 0x783A, 0x783B, 0x781F
    dw 0x783C, 0x7825, 0x782C, 0x7823, 0x7829, 0x784E, 0x786D, 0x7856, 0x7857, 0x7826, 0x7850, 0x7847
    dw 0x784C, 0x786A, 0x789B, 0x7893, 0x789A, 0x7887, 0x789C, 0x78A1, 0x78A3, 0x78B2, 0x78B9, 0x78A5
    dw 0x78D4, 0x78D9, 0x78C9, 0x78EC, 0x78F2, 0x7905, 0x78F4, 0x7913, 0x7924, 0x791E, 0x7934, 0x9F9B
    dw 0x9EF9, 0x9EFB, 0x9EFC, 0x76F1, 0x7704, 0x770D, 0x76F9, 0x7707, 0x7708, 0x771A, 0x7722, 0x7719
    dw 0x772D, 0x7726, 0x7735, 0x7738, 0x7750, 0x7751, 0x7747, 0x7743, 0x775A, 0x7768, 0x980F, 0x9810
    dw 0x9811, 0x9812, 0x9813, 0x9814, 0x9815, 0x9816, 0x9817, 0x9818, 0x9819, 0x981A, 0x981B, 0x981C
    dw 0x981D, 0x981E, 0x981F, 0x9820, 0x9821, 0x9822, 0x9823, 0x9824, 0x9825, 0x9826, 0x9827, 0x9828
    dw 0x9829, 0x982A, 0x982B, 0x982C, 0x982D, 0x982E, 0x982F, 0x9830, 0x9831, 0x9832, 0x9833, 0x9834
    dw 0x9835, 0x9836, 0x9837, 0x9838, 0x9839, 0x983A, 0x983B, 0x983C, 0x983D, 0x983E, 0x983F, 0x9840
    dw 0x9841, 0x9842, 0x9843, 0x9844, 0x9845, 0x9846, 0x9847, 0x9848, 0x9849, 0x984A, 0x984B, 0x984C
    dw 0x984D, 0x984E, 0x984F, 0x9850, 0x9851, 0x9852, 0x9853, 0x9854, 0x9855, 0x9856, 0x9857, 0x9858
    dw 0x9859, 0x985A, 0x985B, 0x985C, 0x985D, 0x985E, 0x985F, 0x9860, 0x9861, 0x9862, 0x9863, 0x9864
    dw 0x9865, 0x9866, 0x9867, 0x9868, 0x9869, 0x986A, 0x986B, 0x986C, 0x986D, 0x986E, 0x7762, 0x7765
    dw 0x777F, 0x778D, 0x777D, 0x7780, 0x778C, 0x7791, 0x779F, 0x77A0, 0x77B0, 0x77B5, 0x77BD, 0x753A
    dw 0x7540, 0x754E, 0x754B, 0x7548, 0x755B, 0x7572, 0x7579, 0x7583, 0x7F58, 0x7F61, 0x7F5F, 0x8A48
    dw 0x7F68, 0x7F74, 0x7F71, 0x7F79, 0x7F81, 0x7F7E, 0x76CD, 0x76E5, 0x8832, 0x9485, 0x9486, 0x9487
    dw 0x948B, 0x948A, 0x948C, 0x948D, 0x948F, 0x9490, 0x9494, 0x9497, 0x9495, 0x949A, 0x949B, 0x949C
    dw 0x94A3, 0x94A4, 0x94AB, 0x94AA, 0x94AD, 0x94AC, 0x94AF, 0x94B0, 0x94B2, 0x94B4, 0x94B6, 0x94B7
    dw 0x94B8, 0x94B9, 0x94BA, 0x94BC, 0x94BD, 0x94BF, 0x94C4, 0x94C8, 0x94C9, 0x94CA, 0x94CB, 0x94CC
    dw 0x94CD, 0x94CE, 0x94D0, 0x94D1, 0x94D2, 0x94D5, 0x94D6, 0x94D7, 0x94D9, 0x94D8, 0x94DB, 0x94DE
    dw 0x94DF, 0x94E0, 0x94E2, 0x94E4, 0x94E5, 0x94E7, 0x94E8, 0x94EA, 0x986F, 0x9870, 0x9871, 0x9872
    dw 0x9873, 0x9874, 0x988B, 0x988E, 0x9892, 0x9895, 0x9899, 0x98A3, 0x98A8, 0x98A9, 0x98AA, 0x98AB
    dw 0x98AC, 0x98AD, 0x98AE, 0x98AF, 0x98B0, 0x98B1, 0x98B2, 0x98B3, 0x98B4, 0x98B5, 0x98B6, 0x98B7
    dw 0x98B8, 0x98B9, 0x98BA, 0x98BB, 0x98BC, 0x98BD, 0x98BE, 0x98BF, 0x98C0, 0x98C1, 0x98C2, 0x98C3
    dw 0x98C4, 0x98C5, 0x98C6, 0x98C7, 0x98C8, 0x98C9, 0x98CA, 0x98CB, 0x98CC, 0x98CD, 0x98CF, 0x98D0
    dw 0x98D4, 0x98D6, 0x98D7, 0x98DB, 0x98DC, 0x98DD, 0x98E0, 0x98E1, 0x98E2, 0x98E3, 0x98E4, 0x98E5
    dw 0x98E6, 0x98E9, 0x98EA, 0x98EB, 0x98EC, 0x98ED, 0x98EE, 0x98EF, 0x98F0, 0x98F1, 0x98F2, 0x98F3
    dw 0x98F4, 0x98F5, 0x98F6, 0x98F7, 0x98F8, 0x98F9, 0x98FA, 0x98FB, 0x98FC, 0x98FD, 0x98FE, 0x98FF
    dw 0x9900, 0x9901, 0x9902, 0x9903, 0x9904, 0x9905, 0x9906, 0x9907, 0x94E9, 0x94EB, 0x94EE, 0x94EF
    dw 0x94F3, 0x94F4, 0x94F5, 0x94F7, 0x94F9, 0x94FC, 0x94FD, 0x94FF, 0x9503, 0x9502, 0x9506, 0x9507
    dw 0x9509, 0x950A, 0x950D, 0x950E, 0x950F, 0x9512, 0x9513, 0x9514, 0x9515, 0x9516, 0x9518, 0x951B
    dw 0x951D, 0x951E, 0x951F, 0x9522, 0x952A, 0x952B, 0x9529, 0x952C, 0x9531, 0x9532, 0x9534, 0x9536
    dw 0x9537, 0x9538, 0x953C, 0x953E, 0x953F, 0x9542, 0x9535, 0x9544, 0x9545, 0x9546, 0x9549, 0x954C
    dw 0x954E, 0x954F, 0x9552, 0x9553, 0x9554, 0x9556, 0x9557, 0x9558, 0x9559, 0x955B, 0x955E, 0x955F
    dw 0x955D, 0x9561, 0x9562, 0x9564, 0x9565, 0x9566, 0x9567, 0x9568, 0x9569, 0x956A, 0x956B, 0x956C
    dw 0x956F, 0x9571, 0x9572, 0x9573, 0x953A, 0x77E7, 0x77EC, 0x96C9, 0x79D5, 0x79ED, 0x79E3, 0x79EB
    dw 0x7A06, 0x5D47, 0x7A03, 0x7A02, 0x7A1E, 0x7A14, 0x9908, 0x9909, 0x990A, 0x990B, 0x990C, 0x990E
    dw 0x990F, 0x9911, 0x9912, 0x9913, 0x9914, 0x9915, 0x9916, 0x9917, 0x9918, 0x9919, 0x991A, 0x991B
    dw 0x991C, 0x991D, 0x991E, 0x991F, 0x9920, 0x9921, 0x9922, 0x9923, 0x9924, 0x9925, 0x9926, 0x9927
    dw 0x9928, 0x9929, 0x992A, 0x992B, 0x992C, 0x992D, 0x992F, 0x9930, 0x9931, 0x9932, 0x9933, 0x9934
    dw 0x9935, 0x9936, 0x9937, 0x9938, 0x9939, 0x993A, 0x993B, 0x993C, 0x993D, 0x993E, 0x993F, 0x9940
    dw 0x9941, 0x9942, 0x9943, 0x9944, 0x9945, 0x9946, 0x9947, 0x9948, 0x9949, 0x994A, 0x994B, 0x994C
    dw 0x994D, 0x994E, 0x994F, 0x9950, 0x9951, 0x9952, 0x9953, 0x9956, 0x9957, 0x9958, 0x9959, 0x995A
    dw 0x995B, 0x995C, 0x995D, 0x995E, 0x995F, 0x9960, 0x9961, 0x9962, 0x9964, 0x9966, 0x9973, 0x9978
    dw 0x9979, 0x997B, 0x997E, 0x9982, 0x9983, 0x9989, 0x7A39, 0x7A37, 0x7A51, 0x9ECF, 0x99A5, 0x7A70
    dw 0x7688, 0x768E, 0x7693, 0x7699, 0x76A4, 0x74DE, 0x74E0, 0x752C, 0x9E20, 0x9E22, 0x9E28, 0x9E29
    dw 0x9E2A, 0x9E2B, 0x9E2C, 0x9E32, 0x9E31, 0x9E36, 0x9E38, 0x9E37, 0x9E39, 0x9E3A, 0x9E3E, 0x9E41
    dw 0x9E42, 0x9E44, 0x9E46, 0x9E47, 0x9E48, 0x9E49, 0x9E4B, 0x9E4C, 0x9E4E, 0x9E51, 0x9E55, 0x9E57
    dw 0x9E5A, 0x9E5B, 0x9E5C, 0x9E5E, 0x9E63, 0x9E66, 0x9E67, 0x9E68, 0x9E69, 0x9E6A, 0x9E6B, 0x9E6C
    dw 0x9E71, 0x9E6D, 0x9E73, 0x7592, 0x7594, 0x7596, 0x75A0, 0x759D, 0x75AC, 0x75A3, 0x75B3, 0x75B4
    dw 0x75B8, 0x75C4, 0x75B1, 0x75B0, 0x75C3, 0x75C2, 0x75D6, 0x75CD, 0x75E3, 0x75E8, 0x75E6, 0x75E4
    dw 0x75EB, 0x75E7, 0x7603, 0x75F1, 0x75FC, 0x75FF, 0x7610, 0x7600, 0x7605, 0x760C, 0x7617, 0x760A
    dw 0x7625, 0x7618, 0x7615, 0x7619, 0x998C, 0x998E, 0x999A, 0x999B, 0x999C, 0x999D, 0x999E, 0x999F
    dw 0x99A0, 0x99A1, 0x99A2, 0x99A3, 0x99A4, 0x99A6, 0x99A7, 0x99A9, 0x99AA, 0x99AB, 0x99AC, 0x99AD
    dw 0x99AE, 0x99AF, 0x99B0, 0x99B1, 0x99B2, 0x99B3, 0x99B4, 0x99B5, 0x99B6, 0x99B7, 0x99B8, 0x99B9
    dw 0x99BA, 0x99BB, 0x99BC, 0x99BD, 0x99BE, 0x99BF, 0x99C0, 0x99C1, 0x99C2, 0x99C3, 0x99C4, 0x99C5
    dw 0x99C6, 0x99C7, 0x99C8, 0x99C9, 0x99CA, 0x99CB, 0x99CC, 0x99CD, 0x99CE, 0x99CF, 0x99D0, 0x99D1
    dw 0x99D2, 0x99D3, 0x99D4, 0x99D5, 0x99D6, 0x99D7, 0x99D8, 0x99D9, 0x99DA, 0x99DB, 0x99DC, 0x99DD
    dw 0x99DE, 0x99DF, 0x99E0, 0x99E1, 0x99E2, 0x99E3, 0x99E4, 0x99E5, 0x99E6, 0x99E7, 0x99E8, 0x99E9
    dw 0x99EA, 0x99EB, 0x99EC, 0x99ED, 0x99EE, 0x99EF, 0x99F0, 0x99F1, 0x99F2, 0x99F3, 0x99F4, 0x99F5
    dw 0x99F6, 0x99F7, 0x99F8, 0x99F9, 0x761B, 0x763C, 0x7622, 0x7620, 0x7640, 0x762D, 0x7630, 0x763F
    dw 0x7635, 0x7643, 0x763E, 0x7633, 0x764D, 0x765E, 0x7654, 0x765C, 0x7656, 0x766B, 0x766F, 0x7FCA
    dw 0x7AE6, 0x7A78, 0x7A79, 0x7A80, 0x7A86, 0x7A88, 0x7A95, 0x7AA6, 0x7AA0, 0x7AAC, 0x7AA8, 0x7AAD
    dw 0x7AB3, 0x8864, 0x8869, 0x8872, 0x887D, 0x887F, 0x8882, 0x88A2, 0x88C6, 0x88B7, 0x88BC, 0x88C9
    dw 0x88E2, 0x88CE, 0x88E3, 0x88E5, 0x88F1, 0x891A, 0x88FC, 0x88E8, 0x88FE, 0x88F0, 0x8921, 0x8919
    dw 0x8913, 0x891B, 0x890A, 0x8934, 0x892B, 0x8936, 0x8941, 0x8966, 0x897B, 0x758B, 0x80E5, 0x76B2
    dw 0x76B4, 0x77DC, 0x8012, 0x8014, 0x8016, 0x801C, 0x8020, 0x8022, 0x8025, 0x8026, 0x8027, 0x8029
    dw 0x8028, 0x8031, 0x800B, 0x8035, 0x8043, 0x8046, 0x804D, 0x8052, 0x8069, 0x8071, 0x8983, 0x9878
    dw 0x9880, 0x9883, 0x99FA, 0x99FB, 0x99FC, 0x99FD, 0x99FE, 0x99FF, 0x9A00, 0x9A01, 0x9A02, 0x9A03
    dw 0x9A04, 0x9A05, 0x9A06, 0x9A07, 0x9A08, 0x9A09, 0x9A0A, 0x9A0B, 0x9A0C, 0x9A0D, 0x9A0E, 0x9A0F
    dw 0x9A10, 0x9A11, 0x9A12, 0x9A13, 0x9A14, 0x9A15, 0x9A16, 0x9A17, 0x9A18, 0x9A19, 0x9A1A, 0x9A1B
    dw 0x9A1C, 0x9A1D, 0x9A1E, 0x9A1F, 0x9A20, 0x9A21, 0x9A22, 0x9A23, 0x9A24, 0x9A25, 0x9A26, 0x9A27
    dw 0x9A28, 0x9A29, 0x9A2A, 0x9A2B, 0x9A2C, 0x9A2D, 0x9A2E, 0x9A2F, 0x9A30, 0x9A31, 0x9A32, 0x9A33
    dw 0x9A34, 0x9A35, 0x9A36, 0x9A37, 0x9A38, 0x9A39, 0x9A3A, 0x9A3B, 0x9A3C, 0x9A3D, 0x9A3E, 0x9A3F
    dw 0x9A40, 0x9A41, 0x9A42, 0x9A43, 0x9A44, 0x9A45, 0x9A46, 0x9A47, 0x9A48, 0x9A49, 0x9A4A, 0x9A4B
    dw 0x9A4C, 0x9A4D, 0x9A4E, 0x9A4F, 0x9A50, 0x9A51, 0x9A52, 0x9A53, 0x9A54, 0x9A55, 0x9A56, 0x9A57
    dw 0x9A58, 0x9A59, 0x9889, 0x988C, 0x988D, 0x988F, 0x9894, 0x989A, 0x989B, 0x989E, 0x989F, 0x98A1
    dw 0x98A2, 0x98A5, 0x98A6, 0x864D, 0x8654, 0x866C, 0x866E, 0x867F, 0x867A, 0x867C, 0x867B, 0x86A8
    dw 0x868D, 0x868B, 0x86AC, 0x869D, 0x86A7, 0x86A3, 0x86AA, 0x8693, 0x86A9, 0x86B6, 0x86C4, 0x86B5
    dw 0x86CE, 0x86B0, 0x86BA, 0x86B1, 0x86AF, 0x86C9, 0x86CF, 0x86B4, 0x86E9, 0x86F1, 0x86F2, 0x86ED
    dw 0x86F3, 0x86D0, 0x8713, 0x86DE, 0x86F4, 0x86DF, 0x86D8, 0x86D1, 0x8703, 0x8707, 0x86F8, 0x8708
    dw 0x870A, 0x870D, 0x8709, 0x8723, 0x873B, 0x871E, 0x8725, 0x872E, 0x871A, 0x873E, 0x8748, 0x8734
    dw 0x8731, 0x8729, 0x8737, 0x873F, 0x8782, 0x8722, 0x877D, 0x877E, 0x877B, 0x8760, 0x8770, 0x874C
    dw 0x876E, 0x878B, 0x8753, 0x8763, 0x877C, 0x8764, 0x8759, 0x8765, 0x8793, 0x87AF, 0x87A8, 0x87D2
    dw 0x9A5A, 0x9A5B, 0x9A5C, 0x9A5D, 0x9A5E, 0x9A5F, 0x9A60, 0x9A61, 0x9A62, 0x9A63, 0x9A64, 0x9A65
    dw 0x9A66, 0x9A67, 0x9A68, 0x9A69, 0x9A6A, 0x9A6B, 0x9A72, 0x9A83, 0x9A89, 0x9A8D, 0x9A8E, 0x9A94
    dw 0x9A95, 0x9A99, 0x9AA6, 0x9AA9, 0x9AAA, 0x9AAB, 0x9AAC, 0x9AAD, 0x9AAE, 0x9AAF, 0x9AB2, 0x9AB3
    dw 0x9AB4, 0x9AB5, 0x9AB9, 0x9ABB, 0x9ABD, 0x9ABE, 0x9ABF, 0x9AC3, 0x9AC4, 0x9AC6, 0x9AC7, 0x9AC8
    dw 0x9AC9, 0x9ACA, 0x9ACD, 0x9ACE, 0x9ACF, 0x9AD0, 0x9AD2, 0x9AD4, 0x9AD5, 0x9AD6, 0x9AD7, 0x9AD9
    dw 0x9ADA, 0x9ADB, 0x9ADC, 0x9ADD, 0x9ADE, 0x9AE0, 0x9AE2, 0x9AE3, 0x9AE4, 0x9AE5, 0x9AE7, 0x9AE8
    dw 0x9AE9, 0x9AEA, 0x9AEC, 0x9AEE, 0x9AF0, 0x9AF1, 0x9AF2, 0x9AF3, 0x9AF4, 0x9AF5, 0x9AF6, 0x9AF7
    dw 0x9AF8, 0x9AFA, 0x9AFC, 0x9AFD, 0x9AFE, 0x9AFF, 0x9B00, 0x9B01, 0x9B02, 0x9B04, 0x9B05, 0x9B06
    dw 0x87C6, 0x8788, 0x8785, 0x87AD, 0x8797, 0x8783, 0x87AB, 0x87E5, 0x87AC, 0x87B5, 0x87B3, 0x87CB
    dw 0x87D3, 0x87BD, 0x87D1, 0x87C0, 0x87CA, 0x87DB, 0x87EA, 0x87E0, 0x87EE, 0x8816, 0x8813, 0x87FE
    dw 0x880A, 0x881B, 0x8821, 0x8839, 0x883C, 0x7F36, 0x7F42, 0x7F44, 0x7F45, 0x8210, 0x7AFA, 0x7AFD
    dw 0x7B08, 0x7B03, 0x7B04, 0x7B15, 0x7B0A, 0x7B2B, 0x7B0F, 0x7B47, 0x7B38, 0x7B2A, 0x7B19, 0x7B2E
    dw 0x7B31, 0x7B20, 0x7B25, 0x7B24, 0x7B33, 0x7B3E, 0x7B1E, 0x7B58, 0x7B5A, 0x7B45, 0x7B75, 0x7B4C
    dw 0x7B5D, 0x7B60, 0x7B6E, 0x7B7B, 0x7B62, 0x7B72, 0x7B71, 0x7B90, 0x7BA6, 0x7BA7, 0x7BB8, 0x7BAC
    dw 0x7B9D, 0x7BA8, 0x7B85, 0x7BAA, 0x7B9C, 0x7BA2, 0x7BAB, 0x7BB4, 0x7BD1, 0x7BC1, 0x7BCC, 0x7BDD
    dw 0x7BDA, 0x7BE5, 0x7BE6, 0x7BEA, 0x7C0C, 0x7BFE, 0x7BFC, 0x7C0F, 0x7C16, 0x7C0B, 0x9B07, 0x9B09
    dw 0x9B0A, 0x9B0B, 0x9B0C, 0x9B0D, 0x9B0E, 0x9B10, 0x9B11, 0x9B12, 0x9B14, 0x9B15, 0x9B16, 0x9B17
    dw 0x9B18, 0x9B19, 0x9B1A, 0x9B1B, 0x9B1C, 0x9B1D, 0x9B1E, 0x9B20, 0x9B21, 0x9B22, 0x9B24, 0x9B25
    dw 0x9B26, 0x9B27, 0x9B28, 0x9B29, 0x9B2A, 0x9B2B, 0x9B2C, 0x9B2D, 0x9B2E, 0x9B30, 0x9B31, 0x9B33
    dw 0x9B34, 0x9B35, 0x9B36, 0x9B37, 0x9B38, 0x9B39, 0x9B3A, 0x9B3D, 0x9B3E, 0x9B3F, 0x9B40, 0x9B46
    dw 0x9B4A, 0x9B4B, 0x9B4C, 0x9B4E, 0x9B50, 0x9B52, 0x9B53, 0x9B55, 0x9B56, 0x9B57, 0x9B58, 0x9B59
    dw 0x9B5A, 0x9B5B, 0x9B5C, 0x9B5D, 0x9B5E, 0x9B5F, 0x9B60, 0x9B61, 0x9B62, 0x9B63, 0x9B64, 0x9B65
    dw 0x9B66, 0x9B67, 0x9B68, 0x9B69, 0x9B6A, 0x9B6B, 0x9B6C, 0x9B6D, 0x9B6E, 0x9B6F, 0x9B70, 0x9B71
    dw 0x9B72, 0x9B73, 0x9B74, 0x9B75, 0x9B76, 0x9B77, 0x9B78, 0x9B79, 0x9B7A, 0x9B7B, 0x7C1F, 0x7C2A
    dw 0x7C26, 0x7C38, 0x7C41, 0x7C40, 0x81FE, 0x8201, 0x8202, 0x8204, 0x81EC, 0x8844, 0x8221, 0x8222
    dw 0x8223, 0x822D, 0x822F, 0x8228, 0x822B, 0x8238, 0x823B, 0x8233, 0x8234, 0x823E, 0x8244, 0x8249
    dw 0x824B, 0x824F, 0x825A, 0x825F, 0x8268, 0x887E, 0x8885, 0x8888, 0x88D8, 0x88DF, 0x895E, 0x7F9D
    dw 0x7F9F, 0x7FA7, 0x7FAF, 0x7FB0, 0x7FB2, 0x7C7C, 0x6549, 0x7C91, 0x7C9D, 0x7C9C, 0x7C9E, 0x7CA2
    dw 0x7CB2, 0x7CBC, 0x7CBD, 0x7CC1, 0x7CC7, 0x7CCC, 0x7CCD, 0x7CC8, 0x7CC5, 0x7CD7, 0x7CE8, 0x826E
    dw 0x66A8, 0x7FBF, 0x7FCE, 0x7FD5, 0x7FE5, 0x7FE1, 0x7FE6, 0x7FE9, 0x7FEE, 0x7FF3, 0x7CF8, 0x7D77
    dw 0x7DA6, 0x7DAE, 0x7E47, 0x7E9B, 0x9EB8, 0x9EB4, 0x8D73, 0x8D84, 0x8D94, 0x8D91, 0x8DB1, 0x8D67
    dw 0x8D6D, 0x8C47, 0x8C49, 0x914A, 0x9150, 0x914E, 0x914F, 0x9164, 0x9B7C, 0x9B7D, 0x9B7E, 0x9B7F
    dw 0x9B80, 0x9B81, 0x9B82, 0x9B83, 0x9B84, 0x9B85, 0x9B86, 0x9B87, 0x9B88, 0x9B89, 0x9B8A, 0x9B8B
    dw 0x9B8C, 0x9B8D, 0x9B8E, 0x9B8F, 0x9B90, 0x9B91, 0x9B92, 0x9B93, 0x9B94, 0x9B95, 0x9B96, 0x9B97
    dw 0x9B98, 0x9B99, 0x9B9A, 0x9B9B, 0x9B9C, 0x9B9D, 0x9B9E, 0x9B9F, 0x9BA0, 0x9BA1, 0x9BA2, 0x9BA3
    dw 0x9BA4, 0x9BA5, 0x9BA6, 0x9BA7, 0x9BA8, 0x9BA9, 0x9BAA, 0x9BAB, 0x9BAC, 0x9BAD, 0x9BAE, 0x9BAF
    dw 0x9BB0, 0x9BB1, 0x9BB2, 0x9BB3, 0x9BB4, 0x9BB5, 0x9BB6, 0x9BB7, 0x9BB8, 0x9BB9, 0x9BBA, 0x9BBB
    dw 0x9BBC, 0x9BBD, 0x9BBE, 0x9BBF, 0x9BC0, 0x9BC1, 0x9BC2, 0x9BC3, 0x9BC4, 0x9BC5, 0x9BC6, 0x9BC7
    dw 0x9BC8, 0x9BC9, 0x9BCA, 0x9BCB, 0x9BCC, 0x9BCD, 0x9BCE, 0x9BCF, 0x9BD0, 0x9BD1, 0x9BD2, 0x9BD3
    dw 0x9BD4, 0x9BD5, 0x9BD6, 0x9BD7, 0x9BD8, 0x9BD9, 0x9BDA, 0x9BDB, 0x9162, 0x9161, 0x9170, 0x9169
    dw 0x916F, 0x917D, 0x917E, 0x9172, 0x9174, 0x9179, 0x918C, 0x9185, 0x9190, 0x918D, 0x9191, 0x91A2
    dw 0x91A3, 0x91AA, 0x91AD, 0x91AE, 0x91AF, 0x91B5, 0x91B4, 0x91BA, 0x8C55, 0x9E7E, 0x8DB8, 0x8DEB
    dw 0x8E05, 0x8E59, 0x8E69, 0x8DB5, 0x8DBF, 0x8DBC, 0x8DBA, 0x8DC4, 0x8DD6, 0x8DD7, 0x8DDA, 0x8DDE
    dw 0x8DCE, 0x8DCF, 0x8DDB, 0x8DC6, 0x8DEC, 0x8DF7, 0x8DF8, 0x8DE3, 0x8DF9, 0x8DFB, 0x8DE4, 0x8E09
    dw 0x8DFD, 0x8E14, 0x8E1D, 0x8E1F, 0x8E2C, 0x8E2E, 0x8E23, 0x8E2F, 0x8E3A, 0x8E40, 0x8E39, 0x8E35
    dw 0x8E3D, 0x8E31, 0x8E49, 0x8E41, 0x8E42, 0x8E51, 0x8E52, 0x8E4A, 0x8E70, 0x8E76, 0x8E7C, 0x8E6F
    dw 0x8E74, 0x8E85, 0x8E8F, 0x8E94, 0x8E90, 0x8E9C, 0x8E9E, 0x8C78, 0x8C82, 0x8C8A, 0x8C85, 0x8C98
    dw 0x8C94, 0x659B, 0x89D6, 0x89DE, 0x89DA, 0x89DC, 0x9BDC, 0x9BDD, 0x9BDE, 0x9BDF, 0x9BE0, 0x9BE1
    dw 0x9BE2, 0x9BE3, 0x9BE4, 0x9BE5, 0x9BE6, 0x9BE7, 0x9BE8, 0x9BE9, 0x9BEA, 0x9BEB, 0x9BEC, 0x9BED
    dw 0x9BEE, 0x9BEF, 0x9BF0, 0x9BF1, 0x9BF2, 0x9BF3, 0x9BF4, 0x9BF5, 0x9BF6, 0x9BF7, 0x9BF8, 0x9BF9
    dw 0x9BFA, 0x9BFB, 0x9BFC, 0x9BFD, 0x9BFE, 0x9BFF, 0x9C00, 0x9C01, 0x9C02, 0x9C03, 0x9C04, 0x9C05
    dw 0x9C06, 0x9C07, 0x9C08, 0x9C09, 0x9C0A, 0x9C0B, 0x9C0C, 0x9C0D, 0x9C0E, 0x9C0F, 0x9C10, 0x9C11
    dw 0x9C12, 0x9C13, 0x9C14, 0x9C15, 0x9C16, 0x9C17, 0x9C18, 0x9C19, 0x9C1A, 0x9C1B, 0x9C1C, 0x9C1D
    dw 0x9C1E, 0x9C1F, 0x9C20, 0x9C21, 0x9C22, 0x9C23, 0x9C24, 0x9C25, 0x9C26, 0x9C27, 0x9C28, 0x9C29
    dw 0x9C2A, 0x9C2B, 0x9C2C, 0x9C2D, 0x9C2E, 0x9C2F, 0x9C30, 0x9C31, 0x9C32, 0x9C33, 0x9C34, 0x9C35
    dw 0x9C36, 0x9C37, 0x9C38, 0x9C39, 0x9C3A, 0x9C3B, 0x89E5, 0x89EB, 0x89EF, 0x8A3E, 0x8B26, 0x9753
    dw 0x96E9, 0x96F3, 0x96EF, 0x9706, 0x9701, 0x9708, 0x970F, 0x970E, 0x972A, 0x972D, 0x9730, 0x973E
    dw 0x9F80, 0x9F83, 0x9F85, 0x9F86, 0x9F87, 0x9F88, 0x9F89, 0x9F8A, 0x9F8C, 0x9EFE, 0x9F0B, 0x9F0D
    dw 0x96B9, 0x96BC, 0x96BD, 0x96CE, 0x96D2, 0x77BF, 0x96E0, 0x928E, 0x92AE, 0x92C8, 0x933E, 0x936A
    dw 0x93CA, 0x938F, 0x943E, 0x946B, 0x9C7F, 0x9C82, 0x9C85, 0x9C86, 0x9C87, 0x9C88, 0x7A23, 0x9C8B
    dw 0x9C8E, 0x9C90, 0x9C91, 0x9C92, 0x9C94, 0x9C95, 0x9C9A, 0x9C9B, 0x9C9E, 0x9C9F, 0x9CA0, 0x9CA1
    dw 0x9CA2, 0x9CA3, 0x9CA5, 0x9CA6, 0x9CA7, 0x9CA8, 0x9CA9, 0x9CAB, 0x9CAD, 0x9CAE, 0x9CB0, 0x9CB1
    dw 0x9CB2, 0x9CB3, 0x9CB4, 0x9CB5, 0x9CB6, 0x9CB7, 0x9CBA, 0x9CBB, 0x9CBC, 0x9CBD, 0x9CC4, 0x9CC5
    dw 0x9CC6, 0x9CC7, 0x9CCA, 0x9CCB, 0x9C3C, 0x9C3D, 0x9C3E, 0x9C3F, 0x9C40, 0x9C41, 0x9C42, 0x9C43
    dw 0x9C44, 0x9C45, 0x9C46, 0x9C47, 0x9C48, 0x9C49, 0x9C4A, 0x9C4B, 0x9C4C, 0x9C4D, 0x9C4E, 0x9C4F
    dw 0x9C50, 0x9C51, 0x9C52, 0x9C53, 0x9C54, 0x9C55, 0x9C56, 0x9C57, 0x9C58, 0x9C59, 0x9C5A, 0x9C5B
    dw 0x9C5C, 0x9C5D, 0x9C5E, 0x9C5F, 0x9C60, 0x9C61, 0x9C62, 0x9C63, 0x9C64, 0x9C65, 0x9C66, 0x9C67
    dw 0x9C68, 0x9C69, 0x9C6A, 0x9C6B, 0x9C6C, 0x9C6D, 0x9C6E, 0x9C6F, 0x9C70, 0x9C71, 0x9C72, 0x9C73
    dw 0x9C74, 0x9C75, 0x9C76, 0x9C77, 0x9C78, 0x9C79, 0x9C7A, 0x9C7B, 0x9C7D, 0x9C7E, 0x9C80, 0x9C83
    dw 0x9C84, 0x9C89, 0x9C8A, 0x9C8C, 0x9C8F, 0x9C93, 0x9C96, 0x9C97, 0x9C98, 0x9C99, 0x9C9D, 0x9CAA
    dw 0x9CAC, 0x9CAF, 0x9CB9, 0x9CBE, 0x9CBF, 0x9CC0, 0x9CC1, 0x9CC2, 0x9CC8, 0x9CC9, 0x9CD1, 0x9CD2
    dw 0x9CDA, 0x9CDB, 0x9CE0, 0x9CE1, 0x9CCC, 0x9CCD, 0x9CCE, 0x9CCF, 0x9CD0, 0x9CD3, 0x9CD4, 0x9CD5
    dw 0x9CD7, 0x9CD8, 0x9CD9, 0x9CDC, 0x9CDD, 0x9CDF, 0x9CE2, 0x977C, 0x9785, 0x9791, 0x9792, 0x9794
    dw 0x97AF, 0x97AB, 0x97A3, 0x97B2, 0x97B4, 0x9AB1, 0x9AB0, 0x9AB7, 0x9E58, 0x9AB6, 0x9ABA, 0x9ABC
    dw 0x9AC1, 0x9AC0, 0x9AC5, 0x9AC2, 0x9ACB, 0x9ACC, 0x9AD1, 0x9B45, 0x9B43, 0x9B47, 0x9B49, 0x9B48
    dw 0x9B4D, 0x9B51, 0x98E8, 0x990D, 0x992E, 0x9955, 0x9954, 0x9ADF, 0x9AE1, 0x9AE6, 0x9AEF, 0x9AEB
    dw 0x9AFB, 0x9AED, 0x9AF9, 0x9B08, 0x9B0F, 0x9B13, 0x9B1F, 0x9B23, 0x9EBD, 0x9EBE, 0x7E3B, 0x9E82
    dw 0x9E87, 0x9E88, 0x9E8B, 0x9E92, 0x93D6, 0x9E9D, 0x9E9F, 0x9EDB, 0x9EDC, 0x9EDD, 0x9EE0, 0x9EDF
    dw 0x9EE2, 0x9EE9, 0x9EE7, 0x9EE5, 0x9EEA, 0x9EEF, 0x9F22, 0x9F2C, 0x9F2F, 0x9F39, 0x9F37, 0x9F3D
    dw 0x9F3E, 0x9F44, 0x9CE3, 0x9CE4, 0x9CE5, 0x9CE6, 0x9CE7, 0x9CE8, 0x9CE9, 0x9CEA, 0x9CEB, 0x9CEC
    dw 0x9CED, 0x9CEE, 0x9CEF, 0x9CF0, 0x9CF1, 0x9CF2, 0x9CF3, 0x9CF4, 0x9CF5, 0x9CF6, 0x9CF7, 0x9CF8
    dw 0x9CF9, 0x9CFA, 0x9CFB, 0x9CFC, 0x9CFD, 0x9CFE, 0x9CFF, 0x9D00, 0x9D01, 0x9D02, 0x9D03, 0x9D04
    dw 0x9D05, 0x9D06, 0x9D07, 0x9D08, 0x9D09, 0x9D0A, 0x9D0B, 0x9D0C, 0x9D0D, 0x9D0E, 0x9D0F, 0x9D10
    dw 0x9D11, 0x9D12, 0x9D13, 0x9D14, 0x9D15, 0x9D16, 0x9D17, 0x9D18, 0x9D19, 0x9D1A, 0x9D1B, 0x9D1C
    dw 0x9D1D, 0x9D1E, 0x9D1F, 0x9D20, 0x9D21, 0x9D22, 0x9D23, 0x9D24, 0x9D25, 0x9D26, 0x9D27, 0x9D28
    dw 0x9D29, 0x9D2A, 0x9D2B, 0x9D2C, 0x9D2D, 0x9D2E, 0x9D2F, 0x9D30, 0x9D31, 0x9D32, 0x9D33, 0x9D34
    dw 0x9D35, 0x9D36, 0x9D37, 0x9D38, 0x9D39, 0x9D3A, 0x9D3B, 0x9D3C, 0x9D3D, 0x9D3E, 0x9D3F, 0x9D40
    dw 0x9D41, 0x9D42, 0x0000, 0x0000, 0x0000, 0x0000, 0x0000, 0x0000, 0x0000, 0x0000, 0x0000, 0x0000
    dw 0x0000, 0x0000, 0x0000, 0x0000, 0x0000, 0x0000, 0x0000, 0x0000, 0x0000, 0x0000, 0x0000, 0x0000
    dw 0x0000, 0x0000, 0x0000, 0x0000, 0x0000, 0x0000, 0x0000, 0x0000, 0x0000, 0x0000, 0x0000, 0x0000
    dw 0x0000, 0x0000, 0x0000, 0x0000, 0x0000, 0x0000, 0x0000, 0x0000, 0x0000, 0x0000, 0x0000, 0x0000
    dw 0x0000, 0x0000, 0x0000, 0x0000, 0x0000, 0x0000, 0x0000, 0x0000, 0x0000, 0x0000, 0x0000, 0x0000
    dw 0x0000, 0x0000, 0x0000, 0x0000, 0x0000, 0x0000, 0x0000, 0x0000, 0x0000, 0x0000, 0x0000, 0x0000
    dw 0x0000, 0x0000, 0x0000, 0x0000, 0x0000, 0x0000, 0x0000, 0x0000, 0x0000, 0x0000, 0x0000, 0x0000
    dw 0x0000, 0x0000, 0x0000, 0x0000, 0x0000, 0x0000, 0x0000, 0x0000, 0x0000, 0x0000, 0x0000, 0x0000
    dw 0x9D43, 0x9D44, 0x9D45, 0x9D46, 0x9D47, 0x9D48, 0x9D49, 0x9D4A, 0x9D4B, 0x9D4C, 0x9D4D, 0x9D4E
    dw 0x9D4F, 0x9D50, 0x9D51, 0x9D52, 0x9D53, 0x9D54, 0x9D55, 0x9D56, 0x9D57, 0x9D58, 0x9D59, 0x9D5A
    dw 0x9D5B, 0x9D5C, 0x9D5D, 0x9D5E, 0x9D5F, 0x9D60, 0x9D61, 0x9D62, 0x9D63, 0x9D64, 0x9D65, 0x9D66
    dw 0x9D67, 0x9D68, 0x9D69, 0x9D6A, 0x9D6B, 0x9D6C, 0x9D6D, 0x9D6E, 0x9D6F, 0x9D70, 0x9D71, 0x9D72
    dw 0x9D73, 0x9D74, 0x9D75, 0x9D76, 0x9D77, 0x9D78, 0x9D79, 0x9D7A, 0x9D7B, 0x9D7C, 0x9D7D, 0x9D7E
    dw 0x9D7F, 0x9D80, 0x9D81, 0x9D82, 0x9D83, 0x9D84, 0x9D85, 0x9D86, 0x9D87, 0x9D88, 0x9D89, 0x9D8A
    dw 0x9D8B, 0x9D8C, 0x9D8D, 0x9D8E, 0x9D8F, 0x9D90, 0x9D91, 0x9D92, 0x9D93, 0x9D94, 0x9D95, 0x9D96
    dw 0x9D97, 0x9D98, 0x9D99, 0x9D9A, 0x9D9B, 0x9D9C, 0x9D9D, 0x9D9E, 0x9D9F, 0x9DA0, 0x9DA1, 0x9DA2
    dw 0x0000, 0x0000, 0x0000, 0x0000, 0x0000, 0x0000, 0x0000, 0x0000, 0x0000, 0x0000, 0x0000, 0x0000
    dw 0x0000, 0x0000, 0x0000, 0x0000, 0x0000, 0x0000, 0x0000, 0x0000, 0x0000, 0x0000, 0x0000, 0x0000
    dw 0x0000, 0x0000, 0x0000, 0x0000, 0x0000, 0x0000, 0x0000, 0x0000, 0x0000, 0x0000, 0x0000, 0x0000
    dw 0x0000, 0x0000, 0x0000, 0x0000, 0x0000, 0x0000, 0x0000, 0x0000, 0x0000, 0x0000, 0x0000, 0x0000
    dw 0x0000, 0x0000, 0x0000, 0x0000, 0x0000, 0x0000, 0x0000, 0x0000, 0x0000, 0x0000, 0x0000, 0x0000
    dw 0x0000, 0x0000, 0x0000, 0x0000, 0x0000, 0x0000, 0x0000, 0x0000, 0x0000, 0x0000, 0x0000, 0x0000
    dw 0x0000, 0x0000, 0x0000, 0x0000, 0x0000, 0x0000, 0x0000, 0x0000, 0x0000, 0x0000, 0x0000, 0x0000
    dw 0x0000, 0x0000, 0x0000, 0x0000, 0x0000, 0x0000, 0x0000, 0x0000, 0x0000, 0x0000, 0x9DA3, 0x9DA4
    dw 0x9DA5, 0x9DA6, 0x9DA7, 0x9DA8, 0x9DA9, 0x9DAA, 0x9DAB, 0x9DAC, 0x9DAD, 0x9DAE, 0x9DAF, 0x9DB0
    dw 0x9DB1, 0x9DB2, 0x9DB3, 0x9DB4, 0x9DB5, 0x9DB6, 0x9DB7, 0x9DB8, 0x9DB9, 0x9DBA, 0x9DBB, 0x9DBC
    dw 0x9DBD, 0x9DBE, 0x9DBF, 0x9DC0, 0x9DC1, 0x9DC2, 0x9DC3, 0x9DC4, 0x9DC5, 0x9DC6, 0x9DC7, 0x9DC8
    dw 0x9DC9, 0x9DCA, 0x9DCB, 0x9DCC, 0x9DCD, 0x9DCE, 0x9DCF, 0x9DD0, 0x9DD1, 0x9DD2, 0x9DD3, 0x9DD4
    dw 0x9DD5, 0x9DD6, 0x9DD7, 0x9DD8, 0x9DD9, 0x9DDA, 0x9DDB, 0x9DDC, 0x9DDD, 0x9DDE, 0x9DDF, 0x9DE0
    dw 0x9DE1, 0x9DE2, 0x9DE3, 0x9DE4, 0x9DE5, 0x9DE6, 0x9DE7, 0x9DE8, 0x9DE9, 0x9DEA, 0x9DEB, 0x9DEC
    dw 0x9DED, 0x9DEE, 0x9DEF, 0x9DF0, 0x9DF1, 0x9DF2, 0x9DF3, 0x9DF4, 0x9DF5, 0x9DF6, 0x9DF7, 0x9DF8
    dw 0x9DF9, 0x9DFA, 0x9DFB, 0x9DFC, 0x9DFD, 0x9DFE, 0x9DFF, 0x9E00, 0x9E01, 0x9E02, 0x0000, 0x0000
    dw 0x0000, 0x0000, 0x0000, 0x0000, 0x0000, 0x0000, 0x0000, 0x0000, 0x0000, 0x0000, 0x0000, 0x0000
    dw 0x0000, 0x0000, 0x0000, 0x0000, 0x0000, 0x0000, 0x0000, 0x0000, 0x0000, 0x0000, 0x0000, 0x0000
    dw 0x0000, 0x0000, 0x0000, 0x0000, 0x0000, 0x0000, 0x0000, 0x0000, 0x0000, 0x0000, 0x0000, 0x0000
    dw 0x0000, 0x0000, 0x0000, 0x0000, 0x0000, 0x0000, 0x0000, 0x0000, 0x0000, 0x0000, 0x0000, 0x0000
    dw 0x0000, 0x0000, 0x0000, 0x0000, 0x0000, 0x0000, 0x0000, 0x0000, 0x0000, 0x0000, 0x0000, 0x0000
    dw 0x0000, 0x0000, 0x0000, 0x0000, 0x0000, 0x0000, 0x0000, 0x0000, 0x0000, 0x0000, 0x0000, 0x0000
    dw 0x0000, 0x0000, 0x0000, 0x0000, 0x0000, 0x0000, 0x0000, 0x0000, 0x0000, 0x0000, 0x0000, 0x0000
    dw 0x0000, 0x0000, 0x0000, 0x0000, 0x0000, 0x0000, 0x0000, 0x0000, 0x9E03, 0x9E04, 0x9E05, 0x9E06
    dw 0x9E07, 0x9E08, 0x9E09, 0x9E0A, 0x9E0B, 0x9E0C, 0x9E0D, 0x9E0E, 0x9E0F, 0x9E10, 0x9E11, 0x9E12
    dw 0x9E13, 0x9E14, 0x9E15, 0x9E16, 0x9E17, 0x9E18, 0x9E19, 0x9E1A, 0x9E1B, 0x9E1C, 0x9E1D, 0x9E1E
    dw 0x9E24, 0x9E27, 0x9E2E, 0x9E30, 0x9E34, 0x9E3B, 0x9E3C, 0x9E40, 0x9E4D, 0x9E50, 0x9E52, 0x9E53
    dw 0x9E54, 0x9E56, 0x9E59, 0x9E5D, 0x9E5F, 0x9E60, 0x9E61, 0x9E62, 0x9E65, 0x9E6E, 0x9E6F, 0x9E72
    dw 0x9E74, 0x9E75, 0x9E76, 0x9E77, 0x9E78, 0x9E79, 0x9E7A, 0x9E7B, 0x9E7C, 0x9E7D, 0x9E80, 0x9E81
    dw 0x9E83, 0x9E84, 0x9E85, 0x9E86, 0x9E89, 0x9E8A, 0x9E8C, 0x9E8D, 0x9E8E, 0x9E8F, 0x9E90, 0x9E91
    dw 0x9E94, 0x9E95, 0x9E96, 0x9E97, 0x9E98, 0x9E99, 0x9E9A, 0x9E9B, 0x9E9C, 0x9E9E, 0x9EA0, 0x9EA1
    dw 0x9EA2, 0x9EA3, 0x9EA4, 0x9EA5, 0x9EA7, 0x9EA8, 0x9EA9, 0x9EAA, 0x0000, 0x0000, 0x0000, 0x0000
    dw 0x0000, 0x0000, 0x0000, 0x0000, 0x0000, 0x0000, 0x0000, 0x0000, 0x0000, 0x0000, 0x0000, 0x0000
    dw 0x0000, 0x0000, 0x0000, 0x0000, 0x0000, 0x0000, 0x0000, 0x0000, 0x0000, 0x0000, 0x0000, 0x0000
    dw 0x0000, 0x0000, 0x0000, 0x0000, 0x0000, 0x0000, 0x0000, 0x0000, 0x0000, 0x0000, 0x0000, 0x0000
    dw 0x0000, 0x0000, 0x0000, 0x0000, 0x0000, 0x0000, 0x0000, 0x0000, 0x0000, 0x0000, 0x0000, 0x0000
    dw 0x0000, 0x0000, 0x0000, 0x0000, 0x0000, 0x0000, 0x0000, 0x0000, 0x0000, 0x0000, 0x0000, 0x0000
    dw 0x0000, 0x0000, 0x0000, 0x0000, 0x0000, 0x0000, 0x0000, 0x0000, 0x0000, 0x0000, 0x0000, 0x0000
    dw 0x0000, 0x0000, 0x0000, 0x0000, 0x0000, 0x0000, 0x0000, 0x0000, 0x0000, 0x0000, 0x0000, 0x0000
    dw 0x0000, 0x0000, 0x0000, 0x0000, 0x0000, 0x0000, 0x9EAB, 0x9EAC, 0x9EAD, 0x9EAE, 0x9EAF, 0x9EB0
    dw 0x9EB1, 0x9EB2, 0x9EB3, 0x9EB5, 0x9EB6, 0x9EB7, 0x9EB9, 0x9EBA, 0x9EBC, 0x9EBF, 0x9EC0, 0x9EC1
    dw 0x9EC2, 0x9EC3, 0x9EC5, 0x9EC6, 0x9EC7, 0x9EC8, 0x9ECA, 0x9ECB, 0x9ECC, 0x9ED0, 0x9ED2, 0x9ED3
    dw 0x9ED5, 0x9ED6, 0x9ED7, 0x9ED9, 0x9EDA, 0x9EDE, 0x9EE1, 0x9EE3, 0x9EE4, 0x9EE6, 0x9EE8, 0x9EEB
    dw 0x9EEC, 0x9EED, 0x9EEE, 0x9EF0, 0x9EF1, 0x9EF2, 0x9EF3, 0x9EF4, 0x9EF5, 0x9EF6, 0x9EF7, 0x9EF8
    dw 0x9EFA, 0x9EFD, 0x9EFF, 0x9F00, 0x9F01, 0x9F02, 0x9F03, 0x9F04, 0x9F05, 0x9F06, 0x9F07, 0x9F08
    dw 0x9F09, 0x9F0A, 0x9F0C, 0x9F0F, 0x9F11, 0x9F12, 0x9F14, 0x9F15, 0x9F16, 0x9F18, 0x9F1A, 0x9F1B
    dw 0x9F1C, 0x9F1D, 0x9F1E, 0x9F1F, 0x9F21, 0x9F23, 0x9F24, 0x9F25, 0x9F26, 0x9F27, 0x9F28, 0x9F29
    dw 0x9F2A, 0x9F2B, 0x9F2D, 0x9F2E, 0x9F30, 0x9F31, 0x0000, 0x0000, 0x0000, 0x0000, 0x0000, 0x0000
    dw 0x0000, 0x0000, 0x0000, 0x0000, 0x0000, 0x0000, 0x0000, 0x0000, 0x0000, 0x0000, 0x0000, 0x0000
    dw 0x0000, 0x0000, 0x0000, 0x0000, 0x0000, 0x0000, 0x0000, 0x0000, 0x0000, 0x0000, 0x0000, 0x0000
    dw 0x0000, 0x0000, 0x0000, 0x0000, 0x0000, 0x0000, 0x0000, 0x0000, 0x0000, 0x0000, 0x0000, 0x0000
    dw 0x0000, 0x0000, 0x0000, 0x0000, 0x0000, 0x0000, 0x0000, 0x0000, 0x0000, 0x0000, 0x0000, 0x0000
    dw 0x0000, 0x0000, 0x0000, 0x0000, 0x0000, 0x0000, 0x0000, 0x0000, 0x0000, 0x0000, 0x0000, 0x0000
    dw 0x0000, 0x0000, 0x0000, 0x0000, 0x0000, 0x0000, 0x0000, 0x0000, 0x0000, 0x0000, 0x0000, 0x0000
    dw 0x0000, 0x0000, 0x0000, 0x0000, 0x0000, 0x0000, 0x0000, 0x0000, 0x0000, 0x0000, 0x0000, 0x0000
    dw 0x0000, 0x0000, 0x0000, 0x0000, 0x9F32, 0x9F33, 0x9F34, 0x9F35, 0x9F36, 0x9F38, 0x9F3A, 0x9F3C
    dw 0x9F3F, 0x9F40, 0x9F41, 0x9F42, 0x9F43, 0x9F45, 0x9F46, 0x9F47, 0x9F48, 0x9F49, 0x9F4A, 0x9F4B
    dw 0x9F4C, 0x9F4D, 0x9F4E, 0x9F4F, 0x9F52, 0x9F53, 0x9F54, 0x9F55, 0x9F56, 0x9F57, 0x9F58, 0x9F59
    dw 0x9F5A, 0x9F5B, 0x9F5C, 0x9F5D, 0x9F5E, 0x9F5F, 0x9F60, 0x9F61, 0x9F62, 0x9F63, 0x9F64, 0x9F65
    dw 0x9F66, 0x9F67, 0x9F68, 0x9F69, 0x9F6A, 0x9F6B, 0x9F6C, 0x9F6D, 0x9F6E, 0x9F6F, 0x9F70, 0x9F71
    dw 0x9F72, 0x9F73, 0x9F74, 0x9F75, 0x9F76, 0x9F77, 0x9F78, 0x9F79, 0x9F7A, 0x9F7B, 0x9F7C, 0x9F7D
    dw 0x9F7E, 0x9F81, 0x9F82, 0x9F8D, 0x9F8E, 0x9F8F, 0x9F90, 0x9F91, 0x9F92, 0x9F93, 0x9F94, 0x9F95
    dw 0x9F96, 0x9F97, 0x9F98, 0x9F9C, 0x9F9D, 0x9F9E, 0x9FA1, 0x9FA2, 0x9FA3, 0x9FA4, 0x9FA5, 0xF92C
    dw 0xF979, 0xF995, 0xF9E7, 0xF9F1, 0x0000, 0x0000, 0x0000, 0x0000, 0x0000, 0x0000, 0x0000, 0x0000
    dw 0x0000, 0x0000, 0x0000, 0x0000, 0x0000, 0x0000, 0x0000, 0x0000, 0x0000, 0x0000, 0x0000, 0x0000
    dw 0x0000, 0x0000, 0x0000, 0x0000, 0x0000, 0x0000, 0x0000, 0x0000, 0x0000, 0x0000, 0x0000, 0x0000
    dw 0x0000, 0x0000, 0x0000, 0x0000, 0x0000, 0x0000, 0x0000, 0x0000, 0x0000, 0x0000, 0x0000, 0x0000
    dw 0x0000, 0x0000, 0x0000, 0x0000, 0x0000, 0x0000, 0x0000, 0x0000, 0x0000, 0x0000, 0x0000, 0x0000
    dw 0x0000, 0x0000, 0x0000, 0x0000, 0x0000, 0x0000, 0x0000, 0x0000, 0x0000, 0x0000, 0x0000, 0x0000
    dw 0x0000, 0x0000, 0x0000, 0x0000, 0x0000, 0x0000, 0x0000, 0x0000, 0x0000, 0x0000, 0x0000, 0x0000
    dw 0x0000, 0x0000, 0x0000, 0x0000, 0x0000, 0x0000, 0x0000, 0x0000, 0x0000, 0x0000, 0x0000, 0x0000
    dw 0x0000, 0x0000, 0xFA0C, 0xFA0D, 0xFA0E, 0xFA0F, 0xFA11, 0xFA13, 0xFA14, 0xFA18, 0xFA1F, 0xFA20
    dw 0xFA21, 0xFA23, 0xFA24, 0xFA27, 0xFA28, 0xFA29, 0x0000, 0x0000, 0x0000, 0x0000, 0x0000, 0x0000
    dw 0x0000, 0x0000, 0x0000, 0x0000, 0x0000, 0x0000, 0x0000, 0x0000, 0x0000, 0x0000, 0x0000, 0x0000
    dw 0x0000, 0x0000, 0x0000, 0x0000, 0x0000, 0x0000, 0x0000, 0x0000, 0x0000, 0x0000, 0x0000, 0x0000
    dw 0x0000, 0x0000, 0x0000, 0x0000, 0x0000, 0x0000, 0x0000, 0x0000, 0x0000, 0x0000, 0x0000, 0x0000
    dw 0x0000, 0x0000, 0x0000, 0x0000, 0x0000, 0x0000, 0x0000, 0x0000, 0x0000, 0x0000, 0x0000, 0x0000
    dw 0x0000, 0x0000, 0x0000, 0x0000, 0x0000, 0x0000, 0x0000, 0x0000, 0x0000, 0x0000, 0x0000, 0x0000
    dw 0x0000, 0x0000, 0x0000, 0x0000, 0x0000, 0x0000, 0x0000, 0x0000, 0x0000, 0x0000, 0x0000, 0x0000
    dw 0x0000, 0x0000, 0x0000, 0x0000, 0x0000, 0x0000, 0x0000, 0x0000, 0x0000, 0x0000, 0x0000, 0x0000
    dw 0x0000, 0x0000, 0x0000, 0x0000, 0x0000, 0x0000, 0x0000, 0x0000, 0x0000, 0x0000, 0x0000, 0x0000
    dw 0x0000, 0x0000, 0x0000, 0x0000, 0x0000, 0x0000, 0x0000, 0x0000, 0x0000, 0x0000, 0x0000, 0x0000
    dw 0x0000, 0x0000, 0x0000, 0x0000, 0x0000, 0x0000, 0x0000, 0x0000, 0x0000, 0x0000, 0x0000, 0x0000
    dw 0x0000, 0x0000, 0x0000, 0x0000, 0x0000, 0x0000, 0x0000, 0x0000, 0x0000, 0x0000, 0x0000, 0x0000
    dw 0x0000, 0x0000, 0x0000, 0x0000, 0x0000, 0x0000, 0x0000, 0x0000, 0x0000, 0x0000, 0x0000, 0x0000
    dw 0x0000, 0x0000, 0x0000, 0x0000, 0x0000, 0x0000, 0x0000, 0x0000, 0x0000, 0x0000, 0x0000, 0x0000
    dw 0x0000, 0x0000, 0x0000, 0x0000, 0x0000, 0x0000, 0x0000, 0x0000, 0x0000, 0x0000, 0x0000, 0x0000

global _gbk_table_rows
_gbk_table_rows: dq 126
global _gbk_table_cols
_gbk_table_cols: dq 190
global _gbk_table_size
_gbk_table_size: dq 23940

global _gbk_from_unicode
_gbk_from_unicode:
    dd 0x0001, 0x0001
    dd 0x0002, 0x0002
    dd 0x0003, 0x0003
    dd 0x0004, 0x0004
    dd 0x0005, 0x0005
    dd 0x0006, 0x0006
    dd 0x0007, 0x0007
    dd 0x0008, 0x0008
    dd 0x0009, 0x0009
    dd 0x000A, 0x000A
    dd 0x000B, 0x000B
    dd 0x000C, 0x000C
    dd 0x000D, 0x000D
    dd 0x000E, 0x000E
    dd 0x000F, 0x000F
    dd 0x0010, 0x0010
    dd 0x0011, 0x0011
    dd 0x0012, 0x0012
    dd 0x0013, 0x0013
    dd 0x0014, 0x0014
    dd 0x0015, 0x0015
    dd 0x0016, 0x0016
    dd 0x0017, 0x0017
    dd 0x0018, 0x0018
    dd 0x0019, 0x0019
    dd 0x001A, 0x001A
    dd 0x001B, 0x001B
    dd 0x001C, 0x001C
    dd 0x001D, 0x001D
    dd 0x001E, 0x001E
    dd 0x001F, 0x001F
    dd 0x0020, 0x0020
    dd 0x0021, 0x0021
    dd 0x0022, 0x0022
    dd 0x0023, 0x0023
    dd 0x0024, 0x0024
    dd 0x0025, 0x0025
    dd 0x0026, 0x0026
    dd 0x0027, 0x0027
    dd 0x0028, 0x0028
    dd 0x0029, 0x0029
    dd 0x002A, 0x002A
    dd 0x002B, 0x002B
    dd 0x002C, 0x002C
    dd 0x002D, 0x002D
    dd 0x002E, 0x002E
    dd 0x002F, 0x002F
    dd 0x0030, 0x0030
    dd 0x0031, 0x0031
    dd 0x0032, 0x0032
    dd 0x0033, 0x0033
    dd 0x0034, 0x0034
    dd 0x0035, 0x0035
    dd 0x0036, 0x0036
    dd 0x0037, 0x0037
    dd 0x0038, 0x0038
    dd 0x0039, 0x0039
    dd 0x003A, 0x003A
    dd 0x003B, 0x003B
    dd 0x003C, 0x003C
    dd 0x003D, 0x003D
    dd 0x003E, 0x003E
    dd 0x003F, 0x003F
    dd 0x0040, 0x0040
    dd 0x0041, 0x0041
    dd 0x0042, 0x0042
    dd 0x0043, 0x0043
    dd 0x0044, 0x0044
    dd 0x0045, 0x0045
    dd 0x0046, 0x0046
    dd 0x0047, 0x0047
    dd 0x0048, 0x0048
    dd 0x0049, 0x0049
    dd 0x004A, 0x004A
    dd 0x004B, 0x004B
    dd 0x004C, 0x004C
    dd 0x004D, 0x004D
    dd 0x004E, 0x004E
    dd 0x004F, 0x004F
    dd 0x0050, 0x0050
    dd 0x0051, 0x0051
    dd 0x0052, 0x0052
    dd 0x0053, 0x0053
    dd 0x0054, 0x0054
    dd 0x0055, 0x0055
    dd 0x0056, 0x0056
    dd 0x0057, 0x0057
    dd 0x0058, 0x0058
    dd 0x0059, 0x0059
    dd 0x005A, 0x005A
    dd 0x005B, 0x005B
    dd 0x005C, 0x005C
    dd 0x005D, 0x005D
    dd 0x005E, 0x005E
    dd 0x005F, 0x005F
    dd 0x0060, 0x0060
    dd 0x0061, 0x0061
    dd 0x0062, 0x0062
    dd 0x0063, 0x0063
    dd 0x0064, 0x0064
    dd 0x0065, 0x0065
    dd 0x0066, 0x0066
    dd 0x0067, 0x0067
    dd 0x0068, 0x0068
    dd 0x0069, 0x0069
    dd 0x006A, 0x006A
    dd 0x006B, 0x006B
    dd 0x006C, 0x006C
    dd 0x006D, 0x006D
    dd 0x006E, 0x006E
    dd 0x006F, 0x006F
    dd 0x0070, 0x0070
    dd 0x0071, 0x0071
    dd 0x0072, 0x0072
    dd 0x0073, 0x0073
    dd 0x0074, 0x0074
    dd 0x0075, 0x0075
    dd 0x0076, 0x0076
    dd 0x0077, 0x0077
    dd 0x0078, 0x0078
    dd 0x0079, 0x0079
    dd 0x007A, 0x007A
    dd 0x007B, 0x007B
    dd 0x007C, 0x007C
    dd 0x007D, 0x007D
    dd 0x007E, 0x007E
    dd 0x007F, 0x007F
    dd 0x00A4, 0xA1E8
    dd 0x00A7, 0xA1EC
    dd 0x00A8, 0xA1A7
    dd 0x00B0, 0xA1E3
    dd 0x00B1, 0xA1C0
    dd 0x00B7, 0xA1A4
    dd 0x00D7, 0xA1C1
    dd 0x00E0, 0xA8A4
    dd 0x00E1, 0xA8A2
    dd 0x00E8, 0xA8A8
    dd 0x00E9, 0xA8A6
    dd 0x00EA, 0xA8BA
    dd 0x00EC, 0xA8AC
    dd 0x00ED, 0xA8AA
    dd 0x00F2, 0xA8B0
    dd 0x00F3, 0xA8AE
    dd 0x00F7, 0xA1C2
    dd 0x00F9, 0xA8B4
    dd 0x00FA, 0xA8B2
    dd 0x00FC, 0xA8B9
    dd 0x0101, 0xA8A1
    dd 0x0113, 0xA8A5
    dd 0x011B, 0xA8A7
    dd 0x012B, 0xA8A9
    dd 0x0144, 0xA8BD
    dd 0x0148, 0xA8BE
    dd 0x014D, 0xA8AD
    dd 0x016B, 0xA8B1
    dd 0x01CE, 0xA8A3
    dd 0x01D0, 0xA8AB
    dd 0x01D2, 0xA8AF
    dd 0x01D4, 0xA8B3
    dd 0x01D6, 0xA8B5
    dd 0x01D8, 0xA8B6
    dd 0x01DA, 0xA8B7
    dd 0x01DC, 0xA8B8
    dd 0x0251, 0xA8BB
    dd 0x0261, 0xA8C0
    dd 0x02C7, 0xA1A6
    dd 0x02C9, 0xA1A5
    dd 0x02CA, 0xA840
    dd 0x02CB, 0xA841
    dd 0x02D9, 0xA842
    dd 0x0391, 0xA6A1
    dd 0x0392, 0xA6A2
    dd 0x0393, 0xA6A3
    dd 0x0394, 0xA6A4
    dd 0x0395, 0xA6A5
    dd 0x0396, 0xA6A6
    dd 0x0397, 0xA6A7
    dd 0x0398, 0xA6A8
    dd 0x0399, 0xA6A9
    dd 0x039A, 0xA6AA
    dd 0x039B, 0xA6AB
    dd 0x039C, 0xA6AC
    dd 0x039D, 0xA6AD
    dd 0x039E, 0xA6AE
    dd 0x039F, 0xA6AF
    dd 0x03A0, 0xA6B0
    dd 0x03A1, 0xA6B1
    dd 0x03A3, 0xA6B2
    dd 0x03A4, 0xA6B3
    dd 0x03A5, 0xA6B4
    dd 0x03A6, 0xA6B5
    dd 0x03A7, 0xA6B6
    dd 0x03A8, 0xA6B7
    dd 0x03A9, 0xA6B8
    dd 0x03B1, 0xA6C1
    dd 0x03B2, 0xA6C2
    dd 0x03B3, 0xA6C3
    dd 0x03B4, 0xA6C4
    dd 0x03B5, 0xA6C5
    dd 0x03B6, 0xA6C6
    dd 0x03B7, 0xA6C7
    dd 0x03B8, 0xA6C8
    dd 0x03B9, 0xA6C9
    dd 0x03BA, 0xA6CA
    dd 0x03BB, 0xA6CB
    dd 0x03BC, 0xA6CC
    dd 0x03BD, 0xA6CD
    dd 0x03BE, 0xA6CE
    dd 0x03BF, 0xA6CF
    dd 0x03C0, 0xA6D0
    dd 0x03C1, 0xA6D1
    dd 0x03C3, 0xA6D2
    dd 0x03C4, 0xA6D3
    dd 0x03C5, 0xA6D4
    dd 0x03C6, 0xA6D5
    dd 0x03C7, 0xA6D6
    dd 0x03C8, 0xA6D7
    dd 0x03C9, 0xA6D8
    dd 0x0401, 0xA7A7
    dd 0x0410, 0xA7A1
    dd 0x0411, 0xA7A2
    dd 0x0412, 0xA7A3
    dd 0x0413, 0xA7A4
    dd 0x0414, 0xA7A5
    dd 0x0415, 0xA7A6
    dd 0x0416, 0xA7A8
    dd 0x0417, 0xA7A9
    dd 0x0418, 0xA7AA
    dd 0x0419, 0xA7AB
    dd 0x041A, 0xA7AC
    dd 0x041B, 0xA7AD
    dd 0x041C, 0xA7AE
    dd 0x041D, 0xA7AF
    dd 0x041E, 0xA7B0
    dd 0x041F, 0xA7B1
    dd 0x0420, 0xA7B2
    dd 0x0421, 0xA7B3
    dd 0x0422, 0xA7B4
    dd 0x0423, 0xA7B5
    dd 0x0424, 0xA7B6
    dd 0x0425, 0xA7B7
    dd 0x0426, 0xA7B8
    dd 0x0427, 0xA7B9
    dd 0x0428, 0xA7BA
    dd 0x0429, 0xA7BB
    dd 0x042A, 0xA7BC
    dd 0x042B, 0xA7BD
    dd 0x042C, 0xA7BE
    dd 0x042D, 0xA7BF
    dd 0x042E, 0xA7C0
    dd 0x042F, 0xA7C1
    dd 0x0430, 0xA7D1
    dd 0x0431, 0xA7D2
    dd 0x0432, 0xA7D3
    dd 0x0433, 0xA7D4
    dd 0x0434, 0xA7D5
    dd 0x0435, 0xA7D6
    dd 0x0436, 0xA7D8
    dd 0x0437, 0xA7D9
    dd 0x0438, 0xA7DA
    dd 0x0439, 0xA7DB
    dd 0x043A, 0xA7DC
    dd 0x043B, 0xA7DD
    dd 0x043C, 0xA7DE
    dd 0x043D, 0xA7DF
    dd 0x043E, 0xA7E0
    dd 0x043F, 0xA7E1
    dd 0x0440, 0xA7E2
    dd 0x0441, 0xA7E3
    dd 0x0442, 0xA7E4
    dd 0x0443, 0xA7E5
    dd 0x0444, 0xA7E6
    dd 0x0445, 0xA7E7
    dd 0x0446, 0xA7E8
    dd 0x0447, 0xA7E9
    dd 0x0448, 0xA7EA
    dd 0x0449, 0xA7EB
    dd 0x044A, 0xA7EC
    dd 0x044B, 0xA7ED
    dd 0x044C, 0xA7EE
    dd 0x044D, 0xA7EF
    dd 0x044E, 0xA7F0
    dd 0x044F, 0xA7F1
    dd 0x0451, 0xA7D7
    dd 0x2010, 0xA95C
    dd 0x2013, 0xA843
    dd 0x2014, 0xA1AA
    dd 0x2015, 0xA844
    dd 0x2016, 0xA1AC
    dd 0x2018, 0xA1AE
    dd 0x2019, 0xA1AF
    dd 0x201C, 0xA1B0
    dd 0x201D, 0xA1B1
    dd 0x2025, 0xA845
    dd 0x2026, 0xA1AD
    dd 0x2030, 0xA1EB
    dd 0x2032, 0xA1E4
    dd 0x2033, 0xA1E5
    dd 0x2035, 0xA846
    dd 0x203B, 0xA1F9
    dd 0x20AC, 0x0080
    dd 0x2103, 0xA1E6
    dd 0x2105, 0xA847
    dd 0x2109, 0xA848
    dd 0x2116, 0xA1ED
    dd 0x2121, 0xA959
    dd 0x2160, 0xA2F1
    dd 0x2161, 0xA2F2
    dd 0x2162, 0xA2F3
    dd 0x2163, 0xA2F4
    dd 0x2164, 0xA2F5
    dd 0x2165, 0xA2F6
    dd 0x2166, 0xA2F7
    dd 0x2167, 0xA2F8
    dd 0x2168, 0xA2F9
    dd 0x2169, 0xA2FA
    dd 0x216A, 0xA2FB
    dd 0x216B, 0xA2FC
    dd 0x2170, 0xA2A1
    dd 0x2171, 0xA2A2
    dd 0x2172, 0xA2A3
    dd 0x2173, 0xA2A4
    dd 0x2174, 0xA2A5
    dd 0x2175, 0xA2A6
    dd 0x2176, 0xA2A7
    dd 0x2177, 0xA2A8
    dd 0x2178, 0xA2A9
    dd 0x2179, 0xA2AA
    dd 0x2190, 0xA1FB
    dd 0x2191, 0xA1FC
    dd 0x2192, 0xA1FA
    dd 0x2193, 0xA1FD
    dd 0x2196, 0xA849
    dd 0x2197, 0xA84A
    dd 0x2198, 0xA84B
    dd 0x2199, 0xA84C
    dd 0x2208, 0xA1CA
    dd 0x220F, 0xA1C7
    dd 0x2211, 0xA1C6
    dd 0x2215, 0xA84D
    dd 0x221A, 0xA1CC
    dd 0x221D, 0xA1D8
    dd 0x221E, 0xA1DE
    dd 0x221F, 0xA84E
    dd 0x2220, 0xA1CF
    dd 0x2223, 0xA84F
    dd 0x2225, 0xA1CE
    dd 0x2227, 0xA1C4
    dd 0x2228, 0xA1C5
    dd 0x2229, 0xA1C9
    dd 0x222A, 0xA1C8
    dd 0x222B, 0xA1D2
    dd 0x222E, 0xA1D3
    dd 0x2234, 0xA1E0
    dd 0x2235, 0xA1DF
    dd 0x2236, 0xA1C3
    dd 0x2237, 0xA1CB
    dd 0x223D, 0xA1D7
    dd 0x2248, 0xA1D6
    dd 0x224C, 0xA1D5
    dd 0x2252, 0xA850
    dd 0x2260, 0xA1D9
    dd 0x2261, 0xA1D4
    dd 0x2264, 0xA1DC
    dd 0x2265, 0xA1DD
    dd 0x2266, 0xA851
    dd 0x2267, 0xA852
    dd 0x226E, 0xA1DA
    dd 0x226F, 0xA1DB
    dd 0x2295, 0xA892
    dd 0x2299, 0xA1D1
    dd 0x22A5, 0xA1CD
    dd 0x22BF, 0xA853
    dd 0x2312, 0xA1D0
    dd 0x2460, 0xA2D9
    dd 0x2461, 0xA2DA
    dd 0x2462, 0xA2DB
    dd 0x2463, 0xA2DC
    dd 0x2464, 0xA2DD
    dd 0x2465, 0xA2DE
    dd 0x2466, 0xA2DF
    dd 0x2467, 0xA2E0
    dd 0x2468, 0xA2E1
    dd 0x2469, 0xA2E2
    dd 0x2474, 0xA2C5
    dd 0x2475, 0xA2C6
    dd 0x2476, 0xA2C7
    dd 0x2477, 0xA2C8
    dd 0x2478, 0xA2C9
    dd 0x2479, 0xA2CA
    dd 0x247A, 0xA2CB
    dd 0x247B, 0xA2CC
    dd 0x247C, 0xA2CD
    dd 0x247D, 0xA2CE
    dd 0x247E, 0xA2CF
    dd 0x247F, 0xA2D0
    dd 0x2480, 0xA2D1
    dd 0x2481, 0xA2D2
    dd 0x2482, 0xA2D3
    dd 0x2483, 0xA2D4
    dd 0x2484, 0xA2D5
    dd 0x2485, 0xA2D6
    dd 0x2486, 0xA2D7
    dd 0x2487, 0xA2D8
    dd 0x2488, 0xA2B1
    dd 0x2489, 0xA2B2
    dd 0x248A, 0xA2B3
    dd 0x248B, 0xA2B4
    dd 0x248C, 0xA2B5
    dd 0x248D, 0xA2B6
    dd 0x248E, 0xA2B7
    dd 0x248F, 0xA2B8
    dd 0x2490, 0xA2B9
    dd 0x2491, 0xA2BA
    dd 0x2492, 0xA2BB
    dd 0x2493, 0xA2BC
    dd 0x2494, 0xA2BD
    dd 0x2495, 0xA2BE
    dd 0x2496, 0xA2BF
    dd 0x2497, 0xA2C0
    dd 0x2498, 0xA2C1
    dd 0x2499, 0xA2C2
    dd 0x249A, 0xA2C3
    dd 0x249B, 0xA2C4
    dd 0x2500, 0xA9A4
    dd 0x2501, 0xA9A5
    dd 0x2502, 0xA9A6
    dd 0x2503, 0xA9A7
    dd 0x2504, 0xA9A8
    dd 0x2505, 0xA9A9
    dd 0x2506, 0xA9AA
    dd 0x2507, 0xA9AB
    dd 0x2508, 0xA9AC
    dd 0x2509, 0xA9AD
    dd 0x250A, 0xA9AE
    dd 0x250B, 0xA9AF
    dd 0x250C, 0xA9B0
    dd 0x250D, 0xA9B1
    dd 0x250E, 0xA9B2
    dd 0x250F, 0xA9B3
    dd 0x2510, 0xA9B4
    dd 0x2511, 0xA9B5
    dd 0x2512, 0xA9B6
    dd 0x2513, 0xA9B7
    dd 0x2514, 0xA9B8
    dd 0x2515, 0xA9B9
    dd 0x2516, 0xA9BA
    dd 0x2517, 0xA9BB
    dd 0x2518, 0xA9BC
    dd 0x2519, 0xA9BD
    dd 0x251A, 0xA9BE
    dd 0x251B, 0xA9BF
    dd 0x251C, 0xA9C0
    dd 0x251D, 0xA9C1
    dd 0x251E, 0xA9C2
    dd 0x251F, 0xA9C3
    dd 0x2520, 0xA9C4
    dd 0x2521, 0xA9C5
    dd 0x2522, 0xA9C6
    dd 0x2523, 0xA9C7
    dd 0x2524, 0xA9C8
    dd 0x2525, 0xA9C9
    dd 0x2526, 0xA9CA
    dd 0x2527, 0xA9CB
    dd 0x2528, 0xA9CC
    dd 0x2529, 0xA9CD
    dd 0x252A, 0xA9CE
    dd 0x252B, 0xA9CF
    dd 0x252C, 0xA9D0
    dd 0x252D, 0xA9D1
    dd 0x252E, 0xA9D2
    dd 0x252F, 0xA9D3
    dd 0x2530, 0xA9D4
    dd 0x2531, 0xA9D5
    dd 0x2532, 0xA9D6
    dd 0x2533, 0xA9D7
    dd 0x2534, 0xA9D8
    dd 0x2535, 0xA9D9
    dd 0x2536, 0xA9DA
    dd 0x2537, 0xA9DB
    dd 0x2538, 0xA9DC
    dd 0x2539, 0xA9DD
    dd 0x253A, 0xA9DE
    dd 0x253B, 0xA9DF
    dd 0x253C, 0xA9E0
    dd 0x253D, 0xA9E1
    dd 0x253E, 0xA9E2
    dd 0x253F, 0xA9E3
    dd 0x2540, 0xA9E4
    dd 0x2541, 0xA9E5
    dd 0x2542, 0xA9E6
    dd 0x2543, 0xA9E7
    dd 0x2544, 0xA9E8
    dd 0x2545, 0xA9E9
    dd 0x2546, 0xA9EA
    dd 0x2547, 0xA9EB
    dd 0x2548, 0xA9EC
    dd 0x2549, 0xA9ED
    dd 0x254A, 0xA9EE
    dd 0x254B, 0xA9EF
    dd 0x2550, 0xA854
    dd 0x2551, 0xA855
    dd 0x2552, 0xA856
    dd 0x2553, 0xA857
    dd 0x2554, 0xA858
    dd 0x2555, 0xA859
    dd 0x2556, 0xA85A
    dd 0x2557, 0xA85B
    dd 0x2558, 0xA85C
    dd 0x2559, 0xA85D
    dd 0x255A, 0xA85E
    dd 0x255B, 0xA85F
    dd 0x255C, 0xA860
    dd 0x255D, 0xA861
    dd 0x255E, 0xA862
    dd 0x255F, 0xA863
    dd 0x2560, 0xA864
    dd 0x2561, 0xA865
    dd 0x2562, 0xA866
    dd 0x2563, 0xA867
    dd 0x2564, 0xA868
    dd 0x2565, 0xA869
    dd 0x2566, 0xA86A
    dd 0x2567, 0xA86B
    dd 0x2568, 0xA86C
    dd 0x2569, 0xA86D
    dd 0x256A, 0xA86E
    dd 0x256B, 0xA86F
    dd 0x256C, 0xA870
    dd 0x256D, 0xA871
    dd 0x256E, 0xA872
    dd 0x256F, 0xA873
    dd 0x2570, 0xA874
    dd 0x2571, 0xA875
    dd 0x2572, 0xA876
    dd 0x2573, 0xA877
    dd 0x2581, 0xA878
    dd 0x2582, 0xA879
    dd 0x2583, 0xA87A
    dd 0x2584, 0xA87B
    dd 0x2585, 0xA87C
    dd 0x2586, 0xA87D
    dd 0x2587, 0xA87E
    dd 0x2588, 0xA880
    dd 0x2589, 0xA881
    dd 0x258A, 0xA882
    dd 0x258B, 0xA883
    dd 0x258C, 0xA884
    dd 0x258D, 0xA885
    dd 0x258E, 0xA886
    dd 0x258F, 0xA887
    dd 0x2593, 0xA888
    dd 0x2594, 0xA889
    dd 0x2595, 0xA88A
    dd 0x25A0, 0xA1F6
    dd 0x25A1, 0xA1F5
    dd 0x25B2, 0xA1F8
    dd 0x25B3, 0xA1F7
    dd 0x25BC, 0xA88B
    dd 0x25BD, 0xA88C
    dd 0x25C6, 0xA1F4
    dd 0x25C7, 0xA1F3
    dd 0x25CB, 0xA1F0
    dd 0x25CE, 0xA1F2
    dd 0x25CF, 0xA1F1
    dd 0x25E2, 0xA88D
    dd 0x25E3, 0xA88E
    dd 0x25E4, 0xA88F
    dd 0x25E5, 0xA890
    dd 0x2605, 0xA1EF
    dd 0x2606, 0xA1EE
    dd 0x2609, 0xA891
    dd 0x2640, 0xA1E2
    dd 0x2642, 0xA1E1
    dd 0x3000, 0xA1A1
    dd 0x3001, 0xA1A2
    dd 0x3002, 0xA1A3
    dd 0x3003, 0xA1A8
    dd 0x3005, 0xA1A9
    dd 0x3006, 0xA965
    dd 0x3007, 0xA996
    dd 0x3008, 0xA1B4
    dd 0x3009, 0xA1B5
    dd 0x300A, 0xA1B6
    dd 0x300B, 0xA1B7
    dd 0x300C, 0xA1B8
    dd 0x300D, 0xA1B9
    dd 0x300E, 0xA1BA
    dd 0x300F, 0xA1BB
    dd 0x3010, 0xA1BE
    dd 0x3011, 0xA1BF
    dd 0x3012, 0xA893
    dd 0x3013, 0xA1FE
    dd 0x3014, 0xA1B2
    dd 0x3015, 0xA1B3
    dd 0x3016, 0xA1BC
    dd 0x3017, 0xA1BD
    dd 0x301D, 0xA894
    dd 0x301E, 0xA895
    dd 0x3021, 0xA940
    dd 0x3022, 0xA941
    dd 0x3023, 0xA942
    dd 0x3024, 0xA943
    dd 0x3025, 0xA944
    dd 0x3026, 0xA945
    dd 0x3027, 0xA946
    dd 0x3028, 0xA947
    dd 0x3029, 0xA948
    dd 0x3041, 0xA4A1
    dd 0x3042, 0xA4A2
    dd 0x3043, 0xA4A3
    dd 0x3044, 0xA4A4
    dd 0x3045, 0xA4A5
    dd 0x3046, 0xA4A6
    dd 0x3047, 0xA4A7
    dd 0x3048, 0xA4A8
    dd 0x3049, 0xA4A9
    dd 0x304A, 0xA4AA
    dd 0x304B, 0xA4AB
    dd 0x304C, 0xA4AC
    dd 0x304D, 0xA4AD
    dd 0x304E, 0xA4AE
    dd 0x304F, 0xA4AF
    dd 0x3050, 0xA4B0
    dd 0x3051, 0xA4B1
    dd 0x3052, 0xA4B2
    dd 0x3053, 0xA4B3
    dd 0x3054, 0xA4B4
    dd 0x3055, 0xA4B5
    dd 0x3056, 0xA4B6
    dd 0x3057, 0xA4B7
    dd 0x3058, 0xA4B8
    dd 0x3059, 0xA4B9
    dd 0x305A, 0xA4BA
    dd 0x305B, 0xA4BB
    dd 0x305C, 0xA4BC
    dd 0x305D, 0xA4BD
    dd 0x305E, 0xA4BE
    dd 0x305F, 0xA4BF
    dd 0x3060, 0xA4C0
    dd 0x3061, 0xA4C1
    dd 0x3062, 0xA4C2
    dd 0x3063, 0xA4C3
    dd 0x3064, 0xA4C4
    dd 0x3065, 0xA4C5
    dd 0x3066, 0xA4C6
    dd 0x3067, 0xA4C7
    dd 0x3068, 0xA4C8
    dd 0x3069, 0xA4C9
    dd 0x306A, 0xA4CA
    dd 0x306B, 0xA4CB
    dd 0x306C, 0xA4CC
    dd 0x306D, 0xA4CD
    dd 0x306E, 0xA4CE
    dd 0x306F, 0xA4CF
    dd 0x3070, 0xA4D0
    dd 0x3071, 0xA4D1
    dd 0x3072, 0xA4D2
    dd 0x3073, 0xA4D3
    dd 0x3074, 0xA4D4
    dd 0x3075, 0xA4D5
    dd 0x3076, 0xA4D6
    dd 0x3077, 0xA4D7
    dd 0x3078, 0xA4D8
    dd 0x3079, 0xA4D9
    dd 0x307A, 0xA4DA
    dd 0x307B, 0xA4DB
    dd 0x307C, 0xA4DC
    dd 0x307D, 0xA4DD
    dd 0x307E, 0xA4DE
    dd 0x307F, 0xA4DF
    dd 0x3080, 0xA4E0
    dd 0x3081, 0xA4E1
    dd 0x3082, 0xA4E2
    dd 0x3083, 0xA4E3
    dd 0x3084, 0xA4E4
    dd 0x3085, 0xA4E5
    dd 0x3086, 0xA4E6
    dd 0x3087, 0xA4E7
    dd 0x3088, 0xA4E8
    dd 0x3089, 0xA4E9
    dd 0x308A, 0xA4EA
    dd 0x308B, 0xA4EB
    dd 0x308C, 0xA4EC
    dd 0x308D, 0xA4ED
    dd 0x308E, 0xA4EE
    dd 0x308F, 0xA4EF
    dd 0x3090, 0xA4F0
    dd 0x3091, 0xA4F1
    dd 0x3092, 0xA4F2
    dd 0x3093, 0xA4F3
    dd 0x309B, 0xA961
    dd 0x309C, 0xA962
    dd 0x309D, 0xA966
    dd 0x309E, 0xA967
    dd 0x30A1, 0xA5A1
    dd 0x30A2, 0xA5A2
    dd 0x30A3, 0xA5A3
    dd 0x30A4, 0xA5A4
    dd 0x30A5, 0xA5A5
    dd 0x30A6, 0xA5A6
    dd 0x30A7, 0xA5A7
    dd 0x30A8, 0xA5A8
    dd 0x30A9, 0xA5A9
    dd 0x30AA, 0xA5AA
    dd 0x30AB, 0xA5AB
    dd 0x30AC, 0xA5AC
    dd 0x30AD, 0xA5AD
    dd 0x30AE, 0xA5AE
    dd 0x30AF, 0xA5AF
    dd 0x30B0, 0xA5B0
    dd 0x30B1, 0xA5B1
    dd 0x30B2, 0xA5B2
    dd 0x30B3, 0xA5B3
    dd 0x30B4, 0xA5B4
    dd 0x30B5, 0xA5B5
    dd 0x30B6, 0xA5B6
    dd 0x30B7, 0xA5B7
    dd 0x30B8, 0xA5B8
    dd 0x30B9, 0xA5B9
    dd 0x30BA, 0xA5BA
    dd 0x30BB, 0xA5BB
    dd 0x30BC, 0xA5BC
    dd 0x30BD, 0xA5BD
    dd 0x30BE, 0xA5BE
    dd 0x30BF, 0xA5BF
    dd 0x30C0, 0xA5C0
    dd 0x30C1, 0xA5C1
    dd 0x30C2, 0xA5C2
    dd 0x30C3, 0xA5C3
    dd 0x30C4, 0xA5C4
    dd 0x30C5, 0xA5C5
    dd 0x30C6, 0xA5C6
    dd 0x30C7, 0xA5C7
    dd 0x30C8, 0xA5C8
    dd 0x30C9, 0xA5C9
    dd 0x30CA, 0xA5CA
    dd 0x30CB, 0xA5CB
    dd 0x30CC, 0xA5CC
    dd 0x30CD, 0xA5CD
    dd 0x30CE, 0xA5CE
    dd 0x30CF, 0xA5CF
    dd 0x30D0, 0xA5D0
    dd 0x30D1, 0xA5D1
    dd 0x30D2, 0xA5D2
    dd 0x30D3, 0xA5D3
    dd 0x30D4, 0xA5D4
    dd 0x30D5, 0xA5D5
    dd 0x30D6, 0xA5D6
    dd 0x30D7, 0xA5D7
    dd 0x30D8, 0xA5D8
    dd 0x30D9, 0xA5D9
    dd 0x30DA, 0xA5DA
    dd 0x30DB, 0xA5DB
    dd 0x30DC, 0xA5DC
    dd 0x30DD, 0xA5DD
    dd 0x30DE, 0xA5DE
    dd 0x30DF, 0xA5DF
    dd 0x30E0, 0xA5E0
    dd 0x30E1, 0xA5E1
    dd 0x30E2, 0xA5E2
    dd 0x30E3, 0xA5E3
    dd 0x30E4, 0xA5E4
    dd 0x30E5, 0xA5E5
    dd 0x30E6, 0xA5E6
    dd 0x30E7, 0xA5E7
    dd 0x30E8, 0xA5E8
    dd 0x30E9, 0xA5E9
    dd 0x30EA, 0xA5EA
    dd 0x30EB, 0xA5EB
    dd 0x30EC, 0xA5EC
    dd 0x30ED, 0xA5ED
    dd 0x30EE, 0xA5EE
    dd 0x30EF, 0xA5EF
    dd 0x30F0, 0xA5F0
    dd 0x30F1, 0xA5F1
    dd 0x30F2, 0xA5F2
    dd 0x30F3, 0xA5F3
    dd 0x30F4, 0xA5F4
    dd 0x30F5, 0xA5F5
    dd 0x30F6, 0xA5F6
    dd 0x30FC, 0xA960
    dd 0x30FD, 0xA963
    dd 0x30FE, 0xA964
    dd 0x3105, 0xA8C5
    dd 0x3106, 0xA8C6
    dd 0x3107, 0xA8C7
    dd 0x3108, 0xA8C8
    dd 0x3109, 0xA8C9
    dd 0x310A, 0xA8CA
    dd 0x310B, 0xA8CB
    dd 0x310C, 0xA8CC
    dd 0x310D, 0xA8CD
    dd 0x310E, 0xA8CE
    dd 0x310F, 0xA8CF
    dd 0x3110, 0xA8D0
    dd 0x3111, 0xA8D1
    dd 0x3112, 0xA8D2
    dd 0x3113, 0xA8D3
    dd 0x3114, 0xA8D4
    dd 0x3115, 0xA8D5
    dd 0x3116, 0xA8D6
    dd 0x3117, 0xA8D7
    dd 0x3118, 0xA8D8
    dd 0x3119, 0xA8D9
    dd 0x311A, 0xA8DA
    dd 0x311B, 0xA8DB
    dd 0x311C, 0xA8DC
    dd 0x311D, 0xA8DD
    dd 0x311E, 0xA8DE
    dd 0x311F, 0xA8DF
    dd 0x3120, 0xA8E0
    dd 0x3121, 0xA8E1
    dd 0x3122, 0xA8E2
    dd 0x3123, 0xA8E3
    dd 0x3124, 0xA8E4
    dd 0x3125, 0xA8E5
    dd 0x3126, 0xA8E6
    dd 0x3127, 0xA8E7
    dd 0x3128, 0xA8E8
    dd 0x3129, 0xA8E9
    dd 0x3220, 0xA2E5
    dd 0x3221, 0xA2E6
    dd 0x3222, 0xA2E7
    dd 0x3223, 0xA2E8
    dd 0x3224, 0xA2E9
    dd 0x3225, 0xA2EA
    dd 0x3226, 0xA2EB
    dd 0x3227, 0xA2EC
    dd 0x3228, 0xA2ED
    dd 0x3229, 0xA2EE
    dd 0x3231, 0xA95A
    dd 0x32A3, 0xA949
    dd 0x338E, 0xA94A
    dd 0x338F, 0xA94B
    dd 0x339C, 0xA94C
    dd 0x339D, 0xA94D
    dd 0x339E, 0xA94E
    dd 0x33A1, 0xA94F
    dd 0x33C4, 0xA950
    dd 0x33CE, 0xA951
    dd 0x33D1, 0xA952
    dd 0x33D2, 0xA953
    dd 0x33D5, 0xA954
    dd 0x4E00, 0xD2BB
    dd 0x4E01, 0xB6A1
    dd 0x4E02, 0x8140
    dd 0x4E03, 0xC6DF
    dd 0x4E04, 0x8141
    dd 0x4E05, 0x8142
    dd 0x4E06, 0x8143
    dd 0x4E07, 0xCDF2
    dd 0x4E08, 0xD5C9
    dd 0x4E09, 0xC8FD
    dd 0x4E0A, 0xC9CF
    dd 0x4E0B, 0xCFC2
    dd 0x4E0C, 0xD8A2
    dd 0x4E0D, 0xB2BB
    dd 0x4E0E, 0xD3EB
    dd 0x4E0F, 0x8144
    dd 0x4E10, 0xD8A4
    dd 0x4E11, 0xB3F3
    dd 0x4E12, 0x8145
    dd 0x4E13, 0xD7A8
    dd 0x4E14, 0xC7D2
    dd 0x4E15, 0xD8A7
    dd 0x4E16, 0xCAC0
    dd 0x4E17, 0x8146
    dd 0x4E18, 0xC7F0
    dd 0x4E19, 0xB1FB
    dd 0x4E1A, 0xD2B5
    dd 0x4E1B, 0xB4D4
    dd 0x4E1C, 0xB6AB
    dd 0x4E1D, 0xCBBF
    dd 0x4E1E, 0xD8A9
    dd 0x4E1F, 0x8147
    dd 0x4E20, 0x8148
    dd 0x4E21, 0x8149
    dd 0x4E22, 0xB6AA
    dd 0x4E23, 0x814A
    dd 0x4E24, 0xC1BD
    dd 0x4E25, 0xD1CF
    dd 0x4E26, 0x814B
    dd 0x4E27, 0xC9A5
    dd 0x4E28, 0xD8AD
    dd 0x4E29, 0x814C
    dd 0x4E2A, 0xB8F6
    dd 0x4E2B, 0xD1BE
    dd 0x4E2C, 0xE3DC
    dd 0x4E2D, 0xD6D0
    dd 0x4E2E, 0x814D
    dd 0x4E2F, 0x814E
    dd 0x4E30, 0xB7E1
    dd 0x4E31, 0x814F
    dd 0x4E32, 0xB4AE
    dd 0x4E33, 0x8150
    dd 0x4E34, 0xC1D9
    dd 0x4E35, 0x8151
    dd 0x4E36, 0xD8BC
    dd 0x4E37, 0x8152
    dd 0x4E38, 0xCDE8
    dd 0x4E39, 0xB5A4
    dd 0x4E3A, 0xCEAA
    dd 0x4E3B, 0xD6F7
    dd 0x4E3C, 0x8153
    dd 0x4E3D, 0xC0F6
    dd 0x4E3E, 0xBED9
    dd 0x4E3F, 0xD8AF
    dd 0x4E40, 0x8154
    dd 0x4E41, 0x8155
    dd 0x4E42, 0x8156
    dd 0x4E43, 0xC4CB
    dd 0x4E44, 0x8157
    dd 0x4E45, 0xBEC3
    dd 0x4E46, 0x8158
    dd 0x4E47, 0xD8B1
    dd 0x4E48, 0xC3B4
    dd 0x4E49, 0xD2E5
    dd 0x4E4A, 0x8159
    dd 0x4E4B, 0xD6AE
    dd 0x4E4C, 0xCEDA
    dd 0x4E4D, 0xD5A7
    dd 0x4E4E, 0xBAF5
    dd 0x4E4F, 0xB7A6
    dd 0x4E50, 0xC0D6
    dd 0x4E51, 0x815A
    dd 0x4E52, 0xC6B9
    dd 0x4E53, 0xC5D2
    dd 0x4E54, 0xC7C7
    dd 0x4E55, 0x815B
    dd 0x4E56, 0xB9D4
    dd 0x4E57, 0x815C
    dd 0x4E58, 0xB3CB
    dd 0x4E59, 0xD2D2
    dd 0x4E5A, 0x815D
    dd 0x4E5B, 0x815E
    dd 0x4E5C, 0xD8BF
    dd 0x4E5D, 0xBEC5
    dd 0x4E5E, 0xC6F2
    dd 0x4E5F, 0xD2B2
    dd 0x4E60, 0xCFB0
    dd 0x4E61, 0xCFE7
    dd 0x4E62, 0x815F
    dd 0x4E63, 0x8160
    dd 0x4E64, 0x8161
    dd 0x4E65, 0x8162
    dd 0x4E66, 0xCAE9
    dd 0x4E67, 0x8163
    dd 0x4E68, 0x8164
    dd 0x4E69, 0xD8C0
    dd 0x4E6A, 0x8165
    dd 0x4E6B, 0x8166
    dd 0x4E6C, 0x8167
    dd 0x4E6D, 0x8168
    dd 0x4E6E, 0x8169
    dd 0x4E6F, 0x816A
    dd 0x4E70, 0xC2F2
    dd 0x4E71, 0xC2D2
    dd 0x4E72, 0x816B
    dd 0x4E73, 0xC8E9
    dd 0x4E74, 0x816C
    dd 0x4E75, 0x816D
    dd 0x4E76, 0x816E
    dd 0x4E77, 0x816F
    dd 0x4E78, 0x8170
    dd 0x4E79, 0x8171
    dd 0x4E7A, 0x8172
    dd 0x4E7B, 0x8173
    dd 0x4E7C, 0x8174
    dd 0x4E7D, 0x8175
    dd 0x4E7E, 0xC7AC
    dd 0x4E7F, 0x8176
    dd 0x4E80, 0x8177
    dd 0x4E81, 0x8178
    dd 0x4E82, 0x8179
    dd 0x4E83, 0x817A
    dd 0x4E84, 0x817B
    dd 0x4E85, 0x817C
    dd 0x4E86, 0xC1CB
    dd 0x4E87, 0x817D
    dd 0x4E88, 0xD3E8
    dd 0x4E89, 0xD5F9
    dd 0x4E8A, 0x817E
    dd 0x4E8B, 0xCAC2
    dd 0x4E8C, 0xB6FE
    dd 0x4E8D, 0xD8A1
    dd 0x4E8E, 0xD3DA
    dd 0x4E8F, 0xBFF7
    dd 0x4E90, 0x8180
    dd 0x4E91, 0xD4C6
    dd 0x4E92, 0xBBA5
    dd 0x4E93, 0xD8C1
    dd 0x4E94, 0xCEE5
    dd 0x4E95, 0xBEAE
    dd 0x4E96, 0x8181
    dd 0x4E97, 0x8182
    dd 0x4E98, 0xD8A8
    dd 0x4E99, 0x8183
    dd 0x4E9A, 0xD1C7
    dd 0x4E9B, 0xD0A9
    dd 0x4E9C, 0x8184
    dd 0x4E9D, 0x8185
    dd 0x4E9E, 0x8186
    dd 0x4E9F, 0xD8BD
    dd 0x4EA0, 0xD9EF
    dd 0x4EA1, 0xCDF6
    dd 0x4EA2, 0xBFBA
    dd 0x4EA3, 0x8187
    dd 0x4EA4, 0xBDBB
    dd 0x4EA5, 0xBAA5
    dd 0x4EA6, 0xD2E0
    dd 0x4EA7, 0xB2FA
    dd 0x4EA8, 0xBAE0
    dd 0x4EA9, 0xC4B6
    dd 0x4EAA, 0x8188
    dd 0x4EAB, 0xCFED
    dd 0x4EAC, 0xBEA9
    dd 0x4EAD, 0xCDA4
    dd 0x4EAE, 0xC1C1
    dd 0x4EAF, 0x8189
    dd 0x4EB0, 0x818A
    dd 0x4EB1, 0x818B
    dd 0x4EB2, 0xC7D7
    dd 0x4EB3, 0xD9F1
    dd 0x4EB4, 0x818C
    dd 0x4EB5, 0xD9F4
    dd 0x4EB6, 0x818D
    dd 0x4EB7, 0x818E
    dd 0x4EB8, 0x818F
    dd 0x4EB9, 0x8190
    dd 0x4EBA, 0xC8CB
    dd 0x4EBB, 0xD8E9
    dd 0x4EBC, 0x8191
    dd 0x4EBD, 0x8192
    dd 0x4EBE, 0x8193
    dd 0x4EBF, 0xD2DA
    dd 0x4EC0, 0xCAB2
    dd 0x4EC1, 0xC8CA
    dd 0x4EC2, 0xD8EC
    dd 0x4EC3, 0xD8EA
    dd 0x4EC4, 0xD8C6
    dd 0x4EC5, 0xBDF6
    dd 0x4EC6, 0xC6CD
    dd 0x4EC7, 0xB3F0
    dd 0x4EC8, 0x8194
    dd 0x4EC9, 0xD8EB
    dd 0x4ECA, 0xBDF1
    dd 0x4ECB, 0xBDE9
    dd 0x4ECC, 0x8195
    dd 0x4ECD, 0xC8D4
    dd 0x4ECE, 0xB4D3
    dd 0x4ECF, 0x8196
    dd 0x4ED0, 0x8197
    dd 0x4ED1, 0xC2D8
    dd 0x4ED2, 0x8198
    dd 0x4ED3, 0xB2D6
    dd 0x4ED4, 0xD7D0
    dd 0x4ED5, 0xCACB
    dd 0x4ED6, 0xCBFB
    dd 0x4ED7, 0xD5CC
    dd 0x4ED8, 0xB8B6
    dd 0x4ED9, 0xCFC9
    dd 0x4EDA, 0x8199
    dd 0x4EDB, 0x819A
    dd 0x4EDC, 0x819B
    dd 0x4EDD, 0xD9DA
    dd 0x4EDE, 0xD8F0
    dd 0x4EDF, 0xC7AA
    dd 0x4EE0, 0x819C
    dd 0x4EE1, 0xD8EE
    dd 0x4EE2, 0x819D
    dd 0x4EE3, 0xB4FA
    dd 0x4EE4, 0xC1EE
    dd 0x4EE5, 0xD2D4
    dd 0x4EE6, 0x819E
    dd 0x4EE7, 0x819F
    dd 0x4EE8, 0xD8ED
    dd 0x4EE9, 0x81A0
    dd 0x4EEA, 0xD2C7
    dd 0x4EEB, 0xD8EF
    dd 0x4EEC, 0xC3C7
    dd 0x4EED, 0x81A1
    dd 0x4EEE, 0x81A2
    dd 0x4EEF, 0x81A3
    dd 0x4EF0, 0xD1F6
    dd 0x4EF1, 0x81A4
    dd 0x4EF2, 0xD6D9
    dd 0x4EF3, 0xD8F2
    dd 0x4EF4, 0x81A5
    dd 0x4EF5, 0xD8F5
    dd 0x4EF6, 0xBCFE
    dd 0x4EF7, 0xBCDB
    dd 0x4EF8, 0x81A6
    dd 0x4EF9, 0x81A7
    dd 0x4EFA, 0x81A8
    dd 0x4EFB, 0xC8CE
    dd 0x4EFC, 0x81A9
    dd 0x4EFD, 0xB7DD
    dd 0x4EFE, 0x81AA
    dd 0x4EFF, 0xB7C2
    dd 0x4F00, 0x81AB
    dd 0x4F01, 0xC6F3
    dd 0x4F02, 0x81AC
    dd 0x4F03, 0x81AD
    dd 0x4F04, 0x81AE
    dd 0x4F05, 0x81AF
    dd 0x4F06, 0x81B0
    dd 0x4F07, 0x81B1
    dd 0x4F08, 0x81B2
    dd 0x4F09, 0xD8F8
    dd 0x4F0A, 0xD2C1
    dd 0x4F0B, 0x81B3
    dd 0x4F0C, 0x81B4
    dd 0x4F0D, 0xCEE9
    dd 0x4F0E, 0xBCBF
    dd 0x4F0F, 0xB7FC
    dd 0x4F10, 0xB7A5
    dd 0x4F11, 0xD0DD
    dd 0x4F12, 0x81B5
    dd 0x4F13, 0x81B6
    dd 0x4F14, 0x81B7
    dd 0x4F15, 0x81B8
    dd 0x4F16, 0x81B9
    dd 0x4F17, 0xD6DA
    dd 0x4F18, 0xD3C5
    dd 0x4F19, 0xBBEF
    dd 0x4F1A, 0xBBE1
    dd 0x4F1B, 0xD8F1
    dd 0x4F1C, 0x81BA
    dd 0x4F1D, 0x81BB
    dd 0x4F1E, 0xC9A1
    dd 0x4F1F, 0xCEB0
    dd 0x4F20, 0xB4AB
    dd 0x4F21, 0x81BC
    dd 0x4F22, 0xD8F3
    dd 0x4F23, 0x81BD
    dd 0x4F24, 0xC9CB
    dd 0x4F25, 0xD8F6
    dd 0x4F26, 0xC2D7
    dd 0x4F27, 0xD8F7
    dd 0x4F28, 0x81BE
    dd 0x4F29, 0x81BF
    dd 0x4F2A, 0xCEB1
    dd 0x4F2B, 0xD8F9
    dd 0x4F2C, 0x81C0
    dd 0x4F2D, 0x81C1
    dd 0x4F2E, 0x81C2
    dd 0x4F2F, 0xB2AE
    dd 0x4F30, 0xB9C0
    dd 0x4F31, 0x81C3
    dd 0x4F32, 0xD9A3
    dd 0x4F33, 0x81C4
    dd 0x4F34, 0xB0E9
    dd 0x4F35, 0x81C5
    dd 0x4F36, 0xC1E6
    dd 0x4F37, 0x81C6
    dd 0x4F38, 0xC9EC
    dd 0x4F39, 0x81C7
    dd 0x4F3A, 0xCBC5
    dd 0x4F3B, 0x81C8
    dd 0x4F3C, 0xCBC6
    dd 0x4F3D, 0xD9A4
    dd 0x4F3E, 0x81C9
    dd 0x4F3F, 0x81CA
    dd 0x4F40, 0x81CB
    dd 0x4F41, 0x81CC
    dd 0x4F42, 0x81CD
    dd 0x4F43, 0xB5E8
    dd 0x4F44, 0x81CE
    dd 0x4F45, 0x81CF
    dd 0x4F46, 0xB5AB
    dd 0x4F47, 0x81D0
    dd 0x4F48, 0x81D1
    dd 0x4F49, 0x81D2
    dd 0x4F4A, 0x81D3
    dd 0x4F4B, 0x81D4
    dd 0x4F4C, 0x81D5
    dd 0x4F4D, 0xCEBB
    dd 0x4F4E, 0xB5CD
    dd 0x4F4F, 0xD7A1
    dd 0x4F50, 0xD7F4
    dd 0x4F51, 0xD3D3
    dd 0x4F52, 0x81D6
    dd 0x4F53, 0xCCE5
    dd 0x4F54, 0x81D7
    dd 0x4F55, 0xBACE
    dd 0x4F56, 0x81D8
    dd 0x4F57, 0xD9A2
    dd 0x4F58, 0xD9DC
    dd 0x4F59, 0xD3E0
    dd 0x4F5A, 0xD8FD
    dd 0x4F5B, 0xB7F0
    dd 0x4F5C, 0xD7F7
    dd 0x4F5D, 0xD8FE
    dd 0x4F5E, 0xD8FA
    dd 0x4F5F, 0xD9A1
    dd 0x4F60, 0xC4E3
    dd 0x4F61, 0x81D9
    dd 0x4F62, 0x81DA
    dd 0x4F63, 0xD3B6
    dd 0x4F64, 0xD8F4
    dd 0x4F65, 0xD9DD
    dd 0x4F66, 0x81DB
    dd 0x4F67, 0xD8FB
    dd 0x4F68, 0x81DC
    dd 0x4F69, 0xC5E5
    dd 0x4F6A, 0x81DD
    dd 0x4F6B, 0x81DE
    dd 0x4F6C, 0xC0D0
    dd 0x4F6D, 0x81DF
    dd 0x4F6E, 0x81E0
    dd 0x4F6F, 0xD1F0
    dd 0x4F70, 0xB0DB
    dd 0x4F71, 0x81E1
    dd 0x4F72, 0x81E2
    dd 0x4F73, 0xBCD1
    dd 0x4F74, 0xD9A6
    dd 0x4F75, 0x81E3
    dd 0x4F76, 0xD9A5
    dd 0x4F77, 0x81E4
    dd 0x4F78, 0x81E5
    dd 0x4F79, 0x81E6
    dd 0x4F7A, 0x81E7
    dd 0x4F7B, 0xD9AC
    dd 0x4F7C, 0xD9AE
    dd 0x4F7D, 0x81E8
    dd 0x4F7E, 0xD9AB
    dd 0x4F7F, 0xCAB9
    dd 0x4F80, 0x81E9
    dd 0x4F81, 0x81EA
    dd 0x4F82, 0x81EB
    dd 0x4F83, 0xD9A9
    dd 0x4F84, 0xD6B6
    dd 0x4F85, 0x81EC
    dd 0x4F86, 0x81ED
    dd 0x4F87, 0x81EE
    dd 0x4F88, 0xB3DE
    dd 0x4F89, 0xD9A8
    dd 0x4F8A, 0x81EF
    dd 0x4F8B, 0xC0FD
    dd 0x4F8C, 0x81F0
    dd 0x4F8D, 0xCACC
    dd 0x4F8E, 0x81F1
    dd 0x4F8F, 0xD9AA
    dd 0x4F90, 0x81F2
    dd 0x4F91, 0xD9A7
    dd 0x4F92, 0x81F3
    dd 0x4F93, 0x81F4
    dd 0x4F94, 0xD9B0
    dd 0x4F95, 0x81F5
    dd 0x4F96, 0x81F6
    dd 0x4F97, 0xB6B1
    dd 0x4F98, 0x81F7
    dd 0x4F99, 0x81F8
    dd 0x4F9A, 0x81F9
    dd 0x4F9B, 0xB9A9
    dd 0x4F9C, 0x81FA
    dd 0x4F9D, 0xD2C0
    dd 0x4F9E, 0x81FB
    dd 0x4F9F, 0x81FC
    dd 0x4FA0, 0xCFC0
    dd 0x4FA1, 0x81FD
    dd 0x4FA2, 0x81FE
    dd 0x4FA3, 0xC2C2
    dd 0x4FA4, 0x8240
    dd 0x4FA5, 0xBDC4
    dd 0x4FA6, 0xD5EC
    dd 0x4FA7, 0xB2E0
    dd 0x4FA8, 0xC7C8
    dd 0x4FA9, 0xBFEB
    dd 0x4FAA, 0xD9AD
    dd 0x4FAB, 0x8241
    dd 0x4FAC, 0xD9AF
    dd 0x4FAD, 0x8242
    dd 0x4FAE, 0xCEEA
    dd 0x4FAF, 0xBAEE
    dd 0x4FB0, 0x8243
    dd 0x4FB1, 0x8244
    dd 0x4FB2, 0x8245
    dd 0x4FB3, 0x8246
    dd 0x4FB4, 0x8247
    dd 0x4FB5, 0xC7D6
    dd 0x4FB6, 0x8248
    dd 0x4FB7, 0x8249
    dd 0x4FB8, 0x824A
    dd 0x4FB9, 0x824B
    dd 0x4FBA, 0x824C
    dd 0x4FBB, 0x824D
    dd 0x4FBC, 0x824E
    dd 0x4FBD, 0x824F
    dd 0x4FBE, 0x8250
    dd 0x4FBF, 0xB1E3
    dd 0x4FC0, 0x8251
    dd 0x4FC1, 0x8252
    dd 0x4FC2, 0x8253
    dd 0x4FC3, 0xB4D9
    dd 0x4FC4, 0xB6ED
    dd 0x4FC5, 0xD9B4
    dd 0x4FC6, 0x8254
    dd 0x4FC7, 0x8255
    dd 0x4FC8, 0x8256
    dd 0x4FC9, 0x8257
    dd 0x4FCA, 0xBFA1
    dd 0x4FCB, 0x8258
    dd 0x4FCC, 0x8259
    dd 0x4FCD, 0x825A
    dd 0x4FCE, 0xD9DE
    dd 0x4FCF, 0xC7CE
    dd 0x4FD0, 0xC0FE
    dd 0x4FD1, 0xD9B8
    dd 0x4FD2, 0x825B
    dd 0x4FD3, 0x825C
    dd 0x4FD4, 0x825D
    dd 0x4FD5, 0x825E
    dd 0x4FD6, 0x825F
    dd 0x4FD7, 0xCBD7
    dd 0x4FD8, 0xB7FD
    dd 0x4FD9, 0x8260
    dd 0x4FDA, 0xD9B5
    dd 0x4FDB, 0x8261
    dd 0x4FDC, 0xD9B7
    dd 0x4FDD, 0xB1A3
    dd 0x4FDE, 0xD3E1
    dd 0x4FDF, 0xD9B9
    dd 0x4FE0, 0x8262
    dd 0x4FE1, 0xD0C5
    dd 0x4FE2, 0x8263
    dd 0x4FE3, 0xD9B6
    dd 0x4FE4, 0x8264
    dd 0x4FE5, 0x8265
    dd 0x4FE6, 0xD9B1
    dd 0x4FE7, 0x8266
    dd 0x4FE8, 0xD9B2
    dd 0x4FE9, 0xC1A9
    dd 0x4FEA, 0xD9B3
    dd 0x4FEB, 0x8267
    dd 0x4FEC, 0x8268
    dd 0x4FED, 0xBCF3
    dd 0x4FEE, 0xD0DE
    dd 0x4FEF, 0xB8A9
    dd 0x4FF0, 0x8269
    dd 0x4FF1, 0xBEE3
    dd 0x4FF2, 0x826A
    dd 0x4FF3, 0xD9BD
    dd 0x4FF4, 0x826B
    dd 0x4FF5, 0x826C
    dd 0x4FF6, 0x826D
    dd 0x4FF7, 0x826E
    dd 0x4FF8, 0xD9BA
    dd 0x4FF9, 0x826F
    dd 0x4FFA, 0xB0B3
    dd 0x4FFB, 0x8270
    dd 0x4FFC, 0x8271
    dd 0x4FFD, 0x8272
    dd 0x4FFE, 0xD9C2
    dd 0x4FFF, 0x8273
    dd 0x5000, 0x8274
    dd 0x5001, 0x8275
    dd 0x5002, 0x8276
    dd 0x5003, 0x8277
    dd 0x5004, 0x8278
    dd 0x5005, 0x8279
    dd 0x5006, 0x827A
    dd 0x5007, 0x827B
    dd 0x5008, 0x827C
    dd 0x5009, 0x827D
    dd 0x500A, 0x827E
    dd 0x500B, 0x8280
    dd 0x500C, 0xD9C4
    dd 0x500D, 0xB1B6
    dd 0x500E, 0x8281
    dd 0x500F, 0xD9BF
    dd 0x5010, 0x8282
    dd 0x5011, 0x8283
    dd 0x5012, 0xB5B9
    dd 0x5013, 0x8284
    dd 0x5014, 0xBEF3
    dd 0x5015, 0x8285
    dd 0x5016, 0x8286
    dd 0x5017, 0x8287
    dd 0x5018, 0xCCC8
    dd 0x5019, 0xBAF2
    dd 0x501A, 0xD2D0
    dd 0x501B, 0x8288
    dd 0x501C, 0xD9C3
    dd 0x501D, 0x8289
    dd 0x501E, 0x828A
    dd 0x501F, 0xBDE8
    dd 0x5020, 0x828B
    dd 0x5021, 0xB3AB
    dd 0x5022, 0x828C
    dd 0x5023, 0x828D
    dd 0x5024, 0x828E
    dd 0x5025, 0xD9C5
    dd 0x5026, 0xBEEB
    dd 0x5027, 0x828F
    dd 0x5028, 0xD9C6
    dd 0x5029, 0xD9BB
    dd 0x502A, 0xC4DF
    dd 0x502B, 0x8290
    dd 0x502C, 0xD9BE
    dd 0x502D, 0xD9C1
    dd 0x502E, 0xD9C0
    dd 0x502F, 0x8291
    dd 0x5030, 0x8292
    dd 0x5031, 0x8293
    dd 0x5032, 0x8294
    dd 0x5033, 0x8295
    dd 0x5034, 0x8296
    dd 0x5035, 0x8297
    dd 0x5036, 0x8298
    dd 0x5037, 0x8299
    dd 0x5038, 0x829A
    dd 0x5039, 0x829B
    dd 0x503A, 0xD5AE
    dd 0x503B, 0x829C
    dd 0x503C, 0xD6B5
    dd 0x503D, 0x829D
    dd 0x503E, 0xC7E3
    dd 0x503F, 0x829E
    dd 0x5040, 0x829F
    dd 0x5041, 0x82A0
    dd 0x5042, 0x82A1
    dd 0x5043, 0xD9C8
    dd 0x5044, 0x82A2
    dd 0x5045, 0x82A3
    dd 0x5046, 0x82A4
    dd 0x5047, 0xBCD9
    dd 0x5048, 0xD9CA
    dd 0x5049, 0x82A5
    dd 0x504A, 0x82A6
    dd 0x504B, 0x82A7
    dd 0x504C, 0xD9BC
    dd 0x504D, 0x82A8
    dd 0x504E, 0xD9CB
    dd 0x504F, 0xC6AB
    dd 0x5050, 0x82A9
    dd 0x5051, 0x82AA
    dd 0x5052, 0x82AB
    dd 0x5053, 0x82AC
    dd 0x5054, 0x82AD
    dd 0x5055, 0xD9C9
    dd 0x5056, 0x82AE
    dd 0x5057, 0x82AF
    dd 0x5058, 0x82B0
    dd 0x5059, 0x82B1
    dd 0x505A, 0xD7F6
    dd 0x505B, 0x82B2
    dd 0x505C, 0xCDA3
    dd 0x505D, 0x82B3
    dd 0x505E, 0x82B4
    dd 0x505F, 0x82B5
    dd 0x5060, 0x82B6
    dd 0x5061, 0x82B7
    dd 0x5062, 0x82B8
    dd 0x5063, 0x82B9
    dd 0x5064, 0x82BA
    dd 0x5065, 0xBDA1
    dd 0x5066, 0x82BB
    dd 0x5067, 0x82BC
    dd 0x5068, 0x82BD
    dd 0x5069, 0x82BE
    dd 0x506A, 0x82BF
    dd 0x506B, 0x82C0
    dd 0x506C, 0xD9CC
    dd 0x506D, 0x82C1
    dd 0x506E, 0x82C2
    dd 0x506F, 0x82C3
    dd 0x5070, 0x82C4
    dd 0x5071, 0x82C5
    dd 0x5072, 0x82C6
    dd 0x5073, 0x82C7
    dd 0x5074, 0x82C8
    dd 0x5075, 0x82C9
    dd 0x5076, 0xC5BC
    dd 0x5077, 0xCDB5
    dd 0x5078, 0x82CA
    dd 0x5079, 0x82CB
    dd 0x507A, 0x82CC
    dd 0x507B, 0xD9CD
    dd 0x507C, 0x82CD
    dd 0x507D, 0x82CE
    dd 0x507E, 0xD9C7
    dd 0x507F, 0xB3A5
    dd 0x5080, 0xBFFE
    dd 0x5081, 0x82CF
    dd 0x5082, 0x82D0
    dd 0x5083, 0x82D1
    dd 0x5084, 0x82D2
    dd 0x5085, 0xB8B5
    dd 0x5086, 0x82D3
    dd 0x5087, 0x82D4
    dd 0x5088, 0xC0FC
    dd 0x5089, 0x82D5
    dd 0x508A, 0x82D6
    dd 0x508B, 0x82D7
    dd 0x508C, 0x82D8
    dd 0x508D, 0xB0F8
    dd 0x508E, 0x82D9
    dd 0x508F, 0x82DA
    dd 0x5090, 0x82DB
    dd 0x5091, 0x82DC
    dd 0x5092, 0x82DD
    dd 0x5093, 0x82DE
    dd 0x5094, 0x82DF
    dd 0x5095, 0x82E0
    dd 0x5096, 0x82E1
    dd 0x5097, 0x82E2
    dd 0x5098, 0x82E3
    dd 0x5099, 0x82E4
    dd 0x509A, 0x82E5
    dd 0x509B, 0x82E6
    dd 0x509C, 0x82E7
    dd 0x509D, 0x82E8
    dd 0x509E, 0x82E9
    dd 0x509F, 0x82EA
    dd 0x50A0, 0x82EB
    dd 0x50A1, 0x82EC
    dd 0x50A2, 0x82ED
    dd 0x50A3, 0xB4F6
    dd 0x50A4, 0x82EE
    dd 0x50A5, 0xD9CE
    dd 0x50A6, 0x82EF
    dd 0x50A7, 0xD9CF
    dd 0x50A8, 0xB4A2
    dd 0x50A9, 0xD9D0
    dd 0x50AA, 0x82F0
    dd 0x50AB, 0x82F1
    dd 0x50AC, 0xB4DF
    dd 0x50AD, 0x82F2
    dd 0x50AE, 0x82F3
    dd 0x50AF, 0x82F4
    dd 0x50B0, 0x82F5
    dd 0x50B1, 0x82F6
    dd 0x50B2, 0xB0C1
    dd 0x50B3, 0x82F7
    dd 0x50B4, 0x82F8
    dd 0x50B5, 0x82F9
    dd 0x50B6, 0x82FA
    dd 0x50B7, 0x82FB
    dd 0x50B8, 0x82FC
    dd 0x50B9, 0x82FD
    dd 0x50BA, 0xD9D1
    dd 0x50BB, 0xC9B5
    dd 0x50BC, 0x82FE
    dd 0x50BD, 0x8340
    dd 0x50BE, 0x8341
    dd 0x50BF, 0x8342
    dd 0x50C0, 0x8343
    dd 0x50C1, 0x8344
    dd 0x50C2, 0x8345
    dd 0x50C3, 0x8346
    dd 0x50C4, 0x8347
    dd 0x50C5, 0x8348
    dd 0x50C6, 0x8349
    dd 0x50C7, 0x834A
    dd 0x50C8, 0x834B
    dd 0x50C9, 0x834C
    dd 0x50CA, 0x834D
    dd 0x50CB, 0x834E
    dd 0x50CC, 0x834F
    dd 0x50CD, 0x8350
    dd 0x50CE, 0x8351
    dd 0x50CF, 0xCFF1
    dd 0x50D0, 0x8352
    dd 0x50D1, 0x8353
    dd 0x50D2, 0x8354
    dd 0x50D3, 0x8355
    dd 0x50D4, 0x8356
    dd 0x50D5, 0x8357
    dd 0x50D6, 0xD9D2
    dd 0x50D7, 0x8358
    dd 0x50D8, 0x8359
    dd 0x50D9, 0x835A
    dd 0x50DA, 0xC1C5
    dd 0x50DB, 0x835B
    dd 0x50DC, 0x835C
    dd 0x50DD, 0x835D
    dd 0x50DE, 0x835E
    dd 0x50DF, 0x835F
    dd 0x50E0, 0x8360
    dd 0x50E1, 0x8361
    dd 0x50E2, 0x8362
    dd 0x50E3, 0x8363
    dd 0x50E4, 0x8364
    dd 0x50E5, 0x8365
    dd 0x50E6, 0xD9D6
    dd 0x50E7, 0xC9AE
    dd 0x50E8, 0x8366
    dd 0x50E9, 0x8367
    dd 0x50EA, 0x8368
    dd 0x50EB, 0x8369
    dd 0x50EC, 0xD9D5
    dd 0x50ED, 0xD9D4
    dd 0x50EE, 0xD9D7
    dd 0x50EF, 0x836A
    dd 0x50F0, 0x836B
    dd 0x50F1, 0x836C
    dd 0x50F2, 0x836D
    dd 0x50F3, 0xCBDB
    dd 0x50F4, 0x836E
    dd 0x50F5, 0xBDA9
    dd 0x50F6, 0x836F
    dd 0x50F7, 0x8370
    dd 0x50F8, 0x8371
    dd 0x50F9, 0x8372
    dd 0x50FA, 0x8373
    dd 0x50FB, 0xC6A7
    dd 0x50FC, 0x8374
    dd 0x50FD, 0x8375
    dd 0x50FE, 0x8376
    dd 0x50FF, 0x8377
    dd 0x5100, 0x8378
    dd 0x5101, 0x8379
    dd 0x5102, 0x837A
    dd 0x5103, 0x837B
    dd 0x5104, 0x837C
    dd 0x5105, 0x837D
    dd 0x5106, 0xD9D3
    dd 0x5107, 0xD9D8
    dd 0x5108, 0x837E
    dd 0x5109, 0x8380
    dd 0x510A, 0x8381
    dd 0x510B, 0xD9D9
    dd 0x510C, 0x8382
    dd 0x510D, 0x8383
    dd 0x510E, 0x8384
    dd 0x510F, 0x8385
    dd 0x5110, 0x8386
    dd 0x5111, 0x8387
    dd 0x5112, 0xC8E5
    dd 0x5113, 0x8388
    dd 0x5114, 0x8389
    dd 0x5115, 0x838A
    dd 0x5116, 0x838B
    dd 0x5117, 0x838C
    dd 0x5118, 0x838D
    dd 0x5119, 0x838E
    dd 0x511A, 0x838F
    dd 0x511B, 0x8390
    dd 0x511C, 0x8391
    dd 0x511D, 0x8392
    dd 0x511E, 0x8393
    dd 0x511F, 0x8394
    dd 0x5120, 0x8395
    dd 0x5121, 0xC0DC
    dd 0x5122, 0x8396
    dd 0x5123, 0x8397
    dd 0x5124, 0x8398
    dd 0x5125, 0x8399
    dd 0x5126, 0x839A
    dd 0x5127, 0x839B
    dd 0x5128, 0x839C
    dd 0x5129, 0x839D
    dd 0x512A, 0x839E
    dd 0x512B, 0x839F
    dd 0x512C, 0x83A0
    dd 0x512D, 0x83A1
    dd 0x512E, 0x83A2
    dd 0x512F, 0x83A3
    dd 0x5130, 0x83A4
    dd 0x5131, 0x83A5
    dd 0x5132, 0x83A6
    dd 0x5133, 0x83A7
    dd 0x5134, 0x83A8
    dd 0x5135, 0x83A9
    dd 0x5136, 0x83AA
    dd 0x5137, 0x83AB
    dd 0x5138, 0x83AC
    dd 0x5139, 0x83AD
    dd 0x513A, 0x83AE
    dd 0x513B, 0x83AF
    dd 0x513C, 0x83B0
    dd 0x513D, 0x83B1
    dd 0x513E, 0x83B2
    dd 0x513F, 0xB6F9
    dd 0x5140, 0xD8A3
    dd 0x5141, 0xD4CA
    dd 0x5142, 0x83B3
    dd 0x5143, 0xD4AA
    dd 0x5144, 0xD0D6
    dd 0x5145, 0xB3E4
    dd 0x5146, 0xD5D7
    dd 0x5147, 0x83B4
    dd 0x5148, 0xCFC8
    dd 0x5149, 0xB9E2
    dd 0x514A, 0x83B5
    dd 0x514B, 0xBFCB
    dd 0x514C, 0x83B6
    dd 0x514D, 0xC3E2
    dd 0x514E, 0x83B7
    dd 0x514F, 0x83B8
    dd 0x5150, 0x83B9
    dd 0x5151, 0xB6D2
    dd 0x5152, 0x83BA
    dd 0x5153, 0x83BB
    dd 0x5154, 0xCDC3
    dd 0x5155, 0xD9EE
    dd 0x5156, 0xD9F0
    dd 0x5157, 0x83BC
    dd 0x5158, 0x83BD
    dd 0x5159, 0x83BE
    dd 0x515A, 0xB5B3
    dd 0x515B, 0x83BF
    dd 0x515C, 0xB6B5
    dd 0x515D, 0x83C0
    dd 0x515E, 0x83C1
    dd 0x515F, 0x83C2
    dd 0x5160, 0x83C3
    dd 0x5161, 0x83C4
    dd 0x5162, 0xBEA4
    dd 0x5163, 0x83C5
    dd 0x5164, 0x83C6
    dd 0x5165, 0xC8EB
    dd 0x5166, 0x83C7
    dd 0x5167, 0x83C8
    dd 0x5168, 0xC8AB
    dd 0x5169, 0x83C9
    dd 0x516A, 0x83CA
    dd 0x516B, 0xB0CB
    dd 0x516C, 0xB9AB
    dd 0x516D, 0xC1F9
    dd 0x516E, 0xD9E2
    dd 0x516F, 0x83CB
    dd 0x5170, 0xC0BC
    dd 0x5171, 0xB9B2
    dd 0x5172, 0x83CC
    dd 0x5173, 0xB9D8
    dd 0x5174, 0xD0CB
    dd 0x5175, 0xB1F8
    dd 0x5176, 0xC6E4
    dd 0x5177, 0xBEDF
    dd 0x5178, 0xB5E4
    dd 0x5179, 0xD7C8
    dd 0x517A, 0x83CD
    dd 0x517B, 0xD1F8
    dd 0x517C, 0xBCE6
    dd 0x517D, 0xCADE
    dd 0x517E, 0x83CE
    dd 0x517F, 0x83CF
    dd 0x5180, 0xBCBD
    dd 0x5181, 0xD9E6
    dd 0x5182, 0xD8E7
    dd 0x5183, 0x83D0
    dd 0x5184, 0x83D1
    dd 0x5185, 0xC4DA
    dd 0x5186, 0x83D2
    dd 0x5187, 0x83D3
    dd 0x5188, 0xB8D4
    dd 0x5189, 0xC8BD
    dd 0x518A, 0x83D4
    dd 0x518B, 0x83D5
    dd 0x518C, 0xB2E1
    dd 0x518D, 0xD4D9
    dd 0x518E, 0x83D6
    dd 0x518F, 0x83D7
    dd 0x5190, 0x83D8
    dd 0x5191, 0x83D9
    dd 0x5192, 0xC3B0
    dd 0x5193, 0x83DA
    dd 0x5194, 0x83DB
    dd 0x5195, 0xC3E1
    dd 0x5196, 0xDAA2
    dd 0x5197, 0xC8DF
    dd 0x5198, 0x83DC
    dd 0x5199, 0xD0B4
    dd 0x519A, 0x83DD
    dd 0x519B, 0xBEFC
    dd 0x519C, 0xC5A9
    dd 0x519D, 0x83DE
    dd 0x519E, 0x83DF
    dd 0x519F, 0x83E0
    dd 0x51A0, 0xB9DA
    dd 0x51A1, 0x83E1
    dd 0x51A2, 0xDAA3
    dd 0x51A3, 0x83E2
    dd 0x51A4, 0xD4A9
    dd 0x51A5, 0xDAA4
    dd 0x51A6, 0x83E3
    dd 0x51A7, 0x83E4
    dd 0x51A8, 0x83E5
    dd 0x51A9, 0x83E6
    dd 0x51AA, 0x83E7
    dd 0x51AB, 0xD9FB
    dd 0x51AC, 0xB6AC
    dd 0x51AD, 0x83E8
    dd 0x51AE, 0x83E9
    dd 0x51AF, 0xB7EB
    dd 0x51B0, 0xB1F9
    dd 0x51B1, 0xD9FC
    dd 0x51B2, 0xB3E5
    dd 0x51B3, 0xBEF6
    dd 0x51B4, 0x83EA
    dd 0x51B5, 0xBFF6
    dd 0x51B6, 0xD2B1
    dd 0x51B7, 0xC0E4
    dd 0x51B8, 0x83EB
    dd 0x51B9, 0x83EC
    dd 0x51BA, 0x83ED
    dd 0x51BB, 0xB6B3
    dd 0x51BC, 0xD9FE
    dd 0x51BD, 0xD9FD
    dd 0x51BE, 0x83EE
    dd 0x51BF, 0x83EF
    dd 0x51C0, 0xBEBB
    dd 0x51C1, 0x83F0
    dd 0x51C2, 0x83F1
    dd 0x51C3, 0x83F2
    dd 0x51C4, 0xC6E0
    dd 0x51C5, 0x83F3
    dd 0x51C6, 0xD7BC
    dd 0x51C7, 0xDAA1
    dd 0x51C8, 0x83F4
    dd 0x51C9, 0xC1B9
    dd 0x51CA, 0x83F5
    dd 0x51CB, 0xB5F2
    dd 0x51CC, 0xC1E8
    dd 0x51CD, 0x83F6
    dd 0x51CE, 0x83F7
    dd 0x51CF, 0xBCF5
    dd 0x51D0, 0x83F8
    dd 0x51D1, 0xB4D5
    dd 0x51D2, 0x83F9
    dd 0x51D3, 0x83FA
    dd 0x51D4, 0x83FB
    dd 0x51D5, 0x83FC
    dd 0x51D6, 0x83FD
    dd 0x51D7, 0x83FE
    dd 0x51D8, 0x8440
    dd 0x51D9, 0x8441
    dd 0x51DA, 0x8442
    dd 0x51DB, 0xC1DD
    dd 0x51DC, 0x8443
    dd 0x51DD, 0xC4FD
    dd 0x51DE, 0x8444
    dd 0x51DF, 0x8445
    dd 0x51E0, 0xBCB8
    dd 0x51E1, 0xB7B2
    dd 0x51E2, 0x8446
    dd 0x51E3, 0x8447
    dd 0x51E4, 0xB7EF
    dd 0x51E5, 0x8448
    dd 0x51E6, 0x8449
    dd 0x51E7, 0x844A
    dd 0x51E8, 0x844B
    dd 0x51E9, 0x844C
    dd 0x51EA, 0x844D
    dd 0x51EB, 0xD9EC
    dd 0x51EC, 0x844E
    dd 0x51ED, 0xC6BE
    dd 0x51EE, 0x844F
    dd 0x51EF, 0xBFAD
    dd 0x51F0, 0xBBCB
    dd 0x51F1, 0x8450
    dd 0x51F2, 0x8451
    dd 0x51F3, 0xB5CA
    dd 0x51F4, 0x8452
    dd 0x51F5, 0xDBC9
    dd 0x51F6, 0xD0D7
    dd 0x51F7, 0x8453
    dd 0x51F8, 0xCDB9
    dd 0x51F9, 0xB0BC
    dd 0x51FA, 0xB3F6
    dd 0x51FB, 0xBBF7
    dd 0x51FC, 0xDBCA
    dd 0x51FD, 0xBAAF
    dd 0x51FE, 0x8454
    dd 0x51FF, 0xD4E4
    dd 0x5200, 0xB5B6
    dd 0x5201, 0xB5F3
    dd 0x5202, 0xD8D6
    dd 0x5203, 0xC8D0
    dd 0x5204, 0x8455
    dd 0x5205, 0x8456
    dd 0x5206, 0xB7D6
    dd 0x5207, 0xC7D0
    dd 0x5208, 0xD8D7
    dd 0x5209, 0x8457
    dd 0x520A, 0xBFAF
    dd 0x520B, 0x8458
    dd 0x520C, 0x8459
    dd 0x520D, 0xDBBB
    dd 0x520E, 0xD8D8
    dd 0x520F, 0x845A
    dd 0x5210, 0x845B
    dd 0x5211, 0xD0CC
    dd 0x5212, 0xBBAE
    dd 0x5213, 0x845C
    dd 0x5214, 0x845D
    dd 0x5215, 0x845E
    dd 0x5216, 0xEBBE
    dd 0x5217, 0xC1D0
    dd 0x5218, 0xC1F5
    dd 0x5219, 0xD4F2
    dd 0x521A, 0xB8D5
    dd 0x521B, 0xB4B4
    dd 0x521C, 0x845F
    dd 0x521D, 0xB3F5
    dd 0x521E, 0x8460
    dd 0x521F, 0x8461
    dd 0x5220, 0xC9BE
    dd 0x5221, 0x8462
    dd 0x5222, 0x8463
    dd 0x5223, 0x8464
    dd 0x5224, 0xC5D0
    dd 0x5225, 0x8465
    dd 0x5226, 0x8466
    dd 0x5227, 0x8467
    dd 0x5228, 0xC5D9
    dd 0x5229, 0xC0FB
    dd 0x522A, 0x8468
    dd 0x522B, 0xB1F0
    dd 0x522C, 0x8469
    dd 0x522D, 0xD8D9
    dd 0x522E, 0xB9CE
    dd 0x522F, 0x846A
    dd 0x5230, 0xB5BD
    dd 0x5231, 0x846B
    dd 0x5232, 0x846C
    dd 0x5233, 0xD8DA
    dd 0x5234, 0x846D
    dd 0x5235, 0x846E
    dd 0x5236, 0xD6C6
    dd 0x5237, 0xCBA2
    dd 0x5238, 0xC8AF
    dd 0x5239, 0xC9B2
    dd 0x523A, 0xB4CC
    dd 0x523B, 0xBFCC
    dd 0x523C, 0x846F
    dd 0x523D, 0xB9F4
    dd 0x523E, 0x8470
    dd 0x523F, 0xD8DB
    dd 0x5240, 0xD8DC
    dd 0x5241, 0xB6E7
    dd 0x5242, 0xBCC1
    dd 0x5243, 0xCCEA
    dd 0x5244, 0x8471
    dd 0x5245, 0x8472
    dd 0x5246, 0x8473
    dd 0x5247, 0x8474
    dd 0x5248, 0x8475
    dd 0x5249, 0x8476
    dd 0x524A, 0xCFF7
    dd 0x524B, 0x8477
    dd 0x524C, 0xD8DD
    dd 0x524D, 0xC7B0
    dd 0x524E, 0x8478
    dd 0x524F, 0x8479
    dd 0x5250, 0xB9D0
    dd 0x5251, 0xBDA3
    dd 0x5252, 0x847A
    dd 0x5253, 0x847B
    dd 0x5254, 0xCCDE
    dd 0x5255, 0x847C
    dd 0x5256, 0xC6CA
    dd 0x5257, 0x847D
    dd 0x5258, 0x847E
    dd 0x5259, 0x8480
    dd 0x525A, 0x8481
    dd 0x525B, 0x8482
    dd 0x525C, 0xD8E0
    dd 0x525D, 0x8483
    dd 0x525E, 0xD8DE
    dd 0x525F, 0x8484
    dd 0x5260, 0x8485
    dd 0x5261, 0xD8DF
    dd 0x5262, 0x8486
    dd 0x5263, 0x8487
    dd 0x5264, 0x8488
    dd 0x5265, 0xB0FE
    dd 0x5266, 0x8489
    dd 0x5267, 0xBEE7
    dd 0x5268, 0x848A
    dd 0x5269, 0xCAA3
    dd 0x526A, 0xBCF4
    dd 0x526B, 0x848B
    dd 0x526C, 0x848C
    dd 0x526D, 0x848D
    dd 0x526E, 0x848E
    dd 0x526F, 0xB8B1
    dd 0x5270, 0x848F
    dd 0x5271, 0x8490
    dd 0x5272, 0xB8EE
    dd 0x5273, 0x8491
    dd 0x5274, 0x8492
    dd 0x5275, 0x8493
    dd 0x5276, 0x8494
    dd 0x5277, 0x8495
    dd 0x5278, 0x8496
    dd 0x5279, 0x8497
    dd 0x527A, 0x8498
    dd 0x527B, 0x8499
    dd 0x527C, 0x849A
    dd 0x527D, 0xD8E2
    dd 0x527E, 0x849B
    dd 0x527F, 0xBDCB
    dd 0x5280, 0x849C
    dd 0x5281, 0xD8E4
    dd 0x5282, 0xD8E3
    dd 0x5283, 0x849D
    dd 0x5284, 0x849E
    dd 0x5285, 0x849F
    dd 0x5286, 0x84A0
    dd 0x5287, 0x84A1
    dd 0x5288, 0xC5FC
    dd 0x5289, 0x84A2
    dd 0x528A, 0x84A3
    dd 0x528B, 0x84A4
    dd 0x528C, 0x84A5
    dd 0x528D, 0x84A6
    dd 0x528E, 0x84A7
    dd 0x528F, 0x84A8
    dd 0x5290, 0xD8E5
    dd 0x5291, 0x84A9
    dd 0x5292, 0x84AA
    dd 0x5293, 0xD8E6
    dd 0x5294, 0x84AB
    dd 0x5295, 0x84AC
    dd 0x5296, 0x84AD
    dd 0x5297, 0x84AE
    dd 0x5298, 0x84AF
    dd 0x5299, 0x84B0
    dd 0x529A, 0x84B1
    dd 0x529B, 0xC1A6
    dd 0x529C, 0x84B2
    dd 0x529D, 0xC8B0
    dd 0x529E, 0xB0EC
    dd 0x529F, 0xB9A6
    dd 0x52A0, 0xBCD3
    dd 0x52A1, 0xCEF1
    dd 0x52A2, 0xDBBD
    dd 0x52A3, 0xC1D3
    dd 0x52A4, 0x84B3
    dd 0x52A5, 0x84B4
    dd 0x52A6, 0x84B5
    dd 0x52A7, 0x84B6
    dd 0x52A8, 0xB6AF
    dd 0x52A9, 0xD6FA
    dd 0x52AA, 0xC5AC
    dd 0x52AB, 0xBDD9
    dd 0x52AC, 0xDBBE
    dd 0x52AD, 0xDBBF
    dd 0x52AE, 0x84B7
    dd 0x52AF, 0x84B8
    dd 0x52B0, 0x84B9
    dd 0x52B1, 0xC0F8
    dd 0x52B2, 0xBEA2
    dd 0x52B3, 0xC0CD
    dd 0x52B4, 0x84BA
    dd 0x52B5, 0x84BB
    dd 0x52B6, 0x84BC
    dd 0x52B7, 0x84BD
    dd 0x52B8, 0x84BE
    dd 0x52B9, 0x84BF
    dd 0x52BA, 0x84C0
    dd 0x52BB, 0x84C1
    dd 0x52BC, 0x84C2
    dd 0x52BD, 0x84C3
    dd 0x52BE, 0xDBC0
    dd 0x52BF, 0xCAC6
    dd 0x52C0, 0x84C4
    dd 0x52C1, 0x84C5
    dd 0x52C2, 0x84C6
    dd 0x52C3, 0xB2AA
    dd 0x52C4, 0x84C7
    dd 0x52C5, 0x84C8
    dd 0x52C6, 0x84C9
    dd 0x52C7, 0xD3C2
    dd 0x52C8, 0x84CA
    dd 0x52C9, 0xC3E3
    dd 0x52CA, 0x84CB
    dd 0x52CB, 0xD1AB
    dd 0x52CC, 0x84CC
    dd 0x52CD, 0x84CD
    dd 0x52CE, 0x84CE
    dd 0x52CF, 0x84CF
    dd 0x52D0, 0xDBC2
    dd 0x52D1, 0x84D0
    dd 0x52D2, 0xC0D5
    dd 0x52D3, 0x84D1
    dd 0x52D4, 0x84D2
    dd 0x52D5, 0x84D3
    dd 0x52D6, 0xDBC3
    dd 0x52D7, 0x84D4
    dd 0x52D8, 0xBFB1
    dd 0x52D9, 0x84D5
    dd 0x52DA, 0x84D6
    dd 0x52DB, 0x84D7
    dd 0x52DC, 0x84D8
    dd 0x52DD, 0x84D9
    dd 0x52DE, 0x84DA
    dd 0x52DF, 0xC4BC
    dd 0x52E0, 0x84DB
    dd 0x52E1, 0x84DC
    dd 0x52E2, 0x84DD
    dd 0x52E3, 0x84DE
    dd 0x52E4, 0xC7DA
    dd 0x52E5, 0x84DF
    dd 0x52E6, 0x84E0
    dd 0x52E7, 0x84E1
    dd 0x52E8, 0x84E2
    dd 0x52E9, 0x84E3
    dd 0x52EA, 0x84E4
    dd 0x52EB, 0x84E5
    dd 0x52EC, 0x84E6
    dd 0x52ED, 0x84E7
    dd 0x52EE, 0x84E8
    dd 0x52EF, 0x84E9
    dd 0x52F0, 0xDBC4
    dd 0x52F1, 0x84EA
    dd 0x52F2, 0x84EB
    dd 0x52F3, 0x84EC
    dd 0x52F4, 0x84ED
    dd 0x52F5, 0x84EE
    dd 0x52F6, 0x84EF
    dd 0x52F7, 0x84F0
    dd 0x52F8, 0x84F1
    dd 0x52F9, 0xD9E8
    dd 0x52FA, 0xC9D7
    dd 0x52FB, 0x84F2
    dd 0x52FC, 0x84F3
    dd 0x52FD, 0x84F4
    dd 0x52FE, 0xB9B4
    dd 0x52FF, 0xCEF0
    dd 0x5300, 0xD4C8
    dd 0x5301, 0x84F5
    dd 0x5302, 0x84F6
    dd 0x5303, 0x84F7
    dd 0x5304, 0x84F8
    dd 0x5305, 0xB0FC
    dd 0x5306, 0xB4D2
    dd 0x5307, 0x84F9
    dd 0x5308, 0xD0D9
    dd 0x5309, 0x84FA
    dd 0x530A, 0x84FB
    dd 0x530B, 0x84FC
    dd 0x530C, 0x84FD
    dd 0x530D, 0xD9E9
    dd 0x530E, 0x84FE
    dd 0x530F, 0xDECB
    dd 0x5310, 0xD9EB
    dd 0x5311, 0x8540
    dd 0x5312, 0x8541
    dd 0x5313, 0x8542
    dd 0x5314, 0x8543
    dd 0x5315, 0xD8B0
    dd 0x5316, 0xBBAF
    dd 0x5317, 0xB1B1
    dd 0x5318, 0x8544
    dd 0x5319, 0xB3D7
    dd 0x531A, 0xD8CE
    dd 0x531B, 0x8545
    dd 0x531C, 0x8546
    dd 0x531D, 0xD4D1
    dd 0x531E, 0x8547
    dd 0x531F, 0x8548
    dd 0x5320, 0xBDB3
    dd 0x5321, 0xBFEF
    dd 0x5322, 0x8549
    dd 0x5323, 0xCFBB
    dd 0x5324, 0x854A
    dd 0x5325, 0x854B
    dd 0x5326, 0xD8D0
    dd 0x5327, 0x854C
    dd 0x5328, 0x854D
    dd 0x5329, 0x854E
    dd 0x532A, 0xB7CB
    dd 0x532B, 0x854F
    dd 0x532C, 0x8550
    dd 0x532D, 0x8551
    dd 0x532E, 0xD8D1
    dd 0x532F, 0x8552
    dd 0x5330, 0x8553
    dd 0x5331, 0x8554
    dd 0x5332, 0x8555
    dd 0x5333, 0x8556
    dd 0x5334, 0x8557
    dd 0x5335, 0x8558
    dd 0x5336, 0x8559
    dd 0x5337, 0x855A
    dd 0x5338, 0x855B
    dd 0x5339, 0xC6A5
    dd 0x533A, 0xC7F8
    dd 0x533B, 0xD2BD
    dd 0x533C, 0x855C
    dd 0x533D, 0x855D
    dd 0x533E, 0xD8D2
    dd 0x533F, 0xC4E4
    dd 0x5340, 0x855E
    dd 0x5341, 0xCAAE
    dd 0x5342, 0x855F
    dd 0x5343, 0xC7A7
    dd 0x5344, 0x8560
    dd 0x5345, 0xD8A6
    dd 0x5346, 0x8561
    dd 0x5347, 0xC9FD
    dd 0x5348, 0xCEE7
    dd 0x5349, 0xBBDC
    dd 0x534A, 0xB0EB
    dd 0x534B, 0x8562
    dd 0x534C, 0x8563
    dd 0x534D, 0x8564
    dd 0x534E, 0xBBAA
    dd 0x534F, 0xD0AD
    dd 0x5350, 0x8565
    dd 0x5351, 0xB1B0
    dd 0x5352, 0xD7E4
    dd 0x5353, 0xD7BF
    dd 0x5354, 0x8566
    dd 0x5355, 0xB5A5
    dd 0x5356, 0xC2F4
    dd 0x5357, 0xC4CF
    dd 0x5358, 0x8567
    dd 0x5359, 0x8568
    dd 0x535A, 0xB2A9
    dd 0x535B, 0x8569
    dd 0x535C, 0xB2B7
    dd 0x535D, 0x856A
    dd 0x535E, 0xB1E5
    dd 0x535F, 0xDFB2
    dd 0x5360, 0xD5BC
    dd 0x5361, 0xBFA8
    dd 0x5362, 0xC2AC
    dd 0x5363, 0xD8D5
    dd 0x5364, 0xC2B1
    dd 0x5365, 0x856B
    dd 0x5366, 0xD8D4
    dd 0x5367, 0xCED4
    dd 0x5368, 0x856C
    dd 0x5369, 0xDAE0
    dd 0x536A, 0x856D
    dd 0x536B, 0xCEC0
    dd 0x536C, 0x856E
    dd 0x536D, 0x856F
    dd 0x536E, 0xD8B4
    dd 0x536F, 0xC3AE
    dd 0x5370, 0xD3A1
    dd 0x5371, 0xCEA3
    dd 0x5372, 0x8570
    dd 0x5373, 0xBCB4
    dd 0x5374, 0xC8B4
    dd 0x5375, 0xC2D1
    dd 0x5376, 0x8571
    dd 0x5377, 0xBEED
    dd 0x5378, 0xD0B6
    dd 0x5379, 0x8572
    dd 0x537A, 0xDAE1
    dd 0x537B, 0x8573
    dd 0x537C, 0x8574
    dd 0x537D, 0x8575
    dd 0x537E, 0x8576
    dd 0x537F, 0xC7E4
    dd 0x5380, 0x8577
    dd 0x5381, 0x8578
    dd 0x5382, 0xB3A7
    dd 0x5383, 0x8579
    dd 0x5384, 0xB6F2
    dd 0x5385, 0xCCFC
    dd 0x5386, 0xC0FA
    dd 0x5387, 0x857A
    dd 0x5388, 0x857B
    dd 0x5389, 0xC0F7
    dd 0x538A, 0x857C
    dd 0x538B, 0xD1B9
    dd 0x538C, 0xD1E1
    dd 0x538D, 0xD8C7
    dd 0x538E, 0x857D
    dd 0x538F, 0x857E
    dd 0x5390, 0x8580
    dd 0x5391, 0x8581
    dd 0x5392, 0x8582
    dd 0x5393, 0x8583
    dd 0x5394, 0x8584
    dd 0x5395, 0xB2DE
    dd 0x5396, 0x8585
    dd 0x5397, 0x8586
    dd 0x5398, 0xC0E5
    dd 0x5399, 0x8587
    dd 0x539A, 0xBAF1
    dd 0x539B, 0x8588
    dd 0x539C, 0x8589
    dd 0x539D, 0xD8C8
    dd 0x539E, 0x858A
    dd 0x539F, 0xD4AD
    dd 0x53A0, 0x858B
    dd 0x53A1, 0x858C
    dd 0x53A2, 0xCFE1
    dd 0x53A3, 0xD8C9
    dd 0x53A4, 0x858D
    dd 0x53A5, 0xD8CA
    dd 0x53A6, 0xCFC3
    dd 0x53A7, 0x858E
    dd 0x53A8, 0xB3F8
    dd 0x53A9, 0xBEC7
    dd 0x53AA, 0x858F
    dd 0x53AB, 0x8590
    dd 0x53AC, 0x8591
    dd 0x53AD, 0x8592
    dd 0x53AE, 0xD8CB
    dd 0x53AF, 0x8593
    dd 0x53B0, 0x8594
    dd 0x53B1, 0x8595
    dd 0x53B2, 0x8596
    dd 0x53B3, 0x8597
    dd 0x53B4, 0x8598
    dd 0x53B5, 0x8599
    dd 0x53B6, 0xDBCC
    dd 0x53B7, 0x859A
    dd 0x53B8, 0x859B
    dd 0x53B9, 0x859C
    dd 0x53BA, 0x859D
    dd 0x53BB, 0xC8A5
    dd 0x53BC, 0x859E
    dd 0x53BD, 0x859F
    dd 0x53BE, 0x85A0
    dd 0x53BF, 0xCFD8
    dd 0x53C0, 0x85A1
    dd 0x53C1, 0xC8FE
    dd 0x53C2, 0xB2CE
    dd 0x53C3, 0x85A2
    dd 0x53C4, 0x85A3
    dd 0x53C5, 0x85A4
    dd 0x53C6, 0x85A5
    dd 0x53C7, 0x85A6
    dd 0x53C8, 0xD3D6
    dd 0x53C9, 0xB2E6
    dd 0x53CA, 0xBCB0
    dd 0x53CB, 0xD3D1
    dd 0x53CC, 0xCBAB
    dd 0x53CD, 0xB7B4
    dd 0x53CE, 0x85A7
    dd 0x53CF, 0x85A8
    dd 0x53D0, 0x85A9
    dd 0x53D1, 0xB7A2
    dd 0x53D2, 0x85AA
    dd 0x53D3, 0x85AB
    dd 0x53D4, 0xCAE5
    dd 0x53D5, 0x85AC
    dd 0x53D6, 0xC8A1
    dd 0x53D7, 0xCADC
    dd 0x53D8, 0xB1E4
    dd 0x53D9, 0xD0F0
    dd 0x53DA, 0x85AD
    dd 0x53DB, 0xC5D1
    dd 0x53DC, 0x85AE
    dd 0x53DD, 0x85AF
    dd 0x53DE, 0x85B0
    dd 0x53DF, 0xDBC5
    dd 0x53E0, 0xB5FE
    dd 0x53E1, 0x85B1
    dd 0x53E2, 0x85B2
    dd 0x53E3, 0xBFDA
    dd 0x53E4, 0xB9C5
    dd 0x53E5, 0xBEE4
    dd 0x53E6, 0xC1ED
    dd 0x53E7, 0x85B3
    dd 0x53E8, 0xDFB6
    dd 0x53E9, 0xDFB5
    dd 0x53EA, 0xD6BB
    dd 0x53EB, 0xBDD0
    dd 0x53EC, 0xD5D9
    dd 0x53ED, 0xB0C8
    dd 0x53EE, 0xB6A3
    dd 0x53EF, 0xBFC9
    dd 0x53F0, 0xCCA8
    dd 0x53F1, 0xDFB3
    dd 0x53F2, 0xCAB7
    dd 0x53F3, 0xD3D2
    dd 0x53F4, 0x85B4
    dd 0x53F5, 0xD8CF
    dd 0x53F6, 0xD2B6
    dd 0x53F7, 0xBAC5
    dd 0x53F8, 0xCBBE
    dd 0x53F9, 0xCCBE
    dd 0x53FA, 0x85B5
    dd 0x53FB, 0xDFB7
    dd 0x53FC, 0xB5F0
    dd 0x53FD, 0xDFB4
    dd 0x53FE, 0x85B6
    dd 0x53FF, 0x85B7
    dd 0x5400, 0x85B8
    dd 0x5401, 0xD3F5
    dd 0x5402, 0x85B9
    dd 0x5403, 0xB3D4
    dd 0x5404, 0xB8F7
    dd 0x5405, 0x85BA
    dd 0x5406, 0xDFBA
    dd 0x5407, 0x85BB
    dd 0x5408, 0xBACF
    dd 0x5409, 0xBCAA
    dd 0x540A, 0xB5F5
    dd 0x540B, 0x85BC
    dd 0x540C, 0xCDAC
    dd 0x540D, 0xC3FB
    dd 0x540E, 0xBAF3
    dd 0x540F, 0xC0F4
    dd 0x5410, 0xCDC2
    dd 0x5411, 0xCFF2
    dd 0x5412, 0xDFB8
    dd 0x5413, 0xCFC5
    dd 0x5414, 0x85BD
    dd 0x5415, 0xC2C0
    dd 0x5416, 0xDFB9
    dd 0x5417, 0xC2F0
    dd 0x5418, 0x85BE
    dd 0x5419, 0x85BF
    dd 0x541A, 0x85C0
    dd 0x541B, 0xBEFD
    dd 0x541C, 0x85C1
    dd 0x541D, 0xC1DF
    dd 0x541E, 0xCDCC
    dd 0x541F, 0xD2F7
    dd 0x5420, 0xB7CD
    dd 0x5421, 0xDFC1
    dd 0x5422, 0x85C2
    dd 0x5423, 0xDFC4
    dd 0x5424, 0x85C3
    dd 0x5425, 0x85C4
    dd 0x5426, 0xB7F1
    dd 0x5427, 0xB0C9
    dd 0x5428, 0xB6D6
    dd 0x5429, 0xB7D4
    dd 0x542A, 0x85C5
    dd 0x542B, 0xBAAC
    dd 0x542C, 0xCCFD
    dd 0x542D, 0xBFD4
    dd 0x542E, 0xCBB1
    dd 0x542F, 0xC6F4
    dd 0x5430, 0x85C6
    dd 0x5431, 0xD6A8
    dd 0x5432, 0xDFC5
    dd 0x5433, 0x85C7
    dd 0x5434, 0xCEE2
    dd 0x5435, 0xB3B3
    dd 0x5436, 0x85C8
    dd 0x5437, 0x85C9
    dd 0x5438, 0xCEFC
    dd 0x5439, 0xB4B5
    dd 0x543A, 0x85CA
    dd 0x543B, 0xCEC7
    dd 0x543C, 0xBAF0
    dd 0x543D, 0x85CB
    dd 0x543E, 0xCEE1
    dd 0x543F, 0x85CC
    dd 0x5440, 0xD1BD
    dd 0x5441, 0x85CD
    dd 0x5442, 0x85CE
    dd 0x5443, 0xDFC0
    dd 0x5444, 0x85CF
    dd 0x5445, 0x85D0
    dd 0x5446, 0xB4F4
    dd 0x5447, 0x85D1
    dd 0x5448, 0xB3CA
    dd 0x5449, 0x85D2
    dd 0x544A, 0xB8E6
    dd 0x544B, 0xDFBB
    dd 0x544C, 0x85D3
    dd 0x544D, 0x85D4
    dd 0x544E, 0x85D5
    dd 0x544F, 0x85D6
    dd 0x5450, 0xC4C5
    dd 0x5451, 0x85D7
    dd 0x5452, 0xDFBC
    dd 0x5453, 0xDFBD
    dd 0x5454, 0xDFBE
    dd 0x5455, 0xC5BB
    dd 0x5456, 0xDFBF
    dd 0x5457, 0xDFC2
    dd 0x5458, 0xD4B1
    dd 0x5459, 0xDFC3
    dd 0x545A, 0x85D8
    dd 0x545B, 0xC7BA
    dd 0x545C, 0xCED8
    dd 0x545D, 0x85D9
    dd 0x545E, 0x85DA
    dd 0x545F, 0x85DB
    dd 0x5460, 0x85DC
    dd 0x5461, 0x85DD
    dd 0x5462, 0xC4D8
    dd 0x5463, 0x85DE
    dd 0x5464, 0xDFCA
    dd 0x5465, 0x85DF
    dd 0x5466, 0xDFCF
    dd 0x5467, 0x85E0
    dd 0x5468, 0xD6DC
    dd 0x5469, 0x85E1
    dd 0x546A, 0x85E2
    dd 0x546B, 0x85E3
    dd 0x546C, 0x85E4
    dd 0x546D, 0x85E5
    dd 0x546E, 0x85E6
    dd 0x546F, 0x85E7
    dd 0x5470, 0x85E8
    dd 0x5471, 0xDFC9
    dd 0x5472, 0xDFDA
    dd 0x5473, 0xCEB6
    dd 0x5474, 0x85E9
    dd 0x5475, 0xBAC7
    dd 0x5476, 0xDFCE
    dd 0x5477, 0xDFC8
    dd 0x5478, 0xC5DE
    dd 0x5479, 0x85EA
    dd 0x547A, 0x85EB
    dd 0x547B, 0xC9EB
    dd 0x547C, 0xBAF4
    dd 0x547D, 0xC3FC
    dd 0x547E, 0x85EC
    dd 0x547F, 0x85ED
    dd 0x5480, 0xBED7
    dd 0x5481, 0x85EE
    dd 0x5482, 0xDFC6
    dd 0x5483, 0x85EF
    dd 0x5484, 0xDFCD
    dd 0x5485, 0x85F0
    dd 0x5486, 0xC5D8
    dd 0x5487, 0x85F1
    dd 0x5488, 0x85F2
    dd 0x5489, 0x85F3
    dd 0x548A, 0x85F4
    dd 0x548B, 0xD5A6
    dd 0x548C, 0xBACD
    dd 0x548D, 0x85F5
    dd 0x548E, 0xBECC
    dd 0x548F, 0xD3BD
    dd 0x5490, 0xB8C0
    dd 0x5491, 0x85F6
    dd 0x5492, 0xD6E4
    dd 0x5493, 0x85F7
    dd 0x5494, 0xDFC7
    dd 0x5495, 0xB9BE
    dd 0x5496, 0xBFA7
    dd 0x5497, 0x85F8
    dd 0x5498, 0x85F9
    dd 0x5499, 0xC1FC
    dd 0x549A, 0xDFCB
    dd 0x549B, 0xDFCC
    dd 0x549C, 0x85FA
    dd 0x549D, 0xDFD0
    dd 0x549E, 0x85FB
    dd 0x549F, 0x85FC
    dd 0x54A0, 0x85FD
    dd 0x54A1, 0x85FE
    dd 0x54A2, 0x8640
    dd 0x54A3, 0xDFDB
    dd 0x54A4, 0xDFE5
    dd 0x54A5, 0x8641
    dd 0x54A6, 0xDFD7
    dd 0x54A7, 0xDFD6
    dd 0x54A8, 0xD7C9
    dd 0x54A9, 0xDFE3
    dd 0x54AA, 0xDFE4
    dd 0x54AB, 0xE5EB
    dd 0x54AC, 0xD2A7
    dd 0x54AD, 0xDFD2
    dd 0x54AE, 0x8642
    dd 0x54AF, 0xBFA9
    dd 0x54B0, 0x8643
    dd 0x54B1, 0xD4DB
    dd 0x54B2, 0x8644
    dd 0x54B3, 0xBFC8
    dd 0x54B4, 0xDFD4
    dd 0x54B5, 0x8645
    dd 0x54B6, 0x8646
    dd 0x54B7, 0x8647
    dd 0x54B8, 0xCFCC
    dd 0x54B9, 0x8648
    dd 0x54BA, 0x8649
    dd 0x54BB, 0xDFDD
    dd 0x54BC, 0x864A
    dd 0x54BD, 0xD1CA
    dd 0x54BE, 0x864B
    dd 0x54BF, 0xDFDE
    dd 0x54C0, 0xB0A7
    dd 0x54C1, 0xC6B7
    dd 0x54C2, 0xDFD3
    dd 0x54C3, 0x864C
    dd 0x54C4, 0xBAE5
    dd 0x54C5, 0x864D
    dd 0x54C6, 0xB6DF
    dd 0x54C7, 0xCDDB
    dd 0x54C8, 0xB9FE
    dd 0x54C9, 0xD4D5
    dd 0x54CA, 0x864E
    dd 0x54CB, 0x864F
    dd 0x54CC, 0xDFDF
    dd 0x54CD, 0xCFEC
    dd 0x54CE, 0xB0A5
    dd 0x54CF, 0xDFE7
    dd 0x54D0, 0xDFD1
    dd 0x54D1, 0xD1C6
    dd 0x54D2, 0xDFD5
    dd 0x54D3, 0xDFD8
    dd 0x54D4, 0xDFD9
    dd 0x54D5, 0xDFDC
    dd 0x54D6, 0x8650
    dd 0x54D7, 0xBBA9
    dd 0x54D8, 0x8651
    dd 0x54D9, 0xDFE0
    dd 0x54DA, 0xDFE1
    dd 0x54DB, 0x8652
    dd 0x54DC, 0xDFE2
    dd 0x54DD, 0xDFE6
    dd 0x54DE, 0xDFE8
    dd 0x54DF, 0xD3B4
    dd 0x54E0, 0x8653
    dd 0x54E1, 0x8654
    dd 0x54E2, 0x8655
    dd 0x54E3, 0x8656
    dd 0x54E4, 0x8657
    dd 0x54E5, 0xB8E7
    dd 0x54E6, 0xC5B6
    dd 0x54E7, 0xDFEA
    dd 0x54E8, 0xC9DA
    dd 0x54E9, 0xC1A8
    dd 0x54EA, 0xC4C4
    dd 0x54EB, 0x8658
    dd 0x54EC, 0x8659
    dd 0x54ED, 0xBFDE
    dd 0x54EE, 0xCFF8
    dd 0x54EF, 0x865A
    dd 0x54F0, 0x865B
    dd 0x54F1, 0x865C
    dd 0x54F2, 0xD5DC
    dd 0x54F3, 0xDFEE
    dd 0x54F4, 0x865D
    dd 0x54F5, 0x865E
    dd 0x54F6, 0x865F
    dd 0x54F7, 0x8660
    dd 0x54F8, 0x8661
    dd 0x54F9, 0x8662
    dd 0x54FA, 0xB2B8
    dd 0x54FB, 0x8663
    dd 0x54FC, 0xBADF
    dd 0x54FD, 0xDFEC
    dd 0x54FE, 0x8664
    dd 0x54FF, 0xDBC1
    dd 0x5500, 0x8665
    dd 0x5501, 0xD1E4
    dd 0x5502, 0x8666
    dd 0x5503, 0x8667
    dd 0x5504, 0x8668
    dd 0x5505, 0x8669
    dd 0x5506, 0xCBF4
    dd 0x5507, 0xB4BD
    dd 0x5508, 0x866A
    dd 0x5509, 0xB0A6
    dd 0x550A, 0x866B
    dd 0x550B, 0x866C
    dd 0x550C, 0x866D
    dd 0x550D, 0x866E
    dd 0x550E, 0x866F
    dd 0x550F, 0xDFF1
    dd 0x5510, 0xCCC6
    dd 0x5511, 0xDFF2
    dd 0x5512, 0x8670
    dd 0x5513, 0x8671
    dd 0x5514, 0xDFED
    dd 0x5515, 0x8672
    dd 0x5516, 0x8673
    dd 0x5517, 0x8674
    dd 0x5518, 0x8675
    dd 0x5519, 0x8676
    dd 0x551A, 0x8677
    dd 0x551B, 0xDFE9
    dd 0x551C, 0x8678
    dd 0x551D, 0x8679
    dd 0x551E, 0x867A
    dd 0x551F, 0x867B
    dd 0x5520, 0xDFEB
    dd 0x5521, 0x867C
    dd 0x5522, 0xDFEF
    dd 0x5523, 0xDFF0
    dd 0x5524, 0xBBBD
    dd 0x5525, 0x867D
    dd 0x5526, 0x867E
    dd 0x5527, 0xDFF3
    dd 0x5528, 0x8680
    dd 0x5529, 0x8681
    dd 0x552A, 0xDFF4
    dd 0x552B, 0x8682
    dd 0x552C, 0xBBA3
    dd 0x552D, 0x8683
    dd 0x552E, 0xCADB
    dd 0x552F, 0xCEA8
    dd 0x5530, 0xE0A7
    dd 0x5531, 0xB3AA
    dd 0x5532, 0x8684
    dd 0x5533, 0xE0A6
    dd 0x5534, 0x8685
    dd 0x5535, 0x8686
    dd 0x5536, 0x8687
    dd 0x5537, 0xE0A1
    dd 0x5538, 0x8688
    dd 0x5539, 0x8689
    dd 0x553A, 0x868A
    dd 0x553B, 0x868B
    dd 0x553C, 0xDFFE
    dd 0x553D, 0x868C
    dd 0x553E, 0xCDD9
    dd 0x553F, 0xDFFC
    dd 0x5540, 0x868D
    dd 0x5541, 0xDFFA
    dd 0x5542, 0x868E
    dd 0x5543, 0xBFD0
    dd 0x5544, 0xD7C4
    dd 0x5545, 0x868F
    dd 0x5546, 0xC9CC
    dd 0x5547, 0x8690
    dd 0x5548, 0x8691
    dd 0x5549, 0xDFF8
    dd 0x554A, 0xB0A1
    dd 0x554B, 0x8692
    dd 0x554C, 0x8693
    dd 0x554D, 0x8694
    dd 0x554E, 0x8695
    dd 0x554F, 0x8696
    dd 0x5550, 0xDFFD
    dd 0x5551, 0x8697
    dd 0x5552, 0x8698
    dd 0x5553, 0x8699
    dd 0x5554, 0x869A
    dd 0x5555, 0xDFFB
    dd 0x5556, 0xE0A2
    dd 0x5557, 0x869B
    dd 0x5558, 0x869C
    dd 0x5559, 0x869D
    dd 0x555A, 0x869E
    dd 0x555B, 0x869F
    dd 0x555C, 0xE0A8
    dd 0x555D, 0x86A0
    dd 0x555E, 0x86A1
    dd 0x555F, 0x86A2
    dd 0x5560, 0x86A3
    dd 0x5561, 0xB7C8
    dd 0x5562, 0x86A4
    dd 0x5563, 0x86A5
    dd 0x5564, 0xC6A1
    dd 0x5565, 0xC9B6
    dd 0x5566, 0xC0B2
    dd 0x5567, 0xDFF5
    dd 0x5568, 0x86A6
    dd 0x5569, 0x86A7
    dd 0x556A, 0xC5BE
    dd 0x556B, 0x86A8
    dd 0x556C, 0xD8C4
    dd 0x556D, 0xDFF9
    dd 0x556E, 0xC4F6
    dd 0x556F, 0x86A9
    dd 0x5570, 0x86AA
    dd 0x5571, 0x86AB
    dd 0x5572, 0x86AC
    dd 0x5573, 0x86AD
    dd 0x5574, 0x86AE
    dd 0x5575, 0xE0A3
    dd 0x5576, 0xE0A4
    dd 0x5577, 0xE0A5
    dd 0x5578, 0xD0A5
    dd 0x5579, 0x86AF
    dd 0x557A, 0x86B0
    dd 0x557B, 0xE0B4
    dd 0x557C, 0xCCE4
    dd 0x557D, 0x86B1
    dd 0x557E, 0xE0B1
    dd 0x557F, 0x86B2
    dd 0x5580, 0xBFA6
    dd 0x5581, 0xE0AF
    dd 0x5582, 0xCEB9
    dd 0x5583, 0xE0AB
    dd 0x5584, 0xC9C6
    dd 0x5585, 0x86B3
    dd 0x5586, 0x86B4
    dd 0x5587, 0xC0AE
    dd 0x5588, 0xE0AE
    dd 0x5589, 0xBAED
    dd 0x558A, 0xBAB0
    dd 0x558B, 0xE0A9
    dd 0x558C, 0x86B5
    dd 0x558D, 0x86B6
    dd 0x558E, 0x86B7
    dd 0x558F, 0xDFF6
    dd 0x5590, 0x86B8
    dd 0x5591, 0xE0B3
    dd 0x5592, 0x86B9
    dd 0x5593, 0x86BA
    dd 0x5594, 0xE0B8
    dd 0x5595, 0x86BB
    dd 0x5596, 0x86BC
    dd 0x5597, 0x86BD
    dd 0x5598, 0xB4AD
    dd 0x5599, 0xE0B9
    dd 0x559A, 0x86BE
    dd 0x559B, 0x86BF
    dd 0x559C, 0xCFB2
    dd 0x559D, 0xBAC8
    dd 0x559E, 0x86C0
    dd 0x559F, 0xE0B0
    dd 0x55A0, 0x86C1
    dd 0x55A1, 0x86C2
    dd 0x55A2, 0x86C3
    dd 0x55A3, 0x86C4
    dd 0x55A4, 0x86C5
    dd 0x55A5, 0x86C6
    dd 0x55A6, 0x86C7
    dd 0x55A7, 0xD0FA
    dd 0x55A8, 0x86C8
    dd 0x55A9, 0x86C9
    dd 0x55AA, 0x86CA
    dd 0x55AB, 0x86CB
    dd 0x55AC, 0x86CC
    dd 0x55AD, 0x86CD
    dd 0x55AE, 0x86CE
    dd 0x55AF, 0x86CF
    dd 0x55B0, 0x86D0
    dd 0x55B1, 0xE0AC
    dd 0x55B2, 0x86D1
    dd 0x55B3, 0xD4FB
    dd 0x55B4, 0x86D2
    dd 0x55B5, 0xDFF7
    dd 0x55B6, 0x86D3
    dd 0x55B7, 0xC5E7
    dd 0x55B8, 0x86D4
    dd 0x55B9, 0xE0AD
    dd 0x55BA, 0x86D5
    dd 0x55BB, 0xD3F7
    dd 0x55BC, 0x86D6
    dd 0x55BD, 0xE0B6
    dd 0x55BE, 0xE0B7
    dd 0x55BF, 0x86D7
    dd 0x55C0, 0x86D8
    dd 0x55C1, 0x86D9
    dd 0x55C2, 0x86DA
    dd 0x55C3, 0x86DB
    dd 0x55C4, 0xE0C4
    dd 0x55C5, 0xD0E1
    dd 0x55C6, 0x86DC
    dd 0x55C7, 0x86DD
    dd 0x55C8, 0x86DE
    dd 0x55C9, 0xE0BC
    dd 0x55CA, 0x86DF
    dd 0x55CB, 0x86E0
    dd 0x55CC, 0xE0C9
    dd 0x55CD, 0xE0CA
    dd 0x55CE, 0x86E1
    dd 0x55CF, 0x86E2
    dd 0x55D0, 0x86E3
    dd 0x55D1, 0xE0BE
    dd 0x55D2, 0xE0AA
    dd 0x55D3, 0xC9A4
    dd 0x55D4, 0xE0C1
    dd 0x55D5, 0x86E4
    dd 0x55D6, 0xE0B2
    dd 0x55D7, 0x86E5
    dd 0x55D8, 0x86E6
    dd 0x55D9, 0x86E7
    dd 0x55DA, 0x86E8
    dd 0x55DB, 0x86E9
    dd 0x55DC, 0xCAC8
    dd 0x55DD, 0xE0C3
    dd 0x55DE, 0x86EA
    dd 0x55DF, 0xE0B5
    dd 0x55E0, 0x86EB
    dd 0x55E1, 0xCECB
    dd 0x55E2, 0x86EC
    dd 0x55E3, 0xCBC3
    dd 0x55E4, 0xE0CD
    dd 0x55E5, 0xE0C6
    dd 0x55E6, 0xE0C2
    dd 0x55E7, 0x86ED
    dd 0x55E8, 0xE0CB
    dd 0x55E9, 0x86EE
    dd 0x55EA, 0xE0BA
    dd 0x55EB, 0xE0BF
    dd 0x55EC, 0xE0C0
    dd 0x55ED, 0x86EF
    dd 0x55EE, 0x86F0
    dd 0x55EF, 0xE0C5
    dd 0x55F0, 0x86F1
    dd 0x55F1, 0x86F2
    dd 0x55F2, 0xE0C7
    dd 0x55F3, 0xE0C8
    dd 0x55F4, 0x86F3
    dd 0x55F5, 0xE0CC
    dd 0x55F6, 0x86F4
    dd 0x55F7, 0xE0BB
    dd 0x55F8, 0x86F5
    dd 0x55F9, 0x86F6
    dd 0x55FA, 0x86F7
    dd 0x55FB, 0x86F8
    dd 0x55FC, 0x86F9
    dd 0x55FD, 0xCBD4
    dd 0x55FE, 0xE0D5
    dd 0x55FF, 0x86FA
    dd 0x5600, 0xE0D6
    dd 0x5601, 0xE0D2
    dd 0x5602, 0x86FB
    dd 0x5603, 0x86FC
    dd 0x5604, 0x86FD
    dd 0x5605, 0x86FE
    dd 0x5606, 0x8740
    dd 0x5607, 0x8741
    dd 0x5608, 0xE0D0
    dd 0x5609, 0xBCCE
    dd 0x560A, 0x8742
    dd 0x560B, 0x8743
    dd 0x560C, 0xE0D1
    dd 0x560D, 0x8744
    dd 0x560E, 0xB8C2
    dd 0x560F, 0xD8C5
    dd 0x5610, 0x8745
    dd 0x5611, 0x8746
    dd 0x5612, 0x8747
    dd 0x5613, 0x8748
    dd 0x5614, 0x8749
    dd 0x5615, 0x874A
    dd 0x5616, 0x874B
    dd 0x5617, 0x874C
    dd 0x5618, 0xD0EA
    dd 0x5619, 0x874D
    dd 0x561A, 0x874E
    dd 0x561B, 0xC2EF
    dd 0x561C, 0x874F
    dd 0x561D, 0x8750
    dd 0x561E, 0xE0CF
    dd 0x561F, 0xE0BD
    dd 0x5620, 0x8751
    dd 0x5621, 0x8752
    dd 0x5622, 0x8753
    dd 0x5623, 0xE0D4
    dd 0x5624, 0xE0D3
    dd 0x5625, 0x8754
    dd 0x5626, 0x8755
    dd 0x5627, 0xE0D7
    dd 0x5628, 0x8756
    dd 0x5629, 0x8757
    dd 0x562A, 0x8758
    dd 0x562B, 0x8759
    dd 0x562C, 0xE0DC
    dd 0x562D, 0xE0D8
    dd 0x562E, 0x875A
    dd 0x562F, 0x875B
    dd 0x5630, 0x875C
    dd 0x5631, 0xD6F6
    dd 0x5632, 0xB3B0
    dd 0x5633, 0x875D
    dd 0x5634, 0xD7EC
    dd 0x5635, 0x875E
    dd 0x5636, 0xCBBB
    dd 0x5637, 0x875F
    dd 0x5638, 0x8760
    dd 0x5639, 0xE0DA
    dd 0x563A, 0x8761
    dd 0x563B, 0xCEFB
    dd 0x563C, 0x8762
    dd 0x563D, 0x8763
    dd 0x563E, 0x8764
    dd 0x563F, 0xBAD9
    dd 0x5640, 0x8765
    dd 0x5641, 0x8766
    dd 0x5642, 0x8767
    dd 0x5643, 0x8768
    dd 0x5644, 0x8769
    dd 0x5645, 0x876A
    dd 0x5646, 0x876B
    dd 0x5647, 0x876C
    dd 0x5648, 0x876D
    dd 0x5649, 0x876E
    dd 0x564A, 0x876F
    dd 0x564B, 0x8770
    dd 0x564C, 0xE0E1
    dd 0x564D, 0xE0DD
    dd 0x564E, 0xD2AD
    dd 0x564F, 0x8771
    dd 0x5650, 0x8772
    dd 0x5651, 0x8773
    dd 0x5652, 0x8774
    dd 0x5653, 0x8775
    dd 0x5654, 0xE0E2
    dd 0x5655, 0x8776
    dd 0x5656, 0x8777
    dd 0x5657, 0xE0DB
    dd 0x5658, 0xE0D9
    dd 0x5659, 0xE0DF
    dd 0x565A, 0x8778
    dd 0x565B, 0x8779
    dd 0x565C, 0xE0E0
    dd 0x565D, 0x877A
    dd 0x565E, 0x877B
    dd 0x565F, 0x877C
    dd 0x5660, 0x877D
    dd 0x5661, 0x877E
    dd 0x5662, 0xE0DE
    dd 0x5663, 0x8780
    dd 0x5664, 0xE0E4
    dd 0x5665, 0x8781
    dd 0x5666, 0x8782
    dd 0x5667, 0x8783
    dd 0x5668, 0xC6F7
    dd 0x5669, 0xD8AC
    dd 0x566A, 0xD4EB
    dd 0x566B, 0xE0E6
    dd 0x566C, 0xCAC9
    dd 0x566D, 0x8784
    dd 0x566E, 0x8785
    dd 0x566F, 0x8786
    dd 0x5670, 0x8787
    dd 0x5671, 0xE0E5
    dd 0x5672, 0x8788
    dd 0x5673, 0x8789
    dd 0x5674, 0x878A
    dd 0x5675, 0x878B
    dd 0x5676, 0xB8C1
    dd 0x5677, 0x878C
    dd 0x5678, 0x878D
    dd 0x5679, 0x878E
    dd 0x567A, 0x878F
    dd 0x567B, 0xE0E7
    dd 0x567C, 0xE0E8
    dd 0x567D, 0x8790
    dd 0x567E, 0x8791
    dd 0x567F, 0x8792
    dd 0x5680, 0x8793
    dd 0x5681, 0x8794
    dd 0x5682, 0x8795
    dd 0x5683, 0x8796
    dd 0x5684, 0x8797
    dd 0x5685, 0xE0E9
    dd 0x5686, 0xE0E3
    dd 0x5687, 0x8798
    dd 0x5688, 0x8799
    dd 0x5689, 0x879A
    dd 0x568A, 0x879B
    dd 0x568B, 0x879C
    dd 0x568C, 0x879D
    dd 0x568D, 0x879E
    dd 0x568E, 0xBABF
    dd 0x568F, 0xCCE7
    dd 0x5690, 0x879F
    dd 0x5691, 0x87A0
    dd 0x5692, 0x87A1
    dd 0x5693, 0xE0EA
    dd 0x5694, 0x87A2
    dd 0x5695, 0x87A3
    dd 0x5696, 0x87A4
    dd 0x5697, 0x87A5
    dd 0x5698, 0x87A6
    dd 0x5699, 0x87A7
    dd 0x569A, 0x87A8
    dd 0x569B, 0x87A9
    dd 0x569C, 0x87AA
    dd 0x569D, 0x87AB
    dd 0x569E, 0x87AC
    dd 0x569F, 0x87AD
    dd 0x56A0, 0x87AE
    dd 0x56A1, 0x87AF
    dd 0x56A2, 0x87B0
    dd 0x56A3, 0xCFF9
    dd 0x56A4, 0x87B1
    dd 0x56A5, 0x87B2
    dd 0x56A6, 0x87B3
    dd 0x56A7, 0x87B4
    dd 0x56A8, 0x87B5
    dd 0x56A9, 0x87B6
    dd 0x56AA, 0x87B7
    dd 0x56AB, 0x87B8
    dd 0x56AC, 0x87B9
    dd 0x56AD, 0x87BA
    dd 0x56AE, 0x87BB
    dd 0x56AF, 0xE0EB
    dd 0x56B0, 0x87BC
    dd 0x56B1, 0x87BD
    dd 0x56B2, 0x87BE
    dd 0x56B3, 0x87BF
    dd 0x56B4, 0x87C0
    dd 0x56B5, 0x87C1
    dd 0x56B6, 0x87C2
    dd 0x56B7, 0xC8C2
    dd 0x56B8, 0x87C3
    dd 0x56B9, 0x87C4
    dd 0x56BA, 0x87C5
    dd 0x56BB, 0x87C6
    dd 0x56BC, 0xBDC0
    dd 0x56BD, 0x87C7
    dd 0x56BE, 0x87C8
    dd 0x56BF, 0x87C9
    dd 0x56C0, 0x87CA
    dd 0x56C1, 0x87CB
    dd 0x56C2, 0x87CC
    dd 0x56C3, 0x87CD
    dd 0x56C4, 0x87CE
    dd 0x56C5, 0x87CF
    dd 0x56C6, 0x87D0
    dd 0x56C7, 0x87D1
    dd 0x56C8, 0x87D2
    dd 0x56C9, 0x87D3
    dd 0x56CA, 0xC4D2
    dd 0x56CB, 0x87D4
    dd 0x56CC, 0x87D5
    dd 0x56CD, 0x87D6
    dd 0x56CE, 0x87D7
    dd 0x56CF, 0x87D8
    dd 0x56D0, 0x87D9
    dd 0x56D1, 0x87DA
    dd 0x56D2, 0x87DB
    dd 0x56D3, 0x87DC
    dd 0x56D4, 0xE0EC
    dd 0x56D5, 0x87DD
    dd 0x56D6, 0x87DE
    dd 0x56D7, 0xE0ED
    dd 0x56D8, 0x87DF
    dd 0x56D9, 0x87E0
    dd 0x56DA, 0xC7F4
    dd 0x56DB, 0xCBC4
    dd 0x56DC, 0x87E1
    dd 0x56DD, 0xE0EE
    dd 0x56DE, 0xBBD8
    dd 0x56DF, 0xD8B6
    dd 0x56E0, 0xD2F2
    dd 0x56E1, 0xE0EF
    dd 0x56E2, 0xCDC5
    dd 0x56E3, 0x87E2
    dd 0x56E4, 0xB6DA
    dd 0x56E5, 0x87E3
    dd 0x56E6, 0x87E4
    dd 0x56E7, 0x87E5
    dd 0x56E8, 0x87E6
    dd 0x56E9, 0x87E7
    dd 0x56EA, 0x87E8
    dd 0x56EB, 0xE0F1
    dd 0x56EC, 0x87E9
    dd 0x56ED, 0xD4B0
    dd 0x56EE, 0x87EA
    dd 0x56EF, 0x87EB
    dd 0x56F0, 0xC0A7
    dd 0x56F1, 0xB4D1
    dd 0x56F2, 0x87EC
    dd 0x56F3, 0x87ED
    dd 0x56F4, 0xCEA7
    dd 0x56F5, 0xE0F0
    dd 0x56F6, 0x87EE
    dd 0x56F7, 0x87EF
    dd 0x56F8, 0x87F0
    dd 0x56F9, 0xE0F2
    dd 0x56FA, 0xB9CC
    dd 0x56FB, 0x87F1
    dd 0x56FC, 0x87F2
    dd 0x56FD, 0xB9FA
    dd 0x56FE, 0xCDBC
    dd 0x56FF, 0xE0F3
    dd 0x5700, 0x87F3
    dd 0x5701, 0x87F4
    dd 0x5702, 0x87F5
    dd 0x5703, 0xC6D4
    dd 0x5704, 0xE0F4
    dd 0x5705, 0x87F6
    dd 0x5706, 0xD4B2
    dd 0x5707, 0x87F7
    dd 0x5708, 0xC8A6
    dd 0x5709, 0xE0F6
    dd 0x570A, 0xE0F5
    dd 0x570B, 0x87F8
    dd 0x570C, 0x87F9
    dd 0x570D, 0x87FA
    dd 0x570E, 0x87FB
    dd 0x570F, 0x87FC
    dd 0x5710, 0x87FD
    dd 0x5711, 0x87FE
    dd 0x5712, 0x8840
    dd 0x5713, 0x8841
    dd 0x5714, 0x8842
    dd 0x5715, 0x8843
    dd 0x5716, 0x8844
    dd 0x5717, 0x8845
    dd 0x5718, 0x8846
    dd 0x5719, 0x8847
    dd 0x571A, 0x8848
    dd 0x571B, 0x8849
    dd 0x571C, 0xE0F7
    dd 0x571D, 0x884A
    dd 0x571E, 0x884B
    dd 0x571F, 0xCDC1
    dd 0x5720, 0x884C
    dd 0x5721, 0x884D
    dd 0x5722, 0x884E
    dd 0x5723, 0xCAA5
    dd 0x5724, 0x884F
    dd 0x5725, 0x8850
    dd 0x5726, 0x8851
    dd 0x5727, 0x8852
    dd 0x5728, 0xD4DA
    dd 0x5729, 0xDBD7
    dd 0x572A, 0xDBD9
    dd 0x572B, 0x8853
    dd 0x572C, 0xDBD8
    dd 0x572D, 0xB9E7
    dd 0x572E, 0xDBDC
    dd 0x572F, 0xDBDD
    dd 0x5730, 0xB5D8
    dd 0x5731, 0x8854
    dd 0x5732, 0x8855
    dd 0x5733, 0xDBDA
    dd 0x5734, 0x8856
    dd 0x5735, 0x8857
    dd 0x5736, 0x8858
    dd 0x5737, 0x8859
    dd 0x5738, 0x885A
    dd 0x5739, 0xDBDB
    dd 0x573A, 0xB3A1
    dd 0x573B, 0xDBDF
    dd 0x573C, 0x885B
    dd 0x573D, 0x885C
    dd 0x573E, 0xBBF8
    dd 0x573F, 0x885D
    dd 0x5740, 0xD6B7
    dd 0x5741, 0x885E
    dd 0x5742, 0xDBE0
    dd 0x5743, 0x885F
    dd 0x5744, 0x8860
    dd 0x5745, 0x8861
    dd 0x5746, 0x8862
    dd 0x5747, 0xBEF9
    dd 0x5748, 0x8863
    dd 0x5749, 0x8864
    dd 0x574A, 0xB7BB
    dd 0x574B, 0x8865
    dd 0x574C, 0xDBD0
    dd 0x574D, 0xCCAE
    dd 0x574E, 0xBFB2
    dd 0x574F, 0xBBB5
    dd 0x5750, 0xD7F8
    dd 0x5751, 0xBFD3
    dd 0x5752, 0x8866
    dd 0x5753, 0x8867
    dd 0x5754, 0x8868
    dd 0x5755, 0x8869
    dd 0x5756, 0x886A
    dd 0x5757, 0xBFE9
    dd 0x5758, 0x886B
    dd 0x5759, 0x886C
    dd 0x575A, 0xBCE1
    dd 0x575B, 0xCCB3
    dd 0x575C, 0xDBDE
    dd 0x575D, 0xB0D3
    dd 0x575E, 0xCEEB
    dd 0x575F, 0xB7D8
    dd 0x5760, 0xD7B9
    dd 0x5761, 0xC6C2
    dd 0x5762, 0x886D
    dd 0x5763, 0x886E
    dd 0x5764, 0xC0A4
    dd 0x5765, 0x886F
    dd 0x5766, 0xCCB9
    dd 0x5767, 0x8870
    dd 0x5768, 0xDBE7
    dd 0x5769, 0xDBE1
    dd 0x576A, 0xC6BA
    dd 0x576B, 0xDBE3
    dd 0x576C, 0x8871
    dd 0x576D, 0xDBE8
    dd 0x576E, 0x8872
    dd 0x576F, 0xC5F7
    dd 0x5770, 0x8873
    dd 0x5771, 0x8874
    dd 0x5772, 0x8875
    dd 0x5773, 0xDBEA
    dd 0x5774, 0x8876
    dd 0x5775, 0x8877
    dd 0x5776, 0xDBE9
    dd 0x5777, 0xBFC0
    dd 0x5778, 0x8878
    dd 0x5779, 0x8879
    dd 0x577A, 0x887A
    dd 0x577B, 0xDBE6
    dd 0x577C, 0xDBE5
    dd 0x577D, 0x887B
    dd 0x577E, 0x887C
    dd 0x577F, 0x887D
    dd 0x5780, 0x887E
    dd 0x5781, 0x8880
    dd 0x5782, 0xB4B9
    dd 0x5783, 0xC0AC
    dd 0x5784, 0xC2A2
    dd 0x5785, 0xDBE2
    dd 0x5786, 0xDBE4
    dd 0x5787, 0x8881
    dd 0x5788, 0x8882
    dd 0x5789, 0x8883
    dd 0x578A, 0x8884
    dd 0x578B, 0xD0CD
    dd 0x578C, 0xDBED
    dd 0x578D, 0x8885
    dd 0x578E, 0x8886
    dd 0x578F, 0x8887
    dd 0x5790, 0x8888
    dd 0x5791, 0x8889
    dd 0x5792, 0xC0DD
    dd 0x5793, 0xDBF2
    dd 0x5794, 0x888A
    dd 0x5795, 0x888B
    dd 0x5796, 0x888C
    dd 0x5797, 0x888D
    dd 0x5798, 0x888E
    dd 0x5799, 0x888F
    dd 0x579A, 0x8890
    dd 0x579B, 0xB6E2
    dd 0x579C, 0x8891
    dd 0x579D, 0x8892
    dd 0x579E, 0x8893
    dd 0x579F, 0x8894
    dd 0x57A0, 0xDBF3
    dd 0x57A1, 0xDBD2
    dd 0x57A2, 0xB9B8
    dd 0x57A3, 0xD4AB
    dd 0x57A4, 0xDBEC
    dd 0x57A5, 0x8895
    dd 0x57A6, 0xBFD1
    dd 0x57A7, 0xDBF0
    dd 0x57A8, 0x8896
    dd 0x57A9, 0xDBD1
    dd 0x57AA, 0x8897
    dd 0x57AB, 0xB5E6
    dd 0x57AC, 0x8898
    dd 0x57AD, 0xDBEB
    dd 0x57AE, 0xBFE5
    dd 0x57AF, 0x8899
    dd 0x57B0, 0x889A
    dd 0x57B1, 0x889B
    dd 0x57B2, 0xDBEE
    dd 0x57B3, 0x889C
    dd 0x57B4, 0xDBF1
    dd 0x57B5, 0x889D
    dd 0x57B6, 0x889E
    dd 0x57B7, 0x889F
    dd 0x57B8, 0xDBF9
    dd 0x57B9, 0x88A0
    dd 0x57BA, 0x88A1
    dd 0x57BB, 0x88A2
    dd 0x57BC, 0x88A3
    dd 0x57BD, 0x88A4
    dd 0x57BE, 0x88A5
    dd 0x57BF, 0x88A6
    dd 0x57C0, 0x88A7
    dd 0x57C1, 0x88A8
    dd 0x57C2, 0xB9A1
    dd 0x57C3, 0xB0A3
    dd 0x57C4, 0x88A9
    dd 0x57C5, 0x88AA
    dd 0x57C6, 0x88AB
    dd 0x57C7, 0x88AC
    dd 0x57C8, 0x88AD
    dd 0x57C9, 0x88AE
    dd 0x57CA, 0x88AF
    dd 0x57CB, 0xC2F1
    dd 0x57CC, 0x88B0
    dd 0x57CD, 0x88B1
    dd 0x57CE, 0xB3C7
    dd 0x57CF, 0xDBEF
    dd 0x57D0, 0x88B2
    dd 0x57D1, 0x88B3
    dd 0x57D2, 0xDBF8
    dd 0x57D3, 0x88B4
    dd 0x57D4, 0xC6D2
    dd 0x57D5, 0xDBF4
    dd 0x57D6, 0x88B5
    dd 0x57D7, 0x88B6
    dd 0x57D8, 0xDBF5
    dd 0x57D9, 0xDBF7
    dd 0x57DA, 0xDBF6
    dd 0x57DB, 0x88B7
    dd 0x57DC, 0x88B8
    dd 0x57DD, 0xDBFE
    dd 0x57DE, 0x88B9
    dd 0x57DF, 0xD3F2
    dd 0x57E0, 0xB2BA
    dd 0x57E1, 0x88BA
    dd 0x57E2, 0x88BB
    dd 0x57E3, 0x88BC
    dd 0x57E4, 0xDBFD
    dd 0x57E5, 0x88BD
    dd 0x57E6, 0x88BE
    dd 0x57E7, 0x88BF
    dd 0x57E8, 0x88C0
    dd 0x57E9, 0x88C1
    dd 0x57EA, 0x88C2
    dd 0x57EB, 0x88C3
    dd 0x57EC, 0x88C4
    dd 0x57ED, 0xDCA4
    dd 0x57EE, 0x88C5
    dd 0x57EF, 0xDBFB
    dd 0x57F0, 0x88C6
    dd 0x57F1, 0x88C7
    dd 0x57F2, 0x88C8
    dd 0x57F3, 0x88C9
    dd 0x57F4, 0xDBFA
    dd 0x57F5, 0x88CA
    dd 0x57F6, 0x88CB
    dd 0x57F7, 0x88CC
    dd 0x57F8, 0xDBFC
    dd 0x57F9, 0xC5E0
    dd 0x57FA, 0xBBF9
    dd 0x57FB, 0x88CD
    dd 0x57FC, 0x88CE
    dd 0x57FD, 0xDCA3
    dd 0x57FE, 0x88CF
    dd 0x57FF, 0x88D0
    dd 0x5800, 0xDCA5
    dd 0x5801, 0x88D1
    dd 0x5802, 0xCCC3
    dd 0x5803, 0x88D2
    dd 0x5804, 0x88D3
    dd 0x5805, 0x88D4
    dd 0x5806, 0xB6D1
    dd 0x5807, 0xDDC0
    dd 0x5808, 0x88D5
    dd 0x5809, 0x88D6
    dd 0x580A, 0x88D7
    dd 0x580B, 0xDCA1
    dd 0x580C, 0x88D8
    dd 0x580D, 0xDCA2
    dd 0x580E, 0x88D9
    dd 0x580F, 0x88DA
    dd 0x5810, 0x88DB
    dd 0x5811, 0xC7B5
    dd 0x5812, 0x88DC
    dd 0x5813, 0x88DD
    dd 0x5814, 0x88DE
    dd 0x5815, 0xB6E9
    dd 0x5816, 0x88DF
    dd 0x5817, 0x88E0
    dd 0x5818, 0x88E1
    dd 0x5819, 0xDCA7
    dd 0x581A, 0x88E2
    dd 0x581B, 0x88E3
    dd 0x581C, 0x88E4
    dd 0x581D, 0x88E5
    dd 0x581E, 0xDCA6
    dd 0x581F, 0x88E6
    dd 0x5820, 0xDCA9
    dd 0x5821, 0xB1A4
    dd 0x5822, 0x88E7
    dd 0x5823, 0x88E8
    dd 0x5824, 0xB5CC
    dd 0x5825, 0x88E9
    dd 0x5826, 0x88EA
    dd 0x5827, 0x88EB
    dd 0x5828, 0x88EC
    dd 0x5829, 0x88ED
    dd 0x582A, 0xBFB0
    dd 0x582B, 0x88EE
    dd 0x582C, 0x88EF
    dd 0x582D, 0x88F0
    dd 0x582E, 0x88F1
    dd 0x582F, 0x88F2
    dd 0x5830, 0xD1DF
    dd 0x5831, 0x88F3
    dd 0x5832, 0x88F4
    dd 0x5833, 0x88F5
    dd 0x5834, 0x88F6
    dd 0x5835, 0xB6C2
    dd 0x5836, 0x88F7
    dd 0x5837, 0x88F8
    dd 0x5838, 0x88F9
    dd 0x5839, 0x88FA
    dd 0x583A, 0x88FB
    dd 0x583B, 0x88FC
    dd 0x583C, 0x88FD
    dd 0x583D, 0x88FE
    dd 0x583E, 0x8940
    dd 0x583F, 0x8941
    dd 0x5840, 0x8942
    dd 0x5841, 0x8943
    dd 0x5842, 0x8944
    dd 0x5843, 0x8945
    dd 0x5844, 0xDCA8
    dd 0x5845, 0x8946
    dd 0x5846, 0x8947
    dd 0x5847, 0x8948
    dd 0x5848, 0x8949
    dd 0x5849, 0x894A
    dd 0x584A, 0x894B
    dd 0x584B, 0x894C
    dd 0x584C, 0xCBFA
    dd 0x584D, 0xEBF3
    dd 0x584E, 0x894D
    dd 0x584F, 0x894E
    dd 0x5850, 0x894F
    dd 0x5851, 0xCBDC
    dd 0x5852, 0x8950
    dd 0x5853, 0x8951
    dd 0x5854, 0xCBFE
    dd 0x5855, 0x8952
    dd 0x5856, 0x8953
    dd 0x5857, 0x8954
    dd 0x5858, 0xCCC1
    dd 0x5859, 0x8955
    dd 0x585A, 0x8956
    dd 0x585B, 0x8957
    dd 0x585C, 0x8958
    dd 0x585D, 0x8959
    dd 0x585E, 0xC8FB
    dd 0x585F, 0x895A
    dd 0x5860, 0x895B
    dd 0x5861, 0x895C
    dd 0x5862, 0x895D
    dd 0x5863, 0x895E
    dd 0x5864, 0x895F
    dd 0x5865, 0xDCAA
    dd 0x5866, 0x8960
    dd 0x5867, 0x8961
    dd 0x5868, 0x8962
    dd 0x5869, 0x8963
    dd 0x586A, 0x8964
    dd 0x586B, 0xCCEE
    dd 0x586C, 0xDCAB
    dd 0x586D, 0x8965
    dd 0x586E, 0x8966
    dd 0x586F, 0x8967
    dd 0x5870, 0x8968
    dd 0x5871, 0x8969
    dd 0x5872, 0x896A
    dd 0x5873, 0x896B
    dd 0x5874, 0x896C
    dd 0x5875, 0x896D
    dd 0x5876, 0x896E
    dd 0x5877, 0x896F
    dd 0x5878, 0x8970
    dd 0x5879, 0x8971
    dd 0x587A, 0x8972
    dd 0x587B, 0x8973
    dd 0x587C, 0x8974
    dd 0x587D, 0x8975
    dd 0x587E, 0xDBD3
    dd 0x587F, 0x8976
    dd 0x5880, 0xDCAF
    dd 0x5881, 0xDCAC
    dd 0x5882, 0x8977
    dd 0x5883, 0xBEB3
    dd 0x5884, 0x8978
    dd 0x5885, 0xCAFB
    dd 0x5886, 0x8979
    dd 0x5887, 0x897A
    dd 0x5888, 0x897B
    dd 0x5889, 0xDCAD
    dd 0x588A, 0x897C
    dd 0x588B, 0x897D
    dd 0x588C, 0x897E
    dd 0x588D, 0x8980
    dd 0x588E, 0x8981
    dd 0x588F, 0x8982
    dd 0x5890, 0x8983
    dd 0x5891, 0x8984
    dd 0x5892, 0xC9CA
    dd 0x5893, 0xC4B9
    dd 0x5894, 0x8985
    dd 0x5895, 0x8986
    dd 0x5896, 0x8987
    dd 0x5897, 0x8988
    dd 0x5898, 0x8989
    dd 0x5899, 0xC7BD
    dd 0x589A, 0xDCAE
    dd 0x589B, 0x898A
    dd 0x589C, 0x898B
    dd 0x589D, 0x898C
    dd 0x589E, 0xD4F6
    dd 0x589F, 0xD0E6
    dd 0x58A0, 0x898D
    dd 0x58A1, 0x898E
    dd 0x58A2, 0x898F
    dd 0x58A3, 0x8990
    dd 0x58A4, 0x8991
    dd 0x58A5, 0x8992
    dd 0x58A6, 0x8993
    dd 0x58A7, 0x8994
    dd 0x58A8, 0xC4AB
    dd 0x58A9, 0xB6D5
    dd 0x58AA, 0x8995
    dd 0x58AB, 0x8996
    dd 0x58AC, 0x8997
    dd 0x58AD, 0x8998
    dd 0x58AE, 0x8999
    dd 0x58AF, 0x899A
    dd 0x58B0, 0x899B
    dd 0x58B1, 0x899C
    dd 0x58B2, 0x899D
    dd 0x58B3, 0x899E
    dd 0x58B4, 0x899F
    dd 0x58B5, 0x89A0
    dd 0x58B6, 0x89A1
    dd 0x58B7, 0x89A2
    dd 0x58B8, 0x89A3
    dd 0x58B9, 0x89A4
    dd 0x58BA, 0x89A5
    dd 0x58BB, 0x89A6
    dd 0x58BC, 0xDBD4
    dd 0x58BD, 0x89A7
    dd 0x58BE, 0x89A8
    dd 0x58BF, 0x89A9
    dd 0x58C0, 0x89AA
    dd 0x58C1, 0xB1DA
    dd 0x58C2, 0x89AB
    dd 0x58C3, 0x89AC
    dd 0x58C4, 0x89AD
    dd 0x58C5, 0xDBD5
    dd 0x58C6, 0x89AE
    dd 0x58C7, 0x89AF
    dd 0x58C8, 0x89B0
    dd 0x58C9, 0x89B1
    dd 0x58CA, 0x89B2
    dd 0x58CB, 0x89B3
    dd 0x58CC, 0x89B4
    dd 0x58CD, 0x89B5
    dd 0x58CE, 0x89B6
    dd 0x58CF, 0x89B7
    dd 0x58D0, 0x89B8
    dd 0x58D1, 0xDBD6
    dd 0x58D2, 0x89B9
    dd 0x58D3, 0x89BA
    dd 0x58D4, 0x89BB
    dd 0x58D5, 0xBABE
    dd 0x58D6, 0x89BC
    dd 0x58D7, 0x89BD
    dd 0x58D8, 0x89BE
    dd 0x58D9, 0x89BF
    dd 0x58DA, 0x89C0
    dd 0x58DB, 0x89C1
    dd 0x58DC, 0x89C2
    dd 0x58DD, 0x89C3
    dd 0x58DE, 0x89C4
    dd 0x58DF, 0x89C5
    dd 0x58E0, 0x89C6
    dd 0x58E1, 0x89C7
    dd 0x58E2, 0x89C8
    dd 0x58E3, 0x89C9
    dd 0x58E4, 0xC8C0
    dd 0x58E5, 0x89CA
    dd 0x58E6, 0x89CB
    dd 0x58E7, 0x89CC
    dd 0x58E8, 0x89CD
    dd 0x58E9, 0x89CE
    dd 0x58EA, 0x89CF
    dd 0x58EB, 0xCABF
    dd 0x58EC, 0xC8C9
    dd 0x58ED, 0x89D0
    dd 0x58EE, 0xD7B3
    dd 0x58EF, 0x89D1
    dd 0x58F0, 0xC9F9
    dd 0x58F1, 0x89D2
    dd 0x58F2, 0x89D3
    dd 0x58F3, 0xBFC7
    dd 0x58F4, 0x89D4
    dd 0x58F5, 0x89D5
    dd 0x58F6, 0xBAF8
    dd 0x58F7, 0x89D6
    dd 0x58F8, 0x89D7
    dd 0x58F9, 0xD2BC
    dd 0x58FA, 0x89D8
    dd 0x58FB, 0x89D9
    dd 0x58FC, 0x89DA
    dd 0x58FD, 0x89DB
    dd 0x58FE, 0x89DC
    dd 0x58FF, 0x89DD
    dd 0x5900, 0x89DE
    dd 0x5901, 0x89DF
    dd 0x5902, 0xE2BA
    dd 0x5903, 0x89E0
    dd 0x5904, 0xB4A6
    dd 0x5905, 0x89E1
    dd 0x5906, 0x89E2
    dd 0x5907, 0xB1B8
    dd 0x5908, 0x89E3
    dd 0x5909, 0x89E4
    dd 0x590A, 0x89E5
    dd 0x590B, 0x89E6
    dd 0x590C, 0x89E7
    dd 0x590D, 0xB8B4
    dd 0x590E, 0x89E8
    dd 0x590F, 0xCFC4
    dd 0x5910, 0x89E9
    dd 0x5911, 0x89EA
    dd 0x5912, 0x89EB
    dd 0x5913, 0x89EC
    dd 0x5914, 0xD9E7
    dd 0x5915, 0xCFA6
    dd 0x5916, 0xCDE2
    dd 0x5917, 0x89ED
    dd 0x5918, 0x89EE
    dd 0x5919, 0xD9ED
    dd 0x591A, 0xB6E0
    dd 0x591B, 0x89EF
    dd 0x591C, 0xD2B9
    dd 0x591D, 0x89F0
    dd 0x591E, 0x89F1
    dd 0x591F, 0xB9BB
    dd 0x5920, 0x89F2
    dd 0x5921, 0x89F3
    dd 0x5922, 0x89F4
    dd 0x5923, 0x89F5
    dd 0x5924, 0xE2B9
    dd 0x5925, 0xE2B7
    dd 0x5926, 0x89F6
    dd 0x5927, 0xB4F3
    dd 0x5928, 0x89F7
    dd 0x5929, 0xCCEC
    dd 0x592A, 0xCCAB
    dd 0x592B, 0xB7F2
    dd 0x592C, 0x89F8
    dd 0x592D, 0xD8B2
    dd 0x592E, 0xD1EB
    dd 0x592F, 0xBABB
    dd 0x5930, 0x89F9
    dd 0x5931, 0xCAA7
    dd 0x5932, 0x89FA
    dd 0x5933, 0x89FB
    dd 0x5934, 0xCDB7
    dd 0x5935, 0x89FC
    dd 0x5936, 0x89FD
    dd 0x5937, 0xD2C4
    dd 0x5938, 0xBFE4
    dd 0x5939, 0xBCD0
    dd 0x593A, 0xB6E1
    dd 0x593B, 0x89FE
    dd 0x593C, 0xDEC5
    dd 0x593D, 0x8A40
    dd 0x593E, 0x8A41
    dd 0x593F, 0x8A42
    dd 0x5940, 0x8A43
    dd 0x5941, 0xDEC6
    dd 0x5942, 0xDBBC
    dd 0x5943, 0x8A44
    dd 0x5944, 0xD1D9
    dd 0x5945, 0x8A45
    dd 0x5946, 0x8A46
    dd 0x5947, 0xC6E6
    dd 0x5948, 0xC4CE
    dd 0x5949, 0xB7EE
    dd 0x594A, 0x8A47
    dd 0x594B, 0xB7DC
    dd 0x594C, 0x8A48
    dd 0x594D, 0x8A49
    dd 0x594E, 0xBFFC
    dd 0x594F, 0xD7E0
    dd 0x5950, 0x8A4A
    dd 0x5951, 0xC6F5
    dd 0x5952, 0x8A4B
    dd 0x5953, 0x8A4C
    dd 0x5954, 0xB1BC
    dd 0x5955, 0xDEC8
    dd 0x5956, 0xBDB1
    dd 0x5957, 0xCCD7
    dd 0x5958, 0xDECA
    dd 0x5959, 0x8A4D
    dd 0x595A, 0xDEC9
    dd 0x595B, 0x8A4E
    dd 0x595C, 0x8A4F
    dd 0x595D, 0x8A50
    dd 0x595E, 0x8A51
    dd 0x595F, 0x8A52
    dd 0x5960, 0xB5EC
    dd 0x5961, 0x8A53
    dd 0x5962, 0xC9DD
    dd 0x5963, 0x8A54
    dd 0x5964, 0x8A55
    dd 0x5965, 0xB0C2
    dd 0x5966, 0x8A56
    dd 0x5967, 0x8A57
    dd 0x5968, 0x8A58
    dd 0x5969, 0x8A59
    dd 0x596A, 0x8A5A
    dd 0x596B, 0x8A5B
    dd 0x596C, 0x8A5C
    dd 0x596D, 0x8A5D
    dd 0x596E, 0x8A5E
    dd 0x596F, 0x8A5F
    dd 0x5970, 0x8A60
    dd 0x5971, 0x8A61
    dd 0x5972, 0x8A62
    dd 0x5973, 0xC5AE
    dd 0x5974, 0xC5AB
    dd 0x5975, 0x8A63
    dd 0x5976, 0xC4CC
    dd 0x5977, 0x8A64
    dd 0x5978, 0xBCE9
    dd 0x5979, 0xCBFD
    dd 0x597A, 0x8A65
    dd 0x597B, 0x8A66
    dd 0x597C, 0x8A67
    dd 0x597D, 0xBAC3
    dd 0x597E, 0x8A68
    dd 0x597F, 0x8A69
    dd 0x5980, 0x8A6A
    dd 0x5981, 0xE5F9
    dd 0x5982, 0xC8E7
    dd 0x5983, 0xE5FA
    dd 0x5984, 0xCDFD
    dd 0x5985, 0x8A6B
    dd 0x5986, 0xD7B1
    dd 0x5987, 0xB8BE
    dd 0x5988, 0xC2E8
    dd 0x5989, 0x8A6C
    dd 0x598A, 0xC8D1
    dd 0x598B, 0x8A6D
    dd 0x598C, 0x8A6E
    dd 0x598D, 0xE5FB
    dd 0x598E, 0x8A6F
    dd 0x598F, 0x8A70
    dd 0x5990, 0x8A71
    dd 0x5991, 0x8A72
    dd 0x5992, 0xB6CA
    dd 0x5993, 0xBCCB
    dd 0x5994, 0x8A73
    dd 0x5995, 0x8A74
    dd 0x5996, 0xD1FD
    dd 0x5997, 0xE6A1
    dd 0x5998, 0x8A75
    dd 0x5999, 0xC3EE
    dd 0x599A, 0x8A76
    dd 0x599B, 0x8A77
    dd 0x599C, 0x8A78
    dd 0x599D, 0x8A79
    dd 0x599E, 0xE6A4
    dd 0x599F, 0x8A7A
    dd 0x59A0, 0x8A7B
    dd 0x59A1, 0x8A7C
    dd 0x59A2, 0x8A7D
    dd 0x59A3, 0xE5FE
    dd 0x59A4, 0xE6A5
    dd 0x59A5, 0xCDD7
    dd 0x59A6, 0x8A7E
    dd 0x59A7, 0x8A80
    dd 0x59A8, 0xB7C1
    dd 0x59A9, 0xE5FC
    dd 0x59AA, 0xE5FD
    dd 0x59AB, 0xE6A3
    dd 0x59AC, 0x8A81
    dd 0x59AD, 0x8A82
    dd 0x59AE, 0xC4DD
    dd 0x59AF, 0xE6A8
    dd 0x59B0, 0x8A83
    dd 0x59B1, 0x8A84
    dd 0x59B2, 0xE6A7
    dd 0x59B3, 0x8A85
    dd 0x59B4, 0x8A86
    dd 0x59B5, 0x8A87
    dd 0x59B6, 0x8A88
    dd 0x59B7, 0x8A89
    dd 0x59B8, 0x8A8A
    dd 0x59B9, 0xC3C3
    dd 0x59BA, 0x8A8B
    dd 0x59BB, 0xC6DE
    dd 0x59BC, 0x8A8C
    dd 0x59BD, 0x8A8D
    dd 0x59BE, 0xE6AA
    dd 0x59BF, 0x8A8E
    dd 0x59C0, 0x8A8F
    dd 0x59C1, 0x8A90
    dd 0x59C2, 0x8A91
    dd 0x59C3, 0x8A92
    dd 0x59C4, 0x8A93
    dd 0x59C5, 0x8A94
    dd 0x59C6, 0xC4B7
    dd 0x59C7, 0x8A95
    dd 0x59C8, 0x8A96
    dd 0x59C9, 0x8A97
    dd 0x59CA, 0xE6A2
    dd 0x59CB, 0xCABC
    dd 0x59CC, 0x8A98
    dd 0x59CD, 0x8A99
    dd 0x59CE, 0x8A9A
    dd 0x59CF, 0x8A9B
    dd 0x59D0, 0xBDE3
    dd 0x59D1, 0xB9C3
    dd 0x59D2, 0xE6A6
    dd 0x59D3, 0xD0D5
    dd 0x59D4, 0xCEAF
    dd 0x59D5, 0x8A9C
    dd 0x59D6, 0x8A9D
    dd 0x59D7, 0xE6A9
    dd 0x59D8, 0xE6B0
    dd 0x59D9, 0x8A9E
    dd 0x59DA, 0xD2A6
    dd 0x59DB, 0x8A9F
    dd 0x59DC, 0xBDAA
    dd 0x59DD, 0xE6AD
    dd 0x59DE, 0x8AA0
    dd 0x59DF, 0x8AA1
    dd 0x59E0, 0x8AA2
    dd 0x59E1, 0x8AA3
    dd 0x59E2, 0x8AA4
    dd 0x59E3, 0xE6AF
    dd 0x59E4, 0x8AA5
    dd 0x59E5, 0xC0D1
    dd 0x59E6, 0x8AA6
    dd 0x59E7, 0x8AA7
    dd 0x59E8, 0xD2CC
    dd 0x59E9, 0x8AA8
    dd 0x59EA, 0x8AA9
    dd 0x59EB, 0x8AAA
    dd 0x59EC, 0xBCA7
    dd 0x59ED, 0x8AAB
    dd 0x59EE, 0x8AAC
    dd 0x59EF, 0x8AAD
    dd 0x59F0, 0x8AAE
    dd 0x59F1, 0x8AAF
    dd 0x59F2, 0x8AB0
    dd 0x59F3, 0x8AB1
    dd 0x59F4, 0x8AB2
    dd 0x59F5, 0x8AB3
    dd 0x59F6, 0x8AB4
    dd 0x59F7, 0x8AB5
    dd 0x59F8, 0x8AB6
    dd 0x59F9, 0xE6B1
    dd 0x59FA, 0x8AB7
    dd 0x59FB, 0xD2F6
    dd 0x59FC, 0x8AB8
    dd 0x59FD, 0x8AB9
    dd 0x59FE, 0x8ABA
    dd 0x59FF, 0xD7CB
    dd 0x5A00, 0x8ABB
    dd 0x5A01, 0xCDFE
    dd 0x5A02, 0x8ABC
    dd 0x5A03, 0xCDDE
    dd 0x5A04, 0xC2A6
    dd 0x5A05, 0xE6AB
    dd 0x5A06, 0xE6AC
    dd 0x5A07, 0xBDBF
    dd 0x5A08, 0xE6AE
    dd 0x5A09, 0xE6B3
    dd 0x5A0A, 0x8ABD
    dd 0x5A0B, 0x8ABE
    dd 0x5A0C, 0xE6B2
    dd 0x5A0D, 0x8ABF
    dd 0x5A0E, 0x8AC0
    dd 0x5A0F, 0x8AC1
    dd 0x5A10, 0x8AC2
    dd 0x5A11, 0xE6B6
    dd 0x5A12, 0x8AC3
    dd 0x5A13, 0xE6B8
    dd 0x5A14, 0x8AC4
    dd 0x5A15, 0x8AC5
    dd 0x5A16, 0x8AC6
    dd 0x5A17, 0x8AC7
    dd 0x5A18, 0xC4EF
    dd 0x5A19, 0x8AC8
    dd 0x5A1A, 0x8AC9
    dd 0x5A1B, 0x8ACA
    dd 0x5A1C, 0xC4C8
    dd 0x5A1D, 0x8ACB
    dd 0x5A1E, 0x8ACC
    dd 0x5A1F, 0xBEEA
    dd 0x5A20, 0xC9EF
    dd 0x5A21, 0x8ACD
    dd 0x5A22, 0x8ACE
    dd 0x5A23, 0xE6B7
    dd 0x5A24, 0x8ACF
    dd 0x5A25, 0xB6F0
    dd 0x5A26, 0x8AD0
    dd 0x5A27, 0x8AD1
    dd 0x5A28, 0x8AD2
    dd 0x5A29, 0xC3E4
    dd 0x5A2A, 0x8AD3
    dd 0x5A2B, 0x8AD4
    dd 0x5A2C, 0x8AD5
    dd 0x5A2D, 0x8AD6
    dd 0x5A2E, 0x8AD7
    dd 0x5A2F, 0x8AD8
    dd 0x5A30, 0x8AD9
    dd 0x5A31, 0xD3E9
    dd 0x5A32, 0xE6B4
    dd 0x5A33, 0x8ADA
    dd 0x5A34, 0xE6B5
    dd 0x5A35, 0x8ADB
    dd 0x5A36, 0xC8A2
    dd 0x5A37, 0x8ADC
    dd 0x5A38, 0x8ADD
    dd 0x5A39, 0x8ADE
    dd 0x5A3A, 0x8ADF
    dd 0x5A3B, 0x8AE0
    dd 0x5A3C, 0xE6BD
    dd 0x5A3D, 0x8AE1
    dd 0x5A3E, 0x8AE2
    dd 0x5A3F, 0x8AE3
    dd 0x5A40, 0xE6B9
    dd 0x5A41, 0x8AE4
    dd 0x5A42, 0x8AE5
    dd 0x5A43, 0x8AE6
    dd 0x5A44, 0x8AE7
    dd 0x5A45, 0x8AE8
    dd 0x5A46, 0xC6C5
    dd 0x5A47, 0x8AE9
    dd 0x5A48, 0x8AEA
    dd 0x5A49, 0xCDF1
    dd 0x5A4A, 0xE6BB
    dd 0x5A4B, 0x8AEB
    dd 0x5A4C, 0x8AEC
    dd 0x5A4D, 0x8AED
    dd 0x5A4E, 0x8AEE
    dd 0x5A4F, 0x8AEF
    dd 0x5A50, 0x8AF0
    dd 0x5A51, 0x8AF1
    dd 0x5A52, 0x8AF2
    dd 0x5A53, 0x8AF3
    dd 0x5A54, 0x8AF4
    dd 0x5A55, 0xE6BC
    dd 0x5A56, 0x8AF5
    dd 0x5A57, 0x8AF6
    dd 0x5A58, 0x8AF7
    dd 0x5A59, 0x8AF8
    dd 0x5A5A, 0xBBE9
    dd 0x5A5B, 0x8AF9
    dd 0x5A5C, 0x8AFA
    dd 0x5A5D, 0x8AFB
    dd 0x5A5E, 0x8AFC
    dd 0x5A5F, 0x8AFD
    dd 0x5A60, 0x8AFE
    dd 0x5A61, 0x8B40
    dd 0x5A62, 0xE6BE
    dd 0x5A63, 0x8B41
    dd 0x5A64, 0x8B42
    dd 0x5A65, 0x8B43
    dd 0x5A66, 0x8B44
    dd 0x5A67, 0xE6BA
    dd 0x5A68, 0x8B45
    dd 0x5A69, 0x8B46
    dd 0x5A6A, 0xC0B7
    dd 0x5A6B, 0x8B47
    dd 0x5A6C, 0x8B48
    dd 0x5A6D, 0x8B49
    dd 0x5A6E, 0x8B4A
    dd 0x5A6F, 0x8B4B
    dd 0x5A70, 0x8B4C
    dd 0x5A71, 0x8B4D
    dd 0x5A72, 0x8B4E
    dd 0x5A73, 0x8B4F
    dd 0x5A74, 0xD3A4
    dd 0x5A75, 0xE6BF
    dd 0x5A76, 0xC9F4
    dd 0x5A77, 0xE6C3
    dd 0x5A78, 0x8B50
    dd 0x5A79, 0x8B51
    dd 0x5A7A, 0xE6C4
    dd 0x5A7B, 0x8B52
    dd 0x5A7C, 0x8B53
    dd 0x5A7D, 0x8B54
    dd 0x5A7E, 0x8B55
    dd 0x5A7F, 0xD0F6
    dd 0x5A80, 0x8B56
    dd 0x5A81, 0x8B57
    dd 0x5A82, 0x8B58
    dd 0x5A83, 0x8B59
    dd 0x5A84, 0x8B5A
    dd 0x5A85, 0x8B5B
    dd 0x5A86, 0x8B5C
    dd 0x5A87, 0x8B5D
    dd 0x5A88, 0x8B5E
    dd 0x5A89, 0x8B5F
    dd 0x5A8A, 0x8B60
    dd 0x5A8B, 0x8B61
    dd 0x5A8C, 0x8B62
    dd 0x5A8D, 0x8B63
    dd 0x5A8E, 0x8B64
    dd 0x5A8F, 0x8B65
    dd 0x5A90, 0x8B66
    dd 0x5A91, 0x8B67
    dd 0x5A92, 0xC3BD
    dd 0x5A93, 0x8B68
    dd 0x5A94, 0x8B69
    dd 0x5A95, 0x8B6A
    dd 0x5A96, 0x8B6B
    dd 0x5A97, 0x8B6C
    dd 0x5A98, 0x8B6D
    dd 0x5A99, 0x8B6E
    dd 0x5A9A, 0xC3C4
    dd 0x5A9B, 0xE6C2
    dd 0x5A9C, 0x8B6F
    dd 0x5A9D, 0x8B70
    dd 0x5A9E, 0x8B71
    dd 0x5A9F, 0x8B72
    dd 0x5AA0, 0x8B73
    dd 0x5AA1, 0x8B74
    dd 0x5AA2, 0x8B75
    dd 0x5AA3, 0x8B76
    dd 0x5AA4, 0x8B77
    dd 0x5AA5, 0x8B78
    dd 0x5AA6, 0x8B79
    dd 0x5AA7, 0x8B7A
    dd 0x5AA8, 0x8B7B
    dd 0x5AA9, 0x8B7C
    dd 0x5AAA, 0xE6C1
    dd 0x5AAB, 0x8B7D
    dd 0x5AAC, 0x8B7E
    dd 0x5AAD, 0x8B80
    dd 0x5AAE, 0x8B81
    dd 0x5AAF, 0x8B82
    dd 0x5AB0, 0x8B83
    dd 0x5AB1, 0x8B84
    dd 0x5AB2, 0xE6C7
    dd 0x5AB3, 0xCFB1
    dd 0x5AB4, 0x8B85
    dd 0x5AB5, 0xEBF4
    dd 0x5AB6, 0x8B86
    dd 0x5AB7, 0x8B87
    dd 0x5AB8, 0xE6CA
    dd 0x5AB9, 0x8B88
    dd 0x5ABA, 0x8B89
    dd 0x5ABB, 0x8B8A
    dd 0x5ABC, 0x8B8B
    dd 0x5ABD, 0x8B8C
    dd 0x5ABE, 0xE6C5
    dd 0x5ABF, 0x8B8D
    dd 0x5AC0, 0x8B8E
    dd 0x5AC1, 0xBCDE
    dd 0x5AC2, 0xC9A9
    dd 0x5AC3, 0x8B8F
    dd 0x5AC4, 0x8B90
    dd 0x5AC5, 0x8B91
    dd 0x5AC6, 0x8B92
    dd 0x5AC7, 0x8B93
    dd 0x5AC8, 0x8B94
    dd 0x5AC9, 0xBCB5
    dd 0x5ACA, 0x8B95
    dd 0x5ACB, 0x8B96
    dd 0x5ACC, 0xCFD3
    dd 0x5ACD, 0x8B97
    dd 0x5ACE, 0x8B98
    dd 0x5ACF, 0x8B99
    dd 0x5AD0, 0x8B9A
    dd 0x5AD1, 0x8B9B
    dd 0x5AD2, 0xE6C8
    dd 0x5AD3, 0x8B9C
    dd 0x5AD4, 0xE6C9
    dd 0x5AD5, 0x8B9D
    dd 0x5AD6, 0xE6CE
    dd 0x5AD7, 0x8B9E
    dd 0x5AD8, 0xE6D0
    dd 0x5AD9, 0x8B9F
    dd 0x5ADA, 0x8BA0
    dd 0x5ADB, 0x8BA1
    dd 0x5ADC, 0xE6D1
    dd 0x5ADD, 0x8BA2
    dd 0x5ADE, 0x8BA3
    dd 0x5ADF, 0x8BA4
    dd 0x5AE0, 0xE6CB
    dd 0x5AE1, 0xB5D5
    dd 0x5AE2, 0x8BA5
    dd 0x5AE3, 0xE6CC
    dd 0x5AE4, 0x8BA6
    dd 0x5AE5, 0x8BA7
    dd 0x5AE6, 0xE6CF
    dd 0x5AE7, 0x8BA8
    dd 0x5AE8, 0x8BA9
    dd 0x5AE9, 0xC4DB
    dd 0x5AEA, 0x8BAA
    dd 0x5AEB, 0xE6C6
    dd 0x5AEC, 0x8BAB
    dd 0x5AED, 0x8BAC
    dd 0x5AEE, 0x8BAD
    dd 0x5AEF, 0x8BAE
    dd 0x5AF0, 0x8BAF
    dd 0x5AF1, 0xE6CD
    dd 0x5AF2, 0x8BB0
    dd 0x5AF3, 0x8BB1
    dd 0x5AF4, 0x8BB2
    dd 0x5AF5, 0x8BB3
    dd 0x5AF6, 0x8BB4
    dd 0x5AF7, 0x8BB5
    dd 0x5AF8, 0x8BB6
    dd 0x5AF9, 0x8BB7
    dd 0x5AFA, 0x8BB8
    dd 0x5AFB, 0x8BB9
    dd 0x5AFC, 0x8BBA
    dd 0x5AFD, 0x8BBB
    dd 0x5AFE, 0x8BBC
    dd 0x5AFF, 0x8BBD
    dd 0x5B00, 0x8BBE
    dd 0x5B01, 0x8BBF
    dd 0x5B02, 0x8BC0
    dd 0x5B03, 0x8BC1
    dd 0x5B04, 0x8BC2
    dd 0x5B05, 0x8BC3
    dd 0x5B06, 0x8BC4
    dd 0x5B07, 0x8BC5
    dd 0x5B08, 0x8BC6
    dd 0x5B09, 0xE6D2
    dd 0x5B0A, 0x8BC7
    dd 0x5B0B, 0x8BC8
    dd 0x5B0C, 0x8BC9
    dd 0x5B0D, 0x8BCA
    dd 0x5B0E, 0x8BCB
    dd 0x5B0F, 0x8BCC
    dd 0x5B10, 0x8BCD
    dd 0x5B11, 0x8BCE
    dd 0x5B12, 0x8BCF
    dd 0x5B13, 0x8BD0
    dd 0x5B14, 0x8BD1
    dd 0x5B15, 0x8BD2
    dd 0x5B16, 0xE6D4
    dd 0x5B17, 0xE6D3
    dd 0x5B18, 0x8BD3
    dd 0x5B19, 0x8BD4
    dd 0x5B1A, 0x8BD5
    dd 0x5B1B, 0x8BD6
    dd 0x5B1C, 0x8BD7
    dd 0x5B1D, 0x8BD8
    dd 0x5B1E, 0x8BD9
    dd 0x5B1F, 0x8BDA
    dd 0x5B20, 0x8BDB
    dd 0x5B21, 0x8BDC
    dd 0x5B22, 0x8BDD
    dd 0x5B23, 0x8BDE
    dd 0x5B24, 0x8BDF
    dd 0x5B25, 0x8BE0
    dd 0x5B26, 0x8BE1
    dd 0x5B27, 0x8BE2
    dd 0x5B28, 0x8BE3
    dd 0x5B29, 0x8BE4
    dd 0x5B2A, 0x8BE5
    dd 0x5B2B, 0x8BE6
    dd 0x5B2C, 0x8BE7
    dd 0x5B2D, 0x8BE8
    dd 0x5B2E, 0x8BE9
    dd 0x5B2F, 0x8BEA
    dd 0x5B30, 0x8BEB
    dd 0x5B31, 0x8BEC
    dd 0x5B32, 0xE6D5
    dd 0x5B33, 0x8BED
    dd 0x5B34, 0xD9F8
    dd 0x5B35, 0x8BEE
    dd 0x5B36, 0x8BEF
    dd 0x5B37, 0xE6D6
    dd 0x5B38, 0x8BF0
    dd 0x5B39, 0x8BF1
    dd 0x5B3A, 0x8BF2
    dd 0x5B3B, 0x8BF3
    dd 0x5B3C, 0x8BF4
    dd 0x5B3D, 0x8BF5
    dd 0x5B3E, 0x8BF6
    dd 0x5B3F, 0x8BF7
    dd 0x5B40, 0xE6D7
    dd 0x5B41, 0x8BF8
    dd 0x5B42, 0x8BF9
    dd 0x5B43, 0x8BFA
    dd 0x5B44, 0x8BFB
    dd 0x5B45, 0x8BFC
    dd 0x5B46, 0x8BFD
    dd 0x5B47, 0x8BFE
    dd 0x5B48, 0x8C40
    dd 0x5B49, 0x8C41
    dd 0x5B4A, 0x8C42
    dd 0x5B4B, 0x8C43
    dd 0x5B4C, 0x8C44
    dd 0x5B4D, 0x8C45
    dd 0x5B4E, 0x8C46
    dd 0x5B4F, 0x8C47
    dd 0x5B50, 0xD7D3
    dd 0x5B51, 0xE6DD
    dd 0x5B52, 0x8C48
    dd 0x5B53, 0xE6DE
    dd 0x5B54, 0xBFD7
    dd 0x5B55, 0xD4D0
    dd 0x5B56, 0x8C49
    dd 0x5B57, 0xD7D6
    dd 0x5B58, 0xB4E6
    dd 0x5B59, 0xCBEF
    dd 0x5B5A, 0xE6DA
    dd 0x5B5B, 0xD8C3
    dd 0x5B5C, 0xD7CE
    dd 0x5B5D, 0xD0A2
    dd 0x5B5E, 0x8C4A
    dd 0x5B5F, 0xC3CF
    dd 0x5B60, 0x8C4B
    dd 0x5B61, 0x8C4C
    dd 0x5B62, 0xE6DF
    dd 0x5B63, 0xBCBE
    dd 0x5B64, 0xB9C2
    dd 0x5B65, 0xE6DB
    dd 0x5B66, 0xD1A7
    dd 0x5B67, 0x8C4D
    dd 0x5B68, 0x8C4E
    dd 0x5B69, 0xBAA2
    dd 0x5B6A, 0xC2CF
    dd 0x5B6B, 0x8C4F
    dd 0x5B6C, 0xD8AB
    dd 0x5B6D, 0x8C50
    dd 0x5B6E, 0x8C51
    dd 0x5B6F, 0x8C52
    dd 0x5B70, 0xCAEB
    dd 0x5B71, 0xE5EE
    dd 0x5B72, 0x8C53
    dd 0x5B73, 0xE6DC
    dd 0x5B74, 0x8C54
    dd 0x5B75, 0xB7F5
    dd 0x5B76, 0x8C55
    dd 0x5B77, 0x8C56
    dd 0x5B78, 0x8C57
    dd 0x5B79, 0x8C58
    dd 0x5B7A, 0xC8E6
    dd 0x5B7B, 0x8C59
    dd 0x5B7C, 0x8C5A
    dd 0x5B7D, 0xC4F5
    dd 0x5B7E, 0x8C5B
    dd 0x5B7F, 0x8C5C
    dd 0x5B80, 0xE5B2
    dd 0x5B81, 0xC4FE
    dd 0x5B82, 0x8C5D
    dd 0x5B83, 0xCBFC
    dd 0x5B84, 0xE5B3
    dd 0x5B85, 0xD5AC
    dd 0x5B86, 0x8C5E
    dd 0x5B87, 0xD3EE
    dd 0x5B88, 0xCAD8
    dd 0x5B89, 0xB0B2
    dd 0x5B8A, 0x8C5F
    dd 0x5B8B, 0xCBCE
    dd 0x5B8C, 0xCDEA
    dd 0x5B8D, 0x8C60
    dd 0x5B8E, 0x8C61
    dd 0x5B8F, 0xBAEA
    dd 0x5B90, 0x8C62
    dd 0x5B91, 0x8C63
    dd 0x5B92, 0x8C64
    dd 0x5B93, 0xE5B5
    dd 0x5B94, 0x8C65
    dd 0x5B95, 0xE5B4
    dd 0x5B96, 0x8C66
    dd 0x5B97, 0xD7DA
    dd 0x5B98, 0xB9D9
    dd 0x5B99, 0xD6E6
    dd 0x5B9A, 0xB6A8
    dd 0x5B9B, 0xCDF0
    dd 0x5B9C, 0xD2CB
    dd 0x5B9D, 0xB1A6
    dd 0x5B9E, 0xCAB5
    dd 0x5B9F, 0x8C67
    dd 0x5BA0, 0xB3E8
    dd 0x5BA1, 0xC9F3
    dd 0x5BA2, 0xBFCD
    dd 0x5BA3, 0xD0FB
    dd 0x5BA4, 0xCAD2
    dd 0x5BA5, 0xE5B6
    dd 0x5BA6, 0xBBC2
    dd 0x5BA7, 0x8C68
    dd 0x5BA8, 0x8C69
    dd 0x5BA9, 0x8C6A
    dd 0x5BAA, 0xCFDC
    dd 0x5BAB, 0xB9AC
    dd 0x5BAC, 0x8C6B
    dd 0x5BAD, 0x8C6C
    dd 0x5BAE, 0x8C6D
    dd 0x5BAF, 0x8C6E
    dd 0x5BB0, 0xD4D7
    dd 0x5BB1, 0x8C6F
    dd 0x5BB2, 0x8C70
    dd 0x5BB3, 0xBAA6
    dd 0x5BB4, 0xD1E7
    dd 0x5BB5, 0xCFFC
    dd 0x5BB6, 0xBCD2
    dd 0x5BB7, 0x8C71
    dd 0x5BB8, 0xE5B7
    dd 0x5BB9, 0xC8DD
    dd 0x5BBA, 0x8C72
    dd 0x5BBB, 0x8C73
    dd 0x5BBC, 0x8C74
    dd 0x5BBD, 0xBFED
    dd 0x5BBE, 0xB1F6
    dd 0x5BBF, 0xCBDE
    dd 0x5BC0, 0x8C75
    dd 0x5BC1, 0x8C76
    dd 0x5BC2, 0xBCC5
    dd 0x5BC3, 0x8C77
    dd 0x5BC4, 0xBCC4
    dd 0x5BC5, 0xD2FA
    dd 0x5BC6, 0xC3DC
    dd 0x5BC7, 0xBFDC
    dd 0x5BC8, 0x8C78
    dd 0x5BC9, 0x8C79
    dd 0x5BCA, 0x8C7A
    dd 0x5BCB, 0x8C7B
    dd 0x5BCC, 0xB8BB
    dd 0x5BCD, 0x8C7C
    dd 0x5BCE, 0x8C7D
    dd 0x5BCF, 0x8C7E
    dd 0x5BD0, 0xC3C2
    dd 0x5BD1, 0x8C80
    dd 0x5BD2, 0xBAAE
    dd 0x5BD3, 0xD4A2
    dd 0x5BD4, 0x8C81
    dd 0x5BD5, 0x8C82
    dd 0x5BD6, 0x8C83
    dd 0x5BD7, 0x8C84
    dd 0x5BD8, 0x8C85
    dd 0x5BD9, 0x8C86
    dd 0x5BDA, 0x8C87
    dd 0x5BDB, 0x8C88
    dd 0x5BDC, 0x8C89
    dd 0x5BDD, 0xC7DE
    dd 0x5BDE, 0xC4AF
    dd 0x5BDF, 0xB2EC
    dd 0x5BE0, 0x8C8A
    dd 0x5BE1, 0xB9D1
    dd 0x5BE2, 0x8C8B
    dd 0x5BE3, 0x8C8C
    dd 0x5BE4, 0xE5BB
    dd 0x5BE5, 0xC1C8
    dd 0x5BE6, 0x8C8D
    dd 0x5BE7, 0x8C8E
    dd 0x5BE8, 0xD5AF
    dd 0x5BE9, 0x8C8F
    dd 0x5BEA, 0x8C90
    dd 0x5BEB, 0x8C91
    dd 0x5BEC, 0x8C92
    dd 0x5BED, 0x8C93
    dd 0x5BEE, 0xE5BC
    dd 0x5BEF, 0x8C94
    dd 0x5BF0, 0xE5BE
    dd 0x5BF1, 0x8C95
    dd 0x5BF2, 0x8C96
    dd 0x5BF3, 0x8C97
    dd 0x5BF4, 0x8C98
    dd 0x5BF5, 0x8C99
    dd 0x5BF6, 0x8C9A
    dd 0x5BF7, 0x8C9B
    dd 0x5BF8, 0xB4E7
    dd 0x5BF9, 0xB6D4
    dd 0x5BFA, 0xCBC2
    dd 0x5BFB, 0xD1B0
    dd 0x5BFC, 0xB5BC
    dd 0x5BFD, 0x8C9C
    dd 0x5BFE, 0x8C9D
    dd 0x5BFF, 0xCAD9
    dd 0x5C00, 0x8C9E
    dd 0x5C01, 0xB7E2
    dd 0x5C02, 0x8C9F
    dd 0x5C03, 0x8CA0
    dd 0x5C04, 0xC9E4
    dd 0x5C05, 0x8CA1
    dd 0x5C06, 0xBDAB
    dd 0x5C07, 0x8CA2
    dd 0x5C08, 0x8CA3
    dd 0x5C09, 0xCEBE
    dd 0x5C0A, 0xD7F0
    dd 0x5C0B, 0x8CA4
    dd 0x5C0C, 0x8CA5
    dd 0x5C0D, 0x8CA6
    dd 0x5C0E, 0x8CA7
    dd 0x5C0F, 0xD0A1
    dd 0x5C10, 0x8CA8
    dd 0x5C11, 0xC9D9
    dd 0x5C12, 0x8CA9
    dd 0x5C13, 0x8CAA
    dd 0x5C14, 0xB6FB
    dd 0x5C15, 0xE6D8
    dd 0x5C16, 0xBCE2
    dd 0x5C17, 0x8CAB
    dd 0x5C18, 0xB3BE
    dd 0x5C19, 0x8CAC
    dd 0x5C1A, 0xC9D0
    dd 0x5C1B, 0x8CAD
    dd 0x5C1C, 0xE6D9
    dd 0x5C1D, 0xB3A2
    dd 0x5C1E, 0x8CAE
    dd 0x5C1F, 0x8CAF
    dd 0x5C20, 0x8CB0
    dd 0x5C21, 0x8CB1
    dd 0x5C22, 0xDECC
    dd 0x5C23, 0x8CB2
    dd 0x5C24, 0xD3C8
    dd 0x5C25, 0xDECD
    dd 0x5C26, 0x8CB3
    dd 0x5C27, 0xD2A2
    dd 0x5C28, 0x8CB4
    dd 0x5C29, 0x8CB5
    dd 0x5C2A, 0x8CB6
    dd 0x5C2B, 0x8CB7
    dd 0x5C2C, 0xDECE
    dd 0x5C2D, 0x8CB8
    dd 0x5C2E, 0x8CB9
    dd 0x5C2F, 0x8CBA
    dd 0x5C30, 0x8CBB
    dd 0x5C31, 0xBECD
    dd 0x5C32, 0x8CBC
    dd 0x5C33, 0x8CBD
    dd 0x5C34, 0xDECF
    dd 0x5C35, 0x8CBE
    dd 0x5C36, 0x8CBF
    dd 0x5C37, 0x8CC0
    dd 0x5C38, 0xCAAC
    dd 0x5C39, 0xD2FC
    dd 0x5C3A, 0xB3DF
    dd 0x5C3B, 0xE5EA
    dd 0x5C3C, 0xC4E1
    dd 0x5C3D, 0xBEA1
    dd 0x5C3E, 0xCEB2
    dd 0x5C3F, 0xC4F2
    dd 0x5C40, 0xBED6
    dd 0x5C41, 0xC6A8
    dd 0x5C42, 0xB2E3
    dd 0x5C43, 0x8CC1
    dd 0x5C44, 0x8CC2
    dd 0x5C45, 0xBED3
    dd 0x5C46, 0x8CC3
    dd 0x5C47, 0x8CC4
    dd 0x5C48, 0xC7FC
    dd 0x5C49, 0xCCEB
    dd 0x5C4A, 0xBDEC
    dd 0x5C4B, 0xCEDD
    dd 0x5C4C, 0x8CC5
    dd 0x5C4D, 0x8CC6
    dd 0x5C4E, 0xCABA
    dd 0x5C4F, 0xC6C1
    dd 0x5C50, 0xE5EC
    dd 0x5C51, 0xD0BC
    dd 0x5C52, 0x8CC7
    dd 0x5C53, 0x8CC8
    dd 0x5C54, 0x8CC9
    dd 0x5C55, 0xD5B9
    dd 0x5C56, 0x8CCA
    dd 0x5C57, 0x8CCB
    dd 0x5C58, 0x8CCC
    dd 0x5C59, 0xE5ED
    dd 0x5C5A, 0x8CCD
    dd 0x5C5B, 0x8CCE
    dd 0x5C5C, 0x8CCF
    dd 0x5C5D, 0x8CD0
    dd 0x5C5E, 0xCAF4
    dd 0x5C5F, 0x8CD1
    dd 0x5C60, 0xCDC0
    dd 0x5C61, 0xC2C5
    dd 0x5C62, 0x8CD2
    dd 0x5C63, 0xE5EF
    dd 0x5C64, 0x8CD3
    dd 0x5C65, 0xC2C4
    dd 0x5C66, 0xE5F0
    dd 0x5C67, 0x8CD4
    dd 0x5C68, 0x8CD5
    dd 0x5C69, 0x8CD6
    dd 0x5C6A, 0x8CD7
    dd 0x5C6B, 0x8CD8
    dd 0x5C6C, 0x8CD9
    dd 0x5C6D, 0x8CDA
    dd 0x5C6E, 0xE5F8
    dd 0x5C6F, 0xCDCD
    dd 0x5C70, 0x8CDB
    dd 0x5C71, 0xC9BD
    dd 0x5C72, 0x8CDC
    dd 0x5C73, 0x8CDD
    dd 0x5C74, 0x8CDE
    dd 0x5C75, 0x8CDF
    dd 0x5C76, 0x8CE0
    dd 0x5C77, 0x8CE1
    dd 0x5C78, 0x8CE2
    dd 0x5C79, 0xD2D9
    dd 0x5C7A, 0xE1A8
    dd 0x5C7B, 0x8CE3
    dd 0x5C7C, 0x8CE4
    dd 0x5C7D, 0x8CE5
    dd 0x5C7E, 0x8CE6
    dd 0x5C7F, 0xD3EC
    dd 0x5C80, 0x8CE7
    dd 0x5C81, 0xCBEA
    dd 0x5C82, 0xC6F1
    dd 0x5C83, 0x8CE8
    dd 0x5C84, 0x8CE9
    dd 0x5C85, 0x8CEA
    dd 0x5C86, 0x8CEB
    dd 0x5C87, 0x8CEC
    dd 0x5C88, 0xE1AC
    dd 0x5C89, 0x8CED
    dd 0x5C8A, 0x8CEE
    dd 0x5C8B, 0x8CEF
    dd 0x5C8C, 0xE1A7
    dd 0x5C8D, 0xE1A9
    dd 0x5C8E, 0x8CF0
    dd 0x5C8F, 0x8CF1
    dd 0x5C90, 0xE1AA
    dd 0x5C91, 0xE1AF
    dd 0x5C92, 0x8CF2
    dd 0x5C93, 0x8CF3
    dd 0x5C94, 0xB2ED
    dd 0x5C95, 0x8CF4
    dd 0x5C96, 0xE1AB
    dd 0x5C97, 0xB8DA
    dd 0x5C98, 0xE1AD
    dd 0x5C99, 0xE1AE
    dd 0x5C9A, 0xE1B0
    dd 0x5C9B, 0xB5BA
    dd 0x5C9C, 0xE1B1
    dd 0x5C9D, 0x8CF5
    dd 0x5C9E, 0x8CF6
    dd 0x5C9F, 0x8CF7
    dd 0x5CA0, 0x8CF8
    dd 0x5CA1, 0x8CF9
    dd 0x5CA2, 0xE1B3
    dd 0x5CA3, 0xE1B8
    dd 0x5CA4, 0x8CFA
    dd 0x5CA5, 0x8CFB
    dd 0x5CA6, 0x8CFC
    dd 0x5CA7, 0x8CFD
    dd 0x5CA8, 0x8CFE
    dd 0x5CA9, 0xD1D2
    dd 0x5CAA, 0x8D40
    dd 0x5CAB, 0xE1B6
    dd 0x5CAC, 0xE1B5
    dd 0x5CAD, 0xC1EB
    dd 0x5CAE, 0x8D41
    dd 0x5CAF, 0x8D42
    dd 0x5CB0, 0x8D43
    dd 0x5CB1, 0xE1B7
    dd 0x5CB2, 0x8D44
    dd 0x5CB3, 0xD4C0
    dd 0x5CB4, 0x8D45
    dd 0x5CB5, 0xE1B2
    dd 0x5CB6, 0x8D46
    dd 0x5CB7, 0xE1BA
    dd 0x5CB8, 0xB0B6
    dd 0x5CB9, 0x8D47
    dd 0x5CBA, 0x8D48
    dd 0x5CBB, 0x8D49
    dd 0x5CBC, 0x8D4A
    dd 0x5CBD, 0xE1B4
    dd 0x5CBE, 0x8D4B
    dd 0x5CBF, 0xBFF9
    dd 0x5CC0, 0x8D4C
    dd 0x5CC1, 0xE1B9
    dd 0x5CC2, 0x8D4D
    dd 0x5CC3, 0x8D4E
    dd 0x5CC4, 0xE1BB
    dd 0x5CC5, 0x8D4F
    dd 0x5CC6, 0x8D50
    dd 0x5CC7, 0x8D51
    dd 0x5CC8, 0x8D52
    dd 0x5CC9, 0x8D53
    dd 0x5CCA, 0x8D54
    dd 0x5CCB, 0xE1BE
    dd 0x5CCC, 0x8D55
    dd 0x5CCD, 0x8D56
    dd 0x5CCE, 0x8D57
    dd 0x5CCF, 0x8D58
    dd 0x5CD0, 0x8D59
    dd 0x5CD1, 0x8D5A
    dd 0x5CD2, 0xE1BC
    dd 0x5CD3, 0x8D5B
    dd 0x5CD4, 0x8D5C
    dd 0x5CD5, 0x8D5D
    dd 0x5CD6, 0x8D5E
    dd 0x5CD7, 0x8D5F
    dd 0x5CD8, 0x8D60
    dd 0x5CD9, 0xD6C5
    dd 0x5CDA, 0x8D61
    dd 0x5CDB, 0x8D62
    dd 0x5CDC, 0x8D63
    dd 0x5CDD, 0x8D64
    dd 0x5CDE, 0x8D65
    dd 0x5CDF, 0x8D66
    dd 0x5CE0, 0x8D67
    dd 0x5CE1, 0xCFBF
    dd 0x5CE2, 0x8D68
    dd 0x5CE3, 0x8D69
    dd 0x5CE4, 0xE1BD
    dd 0x5CE5, 0xE1BF
    dd 0x5CE6, 0xC2CD
    dd 0x5CE7, 0x8D6A
    dd 0x5CE8, 0xB6EB
    dd 0x5CE9, 0x8D6B
    dd 0x5CEA, 0xD3F8
    dd 0x5CEB, 0x8D6C
    dd 0x5CEC, 0x8D6D
    dd 0x5CED, 0xC7CD
    dd 0x5CEE, 0x8D6E
    dd 0x5CEF, 0x8D6F
    dd 0x5CF0, 0xB7E5
    dd 0x5CF1, 0x8D70
    dd 0x5CF2, 0x8D71
    dd 0x5CF3, 0x8D72
    dd 0x5CF4, 0x8D73
    dd 0x5CF5, 0x8D74
    dd 0x5CF6, 0x8D75
    dd 0x5CF7, 0x8D76
    dd 0x5CF8, 0x8D77
    dd 0x5CF9, 0x8D78
    dd 0x5CFA, 0x8D79
    dd 0x5CFB, 0xBEFE
    dd 0x5CFC, 0x8D7A
    dd 0x5CFD, 0x8D7B
    dd 0x5CFE, 0x8D7C
    dd 0x5CFF, 0x8D7D
    dd 0x5D00, 0x8D7E
    dd 0x5D01, 0x8D80
    dd 0x5D02, 0xE1C0
    dd 0x5D03, 0xE1C1
    dd 0x5D04, 0x8D81
    dd 0x5D05, 0x8D82
    dd 0x5D06, 0xE1C7
    dd 0x5D07, 0xB3E7
    dd 0x5D08, 0x8D83
    dd 0x5D09, 0x8D84
    dd 0x5D0A, 0x8D85
    dd 0x5D0B, 0x8D86
    dd 0x5D0C, 0x8D87
    dd 0x5D0D, 0x8D88
    dd 0x5D0E, 0xC6E9
    dd 0x5D0F, 0x8D89
    dd 0x5D10, 0x8D8A
    dd 0x5D11, 0x8D8B
    dd 0x5D12, 0x8D8C
    dd 0x5D13, 0x8D8D
    dd 0x5D14, 0xB4DE
    dd 0x5D15, 0x8D8E
    dd 0x5D16, 0xD1C2
    dd 0x5D17, 0x8D8F
    dd 0x5D18, 0x8D90
    dd 0x5D19, 0x8D91
    dd 0x5D1A, 0x8D92
    dd 0x5D1B, 0xE1C8
    dd 0x5D1C, 0x8D93
    dd 0x5D1D, 0x8D94
    dd 0x5D1E, 0xE1C6
    dd 0x5D1F, 0x8D95
    dd 0x5D20, 0x8D96
    dd 0x5D21, 0x8D97
    dd 0x5D22, 0x8D98
    dd 0x5D23, 0x8D99
    dd 0x5D24, 0xE1C5
    dd 0x5D25, 0x8D9A
    dd 0x5D26, 0xE1C3
    dd 0x5D27, 0xE1C2
    dd 0x5D28, 0x8D9B
    dd 0x5D29, 0xB1C0
    dd 0x5D2A, 0x8D9C
    dd 0x5D2B, 0x8D9D
    dd 0x5D2C, 0x8D9E
    dd 0x5D2D, 0xD5B8
    dd 0x5D2E, 0xE1C4
    dd 0x5D2F, 0x8D9F
    dd 0x5D30, 0x8DA0
    dd 0x5D31, 0x8DA1
    dd 0x5D32, 0x8DA2
    dd 0x5D33, 0x8DA3
    dd 0x5D34, 0xE1CB
    dd 0x5D35, 0x8DA4
    dd 0x5D36, 0x8DA5
    dd 0x5D37, 0x8DA6
    dd 0x5D38, 0x8DA7
    dd 0x5D39, 0x8DA8
    dd 0x5D3A, 0x8DA9
    dd 0x5D3B, 0x8DAA
    dd 0x5D3C, 0x8DAB
    dd 0x5D3D, 0xE1CC
    dd 0x5D3E, 0xE1CA
    dd 0x5D3F, 0x8DAC
    dd 0x5D40, 0x8DAD
    dd 0x5D41, 0x8DAE
    dd 0x5D42, 0x8DAF
    dd 0x5D43, 0x8DB0
    dd 0x5D44, 0x8DB1
    dd 0x5D45, 0x8DB2
    dd 0x5D46, 0x8DB3
    dd 0x5D47, 0xEFFA
    dd 0x5D48, 0x8DB4
    dd 0x5D49, 0x8DB5
    dd 0x5D4A, 0xE1D3
    dd 0x5D4B, 0xE1D2
    dd 0x5D4C, 0xC7B6
    dd 0x5D4D, 0x8DB6
    dd 0x5D4E, 0x8DB7
    dd 0x5D4F, 0x8DB8
    dd 0x5D50, 0x8DB9
    dd 0x5D51, 0x8DBA
    dd 0x5D52, 0x8DBB
    dd 0x5D53, 0x8DBC
    dd 0x5D54, 0x8DBD
    dd 0x5D55, 0x8DBE
    dd 0x5D56, 0x8DBF
    dd 0x5D57, 0x8DC0
    dd 0x5D58, 0xE1C9
    dd 0x5D59, 0x8DC1
    dd 0x5D5A, 0x8DC2
    dd 0x5D5B, 0xE1CE
    dd 0x5D5C, 0x8DC3
    dd 0x5D5D, 0xE1D0
    dd 0x5D5E, 0x8DC4
    dd 0x5D5F, 0x8DC5
    dd 0x5D60, 0x8DC6
    dd 0x5D61, 0x8DC7
    dd 0x5D62, 0x8DC8
    dd 0x5D63, 0x8DC9
    dd 0x5D64, 0x8DCA
    dd 0x5D65, 0x8DCB
    dd 0x5D66, 0x8DCC
    dd 0x5D67, 0x8DCD
    dd 0x5D68, 0x8DCE
    dd 0x5D69, 0xE1D4
    dd 0x5D6A, 0x8DCF
    dd 0x5D6B, 0xE1D1
    dd 0x5D6C, 0xE1CD
    dd 0x5D6D, 0x8DD0
    dd 0x5D6E, 0x8DD1
    dd 0x5D6F, 0xE1CF
    dd 0x5D70, 0x8DD2
    dd 0x5D71, 0x8DD3
    dd 0x5D72, 0x8DD4
    dd 0x5D73, 0x8DD5
    dd 0x5D74, 0xE1D5
    dd 0x5D75, 0x8DD6
    dd 0x5D76, 0x8DD7
    dd 0x5D77, 0x8DD8
    dd 0x5D78, 0x8DD9
    dd 0x5D79, 0x8DDA
    dd 0x5D7A, 0x8DDB
    dd 0x5D7B, 0x8DDC
    dd 0x5D7C, 0x8DDD
    dd 0x5D7D, 0x8DDE
    dd 0x5D7E, 0x8DDF
    dd 0x5D7F, 0x8DE0
    dd 0x5D80, 0x8DE1
    dd 0x5D81, 0x8DE2
    dd 0x5D82, 0xE1D6
    dd 0x5D83, 0x8DE3
    dd 0x5D84, 0x8DE4
    dd 0x5D85, 0x8DE5
    dd 0x5D86, 0x8DE6
    dd 0x5D87, 0x8DE7
    dd 0x5D88, 0x8DE8
    dd 0x5D89, 0x8DE9
    dd 0x5D8A, 0x8DEA
    dd 0x5D8B, 0x8DEB
    dd 0x5D8C, 0x8DEC
    dd 0x5D8D, 0x8DED
    dd 0x5D8E, 0x8DEE
    dd 0x5D8F, 0x8DEF
    dd 0x5D90, 0x8DF0
    dd 0x5D91, 0x8DF1
    dd 0x5D92, 0x8DF2
    dd 0x5D93, 0x8DF3
    dd 0x5D94, 0x8DF4
    dd 0x5D95, 0x8DF5
    dd 0x5D96, 0x8DF6
    dd 0x5D97, 0x8DF7
    dd 0x5D98, 0x8DF8
    dd 0x5D99, 0xE1D7
    dd 0x5D9A, 0x8DF9
    dd 0x5D9B, 0x8DFA
    dd 0x5D9C, 0x8DFB
    dd 0x5D9D, 0xE1D8
    dd 0x5D9E, 0x8DFC
    dd 0x5D9F, 0x8DFD
    dd 0x5DA0, 0x8DFE
    dd 0x5DA1, 0x8E40
    dd 0x5DA2, 0x8E41
    dd 0x5DA3, 0x8E42
    dd 0x5DA4, 0x8E43
    dd 0x5DA5, 0x8E44
    dd 0x5DA6, 0x8E45
    dd 0x5DA7, 0x8E46
    dd 0x5DA8, 0x8E47
    dd 0x5DA9, 0x8E48
    dd 0x5DAA, 0x8E49
    dd 0x5DAB, 0x8E4A
    dd 0x5DAC, 0x8E4B
    dd 0x5DAD, 0x8E4C
    dd 0x5DAE, 0x8E4D
    dd 0x5DAF, 0x8E4E
    dd 0x5DB0, 0x8E4F
    dd 0x5DB1, 0x8E50
    dd 0x5DB2, 0x8E51
    dd 0x5DB3, 0x8E52
    dd 0x5DB4, 0x8E53
    dd 0x5DB5, 0x8E54
    dd 0x5DB6, 0x8E55
    dd 0x5DB7, 0xE1DA
    dd 0x5DB8, 0x8E56
    dd 0x5DB9, 0x8E57
    dd 0x5DBA, 0x8E58
    dd 0x5DBB, 0x8E59
    dd 0x5DBC, 0x8E5A
    dd 0x5DBD, 0x8E5B
    dd 0x5DBE, 0x8E5C
    dd 0x5DBF, 0x8E5D
    dd 0x5DC0, 0x8E5E
    dd 0x5DC1, 0x8E5F
    dd 0x5DC2, 0x8E60
    dd 0x5DC3, 0x8E61
    dd 0x5DC4, 0x8E62
    dd 0x5DC5, 0xE1DB
    dd 0x5DC6, 0x8E63
    dd 0x5DC7, 0x8E64
    dd 0x5DC8, 0x8E65
    dd 0x5DC9, 0x8E66
    dd 0x5DCA, 0x8E67
    dd 0x5DCB, 0x8E68
    dd 0x5DCC, 0x8E69
    dd 0x5DCD, 0xCEA1
    dd 0x5DCE, 0x8E6A
    dd 0x5DCF, 0x8E6B
    dd 0x5DD0, 0x8E6C
    dd 0x5DD1, 0x8E6D
    dd 0x5DD2, 0x8E6E
    dd 0x5DD3, 0x8E6F
    dd 0x5DD4, 0x8E70
    dd 0x5DD5, 0x8E71
    dd 0x5DD6, 0x8E72
    dd 0x5DD7, 0x8E73
    dd 0x5DD8, 0x8E74
    dd 0x5DD9, 0x8E75
    dd 0x5DDA, 0x8E76
    dd 0x5DDB, 0xE7DD
    dd 0x5DDC, 0x8E77
    dd 0x5DDD, 0xB4A8
    dd 0x5DDE, 0xD6DD
    dd 0x5DDF, 0x8E78
    dd 0x5DE0, 0x8E79
    dd 0x5DE1, 0xD1B2
    dd 0x5DE2, 0xB3B2
    dd 0x5DE3, 0x8E7A
    dd 0x5DE4, 0x8E7B
    dd 0x5DE5, 0xB9A4
    dd 0x5DE6, 0xD7F3
    dd 0x5DE7, 0xC7C9
    dd 0x5DE8, 0xBEDE
    dd 0x5DE9, 0xB9AE
    dd 0x5DEA, 0x8E7C
    dd 0x5DEB, 0xCED7
    dd 0x5DEC, 0x8E7D
    dd 0x5DED, 0x8E7E
    dd 0x5DEE, 0xB2EE
    dd 0x5DEF, 0xDBCF
    dd 0x5DF0, 0x8E80
    dd 0x5DF1, 0xBCBA
    dd 0x5DF2, 0xD2D1
    dd 0x5DF3, 0xCBC8
    dd 0x5DF4, 0xB0CD
    dd 0x5DF5, 0x8E81
    dd 0x5DF6, 0x8E82
    dd 0x5DF7, 0xCFEF
    dd 0x5DF8, 0x8E83
    dd 0x5DF9, 0x8E84
    dd 0x5DFA, 0x8E85
    dd 0x5DFB, 0x8E86
    dd 0x5DFC, 0x8E87
    dd 0x5DFD, 0xD9E3
    dd 0x5DFE, 0xBDED
    dd 0x5DFF, 0x8E88
    dd 0x5E00, 0x8E89
    dd 0x5E01, 0xB1D2
    dd 0x5E02, 0xCAD0
    dd 0x5E03, 0xB2BC
    dd 0x5E04, 0x8E8A
    dd 0x5E05, 0xCBA7
    dd 0x5E06, 0xB7AB
    dd 0x5E07, 0x8E8B
    dd 0x5E08, 0xCAA6
    dd 0x5E09, 0x8E8C
    dd 0x5E0A, 0x8E8D
    dd 0x5E0B, 0x8E8E
    dd 0x5E0C, 0xCFA3
    dd 0x5E0D, 0x8E8F
    dd 0x5E0E, 0x8E90
    dd 0x5E0F, 0xE0F8
    dd 0x5E10, 0xD5CA
    dd 0x5E11, 0xE0FB
    dd 0x5E12, 0x8E91
    dd 0x5E13, 0x8E92
    dd 0x5E14, 0xE0FA
    dd 0x5E15, 0xC5C1
    dd 0x5E16, 0xCCFB
    dd 0x5E17, 0x8E93
    dd 0x5E18, 0xC1B1
    dd 0x5E19, 0xE0F9
    dd 0x5E1A, 0xD6E3
    dd 0x5E1B, 0xB2AF
    dd 0x5E1C, 0xD6C4
    dd 0x5E1D, 0xB5DB
    dd 0x5E1E, 0x8E94
    dd 0x5E1F, 0x8E95
    dd 0x5E20, 0x8E96
    dd 0x5E21, 0x8E97
    dd 0x5E22, 0x8E98
    dd 0x5E23, 0x8E99
    dd 0x5E24, 0x8E9A
    dd 0x5E25, 0x8E9B
    dd 0x5E26, 0xB4F8
    dd 0x5E27, 0xD6A1
    dd 0x5E28, 0x8E9C
    dd 0x5E29, 0x8E9D
    dd 0x5E2A, 0x8E9E
    dd 0x5E2B, 0x8E9F
    dd 0x5E2C, 0x8EA0
    dd 0x5E2D, 0xCFAF
    dd 0x5E2E, 0xB0EF
    dd 0x5E2F, 0x8EA1
    dd 0x5E30, 0x8EA2
    dd 0x5E31, 0xE0FC
    dd 0x5E32, 0x8EA3
    dd 0x5E33, 0x8EA4
    dd 0x5E34, 0x8EA5
    dd 0x5E35, 0x8EA6
    dd 0x5E36, 0x8EA7
    dd 0x5E37, 0xE1A1
    dd 0x5E38, 0xB3A3
    dd 0x5E39, 0x8EA8
    dd 0x5E3A, 0x8EA9
    dd 0x5E3B, 0xE0FD
    dd 0x5E3C, 0xE0FE
    dd 0x5E3D, 0xC3B1
    dd 0x5E3E, 0x8EAA
    dd 0x5E3F, 0x8EAB
    dd 0x5E40, 0x8EAC
    dd 0x5E41, 0x8EAD
    dd 0x5E42, 0xC3DD
    dd 0x5E43, 0x8EAE
    dd 0x5E44, 0xE1A2
    dd 0x5E45, 0xB7F9
    dd 0x5E46, 0x8EAF
    dd 0x5E47, 0x8EB0
    dd 0x5E48, 0x8EB1
    dd 0x5E49, 0x8EB2
    dd 0x5E4A, 0x8EB3
    dd 0x5E4B, 0x8EB4
    dd 0x5E4C, 0xBBCF
    dd 0x5E4D, 0x8EB5
    dd 0x5E4E, 0x8EB6
    dd 0x5E4F, 0x8EB7
    dd 0x5E50, 0x8EB8
    dd 0x5E51, 0x8EB9
    dd 0x5E52, 0x8EBA
    dd 0x5E53, 0x8EBB
    dd 0x5E54, 0xE1A3
    dd 0x5E55, 0xC4BB
    dd 0x5E56, 0x8EBC
    dd 0x5E57, 0x8EBD
    dd 0x5E58, 0x8EBE
    dd 0x5E59, 0x8EBF
    dd 0x5E5A, 0x8EC0
    dd 0x5E5B, 0xE1A4
    dd 0x5E5C, 0x8EC1
    dd 0x5E5D, 0x8EC2
    dd 0x5E5E, 0xE1A5
    dd 0x5E5F, 0x8EC3
    dd 0x5E60, 0x8EC4
    dd 0x5E61, 0xE1A6
    dd 0x5E62, 0xB4B1
    dd 0x5E63, 0x8EC5
    dd 0x5E64, 0x8EC6
    dd 0x5E65, 0x8EC7
    dd 0x5E66, 0x8EC8
    dd 0x5E67, 0x8EC9
    dd 0x5E68, 0x8ECA
    dd 0x5E69, 0x8ECB
    dd 0x5E6A, 0x8ECC
    dd 0x5E6B, 0x8ECD
    dd 0x5E6C, 0x8ECE
    dd 0x5E6D, 0x8ECF
    dd 0x5E6E, 0x8ED0
    dd 0x5E6F, 0x8ED1
    dd 0x5E70, 0x8ED2
    dd 0x5E71, 0x8ED3
    dd 0x5E72, 0xB8C9
    dd 0x5E73, 0xC6BD
    dd 0x5E74, 0xC4EA
    dd 0x5E75, 0x8ED4
    dd 0x5E76, 0xB2A2
    dd 0x5E77, 0x8ED5
    dd 0x5E78, 0xD0D2
    dd 0x5E79, 0x8ED6
    dd 0x5E7A, 0xE7DB
    dd 0x5E7B, 0xBBC3
    dd 0x5E7C, 0xD3D7
    dd 0x5E7D, 0xD3C4
    dd 0x5E7E, 0x8ED7
    dd 0x5E7F, 0xB9E3
    dd 0x5E80, 0xE2CF
    dd 0x5E81, 0x8ED8
    dd 0x5E82, 0x8ED9
    dd 0x5E83, 0x8EDA
    dd 0x5E84, 0xD7AF
    dd 0x5E85, 0x8EDB
    dd 0x5E86, 0xC7EC
    dd 0x5E87, 0xB1D3
    dd 0x5E88, 0x8EDC
    dd 0x5E89, 0x8EDD
    dd 0x5E8A, 0xB4B2
    dd 0x5E8B, 0xE2D1
    dd 0x5E8C, 0x8EDE
    dd 0x5E8D, 0x8EDF
    dd 0x5E8E, 0x8EE0
    dd 0x5E8F, 0xD0F2
    dd 0x5E90, 0xC2AE
    dd 0x5E91, 0xE2D0
    dd 0x5E92, 0x8EE1
    dd 0x5E93, 0xBFE2
    dd 0x5E94, 0xD3A6
    dd 0x5E95, 0xB5D7
    dd 0x5E96, 0xE2D2
    dd 0x5E97, 0xB5EA
    dd 0x5E98, 0x8EE2
    dd 0x5E99, 0xC3ED
    dd 0x5E9A, 0xB8FD
    dd 0x5E9B, 0x8EE3
    dd 0x5E9C, 0xB8AE
    dd 0x5E9D, 0x8EE4
    dd 0x5E9E, 0xC5D3
    dd 0x5E9F, 0xB7CF
    dd 0x5EA0, 0xE2D4
    dd 0x5EA1, 0x8EE5
    dd 0x5EA2, 0x8EE6
    dd 0x5EA3, 0x8EE7
    dd 0x5EA4, 0x8EE8
    dd 0x5EA5, 0xE2D3
    dd 0x5EA6, 0xB6C8
    dd 0x5EA7, 0xD7F9
    dd 0x5EA8, 0x8EE9
    dd 0x5EA9, 0x8EEA
    dd 0x5EAA, 0x8EEB
    dd 0x5EAB, 0x8EEC
    dd 0x5EAC, 0x8EED
    dd 0x5EAD, 0xCDA5
    dd 0x5EAE, 0x8EEE
    dd 0x5EAF, 0x8EEF
    dd 0x5EB0, 0x8EF0
    dd 0x5EB1, 0x8EF1
    dd 0x5EB2, 0x8EF2
    dd 0x5EB3, 0xE2D8
    dd 0x5EB4, 0x8EF3
    dd 0x5EB5, 0xE2D6
    dd 0x5EB6, 0xCAFC
    dd 0x5EB7, 0xBFB5
    dd 0x5EB8, 0xD3B9
    dd 0x5EB9, 0xE2D5
    dd 0x5EBA, 0x8EF4
    dd 0x5EBB, 0x8EF5
    dd 0x5EBC, 0x8EF6
    dd 0x5EBD, 0x8EF7
    dd 0x5EBE, 0xE2D7
    dd 0x5EBF, 0x8EF8
    dd 0x5EC0, 0x8EF9
    dd 0x5EC1, 0x8EFA
    dd 0x5EC2, 0x8EFB
    dd 0x5EC3, 0x8EFC
    dd 0x5EC4, 0x8EFD
    dd 0x5EC5, 0x8EFE
    dd 0x5EC6, 0x8F40
    dd 0x5EC7, 0x8F41
    dd 0x5EC8, 0x8F42
    dd 0x5EC9, 0xC1AE
    dd 0x5ECA, 0xC0C8
    dd 0x5ECB, 0x8F43
    dd 0x5ECC, 0x8F44
    dd 0x5ECD, 0x8F45
    dd 0x5ECE, 0x8F46
    dd 0x5ECF, 0x8F47
    dd 0x5ED0, 0x8F48
    dd 0x5ED1, 0xE2DB
    dd 0x5ED2, 0xE2DA
    dd 0x5ED3, 0xC0AA
    dd 0x5ED4, 0x8F49
    dd 0x5ED5, 0x8F4A
    dd 0x5ED6, 0xC1CE
    dd 0x5ED7, 0x8F4B
    dd 0x5ED8, 0x8F4C
    dd 0x5ED9, 0x8F4D
    dd 0x5EDA, 0x8F4E
    dd 0x5EDB, 0xE2DC
    dd 0x5EDC, 0x8F4F
    dd 0x5EDD, 0x8F50
    dd 0x5EDE, 0x8F51
    dd 0x5EDF, 0x8F52
    dd 0x5EE0, 0x8F53
    dd 0x5EE1, 0x8F54
    dd 0x5EE2, 0x8F55
    dd 0x5EE3, 0x8F56
    dd 0x5EE4, 0x8F57
    dd 0x5EE5, 0x8F58
    dd 0x5EE6, 0x8F59
    dd 0x5EE7, 0x8F5A
    dd 0x5EE8, 0xE2DD
    dd 0x5EE9, 0x8F5B
    dd 0x5EEA, 0xE2DE
    dd 0x5EEB, 0x8F5C
    dd 0x5EEC, 0x8F5D
    dd 0x5EED, 0x8F5E
    dd 0x5EEE, 0x8F5F
    dd 0x5EEF, 0x8F60
    dd 0x5EF0, 0x8F61
    dd 0x5EF1, 0x8F62
    dd 0x5EF2, 0x8F63
    dd 0x5EF3, 0x8F64
    dd 0x5EF4, 0xDBC8
    dd 0x5EF5, 0x8F65
    dd 0x5EF6, 0xD1D3
    dd 0x5EF7, 0xCDA2
    dd 0x5EF8, 0x8F66
    dd 0x5EF9, 0x8F67
    dd 0x5EFA, 0xBDA8
    dd 0x5EFB, 0x8F68
    dd 0x5EFC, 0x8F69
    dd 0x5EFD, 0x8F6A
    dd 0x5EFE, 0xDEC3
    dd 0x5EFF, 0xD8A5
    dd 0x5F00, 0xBFAA
    dd 0x5F01, 0xDBCD
    dd 0x5F02, 0xD2EC
    dd 0x5F03, 0xC6FA
    dd 0x5F04, 0xC5AA
    dd 0x5F05, 0x8F6B
    dd 0x5F06, 0x8F6C
    dd 0x5F07, 0x8F6D
    dd 0x5F08, 0xDEC4
    dd 0x5F09, 0x8F6E
    dd 0x5F0A, 0xB1D7
    dd 0x5F0B, 0xDFAE
    dd 0x5F0C, 0x8F6F
    dd 0x5F0D, 0x8F70
    dd 0x5F0E, 0x8F71
    dd 0x5F0F, 0xCABD
    dd 0x5F10, 0x8F72
    dd 0x5F11, 0xDFB1
    dd 0x5F12, 0x8F73
    dd 0x5F13, 0xB9AD
    dd 0x5F14, 0x8F74
    dd 0x5F15, 0xD2FD
    dd 0x5F16, 0x8F75
    dd 0x5F17, 0xB8A5
    dd 0x5F18, 0xBAEB
    dd 0x5F19, 0x8F76
    dd 0x5F1A, 0x8F77
    dd 0x5F1B, 0xB3DA
    dd 0x5F1C, 0x8F78
    dd 0x5F1D, 0x8F79
    dd 0x5F1E, 0x8F7A
    dd 0x5F1F, 0xB5DC
    dd 0x5F20, 0xD5C5
    dd 0x5F21, 0x8F7B
    dd 0x5F22, 0x8F7C
    dd 0x5F23, 0x8F7D
    dd 0x5F24, 0x8F7E
    dd 0x5F25, 0xC3D6
    dd 0x5F26, 0xCFD2
    dd 0x5F27, 0xBBA1
    dd 0x5F28, 0x8F80
    dd 0x5F29, 0xE5F3
    dd 0x5F2A, 0xE5F2
    dd 0x5F2B, 0x8F81
    dd 0x5F2C, 0x8F82
    dd 0x5F2D, 0xE5F4
    dd 0x5F2E, 0x8F83
    dd 0x5F2F, 0xCDE4
    dd 0x5F30, 0x8F84
    dd 0x5F31, 0xC8F5
    dd 0x5F32, 0x8F85
    dd 0x5F33, 0x8F86
    dd 0x5F34, 0x8F87
    dd 0x5F35, 0x8F88
    dd 0x5F36, 0x8F89
    dd 0x5F37, 0x8F8A
    dd 0x5F38, 0x8F8B
    dd 0x5F39, 0xB5AF
    dd 0x5F3A, 0xC7BF
    dd 0x5F3B, 0x8F8C
    dd 0x5F3C, 0xE5F6
    dd 0x5F3D, 0x8F8D
    dd 0x5F3E, 0x8F8E
    dd 0x5F3F, 0x8F8F
    dd 0x5F40, 0xECB0
    dd 0x5F41, 0x8F90
    dd 0x5F42, 0x8F91
    dd 0x5F43, 0x8F92
    dd 0x5F44, 0x8F93
    dd 0x5F45, 0x8F94
    dd 0x5F46, 0x8F95
    dd 0x5F47, 0x8F96
    dd 0x5F48, 0x8F97
    dd 0x5F49, 0x8F98
    dd 0x5F4A, 0x8F99
    dd 0x5F4B, 0x8F9A
    dd 0x5F4C, 0x8F9B
    dd 0x5F4D, 0x8F9C
    dd 0x5F4E, 0x8F9D
    dd 0x5F4F, 0x8F9E
    dd 0x5F50, 0xE5E6
    dd 0x5F51, 0x8F9F
    dd 0x5F52, 0xB9E9
    dd 0x5F53, 0xB5B1
    dd 0x5F54, 0x8FA0
    dd 0x5F55, 0xC2BC
    dd 0x5F56, 0xE5E8
    dd 0x5F57, 0xE5E7
    dd 0x5F58, 0xE5E9
    dd 0x5F59, 0x8FA1
    dd 0x5F5A, 0x8FA2
    dd 0x5F5B, 0x8FA3
    dd 0x5F5C, 0x8FA4
    dd 0x5F5D, 0xD2CD
    dd 0x5F5E, 0x8FA5
    dd 0x5F5F, 0x8FA6
    dd 0x5F60, 0x8FA7
    dd 0x5F61, 0xE1EA
    dd 0x5F62, 0xD0CE
    dd 0x5F63, 0x8FA8
    dd 0x5F64, 0xCDAE
    dd 0x5F65, 0x8FA9
    dd 0x5F66, 0xD1E5
    dd 0x5F67, 0x8FAA
    dd 0x5F68, 0x8FAB
    dd 0x5F69, 0xB2CA
    dd 0x5F6A, 0xB1EB
    dd 0x5F6B, 0x8FAC
    dd 0x5F6C, 0xB1F2
    dd 0x5F6D, 0xC5ED
    dd 0x5F6E, 0x8FAD
    dd 0x5F6F, 0x8FAE
    dd 0x5F70, 0xD5C3
    dd 0x5F71, 0xD3B0
    dd 0x5F72, 0x8FAF
    dd 0x5F73, 0xE1DC
    dd 0x5F74, 0x8FB0
    dd 0x5F75, 0x8FB1
    dd 0x5F76, 0x8FB2
    dd 0x5F77, 0xE1DD
    dd 0x5F78, 0x8FB3
    dd 0x5F79, 0xD2DB
    dd 0x5F7A, 0x8FB4
    dd 0x5F7B, 0xB3B9
    dd 0x5F7C, 0xB1CB
    dd 0x5F7D, 0x8FB5
    dd 0x5F7E, 0x8FB6
    dd 0x5F7F, 0x8FB7
    dd 0x5F80, 0xCDF9
    dd 0x5F81, 0xD5F7
    dd 0x5F82, 0xE1DE
    dd 0x5F83, 0x8FB8
    dd 0x5F84, 0xBEB6
    dd 0x5F85, 0xB4FD
    dd 0x5F86, 0x8FB9
    dd 0x5F87, 0xE1DF
    dd 0x5F88, 0xBADC
    dd 0x5F89, 0xE1E0
    dd 0x5F8A, 0xBBB2
    dd 0x5F8B, 0xC2C9
    dd 0x5F8C, 0xE1E1
    dd 0x5F8D, 0x8FBA
    dd 0x5F8E, 0x8FBB
    dd 0x5F8F, 0x8FBC
    dd 0x5F90, 0xD0EC
    dd 0x5F91, 0x8FBD
    dd 0x5F92, 0xCDBD
    dd 0x5F93, 0x8FBE
    dd 0x5F94, 0x8FBF
    dd 0x5F95, 0xE1E2
    dd 0x5F96, 0x8FC0
    dd 0x5F97, 0xB5C3
    dd 0x5F98, 0xC5C7
    dd 0x5F99, 0xE1E3
    dd 0x5F9A, 0x8FC1
    dd 0x5F9B, 0x8FC2
    dd 0x5F9C, 0xE1E4
    dd 0x5F9D, 0x8FC3
    dd 0x5F9E, 0x8FC4
    dd 0x5F9F, 0x8FC5
    dd 0x5FA0, 0x8FC6
    dd 0x5FA1, 0xD3F9
    dd 0x5FA2, 0x8FC7
    dd 0x5FA3, 0x8FC8
    dd 0x5FA4, 0x8FC9
    dd 0x5FA5, 0x8FCA
    dd 0x5FA6, 0x8FCB
    dd 0x5FA7, 0x8FCC
    dd 0x5FA8, 0xE1E5
    dd 0x5FA9, 0x8FCD
    dd 0x5FAA, 0xD1AD
    dd 0x5FAB, 0x8FCE
    dd 0x5FAC, 0x8FCF
    dd 0x5FAD, 0xE1E6
    dd 0x5FAE, 0xCEA2
    dd 0x5FAF, 0x8FD0
    dd 0x5FB0, 0x8FD1
    dd 0x5FB1, 0x8FD2
    dd 0x5FB2, 0x8FD3
    dd 0x5FB3, 0x8FD4
    dd 0x5FB4, 0x8FD5
    dd 0x5FB5, 0xE1E7
    dd 0x5FB6, 0x8FD6
    dd 0x5FB7, 0xB5C2
    dd 0x5FB8, 0x8FD7
    dd 0x5FB9, 0x8FD8
    dd 0x5FBA, 0x8FD9
    dd 0x5FBB, 0x8FDA
    dd 0x5FBC, 0xE1E8
    dd 0x5FBD, 0xBBD5
    dd 0x5FBE, 0x8FDB
    dd 0x5FBF, 0x8FDC
    dd 0x5FC0, 0x8FDD
    dd 0x5FC1, 0x8FDE
    dd 0x5FC2, 0x8FDF
    dd 0x5FC3, 0xD0C4
    dd 0x5FC4, 0xE2E0
    dd 0x5FC5, 0xB1D8
    dd 0x5FC6, 0xD2E4
    dd 0x5FC7, 0x8FE0
    dd 0x5FC8, 0x8FE1
    dd 0x5FC9, 0xE2E1
    dd 0x5FCA, 0x8FE2
    dd 0x5FCB, 0x8FE3
    dd 0x5FCC, 0xBCC9
    dd 0x5FCD, 0xC8CC
    dd 0x5FCE, 0x8FE4
    dd 0x5FCF, 0xE2E3
    dd 0x5FD0, 0xECFE
    dd 0x5FD1, 0xECFD
    dd 0x5FD2, 0xDFAF
    dd 0x5FD3, 0x8FE5
    dd 0x5FD4, 0x8FE6
    dd 0x5FD5, 0x8FE7
    dd 0x5FD6, 0xE2E2
    dd 0x5FD7, 0xD6BE
    dd 0x5FD8, 0xCDFC
    dd 0x5FD9, 0xC3A6
    dd 0x5FDA, 0x8FE8
    dd 0x5FDB, 0x8FE9
    dd 0x5FDC, 0x8FEA
    dd 0x5FDD, 0xE3C3
    dd 0x5FDE, 0x8FEB
    dd 0x5FDF, 0x8FEC
    dd 0x5FE0, 0xD6D2
    dd 0x5FE1, 0xE2E7
    dd 0x5FE2, 0x8FED
    dd 0x5FE3, 0x8FEE
    dd 0x5FE4, 0xE2E8
    dd 0x5FE5, 0x8FEF
    dd 0x5FE6, 0x8FF0
    dd 0x5FE7, 0xD3C7
    dd 0x5FE8, 0x8FF1
    dd 0x5FE9, 0x8FF2
    dd 0x5FEA, 0xE2EC
    dd 0x5FEB, 0xBFEC
    dd 0x5FEC, 0x8FF3
    dd 0x5FED, 0xE2ED
    dd 0x5FEE, 0xE2E5
    dd 0x5FEF, 0x8FF4
    dd 0x5FF0, 0x8FF5
    dd 0x5FF1, 0xB3C0
    dd 0x5FF2, 0x8FF6
    dd 0x5FF3, 0x8FF7
    dd 0x5FF4, 0x8FF8
    dd 0x5FF5, 0xC4EE
    dd 0x5FF6, 0x8FF9
    dd 0x5FF7, 0x8FFA
    dd 0x5FF8, 0xE2EE
    dd 0x5FF9, 0x8FFB
    dd 0x5FFA, 0x8FFC
    dd 0x5FFB, 0xD0C3
    dd 0x5FFC, 0x8FFD
    dd 0x5FFD, 0xBAF6
    dd 0x5FFE, 0xE2E9
    dd 0x5FFF, 0xB7DE
    dd 0x6000, 0xBBB3
    dd 0x6001, 0xCCAC
    dd 0x6002, 0xCBCB
    dd 0x6003, 0xE2E4
    dd 0x6004, 0xE2E6
    dd 0x6005, 0xE2EA
    dd 0x6006, 0xE2EB
    dd 0x6007, 0x8FFE
    dd 0x6008, 0x9040
    dd 0x6009, 0x9041
    dd 0x600A, 0xE2F7
    dd 0x600B, 0x9042
    dd 0x600C, 0x9043
    dd 0x600D, 0xE2F4
    dd 0x600E, 0xD4F5
    dd 0x600F, 0xE2F3
    dd 0x6010, 0x9044
    dd 0x6011, 0x9045
    dd 0x6012, 0xC5AD
    dd 0x6013, 0x9046
    dd 0x6014, 0xD5FA
    dd 0x6015, 0xC5C2
    dd 0x6016, 0xB2C0
    dd 0x6017, 0x9047
    dd 0x6018, 0x9048
    dd 0x6019, 0xE2EF
    dd 0x601A, 0x9049
    dd 0x601B, 0xE2F2
    dd 0x601C, 0xC1AF
    dd 0x601D, 0xCBBC
    dd 0x601E, 0x904A
    dd 0x601F, 0x904B
    dd 0x6020, 0xB5A1
    dd 0x6021, 0xE2F9
    dd 0x6022, 0x904C
    dd 0x6023, 0x904D
    dd 0x6024, 0x904E
    dd 0x6025, 0xBCB1
    dd 0x6026, 0xE2F1
    dd 0x6027, 0xD0D4
    dd 0x6028, 0xD4B9
    dd 0x6029, 0xE2F5
    dd 0x602A, 0xB9D6
    dd 0x602B, 0xE2F6
    dd 0x602C, 0x904F
    dd 0x602D, 0x9050
    dd 0x602E, 0x9051
    dd 0x602F, 0xC7D3
    dd 0x6030, 0x9052
    dd 0x6031, 0x9053
    dd 0x6032, 0x9054
    dd 0x6033, 0x9055
    dd 0x6034, 0x9056
    dd 0x6035, 0xE2F0
    dd 0x6036, 0x9057
    dd 0x6037, 0x9058
    dd 0x6038, 0x9059
    dd 0x6039, 0x905A
    dd 0x603A, 0x905B
    dd 0x603B, 0xD7DC
    dd 0x603C, 0xEDA1
    dd 0x603D, 0x905C
    dd 0x603E, 0x905D
    dd 0x603F, 0xE2F8
    dd 0x6040, 0x905E
    dd 0x6041, 0xEDA5
    dd 0x6042, 0xE2FE
    dd 0x6043, 0xCAD1
    dd 0x6044, 0x905F
    dd 0x6045, 0x9060
    dd 0x6046, 0x9061
    dd 0x6047, 0x9062
    dd 0x6048, 0x9063
    dd 0x6049, 0x9064
    dd 0x604A, 0x9065
    dd 0x604B, 0xC1B5
    dd 0x604C, 0x9066
    dd 0x604D, 0xBBD0
    dd 0x604E, 0x9067
    dd 0x604F, 0x9068
    dd 0x6050, 0xBFD6
    dd 0x6051, 0x9069
    dd 0x6052, 0xBAE3
    dd 0x6053, 0x906A
    dd 0x6054, 0x906B
    dd 0x6055, 0xCBA1
    dd 0x6056, 0x906C
    dd 0x6057, 0x906D
    dd 0x6058, 0x906E
    dd 0x6059, 0xEDA6
    dd 0x605A, 0xEDA3
    dd 0x605B, 0x906F
    dd 0x605C, 0x9070
    dd 0x605D, 0xEDA2
    dd 0x605E, 0x9071
    dd 0x605F, 0x9072
    dd 0x6060, 0x9073
    dd 0x6061, 0x9074
    dd 0x6062, 0xBBD6
    dd 0x6063, 0xEDA7
    dd 0x6064, 0xD0F4
    dd 0x6065, 0x9075
    dd 0x6066, 0x9076
    dd 0x6067, 0xEDA4
    dd 0x6068, 0xBADE
    dd 0x6069, 0xB6F7
    dd 0x606A, 0xE3A1
    dd 0x606B, 0xB6B2
    dd 0x606C, 0xCCF1
    dd 0x606D, 0xB9A7
    dd 0x606E, 0x9077
    dd 0x606F, 0xCFA2
    dd 0x6070, 0xC7A1
    dd 0x6071, 0x9078
    dd 0x6072, 0x9079
    dd 0x6073, 0xBFD2
    dd 0x6074, 0x907A
    dd 0x6075, 0x907B
    dd 0x6076, 0xB6F1
    dd 0x6077, 0x907C
    dd 0x6078, 0xE2FA
    dd 0x6079, 0xE2FB
    dd 0x607A, 0xE2FD
    dd 0x607B, 0xE2FC
    dd 0x607C, 0xC4D5
    dd 0x607D, 0xE3A2
    dd 0x607E, 0x907D
    dd 0x607F, 0xD3C1
    dd 0x6080, 0x907E
    dd 0x6081, 0x9080
    dd 0x6082, 0x9081
    dd 0x6083, 0xE3A7
    dd 0x6084, 0xC7C4
    dd 0x6085, 0x9082
    dd 0x6086, 0x9083
    dd 0x6087, 0x9084
    dd 0x6088, 0x9085
    dd 0x6089, 0xCFA4
    dd 0x608A, 0x9086
    dd 0x608B, 0x9087
    dd 0x608C, 0xE3A9
    dd 0x608D, 0xBAB7
    dd 0x608E, 0x9088
    dd 0x608F, 0x9089
    dd 0x6090, 0x908A
    dd 0x6091, 0x908B
    dd 0x6092, 0xE3A8
    dd 0x6093, 0x908C
    dd 0x6094, 0xBBDA
    dd 0x6095, 0x908D
    dd 0x6096, 0xE3A3
    dd 0x6097, 0x908E
    dd 0x6098, 0x908F
    dd 0x6099, 0x9090
    dd 0x609A, 0xE3A4
    dd 0x609B, 0xE3AA
    dd 0x609C, 0x9091
    dd 0x609D, 0xE3A6
    dd 0x609E, 0x9092
    dd 0x609F, 0xCEF2
    dd 0x60A0, 0xD3C6
    dd 0x60A1, 0x9093
    dd 0x60A2, 0x9094
    dd 0x60A3, 0xBBBC
    dd 0x60A4, 0x9095
    dd 0x60A5, 0x9096
    dd 0x60A6, 0xD4C3
    dd 0x60A7, 0x9097
    dd 0x60A8, 0xC4FA
    dd 0x60A9, 0x9098
    dd 0x60AA, 0x9099
    dd 0x60AB, 0xEDA8
    dd 0x60AC, 0xD0FC
    dd 0x60AD, 0xE3A5
    dd 0x60AE, 0x909A
    dd 0x60AF, 0xC3F5
    dd 0x60B0, 0x909B
    dd 0x60B1, 0xE3AD
    dd 0x60B2, 0xB1AF
    dd 0x60B3, 0x909C
    dd 0x60B4, 0xE3B2
    dd 0x60B5, 0x909D
    dd 0x60B6, 0x909E
    dd 0x60B7, 0x909F
    dd 0x60B8, 0xBCC2
    dd 0x60B9, 0x90A0
    dd 0x60BA, 0x90A1
    dd 0x60BB, 0xE3AC
    dd 0x60BC, 0xB5BF
    dd 0x60BD, 0x90A2
    dd 0x60BE, 0x90A3
    dd 0x60BF, 0x90A4
    dd 0x60C0, 0x90A5
    dd 0x60C1, 0x90A6
    dd 0x60C2, 0x90A7
    dd 0x60C3, 0x90A8
    dd 0x60C4, 0x90A9
    dd 0x60C5, 0xC7E9
    dd 0x60C6, 0xE3B0
    dd 0x60C7, 0x90AA
    dd 0x60C8, 0x90AB
    dd 0x60C9, 0x90AC
    dd 0x60CA, 0xBEAA
    dd 0x60CB, 0xCDEF
    dd 0x60CC, 0x90AD
    dd 0x60CD, 0x90AE
    dd 0x60CE, 0x90AF
    dd 0x60CF, 0x90B0
    dd 0x60D0, 0x90B1
    dd 0x60D1, 0xBBF3
    dd 0x60D2, 0x90B2
    dd 0x60D3, 0x90B3
    dd 0x60D4, 0x90B4
    dd 0x60D5, 0xCCE8
    dd 0x60D6, 0x90B5
    dd 0x60D7, 0x90B6
    dd 0x60D8, 0xE3AF
    dd 0x60D9, 0x90B7
    dd 0x60DA, 0xE3B1
    dd 0x60DB, 0x90B8
    dd 0x60DC, 0xCFA7
    dd 0x60DD, 0xE3AE
    dd 0x60DE, 0x90B9
    dd 0x60DF, 0xCEA9
    dd 0x60E0, 0xBBDD
    dd 0x60E1, 0x90BA
    dd 0x60E2, 0x90BB
    dd 0x60E3, 0x90BC
    dd 0x60E4, 0x90BD
    dd 0x60E5, 0x90BE
    dd 0x60E6, 0xB5EB
    dd 0x60E7, 0xBEE5
    dd 0x60E8, 0xB2D2
    dd 0x60E9, 0xB3CD
    dd 0x60EA, 0x90BF
    dd 0x60EB, 0xB1B9
    dd 0x60EC, 0xE3AB
    dd 0x60ED, 0xB2D1
    dd 0x60EE, 0xB5AC
    dd 0x60EF, 0xB9DF
    dd 0x60F0, 0xB6E8
    dd 0x60F1, 0x90C0
    dd 0x60F2, 0x90C1
    dd 0x60F3, 0xCFEB
    dd 0x60F4, 0xE3B7
    dd 0x60F5, 0x90C2
    dd 0x60F6, 0xBBCC
    dd 0x60F7, 0x90C3
    dd 0x60F8, 0x90C4
    dd 0x60F9, 0xC8C7
    dd 0x60FA, 0xD0CA
    dd 0x60FB, 0x90C5
    dd 0x60FC, 0x90C6
    dd 0x60FD, 0x90C7
    dd 0x60FE, 0x90C8
    dd 0x60FF, 0x90C9
    dd 0x6100, 0xE3B8
    dd 0x6101, 0xB3EE
    dd 0x6102, 0x90CA
    dd 0x6103, 0x90CB
    dd 0x6104, 0x90CC
    dd 0x6105, 0x90CD
    dd 0x6106, 0xEDA9
    dd 0x6107, 0x90CE
    dd 0x6108, 0xD3FA
    dd 0x6109, 0xD3E4
    dd 0x610A, 0x90CF
    dd 0x610B, 0x90D0
    dd 0x610C, 0x90D1
    dd 0x610D, 0xEDAA
    dd 0x610E, 0xE3B9
    dd 0x610F, 0xD2E2
    dd 0x6110, 0x90D2
    dd 0x6111, 0x90D3
    dd 0x6112, 0x90D4
    dd 0x6113, 0x90D5
    dd 0x6114, 0x90D6
    dd 0x6115, 0xE3B5
    dd 0x6116, 0x90D7
    dd 0x6117, 0x90D8
    dd 0x6118, 0x90D9
    dd 0x6119, 0x90DA
    dd 0x611A, 0xD3DE
    dd 0x611B, 0x90DB
    dd 0x611C, 0x90DC
    dd 0x611D, 0x90DD
    dd 0x611E, 0x90DE
    dd 0x611F, 0xB8D0
    dd 0x6120, 0xE3B3
    dd 0x6121, 0x90DF
    dd 0x6122, 0x90E0
    dd 0x6123, 0xE3B6
    dd 0x6124, 0xB7DF
    dd 0x6125, 0x90E1
    dd 0x6126, 0xE3B4
    dd 0x6127, 0xC0A2
    dd 0x6128, 0x90E2
    dd 0x6129, 0x90E3
    dd 0x612A, 0x90E4
    dd 0x612B, 0xE3BA
    dd 0x612C, 0x90E5
    dd 0x612D, 0x90E6
    dd 0x612E, 0x90E7
    dd 0x612F, 0x90E8
    dd 0x6130, 0x90E9
    dd 0x6131, 0x90EA
    dd 0x6132, 0x90EB
    dd 0x6133, 0x90EC
    dd 0x6134, 0x90ED
    dd 0x6135, 0x90EE
    dd 0x6136, 0x90EF
    dd 0x6137, 0x90F0
    dd 0x6138, 0x90F1
    dd 0x6139, 0x90F2
    dd 0x613A, 0x90F3
    dd 0x613B, 0x90F4
    dd 0x613C, 0x90F5
    dd 0x613D, 0x90F6
    dd 0x613E, 0x90F7
    dd 0x613F, 0xD4B8
    dd 0x6140, 0x90F8
    dd 0x6141, 0x90F9
    dd 0x6142, 0x90FA
    dd 0x6143, 0x90FB
    dd 0x6144, 0x90FC
    dd 0x6145, 0x90FD
    dd 0x6146, 0x90FE
    dd 0x6147, 0x9140
    dd 0x6148, 0xB4C8
    dd 0x6149, 0x9141
    dd 0x614A, 0xE3BB
    dd 0x614B, 0x9142
    dd 0x614C, 0xBBC5
    dd 0x614D, 0x9143
    dd 0x614E, 0xC9F7
    dd 0x614F, 0x9144
    dd 0x6150, 0x9145
    dd 0x6151, 0xC9E5
    dd 0x6152, 0x9146
    dd 0x6153, 0x9147
    dd 0x6154, 0x9148
    dd 0x6155, 0xC4BD
    dd 0x6156, 0x9149
    dd 0x6157, 0x914A
    dd 0x6158, 0x914B
    dd 0x6159, 0x914C
    dd 0x615A, 0x914D
    dd 0x615B, 0x914E
    dd 0x615C, 0x914F
    dd 0x615D, 0xEDAB
    dd 0x615E, 0x9150
    dd 0x615F, 0x9151
    dd 0x6160, 0x9152
    dd 0x6161, 0x9153
    dd 0x6162, 0xC2FD
    dd 0x6163, 0x9154
    dd 0x6164, 0x9155
    dd 0x6165, 0x9156
    dd 0x6166, 0x9157
    dd 0x6167, 0xBBDB
    dd 0x6168, 0xBFAE
    dd 0x6169, 0x9158
    dd 0x616A, 0x9159
    dd 0x616B, 0x915A
    dd 0x616C, 0x915B
    dd 0x616D, 0x915C
    dd 0x616E, 0x915D
    dd 0x616F, 0x915E
    dd 0x6170, 0xCEBF
    dd 0x6171, 0x915F
    dd 0x6172, 0x9160
    dd 0x6173, 0x9161
    dd 0x6174, 0x9162
    dd 0x6175, 0xE3BC
    dd 0x6176, 0x9163
    dd 0x6177, 0xBFB6
    dd 0x6178, 0x9164
    dd 0x6179, 0x9165
    dd 0x617A, 0x9166
    dd 0x617B, 0x9167
    dd 0x617C, 0x9168
    dd 0x617D, 0x9169
    dd 0x617E, 0x916A
    dd 0x617F, 0x916B
    dd 0x6180, 0x916C
    dd 0x6181, 0x916D
    dd 0x6182, 0x916E
    dd 0x6183, 0x916F
    dd 0x6184, 0x9170
    dd 0x6185, 0x9171
    dd 0x6186, 0x9172
    dd 0x6187, 0x9173
    dd 0x6188, 0x9174
    dd 0x6189, 0x9175
    dd 0x618A, 0x9176
    dd 0x618B, 0xB1EF
    dd 0x618C, 0x9177
    dd 0x618D, 0x9178
    dd 0x618E, 0xD4F7
    dd 0x618F, 0x9179
    dd 0x6190, 0x917A
    dd 0x6191, 0x917B
    dd 0x6192, 0x917C
    dd 0x6193, 0x917D
    dd 0x6194, 0xE3BE
    dd 0x6195, 0x917E
    dd 0x6196, 0x9180
    dd 0x6197, 0x9181
    dd 0x6198, 0x9182
    dd 0x6199, 0x9183
    dd 0x619A, 0x9184
    dd 0x619B, 0x9185
    dd 0x619C, 0x9186
    dd 0x619D, 0xEDAD
    dd 0x619E, 0x9187
    dd 0x619F, 0x9188
    dd 0x61A0, 0x9189
    dd 0x61A1, 0x918A
    dd 0x61A2, 0x918B
    dd 0x61A3, 0x918C
    dd 0x61A4, 0x918D
    dd 0x61A5, 0x918E
    dd 0x61A6, 0x918F
    dd 0x61A7, 0xE3BF
    dd 0x61A8, 0xBAA9
    dd 0x61A9, 0xEDAC
    dd 0x61AA, 0x9190
    dd 0x61AB, 0x9191
    dd 0x61AC, 0xE3BD
    dd 0x61AD, 0x9192
    dd 0x61AE, 0x9193
    dd 0x61AF, 0x9194
    dd 0x61B0, 0x9195
    dd 0x61B1, 0x9196
    dd 0x61B2, 0x9197
    dd 0x61B3, 0x9198
    dd 0x61B4, 0x9199
    dd 0x61B5, 0x919A
    dd 0x61B6, 0x919B
    dd 0x61B7, 0xE3C0
    dd 0x61B8, 0x919C
    dd 0x61B9, 0x919D
    dd 0x61BA, 0x919E
    dd 0x61BB, 0x919F
    dd 0x61BC, 0x91A0
    dd 0x61BD, 0x91A1
    dd 0x61BE, 0xBAB6
    dd 0x61BF, 0x91A2
    dd 0x61C0, 0x91A3
    dd 0x61C1, 0x91A4
    dd 0x61C2, 0xB6AE
    dd 0x61C3, 0x91A5
    dd 0x61C4, 0x91A6
    dd 0x61C5, 0x91A7
    dd 0x61C6, 0x91A8
    dd 0x61C7, 0x91A9
    dd 0x61C8, 0xD0B8
    dd 0x61C9, 0x91AA
    dd 0x61CA, 0xB0C3
    dd 0x61CB, 0xEDAE
    dd 0x61CC, 0x91AB
    dd 0x61CD, 0x91AC
    dd 0x61CE, 0x91AD
    dd 0x61CF, 0x91AE
    dd 0x61D0, 0x91AF
    dd 0x61D1, 0xEDAF
    dd 0x61D2, 0xC0C1
    dd 0x61D3, 0x91B0
    dd 0x61D4, 0xE3C1
    dd 0x61D5, 0x91B1
    dd 0x61D6, 0x91B2
    dd 0x61D7, 0x91B3
    dd 0x61D8, 0x91B4
    dd 0x61D9, 0x91B5
    dd 0x61DA, 0x91B6
    dd 0x61DB, 0x91B7
    dd 0x61DC, 0x91B8
    dd 0x61DD, 0x91B9
    dd 0x61DE, 0x91BA
    dd 0x61DF, 0x91BB
    dd 0x61E0, 0x91BC
    dd 0x61E1, 0x91BD
    dd 0x61E2, 0x91BE
    dd 0x61E3, 0x91BF
    dd 0x61E4, 0x91C0
    dd 0x61E5, 0x91C1
    dd 0x61E6, 0xC5B3
    dd 0x61E7, 0x91C2
    dd 0x61E8, 0x91C3
    dd 0x61E9, 0x91C4
    dd 0x61EA, 0x91C5
    dd 0x61EB, 0x91C6
    dd 0x61EC, 0x91C7
    dd 0x61ED, 0x91C8
    dd 0x61EE, 0x91C9
    dd 0x61EF, 0x91CA
    dd 0x61F0, 0x91CB
    dd 0x61F1, 0x91CC
    dd 0x61F2, 0x91CD
    dd 0x61F3, 0x91CE
    dd 0x61F4, 0x91CF
    dd 0x61F5, 0xE3C2
    dd 0x61F6, 0x91D0
    dd 0x61F7, 0x91D1
    dd 0x61F8, 0x91D2
    dd 0x61F9, 0x91D3
    dd 0x61FA, 0x91D4
    dd 0x61FB, 0x91D5
    dd 0x61FC, 0x91D6
    dd 0x61FD, 0x91D7
    dd 0x61FE, 0x91D8
    dd 0x61FF, 0xDCB2
    dd 0x6200, 0x91D9
    dd 0x6201, 0x91DA
    dd 0x6202, 0x91DB
    dd 0x6203, 0x91DC
    dd 0x6204, 0x91DD
    dd 0x6205, 0x91DE
    dd 0x6206, 0xEDB0
    dd 0x6207, 0x91DF
    dd 0x6208, 0xB8EA
    dd 0x6209, 0x91E0
    dd 0x620A, 0xCEEC
    dd 0x620B, 0xEAA7
    dd 0x620C, 0xD0E7
    dd 0x620D, 0xCAF9
    dd 0x620E, 0xC8D6
    dd 0x620F, 0xCFB7
    dd 0x6210, 0xB3C9
    dd 0x6211, 0xCED2
    dd 0x6212, 0xBDE4
    dd 0x6213, 0x91E1
    dd 0x6214, 0x91E2
    dd 0x6215, 0xE3DE
    dd 0x6216, 0xBBF2
    dd 0x6217, 0xEAA8
    dd 0x6218, 0xD5BD
    dd 0x6219, 0x91E3
    dd 0x621A, 0xC6DD
    dd 0x621B, 0xEAA9
    dd 0x621C, 0x91E4
    dd 0x621D, 0x91E5
    dd 0x621E, 0x91E6
    dd 0x621F, 0xEAAA
    dd 0x6220, 0x91E7
    dd 0x6221, 0xEAAC
    dd 0x6222, 0xEAAB
    dd 0x6223, 0x91E8
    dd 0x6224, 0xEAAE
    dd 0x6225, 0xEAAD
    dd 0x6226, 0x91E9
    dd 0x6227, 0x91EA
    dd 0x6228, 0x91EB
    dd 0x6229, 0x91EC
    dd 0x622A, 0xBDD8
    dd 0x622B, 0x91ED
    dd 0x622C, 0xEAAF
    dd 0x622D, 0x91EE
    dd 0x622E, 0xC2BE
    dd 0x622F, 0x91EF
    dd 0x6230, 0x91F0
    dd 0x6231, 0x91F1
    dd 0x6232, 0x91F2
    dd 0x6233, 0xB4C1
    dd 0x6234, 0xB4F7
    dd 0x6235, 0x91F3
    dd 0x6236, 0x91F4
    dd 0x6237, 0xBBA7
    dd 0x6238, 0x91F5
    dd 0x6239, 0x91F6
    dd 0x623A, 0x91F7
    dd 0x623B, 0x91F8
    dd 0x623C, 0x91F9
    dd 0x623D, 0xECE6
    dd 0x623E, 0xECE5
    dd 0x623F, 0xB7BF
    dd 0x6240, 0xCBF9
    dd 0x6241, 0xB1E2
    dd 0x6242, 0x91FA
    dd 0x6243, 0xECE7
    dd 0x6244, 0x91FB
    dd 0x6245, 0x91FC
    dd 0x6246, 0x91FD
    dd 0x6247, 0xC9C8
    dd 0x6248, 0xECE8
    dd 0x6249, 0xECE9
    dd 0x624A, 0x91FE
    dd 0x624B, 0xCAD6
    dd 0x624C, 0xDED0
    dd 0x624D, 0xB2C5
    dd 0x624E, 0xD4FA
    dd 0x624F, 0x9240
    dd 0x6250, 0x9241
    dd 0x6251, 0xC6CB
    dd 0x6252, 0xB0C7
    dd 0x6253, 0xB4F2
    dd 0x6254, 0xC8D3
    dd 0x6255, 0x9242
    dd 0x6256, 0x9243
    dd 0x6257, 0x9244
    dd 0x6258, 0xCDD0
    dd 0x6259, 0x9245
    dd 0x625A, 0x9246
    dd 0x625B, 0xBFB8
    dd 0x625C, 0x9247
    dd 0x625D, 0x9248
    dd 0x625E, 0x9249
    dd 0x625F, 0x924A
    dd 0x6260, 0x924B
    dd 0x6261, 0x924C
    dd 0x6262, 0x924D
    dd 0x6263, 0xBFDB
    dd 0x6264, 0x924E
    dd 0x6265, 0x924F
    dd 0x6266, 0xC7A4
    dd 0x6267, 0xD6B4
    dd 0x6268, 0x9250
    dd 0x6269, 0xC0A9
    dd 0x626A, 0xDED1
    dd 0x626B, 0xC9A8
    dd 0x626C, 0xD1EF
    dd 0x626D, 0xC5A4
    dd 0x626E, 0xB0E7
    dd 0x626F, 0xB3B6
    dd 0x6270, 0xC8C5
    dd 0x6271, 0x9251
    dd 0x6272, 0x9252
    dd 0x6273, 0xB0E2
    dd 0x6274, 0x9253
    dd 0x6275, 0x9254
    dd 0x6276, 0xB7F6
    dd 0x6277, 0x9255
    dd 0x6278, 0x9256
    dd 0x6279, 0xC5FA
    dd 0x627A, 0x9257
    dd 0x627B, 0x9258
    dd 0x627C, 0xB6F3
    dd 0x627D, 0x9259
    dd 0x627E, 0xD5D2
    dd 0x627F, 0xB3D0
    dd 0x6280, 0xBCBC
    dd 0x6281, 0x925A
    dd 0x6282, 0x925B
    dd 0x6283, 0x925C
    dd 0x6284, 0xB3AD
    dd 0x6285, 0x925D
    dd 0x6286, 0x925E
    dd 0x6287, 0x925F
    dd 0x6288, 0x9260
    dd 0x6289, 0xBEF1
    dd 0x628A, 0xB0D1
    dd 0x628B, 0x9261
    dd 0x628C, 0x9262
    dd 0x628D, 0x9263
    dd 0x628E, 0x9264
    dd 0x628F, 0x9265
    dd 0x6290, 0x9266
    dd 0x6291, 0xD2D6
    dd 0x6292, 0xCAE3
    dd 0x6293, 0xD7A5
    dd 0x6294, 0x9267
    dd 0x6295, 0xCDB6
    dd 0x6296, 0xB6B6
    dd 0x6297, 0xBFB9
    dd 0x6298, 0xD5DB
    dd 0x6299, 0x9268
    dd 0x629A, 0xB8A7
    dd 0x629B, 0xC5D7
    dd 0x629C, 0x9269
    dd 0x629D, 0x926A
    dd 0x629E, 0x926B
    dd 0x629F, 0xDED2
    dd 0x62A0, 0xBFD9
    dd 0x62A1, 0xC2D5
    dd 0x62A2, 0xC7C0
    dd 0x62A3, 0x926C
    dd 0x62A4, 0xBBA4
    dd 0x62A5, 0xB1A8
    dd 0x62A6, 0x926D
    dd 0x62A7, 0x926E
    dd 0x62A8, 0xC5EA
    dd 0x62A9, 0x926F
    dd 0x62AA, 0x9270
    dd 0x62AB, 0xC5FB
    dd 0x62AC, 0xCCA7
    dd 0x62AD, 0x9271
    dd 0x62AE, 0x9272
    dd 0x62AF, 0x9273
    dd 0x62B0, 0x9274
    dd 0x62B1, 0xB1A7
    dd 0x62B2, 0x9275
    dd 0x62B3, 0x9276
    dd 0x62B4, 0x9277
    dd 0x62B5, 0xB5D6
    dd 0x62B6, 0x9278
    dd 0x62B7, 0x9279
    dd 0x62B8, 0x927A
    dd 0x62B9, 0xC4A8
    dd 0x62BA, 0x927B
    dd 0x62BB, 0xDED3
    dd 0x62BC, 0xD1BA
    dd 0x62BD, 0xB3E9
    dd 0x62BE, 0x927C
    dd 0x62BF, 0xC3F2
    dd 0x62C0, 0x927D
    dd 0x62C1, 0x927E
    dd 0x62C2, 0xB7F7
    dd 0x62C3, 0x9280
    dd 0x62C4, 0xD6F4
    dd 0x62C5, 0xB5A3
    dd 0x62C6, 0xB2F0
    dd 0x62C7, 0xC4B4
    dd 0x62C8, 0xC4E9
    dd 0x62C9, 0xC0AD
    dd 0x62CA, 0xDED4
    dd 0x62CB, 0x9281
    dd 0x62CC, 0xB0E8
    dd 0x62CD, 0xC5C4
    dd 0x62CE, 0xC1E0
    dd 0x62CF, 0x9282
    dd 0x62D0, 0xB9D5
    dd 0x62D1, 0x9283
    dd 0x62D2, 0xBEDC
    dd 0x62D3, 0xCDD8
    dd 0x62D4, 0xB0CE
    dd 0x62D5, 0x9284
    dd 0x62D6, 0xCDCF
    dd 0x62D7, 0xDED6
    dd 0x62D8, 0xBED0
    dd 0x62D9, 0xD7BE
    dd 0x62DA, 0xDED5
    dd 0x62DB, 0xD5D0
    dd 0x62DC, 0xB0DD
    dd 0x62DD, 0x9285
    dd 0x62DE, 0x9286
    dd 0x62DF, 0xC4E2
    dd 0x62E0, 0x9287
    dd 0x62E1, 0x9288
    dd 0x62E2, 0xC2A3
    dd 0x62E3, 0xBCF0
    dd 0x62E4, 0x9289
    dd 0x62E5, 0xD3B5
    dd 0x62E6, 0xC0B9
    dd 0x62E7, 0xC5A1
    dd 0x62E8, 0xB2A6
    dd 0x62E9, 0xD4F1
    dd 0x62EA, 0x928A
    dd 0x62EB, 0x928B
    dd 0x62EC, 0xC0A8
    dd 0x62ED, 0xCAC3
    dd 0x62EE, 0xDED7
    dd 0x62EF, 0xD5FC
    dd 0x62F0, 0x928C
    dd 0x62F1, 0xB9B0
    dd 0x62F2, 0x928D
    dd 0x62F3, 0xC8AD
    dd 0x62F4, 0xCBA9
    dd 0x62F5, 0x928E
    dd 0x62F6, 0xDED9
    dd 0x62F7, 0xBFBD
    dd 0x62F8, 0x928F
    dd 0x62F9, 0x9290
    dd 0x62FA, 0x9291
    dd 0x62FB, 0x9292
    dd 0x62FC, 0xC6B4
    dd 0x62FD, 0xD7A7
    dd 0x62FE, 0xCAB0
    dd 0x62FF, 0xC4C3
    dd 0x6300, 0x9293
    dd 0x6301, 0xB3D6
    dd 0x6302, 0xB9D2
    dd 0x6303, 0x9294
    dd 0x6304, 0x9295
    dd 0x6305, 0x9296
    dd 0x6306, 0x9297
    dd 0x6307, 0xD6B8
    dd 0x6308, 0xEAFC
    dd 0x6309, 0xB0B4
    dd 0x630A, 0x9298
    dd 0x630B, 0x9299
    dd 0x630C, 0x929A
    dd 0x630D, 0x929B
    dd 0x630E, 0xBFE6
    dd 0x630F, 0x929C
    dd 0x6310, 0x929D
    dd 0x6311, 0xCCF4
    dd 0x6312, 0x929E
    dd 0x6313, 0x929F
    dd 0x6314, 0x92A0
    dd 0x6315, 0x92A1
    dd 0x6316, 0xCDDA
    dd 0x6317, 0x92A2
    dd 0x6318, 0x92A3
    dd 0x6319, 0x92A4
    dd 0x631A, 0xD6BF
    dd 0x631B, 0xC2CE
    dd 0x631C, 0x92A5
    dd 0x631D, 0xCECE
    dd 0x631E, 0xCCA2
    dd 0x631F, 0xD0AE
    dd 0x6320, 0xC4D3
    dd 0x6321, 0xB5B2
    dd 0x6322, 0xDED8
    dd 0x6323, 0xD5F5
    dd 0x6324, 0xBCB7
    dd 0x6325, 0xBBD3
    dd 0x6326, 0x92A6
    dd 0x6327, 0x92A7
    dd 0x6328, 0xB0A4
    dd 0x6329, 0x92A8
    dd 0x632A, 0xC5B2
    dd 0x632B, 0xB4EC
    dd 0x632C, 0x92A9
    dd 0x632D, 0x92AA
    dd 0x632E, 0x92AB
    dd 0x632F, 0xD5F1
    dd 0x6330, 0x92AC
    dd 0x6331, 0x92AD
    dd 0x6332, 0xEAFD
    dd 0x6333, 0x92AE
    dd 0x6334, 0x92AF
    dd 0x6335, 0x92B0
    dd 0x6336, 0x92B1
    dd 0x6337, 0x92B2
    dd 0x6338, 0x92B3
    dd 0x6339, 0xDEDA
    dd 0x633A, 0xCDA6
    dd 0x633B, 0x92B4
    dd 0x633C, 0x92B5
    dd 0x633D, 0xCDEC
    dd 0x633E, 0x92B6
    dd 0x633F, 0x92B7
    dd 0x6340, 0x92B8
    dd 0x6341, 0x92B9
    dd 0x6342, 0xCEE6
    dd 0x6343, 0xDEDC
    dd 0x6344, 0x92BA
    dd 0x6345, 0xCDB1
    dd 0x6346, 0xC0A6
    dd 0x6347, 0x92BB
    dd 0x6348, 0x92BC
    dd 0x6349, 0xD7BD
    dd 0x634A, 0x92BD
    dd 0x634B, 0xDEDB
    dd 0x634C, 0xB0C6
    dd 0x634D, 0xBAB4
    dd 0x634E, 0xC9D3
    dd 0x634F, 0xC4F3
    dd 0x6350, 0xBEE8
    dd 0x6351, 0x92BE
    dd 0x6352, 0x92BF
    dd 0x6353, 0x92C0
    dd 0x6354, 0x92C1
    dd 0x6355, 0xB2B6
    dd 0x6356, 0x92C2
    dd 0x6357, 0x92C3
    dd 0x6358, 0x92C4
    dd 0x6359, 0x92C5
    dd 0x635A, 0x92C6
    dd 0x635B, 0x92C7
    dd 0x635C, 0x92C8
    dd 0x635D, 0x92C9
    dd 0x635E, 0xC0CC
    dd 0x635F, 0xCBF0
    dd 0x6360, 0x92CA
    dd 0x6361, 0xBCF1
    dd 0x6362, 0xBBBB
    dd 0x6363, 0xB5B7
    dd 0x6364, 0x92CB
    dd 0x6365, 0x92CC
    dd 0x6366, 0x92CD
    dd 0x6367, 0xC5F5
    dd 0x6368, 0x92CE
    dd 0x6369, 0xDEE6
    dd 0x636A, 0x92CF
    dd 0x636B, 0x92D0
    dd 0x636C, 0x92D1
    dd 0x636D, 0xDEE3
    dd 0x636E, 0xBEDD
    dd 0x636F, 0x92D2
    dd 0x6370, 0x92D3
    dd 0x6371, 0xDEDF
    dd 0x6372, 0x92D4
    dd 0x6373, 0x92D5
    dd 0x6374, 0x92D6
    dd 0x6375, 0x92D7
    dd 0x6376, 0xB4B7
    dd 0x6377, 0xBDDD
    dd 0x6378, 0x92D8
    dd 0x6379, 0x92D9
    dd 0x637A, 0xDEE0
    dd 0x637B, 0xC4ED
    dd 0x637C, 0x92DA
    dd 0x637D, 0x92DB
    dd 0x637E, 0x92DC
    dd 0x637F, 0x92DD
    dd 0x6380, 0xCFC6
    dd 0x6381, 0x92DE
    dd 0x6382, 0xB5E0
    dd 0x6383, 0x92DF
    dd 0x6384, 0x92E0
    dd 0x6385, 0x92E1
    dd 0x6386, 0x92E2
    dd 0x6387, 0xB6DE
    dd 0x6388, 0xCADA
    dd 0x6389, 0xB5F4
    dd 0x638A, 0xDEE5
    dd 0x638B, 0x92E3
    dd 0x638C, 0xD5C6
    dd 0x638D, 0x92E4
    dd 0x638E, 0xDEE1
    dd 0x638F, 0xCCCD
    dd 0x6390, 0xC6FE
    dd 0x6391, 0x92E5
    dd 0x6392, 0xC5C5
    dd 0x6393, 0x92E6
    dd 0x6394, 0x92E7
    dd 0x6395, 0x92E8
    dd 0x6396, 0xD2B4
    dd 0x6397, 0x92E9
    dd 0x6398, 0xBEF2
    dd 0x6399, 0x92EA
    dd 0x639A, 0x92EB
    dd 0x639B, 0x92EC
    dd 0x639C, 0x92ED
    dd 0x639D, 0x92EE
    dd 0x639E, 0x92EF
    dd 0x639F, 0x92F0
    dd 0x63A0, 0xC2D3
    dd 0x63A1, 0x92F1
    dd 0x63A2, 0xCCBD
    dd 0x63A3, 0xB3B8
    dd 0x63A4, 0x92F2
    dd 0x63A5, 0xBDD3
    dd 0x63A6, 0x92F3
    dd 0x63A7, 0xBFD8
    dd 0x63A8, 0xCDC6
    dd 0x63A9, 0xD1DA
    dd 0x63AA, 0xB4EB
    dd 0x63AB, 0x92F4
    dd 0x63AC, 0xDEE4
    dd 0x63AD, 0xDEDD
    dd 0x63AE, 0xDEE7
    dd 0x63AF, 0x92F5
    dd 0x63B0, 0xEAFE
    dd 0x63B1, 0x92F6
    dd 0x63B2, 0x92F7
    dd 0x63B3, 0xC2B0
    dd 0x63B4, 0xDEE2
    dd 0x63B5, 0x92F8
    dd 0x63B6, 0x92F9
    dd 0x63B7, 0xD6C0
    dd 0x63B8, 0xB5A7
    dd 0x63B9, 0x92FA
    dd 0x63BA, 0xB2F4
    dd 0x63BB, 0x92FB
    dd 0x63BC, 0xDEE8
    dd 0x63BD, 0x92FC
    dd 0x63BE, 0xDEF2
    dd 0x63BF, 0x92FD
    dd 0x63C0, 0x92FE
    dd 0x63C1, 0x9340
    dd 0x63C2, 0x9341
    dd 0x63C3, 0x9342
    dd 0x63C4, 0xDEED
    dd 0x63C5, 0x9343
    dd 0x63C6, 0xDEF1
    dd 0x63C7, 0x9344
    dd 0x63C8, 0x9345
    dd 0x63C9, 0xC8E0
    dd 0x63CA, 0x9346
    dd 0x63CB, 0x9347
    dd 0x63CC, 0x9348
    dd 0x63CD, 0xD7E1
    dd 0x63CE, 0xDEEF
    dd 0x63CF, 0xC3E8
    dd 0x63D0, 0xCCE1
    dd 0x63D1, 0x9349
    dd 0x63D2, 0xB2E5
    dd 0x63D3, 0x934A
    dd 0x63D4, 0x934B
    dd 0x63D5, 0x934C
    dd 0x63D6, 0xD2BE
    dd 0x63D7, 0x934D
    dd 0x63D8, 0x934E
    dd 0x63D9, 0x934F
    dd 0x63DA, 0x9350
    dd 0x63DB, 0x9351
    dd 0x63DC, 0x9352
    dd 0x63DD, 0x9353
    dd 0x63DE, 0xDEEE
    dd 0x63DF, 0x9354
    dd 0x63E0, 0xDEEB
    dd 0x63E1, 0xCED5
    dd 0x63E2, 0x9355
    dd 0x63E3, 0xB4A7
    dd 0x63E4, 0x9356
    dd 0x63E5, 0x9357
    dd 0x63E6, 0x9358
    dd 0x63E7, 0x9359
    dd 0x63E8, 0x935A
    dd 0x63E9, 0xBFAB
    dd 0x63EA, 0xBEBE
    dd 0x63EB, 0x935B
    dd 0x63EC, 0x935C
    dd 0x63ED, 0xBDD2
    dd 0x63EE, 0x935D
    dd 0x63EF, 0x935E
    dd 0x63F0, 0x935F
    dd 0x63F1, 0x9360
    dd 0x63F2, 0xDEE9
    dd 0x63F3, 0x9361
    dd 0x63F4, 0xD4AE
    dd 0x63F5, 0x9362
    dd 0x63F6, 0xDEDE
    dd 0x63F7, 0x9363
    dd 0x63F8, 0xDEEA
    dd 0x63F9, 0x9364
    dd 0x63FA, 0x9365
    dd 0x63FB, 0x9366
    dd 0x63FC, 0x9367
    dd 0x63FD, 0xC0BF
    dd 0x63FE, 0x9368
    dd 0x63FF, 0xDEEC
    dd 0x6400, 0xB2F3
    dd 0x6401, 0xB8E9
    dd 0x6402, 0xC2A7
    dd 0x6403, 0x9369
    dd 0x6404, 0x936A
    dd 0x6405, 0xBDC1
    dd 0x6406, 0x936B
    dd 0x6407, 0x936C
    dd 0x6408, 0x936D
    dd 0x6409, 0x936E
    dd 0x640A, 0x936F
    dd 0x640B, 0xDEF5
    dd 0x640C, 0xDEF8
    dd 0x640D, 0x9370
    dd 0x640E, 0x9371
    dd 0x640F, 0xB2AB
    dd 0x6410, 0xB4A4
    dd 0x6411, 0x9372
    dd 0x6412, 0x9373
    dd 0x6413, 0xB4EA
    dd 0x6414, 0xC9A6
    dd 0x6415, 0x9374
    dd 0x6416, 0x9375
    dd 0x6417, 0x9376
    dd 0x6418, 0x9377
    dd 0x6419, 0x9378
    dd 0x641A, 0x9379
    dd 0x641B, 0xDEF6
    dd 0x641C, 0xCBD1
    dd 0x641D, 0x937A
    dd 0x641E, 0xB8E3
    dd 0x641F, 0x937B
    dd 0x6420, 0xDEF7
    dd 0x6421, 0xDEFA
    dd 0x6422, 0x937C
    dd 0x6423, 0x937D
    dd 0x6424, 0x937E
    dd 0x6425, 0x9380
    dd 0x6426, 0xDEF9
    dd 0x6427, 0x9381
    dd 0x6428, 0x9382
    dd 0x6429, 0x9383
    dd 0x642A, 0xCCC2
    dd 0x642B, 0x9384
    dd 0x642C, 0xB0E1
    dd 0x642D, 0xB4EE
    dd 0x642E, 0x9385
    dd 0x642F, 0x9386
    dd 0x6430, 0x9387
    dd 0x6431, 0x9388
    dd 0x6432, 0x9389
    dd 0x6433, 0x938A
    dd 0x6434, 0xE5BA
    dd 0x6435, 0x938B
    dd 0x6436, 0x938C
    dd 0x6437, 0x938D
    dd 0x6438, 0x938E
    dd 0x6439, 0x938F
    dd 0x643A, 0xD0AF
    dd 0x643B, 0x9390
    dd 0x643C, 0x9391
    dd 0x643D, 0xB2EB
    dd 0x643E, 0x9392
    dd 0x643F, 0xEBA1
    dd 0x6440, 0x9393
    dd 0x6441, 0xDEF4
    dd 0x6442, 0x9394
    dd 0x6443, 0x9395
    dd 0x6444, 0xC9E3
    dd 0x6445, 0xDEF3
    dd 0x6446, 0xB0DA
    dd 0x6447, 0xD2A1
    dd 0x6448, 0xB1F7
    dd 0x6449, 0x9396
    dd 0x644A, 0xCCAF
    dd 0x644B, 0x9397
    dd 0x644C, 0x9398
    dd 0x644D, 0x9399
    dd 0x644E, 0x939A
    dd 0x644F, 0x939B
    dd 0x6450, 0x939C
    dd 0x6451, 0x939D
    dd 0x6452, 0xDEF0
    dd 0x6453, 0x939E
    dd 0x6454, 0xCBA4
    dd 0x6455, 0x939F
    dd 0x6456, 0x93A0
    dd 0x6457, 0x93A1
    dd 0x6458, 0xD5AA
    dd 0x6459, 0x93A2
    dd 0x645A, 0x93A3
    dd 0x645B, 0x93A4
    dd 0x645C, 0x93A5
    dd 0x645D, 0x93A6
    dd 0x645E, 0xDEFB
    dd 0x645F, 0x93A7
    dd 0x6460, 0x93A8
    dd 0x6461, 0x93A9
    dd 0x6462, 0x93AA
    dd 0x6463, 0x93AB
    dd 0x6464, 0x93AC
    dd 0x6465, 0x93AD
    dd 0x6466, 0x93AE
    dd 0x6467, 0xB4DD
    dd 0x6468, 0x93AF
    dd 0x6469, 0xC4A6
    dd 0x646A, 0x93B0
    dd 0x646B, 0x93B1
    dd 0x646C, 0x93B2
    dd 0x646D, 0xDEFD
    dd 0x646E, 0x93B3
    dd 0x646F, 0x93B4
    dd 0x6470, 0x93B5
    dd 0x6471, 0x93B6
    dd 0x6472, 0x93B7
    dd 0x6473, 0x93B8
    dd 0x6474, 0x93B9
    dd 0x6475, 0x93BA
    dd 0x6476, 0x93BB
    dd 0x6477, 0x93BC
    dd 0x6478, 0xC3FE
    dd 0x6479, 0xC4A1
    dd 0x647A, 0xDFA1
    dd 0x647B, 0x93BD
    dd 0x647C, 0x93BE
    dd 0x647D, 0x93BF
    dd 0x647E, 0x93C0
    dd 0x647F, 0x93C1
    dd 0x6480, 0x93C2
    dd 0x6481, 0x93C3
    dd 0x6482, 0xC1CC
    dd 0x6483, 0x93C4
    dd 0x6484, 0xDEFC
    dd 0x6485, 0xBEEF
    dd 0x6486, 0x93C5
    dd 0x6487, 0xC6B2
    dd 0x6488, 0x93C6
    dd 0x6489, 0x93C7
    dd 0x648A, 0x93C8
    dd 0x648B, 0x93C9
    dd 0x648C, 0x93CA
    dd 0x648D, 0x93CB
    dd 0x648E, 0x93CC
    dd 0x648F, 0x93CD
    dd 0x6490, 0x93CE
    dd 0x6491, 0xB3C5
    dd 0x6492, 0xC8F6
    dd 0x6493, 0x93CF
    dd 0x6494, 0x93D0
    dd 0x6495, 0xCBBA
    dd 0x6496, 0xDEFE
    dd 0x6497, 0x93D1
    dd 0x6498, 0x93D2
    dd 0x6499, 0xDFA4
    dd 0x649A, 0x93D3
    dd 0x649B, 0x93D4
    dd 0x649C, 0x93D5
    dd 0x649D, 0x93D6
    dd 0x649E, 0xD7B2
    dd 0x649F, 0x93D7
    dd 0x64A0, 0x93D8
    dd 0x64A1, 0x93D9
    dd 0x64A2, 0x93DA
    dd 0x64A3, 0x93DB
    dd 0x64A4, 0xB3B7
    dd 0x64A5, 0x93DC
    dd 0x64A6, 0x93DD
    dd 0x64A7, 0x93DE
    dd 0x64A8, 0x93DF
    dd 0x64A9, 0xC1C3
    dd 0x64AA, 0x93E0
    dd 0x64AB, 0x93E1
    dd 0x64AC, 0xC7CB
    dd 0x64AD, 0xB2A5
    dd 0x64AE, 0xB4E9
    dd 0x64AF, 0x93E2
    dd 0x64B0, 0xD7AB
    dd 0x64B1, 0x93E3
    dd 0x64B2, 0x93E4
    dd 0x64B3, 0x93E5
    dd 0x64B4, 0x93E6
    dd 0x64B5, 0xC4EC
    dd 0x64B6, 0x93E7
    dd 0x64B7, 0xDFA2
    dd 0x64B8, 0xDFA3
    dd 0x64B9, 0x93E8
    dd 0x64BA, 0xDFA5
    dd 0x64BB, 0x93E9
    dd 0x64BC, 0xBAB3
    dd 0x64BD, 0x93EA
    dd 0x64BE, 0x93EB
    dd 0x64BF, 0x93EC
    dd 0x64C0, 0xDFA6
    dd 0x64C1, 0x93ED
    dd 0x64C2, 0xC0DE
    dd 0x64C3, 0x93EE
    dd 0x64C4, 0x93EF
    dd 0x64C5, 0xC9C3
    dd 0x64C6, 0x93F0
    dd 0x64C7, 0x93F1
    dd 0x64C8, 0x93F2
    dd 0x64C9, 0x93F3
    dd 0x64CA, 0x93F4
    dd 0x64CB, 0x93F5
    dd 0x64CC, 0x93F6
    dd 0x64CD, 0xB2D9
    dd 0x64CE, 0xC7E6
    dd 0x64CF, 0x93F7
    dd 0x64D0, 0xDFA7
    dd 0x64D1, 0x93F8
    dd 0x64D2, 0xC7DC
    dd 0x64D3, 0x93F9
    dd 0x64D4, 0x93FA
    dd 0x64D5, 0x93FB
    dd 0x64D6, 0x93FC
    dd 0x64D7, 0xDFA8
    dd 0x64D8, 0xEBA2
    dd 0x64D9, 0x93FD
    dd 0x64DA, 0x93FE
    dd 0x64DB, 0x9440
    dd 0x64DC, 0x9441
    dd 0x64DD, 0x9442
    dd 0x64DE, 0xCBD3
    dd 0x64DF, 0x9443
    dd 0x64E0, 0x9444
    dd 0x64E1, 0x9445
    dd 0x64E2, 0xDFAA
    dd 0x64E3, 0x9446
    dd 0x64E4, 0xDFA9
    dd 0x64E5, 0x9447
    dd 0x64E6, 0xB2C1
    dd 0x64E7, 0x9448
    dd 0x64E8, 0x9449
    dd 0x64E9, 0x944A
    dd 0x64EA, 0x944B
    dd 0x64EB, 0x944C
    dd 0x64EC, 0x944D
    dd 0x64ED, 0x944E
    dd 0x64EE, 0x944F
    dd 0x64EF, 0x9450
    dd 0x64F0, 0x9451
    dd 0x64F1, 0x9452
    dd 0x64F2, 0x9453
    dd 0x64F3, 0x9454
    dd 0x64F4, 0x9455
    dd 0x64F5, 0x9456
    dd 0x64F6, 0x9457
    dd 0x64F7, 0x9458
    dd 0x64F8, 0x9459
    dd 0x64F9, 0x945A
    dd 0x64FA, 0x945B
    dd 0x64FB, 0x945C
    dd 0x64FC, 0x945D
    dd 0x64FD, 0x945E
    dd 0x64FE, 0x945F
    dd 0x64FF, 0x9460
    dd 0x6500, 0xC5CA
    dd 0x6501, 0x9461
    dd 0x6502, 0x9462
    dd 0x6503, 0x9463
    dd 0x6504, 0x9464
    dd 0x6505, 0x9465
    dd 0x6506, 0x9466
    dd 0x6507, 0x9467
    dd 0x6508, 0x9468
    dd 0x6509, 0xDFAB
    dd 0x650A, 0x9469
    dd 0x650B, 0x946A
    dd 0x650C, 0x946B
    dd 0x650D, 0x946C
    dd 0x650E, 0x946D
    dd 0x650F, 0x946E
    dd 0x6510, 0x946F
    dd 0x6511, 0x9470
    dd 0x6512, 0xD4DC
    dd 0x6513, 0x9471
    dd 0x6514, 0x9472
    dd 0x6515, 0x9473
    dd 0x6516, 0x9474
    dd 0x6517, 0x9475
    dd 0x6518, 0xC8C1
    dd 0x6519, 0x9476
    dd 0x651A, 0x9477
    dd 0x651B, 0x9478
    dd 0x651C, 0x9479
    dd 0x651D, 0x947A
    dd 0x651E, 0x947B
    dd 0x651F, 0x947C
    dd 0x6520, 0x947D
    dd 0x6521, 0x947E
    dd 0x6522, 0x9480
    dd 0x6523, 0x9481
    dd 0x6524, 0x9482
    dd 0x6525, 0xDFAC
    dd 0x6526, 0x9483
    dd 0x6527, 0x9484
    dd 0x6528, 0x9485
    dd 0x6529, 0x9486
    dd 0x652A, 0x9487
    dd 0x652B, 0xBEF0
    dd 0x652C, 0x9488
    dd 0x652D, 0x9489
    dd 0x652E, 0xDFAD
    dd 0x652F, 0xD6A7
    dd 0x6530, 0x948A
    dd 0x6531, 0x948B
    dd 0x6532, 0x948C
    dd 0x6533, 0x948D
    dd 0x6534, 0xEAB7
    dd 0x6535, 0xEBB6
    dd 0x6536, 0xCAD5
    dd 0x6537, 0x948E
    dd 0x6538, 0xD8FC
    dd 0x6539, 0xB8C4
    dd 0x653A, 0x948F
    dd 0x653B, 0xB9A5
    dd 0x653C, 0x9490
    dd 0x653D, 0x9491
    dd 0x653E, 0xB7C5
    dd 0x653F, 0xD5FE
    dd 0x6540, 0x9492
    dd 0x6541, 0x9493
    dd 0x6542, 0x9494
    dd 0x6543, 0x9495
    dd 0x6544, 0x9496
    dd 0x6545, 0xB9CA
    dd 0x6546, 0x9497
    dd 0x6547, 0x9498
    dd 0x6548, 0xD0A7
    dd 0x6549, 0xF4CD
    dd 0x654A, 0x9499
    dd 0x654B, 0x949A
    dd 0x654C, 0xB5D0
    dd 0x654D, 0x949B
    dd 0x654E, 0x949C
    dd 0x654F, 0xC3F4
    dd 0x6550, 0x949D
    dd 0x6551, 0xBEC8
    dd 0x6552, 0x949E
    dd 0x6553, 0x949F
    dd 0x6554, 0x94A0
    dd 0x6555, 0xEBB7
    dd 0x6556, 0xB0BD
    dd 0x6557, 0x94A1
    dd 0x6558, 0x94A2
    dd 0x6559, 0xBDCC
    dd 0x655A, 0x94A3
    dd 0x655B, 0xC1B2
    dd 0x655C, 0x94A4
    dd 0x655D, 0xB1D6
    dd 0x655E, 0xB3A8
    dd 0x655F, 0x94A5
    dd 0x6560, 0x94A6
    dd 0x6561, 0x94A7
    dd 0x6562, 0xB8D2
    dd 0x6563, 0xC9A2
    dd 0x6564, 0x94A8
    dd 0x6565, 0x94A9
    dd 0x6566, 0xB6D8
    dd 0x6567, 0x94AA
    dd 0x6568, 0x94AB
    dd 0x6569, 0x94AC
    dd 0x656A, 0x94AD
    dd 0x656B, 0xEBB8
    dd 0x656C, 0xBEB4
    dd 0x656D, 0x94AE
    dd 0x656E, 0x94AF
    dd 0x656F, 0x94B0
    dd 0x6570, 0xCAFD
    dd 0x6571, 0x94B1
    dd 0x6572, 0xC7C3
    dd 0x6573, 0x94B2
    dd 0x6574, 0xD5FB
    dd 0x6575, 0x94B3
    dd 0x6576, 0x94B4
    dd 0x6577, 0xB7F3
    dd 0x6578, 0x94B5
    dd 0x6579, 0x94B6
    dd 0x657A, 0x94B7
    dd 0x657B, 0x94B8
    dd 0x657C, 0x94B9
    dd 0x657D, 0x94BA
    dd 0x657E, 0x94BB
    dd 0x657F, 0x94BC
    dd 0x6580, 0x94BD
    dd 0x6581, 0x94BE
    dd 0x6582, 0x94BF
    dd 0x6583, 0x94C0
    dd 0x6584, 0x94C1
    dd 0x6585, 0x94C2
    dd 0x6586, 0x94C3
    dd 0x6587, 0xCEC4
    dd 0x6588, 0x94C4
    dd 0x6589, 0x94C5
    dd 0x658A, 0x94C6
    dd 0x658B, 0xD5AB
    dd 0x658C, 0xB1F3
    dd 0x658D, 0x94C7
    dd 0x658E, 0x94C8
    dd 0x658F, 0x94C9
    dd 0x6590, 0xECB3
    dd 0x6591, 0xB0DF
    dd 0x6592, 0x94CA
    dd 0x6593, 0xECB5
    dd 0x6594, 0x94CB
    dd 0x6595, 0x94CC
    dd 0x6596, 0x94CD
    dd 0x6597, 0xB6B7
    dd 0x6598, 0x94CE
    dd 0x6599, 0xC1CF
    dd 0x659A, 0x94CF
    dd 0x659B, 0xF5FA
    dd 0x659C, 0xD0B1
    dd 0x659D, 0x94D0
    dd 0x659E, 0x94D1
    dd 0x659F, 0xD5E5
    dd 0x65A0, 0x94D2
    dd 0x65A1, 0xCED3
    dd 0x65A2, 0x94D3
    dd 0x65A3, 0x94D4
    dd 0x65A4, 0xBDEF
    dd 0x65A5, 0xB3E2
    dd 0x65A6, 0x94D5
    dd 0x65A7, 0xB8AB
    dd 0x65A8, 0x94D6
    dd 0x65A9, 0xD5B6
    dd 0x65AA, 0x94D7
    dd 0x65AB, 0xEDBD
    dd 0x65AC, 0x94D8
    dd 0x65AD, 0xB6CF
    dd 0x65AE, 0x94D9
    dd 0x65AF, 0xCBB9
    dd 0x65B0, 0xD0C2
    dd 0x65B1, 0x94DA
    dd 0x65B2, 0x94DB
    dd 0x65B3, 0x94DC
    dd 0x65B4, 0x94DD
    dd 0x65B5, 0x94DE
    dd 0x65B6, 0x94DF
    dd 0x65B7, 0x94E0
    dd 0x65B8, 0x94E1
    dd 0x65B9, 0xB7BD
    dd 0x65BA, 0x94E2
    dd 0x65BB, 0x94E3
    dd 0x65BC, 0xECB6
    dd 0x65BD, 0xCAA9
    dd 0x65BE, 0x94E4
    dd 0x65BF, 0x94E5
    dd 0x65C0, 0x94E6
    dd 0x65C1, 0xC5D4
    dd 0x65C2, 0x94E7
    dd 0x65C3, 0xECB9
    dd 0x65C4, 0xECB8
    dd 0x65C5, 0xC2C3
    dd 0x65C6, 0xECB7
    dd 0x65C7, 0x94E8
    dd 0x65C8, 0x94E9
    dd 0x65C9, 0x94EA
    dd 0x65CA, 0x94EB
    dd 0x65CB, 0xD0FD
    dd 0x65CC, 0xECBA
    dd 0x65CD, 0x94EC
    dd 0x65CE, 0xECBB
    dd 0x65CF, 0xD7E5
    dd 0x65D0, 0x94ED
    dd 0x65D1, 0x94EE
    dd 0x65D2, 0xECBC
    dd 0x65D3, 0x94EF
    dd 0x65D4, 0x94F0
    dd 0x65D5, 0x94F1
    dd 0x65D6, 0xECBD
    dd 0x65D7, 0xC6EC
    dd 0x65D8, 0x94F2
    dd 0x65D9, 0x94F3
    dd 0x65DA, 0x94F4
    dd 0x65DB, 0x94F5
    dd 0x65DC, 0x94F6
    dd 0x65DD, 0x94F7
    dd 0x65DE, 0x94F8
    dd 0x65DF, 0x94F9
    dd 0x65E0, 0xCEDE
    dd 0x65E1, 0x94FA
    dd 0x65E2, 0xBCC8
    dd 0x65E3, 0x94FB
    dd 0x65E4, 0x94FC
    dd 0x65E5, 0xC8D5
    dd 0x65E6, 0xB5A9
    dd 0x65E7, 0xBEC9
    dd 0x65E8, 0xD6BC
    dd 0x65E9, 0xD4E7
    dd 0x65EA, 0x94FD
    dd 0x65EB, 0x94FE
    dd 0x65EC, 0xD1AE
    dd 0x65ED, 0xD0F1
    dd 0x65EE, 0xEAB8
    dd 0x65EF, 0xEAB9
    dd 0x65F0, 0xEABA
    dd 0x65F1, 0xBAB5
    dd 0x65F2, 0x9540
    dd 0x65F3, 0x9541
    dd 0x65F4, 0x9542
    dd 0x65F5, 0x9543
    dd 0x65F6, 0xCAB1
    dd 0x65F7, 0xBFF5
    dd 0x65F8, 0x9544
    dd 0x65F9, 0x9545
    dd 0x65FA, 0xCDFA
    dd 0x65FB, 0x9546
    dd 0x65FC, 0x9547
    dd 0x65FD, 0x9548
    dd 0x65FE, 0x9549
    dd 0x65FF, 0x954A
    dd 0x6600, 0xEAC0
    dd 0x6601, 0x954B
    dd 0x6602, 0xB0BA
    dd 0x6603, 0xEABE
    dd 0x6604, 0x954C
    dd 0x6605, 0x954D
    dd 0x6606, 0xC0A5
    dd 0x6607, 0x954E
    dd 0x6608, 0x954F
    dd 0x6609, 0x9550
    dd 0x660A, 0xEABB
    dd 0x660B, 0x9551
    dd 0x660C, 0xB2FD
    dd 0x660D, 0x9552
    dd 0x660E, 0xC3F7
    dd 0x660F, 0xBBE8
    dd 0x6610, 0x9553
    dd 0x6611, 0x9554
    dd 0x6612, 0x9555
    dd 0x6613, 0xD2D7
    dd 0x6614, 0xCEF4
    dd 0x6615, 0xEABF
    dd 0x6616, 0x9556
    dd 0x6617, 0x9557
    dd 0x6618, 0x9558
    dd 0x6619, 0xEABC
    dd 0x661A, 0x9559
    dd 0x661B, 0x955A
    dd 0x661C, 0x955B
    dd 0x661D, 0xEAC3
    dd 0x661E, 0x955C
    dd 0x661F, 0xD0C7
    dd 0x6620, 0xD3B3
    dd 0x6621, 0x955D
    dd 0x6622, 0x955E
    dd 0x6623, 0x955F
    dd 0x6624, 0x9560
    dd 0x6625, 0xB4BA
    dd 0x6626, 0x9561
    dd 0x6627, 0xC3C1
    dd 0x6628, 0xD7F2
    dd 0x6629, 0x9562
    dd 0x662A, 0x9563
    dd 0x662B, 0x9564
    dd 0x662C, 0x9565
    dd 0x662D, 0xD5D1
    dd 0x662E, 0x9566
    dd 0x662F, 0xCAC7
    dd 0x6630, 0x9567
    dd 0x6631, 0xEAC5
    dd 0x6632, 0x9568
    dd 0x6633, 0x9569
    dd 0x6634, 0xEAC4
    dd 0x6635, 0xEAC7
    dd 0x6636, 0xEAC6
    dd 0x6637, 0x956A
    dd 0x6638, 0x956B
    dd 0x6639, 0x956C
    dd 0x663A, 0x956D
    dd 0x663B, 0x956E
    dd 0x663C, 0xD6E7
    dd 0x663D, 0x956F
    dd 0x663E, 0xCFD4
    dd 0x663F, 0x9570
    dd 0x6640, 0x9571
    dd 0x6641, 0xEACB
    dd 0x6642, 0x9572
    dd 0x6643, 0xBBCE
    dd 0x6644, 0x9573
    dd 0x6645, 0x9574
    dd 0x6646, 0x9575
    dd 0x6647, 0x9576
    dd 0x6648, 0x9577
    dd 0x6649, 0x9578
    dd 0x664A, 0x9579
    dd 0x664B, 0xBDFA
    dd 0x664C, 0xC9CE
    dd 0x664D, 0x957A
    dd 0x664E, 0x957B
    dd 0x664F, 0xEACC
    dd 0x6650, 0x957C
    dd 0x6651, 0x957D
    dd 0x6652, 0xC9B9
    dd 0x6653, 0xCFFE
    dd 0x6654, 0xEACA
    dd 0x6655, 0xD4CE
    dd 0x6656, 0xEACD
    dd 0x6657, 0xEACF
    dd 0x6658, 0x957E
    dd 0x6659, 0x9580
    dd 0x665A, 0xCDED
    dd 0x665B, 0x9581
    dd 0x665C, 0x9582
    dd 0x665D, 0x9583
    dd 0x665E, 0x9584
    dd 0x665F, 0xEAC9
    dd 0x6660, 0x9585
    dd 0x6661, 0xEACE
    dd 0x6662, 0x9586
    dd 0x6663, 0x9587
    dd 0x6664, 0xCEEE
    dd 0x6665, 0x9588
    dd 0x6666, 0xBBDE
    dd 0x6667, 0x9589
    dd 0x6668, 0xB3BF
    dd 0x6669, 0x958A
    dd 0x666A, 0x958B
    dd 0x666B, 0x958C
    dd 0x666C, 0x958D
    dd 0x666D, 0x958E
    dd 0x666E, 0xC6D5
    dd 0x666F, 0xBEB0
    dd 0x6670, 0xCEFA
    dd 0x6671, 0x958F
    dd 0x6672, 0x9590
    dd 0x6673, 0x9591
    dd 0x6674, 0xC7E7
    dd 0x6675, 0x9592
    dd 0x6676, 0xBEA7
    dd 0x6677, 0xEAD0
    dd 0x6678, 0x9593
    dd 0x6679, 0x9594
    dd 0x667A, 0xD6C7
    dd 0x667B, 0x9595
    dd 0x667C, 0x9596
    dd 0x667D, 0x9597
    dd 0x667E, 0xC1C0
    dd 0x667F, 0x9598
    dd 0x6680, 0x9599
    dd 0x6681, 0x959A
    dd 0x6682, 0xD4DD
    dd 0x6683, 0x959B
    dd 0x6684, 0xEAD1
    dd 0x6685, 0x959C
    dd 0x6686, 0x959D
    dd 0x6687, 0xCFBE
    dd 0x6688, 0x959E
    dd 0x6689, 0x959F
    dd 0x668A, 0x95A0
    dd 0x668B, 0x95A1
    dd 0x668C, 0xEAD2
    dd 0x668D, 0x95A2
    dd 0x668E, 0x95A3
    dd 0x668F, 0x95A4
    dd 0x6690, 0x95A5
    dd 0x6691, 0xCAEE
    dd 0x6692, 0x95A6
    dd 0x6693, 0x95A7
    dd 0x6694, 0x95A8
    dd 0x6695, 0x95A9
    dd 0x6696, 0xC5AF
    dd 0x6697, 0xB0B5
    dd 0x6698, 0x95AA
    dd 0x6699, 0x95AB
    dd 0x669A, 0x95AC
    dd 0x669B, 0x95AD
    dd 0x669C, 0x95AE
    dd 0x669D, 0xEAD4
    dd 0x669E, 0x95AF
    dd 0x669F, 0x95B0
    dd 0x66A0, 0x95B1
    dd 0x66A1, 0x95B2
    dd 0x66A2, 0x95B3
    dd 0x66A3, 0x95B4
    dd 0x66A4, 0x95B5
    dd 0x66A5, 0x95B6
    dd 0x66A6, 0x95B7
    dd 0x66A7, 0xEAD3
    dd 0x66A8, 0xF4DF
    dd 0x66A9, 0x95B8
    dd 0x66AA, 0x95B9
    dd 0x66AB, 0x95BA
    dd 0x66AC, 0x95BB
    dd 0x66AD, 0x95BC
    dd 0x66AE, 0xC4BA
    dd 0x66AF, 0x95BD
    dd 0x66B0, 0x95BE
    dd 0x66B1, 0x95BF
    dd 0x66B2, 0x95C0
    dd 0x66B3, 0x95C1
    dd 0x66B4, 0xB1A9
    dd 0x66B5, 0x95C2
    dd 0x66B6, 0x95C3
    dd 0x66B7, 0x95C4
    dd 0x66B8, 0x95C5
    dd 0x66B9, 0xE5DF
    dd 0x66BA, 0x95C6
    dd 0x66BB, 0x95C7
    dd 0x66BC, 0x95C8
    dd 0x66BD, 0x95C9
    dd 0x66BE, 0xEAD5
    dd 0x66BF, 0x95CA
    dd 0x66C0, 0x95CB
    dd 0x66C1, 0x95CC
    dd 0x66C2, 0x95CD
    dd 0x66C3, 0x95CE
    dd 0x66C4, 0x95CF
    dd 0x66C5, 0x95D0
    dd 0x66C6, 0x95D1
    dd 0x66C7, 0x95D2
    dd 0x66C8, 0x95D3
    dd 0x66C9, 0x95D4
    dd 0x66CA, 0x95D5
    dd 0x66CB, 0x95D6
    dd 0x66CC, 0x95D7
    dd 0x66CD, 0x95D8
    dd 0x66CE, 0x95D9
    dd 0x66CF, 0x95DA
    dd 0x66D0, 0x95DB
    dd 0x66D1, 0x95DC
    dd 0x66D2, 0x95DD
    dd 0x66D3, 0x95DE
    dd 0x66D4, 0x95DF
    dd 0x66D5, 0x95E0
    dd 0x66D6, 0x95E1
    dd 0x66D7, 0x95E2
    dd 0x66D8, 0x95E3
    dd 0x66D9, 0xCAEF
    dd 0x66DA, 0x95E4
    dd 0x66DB, 0xEAD6
    dd 0x66DC, 0xEAD7
    dd 0x66DD, 0xC6D8
    dd 0x66DE, 0x95E5
    dd 0x66DF, 0x95E6
    dd 0x66E0, 0x95E7
    dd 0x66E1, 0x95E8
    dd 0x66E2, 0x95E9
    dd 0x66E3, 0x95EA
    dd 0x66E4, 0x95EB
    dd 0x66E5, 0x95EC
    dd 0x66E6, 0xEAD8
    dd 0x66E7, 0x95ED
    dd 0x66E8, 0x95EE
    dd 0x66E9, 0xEAD9
    dd 0x66EA, 0x95EF
    dd 0x66EB, 0x95F0
    dd 0x66EC, 0x95F1
    dd 0x66ED, 0x95F2
    dd 0x66EE, 0x95F3
    dd 0x66EF, 0x95F4
    dd 0x66F0, 0xD4BB
    dd 0x66F1, 0x95F5
    dd 0x66F2, 0xC7FA
    dd 0x66F3, 0xD2B7
    dd 0x66F4, 0xB8FC
    dd 0x66F5, 0x95F6
    dd 0x66F6, 0x95F7
    dd 0x66F7, 0xEAC2
    dd 0x66F8, 0x95F8
    dd 0x66F9, 0xB2DC
    dd 0x66FA, 0x95F9
    dd 0x66FB, 0x95FA
    dd 0x66FC, 0xC2FC
    dd 0x66FD, 0x95FB
    dd 0x66FE, 0xD4F8
    dd 0x66FF, 0xCCE6
    dd 0x6700, 0xD7EE
    dd 0x6701, 0x95FC
    dd 0x6702, 0x95FD
    dd 0x6703, 0x95FE
    dd 0x6704, 0x9640
    dd 0x6705, 0x9641
    dd 0x6706, 0x9642
    dd 0x6707, 0x9643
    dd 0x6708, 0xD4C2
    dd 0x6709, 0xD3D0
    dd 0x670A, 0xEBC3
    dd 0x670B, 0xC5F3
    dd 0x670C, 0x9644
    dd 0x670D, 0xB7FE
    dd 0x670E, 0x9645
    dd 0x670F, 0x9646
    dd 0x6710, 0xEBD4
    dd 0x6711, 0x9647
    dd 0x6712, 0x9648
    dd 0x6713, 0x9649
    dd 0x6714, 0xCBB7
    dd 0x6715, 0xEBDE
    dd 0x6716, 0x964A
    dd 0x6717, 0xC0CA
    dd 0x6718, 0x964B
    dd 0x6719, 0x964C
    dd 0x671A, 0x964D
    dd 0x671B, 0xCDFB
    dd 0x671C, 0x964E
    dd 0x671D, 0xB3AF
    dd 0x671E, 0x964F
    dd 0x671F, 0xC6DA
    dd 0x6720, 0x9650
    dd 0x6721, 0x9651
    dd 0x6722, 0x9652
    dd 0x6723, 0x9653
    dd 0x6724, 0x9654
    dd 0x6725, 0x9655
    dd 0x6726, 0xEBFC
    dd 0x6727, 0x9656
    dd 0x6728, 0xC4BE
    dd 0x6729, 0x9657
    dd 0x672A, 0xCEB4
    dd 0x672B, 0xC4A9
    dd 0x672C, 0xB1BE
    dd 0x672D, 0xD4FD
    dd 0x672E, 0x9658
    dd 0x672F, 0xCAF5
    dd 0x6730, 0x9659
    dd 0x6731, 0xD6EC
    dd 0x6732, 0x965A
    dd 0x6733, 0x965B
    dd 0x6734, 0xC6D3
    dd 0x6735, 0xB6E4
    dd 0x6736, 0x965C
    dd 0x6737, 0x965D
    dd 0x6738, 0x965E
    dd 0x6739, 0x965F
    dd 0x673A, 0xBBFA
    dd 0x673B, 0x9660
    dd 0x673C, 0x9661
    dd 0x673D, 0xD0E0
    dd 0x673E, 0x9662
    dd 0x673F, 0x9663
    dd 0x6740, 0xC9B1
    dd 0x6741, 0x9664
    dd 0x6742, 0xD4D3
    dd 0x6743, 0xC8A8
    dd 0x6744, 0x9665
    dd 0x6745, 0x9666
    dd 0x6746, 0xB8CB
    dd 0x6747, 0x9667
    dd 0x6748, 0xE8BE
    dd 0x6749, 0xC9BC
    dd 0x674A, 0x9668
    dd 0x674B, 0x9669
    dd 0x674C, 0xE8BB
    dd 0x674D, 0x966A
    dd 0x674E, 0xC0EE
    dd 0x674F, 0xD0D3
    dd 0x6750, 0xB2C4
    dd 0x6751, 0xB4E5
    dd 0x6752, 0x966B
    dd 0x6753, 0xE8BC
    dd 0x6754, 0x966C
    dd 0x6755, 0x966D
    dd 0x6756, 0xD5C8
    dd 0x6757, 0x966E
    dd 0x6758, 0x966F
    dd 0x6759, 0x9670
    dd 0x675A, 0x9671
    dd 0x675B, 0x9672
    dd 0x675C, 0xB6C5
    dd 0x675D, 0x9673
    dd 0x675E, 0xE8BD
    dd 0x675F, 0xCAF8
    dd 0x6760, 0xB8DC
    dd 0x6761, 0xCCF5
    dd 0x6762, 0x9674
    dd 0x6763, 0x9675
    dd 0x6764, 0x9676
    dd 0x6765, 0xC0B4
    dd 0x6766, 0x9677
    dd 0x6767, 0x9678
    dd 0x6768, 0xD1EE
    dd 0x6769, 0xE8BF
    dd 0x676A, 0xE8C2
    dd 0x676B, 0x9679
    dd 0x676C, 0x967A
    dd 0x676D, 0xBABC
    dd 0x676E, 0x967B
    dd 0x676F, 0xB1AD
    dd 0x6770, 0xBDDC
    dd 0x6771, 0x967C
    dd 0x6772, 0xEABD
    dd 0x6773, 0xE8C3
    dd 0x6774, 0x967D
    dd 0x6775, 0xE8C6
    dd 0x6776, 0x967E
    dd 0x6777, 0xE8CB
    dd 0x6778, 0x9680
    dd 0x6779, 0x9681
    dd 0x677A, 0x9682
    dd 0x677B, 0x9683
    dd 0x677C, 0xE8CC
    dd 0x677D, 0x9684
    dd 0x677E, 0xCBC9
    dd 0x677F, 0xB0E5
    dd 0x6780, 0x9685
    dd 0x6781, 0xBCAB
    dd 0x6782, 0x9686
    dd 0x6783, 0x9687
    dd 0x6784, 0xB9B9
    dd 0x6785, 0x9688
    dd 0x6786, 0x9689
    dd 0x6787, 0xE8C1
    dd 0x6788, 0x968A
    dd 0x6789, 0xCDF7
    dd 0x678A, 0x968B
    dd 0x678B, 0xE8CA
    dd 0x678C, 0x968C
    dd 0x678D, 0x968D
    dd 0x678E, 0x968E
    dd 0x678F, 0x968F
    dd 0x6790, 0xCEF6
    dd 0x6791, 0x9690
    dd 0x6792, 0x9691
    dd 0x6793, 0x9692
    dd 0x6794, 0x9693
    dd 0x6795, 0xD5ED
    dd 0x6796, 0x9694
    dd 0x6797, 0xC1D6
    dd 0x6798, 0xE8C4
    dd 0x6799, 0x9695
    dd 0x679A, 0xC3B6
    dd 0x679B, 0x9696
    dd 0x679C, 0xB9FB
    dd 0x679D, 0xD6A6
    dd 0x679E, 0xE8C8
    dd 0x679F, 0x9697
    dd 0x67A0, 0x9698
    dd 0x67A1, 0x9699
    dd 0x67A2, 0xCAE0
    dd 0x67A3, 0xD4E6
    dd 0x67A4, 0x969A
    dd 0x67A5, 0xE8C0
    dd 0x67A6, 0x969B
    dd 0x67A7, 0xE8C5
    dd 0x67A8, 0xE8C7
    dd 0x67A9, 0x969C
    dd 0x67AA, 0xC7B9
    dd 0x67AB, 0xB7E3
    dd 0x67AC, 0x969D
    dd 0x67AD, 0xE8C9
    dd 0x67AE, 0x969E
    dd 0x67AF, 0xBFDD
    dd 0x67B0, 0xE8D2
    dd 0x67B1, 0x969F
    dd 0x67B2, 0x96A0
    dd 0x67B3, 0xE8D7
    dd 0x67B4, 0x96A1
    dd 0x67B5, 0xE8D5
    dd 0x67B6, 0xBCDC
    dd 0x67B7, 0xBCCF
    dd 0x67B8, 0xE8DB
    dd 0x67B9, 0x96A2
    dd 0x67BA, 0x96A3
    dd 0x67BB, 0x96A4
    dd 0x67BC, 0x96A5
    dd 0x67BD, 0x96A6
    dd 0x67BE, 0x96A7
    dd 0x67BF, 0x96A8
    dd 0x67C0, 0x96A9
    dd 0x67C1, 0xE8DE
    dd 0x67C2, 0x96AA
    dd 0x67C3, 0xE8DA
    dd 0x67C4, 0xB1FA
    dd 0x67C5, 0x96AB
    dd 0x67C6, 0x96AC
    dd 0x67C7, 0x96AD
    dd 0x67C8, 0x96AE
    dd 0x67C9, 0x96AF
    dd 0x67CA, 0x96B0
    dd 0x67CB, 0x96B1
    dd 0x67CC, 0x96B2
    dd 0x67CD, 0x96B3
    dd 0x67CE, 0x96B4
    dd 0x67CF, 0xB0D8
    dd 0x67D0, 0xC4B3
    dd 0x67D1, 0xB8CC
    dd 0x67D2, 0xC6E2
    dd 0x67D3, 0xC8BE
    dd 0x67D4, 0xC8E1
    dd 0x67D5, 0x96B5
    dd 0x67D6, 0x96B6
    dd 0x67D7, 0x96B7
    dd 0x67D8, 0xE8CF
    dd 0x67D9, 0xE8D4
    dd 0x67DA, 0xE8D6
    dd 0x67DB, 0x96B8
    dd 0x67DC, 0xB9F1
    dd 0x67DD, 0xE8D8
    dd 0x67DE, 0xD7F5
    dd 0x67DF, 0x96B9
    dd 0x67E0, 0xC4FB
    dd 0x67E1, 0x96BA
    dd 0x67E2, 0xE8DC
    dd 0x67E3, 0x96BB
    dd 0x67E4, 0x96BC
    dd 0x67E5, 0xB2E9
    dd 0x67E6, 0x96BD
    dd 0x67E7, 0x96BE
    dd 0x67E8, 0x96BF
    dd 0x67E9, 0xE8D1
    dd 0x67EA, 0x96C0
    dd 0x67EB, 0x96C1
    dd 0x67EC, 0xBCED
    dd 0x67ED, 0x96C2
    dd 0x67EE, 0x96C3
    dd 0x67EF, 0xBFC2
    dd 0x67F0, 0xE8CD
    dd 0x67F1, 0xD6F9
    dd 0x67F2, 0x96C4
    dd 0x67F3, 0xC1F8
    dd 0x67F4, 0xB2F1
    dd 0x67F5, 0x96C5
    dd 0x67F6, 0x96C6
    dd 0x67F7, 0x96C7
    dd 0x67F8, 0x96C8
    dd 0x67F9, 0x96C9
    dd 0x67FA, 0x96CA
    dd 0x67FB, 0x96CB
    dd 0x67FC, 0x96CC
    dd 0x67FD, 0xE8DF
    dd 0x67FE, 0x96CD
    dd 0x67FF, 0xCAC1
    dd 0x6800, 0xE8D9
    dd 0x6801, 0x96CE
    dd 0x6802, 0x96CF
    dd 0x6803, 0x96D0
    dd 0x6804, 0x96D1
    dd 0x6805, 0xD5A4
    dd 0x6806, 0x96D2
    dd 0x6807, 0xB1EA
    dd 0x6808, 0xD5BB
    dd 0x6809, 0xE8CE
    dd 0x680A, 0xE8D0
    dd 0x680B, 0xB6B0
    dd 0x680C, 0xE8D3
    dd 0x680D, 0x96D3
    dd 0x680E, 0xE8DD
    dd 0x680F, 0xC0B8
    dd 0x6810, 0x96D4
    dd 0x6811, 0xCAF7
    dd 0x6812, 0x96D5
    dd 0x6813, 0xCBA8
    dd 0x6814, 0x96D6
    dd 0x6815, 0x96D7
    dd 0x6816, 0xC6DC
    dd 0x6817, 0xC0F5
    dd 0x6818, 0x96D8
    dd 0x6819, 0x96D9
    dd 0x681A, 0x96DA
    dd 0x681B, 0x96DB
    dd 0x681C, 0x96DC
    dd 0x681D, 0xE8E9
    dd 0x681E, 0x96DD
    dd 0x681F, 0x96DE
    dd 0x6820, 0x96DF
    dd 0x6821, 0xD0A3
    dd 0x6822, 0x96E0
    dd 0x6823, 0x96E1
    dd 0x6824, 0x96E2
    dd 0x6825, 0x96E3
    dd 0x6826, 0x96E4
    dd 0x6827, 0x96E5
    dd 0x6828, 0x96E6
    dd 0x6829, 0xE8F2
    dd 0x682A, 0xD6EA
    dd 0x682B, 0x96E7
    dd 0x682C, 0x96E8
    dd 0x682D, 0x96E9
    dd 0x682E, 0x96EA
    dd 0x682F, 0x96EB
    dd 0x6830, 0x96EC
    dd 0x6831, 0x96ED
    dd 0x6832, 0xE8E0
    dd 0x6833, 0xE8E1
    dd 0x6834, 0x96EE
    dd 0x6835, 0x96EF
    dd 0x6836, 0x96F0
    dd 0x6837, 0xD1F9
    dd 0x6838, 0xBACB
    dd 0x6839, 0xB8F9
    dd 0x683A, 0x96F1
    dd 0x683B, 0x96F2
    dd 0x683C, 0xB8F1
    dd 0x683D, 0xD4D4
    dd 0x683E, 0xE8EF
    dd 0x683F, 0x96F3
    dd 0x6840, 0xE8EE
    dd 0x6841, 0xE8EC
    dd 0x6842, 0xB9F0
    dd 0x6843, 0xCCD2
    dd 0x6844, 0xE8E6
    dd 0x6845, 0xCEA6
    dd 0x6846, 0xBFF2
    dd 0x6847, 0x96F4
    dd 0x6848, 0xB0B8
    dd 0x6849, 0xE8F1
    dd 0x684A, 0xE8F0
    dd 0x684B, 0x96F5
    dd 0x684C, 0xD7C0
    dd 0x684D, 0x96F6
    dd 0x684E, 0xE8E4
    dd 0x684F, 0x96F7
    dd 0x6850, 0xCDA9
    dd 0x6851, 0xC9A3
    dd 0x6852, 0x96F8
    dd 0x6853, 0xBBB8
    dd 0x6854, 0xBDDB
    dd 0x6855, 0xE8EA
    dd 0x6856, 0x96F9
    dd 0x6857, 0x96FA
    dd 0x6858, 0x96FB
    dd 0x6859, 0x96FC
    dd 0x685A, 0x96FD
    dd 0x685B, 0x96FE
    dd 0x685C, 0x9740
    dd 0x685D, 0x9741
    dd 0x685E, 0x9742
    dd 0x685F, 0x9743
    dd 0x6860, 0xE8E2
    dd 0x6861, 0xE8E3
    dd 0x6862, 0xE8E5
    dd 0x6863, 0xB5B5
    dd 0x6864, 0xE8E7
    dd 0x6865, 0xC7C5
    dd 0x6866, 0xE8EB
    dd 0x6867, 0xE8ED
    dd 0x6868, 0xBDB0
    dd 0x6869, 0xD7AE
    dd 0x686A, 0x9744
    dd 0x686B, 0xE8F8
    dd 0x686C, 0x9745
    dd 0x686D, 0x9746
    dd 0x686E, 0x9747
    dd 0x686F, 0x9748
    dd 0x6870, 0x9749
    dd 0x6871, 0x974A
    dd 0x6872, 0x974B
    dd 0x6873, 0x974C
    dd 0x6874, 0xE8F5
    dd 0x6875, 0x974D
    dd 0x6876, 0xCDB0
    dd 0x6877, 0xE8F6
    dd 0x6878, 0x974E
    dd 0x6879, 0x974F
    dd 0x687A, 0x9750
    dd 0x687B, 0x9751
    dd 0x687C, 0x9752
    dd 0x687D, 0x9753
    dd 0x687E, 0x9754
    dd 0x687F, 0x9755
    dd 0x6880, 0x9756
    dd 0x6881, 0xC1BA
    dd 0x6882, 0x9757
    dd 0x6883, 0xE8E8
    dd 0x6884, 0x9758
    dd 0x6885, 0xC3B7
    dd 0x6886, 0xB0F0
    dd 0x6887, 0x9759
    dd 0x6888, 0x975A
    dd 0x6889, 0x975B
    dd 0x688A, 0x975C
    dd 0x688B, 0x975D
    dd 0x688C, 0x975E
    dd 0x688D, 0x975F
    dd 0x688E, 0x9760
    dd 0x688F, 0xE8F4
    dd 0x6890, 0x9761
    dd 0x6891, 0x9762
    dd 0x6892, 0x9763
    dd 0x6893, 0xE8F7
    dd 0x6894, 0x9764
    dd 0x6895, 0x9765
    dd 0x6896, 0x9766
    dd 0x6897, 0xB9A3
    dd 0x6898, 0x9767
    dd 0x6899, 0x9768
    dd 0x689A, 0x9769
    dd 0x689B, 0x976A
    dd 0x689C, 0x976B
    dd 0x689D, 0x976C
    dd 0x689E, 0x976D
    dd 0x689F, 0x976E
    dd 0x68A0, 0x976F
    dd 0x68A1, 0x9770
    dd 0x68A2, 0xC9D2
    dd 0x68A3, 0x9771
    dd 0x68A4, 0x9772
    dd 0x68A5, 0x9773
    dd 0x68A6, 0xC3CE
    dd 0x68A7, 0xCEE0
    dd 0x68A8, 0xC0E6
    dd 0x68A9, 0x9774
    dd 0x68AA, 0x9775
    dd 0x68AB, 0x9776
    dd 0x68AC, 0x9777
    dd 0x68AD, 0xCBF3
    dd 0x68AE, 0x9778
    dd 0x68AF, 0xCCDD
    dd 0x68B0, 0xD0B5
    dd 0x68B1, 0x9779
    dd 0x68B2, 0x977A
    dd 0x68B3, 0xCAE1
    dd 0x68B4, 0x977B
    dd 0x68B5, 0xE8F3
    dd 0x68B6, 0x977C
    dd 0x68B7, 0x977D
    dd 0x68B8, 0x977E
    dd 0x68B9, 0x9780
    dd 0x68BA, 0x9781
    dd 0x68BB, 0x9782
    dd 0x68BC, 0x9783
    dd 0x68BD, 0x9784
    dd 0x68BE, 0x9785
    dd 0x68BF, 0x9786
    dd 0x68C0, 0xBCEC
    dd 0x68C1, 0x9787
    dd 0x68C2, 0xE8F9
    dd 0x68C3, 0x9788
    dd 0x68C4, 0x9789
    dd 0x68C5, 0x978A
    dd 0x68C6, 0x978B
    dd 0x68C7, 0x978C
    dd 0x68C8, 0x978D
    dd 0x68C9, 0xC3DE
    dd 0x68CA, 0x978E
    dd 0x68CB, 0xC6E5
    dd 0x68CC, 0x978F
    dd 0x68CD, 0xB9F7
    dd 0x68CE, 0x9790
    dd 0x68CF, 0x9791
    dd 0x68D0, 0x9792
    dd 0x68D1, 0x9793
    dd 0x68D2, 0xB0F4
    dd 0x68D3, 0x9794
    dd 0x68D4, 0x9795
    dd 0x68D5, 0xD7D8
    dd 0x68D6, 0x9796
    dd 0x68D7, 0x9797
    dd 0x68D8, 0xBCAC
    dd 0x68D9, 0x9798
    dd 0x68DA, 0xC5EF
    dd 0x68DB, 0x9799
    dd 0x68DC, 0x979A
    dd 0x68DD, 0x979B
    dd 0x68DE, 0x979C
    dd 0x68DF, 0x979D
    dd 0x68E0, 0xCCC4
    dd 0x68E1, 0x979E
    dd 0x68E2, 0x979F
    dd 0x68E3, 0xE9A6
    dd 0x68E4, 0x97A0
    dd 0x68E5, 0x97A1
    dd 0x68E6, 0x97A2
    dd 0x68E7, 0x97A3
    dd 0x68E8, 0x97A4
    dd 0x68E9, 0x97A5
    dd 0x68EA, 0x97A6
    dd 0x68EB, 0x97A7
    dd 0x68EC, 0x97A8
    dd 0x68ED, 0x97A9
    dd 0x68EE, 0xC9AD
    dd 0x68EF, 0x97AA
    dd 0x68F0, 0xE9A2
    dd 0x68F1, 0xC0E2
    dd 0x68F2, 0x97AB
    dd 0x68F3, 0x97AC
    dd 0x68F4, 0x97AD
    dd 0x68F5, 0xBFC3
    dd 0x68F6, 0x97AE
    dd 0x68F7, 0x97AF
    dd 0x68F8, 0x97B0
    dd 0x68F9, 0xE8FE
    dd 0x68FA, 0xB9D7
    dd 0x68FB, 0x97B1
    dd 0x68FC, 0xE8FB
    dd 0x68FD, 0x97B2
    dd 0x68FE, 0x97B3
    dd 0x68FF, 0x97B4
    dd 0x6900, 0x97B5
    dd 0x6901, 0xE9A4
    dd 0x6902, 0x97B6
    dd 0x6903, 0x97B7
    dd 0x6904, 0x97B8
    dd 0x6905, 0xD2CE
    dd 0x6906, 0x97B9
    dd 0x6907, 0x97BA
    dd 0x6908, 0x97BB
    dd 0x6909, 0x97BC
    dd 0x690A, 0x97BD
    dd 0x690B, 0xE9A3
    dd 0x690C, 0x97BE
    dd 0x690D, 0xD6B2
    dd 0x690E, 0xD7B5
    dd 0x690F, 0x97BF
    dd 0x6910, 0xE9A7
    dd 0x6911, 0x97C0
    dd 0x6912, 0xBDB7
    dd 0x6913, 0x97C1
    dd 0x6914, 0x97C2
    dd 0x6915, 0x97C3
    dd 0x6916, 0x97C4
    dd 0x6917, 0x97C5
    dd 0x6918, 0x97C6
    dd 0x6919, 0x97C7
    dd 0x691A, 0x97C8
    dd 0x691B, 0x97C9
    dd 0x691C, 0x97CA
    dd 0x691D, 0x97CB
    dd 0x691E, 0x97CC
    dd 0x691F, 0xE8FC
    dd 0x6920, 0xE8FD
    dd 0x6921, 0x97CD
    dd 0x6922, 0x97CE
    dd 0x6923, 0x97CF
    dd 0x6924, 0xE9A1
    dd 0x6925, 0x97D0
    dd 0x6926, 0x97D1
    dd 0x6927, 0x97D2
    dd 0x6928, 0x97D3
    dd 0x6929, 0x97D4
    dd 0x692A, 0x97D5
    dd 0x692B, 0x97D6
    dd 0x692C, 0x97D7
    dd 0x692D, 0xCDD6
    dd 0x692E, 0x97D8
    dd 0x692F, 0x97D9
    dd 0x6930, 0xD2AC
    dd 0x6931, 0x97DA
    dd 0x6932, 0x97DB
    dd 0x6933, 0x97DC
    dd 0x6934, 0xE9B2
    dd 0x6935, 0x97DD
    dd 0x6936, 0x97DE
    dd 0x6937, 0x97DF
    dd 0x6938, 0x97E0
    dd 0x6939, 0xE9A9
    dd 0x693A, 0x97E1
    dd 0x693B, 0x97E2
    dd 0x693C, 0x97E3
    dd 0x693D, 0xB4AA
    dd 0x693E, 0x97E4
    dd 0x693F, 0xB4BB
    dd 0x6940, 0x97E5
    dd 0x6941, 0x97E6
    dd 0x6942, 0xE9AB
    dd 0x6943, 0x97E7
    dd 0x6944, 0x97E8
    dd 0x6945, 0x97E9
    dd 0x6946, 0x97EA
    dd 0x6947, 0x97EB
    dd 0x6948, 0x97EC
    dd 0x6949, 0x97ED
    dd 0x694A, 0x97EE
    dd 0x694B, 0x97EF
    dd 0x694C, 0x97F0
    dd 0x694D, 0x97F1
    dd 0x694E, 0x97F2
    dd 0x694F, 0x97F3
    dd 0x6950, 0x97F4
    dd 0x6951, 0x97F5
    dd 0x6952, 0x97F6
    dd 0x6953, 0x97F7
    dd 0x6954, 0xD0A8
    dd 0x6955, 0x97F8
    dd 0x6956, 0x97F9
    dd 0x6957, 0xE9A5
    dd 0x6958, 0x97FA
    dd 0x6959, 0x97FB
    dd 0x695A, 0xB3FE
    dd 0x695B, 0x97FC
    dd 0x695C, 0x97FD
    dd 0x695D, 0xE9AC
    dd 0x695E, 0xC0E3
    dd 0x695F, 0x97FE
    dd 0x6960, 0xE9AA
    dd 0x6961, 0x9840
    dd 0x6962, 0x9841
    dd 0x6963, 0xE9B9
    dd 0x6964, 0x9842
    dd 0x6965, 0x9843
    dd 0x6966, 0xE9B8
    dd 0x6967, 0x9844
    dd 0x6968, 0x9845
    dd 0x6969, 0x9846
    dd 0x696A, 0x9847
    dd 0x696B, 0xE9AE
    dd 0x696C, 0x9848
    dd 0x696D, 0x9849
    dd 0x696E, 0xE8FA
    dd 0x696F, 0x984A
    dd 0x6970, 0x984B
    dd 0x6971, 0xE9A8
    dd 0x6972, 0x984C
    dd 0x6973, 0x984D
    dd 0x6974, 0x984E
    dd 0x6975, 0x984F
    dd 0x6976, 0x9850
    dd 0x6977, 0xBFAC
    dd 0x6978, 0xE9B1
    dd 0x6979, 0xE9BA
    dd 0x697A, 0x9851
    dd 0x697B, 0x9852
    dd 0x697C, 0xC2A5
    dd 0x697D, 0x9853
    dd 0x697E, 0x9854
    dd 0x697F, 0x9855
    dd 0x6980, 0xE9AF
    dd 0x6981, 0x9856
    dd 0x6982, 0xB8C5
    dd 0x6983, 0x9857
    dd 0x6984, 0xE9AD
    dd 0x6985, 0x9858
    dd 0x6986, 0xD3DC
    dd 0x6987, 0xE9B4
    dd 0x6988, 0xE9B5
    dd 0x6989, 0xE9B7
    dd 0x698A, 0x9859
    dd 0x698B, 0x985A
    dd 0x698C, 0x985B
    dd 0x698D, 0xE9C7
    dd 0x698E, 0x985C
    dd 0x698F, 0x985D
    dd 0x6990, 0x985E
    dd 0x6991, 0x985F
    dd 0x6992, 0x9860
    dd 0x6993, 0x9861
    dd 0x6994, 0xC0C6
    dd 0x6995, 0xE9C5
    dd 0x6996, 0x9862
    dd 0x6997, 0x9863
    dd 0x6998, 0xE9B0
    dd 0x6999, 0x9864
    dd 0x699A, 0x9865
    dd 0x699B, 0xE9BB
    dd 0x699C, 0xB0F1
    dd 0x699D, 0x9866
    dd 0x699E, 0x9867
    dd 0x699F, 0x9868
    dd 0x69A0, 0x9869
    dd 0x69A1, 0x986A
    dd 0x69A2, 0x986B
    dd 0x69A3, 0x986C
    dd 0x69A4, 0x986D
    dd 0x69A5, 0x986E
    dd 0x69A6, 0x986F
    dd 0x69A7, 0xE9BC
    dd 0x69A8, 0xD5A5
    dd 0x69A9, 0x9870
    dd 0x69AA, 0x9871
    dd 0x69AB, 0xE9BE
    dd 0x69AC, 0x9872
    dd 0x69AD, 0xE9BF
    dd 0x69AE, 0x9873
    dd 0x69AF, 0x9874
    dd 0x69B0, 0x9875
    dd 0x69B1, 0xE9C1
    dd 0x69B2, 0x9876
    dd 0x69B3, 0x9877
    dd 0x69B4, 0xC1F1
    dd 0x69B5, 0x9878
    dd 0x69B6, 0x9879
    dd 0x69B7, 0xC8B6
    dd 0x69B8, 0x987A
    dd 0x69B9, 0x987B
    dd 0x69BA, 0x987C
    dd 0x69BB, 0xE9BD
    dd 0x69BC, 0x987D
    dd 0x69BD, 0x987E
    dd 0x69BE, 0x9880
    dd 0x69BF, 0x9881
    dd 0x69C0, 0x9882
    dd 0x69C1, 0xE9C2
    dd 0x69C2, 0x9883
    dd 0x69C3, 0x9884
    dd 0x69C4, 0x9885
    dd 0x69C5, 0x9886
    dd 0x69C6, 0x9887
    dd 0x69C7, 0x9888
    dd 0x69C8, 0x9889
    dd 0x69C9, 0x988A
    dd 0x69CA, 0xE9C3
    dd 0x69CB, 0x988B
    dd 0x69CC, 0xE9B3
    dd 0x69CD, 0x988C
    dd 0x69CE, 0xE9B6
    dd 0x69CF, 0x988D
    dd 0x69D0, 0xBBB1
    dd 0x69D1, 0x988E
    dd 0x69D2, 0x988F
    dd 0x69D3, 0x9890
    dd 0x69D4, 0xE9C0
    dd 0x69D5, 0x9891
    dd 0x69D6, 0x9892
    dd 0x69D7, 0x9893
    dd 0x69D8, 0x9894
    dd 0x69D9, 0x9895
    dd 0x69DA, 0x9896
    dd 0x69DB, 0xBCF7
    dd 0x69DC, 0x9897
    dd 0x69DD, 0x9898
    dd 0x69DE, 0x9899
    dd 0x69DF, 0xE9C4
    dd 0x69E0, 0xE9C6
    dd 0x69E1, 0x989A
    dd 0x69E2, 0x989B
    dd 0x69E3, 0x989C
    dd 0x69E4, 0x989D
    dd 0x69E5, 0x989E
    dd 0x69E6, 0x989F
    dd 0x69E7, 0x98A0
    dd 0x69E8, 0x98A1
    dd 0x69E9, 0x98A2
    dd 0x69EA, 0x98A3
    dd 0x69EB, 0x98A4
    dd 0x69EC, 0x98A5
    dd 0x69ED, 0xE9CA
    dd 0x69EE, 0x98A6
    dd 0x69EF, 0x98A7
    dd 0x69F0, 0x98A8
    dd 0x69F1, 0x98A9
    dd 0x69F2, 0xE9CE
    dd 0x69F3, 0x98AA
    dd 0x69F4, 0x98AB
    dd 0x69F5, 0x98AC
    dd 0x69F6, 0x98AD
    dd 0x69F7, 0x98AE
    dd 0x69F8, 0x98AF
    dd 0x69F9, 0x98B0
    dd 0x69FA, 0x98B1
    dd 0x69FB, 0x98B2
    dd 0x69FC, 0x98B3
    dd 0x69FD, 0xB2DB
    dd 0x69FE, 0x98B4
    dd 0x69FF, 0xE9C8
    dd 0x6A00, 0x98B5
    dd 0x6A01, 0x98B6
    dd 0x6A02, 0x98B7
    dd 0x6A03, 0x98B8
    dd 0x6A04, 0x98B9
    dd 0x6A05, 0x98BA
    dd 0x6A06, 0x98BB
    dd 0x6A07, 0x98BC
    dd 0x6A08, 0x98BD
    dd 0x6A09, 0x98BE
    dd 0x6A0A, 0xB7AE
    dd 0x6A0B, 0x98BF
    dd 0x6A0C, 0x98C0
    dd 0x6A0D, 0x98C1
    dd 0x6A0E, 0x98C2
    dd 0x6A0F, 0x98C3
    dd 0x6A10, 0x98C4
    dd 0x6A11, 0x98C5
    dd 0x6A12, 0x98C6
    dd 0x6A13, 0x98C7
    dd 0x6A14, 0x98C8
    dd 0x6A15, 0x98C9
    dd 0x6A16, 0x98CA
    dd 0x6A17, 0xE9CB
    dd 0x6A18, 0xE9CC
    dd 0x6A19, 0x98CB
    dd 0x6A1A, 0x98CC
    dd 0x6A1B, 0x98CD
    dd 0x6A1C, 0x98CE
    dd 0x6A1D, 0x98CF
    dd 0x6A1E, 0x98D0
    dd 0x6A1F, 0xD5C1
    dd 0x6A20, 0x98D1
    dd 0x6A21, 0xC4A3
    dd 0x6A22, 0x98D2
    dd 0x6A23, 0x98D3
    dd 0x6A24, 0x98D4
    dd 0x6A25, 0x98D5
    dd 0x6A26, 0x98D6
    dd 0x6A27, 0x98D7
    dd 0x6A28, 0xE9D8
    dd 0x6A29, 0x98D8
    dd 0x6A2A, 0xBAE1
    dd 0x6A2B, 0x98D9
    dd 0x6A2C, 0x98DA
    dd 0x6A2D, 0x98DB
    dd 0x6A2E, 0x98DC
    dd 0x6A2F, 0xE9C9
    dd 0x6A30, 0x98DD
    dd 0x6A31, 0xD3A3
    dd 0x6A32, 0x98DE
    dd 0x6A33, 0x98DF
    dd 0x6A34, 0x98E0
    dd 0x6A35, 0xE9D4
    dd 0x6A36, 0x98E1
    dd 0x6A37, 0x98E2
    dd 0x6A38, 0x98E3
    dd 0x6A39, 0x98E4
    dd 0x6A3A, 0x98E5
    dd 0x6A3B, 0x98E6
    dd 0x6A3C, 0x98E7
    dd 0x6A3D, 0xE9D7
    dd 0x6A3E, 0xE9D0
    dd 0x6A3F, 0x98E8
    dd 0x6A40, 0x98E9
    dd 0x6A41, 0x98EA
    dd 0x6A42, 0x98EB
    dd 0x6A43, 0x98EC
    dd 0x6A44, 0xE9CF
    dd 0x6A45, 0x98ED
    dd 0x6A46, 0x98EE
    dd 0x6A47, 0xC7C1
    dd 0x6A48, 0x98EF
    dd 0x6A49, 0x98F0
    dd 0x6A4A, 0x98F1
    dd 0x6A4B, 0x98F2
    dd 0x6A4C, 0x98F3
    dd 0x6A4D, 0x98F4
    dd 0x6A4E, 0x98F5
    dd 0x6A4F, 0x98F6
    dd 0x6A50, 0xE9D2
    dd 0x6A51, 0x98F7
    dd 0x6A52, 0x98F8
    dd 0x6A53, 0x98F9
    dd 0x6A54, 0x98FA
    dd 0x6A55, 0x98FB
    dd 0x6A56, 0x98FC
    dd 0x6A57, 0x98FD
    dd 0x6A58, 0xE9D9
    dd 0x6A59, 0xB3C8
    dd 0x6A5A, 0x98FE
    dd 0x6A5B, 0xE9D3
    dd 0x6A5C, 0x9940
    dd 0x6A5D, 0x9941
    dd 0x6A5E, 0x9942
    dd 0x6A5F, 0x9943
    dd 0x6A60, 0x9944
    dd 0x6A61, 0xCFF0
    dd 0x6A62, 0x9945
    dd 0x6A63, 0x9946
    dd 0x6A64, 0x9947
    dd 0x6A65, 0xE9CD
    dd 0x6A66, 0x9948
    dd 0x6A67, 0x9949
    dd 0x6A68, 0x994A
    dd 0x6A69, 0x994B
    dd 0x6A6A, 0x994C
    dd 0x6A6B, 0x994D
    dd 0x6A6C, 0x994E
    dd 0x6A6D, 0x994F
    dd 0x6A6E, 0x9950
    dd 0x6A6F, 0x9951
    dd 0x6A70, 0x9952
    dd 0x6A71, 0xB3F7
    dd 0x6A72, 0x9953
    dd 0x6A73, 0x9954
    dd 0x6A74, 0x9955
    dd 0x6A75, 0x9956
    dd 0x6A76, 0x9957
    dd 0x6A77, 0x9958
    dd 0x6A78, 0x9959
    dd 0x6A79, 0xE9D6
    dd 0x6A7A, 0x995A
    dd 0x6A7B, 0x995B
    dd 0x6A7C, 0xE9DA
    dd 0x6A7D, 0x995C
    dd 0x6A7E, 0x995D
    dd 0x6A7F, 0x995E
    dd 0x6A80, 0xCCB4
    dd 0x6A81, 0x995F
    dd 0x6A82, 0x9960
    dd 0x6A83, 0x9961
    dd 0x6A84, 0xCFAD
    dd 0x6A85, 0x9962
    dd 0x6A86, 0x9963
    dd 0x6A87, 0x9964
    dd 0x6A88, 0x9965
    dd 0x6A89, 0x9966
    dd 0x6A8A, 0x9967
    dd 0x6A8B, 0x9968
    dd 0x6A8C, 0x9969
    dd 0x6A8D, 0x996A
    dd 0x6A8E, 0xE9D5
    dd 0x6A8F, 0x996B
    dd 0x6A90, 0xE9DC
    dd 0x6A91, 0xE9DB
    dd 0x6A92, 0x996C
    dd 0x6A93, 0x996D
    dd 0x6A94, 0x996E
    dd 0x6A95, 0x996F
    dd 0x6A96, 0x9970
    dd 0x6A97, 0xE9DE
    dd 0x6A98, 0x9971
    dd 0x6A99, 0x9972
    dd 0x6A9A, 0x9973
    dd 0x6A9B, 0x9974
    dd 0x6A9C, 0x9975
    dd 0x6A9D, 0x9976
    dd 0x6A9E, 0x9977
    dd 0x6A9F, 0x9978
    dd 0x6AA0, 0xE9D1
    dd 0x6AA1, 0x9979
    dd 0x6AA2, 0x997A
    dd 0x6AA3, 0x997B
    dd 0x6AA4, 0x997C
    dd 0x6AA5, 0x997D
    dd 0x6AA6, 0x997E
    dd 0x6AA7, 0x9980
    dd 0x6AA8, 0x9981
    dd 0x6AA9, 0xE9DD
    dd 0x6AAA, 0x9982
    dd 0x6AAB, 0xE9DF
    dd 0x6AAC, 0xC3CA
    dd 0x6AAD, 0x9983
    dd 0x6AAE, 0x9984
    dd 0x6AAF, 0x9985
    dd 0x6AB0, 0x9986
    dd 0x6AB1, 0x9987
    dd 0x6AB2, 0x9988
    dd 0x6AB3, 0x9989
    dd 0x6AB4, 0x998A
    dd 0x6AB5, 0x998B
    dd 0x6AB6, 0x998C
    dd 0x6AB7, 0x998D
    dd 0x6AB8, 0x998E
    dd 0x6AB9, 0x998F
    dd 0x6ABA, 0x9990
    dd 0x6ABB, 0x9991
    dd 0x6ABC, 0x9992
    dd 0x6ABD, 0x9993
    dd 0x6ABE, 0x9994
    dd 0x6ABF, 0x9995
    dd 0x6AC0, 0x9996
    dd 0x6AC1, 0x9997
    dd 0x6AC2, 0x9998
    dd 0x6AC3, 0x9999
    dd 0x6AC4, 0x999A
    dd 0x6AC5, 0x999B
    dd 0x6AC6, 0x999C
    dd 0x6AC7, 0x999D
    dd 0x6AC8, 0x999E
    dd 0x6AC9, 0x999F
    dd 0x6ACA, 0x99A0
    dd 0x6ACB, 0x99A1
    dd 0x6ACC, 0x99A2
    dd 0x6ACD, 0x99A3
    dd 0x6ACE, 0x99A4
    dd 0x6ACF, 0x99A5
    dd 0x6AD0, 0x99A6
    dd 0x6AD1, 0x99A7
    dd 0x6AD2, 0x99A8
    dd 0x6AD3, 0x99A9
    dd 0x6AD4, 0x99AA
    dd 0x6AD5, 0x99AB
    dd 0x6AD6, 0x99AC
    dd 0x6AD7, 0x99AD
    dd 0x6AD8, 0x99AE
    dd 0x6AD9, 0x99AF
    dd 0x6ADA, 0x99B0
    dd 0x6ADB, 0x99B1
    dd 0x6ADC, 0x99B2
    dd 0x6ADD, 0x99B3
    dd 0x6ADE, 0x99B4
    dd 0x6ADF, 0x99B5
    dd 0x6AE0, 0x99B6
    dd 0x6AE1, 0x99B7
    dd 0x6AE2, 0x99B8
    dd 0x6AE3, 0x99B9
    dd 0x6AE4, 0x99BA
    dd 0x6AE5, 0x99BB
    dd 0x6AE6, 0x99BC
    dd 0x6AE7, 0x99BD
    dd 0x6AE8, 0x99BE
    dd 0x6AE9, 0x99BF
    dd 0x6AEA, 0x99C0
    dd 0x6AEB, 0x99C1
    dd 0x6AEC, 0x99C2
    dd 0x6AED, 0x99C3
    dd 0x6AEE, 0x99C4
    dd 0x6AEF, 0x99C5
    dd 0x6AF0, 0x99C6
    dd 0x6AF1, 0x99C7
    dd 0x6AF2, 0x99C8
    dd 0x6AF3, 0x99C9
    dd 0x6AF4, 0x99CA
    dd 0x6AF5, 0x99CB
    dd 0x6AF6, 0x99CC
    dd 0x6AF7, 0x99CD
    dd 0x6AF8, 0x99CE
    dd 0x6AF9, 0x99CF
    dd 0x6AFA, 0x99D0
    dd 0x6AFB, 0x99D1
    dd 0x6AFC, 0x99D2
    dd 0x6AFD, 0x99D3
    dd 0x6AFE, 0x99D4
    dd 0x6AFF, 0x99D5
    dd 0x6B00, 0x99D6
    dd 0x6B01, 0x99D7
    dd 0x6B02, 0x99D8
    dd 0x6B03, 0x99D9
    dd 0x6B04, 0x99DA
    dd 0x6B05, 0x99DB
    dd 0x6B06, 0x99DC
    dd 0x6B07, 0x99DD
    dd 0x6B08, 0x99DE
    dd 0x6B09, 0x99DF
    dd 0x6B0A, 0x99E0
    dd 0x6B0B, 0x99E1
    dd 0x6B0C, 0x99E2
    dd 0x6B0D, 0x99E3
    dd 0x6B0E, 0x99E4
    dd 0x6B0F, 0x99E5
    dd 0x6B10, 0x99E6
    dd 0x6B11, 0x99E7
    dd 0x6B12, 0x99E8
    dd 0x6B13, 0x99E9
    dd 0x6B14, 0x99EA
    dd 0x6B15, 0x99EB
    dd 0x6B16, 0x99EC
    dd 0x6B17, 0x99ED
    dd 0x6B18, 0x99EE
    dd 0x6B19, 0x99EF
    dd 0x6B1A, 0x99F0
    dd 0x6B1B, 0x99F1
    dd 0x6B1C, 0x99F2
    dd 0x6B1D, 0x99F3
    dd 0x6B1E, 0x99F4
    dd 0x6B1F, 0x99F5
    dd 0x6B20, 0xC7B7
    dd 0x6B21, 0xB4CE
    dd 0x6B22, 0xBBB6
    dd 0x6B23, 0xD0C0
    dd 0x6B24, 0xECA3
    dd 0x6B25, 0x99F6
    dd 0x6B26, 0x99F7
    dd 0x6B27, 0xC5B7
    dd 0x6B28, 0x99F8
    dd 0x6B29, 0x99F9
    dd 0x6B2A, 0x99FA
    dd 0x6B2B, 0x99FB
    dd 0x6B2C, 0x99FC
    dd 0x6B2D, 0x99FD
    dd 0x6B2E, 0x99FE
    dd 0x6B2F, 0x9A40
    dd 0x6B30, 0x9A41
    dd 0x6B31, 0x9A42
    dd 0x6B32, 0xD3FB
    dd 0x6B33, 0x9A43
    dd 0x6B34, 0x9A44
    dd 0x6B35, 0x9A45
    dd 0x6B36, 0x9A46
    dd 0x6B37, 0xECA4
    dd 0x6B38, 0x9A47
    dd 0x6B39, 0xECA5
    dd 0x6B3A, 0xC6DB
    dd 0x6B3B, 0x9A48
    dd 0x6B3C, 0x9A49
    dd 0x6B3D, 0x9A4A
    dd 0x6B3E, 0xBFEE
    dd 0x6B3F, 0x9A4B
    dd 0x6B40, 0x9A4C
    dd 0x6B41, 0x9A4D
    dd 0x6B42, 0x9A4E
    dd 0x6B43, 0xECA6
    dd 0x6B44, 0x9A4F
    dd 0x6B45, 0x9A50
    dd 0x6B46, 0xECA7
    dd 0x6B47, 0xD0AA
    dd 0x6B48, 0x9A51
    dd 0x6B49, 0xC7B8
    dd 0x6B4A, 0x9A52
    dd 0x6B4B, 0x9A53
    dd 0x6B4C, 0xB8E8
    dd 0x6B4D, 0x9A54
    dd 0x6B4E, 0x9A55
    dd 0x6B4F, 0x9A56
    dd 0x6B50, 0x9A57
    dd 0x6B51, 0x9A58
    dd 0x6B52, 0x9A59
    dd 0x6B53, 0x9A5A
    dd 0x6B54, 0x9A5B
    dd 0x6B55, 0x9A5C
    dd 0x6B56, 0x9A5D
    dd 0x6B57, 0x9A5E
    dd 0x6B58, 0x9A5F
    dd 0x6B59, 0xECA8
    dd 0x6B5A, 0x9A60
    dd 0x6B5B, 0x9A61
    dd 0x6B5C, 0x9A62
    dd 0x6B5D, 0x9A63
    dd 0x6B5E, 0x9A64
    dd 0x6B5F, 0x9A65
    dd 0x6B60, 0x9A66
    dd 0x6B61, 0x9A67
    dd 0x6B62, 0xD6B9
    dd 0x6B63, 0xD5FD
    dd 0x6B64, 0xB4CB
    dd 0x6B65, 0xB2BD
    dd 0x6B66, 0xCEE4
    dd 0x6B67, 0xC6E7
    dd 0x6B68, 0x9A68
    dd 0x6B69, 0x9A69
    dd 0x6B6A, 0xCDE1
    dd 0x6B6B, 0x9A6A
    dd 0x6B6C, 0x9A6B
    dd 0x6B6D, 0x9A6C
    dd 0x6B6E, 0x9A6D
    dd 0x6B6F, 0x9A6E
    dd 0x6B70, 0x9A6F
    dd 0x6B71, 0x9A70
    dd 0x6B72, 0x9A71
    dd 0x6B73, 0x9A72
    dd 0x6B74, 0x9A73
    dd 0x6B75, 0x9A74
    dd 0x6B76, 0x9A75
    dd 0x6B77, 0x9A76
    dd 0x6B78, 0x9A77
    dd 0x6B79, 0xB4F5
    dd 0x6B7A, 0x9A78
    dd 0x6B7B, 0xCBC0
    dd 0x6B7C, 0xBCDF
    dd 0x6B7D, 0x9A79
    dd 0x6B7E, 0x9A7A
    dd 0x6B7F, 0x9A7B
    dd 0x6B80, 0x9A7C
    dd 0x6B81, 0xE9E2
    dd 0x6B82, 0xE9E3
    dd 0x6B83, 0xD1EA
    dd 0x6B84, 0xE9E5
    dd 0x6B85, 0x9A7D
    dd 0x6B86, 0xB4F9
    dd 0x6B87, 0xE9E4
    dd 0x6B88, 0x9A7E
    dd 0x6B89, 0xD1B3
    dd 0x6B8A, 0xCAE2
    dd 0x6B8B, 0xB2D0
    dd 0x6B8C, 0x9A80
    dd 0x6B8D, 0xE9E8
    dd 0x6B8E, 0x9A81
    dd 0x6B8F, 0x9A82
    dd 0x6B90, 0x9A83
    dd 0x6B91, 0x9A84
    dd 0x6B92, 0xE9E6
    dd 0x6B93, 0xE9E7
    dd 0x6B94, 0x9A85
    dd 0x6B95, 0x9A86
    dd 0x6B96, 0xD6B3
    dd 0x6B97, 0x9A87
    dd 0x6B98, 0x9A88
    dd 0x6B99, 0x9A89
    dd 0x6B9A, 0xE9E9
    dd 0x6B9B, 0xE9EA
    dd 0x6B9C, 0x9A8A
    dd 0x6B9D, 0x9A8B
    dd 0x6B9E, 0x9A8C
    dd 0x6B9F, 0x9A8D
    dd 0x6BA0, 0x9A8E
    dd 0x6BA1, 0xE9EB
    dd 0x6BA2, 0x9A8F
    dd 0x6BA3, 0x9A90
    dd 0x6BA4, 0x9A91
    dd 0x6BA5, 0x9A92
    dd 0x6BA6, 0x9A93
    dd 0x6BA7, 0x9A94
    dd 0x6BA8, 0x9A95
    dd 0x6BA9, 0x9A96
    dd 0x6BAA, 0xE9EC
    dd 0x6BAB, 0x9A97
    dd 0x6BAC, 0x9A98
    dd 0x6BAD, 0x9A99
    dd 0x6BAE, 0x9A9A
    dd 0x6BAF, 0x9A9B
    dd 0x6BB0, 0x9A9C
    dd 0x6BB1, 0x9A9D
    dd 0x6BB2, 0x9A9E
    dd 0x6BB3, 0xECAF
    dd 0x6BB4, 0xC5B9
    dd 0x6BB5, 0xB6CE
    dd 0x6BB6, 0x9A9F
    dd 0x6BB7, 0xD2F3
    dd 0x6BB8, 0x9AA0
    dd 0x6BB9, 0x9AA1
    dd 0x6BBA, 0x9AA2
    dd 0x6BBB, 0x9AA3
    dd 0x6BBC, 0x9AA4
    dd 0x6BBD, 0x9AA5
    dd 0x6BBE, 0x9AA6
    dd 0x6BBF, 0xB5EE
    dd 0x6BC0, 0x9AA7
    dd 0x6BC1, 0xBBD9
    dd 0x6BC2, 0xECB1
    dd 0x6BC3, 0x9AA8
    dd 0x6BC4, 0x9AA9
    dd 0x6BC5, 0xD2E3
    dd 0x6BC6, 0x9AAA
    dd 0x6BC7, 0x9AAB
    dd 0x6BC8, 0x9AAC
    dd 0x6BC9, 0x9AAD
    dd 0x6BCA, 0x9AAE
    dd 0x6BCB, 0xCEE3
    dd 0x6BCC, 0x9AAF
    dd 0x6BCD, 0xC4B8
    dd 0x6BCE, 0x9AB0
    dd 0x6BCF, 0xC3BF
    dd 0x6BD0, 0x9AB1
    dd 0x6BD1, 0x9AB2
    dd 0x6BD2, 0xB6BE
    dd 0x6BD3, 0xD8B9
    dd 0x6BD4, 0xB1C8
    dd 0x6BD5, 0xB1CF
    dd 0x6BD6, 0xB1D1
    dd 0x6BD7, 0xC5FE
    dd 0x6BD8, 0x9AB3
    dd 0x6BD9, 0xB1D0
    dd 0x6BDA, 0x9AB4
    dd 0x6BDB, 0xC3AB
    dd 0x6BDC, 0x9AB5
    dd 0x6BDD, 0x9AB6
    dd 0x6BDE, 0x9AB7
    dd 0x6BDF, 0x9AB8
    dd 0x6BE0, 0x9AB9
    dd 0x6BE1, 0xD5B1
    dd 0x6BE2, 0x9ABA
    dd 0x6BE3, 0x9ABB
    dd 0x6BE4, 0x9ABC
    dd 0x6BE5, 0x9ABD
    dd 0x6BE6, 0x9ABE
    dd 0x6BE7, 0x9ABF
    dd 0x6BE8, 0x9AC0
    dd 0x6BE9, 0x9AC1
    dd 0x6BEA, 0xEBA4
    dd 0x6BEB, 0xBAC1
    dd 0x6BEC, 0x9AC2
    dd 0x6BED, 0x9AC3
    dd 0x6BEE, 0x9AC4
    dd 0x6BEF, 0xCCBA
    dd 0x6BF0, 0x9AC5
    dd 0x6BF1, 0x9AC6
    dd 0x6BF2, 0x9AC7
    dd 0x6BF3, 0xEBA5
    dd 0x6BF4, 0x9AC8
    dd 0x6BF5, 0xEBA7
    dd 0x6BF6, 0x9AC9
    dd 0x6BF7, 0x9ACA
    dd 0x6BF8, 0x9ACB
    dd 0x6BF9, 0xEBA8
    dd 0x6BFA, 0x9ACC
    dd 0x6BFB, 0x9ACD
    dd 0x6BFC, 0x9ACE
    dd 0x6BFD, 0xEBA6
    dd 0x6BFE, 0x9ACF
    dd 0x6BFF, 0x9AD0
    dd 0x6C00, 0x9AD1
    dd 0x6C01, 0x9AD2
    dd 0x6C02, 0x9AD3
    dd 0x6C03, 0x9AD4
    dd 0x6C04, 0x9AD5
    dd 0x6C05, 0xEBA9
    dd 0x6C06, 0xEBAB
    dd 0x6C07, 0xEBAA
    dd 0x6C08, 0x9AD6
    dd 0x6C09, 0x9AD7
    dd 0x6C0A, 0x9AD8
    dd 0x6C0B, 0x9AD9
    dd 0x6C0C, 0x9ADA
    dd 0x6C0D, 0xEBAC
    dd 0x6C0E, 0x9ADB
    dd 0x6C0F, 0xCACF
    dd 0x6C10, 0xD8B5
    dd 0x6C11, 0xC3F1
    dd 0x6C12, 0x9ADC
    dd 0x6C13, 0xC3A5
    dd 0x6C14, 0xC6F8
    dd 0x6C15, 0xEBAD
    dd 0x6C16, 0xC4CA
    dd 0x6C17, 0x9ADD
    dd 0x6C18, 0xEBAE
    dd 0x6C19, 0xEBAF
    dd 0x6C1A, 0xEBB0
    dd 0x6C1B, 0xB7D5
    dd 0x6C1C, 0x9ADE
    dd 0x6C1D, 0x9ADF
    dd 0x6C1E, 0x9AE0
    dd 0x6C1F, 0xB7FA
    dd 0x6C20, 0x9AE1
    dd 0x6C21, 0xEBB1
    dd 0x6C22, 0xC7E2
    dd 0x6C23, 0x9AE2
    dd 0x6C24, 0xEBB3
    dd 0x6C25, 0x9AE3
    dd 0x6C26, 0xBAA4
    dd 0x6C27, 0xD1F5
    dd 0x6C28, 0xB0B1
    dd 0x6C29, 0xEBB2
    dd 0x6C2A, 0xEBB4
    dd 0x6C2B, 0x9AE4
    dd 0x6C2C, 0x9AE5
    dd 0x6C2D, 0x9AE6
    dd 0x6C2E, 0xB5AA
    dd 0x6C2F, 0xC2C8
    dd 0x6C30, 0xC7E8
    dd 0x6C31, 0x9AE7
    dd 0x6C32, 0xEBB5
    dd 0x6C33, 0x9AE8
    dd 0x6C34, 0xCBAE
    dd 0x6C35, 0xE3DF
    dd 0x6C36, 0x9AE9
    dd 0x6C37, 0x9AEA
    dd 0x6C38, 0xD3C0
    dd 0x6C39, 0x9AEB
    dd 0x6C3A, 0x9AEC
    dd 0x6C3B, 0x9AED
    dd 0x6C3C, 0x9AEE
    dd 0x6C3D, 0xD9DB
    dd 0x6C3E, 0x9AEF
    dd 0x6C3F, 0x9AF0
    dd 0x6C40, 0xCDA1
    dd 0x6C41, 0xD6AD
    dd 0x6C42, 0xC7F3
    dd 0x6C43, 0x9AF1
    dd 0x6C44, 0x9AF2
    dd 0x6C45, 0x9AF3
    dd 0x6C46, 0xD9E0
    dd 0x6C47, 0xBBE3
    dd 0x6C48, 0x9AF4
    dd 0x6C49, 0xBABA
    dd 0x6C4A, 0xE3E2
    dd 0x6C4B, 0x9AF5
    dd 0x6C4C, 0x9AF6
    dd 0x6C4D, 0x9AF7
    dd 0x6C4E, 0x9AF8
    dd 0x6C4F, 0x9AF9
    dd 0x6C50, 0xCFAB
    dd 0x6C51, 0x9AFA
    dd 0x6C52, 0x9AFB
    dd 0x6C53, 0x9AFC
    dd 0x6C54, 0xE3E0
    dd 0x6C55, 0xC9C7
    dd 0x6C56, 0x9AFD
    dd 0x6C57, 0xBAB9
    dd 0x6C58, 0x9AFE
    dd 0x6C59, 0x9B40
    dd 0x6C5A, 0x9B41
    dd 0x6C5B, 0xD1B4
    dd 0x6C5C, 0xE3E1
    dd 0x6C5D, 0xC8EA
    dd 0x6C5E, 0xB9AF
    dd 0x6C5F, 0xBDAD
    dd 0x6C60, 0xB3D8
    dd 0x6C61, 0xCEDB
    dd 0x6C62, 0x9B42
    dd 0x6C63, 0x9B43
    dd 0x6C64, 0xCCC0
    dd 0x6C65, 0x9B44
    dd 0x6C66, 0x9B45
    dd 0x6C67, 0x9B46
    dd 0x6C68, 0xE3E8
    dd 0x6C69, 0xE3E9
    dd 0x6C6A, 0xCDF4
    dd 0x6C6B, 0x9B47
    dd 0x6C6C, 0x9B48
    dd 0x6C6D, 0x9B49
    dd 0x6C6E, 0x9B4A
    dd 0x6C6F, 0x9B4B
    dd 0x6C70, 0xCCAD
    dd 0x6C71, 0x9B4C
    dd 0x6C72, 0xBCB3
    dd 0x6C73, 0x9B4D
    dd 0x6C74, 0xE3EA
    dd 0x6C75, 0x9B4E
    dd 0x6C76, 0xE3EB
    dd 0x6C77, 0x9B4F
    dd 0x6C78, 0x9B50
    dd 0x6C79, 0xD0DA
    dd 0x6C7A, 0x9B51
    dd 0x6C7B, 0x9B52
    dd 0x6C7C, 0x9B53
    dd 0x6C7D, 0xC6FB
    dd 0x6C7E, 0xB7DA
    dd 0x6C7F, 0x9B54
    dd 0x6C80, 0x9B55
    dd 0x6C81, 0xC7DF
    dd 0x6C82, 0xD2CA
    dd 0x6C83, 0xCED6
    dd 0x6C84, 0x9B56
    dd 0x6C85, 0xE3E4
    dd 0x6C86, 0xE3EC
    dd 0x6C87, 0x9B57
    dd 0x6C88, 0xC9F2
    dd 0x6C89, 0xB3C1
    dd 0x6C8A, 0x9B58
    dd 0x6C8B, 0x9B59
    dd 0x6C8C, 0xE3E7
    dd 0x6C8D, 0x9B5A
    dd 0x6C8E, 0x9B5B
    dd 0x6C8F, 0xC6E3
    dd 0x6C90, 0xE3E5
    dd 0x6C91, 0x9B5C
    dd 0x6C92, 0x9B5D
    dd 0x6C93, 0xEDB3
    dd 0x6C94, 0xE3E6
    dd 0x6C95, 0x9B5E
    dd 0x6C96, 0x9B5F
    dd 0x6C97, 0x9B60
    dd 0x6C98, 0x9B61
    dd 0x6C99, 0xC9B3
    dd 0x6C9A, 0x9B62
    dd 0x6C9B, 0xC5E6
    dd 0x6C9C, 0x9B63
    dd 0x6C9D, 0x9B64
    dd 0x6C9E, 0x9B65
    dd 0x6C9F, 0xB9B5
    dd 0x6CA0, 0x9B66
    dd 0x6CA1, 0xC3BB
    dd 0x6CA2, 0x9B67
    dd 0x6CA3, 0xE3E3
    dd 0x6CA4, 0xC5BD
    dd 0x6CA5, 0xC1A4
    dd 0x6CA6, 0xC2D9
    dd 0x6CA7, 0xB2D7
    dd 0x6CA8, 0x9B68
    dd 0x6CA9, 0xE3ED
    dd 0x6CAA, 0xBBA6
    dd 0x6CAB, 0xC4AD
    dd 0x6CAC, 0x9B69
    dd 0x6CAD, 0xE3F0
    dd 0x6CAE, 0xBEDA
    dd 0x6CAF, 0x9B6A
    dd 0x6CB0, 0x9B6B
    dd 0x6CB1, 0xE3FB
    dd 0x6CB2, 0xE3F5
    dd 0x6CB3, 0xBAD3
    dd 0x6CB4, 0x9B6C
    dd 0x6CB5, 0x9B6D
    dd 0x6CB6, 0x9B6E
    dd 0x6CB7, 0x9B6F
    dd 0x6CB8, 0xB7D0
    dd 0x6CB9, 0xD3CD
    dd 0x6CBA, 0x9B70
    dd 0x6CBB, 0xD6CE
    dd 0x6CBC, 0xD5D3
    dd 0x6CBD, 0xB9C1
    dd 0x6CBE, 0xD5B4
    dd 0x6CBF, 0xD1D8
    dd 0x6CC0, 0x9B71
    dd 0x6CC1, 0x9B72
    dd 0x6CC2, 0x9B73
    dd 0x6CC3, 0x9B74
    dd 0x6CC4, 0xD0B9
    dd 0x6CC5, 0xC7F6
    dd 0x6CC6, 0x9B75
    dd 0x6CC7, 0x9B76
    dd 0x6CC8, 0x9B77
    dd 0x6CC9, 0xC8AA
    dd 0x6CCA, 0xB2B4
    dd 0x6CCB, 0x9B78
    dd 0x6CCC, 0xC3DA
    dd 0x6CCD, 0x9B79
    dd 0x6CCE, 0x9B7A
    dd 0x6CCF, 0x9B7B
    dd 0x6CD0, 0xE3EE
    dd 0x6CD1, 0x9B7C
    dd 0x6CD2, 0x9B7D
    dd 0x6CD3, 0xE3FC
    dd 0x6CD4, 0xE3EF
    dd 0x6CD5, 0xB7A8
    dd 0x6CD6, 0xE3F7
    dd 0x6CD7, 0xE3F4
    dd 0x6CD8, 0x9B7E
    dd 0x6CD9, 0x9B80
    dd 0x6CDA, 0x9B81
    dd 0x6CDB, 0xB7BA
    dd 0x6CDC, 0x9B82
    dd 0x6CDD, 0x9B83
    dd 0x6CDE, 0xC5A2
    dd 0x6CDF, 0x9B84
    dd 0x6CE0, 0xE3F6
    dd 0x6CE1, 0xC5DD
    dd 0x6CE2, 0xB2A8
    dd 0x6CE3, 0xC6FC
    dd 0x6CE4, 0x9B85
    dd 0x6CE5, 0xC4E0
    dd 0x6CE6, 0x9B86
    dd 0x6CE7, 0x9B87
    dd 0x6CE8, 0xD7A2
    dd 0x6CE9, 0x9B88
    dd 0x6CEA, 0xC0E1
    dd 0x6CEB, 0xE3F9
    dd 0x6CEC, 0x9B89
    dd 0x6CED, 0x9B8A
    dd 0x6CEE, 0xE3FA
    dd 0x6CEF, 0xE3FD
    dd 0x6CF0, 0xCCA9
    dd 0x6CF1, 0xE3F3
    dd 0x6CF2, 0x9B8B
    dd 0x6CF3, 0xD3BE
    dd 0x6CF4, 0x9B8C
    dd 0x6CF5, 0xB1C3
    dd 0x6CF6, 0xEDB4
    dd 0x6CF7, 0xE3F1
    dd 0x6CF8, 0xE3F2
    dd 0x6CF9, 0x9B8D
    dd 0x6CFA, 0xE3F8
    dd 0x6CFB, 0xD0BA
    dd 0x6CFC, 0xC6C3
    dd 0x6CFD, 0xD4F3
    dd 0x6CFE, 0xE3FE
    dd 0x6CFF, 0x9B8E
    dd 0x6D00, 0x9B8F
    dd 0x6D01, 0xBDE0
    dd 0x6D02, 0x9B90
    dd 0x6D03, 0x9B91
    dd 0x6D04, 0xE4A7
    dd 0x6D05, 0x9B92
    dd 0x6D06, 0x9B93
    dd 0x6D07, 0xE4A6
    dd 0x6D08, 0x9B94
    dd 0x6D09, 0x9B95
    dd 0x6D0A, 0x9B96
    dd 0x6D0B, 0xD1F3
    dd 0x6D0C, 0xE4A3
    dd 0x6D0D, 0x9B97
    dd 0x6D0E, 0xE4A9
    dd 0x6D0F, 0x9B98
    dd 0x6D10, 0x9B99
    dd 0x6D11, 0x9B9A
    dd 0x6D12, 0xC8F7
    dd 0x6D13, 0x9B9B
    dd 0x6D14, 0x9B9C
    dd 0x6D15, 0x9B9D
    dd 0x6D16, 0x9B9E
    dd 0x6D17, 0xCFB4
    dd 0x6D18, 0x9B9F
    dd 0x6D19, 0xE4A8
    dd 0x6D1A, 0xE4AE
    dd 0x6D1B, 0xC2E5
    dd 0x6D1C, 0x9BA0
    dd 0x6D1D, 0x9BA1
    dd 0x6D1E, 0xB6B4
    dd 0x6D1F, 0x9BA2
    dd 0x6D20, 0x9BA3
    dd 0x6D21, 0x9BA4
    dd 0x6D22, 0x9BA5
    dd 0x6D23, 0x9BA6
    dd 0x6D24, 0x9BA7
    dd 0x6D25, 0xBDF2
    dd 0x6D26, 0x9BA8
    dd 0x6D27, 0xE4A2
    dd 0x6D28, 0x9BA9
    dd 0x6D29, 0x9BAA
    dd 0x6D2A, 0xBAE9
    dd 0x6D2B, 0xE4AA
    dd 0x6D2C, 0x9BAB
    dd 0x6D2D, 0x9BAC
    dd 0x6D2E, 0xE4AC
    dd 0x6D2F, 0x9BAD
    dd 0x6D30, 0x9BAE
    dd 0x6D31, 0xB6FD
    dd 0x6D32, 0xD6DE
    dd 0x6D33, 0xE4B2
    dd 0x6D34, 0x9BAF
    dd 0x6D35, 0xE4AD
    dd 0x6D36, 0x9BB0
    dd 0x6D37, 0x9BB1
    dd 0x6D38, 0x9BB2
    dd 0x6D39, 0xE4A1
    dd 0x6D3A, 0x9BB3
    dd 0x6D3B, 0xBBEE
    dd 0x6D3C, 0xCDDD
    dd 0x6D3D, 0xC7A2
    dd 0x6D3E, 0xC5C9
    dd 0x6D3F, 0x9BB4
    dd 0x6D40, 0x9BB5
    dd 0x6D41, 0xC1F7
    dd 0x6D42, 0x9BB6
    dd 0x6D43, 0xE4A4
    dd 0x6D44, 0x9BB7
    dd 0x6D45, 0xC7B3
    dd 0x6D46, 0xBDAC
    dd 0x6D47, 0xBDBD
    dd 0x6D48, 0xE4A5
    dd 0x6D49, 0x9BB8
    dd 0x6D4A, 0xD7C7
    dd 0x6D4B, 0xB2E2
    dd 0x6D4C, 0x9BB9
    dd 0x6D4D, 0xE4AB
    dd 0x6D4E, 0xBCC3
    dd 0x6D4F, 0xE4AF
    dd 0x6D50, 0x9BBA
    dd 0x6D51, 0xBBEB
    dd 0x6D52, 0xE4B0
    dd 0x6D53, 0xC5A8
    dd 0x6D54, 0xE4B1
    dd 0x6D55, 0x9BBB
    dd 0x6D56, 0x9BBC
    dd 0x6D57, 0x9BBD
    dd 0x6D58, 0x9BBE
    dd 0x6D59, 0xD5E3
    dd 0x6D5A, 0xBFA3
    dd 0x6D5B, 0x9BBF
    dd 0x6D5C, 0xE4BA
    dd 0x6D5D, 0x9BC0
    dd 0x6D5E, 0xE4B7
    dd 0x6D5F, 0x9BC1
    dd 0x6D60, 0xE4BB
    dd 0x6D61, 0x9BC2
    dd 0x6D62, 0x9BC3
    dd 0x6D63, 0xE4BD
    dd 0x6D64, 0x9BC4
    dd 0x6D65, 0x9BC5
    dd 0x6D66, 0xC6D6
    dd 0x6D67, 0x9BC6
    dd 0x6D68, 0x9BC7
    dd 0x6D69, 0xBAC6
    dd 0x6D6A, 0xC0CB
    dd 0x6D6B, 0x9BC8
    dd 0x6D6C, 0x9BC9
    dd 0x6D6D, 0x9BCA
    dd 0x6D6E, 0xB8A1
    dd 0x6D6F, 0xE4B4
    dd 0x6D70, 0x9BCB
    dd 0x6D71, 0x9BCC
    dd 0x6D72, 0x9BCD
    dd 0x6D73, 0x9BCE
    dd 0x6D74, 0xD4A1
    dd 0x6D75, 0x9BCF
    dd 0x6D76, 0x9BD0
    dd 0x6D77, 0xBAA3
    dd 0x6D78, 0xBDFE
    dd 0x6D79, 0x9BD1
    dd 0x6D7A, 0x9BD2
    dd 0x6D7B, 0x9BD3
    dd 0x6D7C, 0xE4BC
    dd 0x6D7D, 0x9BD4
    dd 0x6D7E, 0x9BD5
    dd 0x6D7F, 0x9BD6
    dd 0x6D80, 0x9BD7
    dd 0x6D81, 0x9BD8
    dd 0x6D82, 0xCDBF
    dd 0x6D83, 0x9BD9
    dd 0x6D84, 0x9BDA
    dd 0x6D85, 0xC4F9
    dd 0x6D86, 0x9BDB
    dd 0x6D87, 0x9BDC
    dd 0x6D88, 0xCFFB
    dd 0x6D89, 0xC9E6
    dd 0x6D8A, 0x9BDD
    dd 0x6D8B, 0x9BDE
    dd 0x6D8C, 0xD3BF
    dd 0x6D8D, 0x9BDF
    dd 0x6D8E, 0xCFD1
    dd 0x6D8F, 0x9BE0
    dd 0x6D90, 0x9BE1
    dd 0x6D91, 0xE4B3
    dd 0x6D92, 0x9BE2
    dd 0x6D93, 0xE4B8
    dd 0x6D94, 0xE4B9
    dd 0x6D95, 0xCCE9
    dd 0x6D96, 0x9BE3
    dd 0x6D97, 0x9BE4
    dd 0x6D98, 0x9BE5
    dd 0x6D99, 0x9BE6
    dd 0x6D9A, 0x9BE7
    dd 0x6D9B, 0xCCCE
    dd 0x6D9C, 0x9BE8
    dd 0x6D9D, 0xC0D4
    dd 0x6D9E, 0xE4B5
    dd 0x6D9F, 0xC1B0
    dd 0x6DA0, 0xE4B6
    dd 0x6DA1, 0xCED0
    dd 0x6DA2, 0x9BE9
    dd 0x6DA3, 0xBBC1
    dd 0x6DA4, 0xB5D3
    dd 0x6DA5, 0x9BEA
    dd 0x6DA6, 0xC8F3
    dd 0x6DA7, 0xBDA7
    dd 0x6DA8, 0xD5C7
    dd 0x6DA9, 0xC9AC
    dd 0x6DAA, 0xB8A2
    dd 0x6DAB, 0xE4CA
    dd 0x6DAC, 0x9BEB
    dd 0x6DAD, 0x9BEC
    dd 0x6DAE, 0xE4CC
    dd 0x6DAF, 0xD1C4
    dd 0x6DB0, 0x9BED
    dd 0x6DB1, 0x9BEE
    dd 0x6DB2, 0xD2BA
    dd 0x6DB3, 0x9BEF
    dd 0x6DB4, 0x9BF0
    dd 0x6DB5, 0xBAAD
    dd 0x6DB6, 0x9BF1
    dd 0x6DB7, 0x9BF2
    dd 0x6DB8, 0xBAD4
    dd 0x6DB9, 0x9BF3
    dd 0x6DBA, 0x9BF4
    dd 0x6DBB, 0x9BF5
    dd 0x6DBC, 0x9BF6
    dd 0x6DBD, 0x9BF7
    dd 0x6DBE, 0x9BF8
    dd 0x6DBF, 0xE4C3
    dd 0x6DC0, 0xB5ED
    dd 0x6DC1, 0x9BF9
    dd 0x6DC2, 0x9BFA
    dd 0x6DC3, 0x9BFB
    dd 0x6DC4, 0xD7CD
    dd 0x6DC5, 0xE4C0
    dd 0x6DC6, 0xCFFD
    dd 0x6DC7, 0xE4BF
    dd 0x6DC8, 0x9BFC
    dd 0x6DC9, 0x9BFD
    dd 0x6DCA, 0x9BFE
    dd 0x6DCB, 0xC1DC
    dd 0x6DCC, 0xCCCA
    dd 0x6DCD, 0x9C40
    dd 0x6DCE, 0x9C41
    dd 0x6DCF, 0x9C42
    dd 0x6DD0, 0x9C43
    dd 0x6DD1, 0xCAE7
    dd 0x6DD2, 0x9C44
    dd 0x6DD3, 0x9C45
    dd 0x6DD4, 0x9C46
    dd 0x6DD5, 0x9C47
    dd 0x6DD6, 0xC4D7
    dd 0x6DD7, 0x9C48
    dd 0x6DD8, 0xCCD4
    dd 0x6DD9, 0xE4C8
    dd 0x6DDA, 0x9C49
    dd 0x6DDB, 0x9C4A
    dd 0x6DDC, 0x9C4B
    dd 0x6DDD, 0xE4C7
    dd 0x6DDE, 0xE4C1
    dd 0x6DDF, 0x9C4C
    dd 0x6DE0, 0xE4C4
    dd 0x6DE1, 0xB5AD
    dd 0x6DE2, 0x9C4D
    dd 0x6DE3, 0x9C4E
    dd 0x6DE4, 0xD3D9
    dd 0x6DE5, 0x9C4F
    dd 0x6DE6, 0xE4C6
    dd 0x6DE7, 0x9C50
    dd 0x6DE8, 0x9C51
    dd 0x6DE9, 0x9C52
    dd 0x6DEA, 0x9C53
    dd 0x6DEB, 0xD2F9
    dd 0x6DEC, 0xB4E3
    dd 0x6DED, 0x9C54
    dd 0x6DEE, 0xBBB4
    dd 0x6DEF, 0x9C55
    dd 0x6DF0, 0x9C56
    dd 0x6DF1, 0xC9EE
    dd 0x6DF2, 0x9C57
    dd 0x6DF3, 0xB4BE
    dd 0x6DF4, 0x9C58
    dd 0x6DF5, 0x9C59
    dd 0x6DF6, 0x9C5A
    dd 0x6DF7, 0xBBEC
    dd 0x6DF8, 0x9C5B
    dd 0x6DF9, 0xD1CD
    dd 0x6DFA, 0x9C5C
    dd 0x6DFB, 0xCCED
    dd 0x6DFC, 0xEDB5
    dd 0x6DFD, 0x9C5D
    dd 0x6DFE, 0x9C5E
    dd 0x6DFF, 0x9C5F
    dd 0x6E00, 0x9C60
    dd 0x6E01, 0x9C61
    dd 0x6E02, 0x9C62
    dd 0x6E03, 0x9C63
    dd 0x6E04, 0x9C64
    dd 0x6E05, 0xC7E5
    dd 0x6E06, 0x9C65
    dd 0x6E07, 0x9C66
    dd 0x6E08, 0x9C67
    dd 0x6E09, 0x9C68
    dd 0x6E0A, 0xD4A8
    dd 0x6E0B, 0x9C69
    dd 0x6E0C, 0xE4CB
    dd 0x6E0D, 0xD7D5
    dd 0x6E0E, 0xE4C2
    dd 0x6E0F, 0x9C6A
    dd 0x6E10, 0xBDA5
    dd 0x6E11, 0xE4C5
    dd 0x6E12, 0x9C6B
    dd 0x6E13, 0x9C6C
    dd 0x6E14, 0xD3E6
    dd 0x6E15, 0x9C6D
    dd 0x6E16, 0xE4C9
    dd 0x6E17, 0xC9F8
    dd 0x6E18, 0x9C6E
    dd 0x6E19, 0x9C6F
    dd 0x6E1A, 0xE4BE
    dd 0x6E1B, 0x9C70
    dd 0x6E1C, 0x9C71
    dd 0x6E1D, 0xD3E5
    dd 0x6E1E, 0x9C72
    dd 0x6E1F, 0x9C73
    dd 0x6E20, 0xC7FE
    dd 0x6E21, 0xB6C9
    dd 0x6E22, 0x9C74
    dd 0x6E23, 0xD4FC
    dd 0x6E24, 0xB2B3
    dd 0x6E25, 0xE4D7
    dd 0x6E26, 0x9C75
    dd 0x6E27, 0x9C76
    dd 0x6E28, 0x9C77
    dd 0x6E29, 0xCEC2
    dd 0x6E2A, 0x9C78
    dd 0x6E2B, 0xE4CD
    dd 0x6E2C, 0x9C79
    dd 0x6E2D, 0xCEBC
    dd 0x6E2E, 0x9C7A
    dd 0x6E2F, 0xB8DB
    dd 0x6E30, 0x9C7B
    dd 0x6E31, 0x9C7C
    dd 0x6E32, 0xE4D6
    dd 0x6E33, 0x9C7D
    dd 0x6E34, 0xBFCA
    dd 0x6E35, 0x9C7E
    dd 0x6E36, 0x9C80
    dd 0x6E37, 0x9C81
    dd 0x6E38, 0xD3CE
    dd 0x6E39, 0x9C82
    dd 0x6E3A, 0xC3EC
    dd 0x6E3B, 0x9C83
    dd 0x6E3C, 0x9C84
    dd 0x6E3D, 0x9C85
    dd 0x6E3E, 0x9C86
    dd 0x6E3F, 0x9C87
    dd 0x6E40, 0x9C88
    dd 0x6E41, 0x9C89
    dd 0x6E42, 0x9C8A
    dd 0x6E43, 0xC5C8
    dd 0x6E44, 0xE4D8
    dd 0x6E45, 0x9C8B
    dd 0x6E46, 0x9C8C
    dd 0x6E47, 0x9C8D
    dd 0x6E48, 0x9C8E
    dd 0x6E49, 0x9C8F
    dd 0x6E4A, 0x9C90
    dd 0x6E4B, 0x9C91
    dd 0x6E4C, 0x9C92
    dd 0x6E4D, 0xCDC4
    dd 0x6E4E, 0xE4CF
    dd 0x6E4F, 0x9C93
    dd 0x6E50, 0x9C94
    dd 0x6E51, 0x9C95
    dd 0x6E52, 0x9C96
    dd 0x6E53, 0xE4D4
    dd 0x6E54, 0xE4D5
    dd 0x6E55, 0x9C97
    dd 0x6E56, 0xBAFE
    dd 0x6E57, 0x9C98
    dd 0x6E58, 0xCFE6
    dd 0x6E59, 0x9C99
    dd 0x6E5A, 0x9C9A
    dd 0x6E5B, 0xD5BF
    dd 0x6E5C, 0x9C9B
    dd 0x6E5D, 0x9C9C
    dd 0x6E5E, 0x9C9D
    dd 0x6E5F, 0xE4D2
    dd 0x6E60, 0x9C9E
    dd 0x6E61, 0x9C9F
    dd 0x6E62, 0x9CA0
    dd 0x6E63, 0x9CA1
    dd 0x6E64, 0x9CA2
    dd 0x6E65, 0x9CA3
    dd 0x6E66, 0x9CA4
    dd 0x6E67, 0x9CA5
    dd 0x6E68, 0x9CA6
    dd 0x6E69, 0x9CA7
    dd 0x6E6A, 0x9CA8
    dd 0x6E6B, 0xE4D0
    dd 0x6E6C, 0x9CA9
    dd 0x6E6D, 0x9CAA
    dd 0x6E6E, 0xE4CE
    dd 0x6E6F, 0x9CAB
    dd 0x6E70, 0x9CAC
    dd 0x6E71, 0x9CAD
    dd 0x6E72, 0x9CAE
    dd 0x6E73, 0x9CAF
    dd 0x6E74, 0x9CB0
    dd 0x6E75, 0x9CB1
    dd 0x6E76, 0x9CB2
    dd 0x6E77, 0x9CB3
    dd 0x6E78, 0x9CB4
    dd 0x6E79, 0x9CB5
    dd 0x6E7A, 0x9CB6
    dd 0x6E7B, 0x9CB7
    dd 0x6E7C, 0x9CB8
    dd 0x6E7D, 0x9CB9
    dd 0x6E7E, 0xCDE5
    dd 0x6E7F, 0xCAAA
    dd 0x6E80, 0x9CBA
    dd 0x6E81, 0x9CBB
    dd 0x6E82, 0x9CBC
    dd 0x6E83, 0xC0A3
    dd 0x6E84, 0x9CBD
    dd 0x6E85, 0xBDA6
    dd 0x6E86, 0xE4D3
    dd 0x6E87, 0x9CBE
    dd 0x6E88, 0x9CBF
    dd 0x6E89, 0xB8C8
    dd 0x6E8A, 0x9CC0
    dd 0x6E8B, 0x9CC1
    dd 0x6E8C, 0x9CC2
    dd 0x6E8D, 0x9CC3
    dd 0x6E8E, 0x9CC4
    dd 0x6E8F, 0xE4E7
    dd 0x6E90, 0xD4B4
    dd 0x6E91, 0x9CC5
    dd 0x6E92, 0x9CC6
    dd 0x6E93, 0x9CC7
    dd 0x6E94, 0x9CC8
    dd 0x6E95, 0x9CC9
    dd 0x6E96, 0x9CCA
    dd 0x6E97, 0x9CCB
    dd 0x6E98, 0xE4DB
    dd 0x6E99, 0x9CCC
    dd 0x6E9A, 0x9CCD
    dd 0x6E9B, 0x9CCE
    dd 0x6E9C, 0xC1EF
    dd 0x6E9D, 0x9CCF
    dd 0x6E9E, 0x9CD0
    dd 0x6E9F, 0xE4E9
    dd 0x6EA0, 0x9CD1
    dd 0x6EA1, 0x9CD2
    dd 0x6EA2, 0xD2E7
    dd 0x6EA3, 0x9CD3
    dd 0x6EA4, 0x9CD4
    dd 0x6EA5, 0xE4DF
    dd 0x6EA6, 0x9CD5
    dd 0x6EA7, 0xE4E0
    dd 0x6EA8, 0x9CD6
    dd 0x6EA9, 0x9CD7
    dd 0x6EAA, 0xCFAA
    dd 0x6EAB, 0x9CD8
    dd 0x6EAC, 0x9CD9
    dd 0x6EAD, 0x9CDA
    dd 0x6EAE, 0x9CDB
    dd 0x6EAF, 0xCBDD
    dd 0x6EB0, 0x9CDC
    dd 0x6EB1, 0xE4DA
    dd 0x6EB2, 0xE4D1
    dd 0x6EB3, 0x9CDD
    dd 0x6EB4, 0xE4E5
    dd 0x6EB5, 0x9CDE
    dd 0x6EB6, 0xC8DC
    dd 0x6EB7, 0xE4E3
    dd 0x6EB8, 0x9CDF
    dd 0x6EB9, 0x9CE0
    dd 0x6EBA, 0xC4E7
    dd 0x6EBB, 0xE4E2
    dd 0x6EBC, 0x9CE1
    dd 0x6EBD, 0xE4E1
    dd 0x6EBE, 0x9CE2
    dd 0x6EBF, 0x9CE3
    dd 0x6EC0, 0x9CE4
    dd 0x6EC1, 0xB3FC
    dd 0x6EC2, 0xE4E8
    dd 0x6EC3, 0x9CE5
    dd 0x6EC4, 0x9CE6
    dd 0x6EC5, 0x9CE7
    dd 0x6EC6, 0x9CE8
    dd 0x6EC7, 0xB5E1
    dd 0x6EC8, 0x9CE9
    dd 0x6EC9, 0x9CEA
    dd 0x6ECA, 0x9CEB
    dd 0x6ECB, 0xD7CC
    dd 0x6ECC, 0x9CEC
    dd 0x6ECD, 0x9CED
    dd 0x6ECE, 0x9CEE
    dd 0x6ECF, 0xE4E6
    dd 0x6ED0, 0x9CEF
    dd 0x6ED1, 0xBBAC
    dd 0x6ED2, 0x9CF0
    dd 0x6ED3, 0xD7D2
    dd 0x6ED4, 0xCCCF
    dd 0x6ED5, 0xEBF8
    dd 0x6ED6, 0x9CF1
    dd 0x6ED7, 0xE4E4
    dd 0x6ED8, 0x9CF2
    dd 0x6ED9, 0x9CF3
    dd 0x6EDA, 0xB9F6
    dd 0x6EDB, 0x9CF4
    dd 0x6EDC, 0x9CF5
    dd 0x6EDD, 0x9CF6
    dd 0x6EDE, 0xD6CD
    dd 0x6EDF, 0xE4D9
    dd 0x6EE0, 0xE4DC
    dd 0x6EE1, 0xC2FA
    dd 0x6EE2, 0xE4DE
    dd 0x6EE3, 0x9CF7
    dd 0x6EE4, 0xC2CB
    dd 0x6EE5, 0xC0C4
    dd 0x6EE6, 0xC2D0
    dd 0x6EE7, 0x9CF8
    dd 0x6EE8, 0xB1F5
    dd 0x6EE9, 0xCCB2
    dd 0x6EEA, 0x9CF9
    dd 0x6EEB, 0x9CFA
    dd 0x6EEC, 0x9CFB
    dd 0x6EED, 0x9CFC
    dd 0x6EEE, 0x9CFD
    dd 0x6EEF, 0x9CFE
    dd 0x6EF0, 0x9D40
    dd 0x6EF1, 0x9D41
    dd 0x6EF2, 0x9D42
    dd 0x6EF3, 0x9D43
    dd 0x6EF4, 0xB5CE
    dd 0x6EF5, 0x9D44
    dd 0x6EF6, 0x9D45
    dd 0x6EF7, 0x9D46
    dd 0x6EF8, 0x9D47
    dd 0x6EF9, 0xE4EF
    dd 0x6EFA, 0x9D48
    dd 0x6EFB, 0x9D49
    dd 0x6EFC, 0x9D4A
    dd 0x6EFD, 0x9D4B
    dd 0x6EFE, 0x9D4C
    dd 0x6EFF, 0x9D4D
    dd 0x6F00, 0x9D4E
    dd 0x6F01, 0x9D4F
    dd 0x6F02, 0xC6AF
    dd 0x6F03, 0x9D50
    dd 0x6F04, 0x9D51
    dd 0x6F05, 0x9D52
    dd 0x6F06, 0xC6E1
    dd 0x6F07, 0x9D53
    dd 0x6F08, 0x9D54
    dd 0x6F09, 0xE4F5
    dd 0x6F0A, 0x9D55
    dd 0x6F0B, 0x9D56
    dd 0x6F0C, 0x9D57
    dd 0x6F0D, 0x9D58
    dd 0x6F0E, 0x9D59
    dd 0x6F0F, 0xC2A9
    dd 0x6F10, 0x9D5A
    dd 0x6F11, 0x9D5B
    dd 0x6F12, 0x9D5C
    dd 0x6F13, 0xC0EC
    dd 0x6F14, 0xD1DD
    dd 0x6F15, 0xE4EE
    dd 0x6F16, 0x9D5D
    dd 0x6F17, 0x9D5E
    dd 0x6F18, 0x9D5F
    dd 0x6F19, 0x9D60
    dd 0x6F1A, 0x9D61
    dd 0x6F1B, 0x9D62
    dd 0x6F1C, 0x9D63
    dd 0x6F1D, 0x9D64
    dd 0x6F1E, 0x9D65
    dd 0x6F1F, 0x9D66
    dd 0x6F20, 0xC4AE
    dd 0x6F21, 0x9D67
    dd 0x6F22, 0x9D68
    dd 0x6F23, 0x9D69
    dd 0x6F24, 0xE4ED
    dd 0x6F25, 0x9D6A
    dd 0x6F26, 0x9D6B
    dd 0x6F27, 0x9D6C
    dd 0x6F28, 0x9D6D
    dd 0x6F29, 0xE4F6
    dd 0x6F2A, 0xE4F4
    dd 0x6F2B, 0xC2FE
    dd 0x6F2C, 0x9D6E
    dd 0x6F2D, 0xE4DD
    dd 0x6F2E, 0x9D6F
    dd 0x6F2F, 0xE4F0
    dd 0x6F30, 0x9D70
    dd 0x6F31, 0xCAFE
    dd 0x6F32, 0x9D71
    dd 0x6F33, 0xD5C4
    dd 0x6F34, 0x9D72
    dd 0x6F35, 0x9D73
    dd 0x6F36, 0xE4F1
    dd 0x6F37, 0x9D74
    dd 0x6F38, 0x9D75
    dd 0x6F39, 0x9D76
    dd 0x6F3A, 0x9D77
    dd 0x6F3B, 0x9D78
    dd 0x6F3C, 0x9D79
    dd 0x6F3D, 0x9D7A
    dd 0x6F3E, 0xD1FA
    dd 0x6F3F, 0x9D7B
    dd 0x6F40, 0x9D7C
    dd 0x6F41, 0x9D7D
    dd 0x6F42, 0x9D7E
    dd 0x6F43, 0x9D80
    dd 0x6F44, 0x9D81
    dd 0x6F45, 0x9D82
    dd 0x6F46, 0xE4EB
    dd 0x6F47, 0xE4EC
    dd 0x6F48, 0x9D83
    dd 0x6F49, 0x9D84
    dd 0x6F4A, 0x9D85
    dd 0x6F4B, 0xE4F2
    dd 0x6F4C, 0x9D86
    dd 0x6F4D, 0xCEAB
    dd 0x6F4E, 0x9D87
    dd 0x6F4F, 0x9D88
    dd 0x6F50, 0x9D89
    dd 0x6F51, 0x9D8A
    dd 0x6F52, 0x9D8B
    dd 0x6F53, 0x9D8C
    dd 0x6F54, 0x9D8D
    dd 0x6F55, 0x9D8E
    dd 0x6F56, 0x9D8F
    dd 0x6F57, 0x9D90
    dd 0x6F58, 0xC5CB
    dd 0x6F59, 0x9D91
    dd 0x6F5A, 0x9D92
    dd 0x6F5B, 0x9D93
    dd 0x6F5C, 0xC7B1
    dd 0x6F5D, 0x9D94
    dd 0x6F5E, 0xC2BA
    dd 0x6F5F, 0x9D95
    dd 0x6F60, 0x9D96
    dd 0x6F61, 0x9D97
    dd 0x6F62, 0xE4EA
    dd 0x6F63, 0x9D98
    dd 0x6F64, 0x9D99
    dd 0x6F65, 0x9D9A
    dd 0x6F66, 0xC1CA
    dd 0x6F67, 0x9D9B
    dd 0x6F68, 0x9D9C
    dd 0x6F69, 0x9D9D
    dd 0x6F6A, 0x9D9E
    dd 0x6F6B, 0x9D9F
    dd 0x6F6C, 0x9DA0
    dd 0x6F6D, 0xCCB6
    dd 0x6F6E, 0xB3B1
    dd 0x6F6F, 0x9DA1
    dd 0x6F70, 0x9DA2
    dd 0x6F71, 0x9DA3
    dd 0x6F72, 0xE4FB
    dd 0x6F73, 0x9DA4
    dd 0x6F74, 0xE4F3
    dd 0x6F75, 0x9DA5
    dd 0x6F76, 0x9DA6
    dd 0x6F77, 0x9DA7
    dd 0x6F78, 0xE4FA
    dd 0x6F79, 0x9DA8
    dd 0x6F7A, 0xE4FD
    dd 0x6F7B, 0x9DA9
    dd 0x6F7C, 0xE4FC
    dd 0x6F7D, 0x9DAA
    dd 0x6F7E, 0x9DAB
    dd 0x6F7F, 0x9DAC
    dd 0x6F80, 0x9DAD
    dd 0x6F81, 0x9DAE
    dd 0x6F82, 0x9DAF
    dd 0x6F83, 0x9DB0
    dd 0x6F84, 0xB3CE
    dd 0x6F85, 0x9DB1
    dd 0x6F86, 0x9DB2
    dd 0x6F87, 0x9DB3
    dd 0x6F88, 0xB3BA
    dd 0x6F89, 0xE4F7
    dd 0x6F8A, 0x9DB4
    dd 0x6F8B, 0x9DB5
    dd 0x6F8C, 0xE4F9
    dd 0x6F8D, 0xE4F8
    dd 0x6F8E, 0xC5EC
    dd 0x6F8F, 0x9DB6
    dd 0x6F90, 0x9DB7
    dd 0x6F91, 0x9DB8
    dd 0x6F92, 0x9DB9
    dd 0x6F93, 0x9DBA
    dd 0x6F94, 0x9DBB
    dd 0x6F95, 0x9DBC
    dd 0x6F96, 0x9DBD
    dd 0x6F97, 0x9DBE
    dd 0x6F98, 0x9DBF
    dd 0x6F99, 0x9DC0
    dd 0x6F9A, 0x9DC1
    dd 0x6F9B, 0x9DC2
    dd 0x6F9C, 0xC0BD
    dd 0x6F9D, 0x9DC3
    dd 0x6F9E, 0x9DC4
    dd 0x6F9F, 0x9DC5
    dd 0x6FA0, 0x9DC6
    dd 0x6FA1, 0xD4E8
    dd 0x6FA2, 0x9DC7
    dd 0x6FA3, 0x9DC8
    dd 0x6FA4, 0x9DC9
    dd 0x6FA5, 0x9DCA
    dd 0x6FA6, 0x9DCB
    dd 0x6FA7, 0xE5A2
    dd 0x6FA8, 0x9DCC
    dd 0x6FA9, 0x9DCD
    dd 0x6FAA, 0x9DCE
    dd 0x6FAB, 0x9DCF
    dd 0x6FAC, 0x9DD0
    dd 0x6FAD, 0x9DD1
    dd 0x6FAE, 0x9DD2
    dd 0x6FAF, 0x9DD3
    dd 0x6FB0, 0x9DD4
    dd 0x6FB1, 0x9DD5
    dd 0x6FB2, 0x9DD6
    dd 0x6FB3, 0xB0C4
    dd 0x6FB4, 0x9DD7
    dd 0x6FB5, 0x9DD8
    dd 0x6FB6, 0xE5A4
    dd 0x6FB7, 0x9DD9
    dd 0x6FB8, 0x9DDA
    dd 0x6FB9, 0xE5A3
    dd 0x6FBA, 0x9DDB
    dd 0x6FBB, 0x9DDC
    dd 0x6FBC, 0x9DDD
    dd 0x6FBD, 0x9DDE
    dd 0x6FBE, 0x9DDF
    dd 0x6FBF, 0x9DE0
    dd 0x6FC0, 0xBCA4
    dd 0x6FC1, 0x9DE1
    dd 0x6FC2, 0xE5A5
    dd 0x6FC3, 0x9DE2
    dd 0x6FC4, 0x9DE3
    dd 0x6FC5, 0x9DE4
    dd 0x6FC6, 0x9DE5
    dd 0x6FC7, 0x9DE6
    dd 0x6FC8, 0x9DE7
    dd 0x6FC9, 0xE5A1
    dd 0x6FCA, 0x9DE8
    dd 0x6FCB, 0x9DE9
    dd 0x6FCC, 0x9DEA
    dd 0x6FCD, 0x9DEB
    dd 0x6FCE, 0x9DEC
    dd 0x6FCF, 0x9DED
    dd 0x6FD0, 0x9DEE
    dd 0x6FD1, 0xE4FE
    dd 0x6FD2, 0xB1F4
    dd 0x6FD3, 0x9DEF
    dd 0x6FD4, 0x9DF0
    dd 0x6FD5, 0x9DF1
    dd 0x6FD6, 0x9DF2
    dd 0x6FD7, 0x9DF3
    dd 0x6FD8, 0x9DF4
    dd 0x6FD9, 0x9DF5
    dd 0x6FDA, 0x9DF6
    dd 0x6FDB, 0x9DF7
    dd 0x6FDC, 0x9DF8
    dd 0x6FDD, 0x9DF9
    dd 0x6FDE, 0xE5A8
    dd 0x6FDF, 0x9DFA
    dd 0x6FE0, 0xE5A9
    dd 0x6FE1, 0xE5A6
    dd 0x6FE2, 0x9DFB
    dd 0x6FE3, 0x9DFC
    dd 0x6FE4, 0x9DFD
    dd 0x6FE5, 0x9DFE
    dd 0x6FE6, 0x9E40
    dd 0x6FE7, 0x9E41
    dd 0x6FE8, 0x9E42
    dd 0x6FE9, 0x9E43
    dd 0x6FEA, 0x9E44
    dd 0x6FEB, 0x9E45
    dd 0x6FEC, 0x9E46
    dd 0x6FED, 0x9E47
    dd 0x6FEE, 0xE5A7
    dd 0x6FEF, 0xE5AA
    dd 0x6FF0, 0x9E48
    dd 0x6FF1, 0x9E49
    dd 0x6FF2, 0x9E4A
    dd 0x6FF3, 0x9E4B
    dd 0x6FF4, 0x9E4C
    dd 0x6FF5, 0x9E4D
    dd 0x6FF6, 0x9E4E
    dd 0x6FF7, 0x9E4F
    dd 0x6FF8, 0x9E50
    dd 0x6FF9, 0x9E51
    dd 0x6FFA, 0x9E52
    dd 0x6FFB, 0x9E53
    dd 0x6FFC, 0x9E54
    dd 0x6FFD, 0x9E55
    dd 0x6FFE, 0x9E56
    dd 0x6FFF, 0x9E57
    dd 0x7000, 0x9E58
    dd 0x7001, 0x9E59
    dd 0x7002, 0x9E5A
    dd 0x7003, 0x9E5B
    dd 0x7004, 0x9E5C
    dd 0x7005, 0x9E5D
    dd 0x7006, 0x9E5E
    dd 0x7007, 0x9E5F
    dd 0x7008, 0x9E60
    dd 0x7009, 0x9E61
    dd 0x700A, 0x9E62
    dd 0x700B, 0x9E63
    dd 0x700C, 0x9E64
    dd 0x700D, 0x9E65
    dd 0x700E, 0x9E66
    dd 0x700F, 0x9E67
    dd 0x7010, 0x9E68
    dd 0x7011, 0xC6D9
    dd 0x7012, 0x9E69
    dd 0x7013, 0x9E6A
    dd 0x7014, 0x9E6B
    dd 0x7015, 0x9E6C
    dd 0x7016, 0x9E6D
    dd 0x7017, 0x9E6E
    dd 0x7018, 0x9E6F
    dd 0x7019, 0x9E70
    dd 0x701A, 0xE5AB
    dd 0x701B, 0xE5AD
    dd 0x701C, 0x9E71
    dd 0x701D, 0x9E72
    dd 0x701E, 0x9E73
    dd 0x701F, 0x9E74
    dd 0x7020, 0x9E75
    dd 0x7021, 0x9E76
    dd 0x7022, 0x9E77
    dd 0x7023, 0xE5AC
    dd 0x7024, 0x9E78
    dd 0x7025, 0x9E79
    dd 0x7026, 0x9E7A
    dd 0x7027, 0x9E7B
    dd 0x7028, 0x9E7C
    dd 0x7029, 0x9E7D
    dd 0x702A, 0x9E7E
    dd 0x702B, 0x9E80
    dd 0x702C, 0x9E81
    dd 0x702D, 0x9E82
    dd 0x702E, 0x9E83
    dd 0x702F, 0x9E84
    dd 0x7030, 0x9E85
    dd 0x7031, 0x9E86
    dd 0x7032, 0x9E87
    dd 0x7033, 0x9E88
    dd 0x7034, 0x9E89
    dd 0x7035, 0xE5AF
    dd 0x7036, 0x9E8A
    dd 0x7037, 0x9E8B
    dd 0x7038, 0x9E8C
    dd 0x7039, 0xE5AE
    dd 0x703A, 0x9E8D
    dd 0x703B, 0x9E8E
    dd 0x703C, 0x9E8F
    dd 0x703D, 0x9E90
    dd 0x703E, 0x9E91
    dd 0x703F, 0x9E92
    dd 0x7040, 0x9E93
    dd 0x7041, 0x9E94
    dd 0x7042, 0x9E95
    dd 0x7043, 0x9E96
    dd 0x7044, 0x9E97
    dd 0x7045, 0x9E98
    dd 0x7046, 0x9E99
    dd 0x7047, 0x9E9A
    dd 0x7048, 0x9E9B
    dd 0x7049, 0x9E9C
    dd 0x704A, 0x9E9D
    dd 0x704B, 0x9E9E
    dd 0x704C, 0xB9E0
    dd 0x704D, 0x9E9F
    dd 0x704E, 0x9EA0
    dd 0x704F, 0xE5B0
    dd 0x7050, 0x9EA1
    dd 0x7051, 0x9EA2
    dd 0x7052, 0x9EA3
    dd 0x7053, 0x9EA4
    dd 0x7054, 0x9EA5
    dd 0x7055, 0x9EA6
    dd 0x7056, 0x9EA7
    dd 0x7057, 0x9EA8
    dd 0x7058, 0x9EA9
    dd 0x7059, 0x9EAA
    dd 0x705A, 0x9EAB
    dd 0x705B, 0x9EAC
    dd 0x705C, 0x9EAD
    dd 0x705D, 0x9EAE
    dd 0x705E, 0xE5B1
    dd 0x705F, 0x9EAF
    dd 0x7060, 0x9EB0
    dd 0x7061, 0x9EB1
    dd 0x7062, 0x9EB2
    dd 0x7063, 0x9EB3
    dd 0x7064, 0x9EB4
    dd 0x7065, 0x9EB5
    dd 0x7066, 0x9EB6
    dd 0x7067, 0x9EB7
    dd 0x7068, 0x9EB8
    dd 0x7069, 0x9EB9
    dd 0x706A, 0x9EBA
    dd 0x706B, 0xBBF0
    dd 0x706C, 0xECE1
    dd 0x706D, 0xC3F0
    dd 0x706E, 0x9EBB
    dd 0x706F, 0xB5C6
    dd 0x7070, 0xBBD2
    dd 0x7071, 0x9EBC
    dd 0x7072, 0x9EBD
    dd 0x7073, 0x9EBE
    dd 0x7074, 0x9EBF
    dd 0x7075, 0xC1E9
    dd 0x7076, 0xD4EE
    dd 0x7077, 0x9EC0
    dd 0x7078, 0xBEC4
    dd 0x7079, 0x9EC1
    dd 0x707A, 0x9EC2
    dd 0x707B, 0x9EC3
    dd 0x707C, 0xD7C6
    dd 0x707D, 0x9EC4
    dd 0x707E, 0xD4D6
    dd 0x707F, 0xB2D3
    dd 0x7080, 0xECBE
    dd 0x7081, 0x9EC5
    dd 0x7082, 0x9EC6
    dd 0x7083, 0x9EC7
    dd 0x7084, 0x9EC8
    dd 0x7085, 0xEAC1
    dd 0x7086, 0x9EC9
    dd 0x7087, 0x9ECA
    dd 0x7088, 0x9ECB
    dd 0x7089, 0xC2AF
    dd 0x708A, 0xB4B6
    dd 0x708B, 0x9ECC
    dd 0x708C, 0x9ECD
    dd 0x708D, 0x9ECE
    dd 0x708E, 0xD1D7
    dd 0x708F, 0x9ECF
    dd 0x7090, 0x9ED0
    dd 0x7091, 0x9ED1
    dd 0x7092, 0xB3B4
    dd 0x7093, 0x9ED2
    dd 0x7094, 0xC8B2
    dd 0x7095, 0xBFBB
    dd 0x7096, 0xECC0
    dd 0x7097, 0x9ED3
    dd 0x7098, 0x9ED4
    dd 0x7099, 0xD6CB
    dd 0x709A, 0x9ED5
    dd 0x709B, 0x9ED6
    dd 0x709C, 0xECBF
    dd 0x709D, 0xECC1
    dd 0x709E, 0x9ED7
    dd 0x709F, 0x9ED8
    dd 0x70A0, 0x9ED9
    dd 0x70A1, 0x9EDA
    dd 0x70A2, 0x9EDB
    dd 0x70A3, 0x9EDC
    dd 0x70A4, 0x9EDD
    dd 0x70A5, 0x9EDE
    dd 0x70A6, 0x9EDF
    dd 0x70A7, 0x9EE0
    dd 0x70A8, 0x9EE1
    dd 0x70A9, 0x9EE2
    dd 0x70AA, 0x9EE3
    dd 0x70AB, 0xECC5
    dd 0x70AC, 0xBEE6
    dd 0x70AD, 0xCCBF
    dd 0x70AE, 0xC5DA
    dd 0x70AF, 0xBEBC
    dd 0x70B0, 0x9EE4
    dd 0x70B1, 0xECC6
    dd 0x70B2, 0x9EE5
    dd 0x70B3, 0xB1FE
    dd 0x70B4, 0x9EE6
    dd 0x70B5, 0x9EE7
    dd 0x70B6, 0x9EE8
    dd 0x70B7, 0xECC4
    dd 0x70B8, 0xD5A8
    dd 0x70B9, 0xB5E3
    dd 0x70BA, 0x9EE9
    dd 0x70BB, 0xECC2
    dd 0x70BC, 0xC1B6
    dd 0x70BD, 0xB3E3
    dd 0x70BE, 0x9EEA
    dd 0x70BF, 0x9EEB
    dd 0x70C0, 0xECC3
    dd 0x70C1, 0xCBB8
    dd 0x70C2, 0xC0C3
    dd 0x70C3, 0xCCFE
    dd 0x70C4, 0x9EEC
    dd 0x70C5, 0x9EED
    dd 0x70C6, 0x9EEE
    dd 0x70C7, 0x9EEF
    dd 0x70C8, 0xC1D2
    dd 0x70C9, 0x9EF0
    dd 0x70CA, 0xECC8
    dd 0x70CB, 0x9EF1
    dd 0x70CC, 0x9EF2
    dd 0x70CD, 0x9EF3
    dd 0x70CE, 0x9EF4
    dd 0x70CF, 0x9EF5
    dd 0x70D0, 0x9EF6
    dd 0x70D1, 0x9EF7
    dd 0x70D2, 0x9EF8
    dd 0x70D3, 0x9EF9
    dd 0x70D4, 0x9EFA
    dd 0x70D5, 0x9EFB
    dd 0x70D6, 0x9EFC
    dd 0x70D7, 0x9EFD
    dd 0x70D8, 0xBAE6
    dd 0x70D9, 0xC0D3
    dd 0x70DA, 0x9EFE
    dd 0x70DB, 0xD6F2
    dd 0x70DC, 0x9F40
    dd 0x70DD, 0x9F41
    dd 0x70DE, 0x9F42
    dd 0x70DF, 0xD1CC
    dd 0x70E0, 0x9F43
    dd 0x70E1, 0x9F44
    dd 0x70E2, 0x9F45
    dd 0x70E3, 0x9F46
    dd 0x70E4, 0xBFBE
    dd 0x70E5, 0x9F47
    dd 0x70E6, 0xB7B3
    dd 0x70E7, 0xC9D5
    dd 0x70E8, 0xECC7
    dd 0x70E9, 0xBBE2
    dd 0x70EA, 0x9F48
    dd 0x70EB, 0xCCCC
    dd 0x70EC, 0xBDFD
    dd 0x70ED, 0xC8C8
    dd 0x70EE, 0x9F49
    dd 0x70EF, 0xCFA9
    dd 0x70F0, 0x9F4A
    dd 0x70F1, 0x9F4B
    dd 0x70F2, 0x9F4C
    dd 0x70F3, 0x9F4D
    dd 0x70F4, 0x9F4E
    dd 0x70F5, 0x9F4F
    dd 0x70F6, 0x9F50
    dd 0x70F7, 0xCDE9
    dd 0x70F8, 0x9F51
    dd 0x70F9, 0xC5EB
    dd 0x70FA, 0x9F52
    dd 0x70FB, 0x9F53
    dd 0x70FC, 0x9F54
    dd 0x70FD, 0xB7E9
    dd 0x70FE, 0x9F55
    dd 0x70FF, 0x9F56
    dd 0x7100, 0x9F57
    dd 0x7101, 0x9F58
    dd 0x7102, 0x9F59
    dd 0x7103, 0x9F5A
    dd 0x7104, 0x9F5B
    dd 0x7105, 0x9F5C
    dd 0x7106, 0x9F5D
    dd 0x7107, 0x9F5E
    dd 0x7108, 0x9F5F
    dd 0x7109, 0xD1C9
    dd 0x710A, 0xBAB8
    dd 0x710B, 0x9F60
    dd 0x710C, 0x9F61
    dd 0x710D, 0x9F62
    dd 0x710E, 0x9F63
    dd 0x710F, 0x9F64
    dd 0x7110, 0xECC9
    dd 0x7111, 0x9F65
    dd 0x7112, 0x9F66
    dd 0x7113, 0xECCA
    dd 0x7114, 0x9F67
    dd 0x7115, 0xBBC0
    dd 0x7116, 0xECCB
    dd 0x7117, 0x9F68
    dd 0x7118, 0xECE2
    dd 0x7119, 0xB1BA
    dd 0x711A, 0xB7D9
    dd 0x711B, 0x9F69
    dd 0x711C, 0x9F6A
    dd 0x711D, 0x9F6B
    dd 0x711E, 0x9F6C
    dd 0x711F, 0x9F6D
    dd 0x7120, 0x9F6E
    dd 0x7121, 0x9F6F
    dd 0x7122, 0x9F70
    dd 0x7123, 0x9F71
    dd 0x7124, 0x9F72
    dd 0x7125, 0x9F73
    dd 0x7126, 0xBDB9
    dd 0x7127, 0x9F74
    dd 0x7128, 0x9F75
    dd 0x7129, 0x9F76
    dd 0x712A, 0x9F77
    dd 0x712B, 0x9F78
    dd 0x712C, 0x9F79
    dd 0x712D, 0x9F7A
    dd 0x712E, 0x9F7B
    dd 0x712F, 0xECCC
    dd 0x7130, 0xD1E6
    dd 0x7131, 0xECCD
    dd 0x7132, 0x9F7C
    dd 0x7133, 0x9F7D
    dd 0x7134, 0x9F7E
    dd 0x7135, 0x9F80
    dd 0x7136, 0xC8BB
    dd 0x7137, 0x9F81
    dd 0x7138, 0x9F82
    dd 0x7139, 0x9F83
    dd 0x713A, 0x9F84
    dd 0x713B, 0x9F85
    dd 0x713C, 0x9F86
    dd 0x713D, 0x9F87
    dd 0x713E, 0x9F88
    dd 0x713F, 0x9F89
    dd 0x7140, 0x9F8A
    dd 0x7141, 0x9F8B
    dd 0x7142, 0x9F8C
    dd 0x7143, 0x9F8D
    dd 0x7144, 0x9F8E
    dd 0x7145, 0xECD1
    dd 0x7146, 0x9F8F
    dd 0x7147, 0x9F90
    dd 0x7148, 0x9F91
    dd 0x7149, 0x9F92
    dd 0x714A, 0xECD3
    dd 0x714B, 0x9F93
    dd 0x714C, 0xBBCD
    dd 0x714D, 0x9F94
    dd 0x714E, 0xBCE5
    dd 0x714F, 0x9F95
    dd 0x7150, 0x9F96
    dd 0x7151, 0x9F97
    dd 0x7152, 0x9F98
    dd 0x7153, 0x9F99
    dd 0x7154, 0x9F9A
    dd 0x7155, 0x9F9B
    dd 0x7156, 0x9F9C
    dd 0x7157, 0x9F9D
    dd 0x7158, 0x9F9E
    dd 0x7159, 0x9F9F
    dd 0x715A, 0x9FA0
    dd 0x715B, 0x9FA1
    dd 0x715C, 0xECCF
    dd 0x715D, 0x9FA2
    dd 0x715E, 0xC9B7
    dd 0x715F, 0x9FA3
    dd 0x7160, 0x9FA4
    dd 0x7161, 0x9FA5
    dd 0x7162, 0x9FA6
    dd 0x7163, 0x9FA7
    dd 0x7164, 0xC3BA
    dd 0x7165, 0x9FA8
    dd 0x7166, 0xECE3
    dd 0x7167, 0xD5D5
    dd 0x7168, 0xECD0
    dd 0x7169, 0x9FA9
    dd 0x716A, 0x9FAA
    dd 0x716B, 0x9FAB
    dd 0x716C, 0x9FAC
    dd 0x716D, 0x9FAD
    dd 0x716E, 0xD6F3
    dd 0x716F, 0x9FAE
    dd 0x7170, 0x9FAF
    dd 0x7171, 0x9FB0
    dd 0x7172, 0xECD2
    dd 0x7173, 0xECCE
    dd 0x7174, 0x9FB1
    dd 0x7175, 0x9FB2
    dd 0x7176, 0x9FB3
    dd 0x7177, 0x9FB4
    dd 0x7178, 0xECD4
    dd 0x7179, 0x9FB5
    dd 0x717A, 0xECD5
    dd 0x717B, 0x9FB6
    dd 0x717C, 0x9FB7
    dd 0x717D, 0xC9BF
    dd 0x717E, 0x9FB8
    dd 0x717F, 0x9FB9
    dd 0x7180, 0x9FBA
    dd 0x7181, 0x9FBB
    dd 0x7182, 0x9FBC
    dd 0x7183, 0x9FBD
    dd 0x7184, 0xCFA8
    dd 0x7185, 0x9FBE
    dd 0x7186, 0x9FBF
    dd 0x7187, 0x9FC0
    dd 0x7188, 0x9FC1
    dd 0x7189, 0x9FC2
    dd 0x718A, 0xD0DC
    dd 0x718B, 0x9FC3
    dd 0x718C, 0x9FC4
    dd 0x718D, 0x9FC5
    dd 0x718E, 0x9FC6
    dd 0x718F, 0xD1AC
    dd 0x7190, 0x9FC7
    dd 0x7191, 0x9FC8
    dd 0x7192, 0x9FC9
    dd 0x7193, 0x9FCA
    dd 0x7194, 0xC8DB
    dd 0x7195, 0x9FCB
    dd 0x7196, 0x9FCC
    dd 0x7197, 0x9FCD
    dd 0x7198, 0xECD6
    dd 0x7199, 0xCEF5
    dd 0x719A, 0x9FCE
    dd 0x719B, 0x9FCF
    dd 0x719C, 0x9FD0
    dd 0x719D, 0x9FD1
    dd 0x719E, 0x9FD2
    dd 0x719F, 0xCAEC
    dd 0x71A0, 0xECDA
    dd 0x71A1, 0x9FD3
    dd 0x71A2, 0x9FD4
    dd 0x71A3, 0x9FD5
    dd 0x71A4, 0x9FD6
    dd 0x71A5, 0x9FD7
    dd 0x71A6, 0x9FD8
    dd 0x71A7, 0x9FD9
    dd 0x71A8, 0xECD9
    dd 0x71A9, 0x9FDA
    dd 0x71AA, 0x9FDB
    dd 0x71AB, 0x9FDC
    dd 0x71AC, 0xB0BE
    dd 0x71AD, 0x9FDD
    dd 0x71AE, 0x9FDE
    dd 0x71AF, 0x9FDF
    dd 0x71B0, 0x9FE0
    dd 0x71B1, 0x9FE1
    dd 0x71B2, 0x9FE2
    dd 0x71B3, 0xECD7
    dd 0x71B4, 0x9FE3
    dd 0x71B5, 0xECD8
    dd 0x71B6, 0x9FE4
    dd 0x71B7, 0x9FE5
    dd 0x71B8, 0x9FE6
    dd 0x71B9, 0xECE4
    dd 0x71BA, 0x9FE7
    dd 0x71BB, 0x9FE8
    dd 0x71BC, 0x9FE9
    dd 0x71BD, 0x9FEA
    dd 0x71BE, 0x9FEB
    dd 0x71BF, 0x9FEC
    dd 0x71C0, 0x9FED
    dd 0x71C1, 0x9FEE
    dd 0x71C2, 0x9FEF
    dd 0x71C3, 0xC8BC
    dd 0x71C4, 0x9FF0
    dd 0x71C5, 0x9FF1
    dd 0x71C6, 0x9FF2
    dd 0x71C7, 0x9FF3
    dd 0x71C8, 0x9FF4
    dd 0x71C9, 0x9FF5
    dd 0x71CA, 0x9FF6
    dd 0x71CB, 0x9FF7
    dd 0x71CC, 0x9FF8
    dd 0x71CD, 0x9FF9
    dd 0x71CE, 0xC1C7
    dd 0x71CF, 0x9FFA
    dd 0x71D0, 0x9FFB
    dd 0x71D1, 0x9FFC
    dd 0x71D2, 0x9FFD
    dd 0x71D3, 0x9FFE
    dd 0x71D4, 0xECDC
    dd 0x71D5, 0xD1E0
    dd 0x71D6, 0xA040
    dd 0x71D7, 0xA041
    dd 0x71D8, 0xA042
    dd 0x71D9, 0xA043
    dd 0x71DA, 0xA044
    dd 0x71DB, 0xA045
    dd 0x71DC, 0xA046
    dd 0x71DD, 0xA047
    dd 0x71DE, 0xA048
    dd 0x71DF, 0xA049
    dd 0x71E0, 0xECDB
    dd 0x71E1, 0xA04A
    dd 0x71E2, 0xA04B
    dd 0x71E3, 0xA04C
    dd 0x71E4, 0xA04D
    dd 0x71E5, 0xD4EF
    dd 0x71E6, 0xA04E
    dd 0x71E7, 0xECDD
    dd 0x71E8, 0xA04F
    dd 0x71E9, 0xA050
    dd 0x71EA, 0xA051
    dd 0x71EB, 0xA052
    dd 0x71EC, 0xA053
    dd 0x71ED, 0xA054
    dd 0x71EE, 0xDBC6
    dd 0x71EF, 0xA055
    dd 0x71F0, 0xA056
    dd 0x71F1, 0xA057
    dd 0x71F2, 0xA058
    dd 0x71F3, 0xA059
    dd 0x71F4, 0xA05A
    dd 0x71F5, 0xA05B
    dd 0x71F6, 0xA05C
    dd 0x71F7, 0xA05D
    dd 0x71F8, 0xA05E
    dd 0x71F9, 0xECDE
    dd 0x71FA, 0xA05F
    dd 0x71FB, 0xA060
    dd 0x71FC, 0xA061
    dd 0x71FD, 0xA062
    dd 0x71FE, 0xA063
    dd 0x71FF, 0xA064
    dd 0x7200, 0xA065
    dd 0x7201, 0xA066
    dd 0x7202, 0xA067
    dd 0x7203, 0xA068
    dd 0x7204, 0xA069
    dd 0x7205, 0xA06A
    dd 0x7206, 0xB1AC
    dd 0x7207, 0xA06B
    dd 0x7208, 0xA06C
    dd 0x7209, 0xA06D
    dd 0x720A, 0xA06E
    dd 0x720B, 0xA06F
    dd 0x720C, 0xA070
    dd 0x720D, 0xA071
    dd 0x720E, 0xA072
    dd 0x720F, 0xA073
    dd 0x7210, 0xA074
    dd 0x7211, 0xA075
    dd 0x7212, 0xA076
    dd 0x7213, 0xA077
    dd 0x7214, 0xA078
    dd 0x7215, 0xA079
    dd 0x7216, 0xA07A
    dd 0x7217, 0xA07B
    dd 0x7218, 0xA07C
    dd 0x7219, 0xA07D
    dd 0x721A, 0xA07E
    dd 0x721B, 0xA080
    dd 0x721C, 0xA081
    dd 0x721D, 0xECDF
    dd 0x721E, 0xA082
    dd 0x721F, 0xA083
    dd 0x7220, 0xA084
    dd 0x7221, 0xA085
    dd 0x7222, 0xA086
    dd 0x7223, 0xA087
    dd 0x7224, 0xA088
    dd 0x7225, 0xA089
    dd 0x7226, 0xA08A
    dd 0x7227, 0xA08B
    dd 0x7228, 0xECE0
    dd 0x7229, 0xA08C
    dd 0x722A, 0xD7A6
    dd 0x722B, 0xA08D
    dd 0x722C, 0xC5C0
    dd 0x722D, 0xA08E
    dd 0x722E, 0xA08F
    dd 0x722F, 0xA090
    dd 0x7230, 0xEBBC
    dd 0x7231, 0xB0AE
    dd 0x7232, 0xA091
    dd 0x7233, 0xA092
    dd 0x7234, 0xA093
    dd 0x7235, 0xBEF4
    dd 0x7236, 0xB8B8
    dd 0x7237, 0xD2AF
    dd 0x7238, 0xB0D6
    dd 0x7239, 0xB5F9
    dd 0x723A, 0xA094
    dd 0x723B, 0xD8B3
    dd 0x723C, 0xA095
    dd 0x723D, 0xCBAC
    dd 0x723E, 0xA096
    dd 0x723F, 0xE3DD
    dd 0x7240, 0xA097
    dd 0x7241, 0xA098
    dd 0x7242, 0xA099
    dd 0x7243, 0xA09A
    dd 0x7244, 0xA09B
    dd 0x7245, 0xA09C
    dd 0x7246, 0xA09D
    dd 0x7247, 0xC6AC
    dd 0x7248, 0xB0E6
    dd 0x7249, 0xA09E
    dd 0x724A, 0xA09F
    dd 0x724B, 0xA0A0
    dd 0x724C, 0xC5C6
    dd 0x724D, 0xEBB9
    dd 0x724E, 0xA0A1
    dd 0x724F, 0xA0A2
    dd 0x7250, 0xA0A3
    dd 0x7251, 0xA0A4
    dd 0x7252, 0xEBBA
    dd 0x7253, 0xA0A5
    dd 0x7254, 0xA0A6
    dd 0x7255, 0xA0A7
    dd 0x7256, 0xEBBB
    dd 0x7257, 0xA0A8
    dd 0x7258, 0xA0A9
    dd 0x7259, 0xD1C0
    dd 0x725A, 0xA0AA
    dd 0x725B, 0xC5A3
    dd 0x725C, 0xA0AB
    dd 0x725D, 0xEAF2
    dd 0x725E, 0xA0AC
    dd 0x725F, 0xC4B2
    dd 0x7260, 0xA0AD
    dd 0x7261, 0xC4B5
    dd 0x7262, 0xC0CE
    dd 0x7263, 0xA0AE
    dd 0x7264, 0xA0AF
    dd 0x7265, 0xA0B0
    dd 0x7266, 0xEAF3
    dd 0x7267, 0xC4C1
    dd 0x7268, 0xA0B1
    dd 0x7269, 0xCEEF
    dd 0x726A, 0xA0B2
    dd 0x726B, 0xA0B3
    dd 0x726C, 0xA0B4
    dd 0x726D, 0xA0B5
    dd 0x726E, 0xEAF0
    dd 0x726F, 0xEAF4
    dd 0x7270, 0xA0B6
    dd 0x7271, 0xA0B7
    dd 0x7272, 0xC9FC
    dd 0x7273, 0xA0B8
    dd 0x7274, 0xA0B9
    dd 0x7275, 0xC7A3
    dd 0x7276, 0xA0BA
    dd 0x7277, 0xA0BB
    dd 0x7278, 0xA0BC
    dd 0x7279, 0xCCD8
    dd 0x727A, 0xCEFE
    dd 0x727B, 0xA0BD
    dd 0x727C, 0xA0BE
    dd 0x727D, 0xA0BF
    dd 0x727E, 0xEAF5
    dd 0x727F, 0xEAF6
    dd 0x7280, 0xCFAC
    dd 0x7281, 0xC0E7
    dd 0x7282, 0xA0C0
    dd 0x7283, 0xA0C1
    dd 0x7284, 0xEAF7
    dd 0x7285, 0xA0C2
    dd 0x7286, 0xA0C3
    dd 0x7287, 0xA0C4
    dd 0x7288, 0xA0C5
    dd 0x7289, 0xA0C6
    dd 0x728A, 0xB6BF
    dd 0x728B, 0xEAF8
    dd 0x728C, 0xA0C7
    dd 0x728D, 0xEAF9
    dd 0x728E, 0xA0C8
    dd 0x728F, 0xEAFA
    dd 0x7290, 0xA0C9
    dd 0x7291, 0xA0CA
    dd 0x7292, 0xEAFB
    dd 0x7293, 0xA0CB
    dd 0x7294, 0xA0CC
    dd 0x7295, 0xA0CD
    dd 0x7296, 0xA0CE
    dd 0x7297, 0xA0CF
    dd 0x7298, 0xA0D0
    dd 0x7299, 0xA0D1
    dd 0x729A, 0xA0D2
    dd 0x729B, 0xA0D3
    dd 0x729C, 0xA0D4
    dd 0x729D, 0xA0D5
    dd 0x729E, 0xA0D6
    dd 0x729F, 0xEAF1
    dd 0x72A0, 0xA0D7
    dd 0x72A1, 0xA0D8
    dd 0x72A2, 0xA0D9
    dd 0x72A3, 0xA0DA
    dd 0x72A4, 0xA0DB
    dd 0x72A5, 0xA0DC
    dd 0x72A6, 0xA0DD
    dd 0x72A7, 0xA0DE
    dd 0x72A8, 0xA0DF
    dd 0x72A9, 0xA0E0
    dd 0x72AA, 0xA0E1
    dd 0x72AB, 0xA0E2
    dd 0x72AC, 0xC8AE
    dd 0x72AD, 0xE1EB
    dd 0x72AE, 0xA0E3
    dd 0x72AF, 0xB7B8
    dd 0x72B0, 0xE1EC
    dd 0x72B1, 0xA0E4
    dd 0x72B2, 0xA0E5
    dd 0x72B3, 0xA0E6
    dd 0x72B4, 0xE1ED
    dd 0x72B5, 0xA0E7
    dd 0x72B6, 0xD7B4
    dd 0x72B7, 0xE1EE
    dd 0x72B8, 0xE1EF
    dd 0x72B9, 0xD3CC
    dd 0x72BA, 0xA0E8
    dd 0x72BB, 0xA0E9
    dd 0x72BC, 0xA0EA
    dd 0x72BD, 0xA0EB
    dd 0x72BE, 0xA0EC
    dd 0x72BF, 0xA0ED
    dd 0x72C0, 0xA0EE
    dd 0x72C1, 0xE1F1
    dd 0x72C2, 0xBFF1
    dd 0x72C3, 0xE1F0
    dd 0x72C4, 0xB5D2
    dd 0x72C5, 0xA0EF
    dd 0x72C6, 0xA0F0
    dd 0x72C7, 0xA0F1
    dd 0x72C8, 0xB1B7
    dd 0x72C9, 0xA0F2
    dd 0x72CA, 0xA0F3
    dd 0x72CB, 0xA0F4
    dd 0x72CC, 0xA0F5
    dd 0x72CD, 0xE1F3
    dd 0x72CE, 0xE1F2
    dd 0x72CF, 0xA0F6
    dd 0x72D0, 0xBAFC
    dd 0x72D1, 0xA0F7
    dd 0x72D2, 0xE1F4
    dd 0x72D3, 0xA0F8
    dd 0x72D4, 0xA0F9
    dd 0x72D5, 0xA0FA
    dd 0x72D6, 0xA0FB
    dd 0x72D7, 0xB9B7
    dd 0x72D8, 0xA0FC
    dd 0x72D9, 0xBED1
    dd 0x72DA, 0xA0FD
    dd 0x72DB, 0xA0FE
    dd 0x72DC, 0xAA40
    dd 0x72DD, 0xAA41
    dd 0x72DE, 0xC4FC
    dd 0x72DF, 0xAA42
    dd 0x72E0, 0xBADD
    dd 0x72E1, 0xBDC6
    dd 0x72E2, 0xAA43
    dd 0x72E3, 0xAA44
    dd 0x72E4, 0xAA45
    dd 0x72E5, 0xAA46
    dd 0x72E6, 0xAA47
    dd 0x72E7, 0xAA48
    dd 0x72E8, 0xE1F5
    dd 0x72E9, 0xE1F7
    dd 0x72EA, 0xAA49
    dd 0x72EB, 0xAA4A
    dd 0x72EC, 0xB6C0
    dd 0x72ED, 0xCFC1
    dd 0x72EE, 0xCAA8
    dd 0x72EF, 0xE1F6
    dd 0x72F0, 0xD5F8
    dd 0x72F1, 0xD3FC
    dd 0x72F2, 0xE1F8
    dd 0x72F3, 0xE1FC
    dd 0x72F4, 0xE1F9
    dd 0x72F5, 0xAA4B
    dd 0x72F6, 0xAA4C
    dd 0x72F7, 0xE1FA
    dd 0x72F8, 0xC0EA
    dd 0x72F9, 0xAA4D
    dd 0x72FA, 0xE1FE
    dd 0x72FB, 0xE2A1
    dd 0x72FC, 0xC0C7
    dd 0x72FD, 0xAA4E
    dd 0x72FE, 0xAA4F
    dd 0x72FF, 0xAA50
    dd 0x7300, 0xAA51
    dd 0x7301, 0xE1FB
    dd 0x7302, 0xAA52
    dd 0x7303, 0xE1FD
    dd 0x7304, 0xAA53
    dd 0x7305, 0xAA54
    dd 0x7306, 0xAA55
    dd 0x7307, 0xAA56
    dd 0x7308, 0xAA57
    dd 0x7309, 0xAA58
    dd 0x730A, 0xE2A5
    dd 0x730B, 0xAA59
    dd 0x730C, 0xAA5A
    dd 0x730D, 0xAA5B
    dd 0x730E, 0xC1D4
    dd 0x730F, 0xAA5C
    dd 0x7310, 0xAA5D
    dd 0x7311, 0xAA5E
    dd 0x7312, 0xAA5F
    dd 0x7313, 0xE2A3
    dd 0x7314, 0xAA60
    dd 0x7315, 0xE2A8
    dd 0x7316, 0xB2FE
    dd 0x7317, 0xE2A2
    dd 0x7318, 0xAA61
    dd 0x7319, 0xAA62
    dd 0x731A, 0xAA63
    dd 0x731B, 0xC3CD
    dd 0x731C, 0xB2C2
    dd 0x731D, 0xE2A7
    dd 0x731E, 0xE2A6
    dd 0x731F, 0xAA64
    dd 0x7320, 0xAA65
    dd 0x7321, 0xE2A4
    dd 0x7322, 0xE2A9
    dd 0x7323, 0xAA66
    dd 0x7324, 0xAA67
    dd 0x7325, 0xE2AB
    dd 0x7326, 0xAA68
    dd 0x7327, 0xAA69
    dd 0x7328, 0xAA6A
    dd 0x7329, 0xD0C9
    dd 0x732A, 0xD6ED
    dd 0x732B, 0xC3A8
    dd 0x732C, 0xE2AC
    dd 0x732D, 0xAA6B
    dd 0x732E, 0xCFD7
    dd 0x732F, 0xAA6C
    dd 0x7330, 0xAA6D
    dd 0x7331, 0xE2AE
    dd 0x7332, 0xAA6E
    dd 0x7333, 0xAA6F
    dd 0x7334, 0xBAEF
    dd 0x7335, 0xAA70
    dd 0x7336, 0xAA71
    dd 0x7337, 0xE9E0
    dd 0x7338, 0xE2AD
    dd 0x7339, 0xE2AA
    dd 0x733A, 0xAA72
    dd 0x733B, 0xAA73
    dd 0x733C, 0xAA74
    dd 0x733D, 0xAA75
    dd 0x733E, 0xBBAB
    dd 0x733F, 0xD4B3
    dd 0x7340, 0xAA76
    dd 0x7341, 0xAA77
    dd 0x7342, 0xAA78
    dd 0x7343, 0xAA79
    dd 0x7344, 0xAA7A
    dd 0x7345, 0xAA7B
    dd 0x7346, 0xAA7C
    dd 0x7347, 0xAA7D
    dd 0x7348, 0xAA7E
    dd 0x7349, 0xAA80
    dd 0x734A, 0xAA81
    dd 0x734B, 0xAA82
    dd 0x734C, 0xAA83
    dd 0x734D, 0xE2B0
    dd 0x734E, 0xAA84
    dd 0x734F, 0xAA85
    dd 0x7350, 0xE2AF
    dd 0x7351, 0xAA86
    dd 0x7352, 0xE9E1
    dd 0x7353, 0xAA87
    dd 0x7354, 0xAA88
    dd 0x7355, 0xAA89
    dd 0x7356, 0xAA8A
    dd 0x7357, 0xE2B1
    dd 0x7358, 0xAA8B
    dd 0x7359, 0xAA8C
    dd 0x735A, 0xAA8D
    dd 0x735B, 0xAA8E
    dd 0x735C, 0xAA8F
    dd 0x735D, 0xAA90
    dd 0x735E, 0xAA91
    dd 0x735F, 0xAA92
    dd 0x7360, 0xE2B2
    dd 0x7361, 0xAA93
    dd 0x7362, 0xAA94
    dd 0x7363, 0xAA95
    dd 0x7364, 0xAA96
    dd 0x7365, 0xAA97
    dd 0x7366, 0xAA98
    dd 0x7367, 0xAA99
    dd 0x7368, 0xAA9A
    dd 0x7369, 0xAA9B
    dd 0x736A, 0xAA9C
    dd 0x736B, 0xAA9D
    dd 0x736C, 0xE2B3
    dd 0x736D, 0xCCA1
    dd 0x736E, 0xAA9E
    dd 0x736F, 0xE2B4
    dd 0x7370, 0xAA9F
    dd 0x7371, 0xAAA0
    dd 0x7372, 0xAB40
    dd 0x7373, 0xAB41
    dd 0x7374, 0xAB42
    dd 0x7375, 0xAB43
    dd 0x7376, 0xAB44
    dd 0x7377, 0xAB45
    dd 0x7378, 0xAB46
    dd 0x7379, 0xAB47
    dd 0x737A, 0xAB48
    dd 0x737B, 0xAB49
    dd 0x737C, 0xAB4A
    dd 0x737D, 0xAB4B
    dd 0x737E, 0xE2B5
    dd 0x737F, 0xAB4C
    dd 0x7380, 0xAB4D
    dd 0x7381, 0xAB4E
    dd 0x7382, 0xAB4F
    dd 0x7383, 0xAB50
    dd 0x7384, 0xD0FE
    dd 0x7385, 0xAB51
    dd 0x7386, 0xAB52
    dd 0x7387, 0xC2CA
    dd 0x7388, 0xAB53
    dd 0x7389, 0xD3F1
    dd 0x738A, 0xAB54
    dd 0x738B, 0xCDF5
    dd 0x738C, 0xAB55
    dd 0x738D, 0xAB56
    dd 0x738E, 0xE7E0
    dd 0x738F, 0xAB57
    dd 0x7390, 0xAB58
    dd 0x7391, 0xE7E1
    dd 0x7392, 0xAB59
    dd 0x7393, 0xAB5A
    dd 0x7394, 0xAB5B
    dd 0x7395, 0xAB5C
    dd 0x7396, 0xBEC1
    dd 0x7397, 0xAB5D
    dd 0x7398, 0xAB5E
    dd 0x7399, 0xAB5F
    dd 0x739A, 0xAB60
    dd 0x739B, 0xC2EA
    dd 0x739C, 0xAB61
    dd 0x739D, 0xAB62
    dd 0x739E, 0xAB63
    dd 0x739F, 0xE7E4
    dd 0x73A0, 0xAB64
    dd 0x73A1, 0xAB65
    dd 0x73A2, 0xE7E3
    dd 0x73A3, 0xAB66
    dd 0x73A4, 0xAB67
    dd 0x73A5, 0xAB68
    dd 0x73A6, 0xAB69
    dd 0x73A7, 0xAB6A
    dd 0x73A8, 0xAB6B
    dd 0x73A9, 0xCDE6
    dd 0x73AA, 0xAB6C
    dd 0x73AB, 0xC3B5
    dd 0x73AC, 0xAB6D
    dd 0x73AD, 0xAB6E
    dd 0x73AE, 0xE7E2
    dd 0x73AF, 0xBBB7
    dd 0x73B0, 0xCFD6
    dd 0x73B1, 0xAB6F
    dd 0x73B2, 0xC1E1
    dd 0x73B3, 0xE7E9
    dd 0x73B4, 0xAB70
    dd 0x73B5, 0xAB71
    dd 0x73B6, 0xAB72
    dd 0x73B7, 0xE7E8
    dd 0x73B8, 0xAB73
    dd 0x73B9, 0xAB74
    dd 0x73BA, 0xE7F4
    dd 0x73BB, 0xB2A3
    dd 0x73BC, 0xAB75
    dd 0x73BD, 0xAB76
    dd 0x73BE, 0xAB77
    dd 0x73BF, 0xAB78
    dd 0x73C0, 0xE7EA
    dd 0x73C1, 0xAB79
    dd 0x73C2, 0xE7E6
    dd 0x73C3, 0xAB7A
    dd 0x73C4, 0xAB7B
    dd 0x73C5, 0xAB7C
    dd 0x73C6, 0xAB7D
    dd 0x73C7, 0xAB7E
    dd 0x73C8, 0xE7EC
    dd 0x73C9, 0xE7EB
    dd 0x73CA, 0xC9BA
    dd 0x73CB, 0xAB80
    dd 0x73CC, 0xAB81
    dd 0x73CD, 0xD5E4
    dd 0x73CE, 0xAB82
    dd 0x73CF, 0xE7E5
    dd 0x73D0, 0xB7A9
    dd 0x73D1, 0xE7E7
    dd 0x73D2, 0xAB83
    dd 0x73D3, 0xAB84
    dd 0x73D4, 0xAB85
    dd 0x73D5, 0xAB86
    dd 0x73D6, 0xAB87
    dd 0x73D7, 0xAB88
    dd 0x73D8, 0xAB89
    dd 0x73D9, 0xE7EE
    dd 0x73DA, 0xAB8A
    dd 0x73DB, 0xAB8B
    dd 0x73DC, 0xAB8C
    dd 0x73DD, 0xAB8D
    dd 0x73DE, 0xE7F3
    dd 0x73DF, 0xAB8E
    dd 0x73E0, 0xD6E9
    dd 0x73E1, 0xAB8F
    dd 0x73E2, 0xAB90
    dd 0x73E3, 0xAB91
    dd 0x73E4, 0xAB92
    dd 0x73E5, 0xE7ED
    dd 0x73E6, 0xAB93
    dd 0x73E7, 0xE7F2
    dd 0x73E8, 0xAB94
    dd 0x73E9, 0xE7F1
    dd 0x73EA, 0xAB95
    dd 0x73EB, 0xAB96
    dd 0x73EC, 0xAB97
    dd 0x73ED, 0xB0E0
    dd 0x73EE, 0xAB98
    dd 0x73EF, 0xAB99
    dd 0x73F0, 0xAB9A
    dd 0x73F1, 0xAB9B
    dd 0x73F2, 0xE7F5
    dd 0x73F3, 0xAB9C
    dd 0x73F4, 0xAB9D
    dd 0x73F5, 0xAB9E
    dd 0x73F6, 0xAB9F
    dd 0x73F7, 0xABA0
    dd 0x73F8, 0xAC40
    dd 0x73F9, 0xAC41
    dd 0x73FA, 0xAC42
    dd 0x73FB, 0xAC43
    dd 0x73FC, 0xAC44
    dd 0x73FD, 0xAC45
    dd 0x73FE, 0xAC46
    dd 0x73FF, 0xAC47
    dd 0x7400, 0xAC48
    dd 0x7401, 0xAC49
    dd 0x7402, 0xAC4A
    dd 0x7403, 0xC7F2
    dd 0x7404, 0xAC4B
    dd 0x7405, 0xC0C5
    dd 0x7406, 0xC0ED
    dd 0x7407, 0xAC4C
    dd 0x7408, 0xAC4D
    dd 0x7409, 0xC1F0
    dd 0x740A, 0xE7F0
    dd 0x740B, 0xAC4E
    dd 0x740C, 0xAC4F
    dd 0x740D, 0xAC50
    dd 0x740E, 0xAC51
    dd 0x740F, 0xE7F6
    dd 0x7410, 0xCBF6
    dd 0x7411, 0xAC52
    dd 0x7412, 0xAC53
    dd 0x7413, 0xAC54
    dd 0x7414, 0xAC55
    dd 0x7415, 0xAC56
    dd 0x7416, 0xAC57
    dd 0x7417, 0xAC58
    dd 0x7418, 0xAC59
    dd 0x7419, 0xAC5A
    dd 0x741A, 0xE8A2
    dd 0x741B, 0xE8A1
    dd 0x741C, 0xAC5B
    dd 0x741D, 0xAC5C
    dd 0x741E, 0xAC5D
    dd 0x741F, 0xAC5E
    dd 0x7420, 0xAC5F
    dd 0x7421, 0xAC60
    dd 0x7422, 0xD7C1
    dd 0x7423, 0xAC61
    dd 0x7424, 0xAC62
    dd 0x7425, 0xE7FA
    dd 0x7426, 0xE7F9
    dd 0x7427, 0xAC63
    dd 0x7428, 0xE7FB
    dd 0x7429, 0xAC64
    dd 0x742A, 0xE7F7
    dd 0x742B, 0xAC65
    dd 0x742C, 0xE7FE
    dd 0x742D, 0xAC66
    dd 0x742E, 0xE7FD
    dd 0x742F, 0xAC67
    dd 0x7430, 0xE7FC
    dd 0x7431, 0xAC68
    dd 0x7432, 0xAC69
    dd 0x7433, 0xC1D5
    dd 0x7434, 0xC7D9
    dd 0x7435, 0xC5FD
    dd 0x7436, 0xC5C3
    dd 0x7437, 0xAC6A
    dd 0x7438, 0xAC6B
    dd 0x7439, 0xAC6C
    dd 0x743A, 0xAC6D
    dd 0x743B, 0xAC6E
    dd 0x743C, 0xC7ED
    dd 0x743D, 0xAC6F
    dd 0x743E, 0xAC70
    dd 0x743F, 0xAC71
    dd 0x7440, 0xAC72
    dd 0x7441, 0xE8A3
    dd 0x7442, 0xAC73
    dd 0x7443, 0xAC74
    dd 0x7444, 0xAC75
    dd 0x7445, 0xAC76
    dd 0x7446, 0xAC77
    dd 0x7447, 0xAC78
    dd 0x7448, 0xAC79
    dd 0x7449, 0xAC7A
    dd 0x744A, 0xAC7B
    dd 0x744B, 0xAC7C
    dd 0x744C, 0xAC7D
    dd 0x744D, 0xAC7E
    dd 0x744E, 0xAC80
    dd 0x744F, 0xAC81
    dd 0x7450, 0xAC82
    dd 0x7451, 0xAC83
    dd 0x7452, 0xAC84
    dd 0x7453, 0xAC85
    dd 0x7454, 0xAC86
    dd 0x7455, 0xE8A6
    dd 0x7456, 0xAC87
    dd 0x7457, 0xE8A5
    dd 0x7458, 0xAC88
    dd 0x7459, 0xE8A7
    dd 0x745A, 0xBAF7
    dd 0x745B, 0xE7F8
    dd 0x745C, 0xE8A4
    dd 0x745D, 0xAC89
    dd 0x745E, 0xC8F0
    dd 0x745F, 0xC9AA
    dd 0x7460, 0xAC8A
    dd 0x7461, 0xAC8B
    dd 0x7462, 0xAC8C
    dd 0x7463, 0xAC8D
    dd 0x7464, 0xAC8E
    dd 0x7465, 0xAC8F
    dd 0x7466, 0xAC90
    dd 0x7467, 0xAC91
    dd 0x7468, 0xAC92
    dd 0x7469, 0xAC93
    dd 0x746A, 0xAC94
    dd 0x746B, 0xAC95
    dd 0x746C, 0xAC96
    dd 0x746D, 0xE8A9
    dd 0x746E, 0xAC97
    dd 0x746F, 0xAC98
    dd 0x7470, 0xB9E5
    dd 0x7471, 0xAC99
    dd 0x7472, 0xAC9A
    dd 0x7473, 0xAC9B
    dd 0x7474, 0xAC9C
    dd 0x7475, 0xAC9D
    dd 0x7476, 0xD1FE
    dd 0x7477, 0xE8A8
    dd 0x7478, 0xAC9E
    dd 0x7479, 0xAC9F
    dd 0x747A, 0xACA0
    dd 0x747B, 0xAD40
    dd 0x747C, 0xAD41
    dd 0x747D, 0xAD42
    dd 0x747E, 0xE8AA
    dd 0x747F, 0xAD43
    dd 0x7480, 0xE8AD
    dd 0x7481, 0xE8AE
    dd 0x7482, 0xAD44
    dd 0x7483, 0xC1A7
    dd 0x7484, 0xAD45
    dd 0x7485, 0xAD46
    dd 0x7486, 0xAD47
    dd 0x7487, 0xE8AF
    dd 0x7488, 0xAD48
    dd 0x7489, 0xAD49
    dd 0x748A, 0xAD4A
    dd 0x748B, 0xE8B0
    dd 0x748C, 0xAD4B
    dd 0x748D, 0xAD4C
    dd 0x748E, 0xE8AC
    dd 0x748F, 0xAD4D
    dd 0x7490, 0xE8B4
    dd 0x7491, 0xAD4E
    dd 0x7492, 0xAD4F
    dd 0x7493, 0xAD50
    dd 0x7494, 0xAD51
    dd 0x7495, 0xAD52
    dd 0x7496, 0xAD53
    dd 0x7497, 0xAD54
    dd 0x7498, 0xAD55
    dd 0x7499, 0xAD56
    dd 0x749A, 0xAD57
    dd 0x749B, 0xAD58
    dd 0x749C, 0xE8AB
    dd 0x749D, 0xAD59
    dd 0x749E, 0xE8B1
    dd 0x749F, 0xAD5A
    dd 0x74A0, 0xAD5B
    dd 0x74A1, 0xAD5C
    dd 0x74A2, 0xAD5D
    dd 0x74A3, 0xAD5E
    dd 0x74A4, 0xAD5F
    dd 0x74A5, 0xAD60
    dd 0x74A6, 0xAD61
    dd 0x74A7, 0xE8B5
    dd 0x74A8, 0xE8B2
    dd 0x74A9, 0xE8B3
    dd 0x74AA, 0xAD62
    dd 0x74AB, 0xAD63
    dd 0x74AC, 0xAD64
    dd 0x74AD, 0xAD65
    dd 0x74AE, 0xAD66
    dd 0x74AF, 0xAD67
    dd 0x74B0, 0xAD68
    dd 0x74B1, 0xAD69
    dd 0x74B2, 0xAD6A
    dd 0x74B3, 0xAD6B
    dd 0x74B4, 0xAD6C
    dd 0x74B5, 0xAD6D
    dd 0x74B6, 0xAD6E
    dd 0x74B7, 0xAD6F
    dd 0x74B8, 0xAD70
    dd 0x74B9, 0xAD71
    dd 0x74BA, 0xE8B7
    dd 0x74BB, 0xAD72
    dd 0x74BC, 0xAD73
    dd 0x74BD, 0xAD74
    dd 0x74BE, 0xAD75
    dd 0x74BF, 0xAD76
    dd 0x74C0, 0xAD77
    dd 0x74C1, 0xAD78
    dd 0x74C2, 0xAD79
    dd 0x74C3, 0xAD7A
    dd 0x74C4, 0xAD7B
    dd 0x74C5, 0xAD7C
    dd 0x74C6, 0xAD7D
    dd 0x74C7, 0xAD7E
    dd 0x74C8, 0xAD80
    dd 0x74C9, 0xAD81
    dd 0x74CA, 0xAD82
    dd 0x74CB, 0xAD83
    dd 0x74CC, 0xAD84
    dd 0x74CD, 0xAD85
    dd 0x74CE, 0xAD86
    dd 0x74CF, 0xAD87
    dd 0x74D0, 0xAD88
    dd 0x74D1, 0xAD89
    dd 0x74D2, 0xE8B6
    dd 0x74D3, 0xAD8A
    dd 0x74D4, 0xAD8B
    dd 0x74D5, 0xAD8C
    dd 0x74D6, 0xAD8D
    dd 0x74D7, 0xAD8E
    dd 0x74D8, 0xAD8F
    dd 0x74D9, 0xAD90
    dd 0x74DA, 0xAD91
    dd 0x74DB, 0xAD92
    dd 0x74DC, 0xB9CF
    dd 0x74DD, 0xAD93
    dd 0x74DE, 0xF0AC
    dd 0x74DF, 0xAD94
    dd 0x74E0, 0xF0AD
    dd 0x74E1, 0xAD95
    dd 0x74E2, 0xC6B0
    dd 0x74E3, 0xB0EA
    dd 0x74E4, 0xC8BF
    dd 0x74E5, 0xAD96
    dd 0x74E6, 0xCDDF
    dd 0x74E7, 0xAD97
    dd 0x74E8, 0xAD98
    dd 0x74E9, 0xAD99
    dd 0x74EA, 0xAD9A
    dd 0x74EB, 0xAD9B
    dd 0x74EC, 0xAD9C
    dd 0x74ED, 0xAD9D
    dd 0x74EE, 0xCECD
    dd 0x74EF, 0xEAB1
    dd 0x74F0, 0xAD9E
    dd 0x74F1, 0xAD9F
    dd 0x74F2, 0xADA0
    dd 0x74F3, 0xAE40
    dd 0x74F4, 0xEAB2
    dd 0x74F5, 0xAE41
    dd 0x74F6, 0xC6BF
    dd 0x74F7, 0xB4C9
    dd 0x74F8, 0xAE42
    dd 0x74F9, 0xAE43
    dd 0x74FA, 0xAE44
    dd 0x74FB, 0xAE45
    dd 0x74FC, 0xAE46
    dd 0x74FD, 0xAE47
    dd 0x74FE, 0xAE48
    dd 0x74FF, 0xEAB3
    dd 0x7500, 0xAE49
    dd 0x7501, 0xAE4A
    dd 0x7502, 0xAE4B
    dd 0x7503, 0xAE4C
    dd 0x7504, 0xD5E7
    dd 0x7505, 0xAE4D
    dd 0x7506, 0xAE4E
    dd 0x7507, 0xAE4F
    dd 0x7508, 0xAE50
    dd 0x7509, 0xAE51
    dd 0x750A, 0xAE52
    dd 0x750B, 0xAE53
    dd 0x750C, 0xAE54
    dd 0x750D, 0xDDF9
    dd 0x750E, 0xAE55
    dd 0x750F, 0xEAB4
    dd 0x7510, 0xAE56
    dd 0x7511, 0xEAB5
    dd 0x7512, 0xAE57
    dd 0x7513, 0xEAB6
    dd 0x7514, 0xAE58
    dd 0x7515, 0xAE59
    dd 0x7516, 0xAE5A
    dd 0x7517, 0xAE5B
    dd 0x7518, 0xB8CA
    dd 0x7519, 0xDFB0
    dd 0x751A, 0xC9F5
    dd 0x751B, 0xAE5C
    dd 0x751C, 0xCCF0
    dd 0x751D, 0xAE5D
    dd 0x751E, 0xAE5E
    dd 0x751F, 0xC9FA
    dd 0x7520, 0xAE5F
    dd 0x7521, 0xAE60
    dd 0x7522, 0xAE61
    dd 0x7523, 0xAE62
    dd 0x7524, 0xAE63
    dd 0x7525, 0xC9FB
    dd 0x7526, 0xAE64
    dd 0x7527, 0xAE65
    dd 0x7528, 0xD3C3
    dd 0x7529, 0xCBA6
    dd 0x752A, 0xAE66
    dd 0x752B, 0xB8A6
    dd 0x752C, 0xF0AE
    dd 0x752D, 0xB1C2
    dd 0x752E, 0xAE67
    dd 0x752F, 0xE5B8
    dd 0x7530, 0xCCEF
    dd 0x7531, 0xD3C9
    dd 0x7532, 0xBCD7
    dd 0x7533, 0xC9EA
    dd 0x7534, 0xAE68
    dd 0x7535, 0xB5E7
    dd 0x7536, 0xAE69
    dd 0x7537, 0xC4D0
    dd 0x7538, 0xB5E9
    dd 0x7539, 0xAE6A
    dd 0x753A, 0xEEAE
    dd 0x753B, 0xBBAD
    dd 0x753C, 0xAE6B
    dd 0x753D, 0xAE6C
    dd 0x753E, 0xE7DE
    dd 0x753F, 0xAE6D
    dd 0x7540, 0xEEAF
    dd 0x7541, 0xAE6E
    dd 0x7542, 0xAE6F
    dd 0x7543, 0xAE70
    dd 0x7544, 0xAE71
    dd 0x7545, 0xB3A9
    dd 0x7546, 0xAE72
    dd 0x7547, 0xAE73
    dd 0x7548, 0xEEB2
    dd 0x7549, 0xAE74
    dd 0x754A, 0xAE75
    dd 0x754B, 0xEEB1
    dd 0x754C, 0xBDE7
    dd 0x754D, 0xAE76
    dd 0x754E, 0xEEB0
    dd 0x754F, 0xCEB7
    dd 0x7550, 0xAE77
    dd 0x7551, 0xAE78
    dd 0x7552, 0xAE79
    dd 0x7553, 0xAE7A
    dd 0x7554, 0xC5CF
    dd 0x7555, 0xAE7B
    dd 0x7556, 0xAE7C
    dd 0x7557, 0xAE7D
    dd 0x7558, 0xAE7E
    dd 0x7559, 0xC1F4
    dd 0x755A, 0xDBCE
    dd 0x755B, 0xEEB3
    dd 0x755C, 0xD0F3
    dd 0x755D, 0xAE80
    dd 0x755E, 0xAE81
    dd 0x755F, 0xAE82
    dd 0x7560, 0xAE83
    dd 0x7561, 0xAE84
    dd 0x7562, 0xAE85
    dd 0x7563, 0xAE86
    dd 0x7564, 0xAE87
    dd 0x7565, 0xC2D4
    dd 0x7566, 0xC6E8
    dd 0x7567, 0xAE88
    dd 0x7568, 0xAE89
    dd 0x7569, 0xAE8A
    dd 0x756A, 0xB7AC
    dd 0x756B, 0xAE8B
    dd 0x756C, 0xAE8C
    dd 0x756D, 0xAE8D
    dd 0x756E, 0xAE8E
    dd 0x756F, 0xAE8F
    dd 0x7570, 0xAE90
    dd 0x7571, 0xAE91
    dd 0x7572, 0xEEB4
    dd 0x7573, 0xAE92
    dd 0x7574, 0xB3EB
    dd 0x7575, 0xAE93
    dd 0x7576, 0xAE94
    dd 0x7577, 0xAE95
    dd 0x7578, 0xBBFB
    dd 0x7579, 0xEEB5
    dd 0x757A, 0xAE96
    dd 0x757B, 0xAE97
    dd 0x757C, 0xAE98
    dd 0x757D, 0xAE99
    dd 0x757E, 0xAE9A
    dd 0x757F, 0xE7DC
    dd 0x7580, 0xAE9B
    dd 0x7581, 0xAE9C
    dd 0x7582, 0xAE9D
    dd 0x7583, 0xEEB6
    dd 0x7584, 0xAE9E
    dd 0x7585, 0xAE9F
    dd 0x7586, 0xBDAE
    dd 0x7587, 0xAEA0
    dd 0x7588, 0xAF40
    dd 0x7589, 0xAF41
    dd 0x758A, 0xAF42
    dd 0x758B, 0xF1E2
    dd 0x758C, 0xAF43
    dd 0x758D, 0xAF44
    dd 0x758E, 0xAF45
    dd 0x758F, 0xCAE8
    dd 0x7590, 0xAF46
    dd 0x7591, 0xD2C9
    dd 0x7592, 0xF0DA
    dd 0x7593, 0xAF47
    dd 0x7594, 0xF0DB
    dd 0x7595, 0xAF48
    dd 0x7596, 0xF0DC
    dd 0x7597, 0xC1C6
    dd 0x7598, 0xAF49
    dd 0x7599, 0xB8ED
    dd 0x759A, 0xBECE
    dd 0x759B, 0xAF4A
    dd 0x759C, 0xAF4B
    dd 0x759D, 0xF0DE
    dd 0x759E, 0xAF4C
    dd 0x759F, 0xC5B1
    dd 0x75A0, 0xF0DD
    dd 0x75A1, 0xD1F1
    dd 0x75A2, 0xAF4D
    dd 0x75A3, 0xF0E0
    dd 0x75A4, 0xB0CC
    dd 0x75A5, 0xBDEA
    dd 0x75A6, 0xAF4E
    dd 0x75A7, 0xAF4F
    dd 0x75A8, 0xAF50
    dd 0x75A9, 0xAF51
    dd 0x75AA, 0xAF52
    dd 0x75AB, 0xD2DF
    dd 0x75AC, 0xF0DF
    dd 0x75AD, 0xAF53
    dd 0x75AE, 0xB4AF
    dd 0x75AF, 0xB7E8
    dd 0x75B0, 0xF0E6
    dd 0x75B1, 0xF0E5
    dd 0x75B2, 0xC6A3
    dd 0x75B3, 0xF0E1
    dd 0x75B4, 0xF0E2
    dd 0x75B5, 0xB4C3
    dd 0x75B6, 0xAF54
    dd 0x75B7, 0xAF55
    dd 0x75B8, 0xF0E3
    dd 0x75B9, 0xD5EE
    dd 0x75BA, 0xAF56
    dd 0x75BB, 0xAF57
    dd 0x75BC, 0xCCDB
    dd 0x75BD, 0xBED2
    dd 0x75BE, 0xBCB2
    dd 0x75BF, 0xAF58
    dd 0x75C0, 0xAF59
    dd 0x75C1, 0xAF5A
    dd 0x75C2, 0xF0E8
    dd 0x75C3, 0xF0E7
    dd 0x75C4, 0xF0E4
    dd 0x75C5, 0xB2A1
    dd 0x75C6, 0xAF5B
    dd 0x75C7, 0xD6A2
    dd 0x75C8, 0xD3B8
    dd 0x75C9, 0xBEB7
    dd 0x75CA, 0xC8AC
    dd 0x75CB, 0xAF5C
    dd 0x75CC, 0xAF5D
    dd 0x75CD, 0xF0EA
    dd 0x75CE, 0xAF5E
    dd 0x75CF, 0xAF5F
    dd 0x75D0, 0xAF60
    dd 0x75D1, 0xAF61
    dd 0x75D2, 0xD1F7
    dd 0x75D3, 0xAF62
    dd 0x75D4, 0xD6CC
    dd 0x75D5, 0xBADB
    dd 0x75D6, 0xF0E9
    dd 0x75D7, 0xAF63
    dd 0x75D8, 0xB6BB
    dd 0x75D9, 0xAF64
    dd 0x75DA, 0xAF65
    dd 0x75DB, 0xCDB4
    dd 0x75DC, 0xAF66
    dd 0x75DD, 0xAF67
    dd 0x75DE, 0xC6A6
    dd 0x75DF, 0xAF68
    dd 0x75E0, 0xAF69
    dd 0x75E1, 0xAF6A
    dd 0x75E2, 0xC1A1
    dd 0x75E3, 0xF0EB
    dd 0x75E4, 0xF0EE
    dd 0x75E5, 0xAF6B
    dd 0x75E6, 0xF0ED
    dd 0x75E7, 0xF0F0
    dd 0x75E8, 0xF0EC
    dd 0x75E9, 0xAF6C
    dd 0x75EA, 0xBBBE
    dd 0x75EB, 0xF0EF
    dd 0x75EC, 0xAF6D
    dd 0x75ED, 0xAF6E
    dd 0x75EE, 0xAF6F
    dd 0x75EF, 0xAF70
    dd 0x75F0, 0xCCB5
    dd 0x75F1, 0xF0F2
    dd 0x75F2, 0xAF71
    dd 0x75F3, 0xAF72
    dd 0x75F4, 0xB3D5
    dd 0x75F5, 0xAF73
    dd 0x75F6, 0xAF74
    dd 0x75F7, 0xAF75
    dd 0x75F8, 0xAF76
    dd 0x75F9, 0xB1D4
    dd 0x75FA, 0xAF77
    dd 0x75FB, 0xAF78
    dd 0x75FC, 0xF0F3
    dd 0x75FD, 0xAF79
    dd 0x75FE, 0xAF7A
    dd 0x75FF, 0xF0F4
    dd 0x7600, 0xF0F6
    dd 0x7601, 0xB4E1
    dd 0x7602, 0xAF7B
    dd 0x7603, 0xF0F1
    dd 0x7604, 0xAF7C
    dd 0x7605, 0xF0F7
    dd 0x7606, 0xAF7D
    dd 0x7607, 0xAF7E
    dd 0x7608, 0xAF80
    dd 0x7609, 0xAF81
    dd 0x760A, 0xF0FA
    dd 0x760B, 0xAF82
    dd 0x760C, 0xF0F8
    dd 0x760D, 0xAF83
    dd 0x760E, 0xAF84
    dd 0x760F, 0xAF85
    dd 0x7610, 0xF0F5
    dd 0x7611, 0xAF86
    dd 0x7612, 0xAF87
    dd 0x7613, 0xAF88
    dd 0x7614, 0xAF89
    dd 0x7615, 0xF0FD
    dd 0x7616, 0xAF8A
    dd 0x7617, 0xF0F9
    dd 0x7618, 0xF0FC
    dd 0x7619, 0xF0FE
    dd 0x761A, 0xAF8B
    dd 0x761B, 0xF1A1
    dd 0x761C, 0xAF8C
    dd 0x761D, 0xAF8D
    dd 0x761E, 0xAF8E
    dd 0x761F, 0xCEC1
    dd 0x7620, 0xF1A4
    dd 0x7621, 0xAF8F
    dd 0x7622, 0xF1A3
    dd 0x7623, 0xAF90
    dd 0x7624, 0xC1F6
    dd 0x7625, 0xF0FB
    dd 0x7626, 0xCADD
    dd 0x7627, 0xAF91
    dd 0x7628, 0xAF92
    dd 0x7629, 0xB4F1
    dd 0x762A, 0xB1F1
    dd 0x762B, 0xCCB1
    dd 0x762C, 0xAF93
    dd 0x762D, 0xF1A6
    dd 0x762E, 0xAF94
    dd 0x762F, 0xAF95
    dd 0x7630, 0xF1A7
    dd 0x7631, 0xAF96
    dd 0x7632, 0xAF97
    dd 0x7633, 0xF1AC
    dd 0x7634, 0xD5CE
    dd 0x7635, 0xF1A9
    dd 0x7636, 0xAF98
    dd 0x7637, 0xAF99
    dd 0x7638, 0xC8B3
    dd 0x7639, 0xAF9A
    dd 0x763A, 0xAF9B
    dd 0x763B, 0xAF9C
    dd 0x763C, 0xF1A2
    dd 0x763D, 0xAF9D
    dd 0x763E, 0xF1AB
    dd 0x763F, 0xF1A8
    dd 0x7640, 0xF1A5
    dd 0x7641, 0xAF9E
    dd 0x7642, 0xAF9F
    dd 0x7643, 0xF1AA
    dd 0x7644, 0xAFA0
    dd 0x7645, 0xB040
    dd 0x7646, 0xB041
    dd 0x7647, 0xB042
    dd 0x7648, 0xB043
    dd 0x7649, 0xB044
    dd 0x764A, 0xB045
    dd 0x764B, 0xB046
    dd 0x764C, 0xB0A9
    dd 0x764D, 0xF1AD
    dd 0x764E, 0xB047
    dd 0x764F, 0xB048
    dd 0x7650, 0xB049
    dd 0x7651, 0xB04A
    dd 0x7652, 0xB04B
    dd 0x7653, 0xB04C
    dd 0x7654, 0xF1AF
    dd 0x7655, 0xB04D
    dd 0x7656, 0xF1B1
    dd 0x7657, 0xB04E
    dd 0x7658, 0xB04F
    dd 0x7659, 0xB050
    dd 0x765A, 0xB051
    dd 0x765B, 0xB052
    dd 0x765C, 0xF1B0
    dd 0x765D, 0xB053
    dd 0x765E, 0xF1AE
    dd 0x765F, 0xB054
    dd 0x7660, 0xB055
    dd 0x7661, 0xB056
    dd 0x7662, 0xB057
    dd 0x7663, 0xD1A2
    dd 0x7664, 0xB058
    dd 0x7665, 0xB059
    dd 0x7666, 0xB05A
    dd 0x7667, 0xB05B
    dd 0x7668, 0xB05C
    dd 0x7669, 0xB05D
    dd 0x766A, 0xB05E
    dd 0x766B, 0xF1B2
    dd 0x766C, 0xB05F
    dd 0x766D, 0xB060
    dd 0x766E, 0xB061
    dd 0x766F, 0xF1B3
    dd 0x7670, 0xB062
    dd 0x7671, 0xB063
    dd 0x7672, 0xB064
    dd 0x7673, 0xB065
    dd 0x7674, 0xB066
    dd 0x7675, 0xB067
    dd 0x7676, 0xB068
    dd 0x7677, 0xB069
    dd 0x7678, 0xB9EF
    dd 0x7679, 0xB06A
    dd 0x767A, 0xB06B
    dd 0x767B, 0xB5C7
    dd 0x767C, 0xB06C
    dd 0x767D, 0xB0D7
    dd 0x767E, 0xB0D9
    dd 0x767F, 0xB06D
    dd 0x7680, 0xB06E
    dd 0x7681, 0xB06F
    dd 0x7682, 0xD4ED
    dd 0x7683, 0xB070
    dd 0x7684, 0xB5C4
    dd 0x7685, 0xB071
    dd 0x7686, 0xBDD4
    dd 0x7687, 0xBBCA
    dd 0x7688, 0xF0A7
    dd 0x7689, 0xB072
    dd 0x768A, 0xB073
    dd 0x768B, 0xB8DE
    dd 0x768C, 0xB074
    dd 0x768D, 0xB075
    dd 0x768E, 0xF0A8
    dd 0x768F, 0xB076
    dd 0x7690, 0xB077
    dd 0x7691, 0xB0A8
    dd 0x7692, 0xB078
    dd 0x7693, 0xF0A9
    dd 0x7694, 0xB079
    dd 0x7695, 0xB07A
    dd 0x7696, 0xCDEE
    dd 0x7697, 0xB07B
    dd 0x7698, 0xB07C
    dd 0x7699, 0xF0AA
    dd 0x769A, 0xB07D
    dd 0x769B, 0xB07E
    dd 0x769C, 0xB080
    dd 0x769D, 0xB081
    dd 0x769E, 0xB082
    dd 0x769F, 0xB083
    dd 0x76A0, 0xB084
    dd 0x76A1, 0xB085
    dd 0x76A2, 0xB086
    dd 0x76A3, 0xB087
    dd 0x76A4, 0xF0AB
    dd 0x76A5, 0xB088
    dd 0x76A6, 0xB089
    dd 0x76A7, 0xB08A
    dd 0x76A8, 0xB08B
    dd 0x76A9, 0xB08C
    dd 0x76AA, 0xB08D
    dd 0x76AB, 0xB08E
    dd 0x76AC, 0xB08F
    dd 0x76AD, 0xB090
    dd 0x76AE, 0xC6A4
    dd 0x76AF, 0xB091
    dd 0x76B0, 0xB092
    dd 0x76B1, 0xD6E5
    dd 0x76B2, 0xF1E4
    dd 0x76B3, 0xB093
    dd 0x76B4, 0xF1E5
    dd 0x76B5, 0xB094
    dd 0x76B6, 0xB095
    dd 0x76B7, 0xB096
    dd 0x76B8, 0xB097
    dd 0x76B9, 0xB098
    dd 0x76BA, 0xB099
    dd 0x76BB, 0xB09A
    dd 0x76BC, 0xB09B
    dd 0x76BD, 0xB09C
    dd 0x76BE, 0xB09D
    dd 0x76BF, 0xC3F3
    dd 0x76C0, 0xB09E
    dd 0x76C1, 0xB09F
    dd 0x76C2, 0xD3DB
    dd 0x76C3, 0xB0A0
    dd 0x76C4, 0xB140
    dd 0x76C5, 0xD6D1
    dd 0x76C6, 0xC5E8
    dd 0x76C7, 0xB141
    dd 0x76C8, 0xD3AF
    dd 0x76C9, 0xB142
    dd 0x76CA, 0xD2E6
    dd 0x76CB, 0xB143
    dd 0x76CC, 0xB144
    dd 0x76CD, 0xEEC1
    dd 0x76CE, 0xB0BB
    dd 0x76CF, 0xD5B5
    dd 0x76D0, 0xD1CE
    dd 0x76D1, 0xBCE0
    dd 0x76D2, 0xBAD0
    dd 0x76D3, 0xB145
    dd 0x76D4, 0xBFF8
    dd 0x76D5, 0xB146
    dd 0x76D6, 0xB8C7
    dd 0x76D7, 0xB5C1
    dd 0x76D8, 0xC5CC
    dd 0x76D9, 0xB147
    dd 0x76DA, 0xB148
    dd 0x76DB, 0xCAA2
    dd 0x76DC, 0xB149
    dd 0x76DD, 0xB14A
    dd 0x76DE, 0xB14B
    dd 0x76DF, 0xC3CB
    dd 0x76E0, 0xB14C
    dd 0x76E1, 0xB14D
    dd 0x76E2, 0xB14E
    dd 0x76E3, 0xB14F
    dd 0x76E4, 0xB150
    dd 0x76E5, 0xEEC2
    dd 0x76E6, 0xB151
    dd 0x76E7, 0xB152
    dd 0x76E8, 0xB153
    dd 0x76E9, 0xB154
    dd 0x76EA, 0xB155
    dd 0x76EB, 0xB156
    dd 0x76EC, 0xB157
    dd 0x76ED, 0xB158
    dd 0x76EE, 0xC4BF
    dd 0x76EF, 0xB6A2
    dd 0x76F0, 0xB159
    dd 0x76F1, 0xEDEC
    dd 0x76F2, 0xC3A4
    dd 0x76F3, 0xB15A
    dd 0x76F4, 0xD6B1
    dd 0x76F5, 0xB15B
    dd 0x76F6, 0xB15C
    dd 0x76F7, 0xB15D
    dd 0x76F8, 0xCFE0
    dd 0x76F9, 0xEDEF
    dd 0x76FA, 0xB15E
    dd 0x76FB, 0xB15F
    dd 0x76FC, 0xC5CE
    dd 0x76FD, 0xB160
    dd 0x76FE, 0xB6DC
    dd 0x76FF, 0xB161
    dd 0x7700, 0xB162
    dd 0x7701, 0xCAA1
    dd 0x7702, 0xB163
    dd 0x7703, 0xB164
    dd 0x7704, 0xEDED
    dd 0x7705, 0xB165
    dd 0x7706, 0xB166
    dd 0x7707, 0xEDF0
    dd 0x7708, 0xEDF1
    dd 0x7709, 0xC3BC
    dd 0x770A, 0xB167
    dd 0x770B, 0xBFB4
    dd 0x770C, 0xB168
    dd 0x770D, 0xEDEE
    dd 0x770E, 0xB169
    dd 0x770F, 0xB16A
    dd 0x7710, 0xB16B
    dd 0x7711, 0xB16C
    dd 0x7712, 0xB16D
    dd 0x7713, 0xB16E
    dd 0x7714, 0xB16F
    dd 0x7715, 0xB170
    dd 0x7716, 0xB171
    dd 0x7717, 0xB172
    dd 0x7718, 0xB173
    dd 0x7719, 0xEDF4
    dd 0x771A, 0xEDF2
    dd 0x771B, 0xB174
    dd 0x771C, 0xB175
    dd 0x771D, 0xB176
    dd 0x771E, 0xB177
    dd 0x771F, 0xD5E6
    dd 0x7720, 0xC3DF
    dd 0x7721, 0xB178
    dd 0x7722, 0xEDF3
    dd 0x7723, 0xB179
    dd 0x7724, 0xB17A
    dd 0x7725, 0xB17B
    dd 0x7726, 0xEDF6
    dd 0x7727, 0xB17C
    dd 0x7728, 0xD5A3
    dd 0x7729, 0xD1A3
    dd 0x772A, 0xB17D
    dd 0x772B, 0xB17E
    dd 0x772C, 0xB180
    dd 0x772D, 0xEDF5
    dd 0x772E, 0xB181
    dd 0x772F, 0xC3D0
    dd 0x7730, 0xB182
    dd 0x7731, 0xB183
    dd 0x7732, 0xB184
    dd 0x7733, 0xB185
    dd 0x7734, 0xB186
    dd 0x7735, 0xEDF7
    dd 0x7736, 0xBFF4
    dd 0x7737, 0xBEEC
    dd 0x7738, 0xEDF8
    dd 0x7739, 0xB187
    dd 0x773A, 0xCCF7
    dd 0x773B, 0xB188
    dd 0x773C, 0xD1DB
    dd 0x773D, 0xB189
    dd 0x773E, 0xB18A
    dd 0x773F, 0xB18B
    dd 0x7740, 0xD7C5
    dd 0x7741, 0xD5F6
    dd 0x7742, 0xB18C
    dd 0x7743, 0xEDFC
    dd 0x7744, 0xB18D
    dd 0x7745, 0xB18E
    dd 0x7746, 0xB18F
    dd 0x7747, 0xEDFB
    dd 0x7748, 0xB190
    dd 0x7749, 0xB191
    dd 0x774A, 0xB192
    dd 0x774B, 0xB193
    dd 0x774C, 0xB194
    dd 0x774D, 0xB195
    dd 0x774E, 0xB196
    dd 0x774F, 0xB197
    dd 0x7750, 0xEDF9
    dd 0x7751, 0xEDFA
    dd 0x7752, 0xB198
    dd 0x7753, 0xB199
    dd 0x7754, 0xB19A
    dd 0x7755, 0xB19B
    dd 0x7756, 0xB19C
    dd 0x7757, 0xB19D
    dd 0x7758, 0xB19E
    dd 0x7759, 0xB19F
    dd 0x775A, 0xEDFD
    dd 0x775B, 0xBEA6
    dd 0x775C, 0xB1A0
    dd 0x775D, 0xB240
    dd 0x775E, 0xB241
    dd 0x775F, 0xB242
    dd 0x7760, 0xB243
    dd 0x7761, 0xCBAF
    dd 0x7762, 0xEEA1
    dd 0x7763, 0xB6BD
    dd 0x7764, 0xB244
    dd 0x7765, 0xEEA2
    dd 0x7766, 0xC4C0
    dd 0x7767, 0xB245
    dd 0x7768, 0xEDFE
    dd 0x7769, 0xB246
    dd 0x776A, 0xB247
    dd 0x776B, 0xBDDE
    dd 0x776C, 0xB2C7
    dd 0x776D, 0xB248
    dd 0x776E, 0xB249
    dd 0x776F, 0xB24A
    dd 0x7770, 0xB24B
    dd 0x7771, 0xB24C
    dd 0x7772, 0xB24D
    dd 0x7773, 0xB24E
    dd 0x7774, 0xB24F
    dd 0x7775, 0xB250
    dd 0x7776, 0xB251
    dd 0x7777, 0xB252
    dd 0x7778, 0xB253
    dd 0x7779, 0xB6C3
    dd 0x777A, 0xB254
    dd 0x777B, 0xB255
    dd 0x777C, 0xB256
    dd 0x777D, 0xEEA5
    dd 0x777E, 0xD8BA
    dd 0x777F, 0xEEA3
    dd 0x7780, 0xEEA6
    dd 0x7781, 0xB257
    dd 0x7782, 0xB258
    dd 0x7783, 0xB259
    dd 0x7784, 0xC3E9
    dd 0x7785, 0xB3F2
    dd 0x7786, 0xB25A
    dd 0x7787, 0xB25B
    dd 0x7788, 0xB25C
    dd 0x7789, 0xB25D
    dd 0x778A, 0xB25E
    dd 0x778B, 0xB25F
    dd 0x778C, 0xEEA7
    dd 0x778D, 0xEEA4
    dd 0x778E, 0xCFB9
    dd 0x778F, 0xB260
    dd 0x7790, 0xB261
    dd 0x7791, 0xEEA8
    dd 0x7792, 0xC2F7
    dd 0x7793, 0xB262
    dd 0x7794, 0xB263
    dd 0x7795, 0xB264
    dd 0x7796, 0xB265
    dd 0x7797, 0xB266
    dd 0x7798, 0xB267
    dd 0x7799, 0xB268
    dd 0x779A, 0xB269
    dd 0x779B, 0xB26A
    dd 0x779C, 0xB26B
    dd 0x779D, 0xB26C
    dd 0x779E, 0xB26D
    dd 0x779F, 0xEEA9
    dd 0x77A0, 0xEEAA
    dd 0x77A1, 0xB26E
    dd 0x77A2, 0xDEAB
    dd 0x77A3, 0xB26F
    dd 0x77A4, 0xB270
    dd 0x77A5, 0xC6B3
    dd 0x77A6, 0xB271
    dd 0x77A7, 0xC7C6
    dd 0x77A8, 0xB272
    dd 0x77A9, 0xD6F5
    dd 0x77AA, 0xB5C9
    dd 0x77AB, 0xB273
    dd 0x77AC, 0xCBB2
    dd 0x77AD, 0xB274
    dd 0x77AE, 0xB275
    dd 0x77AF, 0xB276
    dd 0x77B0, 0xEEAB
    dd 0x77B1, 0xB277
    dd 0x77B2, 0xB278
    dd 0x77B3, 0xCDAB
    dd 0x77B4, 0xB279
    dd 0x77B5, 0xEEAC
    dd 0x77B6, 0xB27A
    dd 0x77B7, 0xB27B
    dd 0x77B8, 0xB27C
    dd 0x77B9, 0xB27D
    dd 0x77BA, 0xB27E
    dd 0x77BB, 0xD5B0
    dd 0x77BC, 0xB280
    dd 0x77BD, 0xEEAD
    dd 0x77BE, 0xB281
    dd 0x77BF, 0xF6C4
    dd 0x77C0, 0xB282
    dd 0x77C1, 0xB283
    dd 0x77C2, 0xB284
    dd 0x77C3, 0xB285
    dd 0x77C4, 0xB286
    dd 0x77C5, 0xB287
    dd 0x77C6, 0xB288
    dd 0x77C7, 0xB289
    dd 0x77C8, 0xB28A
    dd 0x77C9, 0xB28B
    dd 0x77CA, 0xB28C
    dd 0x77CB, 0xB28D
    dd 0x77CC, 0xB28E
    dd 0x77CD, 0xDBC7
    dd 0x77CE, 0xB28F
    dd 0x77CF, 0xB290
    dd 0x77D0, 0xB291
    dd 0x77D1, 0xB292
    dd 0x77D2, 0xB293
    dd 0x77D3, 0xB294
    dd 0x77D4, 0xB295
    dd 0x77D5, 0xB296
    dd 0x77D6, 0xB297
    dd 0x77D7, 0xB4A3
    dd 0x77D8, 0xB298
    dd 0x77D9, 0xB299
    dd 0x77DA, 0xB29A
    dd 0x77DB, 0xC3AC
    dd 0x77DC, 0xF1E6
    dd 0x77DD, 0xB29B
    dd 0x77DE, 0xB29C
    dd 0x77DF, 0xB29D
    dd 0x77E0, 0xB29E
    dd 0x77E1, 0xB29F
    dd 0x77E2, 0xCAB8
    dd 0x77E3, 0xD2D3
    dd 0x77E4, 0xB2A0
    dd 0x77E5, 0xD6AA
    dd 0x77E6, 0xB340
    dd 0x77E7, 0xEFF2
    dd 0x77E8, 0xB341
    dd 0x77E9, 0xBED8
    dd 0x77EA, 0xB342
    dd 0x77EB, 0xBDC3
    dd 0x77EC, 0xEFF3
    dd 0x77ED, 0xB6CC
    dd 0x77EE, 0xB0AB
    dd 0x77EF, 0xB343
    dd 0x77F0, 0xB344
    dd 0x77F1, 0xB345
    dd 0x77F2, 0xB346
    dd 0x77F3, 0xCAAF
    dd 0x77F4, 0xB347
    dd 0x77F5, 0xB348
    dd 0x77F6, 0xEDB6
    dd 0x77F7, 0xB349
    dd 0x77F8, 0xEDB7
    dd 0x77F9, 0xB34A
    dd 0x77FA, 0xB34B
    dd 0x77FB, 0xB34C
    dd 0x77FC, 0xB34D
    dd 0x77FD, 0xCEF9
    dd 0x77FE, 0xB7AF
    dd 0x77FF, 0xBFF3
    dd 0x7800, 0xEDB8
    dd 0x7801, 0xC2EB
    dd 0x7802, 0xC9B0
    dd 0x7803, 0xB34E
    dd 0x7804, 0xB34F
    dd 0x7805, 0xB350
    dd 0x7806, 0xB351
    dd 0x7807, 0xB352
    dd 0x7808, 0xB353
    dd 0x7809, 0xEDB9
    dd 0x780A, 0xB354
    dd 0x780B, 0xB355
    dd 0x780C, 0xC6F6
    dd 0x780D, 0xBFB3
    dd 0x780E, 0xB356
    dd 0x780F, 0xB357
    dd 0x7810, 0xB358
    dd 0x7811, 0xEDBC
    dd 0x7812, 0xC5F8
    dd 0x7813, 0xB359
    dd 0x7814, 0xD1D0
    dd 0x7815, 0xB35A
    dd 0x7816, 0xD7A9
    dd 0x7817, 0xEDBA
    dd 0x7818, 0xEDBB
    dd 0x7819, 0xB35B
    dd 0x781A, 0xD1E2
    dd 0x781B, 0xB35C
    dd 0x781C, 0xEDBF
    dd 0x781D, 0xEDC0
    dd 0x781E, 0xB35D
    dd 0x781F, 0xEDC4
    dd 0x7820, 0xB35E
    dd 0x7821, 0xB35F
    dd 0x7822, 0xB360
    dd 0x7823, 0xEDC8
    dd 0x7824, 0xB361
    dd 0x7825, 0xEDC6
    dd 0x7826, 0xEDCE
    dd 0x7827, 0xD5E8
    dd 0x7828, 0xB362
    dd 0x7829, 0xEDC9
    dd 0x782A, 0xB363
    dd 0x782B, 0xB364
    dd 0x782C, 0xEDC7
    dd 0x782D, 0xEDBE
    dd 0x782E, 0xB365
    dd 0x782F, 0xB366
    dd 0x7830, 0xC5E9
    dd 0x7831, 0xB367
    dd 0x7832, 0xB368
    dd 0x7833, 0xB369
    dd 0x7834, 0xC6C6
    dd 0x7835, 0xB36A
    dd 0x7836, 0xB36B
    dd 0x7837, 0xC9E9
    dd 0x7838, 0xD4D2
    dd 0x7839, 0xEDC1
    dd 0x783A, 0xEDC2
    dd 0x783B, 0xEDC3
    dd 0x783C, 0xEDC5
    dd 0x783D, 0xB36C
    dd 0x783E, 0xC0F9
    dd 0x783F, 0xB36D
    dd 0x7840, 0xB4A1
    dd 0x7841, 0xB36E
    dd 0x7842, 0xB36F
    dd 0x7843, 0xB370
    dd 0x7844, 0xB371
    dd 0x7845, 0xB9E8
    dd 0x7846, 0xB372
    dd 0x7847, 0xEDD0
    dd 0x7848, 0xB373
    dd 0x7849, 0xB374
    dd 0x784A, 0xB375
    dd 0x784B, 0xB376
    dd 0x784C, 0xEDD1
    dd 0x784D, 0xB377
    dd 0x784E, 0xEDCA
    dd 0x784F, 0xB378
    dd 0x7850, 0xEDCF
    dd 0x7851, 0xB379
    dd 0x7852, 0xCEF8
    dd 0x7853, 0xB37A
    dd 0x7854, 0xB37B
    dd 0x7855, 0xCBB6
    dd 0x7856, 0xEDCC
    dd 0x7857, 0xEDCD
    dd 0x7858, 0xB37C
    dd 0x7859, 0xB37D
    dd 0x785A, 0xB37E
    dd 0x785B, 0xB380
    dd 0x785C, 0xB381
    dd 0x785D, 0xCFF5
    dd 0x785E, 0xB382
    dd 0x785F, 0xB383
    dd 0x7860, 0xB384
    dd 0x7861, 0xB385
    dd 0x7862, 0xB386
    dd 0x7863, 0xB387
    dd 0x7864, 0xB388
    dd 0x7865, 0xB389
    dd 0x7866, 0xB38A
    dd 0x7867, 0xB38B
    dd 0x7868, 0xB38C
    dd 0x7869, 0xB38D
    dd 0x786A, 0xEDD2
    dd 0x786B, 0xC1F2
    dd 0x786C, 0xD3B2
    dd 0x786D, 0xEDCB
    dd 0x786E, 0xC8B7
    dd 0x786F, 0xB38E
    dd 0x7870, 0xB38F
    dd 0x7871, 0xB390
    dd 0x7872, 0xB391
    dd 0x7873, 0xB392
    dd 0x7874, 0xB393
    dd 0x7875, 0xB394
    dd 0x7876, 0xB395
    dd 0x7877, 0xBCEF
    dd 0x7878, 0xB396
    dd 0x7879, 0xB397
    dd 0x787A, 0xB398
    dd 0x787B, 0xB399
    dd 0x787C, 0xC5F0
    dd 0x787D, 0xB39A
    dd 0x787E, 0xB39B
    dd 0x787F, 0xB39C
    dd 0x7880, 0xB39D
    dd 0x7881, 0xB39E
    dd 0x7882, 0xB39F
    dd 0x7883, 0xB3A0
    dd 0x7884, 0xB440
    dd 0x7885, 0xB441
    dd 0x7886, 0xB442
    dd 0x7887, 0xEDD6
    dd 0x7888, 0xB443
    dd 0x7889, 0xB5EF
    dd 0x788A, 0xB444
    dd 0x788B, 0xB445
    dd 0x788C, 0xC2B5
    dd 0x788D, 0xB0AD
    dd 0x788E, 0xCBE9
    dd 0x788F, 0xB446
    dd 0x7890, 0xB447
    dd 0x7891, 0xB1AE
    dd 0x7892, 0xB448
    dd 0x7893, 0xEDD4
    dd 0x7894, 0xB449
    dd 0x7895, 0xB44A
    dd 0x7896, 0xB44B
    dd 0x7897, 0xCDEB
    dd 0x7898, 0xB5E2
    dd 0x7899, 0xB44C
    dd 0x789A, 0xEDD5
    dd 0x789B, 0xEDD3
    dd 0x789C, 0xEDD7
    dd 0x789D, 0xB44D
    dd 0x789E, 0xB44E
    dd 0x789F, 0xB5FA
    dd 0x78A0, 0xB44F
    dd 0x78A1, 0xEDD8
    dd 0x78A2, 0xB450
    dd 0x78A3, 0xEDD9
    dd 0x78A4, 0xB451
    dd 0x78A5, 0xEDDC
    dd 0x78A6, 0xB452
    dd 0x78A7, 0xB1CC
    dd 0x78A8, 0xB453
    dd 0x78A9, 0xB454
    dd 0x78AA, 0xB455
    dd 0x78AB, 0xB456
    dd 0x78AC, 0xB457
    dd 0x78AD, 0xB458
    dd 0x78AE, 0xB459
    dd 0x78AF, 0xB45A
    dd 0x78B0, 0xC5F6
    dd 0x78B1, 0xBCEE
    dd 0x78B2, 0xEDDA
    dd 0x78B3, 0xCCBC
    dd 0x78B4, 0xB2EA
    dd 0x78B5, 0xB45B
    dd 0x78B6, 0xB45C
    dd 0x78B7, 0xB45D
    dd 0x78B8, 0xB45E
    dd 0x78B9, 0xEDDB
    dd 0x78BA, 0xB45F
    dd 0x78BB, 0xB460
    dd 0x78BC, 0xB461
    dd 0x78BD, 0xB462
    dd 0x78BE, 0xC4EB
    dd 0x78BF, 0xB463
    dd 0x78C0, 0xB464
    dd 0x78C1, 0xB4C5
    dd 0x78C2, 0xB465
    dd 0x78C3, 0xB466
    dd 0x78C4, 0xB467
    dd 0x78C5, 0xB0F5
    dd 0x78C6, 0xB468
    dd 0x78C7, 0xB469
    dd 0x78C8, 0xB46A
    dd 0x78C9, 0xEDDF
    dd 0x78CA, 0xC0DA
    dd 0x78CB, 0xB4E8
    dd 0x78CC, 0xB46B
    dd 0x78CD, 0xB46C
    dd 0x78CE, 0xB46D
    dd 0x78CF, 0xB46E
    dd 0x78D0, 0xC5CD
    dd 0x78D1, 0xB46F
    dd 0x78D2, 0xB470
    dd 0x78D3, 0xB471
    dd 0x78D4, 0xEDDD
    dd 0x78D5, 0xBFC4
    dd 0x78D6, 0xB472
    dd 0x78D7, 0xB473
    dd 0x78D8, 0xB474
    dd 0x78D9, 0xEDDE
    dd 0x78DA, 0xB475
    dd 0x78DB, 0xB476
    dd 0x78DC, 0xB477
    dd 0x78DD, 0xB478
    dd 0x78DE, 0xB479
    dd 0x78DF, 0xB47A
    dd 0x78E0, 0xB47B
    dd 0x78E1, 0xB47C
    dd 0x78E2, 0xB47D
    dd 0x78E3, 0xB47E
    dd 0x78E4, 0xB480
    dd 0x78E5, 0xB481
    dd 0x78E6, 0xB482
    dd 0x78E7, 0xB483
    dd 0x78E8, 0xC4A5
    dd 0x78E9, 0xB484
    dd 0x78EA, 0xB485
    dd 0x78EB, 0xB486
    dd 0x78EC, 0xEDE0
    dd 0x78ED, 0xB487
    dd 0x78EE, 0xB488
    dd 0x78EF, 0xB489
    dd 0x78F0, 0xB48A
    dd 0x78F1, 0xB48B
    dd 0x78F2, 0xEDE1
    dd 0x78F3, 0xB48C
    dd 0x78F4, 0xEDE3
    dd 0x78F5, 0xB48D
    dd 0x78F6, 0xB48E
    dd 0x78F7, 0xC1D7
    dd 0x78F8, 0xB48F
    dd 0x78F9, 0xB490
    dd 0x78FA, 0xBBC7
    dd 0x78FB, 0xB491
    dd 0x78FC, 0xB492
    dd 0x78FD, 0xB493
    dd 0x78FE, 0xB494
    dd 0x78FF, 0xB495
    dd 0x7900, 0xB496
    dd 0x7901, 0xBDB8
    dd 0x7902, 0xB497
    dd 0x7903, 0xB498
    dd 0x7904, 0xB499
    dd 0x7905, 0xEDE2
    dd 0x7906, 0xB49A
    dd 0x7907, 0xB49B
    dd 0x7908, 0xB49C
    dd 0x7909, 0xB49D
    dd 0x790A, 0xB49E
    dd 0x790B, 0xB49F
    dd 0x790C, 0xB4A0
    dd 0x790D, 0xB540
    dd 0x790E, 0xB541
    dd 0x790F, 0xB542
    dd 0x7910, 0xB543
    dd 0x7911, 0xB544
    dd 0x7912, 0xB545
    dd 0x7913, 0xEDE4
    dd 0x7914, 0xB546
    dd 0x7915, 0xB547
    dd 0x7916, 0xB548
    dd 0x7917, 0xB549
    dd 0x7918, 0xB54A
    dd 0x7919, 0xB54B
    dd 0x791A, 0xB54C
    dd 0x791B, 0xB54D
    dd 0x791C, 0xB54E
    dd 0x791D, 0xB54F
    dd 0x791E, 0xEDE6
    dd 0x791F, 0xB550
    dd 0x7920, 0xB551
    dd 0x7921, 0xB552
    dd 0x7922, 0xB553
    dd 0x7923, 0xB554
    dd 0x7924, 0xEDE5
    dd 0x7925, 0xB555
    dd 0x7926, 0xB556
    dd 0x7927, 0xB557
    dd 0x7928, 0xB558
    dd 0x7929, 0xB559
    dd 0x792A, 0xB55A
    dd 0x792B, 0xB55B
    dd 0x792C, 0xB55C
    dd 0x792D, 0xB55D
    dd 0x792E, 0xB55E
    dd 0x792F, 0xB55F
    dd 0x7930, 0xB560
    dd 0x7931, 0xB561
    dd 0x7932, 0xB562
    dd 0x7933, 0xB563
    dd 0x7934, 0xEDE7
    dd 0x7935, 0xB564
    dd 0x7936, 0xB565
    dd 0x7937, 0xB566
    dd 0x7938, 0xB567
    dd 0x7939, 0xB568
    dd 0x793A, 0xCABE
    dd 0x793B, 0xECEA
    dd 0x793C, 0xC0F1
    dd 0x793D, 0xB569
    dd 0x793E, 0xC9E7
    dd 0x793F, 0xB56A
    dd 0x7940, 0xECEB
    dd 0x7941, 0xC6EE
    dd 0x7942, 0xB56B
    dd 0x7943, 0xB56C
    dd 0x7944, 0xB56D
    dd 0x7945, 0xB56E
    dd 0x7946, 0xECEC
    dd 0x7947, 0xB56F
    dd 0x7948, 0xC6ED
    dd 0x7949, 0xECED
    dd 0x794A, 0xB570
    dd 0x794B, 0xB571
    dd 0x794C, 0xB572
    dd 0x794D, 0xB573
    dd 0x794E, 0xB574
    dd 0x794F, 0xB575
    dd 0x7950, 0xB576
    dd 0x7951, 0xB577
    dd 0x7952, 0xB578
    dd 0x7953, 0xECF0
    dd 0x7954, 0xB579
    dd 0x7955, 0xB57A
    dd 0x7956, 0xD7E6
    dd 0x7957, 0xECF3
    dd 0x7958, 0xB57B
    dd 0x7959, 0xB57C
    dd 0x795A, 0xECF1
    dd 0x795B, 0xECEE
    dd 0x795C, 0xECEF
    dd 0x795D, 0xD7A3
    dd 0x795E, 0xC9F1
    dd 0x795F, 0xCBEE
    dd 0x7960, 0xECF4
    dd 0x7961, 0xB57D
    dd 0x7962, 0xECF2
    dd 0x7963, 0xB57E
    dd 0x7964, 0xB580
    dd 0x7965, 0xCFE9
    dd 0x7966, 0xB581
    dd 0x7967, 0xECF6
    dd 0x7968, 0xC6B1
    dd 0x7969, 0xB582
    dd 0x796A, 0xB583
    dd 0x796B, 0xB584
    dd 0x796C, 0xB585
    dd 0x796D, 0xBCC0
    dd 0x796E, 0xB586
    dd 0x796F, 0xECF5
    dd 0x7970, 0xB587
    dd 0x7971, 0xB588
    dd 0x7972, 0xB589
    dd 0x7973, 0xB58A
    dd 0x7974, 0xB58B
    dd 0x7975, 0xB58C
    dd 0x7976, 0xB58D
    dd 0x7977, 0xB5BB
    dd 0x7978, 0xBBF6
    dd 0x7979, 0xB58E
    dd 0x797A, 0xECF7
    dd 0x797B, 0xB58F
    dd 0x797C, 0xB590
    dd 0x797D, 0xB591
    dd 0x797E, 0xB592
    dd 0x797F, 0xB593
    dd 0x7980, 0xD9F7
    dd 0x7981, 0xBDFB
    dd 0x7982, 0xB594
    dd 0x7983, 0xB595
    dd 0x7984, 0xC2BB
    dd 0x7985, 0xECF8
    dd 0x7986, 0xB596
    dd 0x7987, 0xB597
    dd 0x7988, 0xB598
    dd 0x7989, 0xB599
    dd 0x798A, 0xECF9
    dd 0x798B, 0xB59A
    dd 0x798C, 0xB59B
    dd 0x798D, 0xB59C
    dd 0x798E, 0xB59D
    dd 0x798F, 0xB8A3
    dd 0x7990, 0xB59E
    dd 0x7991, 0xB59F
    dd 0x7992, 0xB5A0
    dd 0x7993, 0xB640
    dd 0x7994, 0xB641
    dd 0x7995, 0xB642
    dd 0x7996, 0xB643
    dd 0x7997, 0xB644
    dd 0x7998, 0xB645
    dd 0x7999, 0xB646
    dd 0x799A, 0xECFA
    dd 0x799B, 0xB647
    dd 0x799C, 0xB648
    dd 0x799D, 0xB649
    dd 0x799E, 0xB64A
    dd 0x799F, 0xB64B
    dd 0x79A0, 0xB64C
    dd 0x79A1, 0xB64D
    dd 0x79A2, 0xB64E
    dd 0x79A3, 0xB64F
    dd 0x79A4, 0xB650
    dd 0x79A5, 0xB651
    dd 0x79A6, 0xB652
    dd 0x79A7, 0xECFB
    dd 0x79A8, 0xB653
    dd 0x79A9, 0xB654
    dd 0x79AA, 0xB655
    dd 0x79AB, 0xB656
    dd 0x79AC, 0xB657
    dd 0x79AD, 0xB658
    dd 0x79AE, 0xB659
    dd 0x79AF, 0xB65A
    dd 0x79B0, 0xB65B
    dd 0x79B1, 0xB65C
    dd 0x79B2, 0xB65D
    dd 0x79B3, 0xECFC
    dd 0x79B4, 0xB65E
    dd 0x79B5, 0xB65F
    dd 0x79B6, 0xB660
    dd 0x79B7, 0xB661
    dd 0x79B8, 0xB662
    dd 0x79B9, 0xD3ED
    dd 0x79BA, 0xD8AE
    dd 0x79BB, 0xC0EB
    dd 0x79BC, 0xB663
    dd 0x79BD, 0xC7DD
    dd 0x79BE, 0xBACC
    dd 0x79BF, 0xB664
    dd 0x79C0, 0xD0E3
    dd 0x79C1, 0xCBBD
    dd 0x79C2, 0xB665
    dd 0x79C3, 0xCDBA
    dd 0x79C4, 0xB666
    dd 0x79C5, 0xB667
    dd 0x79C6, 0xB8D1
    dd 0x79C7, 0xB668
    dd 0x79C8, 0xB669
    dd 0x79C9, 0xB1FC
    dd 0x79CA, 0xB66A
    dd 0x79CB, 0xC7EF
    dd 0x79CC, 0xB66B
    dd 0x79CD, 0xD6D6
    dd 0x79CE, 0xB66C
    dd 0x79CF, 0xB66D
    dd 0x79D0, 0xB66E
    dd 0x79D1, 0xBFC6
    dd 0x79D2, 0xC3EB
    dd 0x79D3, 0xB66F
    dd 0x79D4, 0xB670
    dd 0x79D5, 0xEFF5
    dd 0x79D6, 0xB671
    dd 0x79D7, 0xB672
    dd 0x79D8, 0xC3D8
    dd 0x79D9, 0xB673
    dd 0x79DA, 0xB674
    dd 0x79DB, 0xB675
    dd 0x79DC, 0xB676
    dd 0x79DD, 0xB677
    dd 0x79DE, 0xB678
    dd 0x79DF, 0xD7E2
    dd 0x79E0, 0xB679
    dd 0x79E1, 0xB67A
    dd 0x79E2, 0xB67B
    dd 0x79E3, 0xEFF7
    dd 0x79E4, 0xB3D3
    dd 0x79E5, 0xB67C
    dd 0x79E6, 0xC7D8
    dd 0x79E7, 0xD1ED
    dd 0x79E8, 0xB67D
    dd 0x79E9, 0xD6C8
    dd 0x79EA, 0xB67E
    dd 0x79EB, 0xEFF8
    dd 0x79EC, 0xB680
    dd 0x79ED, 0xEFF6
    dd 0x79EE, 0xB681
    dd 0x79EF, 0xBBFD
    dd 0x79F0, 0xB3C6
    dd 0x79F1, 0xB682
    dd 0x79F2, 0xB683
    dd 0x79F3, 0xB684
    dd 0x79F4, 0xB685
    dd 0x79F5, 0xB686
    dd 0x79F6, 0xB687
    dd 0x79F7, 0xB688
    dd 0x79F8, 0xBDD5
    dd 0x79F9, 0xB689
    dd 0x79FA, 0xB68A
    dd 0x79FB, 0xD2C6
    dd 0x79FC, 0xB68B
    dd 0x79FD, 0xBBE0
    dd 0x79FE, 0xB68C
    dd 0x79FF, 0xB68D
    dd 0x7A00, 0xCFA1
    dd 0x7A01, 0xB68E
    dd 0x7A02, 0xEFFC
    dd 0x7A03, 0xEFFB
    dd 0x7A04, 0xB68F
    dd 0x7A05, 0xB690
    dd 0x7A06, 0xEFF9
    dd 0x7A07, 0xB691
    dd 0x7A08, 0xB692
    dd 0x7A09, 0xB693
    dd 0x7A0A, 0xB694
    dd 0x7A0B, 0xB3CC
    dd 0x7A0C, 0xB695
    dd 0x7A0D, 0xC9D4
    dd 0x7A0E, 0xCBB0
    dd 0x7A0F, 0xB696
    dd 0x7A10, 0xB697
    dd 0x7A11, 0xB698
    dd 0x7A12, 0xB699
    dd 0x7A13, 0xB69A
    dd 0x7A14, 0xEFFE
    dd 0x7A15, 0xB69B
    dd 0x7A16, 0xB69C
    dd 0x7A17, 0xB0DE
    dd 0x7A18, 0xB69D
    dd 0x7A19, 0xB69E
    dd 0x7A1A, 0xD6C9
    dd 0x7A1B, 0xB69F
    dd 0x7A1C, 0xB6A0
    dd 0x7A1D, 0xB740
    dd 0x7A1E, 0xEFFD
    dd 0x7A1F, 0xB741
    dd 0x7A20, 0xB3ED
    dd 0x7A21, 0xB742
    dd 0x7A22, 0xB743
    dd 0x7A23, 0xF6D5
    dd 0x7A24, 0xB744
    dd 0x7A25, 0xB745
    dd 0x7A26, 0xB746
    dd 0x7A27, 0xB747
    dd 0x7A28, 0xB748
    dd 0x7A29, 0xB749
    dd 0x7A2A, 0xB74A
    dd 0x7A2B, 0xB74B
    dd 0x7A2C, 0xB74C
    dd 0x7A2D, 0xB74D
    dd 0x7A2E, 0xB74E
    dd 0x7A2F, 0xB74F
    dd 0x7A30, 0xB750
    dd 0x7A31, 0xB751
    dd 0x7A32, 0xB752
    dd 0x7A33, 0xCEC8
    dd 0x7A34, 0xB753
    dd 0x7A35, 0xB754
    dd 0x7A36, 0xB755
    dd 0x7A37, 0xF0A2
    dd 0x7A38, 0xB756
    dd 0x7A39, 0xF0A1
    dd 0x7A3A, 0xB757
    dd 0x7A3B, 0xB5BE
    dd 0x7A3C, 0xBCDA
    dd 0x7A3D, 0xBBFC
    dd 0x7A3E, 0xB758
    dd 0x7A3F, 0xB8E5
    dd 0x7A40, 0xB759
    dd 0x7A41, 0xB75A
    dd 0x7A42, 0xB75B
    dd 0x7A43, 0xB75C
    dd 0x7A44, 0xB75D
    dd 0x7A45, 0xB75E
    dd 0x7A46, 0xC4C2
    dd 0x7A47, 0xB75F
    dd 0x7A48, 0xB760
    dd 0x7A49, 0xB761
    dd 0x7A4A, 0xB762
    dd 0x7A4B, 0xB763
    dd 0x7A4C, 0xB764
    dd 0x7A4D, 0xB765
    dd 0x7A4E, 0xB766
    dd 0x7A4F, 0xB767
    dd 0x7A50, 0xB768
    dd 0x7A51, 0xF0A3
    dd 0x7A52, 0xB769
    dd 0x7A53, 0xB76A
    dd 0x7A54, 0xB76B
    dd 0x7A55, 0xB76C
    dd 0x7A56, 0xB76D
    dd 0x7A57, 0xCBEB
    dd 0x7A58, 0xB76E
    dd 0x7A59, 0xB76F
    dd 0x7A5A, 0xB770
    dd 0x7A5B, 0xB771
    dd 0x7A5C, 0xB772
    dd 0x7A5D, 0xB773
    dd 0x7A5E, 0xB774
    dd 0x7A5F, 0xB775
    dd 0x7A60, 0xB776
    dd 0x7A61, 0xB777
    dd 0x7A62, 0xB778
    dd 0x7A63, 0xB779
    dd 0x7A64, 0xB77A
    dd 0x7A65, 0xB77B
    dd 0x7A66, 0xB77C
    dd 0x7A67, 0xB77D
    dd 0x7A68, 0xB77E
    dd 0x7A69, 0xB780
    dd 0x7A6A, 0xB781
    dd 0x7A6B, 0xB782
    dd 0x7A6C, 0xB783
    dd 0x7A6D, 0xB784
    dd 0x7A6E, 0xB785
    dd 0x7A6F, 0xB786
    dd 0x7A70, 0xF0A6
    dd 0x7A71, 0xB787
    dd 0x7A72, 0xB788
    dd 0x7A73, 0xB789
    dd 0x7A74, 0xD1A8
    dd 0x7A75, 0xB78A
    dd 0x7A76, 0xBEBF
    dd 0x7A77, 0xC7EE
    dd 0x7A78, 0xF1B6
    dd 0x7A79, 0xF1B7
    dd 0x7A7A, 0xBFD5
    dd 0x7A7B, 0xB78B
    dd 0x7A7C, 0xB78C
    dd 0x7A7D, 0xB78D
    dd 0x7A7E, 0xB78E
    dd 0x7A7F, 0xB4A9
    dd 0x7A80, 0xF1B8
    dd 0x7A81, 0xCDBB
    dd 0x7A82, 0xB78F
    dd 0x7A83, 0xC7D4
    dd 0x7A84, 0xD5AD
    dd 0x7A85, 0xB790
    dd 0x7A86, 0xF1B9
    dd 0x7A87, 0xB791
    dd 0x7A88, 0xF1BA
    dd 0x7A89, 0xB792
    dd 0x7A8A, 0xB793
    dd 0x7A8B, 0xB794
    dd 0x7A8C, 0xB795
    dd 0x7A8D, 0xC7CF
    dd 0x7A8E, 0xB796
    dd 0x7A8F, 0xB797
    dd 0x7A90, 0xB798
    dd 0x7A91, 0xD2A4
    dd 0x7A92, 0xD6CF
    dd 0x7A93, 0xB799
    dd 0x7A94, 0xB79A
    dd 0x7A95, 0xF1BB
    dd 0x7A96, 0xBDD1
    dd 0x7A97, 0xB4B0
    dd 0x7A98, 0xBEBD
    dd 0x7A99, 0xB79B
    dd 0x7A9A, 0xB79C
    dd 0x7A9B, 0xB79D
    dd 0x7A9C, 0xB4DC
    dd 0x7A9D, 0xCED1
    dd 0x7A9E, 0xB79E
    dd 0x7A9F, 0xBFDF
    dd 0x7AA0, 0xF1BD
    dd 0x7AA1, 0xB79F
    dd 0x7AA2, 0xB7A0
    dd 0x7AA3, 0xB840
    dd 0x7AA4, 0xB841
    dd 0x7AA5, 0xBFFA
    dd 0x7AA6, 0xF1BC
    dd 0x7AA7, 0xB842
    dd 0x7AA8, 0xF1BF
    dd 0x7AA9, 0xB843
    dd 0x7AAA, 0xB844
    dd 0x7AAB, 0xB845
    dd 0x7AAC, 0xF1BE
    dd 0x7AAD, 0xF1C0
    dd 0x7AAE, 0xB846
    dd 0x7AAF, 0xB847
    dd 0x7AB0, 0xB848
    dd 0x7AB1, 0xB849
    dd 0x7AB2, 0xB84A
    dd 0x7AB3, 0xF1C1
    dd 0x7AB4, 0xB84B
    dd 0x7AB5, 0xB84C
    dd 0x7AB6, 0xB84D
    dd 0x7AB7, 0xB84E
    dd 0x7AB8, 0xB84F
    dd 0x7AB9, 0xB850
    dd 0x7ABA, 0xB851
    dd 0x7ABB, 0xB852
    dd 0x7ABC, 0xB853
    dd 0x7ABD, 0xB854
    dd 0x7ABE, 0xB855
    dd 0x7ABF, 0xC1FE
    dd 0x7AC0, 0xB856
    dd 0x7AC1, 0xB857
    dd 0x7AC2, 0xB858
    dd 0x7AC3, 0xB859
    dd 0x7AC4, 0xB85A
    dd 0x7AC5, 0xB85B
    dd 0x7AC6, 0xB85C
    dd 0x7AC7, 0xB85D
    dd 0x7AC8, 0xB85E
    dd 0x7AC9, 0xB85F
    dd 0x7ACA, 0xB860
    dd 0x7ACB, 0xC1A2
    dd 0x7ACC, 0xB861
    dd 0x7ACD, 0xB862
    dd 0x7ACE, 0xB863
    dd 0x7ACF, 0xB864
    dd 0x7AD0, 0xB865
    dd 0x7AD1, 0xB866
    dd 0x7AD2, 0xB867
    dd 0x7AD3, 0xB868
    dd 0x7AD4, 0xB869
    dd 0x7AD5, 0xB86A
    dd 0x7AD6, 0xCAFA
    dd 0x7AD7, 0xB86B
    dd 0x7AD8, 0xB86C
    dd 0x7AD9, 0xD5BE
    dd 0x7ADA, 0xB86D
    dd 0x7ADB, 0xB86E
    dd 0x7ADC, 0xB86F
    dd 0x7ADD, 0xB870
    dd 0x7ADE, 0xBEBA
    dd 0x7ADF, 0xBEB9
    dd 0x7AE0, 0xD5C2
    dd 0x7AE1, 0xB871
    dd 0x7AE2, 0xB872
    dd 0x7AE3, 0xBFA2
    dd 0x7AE4, 0xB873
    dd 0x7AE5, 0xCDAF
    dd 0x7AE6, 0xF1B5
    dd 0x7AE7, 0xB874
    dd 0x7AE8, 0xB875
    dd 0x7AE9, 0xB876
    dd 0x7AEA, 0xB877
    dd 0x7AEB, 0xB878
    dd 0x7AEC, 0xB879
    dd 0x7AED, 0xBDDF
    dd 0x7AEE, 0xB87A
    dd 0x7AEF, 0xB6CB
    dd 0x7AF0, 0xB87B
    dd 0x7AF1, 0xB87C
    dd 0x7AF2, 0xB87D
    dd 0x7AF3, 0xB87E
    dd 0x7AF4, 0xB880
    dd 0x7AF5, 0xB881
    dd 0x7AF6, 0xB882
    dd 0x7AF7, 0xB883
    dd 0x7AF8, 0xB884
    dd 0x7AF9, 0xD6F1
    dd 0x7AFA, 0xF3C3
    dd 0x7AFB, 0xB885
    dd 0x7AFC, 0xB886
    dd 0x7AFD, 0xF3C4
    dd 0x7AFE, 0xB887
    dd 0x7AFF, 0xB8CD
    dd 0x7B00, 0xB888
    dd 0x7B01, 0xB889
    dd 0x7B02, 0xB88A
    dd 0x7B03, 0xF3C6
    dd 0x7B04, 0xF3C7
    dd 0x7B05, 0xB88B
    dd 0x7B06, 0xB0CA
    dd 0x7B07, 0xB88C
    dd 0x7B08, 0xF3C5
    dd 0x7B09, 0xB88D
    dd 0x7B0A, 0xF3C9
    dd 0x7B0B, 0xCBF1
    dd 0x7B0C, 0xB88E
    dd 0x7B0D, 0xB88F
    dd 0x7B0E, 0xB890
    dd 0x7B0F, 0xF3CB
    dd 0x7B10, 0xB891
    dd 0x7B11, 0xD0A6
    dd 0x7B12, 0xB892
    dd 0x7B13, 0xB893
    dd 0x7B14, 0xB1CA
    dd 0x7B15, 0xF3C8
    dd 0x7B16, 0xB894
    dd 0x7B17, 0xB895
    dd 0x7B18, 0xB896
    dd 0x7B19, 0xF3CF
    dd 0x7B1A, 0xB897
    dd 0x7B1B, 0xB5D1
    dd 0x7B1C, 0xB898
    dd 0x7B1D, 0xB899
    dd 0x7B1E, 0xF3D7
    dd 0x7B1F, 0xB89A
    dd 0x7B20, 0xF3D2
    dd 0x7B21, 0xB89B
    dd 0x7B22, 0xB89C
    dd 0x7B23, 0xB89D
    dd 0x7B24, 0xF3D4
    dd 0x7B25, 0xF3D3
    dd 0x7B26, 0xB7FB
    dd 0x7B27, 0xB89E
    dd 0x7B28, 0xB1BF
    dd 0x7B29, 0xB89F
    dd 0x7B2A, 0xF3CE
    dd 0x7B2B, 0xF3CA
    dd 0x7B2C, 0xB5DA
    dd 0x7B2D, 0xB8A0
    dd 0x7B2E, 0xF3D0
    dd 0x7B2F, 0xB940
    dd 0x7B30, 0xB941
    dd 0x7B31, 0xF3D1
    dd 0x7B32, 0xB942
    dd 0x7B33, 0xF3D5
    dd 0x7B34, 0xB943
    dd 0x7B35, 0xB944
    dd 0x7B36, 0xB945
    dd 0x7B37, 0xB946
    dd 0x7B38, 0xF3CD
    dd 0x7B39, 0xB947
    dd 0x7B3A, 0xBCE3
    dd 0x7B3B, 0xB948
    dd 0x7B3C, 0xC1FD
    dd 0x7B3D, 0xB949
    dd 0x7B3E, 0xF3D6
    dd 0x7B3F, 0xB94A
    dd 0x7B40, 0xB94B
    dd 0x7B41, 0xB94C
    dd 0x7B42, 0xB94D
    dd 0x7B43, 0xB94E
    dd 0x7B44, 0xB94F
    dd 0x7B45, 0xF3DA
    dd 0x7B46, 0xB950
    dd 0x7B47, 0xF3CC
    dd 0x7B48, 0xB951
    dd 0x7B49, 0xB5C8
    dd 0x7B4A, 0xB952
    dd 0x7B4B, 0xBDEE
    dd 0x7B4C, 0xF3DC
    dd 0x7B4D, 0xB953
    dd 0x7B4E, 0xB954
    dd 0x7B4F, 0xB7A4
    dd 0x7B50, 0xBFF0
    dd 0x7B51, 0xD6FE
    dd 0x7B52, 0xCDB2
    dd 0x7B53, 0xB955
    dd 0x7B54, 0xB4F0
    dd 0x7B55, 0xB956
    dd 0x7B56, 0xB2DF
    dd 0x7B57, 0xB957
    dd 0x7B58, 0xF3D8
    dd 0x7B59, 0xB958
    dd 0x7B5A, 0xF3D9
    dd 0x7B5B, 0xC9B8
    dd 0x7B5C, 0xB959
    dd 0x7B5D, 0xF3DD
    dd 0x7B5E, 0xB95A
    dd 0x7B5F, 0xB95B
    dd 0x7B60, 0xF3DE
    dd 0x7B61, 0xB95C
    dd 0x7B62, 0xF3E1
    dd 0x7B63, 0xB95D
    dd 0x7B64, 0xB95E
    dd 0x7B65, 0xB95F
    dd 0x7B66, 0xB960
    dd 0x7B67, 0xB961
    dd 0x7B68, 0xB962
    dd 0x7B69, 0xB963
    dd 0x7B6A, 0xB964
    dd 0x7B6B, 0xB965
    dd 0x7B6C, 0xB966
    dd 0x7B6D, 0xB967
    dd 0x7B6E, 0xF3DF
    dd 0x7B6F, 0xB968
    dd 0x7B70, 0xB969
    dd 0x7B71, 0xF3E3
    dd 0x7B72, 0xF3E2
    dd 0x7B73, 0xB96A
    dd 0x7B74, 0xB96B
    dd 0x7B75, 0xF3DB
    dd 0x7B76, 0xB96C
    dd 0x7B77, 0xBFEA
    dd 0x7B78, 0xB96D
    dd 0x7B79, 0xB3EF
    dd 0x7B7A, 0xB96E
    dd 0x7B7B, 0xF3E0
    dd 0x7B7C, 0xB96F
    dd 0x7B7D, 0xB970
    dd 0x7B7E, 0xC7A9
    dd 0x7B7F, 0xB971
    dd 0x7B80, 0xBCF2
    dd 0x7B81, 0xB972
    dd 0x7B82, 0xB973
    dd 0x7B83, 0xB974
    dd 0x7B84, 0xB975
    dd 0x7B85, 0xF3EB
    dd 0x7B86, 0xB976
    dd 0x7B87, 0xB977
    dd 0x7B88, 0xB978
    dd 0x7B89, 0xB979
    dd 0x7B8A, 0xB97A
    dd 0x7B8B, 0xB97B
    dd 0x7B8C, 0xB97C
    dd 0x7B8D, 0xB9BF
    dd 0x7B8E, 0xB97D
    dd 0x7B8F, 0xB97E
    dd 0x7B90, 0xF3E4
    dd 0x7B91, 0xB980
    dd 0x7B92, 0xB981
    dd 0x7B93, 0xB982
    dd 0x7B94, 0xB2AD
    dd 0x7B95, 0xBBFE
    dd 0x7B96, 0xB983
    dd 0x7B97, 0xCBE3
    dd 0x7B98, 0xB984
    dd 0x7B99, 0xB985
    dd 0x7B9A, 0xB986
    dd 0x7B9B, 0xB987
    dd 0x7B9C, 0xF3ED
    dd 0x7B9D, 0xF3E9
    dd 0x7B9E, 0xB988
    dd 0x7B9F, 0xB989
    dd 0x7BA0, 0xB98A
    dd 0x7BA1, 0xB9DC
    dd 0x7BA2, 0xF3EE
    dd 0x7BA3, 0xB98B
    dd 0x7BA4, 0xB98C
    dd 0x7BA5, 0xB98D
    dd 0x7BA6, 0xF3E5
    dd 0x7BA7, 0xF3E6
    dd 0x7BA8, 0xF3EA
    dd 0x7BA9, 0xC2E1
    dd 0x7BAA, 0xF3EC
    dd 0x7BAB, 0xF3EF
    dd 0x7BAC, 0xF3E8
    dd 0x7BAD, 0xBCFD
    dd 0x7BAE, 0xB98E
    dd 0x7BAF, 0xB98F
    dd 0x7BB0, 0xB990
    dd 0x7BB1, 0xCFE4
    dd 0x7BB2, 0xB991
    dd 0x7BB3, 0xB992
    dd 0x7BB4, 0xF3F0
    dd 0x7BB5, 0xB993
    dd 0x7BB6, 0xB994
    dd 0x7BB7, 0xB995
    dd 0x7BB8, 0xF3E7
    dd 0x7BB9, 0xB996
    dd 0x7BBA, 0xB997
    dd 0x7BBB, 0xB998
    dd 0x7BBC, 0xB999
    dd 0x7BBD, 0xB99A
    dd 0x7BBE, 0xB99B
    dd 0x7BBF, 0xB99C
    dd 0x7BC0, 0xB99D
    dd 0x7BC1, 0xF3F2
    dd 0x7BC2, 0xB99E
    dd 0x7BC3, 0xB99F
    dd 0x7BC4, 0xB9A0
    dd 0x7BC5, 0xBA40
    dd 0x7BC6, 0xD7AD
    dd 0x7BC7, 0xC6AA
    dd 0x7BC8, 0xBA41
    dd 0x7BC9, 0xBA42
    dd 0x7BCA, 0xBA43
    dd 0x7BCB, 0xBA44
    dd 0x7BCC, 0xF3F3
    dd 0x7BCD, 0xBA45
    dd 0x7BCE, 0xBA46
    dd 0x7BCF, 0xBA47
    dd 0x7BD0, 0xBA48
    dd 0x7BD1, 0xF3F1
    dd 0x7BD2, 0xBA49
    dd 0x7BD3, 0xC2A8
    dd 0x7BD4, 0xBA4A
    dd 0x7BD5, 0xBA4B
    dd 0x7BD6, 0xBA4C
    dd 0x7BD7, 0xBA4D
    dd 0x7BD8, 0xBA4E
    dd 0x7BD9, 0xB8DD
    dd 0x7BDA, 0xF3F5
    dd 0x7BDB, 0xBA4F
    dd 0x7BDC, 0xBA50
    dd 0x7BDD, 0xF3F4
    dd 0x7BDE, 0xBA51
    dd 0x7BDF, 0xBA52
    dd 0x7BE0, 0xBA53
    dd 0x7BE1, 0xB4DB
    dd 0x7BE2, 0xBA54
    dd 0x7BE3, 0xBA55
    dd 0x7BE4, 0xBA56
    dd 0x7BE5, 0xF3F6
    dd 0x7BE6, 0xF3F7
    dd 0x7BE7, 0xBA57
    dd 0x7BE8, 0xBA58
    dd 0x7BE9, 0xBA59
    dd 0x7BEA, 0xF3F8
    dd 0x7BEB, 0xBA5A
    dd 0x7BEC, 0xBA5B
    dd 0x7BED, 0xBA5C
    dd 0x7BEE, 0xC0BA
    dd 0x7BEF, 0xBA5D
    dd 0x7BF0, 0xBA5E
    dd 0x7BF1, 0xC0E9
    dd 0x7BF2, 0xBA5F
    dd 0x7BF3, 0xBA60
    dd 0x7BF4, 0xBA61
    dd 0x7BF5, 0xBA62
    dd 0x7BF6, 0xBA63
    dd 0x7BF7, 0xC5F1
    dd 0x7BF8, 0xBA64
    dd 0x7BF9, 0xBA65
    dd 0x7BFA, 0xBA66
    dd 0x7BFB, 0xBA67
    dd 0x7BFC, 0xF3FB
    dd 0x7BFD, 0xBA68
    dd 0x7BFE, 0xF3FA
    dd 0x7BFF, 0xBA69
    dd 0x7C00, 0xBA6A
    dd 0x7C01, 0xBA6B
    dd 0x7C02, 0xBA6C
    dd 0x7C03, 0xBA6D
    dd 0x7C04, 0xBA6E
    dd 0x7C05, 0xBA6F
    dd 0x7C06, 0xBA70
    dd 0x7C07, 0xB4D8
    dd 0x7C08, 0xBA71
    dd 0x7C09, 0xBA72
    dd 0x7C0A, 0xBA73
    dd 0x7C0B, 0xF3FE
    dd 0x7C0C, 0xF3F9
    dd 0x7C0D, 0xBA74
    dd 0x7C0E, 0xBA75
    dd 0x7C0F, 0xF3FC
    dd 0x7C10, 0xBA76
    dd 0x7C11, 0xBA77
    dd 0x7C12, 0xBA78
    dd 0x7C13, 0xBA79
    dd 0x7C14, 0xBA7A
    dd 0x7C15, 0xBA7B
    dd 0x7C16, 0xF3FD
    dd 0x7C17, 0xBA7C
    dd 0x7C18, 0xBA7D
    dd 0x7C19, 0xBA7E
    dd 0x7C1A, 0xBA80
    dd 0x7C1B, 0xBA81
    dd 0x7C1C, 0xBA82
    dd 0x7C1D, 0xBA83
    dd 0x7C1E, 0xBA84
    dd 0x7C1F, 0xF4A1
    dd 0x7C20, 0xBA85
    dd 0x7C21, 0xBA86
    dd 0x7C22, 0xBA87
    dd 0x7C23, 0xBA88
    dd 0x7C24, 0xBA89
    dd 0x7C25, 0xBA8A
    dd 0x7C26, 0xF4A3
    dd 0x7C27, 0xBBC9
    dd 0x7C28, 0xBA8B
    dd 0x7C29, 0xBA8C
    dd 0x7C2A, 0xF4A2
    dd 0x7C2B, 0xBA8D
    dd 0x7C2C, 0xBA8E
    dd 0x7C2D, 0xBA8F
    dd 0x7C2E, 0xBA90
    dd 0x7C2F, 0xBA91
    dd 0x7C30, 0xBA92
    dd 0x7C31, 0xBA93
    dd 0x7C32, 0xBA94
    dd 0x7C33, 0xBA95
    dd 0x7C34, 0xBA96
    dd 0x7C35, 0xBA97
    dd 0x7C36, 0xBA98
    dd 0x7C37, 0xBA99
    dd 0x7C38, 0xF4A4
    dd 0x7C39, 0xBA9A
    dd 0x7C3A, 0xBA9B
    dd 0x7C3B, 0xBA9C
    dd 0x7C3C, 0xBA9D
    dd 0x7C3D, 0xBA9E
    dd 0x7C3E, 0xBA9F
    dd 0x7C3F, 0xB2BE
    dd 0x7C40, 0xF4A6
    dd 0x7C41, 0xF4A5
    dd 0x7C42, 0xBAA0
    dd 0x7C43, 0xBB40
    dd 0x7C44, 0xBB41
    dd 0x7C45, 0xBB42
    dd 0x7C46, 0xBB43
    dd 0x7C47, 0xBB44
    dd 0x7C48, 0xBB45
    dd 0x7C49, 0xBB46
    dd 0x7C4A, 0xBB47
    dd 0x7C4B, 0xBB48
    dd 0x7C4C, 0xBB49
    dd 0x7C4D, 0xBCAE
    dd 0x7C4E, 0xBB4A
    dd 0x7C4F, 0xBB4B
    dd 0x7C50, 0xBB4C
    dd 0x7C51, 0xBB4D
    dd 0x7C52, 0xBB4E
    dd 0x7C53, 0xBB4F
    dd 0x7C54, 0xBB50
    dd 0x7C55, 0xBB51
    dd 0x7C56, 0xBB52
    dd 0x7C57, 0xBB53
    dd 0x7C58, 0xBB54
    dd 0x7C59, 0xBB55
    dd 0x7C5A, 0xBB56
    dd 0x7C5B, 0xBB57
    dd 0x7C5C, 0xBB58
    dd 0x7C5D, 0xBB59
    dd 0x7C5E, 0xBB5A
    dd 0x7C5F, 0xBB5B
    dd 0x7C60, 0xBB5C
    dd 0x7C61, 0xBB5D
    dd 0x7C62, 0xBB5E
    dd 0x7C63, 0xBB5F
    dd 0x7C64, 0xBB60
    dd 0x7C65, 0xBB61
    dd 0x7C66, 0xBB62
    dd 0x7C67, 0xBB63
    dd 0x7C68, 0xBB64
    dd 0x7C69, 0xBB65
    dd 0x7C6A, 0xBB66
    dd 0x7C6B, 0xBB67
    dd 0x7C6C, 0xBB68
    dd 0x7C6D, 0xBB69
    dd 0x7C6E, 0xBB6A
    dd 0x7C6F, 0xBB6B
    dd 0x7C70, 0xBB6C
    dd 0x7C71, 0xBB6D
    dd 0x7C72, 0xBB6E
    dd 0x7C73, 0xC3D7
    dd 0x7C74, 0xD9E1
    dd 0x7C75, 0xBB6F
    dd 0x7C76, 0xBB70
    dd 0x7C77, 0xBB71
    dd 0x7C78, 0xBB72
    dd 0x7C79, 0xBB73
    dd 0x7C7A, 0xBB74
    dd 0x7C7B, 0xC0E0
    dd 0x7C7C, 0xF4CC
    dd 0x7C7D, 0xD7D1
    dd 0x7C7E, 0xBB75
    dd 0x7C7F, 0xBB76
    dd 0x7C80, 0xBB77
    dd 0x7C81, 0xBB78
    dd 0x7C82, 0xBB79
    dd 0x7C83, 0xBB7A
    dd 0x7C84, 0xBB7B
    dd 0x7C85, 0xBB7C
    dd 0x7C86, 0xBB7D
    dd 0x7C87, 0xBB7E
    dd 0x7C88, 0xBB80
    dd 0x7C89, 0xB7DB
    dd 0x7C8A, 0xBB81
    dd 0x7C8B, 0xBB82
    dd 0x7C8C, 0xBB83
    dd 0x7C8D, 0xBB84
    dd 0x7C8E, 0xBB85
    dd 0x7C8F, 0xBB86
    dd 0x7C90, 0xBB87
    dd 0x7C91, 0xF4CE
    dd 0x7C92, 0xC1A3
    dd 0x7C93, 0xBB88
    dd 0x7C94, 0xBB89
    dd 0x7C95, 0xC6C9
    dd 0x7C96, 0xBB8A
    dd 0x7C97, 0xB4D6
    dd 0x7C98, 0xD5B3
    dd 0x7C99, 0xBB8B
    dd 0x7C9A, 0xBB8C
    dd 0x7C9B, 0xBB8D
    dd 0x7C9C, 0xF4D0
    dd 0x7C9D, 0xF4CF
    dd 0x7C9E, 0xF4D1
    dd 0x7C9F, 0xCBDA
    dd 0x7CA0, 0xBB8E
    dd 0x7CA1, 0xBB8F
    dd 0x7CA2, 0xF4D2
    dd 0x7CA3, 0xBB90
    dd 0x7CA4, 0xD4C1
    dd 0x7CA5, 0xD6E0
    dd 0x7CA6, 0xBB91
    dd 0x7CA7, 0xBB92
    dd 0x7CA8, 0xBB93
    dd 0x7CA9, 0xBB94
    dd 0x7CAA, 0xB7E0
    dd 0x7CAB, 0xBB95
    dd 0x7CAC, 0xBB96
    dd 0x7CAD, 0xBB97
    dd 0x7CAE, 0xC1B8
    dd 0x7CAF, 0xBB98
    dd 0x7CB0, 0xBB99
    dd 0x7CB1, 0xC1BB
    dd 0x7CB2, 0xF4D3
    dd 0x7CB3, 0xBEAC
    dd 0x7CB4, 0xBB9A
    dd 0x7CB5, 0xBB9B
    dd 0x7CB6, 0xBB9C
    dd 0x7CB7, 0xBB9D
    dd 0x7CB8, 0xBB9E
    dd 0x7CB9, 0xB4E2
    dd 0x7CBA, 0xBB9F
    dd 0x7CBB, 0xBBA0
    dd 0x7CBC, 0xF4D4
    dd 0x7CBD, 0xF4D5
    dd 0x7CBE, 0xBEAB
    dd 0x7CBF, 0xBC40
    dd 0x7CC0, 0xBC41
    dd 0x7CC1, 0xF4D6
    dd 0x7CC2, 0xBC42
    dd 0x7CC3, 0xBC43
    dd 0x7CC4, 0xBC44
    dd 0x7CC5, 0xF4DB
    dd 0x7CC6, 0xBC45
    dd 0x7CC7, 0xF4D7
    dd 0x7CC8, 0xF4DA
    dd 0x7CC9, 0xBC46
    dd 0x7CCA, 0xBAFD
    dd 0x7CCB, 0xBC47
    dd 0x7CCC, 0xF4D8
    dd 0x7CCD, 0xF4D9
    dd 0x7CCE, 0xBC48
    dd 0x7CCF, 0xBC49
    dd 0x7CD0, 0xBC4A
    dd 0x7CD1, 0xBC4B
    dd 0x7CD2, 0xBC4C
    dd 0x7CD3, 0xBC4D
    dd 0x7CD4, 0xBC4E
    dd 0x7CD5, 0xB8E2
    dd 0x7CD6, 0xCCC7
    dd 0x7CD7, 0xF4DC
    dd 0x7CD8, 0xBC4F
    dd 0x7CD9, 0xB2DA
    dd 0x7CDA, 0xBC50
    dd 0x7CDB, 0xBC51
    dd 0x7CDC, 0xC3D3
    dd 0x7CDD, 0xBC52
    dd 0x7CDE, 0xBC53
    dd 0x7CDF, 0xD4E3
    dd 0x7CE0, 0xBFB7
    dd 0x7CE1, 0xBC54
    dd 0x7CE2, 0xBC55
    dd 0x7CE3, 0xBC56
    dd 0x7CE4, 0xBC57
    dd 0x7CE5, 0xBC58
    dd 0x7CE6, 0xBC59
    dd 0x7CE7, 0xBC5A
    dd 0x7CE8, 0xF4DD
    dd 0x7CE9, 0xBC5B
    dd 0x7CEA, 0xBC5C
    dd 0x7CEB, 0xBC5D
    dd 0x7CEC, 0xBC5E
    dd 0x7CED, 0xBC5F
    dd 0x7CEE, 0xBC60
    dd 0x7CEF, 0xC5B4
    dd 0x7CF0, 0xBC61
    dd 0x7CF1, 0xBC62
    dd 0x7CF2, 0xBC63
    dd 0x7CF3, 0xBC64
    dd 0x7CF4, 0xBC65
    dd 0x7CF5, 0xBC66
    dd 0x7CF6, 0xBC67
    dd 0x7CF7, 0xBC68
    dd 0x7CF8, 0xF4E9
    dd 0x7CF9, 0xBC69
    dd 0x7CFA, 0xBC6A
    dd 0x7CFB, 0xCFB5
    dd 0x7CFC, 0xBC6B
    dd 0x7CFD, 0xBC6C
    dd 0x7CFE, 0xBC6D
    dd 0x7CFF, 0xBC6E
    dd 0x7D00, 0xBC6F
    dd 0x7D01, 0xBC70
    dd 0x7D02, 0xBC71
    dd 0x7D03, 0xBC72
    dd 0x7D04, 0xBC73
    dd 0x7D05, 0xBC74
    dd 0x7D06, 0xBC75
    dd 0x7D07, 0xBC76
    dd 0x7D08, 0xBC77
    dd 0x7D09, 0xBC78
    dd 0x7D0A, 0xCEC9
    dd 0x7D0B, 0xBC79
    dd 0x7D0C, 0xBC7A
    dd 0x7D0D, 0xBC7B
    dd 0x7D0E, 0xBC7C
    dd 0x7D0F, 0xBC7D
    dd 0x7D10, 0xBC7E
    dd 0x7D11, 0xBC80
    dd 0x7D12, 0xBC81
    dd 0x7D13, 0xBC82
    dd 0x7D14, 0xBC83
    dd 0x7D15, 0xBC84
    dd 0x7D16, 0xBC85
    dd 0x7D17, 0xBC86
    dd 0x7D18, 0xBC87
    dd 0x7D19, 0xBC88
    dd 0x7D1A, 0xBC89
    dd 0x7D1B, 0xBC8A
    dd 0x7D1C, 0xBC8B
    dd 0x7D1D, 0xBC8C
    dd 0x7D1E, 0xBC8D
    dd 0x7D1F, 0xBC8E
    dd 0x7D20, 0xCBD8
    dd 0x7D21, 0xBC8F
    dd 0x7D22, 0xCBF7
    dd 0x7D23, 0xBC90
    dd 0x7D24, 0xBC91
    dd 0x7D25, 0xBC92
    dd 0x7D26, 0xBC93
    dd 0x7D27, 0xBDF4
    dd 0x7D28, 0xBC94
    dd 0x7D29, 0xBC95
    dd 0x7D2A, 0xBC96
    dd 0x7D2B, 0xD7CF
    dd 0x7D2C, 0xBC97
    dd 0x7D2D, 0xBC98
    dd 0x7D2E, 0xBC99
    dd 0x7D2F, 0xC0DB
    dd 0x7D30, 0xBC9A
    dd 0x7D31, 0xBC9B
    dd 0x7D32, 0xBC9C
    dd 0x7D33, 0xBC9D
    dd 0x7D34, 0xBC9E
    dd 0x7D35, 0xBC9F
    dd 0x7D36, 0xBCA0
    dd 0x7D37, 0xBD40
    dd 0x7D38, 0xBD41
    dd 0x7D39, 0xBD42
    dd 0x7D3A, 0xBD43
    dd 0x7D3B, 0xBD44
    dd 0x7D3C, 0xBD45
    dd 0x7D3D, 0xBD46
    dd 0x7D3E, 0xBD47
    dd 0x7D3F, 0xBD48
    dd 0x7D40, 0xBD49
    dd 0x7D41, 0xBD4A
    dd 0x7D42, 0xBD4B
    dd 0x7D43, 0xBD4C
    dd 0x7D44, 0xBD4D
    dd 0x7D45, 0xBD4E
    dd 0x7D46, 0xBD4F
    dd 0x7D47, 0xBD50
    dd 0x7D48, 0xBD51
    dd 0x7D49, 0xBD52
    dd 0x7D4A, 0xBD53
    dd 0x7D4B, 0xBD54
    dd 0x7D4C, 0xBD55
    dd 0x7D4D, 0xBD56
    dd 0x7D4E, 0xBD57
    dd 0x7D4F, 0xBD58
    dd 0x7D50, 0xBD59
    dd 0x7D51, 0xBD5A
    dd 0x7D52, 0xBD5B
    dd 0x7D53, 0xBD5C
    dd 0x7D54, 0xBD5D
    dd 0x7D55, 0xBD5E
    dd 0x7D56, 0xBD5F
    dd 0x7D57, 0xBD60
    dd 0x7D58, 0xBD61
    dd 0x7D59, 0xBD62
    dd 0x7D5A, 0xBD63
    dd 0x7D5B, 0xBD64
    dd 0x7D5C, 0xBD65
    dd 0x7D5D, 0xBD66
    dd 0x7D5E, 0xBD67
    dd 0x7D5F, 0xBD68
    dd 0x7D60, 0xBD69
    dd 0x7D61, 0xBD6A
    dd 0x7D62, 0xBD6B
    dd 0x7D63, 0xBD6C
    dd 0x7D64, 0xBD6D
    dd 0x7D65, 0xBD6E
    dd 0x7D66, 0xBD6F
    dd 0x7D67, 0xBD70
    dd 0x7D68, 0xBD71
    dd 0x7D69, 0xBD72
    dd 0x7D6A, 0xBD73
    dd 0x7D6B, 0xBD74
    dd 0x7D6C, 0xBD75
    dd 0x7D6D, 0xBD76
    dd 0x7D6E, 0xD0F5
    dd 0x7D6F, 0xBD77
    dd 0x7D70, 0xBD78
    dd 0x7D71, 0xBD79
    dd 0x7D72, 0xBD7A
    dd 0x7D73, 0xBD7B
    dd 0x7D74, 0xBD7C
    dd 0x7D75, 0xBD7D
    dd 0x7D76, 0xBD7E
    dd 0x7D77, 0xF4EA
    dd 0x7D78, 0xBD80
    dd 0x7D79, 0xBD81
    dd 0x7D7A, 0xBD82
    dd 0x7D7B, 0xBD83
    dd 0x7D7C, 0xBD84
    dd 0x7D7D, 0xBD85
    dd 0x7D7E, 0xBD86
    dd 0x7D7F, 0xBD87
    dd 0x7D80, 0xBD88
    dd 0x7D81, 0xBD89
    dd 0x7D82, 0xBD8A
    dd 0x7D83, 0xBD8B
    dd 0x7D84, 0xBD8C
    dd 0x7D85, 0xBD8D
    dd 0x7D86, 0xBD8E
    dd 0x7D87, 0xBD8F
    dd 0x7D88, 0xBD90
    dd 0x7D89, 0xBD91
    dd 0x7D8A, 0xBD92
    dd 0x7D8B, 0xBD93
    dd 0x7D8C, 0xBD94
    dd 0x7D8D, 0xBD95
    dd 0x7D8E, 0xBD96
    dd 0x7D8F, 0xBD97
    dd 0x7D90, 0xBD98
    dd 0x7D91, 0xBD99
    dd 0x7D92, 0xBD9A
    dd 0x7D93, 0xBD9B
    dd 0x7D94, 0xBD9C
    dd 0x7D95, 0xBD9D
    dd 0x7D96, 0xBD9E
    dd 0x7D97, 0xBD9F
    dd 0x7D98, 0xBDA0
    dd 0x7D99, 0xBE40
    dd 0x7D9A, 0xBE41
    dd 0x7D9B, 0xBE42
    dd 0x7D9C, 0xBE43
    dd 0x7D9D, 0xBE44
    dd 0x7D9E, 0xBE45
    dd 0x7D9F, 0xBE46
    dd 0x7DA0, 0xBE47
    dd 0x7DA1, 0xBE48
    dd 0x7DA2, 0xBE49
    dd 0x7DA3, 0xBE4A
    dd 0x7DA4, 0xBE4B
    dd 0x7DA5, 0xBE4C
    dd 0x7DA6, 0xF4EB
    dd 0x7DA7, 0xBE4D
    dd 0x7DA8, 0xBE4E
    dd 0x7DA9, 0xBE4F
    dd 0x7DAA, 0xBE50
    dd 0x7DAB, 0xBE51
    dd 0x7DAC, 0xBE52
    dd 0x7DAD, 0xBE53
    dd 0x7DAE, 0xF4EC
    dd 0x7DAF, 0xBE54
    dd 0x7DB0, 0xBE55
    dd 0x7DB1, 0xBE56
    dd 0x7DB2, 0xBE57
    dd 0x7DB3, 0xBE58
    dd 0x7DB4, 0xBE59
    dd 0x7DB5, 0xBE5A
    dd 0x7DB6, 0xBE5B
    dd 0x7DB7, 0xBE5C
    dd 0x7DB8, 0xBE5D
    dd 0x7DB9, 0xBE5E
    dd 0x7DBA, 0xBE5F
    dd 0x7DBB, 0xBE60
    dd 0x7DBC, 0xBE61
    dd 0x7DBD, 0xBE62
    dd 0x7DBE, 0xBE63
    dd 0x7DBF, 0xBE64
    dd 0x7DC0, 0xBE65
    dd 0x7DC1, 0xBE66
    dd 0x7DC2, 0xBE67
    dd 0x7DC3, 0xBE68
    dd 0x7DC4, 0xBE69
    dd 0x7DC5, 0xBE6A
    dd 0x7DC6, 0xBE6B
    dd 0x7DC7, 0xBE6C
    dd 0x7DC8, 0xBE6D
    dd 0x7DC9, 0xBE6E
    dd 0x7DCA, 0xBE6F
    dd 0x7DCB, 0xBE70
    dd 0x7DCC, 0xBE71
    dd 0x7DCD, 0xBE72
    dd 0x7DCE, 0xBE73
    dd 0x7DCF, 0xBE74
    dd 0x7DD0, 0xBE75
    dd 0x7DD1, 0xBE76
    dd 0x7DD2, 0xBE77
    dd 0x7DD3, 0xBE78
    dd 0x7DD4, 0xBE79
    dd 0x7DD5, 0xBE7A
    dd 0x7DD6, 0xBE7B
    dd 0x7DD7, 0xBE7C
    dd 0x7DD8, 0xBE7D
    dd 0x7DD9, 0xBE7E
    dd 0x7DDA, 0xBE80
    dd 0x7DDB, 0xBE81
    dd 0x7DDC, 0xBE82
    dd 0x7DDD, 0xBE83
    dd 0x7DDE, 0xBE84
    dd 0x7DDF, 0xBE85
    dd 0x7DE0, 0xBE86
    dd 0x7DE1, 0xBE87
    dd 0x7DE2, 0xBE88
    dd 0x7DE3, 0xBE89
    dd 0x7DE4, 0xBE8A
    dd 0x7DE5, 0xBE8B
    dd 0x7DE6, 0xBE8C
    dd 0x7DE7, 0xBE8D
    dd 0x7DE8, 0xBE8E
    dd 0x7DE9, 0xBE8F
    dd 0x7DEA, 0xBE90
    dd 0x7DEB, 0xBE91
    dd 0x7DEC, 0xBE92
    dd 0x7DED, 0xBE93
    dd 0x7DEE, 0xBE94
    dd 0x7DEF, 0xBE95
    dd 0x7DF0, 0xBE96
    dd 0x7DF1, 0xBE97
    dd 0x7DF2, 0xBE98
    dd 0x7DF3, 0xBE99
    dd 0x7DF4, 0xBE9A
    dd 0x7DF5, 0xBE9B
    dd 0x7DF6, 0xBE9C
    dd 0x7DF7, 0xBE9D
    dd 0x7DF8, 0xBE9E
    dd 0x7DF9, 0xBE9F
    dd 0x7DFA, 0xBEA0
    dd 0x7DFB, 0xBF40
    dd 0x7DFC, 0xBF41
    dd 0x7DFD, 0xBF42
    dd 0x7DFE, 0xBF43
    dd 0x7DFF, 0xBF44
    dd 0x7E00, 0xBF45
    dd 0x7E01, 0xBF46
    dd 0x7E02, 0xBF47
    dd 0x7E03, 0xBF48
    dd 0x7E04, 0xBF49
    dd 0x7E05, 0xBF4A
    dd 0x7E06, 0xBF4B
    dd 0x7E07, 0xBF4C
    dd 0x7E08, 0xBF4D
    dd 0x7E09, 0xBF4E
    dd 0x7E0A, 0xBF4F
    dd 0x7E0B, 0xBF50
    dd 0x7E0C, 0xBF51
    dd 0x7E0D, 0xBF52
    dd 0x7E0E, 0xBF53
    dd 0x7E0F, 0xBF54
    dd 0x7E10, 0xBF55
    dd 0x7E11, 0xBF56
    dd 0x7E12, 0xBF57
    dd 0x7E13, 0xBF58
    dd 0x7E14, 0xBF59
    dd 0x7E15, 0xBF5A
    dd 0x7E16, 0xBF5B
    dd 0x7E17, 0xBF5C
    dd 0x7E18, 0xBF5D
    dd 0x7E19, 0xBF5E
    dd 0x7E1A, 0xBF5F
    dd 0x7E1B, 0xBF60
    dd 0x7E1C, 0xBF61
    dd 0x7E1D, 0xBF62
    dd 0x7E1E, 0xBF63
    dd 0x7E1F, 0xBF64
    dd 0x7E20, 0xBF65
    dd 0x7E21, 0xBF66
    dd 0x7E22, 0xBF67
    dd 0x7E23, 0xBF68
    dd 0x7E24, 0xBF69
    dd 0x7E25, 0xBF6A
    dd 0x7E26, 0xBF6B
    dd 0x7E27, 0xBF6C
    dd 0x7E28, 0xBF6D
    dd 0x7E29, 0xBF6E
    dd 0x7E2A, 0xBF6F
    dd 0x7E2B, 0xBF70
    dd 0x7E2C, 0xBF71
    dd 0x7E2D, 0xBF72
    dd 0x7E2E, 0xBF73
    dd 0x7E2F, 0xBF74
    dd 0x7E30, 0xBF75
    dd 0x7E31, 0xBF76
    dd 0x7E32, 0xBF77
    dd 0x7E33, 0xBF78
    dd 0x7E34, 0xBF79
    dd 0x7E35, 0xBF7A
    dd 0x7E36, 0xBF7B
    dd 0x7E37, 0xBF7C
    dd 0x7E38, 0xBF7D
    dd 0x7E39, 0xBF7E
    dd 0x7E3A, 0xBF80
    dd 0x7E3B, 0xF7E3
    dd 0x7E3C, 0xBF81
    dd 0x7E3D, 0xBF82
    dd 0x7E3E, 0xBF83
    dd 0x7E3F, 0xBF84
    dd 0x7E40, 0xBF85
    dd 0x7E41, 0xB7B1
    dd 0x7E42, 0xBF86
    dd 0x7E43, 0xBF87
    dd 0x7E44, 0xBF88
    dd 0x7E45, 0xBF89
    dd 0x7E46, 0xBF8A
    dd 0x7E47, 0xF4ED
    dd 0x7E48, 0xBF8B
    dd 0x7E49, 0xBF8C
    dd 0x7E4A, 0xBF8D
    dd 0x7E4B, 0xBF8E
    dd 0x7E4C, 0xBF8F
    dd 0x7E4D, 0xBF90
    dd 0x7E4E, 0xBF91
    dd 0x7E4F, 0xBF92
    dd 0x7E50, 0xBF93
    dd 0x7E51, 0xBF94
    dd 0x7E52, 0xBF95
    dd 0x7E53, 0xBF96
    dd 0x7E54, 0xBF97
    dd 0x7E55, 0xBF98
    dd 0x7E56, 0xBF99
    dd 0x7E57, 0xBF9A
    dd 0x7E58, 0xBF9B
    dd 0x7E59, 0xBF9C
    dd 0x7E5A, 0xBF9D
    dd 0x7E5B, 0xBF9E
    dd 0x7E5C, 0xBF9F
    dd 0x7E5D, 0xBFA0
    dd 0x7E5E, 0xC040
    dd 0x7E5F, 0xC041
    dd 0x7E60, 0xC042
    dd 0x7E61, 0xC043
    dd 0x7E62, 0xC044
    dd 0x7E63, 0xC045
    dd 0x7E64, 0xC046
    dd 0x7E65, 0xC047
    dd 0x7E66, 0xC048
    dd 0x7E67, 0xC049
    dd 0x7E68, 0xC04A
    dd 0x7E69, 0xC04B
    dd 0x7E6A, 0xC04C
    dd 0x7E6B, 0xC04D
    dd 0x7E6C, 0xC04E
    dd 0x7E6D, 0xC04F
    dd 0x7E6E, 0xC050
    dd 0x7E6F, 0xC051
    dd 0x7E70, 0xC052
    dd 0x7E71, 0xC053
    dd 0x7E72, 0xC054
    dd 0x7E73, 0xC055
    dd 0x7E74, 0xC056
    dd 0x7E75, 0xC057
    dd 0x7E76, 0xC058
    dd 0x7E77, 0xC059
    dd 0x7E78, 0xC05A
    dd 0x7E79, 0xC05B
    dd 0x7E7A, 0xC05C
    dd 0x7E7B, 0xC05D
    dd 0x7E7C, 0xC05E
    dd 0x7E7D, 0xC05F
    dd 0x7E7E, 0xC060
    dd 0x7E7F, 0xC061
    dd 0x7E80, 0xC062
    dd 0x7E81, 0xC063
    dd 0x7E82, 0xD7EB
    dd 0x7E83, 0xC064
    dd 0x7E84, 0xC065
    dd 0x7E85, 0xC066
    dd 0x7E86, 0xC067
    dd 0x7E87, 0xC068
    dd 0x7E88, 0xC069
    dd 0x7E89, 0xC06A
    dd 0x7E8A, 0xC06B
    dd 0x7E8B, 0xC06C
    dd 0x7E8C, 0xC06D
    dd 0x7E8D, 0xC06E
    dd 0x7E8E, 0xC06F
    dd 0x7E8F, 0xC070
    dd 0x7E90, 0xC071
    dd 0x7E91, 0xC072
    dd 0x7E92, 0xC073
    dd 0x7E93, 0xC074
    dd 0x7E94, 0xC075
    dd 0x7E95, 0xC076
    dd 0x7E96, 0xC077
    dd 0x7E97, 0xC078
    dd 0x7E98, 0xC079
    dd 0x7E99, 0xC07A
    dd 0x7E9A, 0xC07B
    dd 0x7E9B, 0xF4EE
    dd 0x7E9C, 0xC07C
    dd 0x7E9D, 0xC07D
    dd 0x7E9E, 0xC07E
    dd 0x7E9F, 0xE6F9
    dd 0x7EA0, 0xBEC0
    dd 0x7EA1, 0xE6FA
    dd 0x7EA2, 0xBAEC
    dd 0x7EA3, 0xE6FB
    dd 0x7EA4, 0xCFCB
    dd 0x7EA5, 0xE6FC
    dd 0x7EA6, 0xD4BC
    dd 0x7EA7, 0xBCB6
    dd 0x7EA8, 0xE6FD
    dd 0x7EA9, 0xE6FE
    dd 0x7EAA, 0xBCCD
    dd 0x7EAB, 0xC8D2
    dd 0x7EAC, 0xCEB3
    dd 0x7EAD, 0xE7A1
    dd 0x7EAE, 0xC080
    dd 0x7EAF, 0xB4BF
    dd 0x7EB0, 0xE7A2
    dd 0x7EB1, 0xC9B4
    dd 0x7EB2, 0xB8D9
    dd 0x7EB3, 0xC4C9
    dd 0x7EB4, 0xC081
    dd 0x7EB5, 0xD7DD
    dd 0x7EB6, 0xC2DA
    dd 0x7EB7, 0xB7D7
    dd 0x7EB8, 0xD6BD
    dd 0x7EB9, 0xCEC6
    dd 0x7EBA, 0xB7C4
    dd 0x7EBB, 0xC082
    dd 0x7EBC, 0xC083
    dd 0x7EBD, 0xC5A6
    dd 0x7EBE, 0xE7A3
    dd 0x7EBF, 0xCFDF
    dd 0x7EC0, 0xE7A4
    dd 0x7EC1, 0xE7A5
    dd 0x7EC2, 0xE7A6
    dd 0x7EC3, 0xC1B7
    dd 0x7EC4, 0xD7E9
    dd 0x7EC5, 0xC9F0
    dd 0x7EC6, 0xCFB8
    dd 0x7EC7, 0xD6AF
    dd 0x7EC8, 0xD6D5
    dd 0x7EC9, 0xE7A7
    dd 0x7ECA, 0xB0ED
    dd 0x7ECB, 0xE7A8
    dd 0x7ECC, 0xE7A9
    dd 0x7ECD, 0xC9DC
    dd 0x7ECE, 0xD2EF
    dd 0x7ECF, 0xBEAD
    dd 0x7ED0, 0xE7AA
    dd 0x7ED1, 0xB0F3
    dd 0x7ED2, 0xC8DE
    dd 0x7ED3, 0xBDE1
    dd 0x7ED4, 0xE7AB
    dd 0x7ED5, 0xC8C6
    dd 0x7ED6, 0xC084
    dd 0x7ED7, 0xE7AC
    dd 0x7ED8, 0xBBE6
    dd 0x7ED9, 0xB8F8
    dd 0x7EDA, 0xD1A4
    dd 0x7EDB, 0xE7AD
    dd 0x7EDC, 0xC2E7
    dd 0x7EDD, 0xBEF8
    dd 0x7EDE, 0xBDCA
    dd 0x7EDF, 0xCDB3
    dd 0x7EE0, 0xE7AE
    dd 0x7EE1, 0xE7AF
    dd 0x7EE2, 0xBEEE
    dd 0x7EE3, 0xD0E5
    dd 0x7EE4, 0xC085
    dd 0x7EE5, 0xCBE7
    dd 0x7EE6, 0xCCD0
    dd 0x7EE7, 0xBCCC
    dd 0x7EE8, 0xE7B0
    dd 0x7EE9, 0xBCA8
    dd 0x7EEA, 0xD0F7
    dd 0x7EEB, 0xE7B1
    dd 0x7EEC, 0xC086
    dd 0x7EED, 0xD0F8
    dd 0x7EEE, 0xE7B2
    dd 0x7EEF, 0xE7B3
    dd 0x7EF0, 0xB4C2
    dd 0x7EF1, 0xE7B4
    dd 0x7EF2, 0xE7B5
    dd 0x7EF3, 0xC9FE
    dd 0x7EF4, 0xCEAC
    dd 0x7EF5, 0xC3E0
    dd 0x7EF6, 0xE7B7
    dd 0x7EF7, 0xB1C1
    dd 0x7EF8, 0xB3F1
    dd 0x7EF9, 0xC087
    dd 0x7EFA, 0xE7B8
    dd 0x7EFB, 0xE7B9
    dd 0x7EFC, 0xD7DB
    dd 0x7EFD, 0xD5C0
    dd 0x7EFE, 0xE7BA
    dd 0x7EFF, 0xC2CC
    dd 0x7F00, 0xD7BA
    dd 0x7F01, 0xE7BB
    dd 0x7F02, 0xE7BC
    dd 0x7F03, 0xE7BD
    dd 0x7F04, 0xBCEA
    dd 0x7F05, 0xC3E5
    dd 0x7F06, 0xC0C2
    dd 0x7F07, 0xE7BE
    dd 0x7F08, 0xE7BF
    dd 0x7F09, 0xBCA9
    dd 0x7F0A, 0xC088
    dd 0x7F0B, 0xE7C0
    dd 0x7F0C, 0xE7C1
    dd 0x7F0D, 0xE7B6
    dd 0x7F0E, 0xB6D0
    dd 0x7F0F, 0xE7C2
    dd 0x7F10, 0xC089
    dd 0x7F11, 0xE7C3
    dd 0x7F12, 0xE7C4
    dd 0x7F13, 0xBBBA
    dd 0x7F14, 0xB5DE
    dd 0x7F15, 0xC2C6
    dd 0x7F16, 0xB1E0
    dd 0x7F17, 0xE7C5
    dd 0x7F18, 0xD4B5
    dd 0x7F19, 0xE7C6
    dd 0x7F1A, 0xB8BF
    dd 0x7F1B, 0xE7C8
    dd 0x7F1C, 0xE7C7
    dd 0x7F1D, 0xB7EC
    dd 0x7F1E, 0xC08A
    dd 0x7F1F, 0xE7C9
    dd 0x7F20, 0xB2F8
    dd 0x7F21, 0xE7CA
    dd 0x7F22, 0xE7CB
    dd 0x7F23, 0xE7CC
    dd 0x7F24, 0xE7CD
    dd 0x7F25, 0xE7CE
    dd 0x7F26, 0xE7CF
    dd 0x7F27, 0xE7D0
    dd 0x7F28, 0xD3A7
    dd 0x7F29, 0xCBF5
    dd 0x7F2A, 0xE7D1
    dd 0x7F2B, 0xE7D2
    dd 0x7F2C, 0xE7D3
    dd 0x7F2D, 0xE7D4
    dd 0x7F2E, 0xC9C9
    dd 0x7F2F, 0xE7D5
    dd 0x7F30, 0xE7D6
    dd 0x7F31, 0xE7D7
    dd 0x7F32, 0xE7D8
    dd 0x7F33, 0xE7D9
    dd 0x7F34, 0xBDC9
    dd 0x7F35, 0xE7DA
    dd 0x7F36, 0xF3BE
    dd 0x7F37, 0xC08B
    dd 0x7F38, 0xB8D7
    dd 0x7F39, 0xC08C
    dd 0x7F3A, 0xC8B1
    dd 0x7F3B, 0xC08D
    dd 0x7F3C, 0xC08E
    dd 0x7F3D, 0xC08F
    dd 0x7F3E, 0xC090
    dd 0x7F3F, 0xC091
    dd 0x7F40, 0xC092
    dd 0x7F41, 0xC093
    dd 0x7F42, 0xF3BF
    dd 0x7F43, 0xC094
    dd 0x7F44, 0xF3C0
    dd 0x7F45, 0xF3C1
    dd 0x7F46, 0xC095
    dd 0x7F47, 0xC096
    dd 0x7F48, 0xC097
    dd 0x7F49, 0xC098
    dd 0x7F4A, 0xC099
    dd 0x7F4B, 0xC09A
    dd 0x7F4C, 0xC09B
    dd 0x7F4D, 0xC09C
    dd 0x7F4E, 0xC09D
    dd 0x7F4F, 0xC09E
    dd 0x7F50, 0xB9DE
    dd 0x7F51, 0xCDF8
    dd 0x7F52, 0xC09F
    dd 0x7F53, 0xC0A0
    dd 0x7F54, 0xD8E8
    dd 0x7F55, 0xBAB1
    dd 0x7F56, 0xC140
    dd 0x7F57, 0xC2DE
    dd 0x7F58, 0xEEB7
    dd 0x7F59, 0xC141
    dd 0x7F5A, 0xB7A3
    dd 0x7F5B, 0xC142
    dd 0x7F5C, 0xC143
    dd 0x7F5D, 0xC144
    dd 0x7F5E, 0xC145
    dd 0x7F5F, 0xEEB9
    dd 0x7F60, 0xC146
    dd 0x7F61, 0xEEB8
    dd 0x7F62, 0xB0D5
    dd 0x7F63, 0xC147
    dd 0x7F64, 0xC148
    dd 0x7F65, 0xC149
    dd 0x7F66, 0xC14A
    dd 0x7F67, 0xC14B
    dd 0x7F68, 0xEEBB
    dd 0x7F69, 0xD5D6
    dd 0x7F6A, 0xD7EF
    dd 0x7F6B, 0xC14C
    dd 0x7F6C, 0xC14D
    dd 0x7F6D, 0xC14E
    dd 0x7F6E, 0xD6C3
    dd 0x7F6F, 0xC14F
    dd 0x7F70, 0xC150
    dd 0x7F71, 0xEEBD
    dd 0x7F72, 0xCAF0
    dd 0x7F73, 0xC151
    dd 0x7F74, 0xEEBC
    dd 0x7F75, 0xC152
    dd 0x7F76, 0xC153
    dd 0x7F77, 0xC154
    dd 0x7F78, 0xC155
    dd 0x7F79, 0xEEBE
    dd 0x7F7A, 0xC156
    dd 0x7F7B, 0xC157
    dd 0x7F7C, 0xC158
    dd 0x7F7D, 0xC159
    dd 0x7F7E, 0xEEC0
    dd 0x7F7F, 0xC15A
    dd 0x7F80, 0xC15B
    dd 0x7F81, 0xEEBF
    dd 0x7F82, 0xC15C
    dd 0x7F83, 0xC15D
    dd 0x7F84, 0xC15E
    dd 0x7F85, 0xC15F
    dd 0x7F86, 0xC160
    dd 0x7F87, 0xC161
    dd 0x7F88, 0xC162
    dd 0x7F89, 0xC163
    dd 0x7F8A, 0xD1F2
    dd 0x7F8B, 0xC164
    dd 0x7F8C, 0xC7BC
    dd 0x7F8D, 0xC165
    dd 0x7F8E, 0xC3C0
    dd 0x7F8F, 0xC166
    dd 0x7F90, 0xC167
    dd 0x7F91, 0xC168
    dd 0x7F92, 0xC169
    dd 0x7F93, 0xC16A
    dd 0x7F94, 0xB8E1
    dd 0x7F95, 0xC16B
    dd 0x7F96, 0xC16C
    dd 0x7F97, 0xC16D
    dd 0x7F98, 0xC16E
    dd 0x7F99, 0xC16F
    dd 0x7F9A, 0xC1E7
    dd 0x7F9B, 0xC170
    dd 0x7F9C, 0xC171
    dd 0x7F9D, 0xF4C6
    dd 0x7F9E, 0xD0DF
    dd 0x7F9F, 0xF4C7
    dd 0x7FA0, 0xC172
    dd 0x7FA1, 0xCFDB
    dd 0x7FA2, 0xC173
    dd 0x7FA3, 0xC174
    dd 0x7FA4, 0xC8BA
    dd 0x7FA5, 0xC175
    dd 0x7FA6, 0xC176
    dd 0x7FA7, 0xF4C8
    dd 0x7FA8, 0xC177
    dd 0x7FA9, 0xC178
    dd 0x7FAA, 0xC179
    dd 0x7FAB, 0xC17A
    dd 0x7FAC, 0xC17B
    dd 0x7FAD, 0xC17C
    dd 0x7FAE, 0xC17D
    dd 0x7FAF, 0xF4C9
    dd 0x7FB0, 0xF4CA
    dd 0x7FB1, 0xC17E
    dd 0x7FB2, 0xF4CB
    dd 0x7FB3, 0xC180
    dd 0x7FB4, 0xC181
    dd 0x7FB5, 0xC182
    dd 0x7FB6, 0xC183
    dd 0x7FB7, 0xC184
    dd 0x7FB8, 0xD9FA
    dd 0x7FB9, 0xB8FE
    dd 0x7FBA, 0xC185
    dd 0x7FBB, 0xC186
    dd 0x7FBC, 0xE5F1
    dd 0x7FBD, 0xD3F0
    dd 0x7FBE, 0xC187
    dd 0x7FBF, 0xF4E0
    dd 0x7FC0, 0xC188
    dd 0x7FC1, 0xCECC
    dd 0x7FC2, 0xC189
    dd 0x7FC3, 0xC18A
    dd 0x7FC4, 0xC18B
    dd 0x7FC5, 0xB3E1
    dd 0x7FC6, 0xC18C
    dd 0x7FC7, 0xC18D
    dd 0x7FC8, 0xC18E
    dd 0x7FC9, 0xC18F
    dd 0x7FCA, 0xF1B4
    dd 0x7FCB, 0xC190
    dd 0x7FCC, 0xD2EE
    dd 0x7FCD, 0xC191
    dd 0x7FCE, 0xF4E1
    dd 0x7FCF, 0xC192
    dd 0x7FD0, 0xC193
    dd 0x7FD1, 0xC194
    dd 0x7FD2, 0xC195
    dd 0x7FD3, 0xC196
    dd 0x7FD4, 0xCFE8
    dd 0x7FD5, 0xF4E2
    dd 0x7FD6, 0xC197
    dd 0x7FD7, 0xC198
    dd 0x7FD8, 0xC7CC
    dd 0x7FD9, 0xC199
    dd 0x7FDA, 0xC19A
    dd 0x7FDB, 0xC19B
    dd 0x7FDC, 0xC19C
    dd 0x7FDD, 0xC19D
    dd 0x7FDE, 0xC19E
    dd 0x7FDF, 0xB5D4
    dd 0x7FE0, 0xB4E4
    dd 0x7FE1, 0xF4E4
    dd 0x7FE2, 0xC19F
    dd 0x7FE3, 0xC1A0
    dd 0x7FE4, 0xC240
    dd 0x7FE5, 0xF4E3
    dd 0x7FE6, 0xF4E5
    dd 0x7FE7, 0xC241
    dd 0x7FE8, 0xC242
    dd 0x7FE9, 0xF4E6
    dd 0x7FEA, 0xC243
    dd 0x7FEB, 0xC244
    dd 0x7FEC, 0xC245
    dd 0x7FED, 0xC246
    dd 0x7FEE, 0xF4E7
    dd 0x7FEF, 0xC247
    dd 0x7FF0, 0xBAB2
    dd 0x7FF1, 0xB0BF
    dd 0x7FF2, 0xC248
    dd 0x7FF3, 0xF4E8
    dd 0x7FF4, 0xC249
    dd 0x7FF5, 0xC24A
    dd 0x7FF6, 0xC24B
    dd 0x7FF7, 0xC24C
    dd 0x7FF8, 0xC24D
    dd 0x7FF9, 0xC24E
    dd 0x7FFA, 0xC24F
    dd 0x7FFB, 0xB7AD
    dd 0x7FFC, 0xD2ED
    dd 0x7FFD, 0xC250
    dd 0x7FFE, 0xC251
    dd 0x7FFF, 0xC252
    dd 0x8000, 0xD2AB
    dd 0x8001, 0xC0CF
    dd 0x8002, 0xC253
    dd 0x8003, 0xBFBC
    dd 0x8004, 0xEBA3
    dd 0x8005, 0xD5DF
    dd 0x8006, 0xEAC8
    dd 0x8007, 0xC254
    dd 0x8008, 0xC255
    dd 0x8009, 0xC256
    dd 0x800A, 0xC257
    dd 0x800B, 0xF1F3
    dd 0x800C, 0xB6F8
    dd 0x800D, 0xCBA3
    dd 0x800E, 0xC258
    dd 0x800F, 0xC259
    dd 0x8010, 0xC4CD
    dd 0x8011, 0xC25A
    dd 0x8012, 0xF1E7
    dd 0x8013, 0xC25B
    dd 0x8014, 0xF1E8
    dd 0x8015, 0xB8FB
    dd 0x8016, 0xF1E9
    dd 0x8017, 0xBAC4
    dd 0x8018, 0xD4C5
    dd 0x8019, 0xB0D2
    dd 0x801A, 0xC25C
    dd 0x801B, 0xC25D
    dd 0x801C, 0xF1EA
    dd 0x801D, 0xC25E
    dd 0x801E, 0xC25F
    dd 0x801F, 0xC260
    dd 0x8020, 0xF1EB
    dd 0x8021, 0xC261
    dd 0x8022, 0xF1EC
    dd 0x8023, 0xC262
    dd 0x8024, 0xC263
    dd 0x8025, 0xF1ED
    dd 0x8026, 0xF1EE
    dd 0x8027, 0xF1EF
    dd 0x8028, 0xF1F1
    dd 0x8029, 0xF1F0
    dd 0x802A, 0xC5D5
    dd 0x802B, 0xC264
    dd 0x802C, 0xC265
    dd 0x802D, 0xC266
    dd 0x802E, 0xC267
    dd 0x802F, 0xC268
    dd 0x8030, 0xC269
    dd 0x8031, 0xF1F2
    dd 0x8032, 0xC26A
    dd 0x8033, 0xB6FA
    dd 0x8034, 0xC26B
    dd 0x8035, 0xF1F4
    dd 0x8036, 0xD2AE
    dd 0x8037, 0xDEC7
    dd 0x8038, 0xCBCA
    dd 0x8039, 0xC26C
    dd 0x803A, 0xC26D
    dd 0x803B, 0xB3DC
    dd 0x803C, 0xC26E
    dd 0x803D, 0xB5A2
    dd 0x803E, 0xC26F
    dd 0x803F, 0xB9A2
    dd 0x8040, 0xC270
    dd 0x8041, 0xC271
    dd 0x8042, 0xC4F4
    dd 0x8043, 0xF1F5
    dd 0x8044, 0xC272
    dd 0x8045, 0xC273
    dd 0x8046, 0xF1F6
    dd 0x8047, 0xC274
    dd 0x8048, 0xC275
    dd 0x8049, 0xC276
    dd 0x804A, 0xC1C4
    dd 0x804B, 0xC1FB
    dd 0x804C, 0xD6B0
    dd 0x804D, 0xF1F7
    dd 0x804E, 0xC277
    dd 0x804F, 0xC278
    dd 0x8050, 0xC279
    dd 0x8051, 0xC27A
    dd 0x8052, 0xF1F8
    dd 0x8053, 0xC27B
    dd 0x8054, 0xC1AA
    dd 0x8055, 0xC27C
    dd 0x8056, 0xC27D
    dd 0x8057, 0xC27E
    dd 0x8058, 0xC6B8
    dd 0x8059, 0xC280
    dd 0x805A, 0xBEDB
    dd 0x805B, 0xC281
    dd 0x805C, 0xC282
    dd 0x805D, 0xC283
    dd 0x805E, 0xC284
    dd 0x805F, 0xC285
    dd 0x8060, 0xC286
    dd 0x8061, 0xC287
    dd 0x8062, 0xC288
    dd 0x8063, 0xC289
    dd 0x8064, 0xC28A
    dd 0x8065, 0xC28B
    dd 0x8066, 0xC28C
    dd 0x8067, 0xC28D
    dd 0x8068, 0xC28E
    dd 0x8069, 0xF1F9
    dd 0x806A, 0xB4CF
    dd 0x806B, 0xC28F
    dd 0x806C, 0xC290
    dd 0x806D, 0xC291
    dd 0x806E, 0xC292
    dd 0x806F, 0xC293
    dd 0x8070, 0xC294
    dd 0x8071, 0xF1FA
    dd 0x8072, 0xC295
    dd 0x8073, 0xC296
    dd 0x8074, 0xC297
    dd 0x8075, 0xC298
    dd 0x8076, 0xC299
    dd 0x8077, 0xC29A
    dd 0x8078, 0xC29B
    dd 0x8079, 0xC29C
    dd 0x807A, 0xC29D
    dd 0x807B, 0xC29E
    dd 0x807C, 0xC29F
    dd 0x807D, 0xC2A0
    dd 0x807E, 0xC340
    dd 0x807F, 0xEDB2
    dd 0x8080, 0xEDB1
    dd 0x8081, 0xC341
    dd 0x8082, 0xC342
    dd 0x8083, 0xCBE0
    dd 0x8084, 0xD2DE
    dd 0x8085, 0xC343
    dd 0x8086, 0xCBC1
    dd 0x8087, 0xD5D8
    dd 0x8088, 0xC344
    dd 0x8089, 0xC8E2
    dd 0x808A, 0xC345
    dd 0x808B, 0xC0DF
    dd 0x808C, 0xBCA1
    dd 0x808D, 0xC346
    dd 0x808E, 0xC347
    dd 0x808F, 0xC348
    dd 0x8090, 0xC349
    dd 0x8091, 0xC34A
    dd 0x8092, 0xC34B
    dd 0x8093, 0xEBC1
    dd 0x8094, 0xC34C
    dd 0x8095, 0xC34D
    dd 0x8096, 0xD0A4
    dd 0x8097, 0xC34E
    dd 0x8098, 0xD6E2
    dd 0x8099, 0xC34F
    dd 0x809A, 0xB6C7
    dd 0x809B, 0xB8D8
    dd 0x809C, 0xEBC0
    dd 0x809D, 0xB8CE
    dd 0x809E, 0xC350
    dd 0x809F, 0xEBBF
    dd 0x80A0, 0xB3A6
    dd 0x80A1, 0xB9C9
    dd 0x80A2, 0xD6AB
    dd 0x80A3, 0xC351
    dd 0x80A4, 0xB7F4
    dd 0x80A5, 0xB7CA
    dd 0x80A6, 0xC352
    dd 0x80A7, 0xC353
    dd 0x80A8, 0xC354
    dd 0x80A9, 0xBCE7
    dd 0x80AA, 0xB7BE
    dd 0x80AB, 0xEBC6
    dd 0x80AC, 0xC355
    dd 0x80AD, 0xEBC7
    dd 0x80AE, 0xB0B9
    dd 0x80AF, 0xBFCF
    dd 0x80B0, 0xC356
    dd 0x80B1, 0xEBC5
    dd 0x80B2, 0xD3FD
    dd 0x80B3, 0xC357
    dd 0x80B4, 0xEBC8
    dd 0x80B5, 0xC358
    dd 0x80B6, 0xC359
    dd 0x80B7, 0xEBC9
    dd 0x80B8, 0xC35A
    dd 0x80B9, 0xC35B
    dd 0x80BA, 0xB7CE
    dd 0x80BB, 0xC35C
    dd 0x80BC, 0xEBC2
    dd 0x80BD, 0xEBC4
    dd 0x80BE, 0xC9F6
    dd 0x80BF, 0xD6D7
    dd 0x80C0, 0xD5CD
    dd 0x80C1, 0xD0B2
    dd 0x80C2, 0xEBCF
    dd 0x80C3, 0xCEB8
    dd 0x80C4, 0xEBD0
    dd 0x80C5, 0xC35D
    dd 0x80C6, 0xB5A8
    dd 0x80C7, 0xC35E
    dd 0x80C8, 0xC35F
    dd 0x80C9, 0xC360
    dd 0x80CA, 0xC361
    dd 0x80CB, 0xC362
    dd 0x80CC, 0xB1B3
    dd 0x80CD, 0xEBD2
    dd 0x80CE, 0xCCA5
    dd 0x80CF, 0xC363
    dd 0x80D0, 0xC364
    dd 0x80D1, 0xC365
    dd 0x80D2, 0xC366
    dd 0x80D3, 0xC367
    dd 0x80D4, 0xC368
    dd 0x80D5, 0xC369
    dd 0x80D6, 0xC5D6
    dd 0x80D7, 0xEBD3
    dd 0x80D8, 0xC36A
    dd 0x80D9, 0xEBD1
    dd 0x80DA, 0xC5DF
    dd 0x80DB, 0xEBCE
    dd 0x80DC, 0xCAA4
    dd 0x80DD, 0xEBD5
    dd 0x80DE, 0xB0FB
    dd 0x80DF, 0xC36B
    dd 0x80E0, 0xC36C
    dd 0x80E1, 0xBAFA
    dd 0x80E2, 0xC36D
    dd 0x80E3, 0xC36E
    dd 0x80E4, 0xD8B7
    dd 0x80E5, 0xF1E3
    dd 0x80E6, 0xC36F
    dd 0x80E7, 0xEBCA
    dd 0x80E8, 0xEBCB
    dd 0x80E9, 0xEBCC
    dd 0x80EA, 0xEBCD
    dd 0x80EB, 0xEBD6
    dd 0x80EC, 0xE6C0
    dd 0x80ED, 0xEBD9
    dd 0x80EE, 0xC370
    dd 0x80EF, 0xBFE8
    dd 0x80F0, 0xD2C8
    dd 0x80F1, 0xEBD7
    dd 0x80F2, 0xEBDC
    dd 0x80F3, 0xB8EC
    dd 0x80F4, 0xEBD8
    dd 0x80F5, 0xC371
    dd 0x80F6, 0xBDBA
    dd 0x80F7, 0xC372
    dd 0x80F8, 0xD0D8
    dd 0x80F9, 0xC373
    dd 0x80FA, 0xB0B7
    dd 0x80FB, 0xC374
    dd 0x80FC, 0xEBDD
    dd 0x80FD, 0xC4DC
    dd 0x80FE, 0xC375
    dd 0x80FF, 0xC376
    dd 0x8100, 0xC377
    dd 0x8101, 0xC378
    dd 0x8102, 0xD6AC
    dd 0x8103, 0xC379
    dd 0x8104, 0xC37A
    dd 0x8105, 0xC37B
    dd 0x8106, 0xB4E0
    dd 0x8107, 0xC37C
    dd 0x8108, 0xC37D
    dd 0x8109, 0xC2F6
    dd 0x810A, 0xBCB9
    dd 0x810B, 0xC37E
    dd 0x810C, 0xC380
    dd 0x810D, 0xEBDA
    dd 0x810E, 0xEBDB
    dd 0x810F, 0xD4E0
    dd 0x8110, 0xC6EA
    dd 0x8111, 0xC4D4
    dd 0x8112, 0xEBDF
    dd 0x8113, 0xC5A7
    dd 0x8114, 0xD9F5
    dd 0x8115, 0xC381
    dd 0x8116, 0xB2B1
    dd 0x8117, 0xC382
    dd 0x8118, 0xEBE4
    dd 0x8119, 0xC383
    dd 0x811A, 0xBDC5
    dd 0x811B, 0xC384
    dd 0x811C, 0xC385
    dd 0x811D, 0xC386
    dd 0x811E, 0xEBE2
    dd 0x811F, 0xC387
    dd 0x8120, 0xC388
    dd 0x8121, 0xC389
    dd 0x8122, 0xC38A
    dd 0x8123, 0xC38B
    dd 0x8124, 0xC38C
    dd 0x8125, 0xC38D
    dd 0x8126, 0xC38E
    dd 0x8127, 0xC38F
    dd 0x8128, 0xC390
    dd 0x8129, 0xC391
    dd 0x812A, 0xC392
    dd 0x812B, 0xC393
    dd 0x812C, 0xEBE3
    dd 0x812D, 0xC394
    dd 0x812E, 0xC395
    dd 0x812F, 0xB8AC
    dd 0x8130, 0xC396
    dd 0x8131, 0xCDD1
    dd 0x8132, 0xEBE5
    dd 0x8133, 0xC397
    dd 0x8134, 0xC398
    dd 0x8135, 0xC399
    dd 0x8136, 0xEBE1
    dd 0x8137, 0xC39A
    dd 0x8138, 0xC1B3
    dd 0x8139, 0xC39B
    dd 0x813A, 0xC39C
    dd 0x813B, 0xC39D
    dd 0x813C, 0xC39E
    dd 0x813D, 0xC39F
    dd 0x813E, 0xC6A2
    dd 0x813F, 0xC3A0
    dd 0x8140, 0xC440
    dd 0x8141, 0xC441
    dd 0x8142, 0xC442
    dd 0x8143, 0xC443
    dd 0x8144, 0xC444
    dd 0x8145, 0xC445
    dd 0x8146, 0xCCF3
    dd 0x8147, 0xC446
    dd 0x8148, 0xEBE6
    dd 0x8149, 0xC447
    dd 0x814A, 0xC0B0
    dd 0x814B, 0xD2B8
    dd 0x814C, 0xEBE7
    dd 0x814D, 0xC448
    dd 0x814E, 0xC449
    dd 0x814F, 0xC44A
    dd 0x8150, 0xB8AF
    dd 0x8151, 0xB8AD
    dd 0x8152, 0xC44B
    dd 0x8153, 0xEBE8
    dd 0x8154, 0xC7BB
    dd 0x8155, 0xCDF3
    dd 0x8156, 0xC44C
    dd 0x8157, 0xC44D
    dd 0x8158, 0xC44E
    dd 0x8159, 0xEBEA
    dd 0x815A, 0xEBEB
    dd 0x815B, 0xC44F
    dd 0x815C, 0xC450
    dd 0x815D, 0xC451
    dd 0x815E, 0xC452
    dd 0x815F, 0xC453
    dd 0x8160, 0xEBED
    dd 0x8161, 0xC454
    dd 0x8162, 0xC455
    dd 0x8163, 0xC456
    dd 0x8164, 0xC457
    dd 0x8165, 0xD0C8
    dd 0x8166, 0xC458
    dd 0x8167, 0xEBF2
    dd 0x8168, 0xC459
    dd 0x8169, 0xEBEE
    dd 0x816A, 0xC45A
    dd 0x816B, 0xC45B
    dd 0x816C, 0xC45C
    dd 0x816D, 0xEBF1
    dd 0x816E, 0xC8F9
    dd 0x816F, 0xC45D
    dd 0x8170, 0xD1FC
    dd 0x8171, 0xEBEC
    dd 0x8172, 0xC45E
    dd 0x8173, 0xC45F
    dd 0x8174, 0xEBE9
    dd 0x8175, 0xC460
    dd 0x8176, 0xC461
    dd 0x8177, 0xC462
    dd 0x8178, 0xC463
    dd 0x8179, 0xB8B9
    dd 0x817A, 0xCFD9
    dd 0x817B, 0xC4E5
    dd 0x817C, 0xEBEF
    dd 0x817D, 0xEBF0
    dd 0x817E, 0xCCDA
    dd 0x817F, 0xCDC8
    dd 0x8180, 0xB0F2
    dd 0x8181, 0xC464
    dd 0x8182, 0xEBF6
    dd 0x8183, 0xC465
    dd 0x8184, 0xC466
    dd 0x8185, 0xC467
    dd 0x8186, 0xC468
    dd 0x8187, 0xC469
    dd 0x8188, 0xEBF5
    dd 0x8189, 0xC46A
    dd 0x818A, 0xB2B2
    dd 0x818B, 0xC46B
    dd 0x818C, 0xC46C
    dd 0x818D, 0xC46D
    dd 0x818E, 0xC46E
    dd 0x818F, 0xB8E0
    dd 0x8190, 0xC46F
    dd 0x8191, 0xEBF7
    dd 0x8192, 0xC470
    dd 0x8193, 0xC471
    dd 0x8194, 0xC472
    dd 0x8195, 0xC473
    dd 0x8196, 0xC474
    dd 0x8197, 0xC475
    dd 0x8198, 0xB1EC
    dd 0x8199, 0xC476
    dd 0x819A, 0xC477
    dd 0x819B, 0xCCC5
    dd 0x819C, 0xC4A4
    dd 0x819D, 0xCFA5
    dd 0x819E, 0xC478
    dd 0x819F, 0xC479
    dd 0x81A0, 0xC47A
    dd 0x81A1, 0xC47B
    dd 0x81A2, 0xC47C
    dd 0x81A3, 0xEBF9
    dd 0x81A4, 0xC47D
    dd 0x81A5, 0xC47E
    dd 0x81A6, 0xECA2
    dd 0x81A7, 0xC480
    dd 0x81A8, 0xC5F2
    dd 0x81A9, 0xC481
    dd 0x81AA, 0xEBFA
    dd 0x81AB, 0xC482
    dd 0x81AC, 0xC483
    dd 0x81AD, 0xC484
    dd 0x81AE, 0xC485
    dd 0x81AF, 0xC486
    dd 0x81B0, 0xC487
    dd 0x81B1, 0xC488
    dd 0x81B2, 0xC489
    dd 0x81B3, 0xC9C5
    dd 0x81B4, 0xC48A
    dd 0x81B5, 0xC48B
    dd 0x81B6, 0xC48C
    dd 0x81B7, 0xC48D
    dd 0x81B8, 0xC48E
    dd 0x81B9, 0xC48F
    dd 0x81BA, 0xE2DF
    dd 0x81BB, 0xEBFE
    dd 0x81BC, 0xC490
    dd 0x81BD, 0xC491
    dd 0x81BE, 0xC492
    dd 0x81BF, 0xC493
    dd 0x81C0, 0xCDCE
    dd 0x81C1, 0xECA1
    dd 0x81C2, 0xB1DB
    dd 0x81C3, 0xD3B7
    dd 0x81C4, 0xC494
    dd 0x81C5, 0xC495
    dd 0x81C6, 0xD2DC
    dd 0x81C7, 0xC496
    dd 0x81C8, 0xC497
    dd 0x81C9, 0xC498
    dd 0x81CA, 0xEBFD
    dd 0x81CB, 0xC499
    dd 0x81CC, 0xEBFB
    dd 0x81CD, 0xC49A
    dd 0x81CE, 0xC49B
    dd 0x81CF, 0xC49C
    dd 0x81D0, 0xC49D
    dd 0x81D1, 0xC49E
    dd 0x81D2, 0xC49F
    dd 0x81D3, 0xC4A0
    dd 0x81D4, 0xC540
    dd 0x81D5, 0xC541
    dd 0x81D6, 0xC542
    dd 0x81D7, 0xC543
    dd 0x81D8, 0xC544
    dd 0x81D9, 0xC545
    dd 0x81DA, 0xC546
    dd 0x81DB, 0xC547
    dd 0x81DC, 0xC548
    dd 0x81DD, 0xC549
    dd 0x81DE, 0xC54A
    dd 0x81DF, 0xC54B
    dd 0x81E0, 0xC54C
    dd 0x81E1, 0xC54D
    dd 0x81E2, 0xC54E
    dd 0x81E3, 0xB3BC
    dd 0x81E4, 0xC54F
    dd 0x81E5, 0xC550
    dd 0x81E6, 0xC551
    dd 0x81E7, 0xEAB0
    dd 0x81E8, 0xC552
    dd 0x81E9, 0xC553
    dd 0x81EA, 0xD7D4
    dd 0x81EB, 0xC554
    dd 0x81EC, 0xF4AB
    dd 0x81ED, 0xB3F4
    dd 0x81EE, 0xC555
    dd 0x81EF, 0xC556
    dd 0x81F0, 0xC557
    dd 0x81F1, 0xC558
    dd 0x81F2, 0xC559
    dd 0x81F3, 0xD6C1
    dd 0x81F4, 0xD6C2
    dd 0x81F5, 0xC55A
    dd 0x81F6, 0xC55B
    dd 0x81F7, 0xC55C
    dd 0x81F8, 0xC55D
    dd 0x81F9, 0xC55E
    dd 0x81FA, 0xC55F
    dd 0x81FB, 0xD5E9
    dd 0x81FC, 0xBECA
    dd 0x81FD, 0xC560
    dd 0x81FE, 0xF4A7
    dd 0x81FF, 0xC561
    dd 0x8200, 0xD2A8
    dd 0x8201, 0xF4A8
    dd 0x8202, 0xF4A9
    dd 0x8203, 0xC562
    dd 0x8204, 0xF4AA
    dd 0x8205, 0xBECB
    dd 0x8206, 0xD3DF
    dd 0x8207, 0xC563
    dd 0x8208, 0xC564
    dd 0x8209, 0xC565
    dd 0x820A, 0xC566
    dd 0x820B, 0xC567
    dd 0x820C, 0xC9E0
    dd 0x820D, 0xC9E1
    dd 0x820E, 0xC568
    dd 0x820F, 0xC569
    dd 0x8210, 0xF3C2
    dd 0x8211, 0xC56A
    dd 0x8212, 0xCAE6
    dd 0x8213, 0xC56B
    dd 0x8214, 0xCCF2
    dd 0x8215, 0xC56C
    dd 0x8216, 0xC56D
    dd 0x8217, 0xC56E
    dd 0x8218, 0xC56F
    dd 0x8219, 0xC570
    dd 0x821A, 0xC571
    dd 0x821B, 0xE2B6
    dd 0x821C, 0xCBB4
    dd 0x821D, 0xC572
    dd 0x821E, 0xCEE8
    dd 0x821F, 0xD6DB
    dd 0x8220, 0xC573
    dd 0x8221, 0xF4AD
    dd 0x8222, 0xF4AE
    dd 0x8223, 0xF4AF
    dd 0x8224, 0xC574
    dd 0x8225, 0xC575
    dd 0x8226, 0xC576
    dd 0x8227, 0xC577
    dd 0x8228, 0xF4B2
    dd 0x8229, 0xC578
    dd 0x822A, 0xBABD
    dd 0x822B, 0xF4B3
    dd 0x822C, 0xB0E3
    dd 0x822D, 0xF4B0
    dd 0x822E, 0xC579
    dd 0x822F, 0xF4B1
    dd 0x8230, 0xBDA2
    dd 0x8231, 0xB2D5
    dd 0x8232, 0xC57A
    dd 0x8233, 0xF4B6
    dd 0x8234, 0xF4B7
    dd 0x8235, 0xB6E6
    dd 0x8236, 0xB2B0
    dd 0x8237, 0xCFCF
    dd 0x8238, 0xF4B4
    dd 0x8239, 0xB4AC
    dd 0x823A, 0xC57B
    dd 0x823B, 0xF4B5
    dd 0x823C, 0xC57C
    dd 0x823D, 0xC57D
    dd 0x823E, 0xF4B8
    dd 0x823F, 0xC57E
    dd 0x8240, 0xC580
    dd 0x8241, 0xC581
    dd 0x8242, 0xC582
    dd 0x8243, 0xC583
    dd 0x8244, 0xF4B9
    dd 0x8245, 0xC584
    dd 0x8246, 0xC585
    dd 0x8247, 0xCDA7
    dd 0x8248, 0xC586
    dd 0x8249, 0xF4BA
    dd 0x824A, 0xC587
    dd 0x824B, 0xF4BB
    dd 0x824C, 0xC588
    dd 0x824D, 0xC589
    dd 0x824E, 0xC58A
    dd 0x824F, 0xF4BC
    dd 0x8250, 0xC58B
    dd 0x8251, 0xC58C
    dd 0x8252, 0xC58D
    dd 0x8253, 0xC58E
    dd 0x8254, 0xC58F
    dd 0x8255, 0xC590
    dd 0x8256, 0xC591
    dd 0x8257, 0xC592
    dd 0x8258, 0xCBD2
    dd 0x8259, 0xC593
    dd 0x825A, 0xF4BD
    dd 0x825B, 0xC594
    dd 0x825C, 0xC595
    dd 0x825D, 0xC596
    dd 0x825E, 0xC597
    dd 0x825F, 0xF4BE
    dd 0x8260, 0xC598
    dd 0x8261, 0xC599
    dd 0x8262, 0xC59A
    dd 0x8263, 0xC59B
    dd 0x8264, 0xC59C
    dd 0x8265, 0xC59D
    dd 0x8266, 0xC59E
    dd 0x8267, 0xC59F
    dd 0x8268, 0xF4BF
    dd 0x8269, 0xC5A0
    dd 0x826A, 0xC640
    dd 0x826B, 0xC641
    dd 0x826C, 0xC642
    dd 0x826D, 0xC643
    dd 0x826E, 0xF4DE
    dd 0x826F, 0xC1BC
    dd 0x8270, 0xBCE8
    dd 0x8271, 0xC644
    dd 0x8272, 0xC9AB
    dd 0x8273, 0xD1DE
    dd 0x8274, 0xE5F5
    dd 0x8275, 0xC645
    dd 0x8276, 0xC646
    dd 0x8277, 0xC647
    dd 0x8278, 0xC648
    dd 0x8279, 0xDCB3
    dd 0x827A, 0xD2D5
    dd 0x827B, 0xC649
    dd 0x827C, 0xC64A
    dd 0x827D, 0xDCB4
    dd 0x827E, 0xB0AC
    dd 0x827F, 0xDCB5
    dd 0x8280, 0xC64B
    dd 0x8281, 0xC64C
    dd 0x8282, 0xBDDA
    dd 0x8283, 0xC64D
    dd 0x8284, 0xDCB9
    dd 0x8285, 0xC64E
    dd 0x8286, 0xC64F
    dd 0x8287, 0xC650
    dd 0x8288, 0xD8C2
    dd 0x8289, 0xC651
    dd 0x828A, 0xDCB7
    dd 0x828B, 0xD3F3
    dd 0x828C, 0xC652
    dd 0x828D, 0xC9D6
    dd 0x828E, 0xDCBA
    dd 0x828F, 0xDCB6
    dd 0x8290, 0xC653
    dd 0x8291, 0xDCBB
    dd 0x8292, 0xC3A2
    dd 0x8293, 0xC654
    dd 0x8294, 0xC655
    dd 0x8295, 0xC656
    dd 0x8296, 0xC657
    dd 0x8297, 0xDCBC
    dd 0x8298, 0xDCC5
    dd 0x8299, 0xDCBD
    dd 0x829A, 0xC658
    dd 0x829B, 0xC659
    dd 0x829C, 0xCEDF
    dd 0x829D, 0xD6A5
    dd 0x829E, 0xC65A
    dd 0x829F, 0xDCCF
    dd 0x82A0, 0xC65B
    dd 0x82A1, 0xDCCD
    dd 0x82A2, 0xC65C
    dd 0x82A3, 0xC65D
    dd 0x82A4, 0xDCD2
    dd 0x82A5, 0xBDE6
    dd 0x82A6, 0xC2AB
    dd 0x82A7, 0xC65E
    dd 0x82A8, 0xDCB8
    dd 0x82A9, 0xDCCB
    dd 0x82AA, 0xDCCE
    dd 0x82AB, 0xDCBE
    dd 0x82AC, 0xB7D2
    dd 0x82AD, 0xB0C5
    dd 0x82AE, 0xDCC7
    dd 0x82AF, 0xD0BE
    dd 0x82B0, 0xDCC1
    dd 0x82B1, 0xBBA8
    dd 0x82B2, 0xC65F
    dd 0x82B3, 0xB7BC
    dd 0x82B4, 0xDCCC
    dd 0x82B5, 0xC660
    dd 0x82B6, 0xC661
    dd 0x82B7, 0xDCC6
    dd 0x82B8, 0xDCBF
    dd 0x82B9, 0xC7DB
    dd 0x82BA, 0xC662
    dd 0x82BB, 0xC663
    dd 0x82BC, 0xC664
    dd 0x82BD, 0xD1BF
    dd 0x82BE, 0xDCC0
    dd 0x82BF, 0xC665
    dd 0x82C0, 0xC666
    dd 0x82C1, 0xDCCA
    dd 0x82C2, 0xC667
    dd 0x82C3, 0xC668
    dd 0x82C4, 0xDCD0
    dd 0x82C5, 0xC669
    dd 0x82C6, 0xC66A
    dd 0x82C7, 0xCEAD
    dd 0x82C8, 0xDCC2
    dd 0x82C9, 0xC66B
    dd 0x82CA, 0xDCC3
    dd 0x82CB, 0xDCC8
    dd 0x82CC, 0xDCC9
    dd 0x82CD, 0xB2D4
    dd 0x82CE, 0xDCD1
    dd 0x82CF, 0xCBD5
    dd 0x82D0, 0xC66C
    dd 0x82D1, 0xD4B7
    dd 0x82D2, 0xDCDB
    dd 0x82D3, 0xDCDF
    dd 0x82D4, 0xCCA6
    dd 0x82D5, 0xDCE6
    dd 0x82D6, 0xC66D
    dd 0x82D7, 0xC3E7
    dd 0x82D8, 0xDCDC
    dd 0x82D9, 0xC66E
    dd 0x82DA, 0xC66F
    dd 0x82DB, 0xBFC1
    dd 0x82DC, 0xDCD9
    dd 0x82DD, 0xC670
    dd 0x82DE, 0xB0FA
    dd 0x82DF, 0xB9B6
    dd 0x82E0, 0xDCE5
    dd 0x82E1, 0xDCD3
    dd 0x82E2, 0xC671
    dd 0x82E3, 0xDCC4
    dd 0x82E4, 0xDCD6
    dd 0x82E5, 0xC8F4
    dd 0x82E6, 0xBFE0
    dd 0x82E7, 0xC672
    dd 0x82E8, 0xC673
    dd 0x82E9, 0xC674
    dd 0x82EA, 0xC675
    dd 0x82EB, 0xC9BB
    dd 0x82EC, 0xC676
    dd 0x82ED, 0xC677
    dd 0x82EE, 0xC678
    dd 0x82EF, 0xB1BD
    dd 0x82F0, 0xC679
    dd 0x82F1, 0xD3A2
    dd 0x82F2, 0xC67A
    dd 0x82F3, 0xC67B
    dd 0x82F4, 0xDCDA
    dd 0x82F5, 0xC67C
    dd 0x82F6, 0xC67D
    dd 0x82F7, 0xDCD5
    dd 0x82F8, 0xC67E
    dd 0x82F9, 0xC6BB
    dd 0x82FA, 0xC680
    dd 0x82FB, 0xDCDE
    dd 0x82FC, 0xC681
    dd 0x82FD, 0xC682
    dd 0x82FE, 0xC683
    dd 0x82FF, 0xC684
    dd 0x8300, 0xC685
    dd 0x8301, 0xD7C2
    dd 0x8302, 0xC3AF
    dd 0x8303, 0xB7B6
    dd 0x8304, 0xC7D1
    dd 0x8305, 0xC3A9
    dd 0x8306, 0xDCE2
    dd 0x8307, 0xDCD8
    dd 0x8308, 0xDCEB
    dd 0x8309, 0xDCD4
    dd 0x830A, 0xC686
    dd 0x830B, 0xC687
    dd 0x830C, 0xDCDD
    dd 0x830D, 0xC688
    dd 0x830E, 0xBEA5
    dd 0x830F, 0xDCD7
    dd 0x8310, 0xC689
    dd 0x8311, 0xDCE0
    dd 0x8312, 0xC68A
    dd 0x8313, 0xC68B
    dd 0x8314, 0xDCE3
    dd 0x8315, 0xDCE4
    dd 0x8316, 0xC68C
    dd 0x8317, 0xDCF8
    dd 0x8318, 0xC68D
    dd 0x8319, 0xC68E
    dd 0x831A, 0xDCE1
    dd 0x831B, 0xDDA2
    dd 0x831C, 0xDCE7
    dd 0x831D, 0xC68F
    dd 0x831E, 0xC690
    dd 0x831F, 0xC691
    dd 0x8320, 0xC692
    dd 0x8321, 0xC693
    dd 0x8322, 0xC694
    dd 0x8323, 0xC695
    dd 0x8324, 0xC696
    dd 0x8325, 0xC697
    dd 0x8326, 0xC698
    dd 0x8327, 0xBCEB
    dd 0x8328, 0xB4C4
    dd 0x8329, 0xC699
    dd 0x832A, 0xC69A
    dd 0x832B, 0xC3A3
    dd 0x832C, 0xB2E7
    dd 0x832D, 0xDCFA
    dd 0x832E, 0xC69B
    dd 0x832F, 0xDCF2
    dd 0x8330, 0xC69C
    dd 0x8331, 0xDCEF
    dd 0x8332, 0xC69D
    dd 0x8333, 0xDCFC
    dd 0x8334, 0xDCEE
    dd 0x8335, 0xD2F0
    dd 0x8336, 0xB2E8
    dd 0x8337, 0xC69E
    dd 0x8338, 0xC8D7
    dd 0x8339, 0xC8E3
    dd 0x833A, 0xDCFB
    dd 0x833B, 0xC69F
    dd 0x833C, 0xDCED
    dd 0x833D, 0xC6A0
    dd 0x833E, 0xC740
    dd 0x833F, 0xC741
    dd 0x8340, 0xDCF7
    dd 0x8341, 0xC742
    dd 0x8342, 0xC743
    dd 0x8343, 0xDCF5
    dd 0x8344, 0xC744
    dd 0x8345, 0xC745
    dd 0x8346, 0xBEA3
    dd 0x8347, 0xDCF4
    dd 0x8348, 0xC746
    dd 0x8349, 0xB2DD
    dd 0x834A, 0xC747
    dd 0x834B, 0xC748
    dd 0x834C, 0xC749
    dd 0x834D, 0xC74A
    dd 0x834E, 0xC74B
    dd 0x834F, 0xDCF3
    dd 0x8350, 0xBCF6
    dd 0x8351, 0xDCE8
    dd 0x8352, 0xBBC4
    dd 0x8353, 0xC74C
    dd 0x8354, 0xC0F3
    dd 0x8355, 0xC74D
    dd 0x8356, 0xC74E
    dd 0x8357, 0xC74F
    dd 0x8358, 0xC750
    dd 0x8359, 0xC751
    dd 0x835A, 0xBCD4
    dd 0x835B, 0xDCE9
    dd 0x835C, 0xDCEA
    dd 0x835D, 0xC752
    dd 0x835E, 0xDCF1
    dd 0x835F, 0xDCF6
    dd 0x8360, 0xDCF9
    dd 0x8361, 0xB5B4
    dd 0x8362, 0xC753
    dd 0x8363, 0xC8D9
    dd 0x8364, 0xBBE7
    dd 0x8365, 0xDCFE
    dd 0x8366, 0xDCFD
    dd 0x8367, 0xD3AB
    dd 0x8368, 0xDDA1
    dd 0x8369, 0xDDA3
    dd 0x836A, 0xDDA5
    dd 0x836B, 0xD2F1
    dd 0x836C, 0xDDA4
    dd 0x836D, 0xDDA6
    dd 0x836E, 0xDDA7
    dd 0x836F, 0xD2A9
    dd 0x8370, 0xC754
    dd 0x8371, 0xC755
    dd 0x8372, 0xC756
    dd 0x8373, 0xC757
    dd 0x8374, 0xC758
    dd 0x8375, 0xC759
    dd 0x8376, 0xC75A
    dd 0x8377, 0xBAC9
    dd 0x8378, 0xDDA9
    dd 0x8379, 0xC75B
    dd 0x837A, 0xC75C
    dd 0x837B, 0xDDB6
    dd 0x837C, 0xDDB1
    dd 0x837D, 0xDDB4
    dd 0x837E, 0xC75D
    dd 0x837F, 0xC75E
    dd 0x8380, 0xC75F
    dd 0x8381, 0xC760
    dd 0x8382, 0xC761
    dd 0x8383, 0xC762
    dd 0x8384, 0xC763
    dd 0x8385, 0xDDB0
    dd 0x8386, 0xC6CE
    dd 0x8387, 0xC764
    dd 0x8388, 0xC765
    dd 0x8389, 0xC0F2
    dd 0x838A, 0xC766
    dd 0x838B, 0xC767
    dd 0x838C, 0xC768
    dd 0x838D, 0xC769
    dd 0x838E, 0xC9AF
    dd 0x838F, 0xC76A
    dd 0x8390, 0xC76B
    dd 0x8391, 0xC76C
    dd 0x8392, 0xDCEC
    dd 0x8393, 0xDDAE
    dd 0x8394, 0xC76D
    dd 0x8395, 0xC76E
    dd 0x8396, 0xC76F
    dd 0x8397, 0xC770
    dd 0x8398, 0xDDB7
    dd 0x8399, 0xC771
    dd 0x839A, 0xC772
    dd 0x839B, 0xDCF0
    dd 0x839C, 0xDDAF
    dd 0x839D, 0xC773
    dd 0x839E, 0xDDB8
    dd 0x839F, 0xC774
    dd 0x83A0, 0xDDAC
    dd 0x83A1, 0xC775
    dd 0x83A2, 0xC776
    dd 0x83A3, 0xC777
    dd 0x83A4, 0xC778
    dd 0x83A5, 0xC779
    dd 0x83A6, 0xC77A
    dd 0x83A7, 0xC77B
    dd 0x83A8, 0xDDB9
    dd 0x83A9, 0xDDB3
    dd 0x83AA, 0xDDAD
    dd 0x83AB, 0xC4AA
    dd 0x83AC, 0xC77C
    dd 0x83AD, 0xC77D
    dd 0x83AE, 0xC77E
    dd 0x83AF, 0xC780
    dd 0x83B0, 0xDDA8
    dd 0x83B1, 0xC0B3
    dd 0x83B2, 0xC1AB
    dd 0x83B3, 0xDDAA
    dd 0x83B4, 0xDDAB
    dd 0x83B5, 0xC781
    dd 0x83B6, 0xDDB2
    dd 0x83B7, 0xBBF1
    dd 0x83B8, 0xDDB5
    dd 0x83B9, 0xD3A8
    dd 0x83BA, 0xDDBA
    dd 0x83BB, 0xC782
    dd 0x83BC, 0xDDBB
    dd 0x83BD, 0xC3A7
    dd 0x83BE, 0xC783
    dd 0x83BF, 0xC784
    dd 0x83C0, 0xDDD2
    dd 0x83C1, 0xDDBC
    dd 0x83C2, 0xC785
    dd 0x83C3, 0xC786
    dd 0x83C4, 0xC787
    dd 0x83C5, 0xDDD1
    dd 0x83C6, 0xC788
    dd 0x83C7, 0xB9BD
    dd 0x83C8, 0xC789
    dd 0x83C9, 0xC78A
    dd 0x83CA, 0xBED5
    dd 0x83CB, 0xC78B
    dd 0x83CC, 0xBEFA
    dd 0x83CD, 0xC78C
    dd 0x83CE, 0xC78D
    dd 0x83CF, 0xBACA
    dd 0x83D0, 0xC78E
    dd 0x83D1, 0xC78F
    dd 0x83D2, 0xC790
    dd 0x83D3, 0xC791
    dd 0x83D4, 0xDDCA
    dd 0x83D5, 0xC792
    dd 0x83D6, 0xDDC5
    dd 0x83D7, 0xC793
    dd 0x83D8, 0xDDBF
    dd 0x83D9, 0xC794
    dd 0x83DA, 0xC795
    dd 0x83DB, 0xC796
    dd 0x83DC, 0xB2CB
    dd 0x83DD, 0xDDC3
    dd 0x83DE, 0xC797
    dd 0x83DF, 0xDDCB
    dd 0x83E0, 0xB2A4
    dd 0x83E1, 0xDDD5
    dd 0x83E2, 0xC798
    dd 0x83E3, 0xC799
    dd 0x83E4, 0xC79A
    dd 0x83E5, 0xDDBE
    dd 0x83E6, 0xC79B
    dd 0x83E7, 0xC79C
    dd 0x83E8, 0xC79D
    dd 0x83E9, 0xC6D0
    dd 0x83EA, 0xDDD0
    dd 0x83EB, 0xC79E
    dd 0x83EC, 0xC79F
    dd 0x83ED, 0xC7A0
    dd 0x83EE, 0xC840
    dd 0x83EF, 0xC841
    dd 0x83F0, 0xDDD4
    dd 0x83F1, 0xC1E2
    dd 0x83F2, 0xB7C6
    dd 0x83F3, 0xC842
    dd 0x83F4, 0xC843
    dd 0x83F5, 0xC844
    dd 0x83F6, 0xC845
    dd 0x83F7, 0xC846
    dd 0x83F8, 0xDDCE
    dd 0x83F9, 0xDDCF
    dd 0x83FA, 0xC847
    dd 0x83FB, 0xC848
    dd 0x83FC, 0xC849
    dd 0x83FD, 0xDDC4
    dd 0x83FE, 0xC84A
    dd 0x83FF, 0xC84B
    dd 0x8400, 0xC84C
    dd 0x8401, 0xDDBD
    dd 0x8402, 0xC84D
    dd 0x8403, 0xDDCD
    dd 0x8404, 0xCCD1
    dd 0x8405, 0xC84E
    dd 0x8406, 0xDDC9
    dd 0x8407, 0xC84F
    dd 0x8408, 0xC850
    dd 0x8409, 0xC851
    dd 0x840A, 0xC852
    dd 0x840B, 0xDDC2
    dd 0x840C, 0xC3C8
    dd 0x840D, 0xC6BC
    dd 0x840E, 0xCEAE
    dd 0x840F, 0xDDCC
    dd 0x8410, 0xC853
    dd 0x8411, 0xDDC8
    dd 0x8412, 0xC854
    dd 0x8413, 0xC855
    dd 0x8414, 0xC856
    dd 0x8415, 0xC857
    dd 0x8416, 0xC858
    dd 0x8417, 0xC859
    dd 0x8418, 0xDDC1
    dd 0x8419, 0xC85A
    dd 0x841A, 0xC85B
    dd 0x841B, 0xC85C
    dd 0x841C, 0xDDC6
    dd 0x841D, 0xC2DC
    dd 0x841E, 0xC85D
    dd 0x841F, 0xC85E
    dd 0x8420, 0xC85F
    dd 0x8421, 0xC860
    dd 0x8422, 0xC861
    dd 0x8423, 0xC862
    dd 0x8424, 0xD3A9
    dd 0x8425, 0xD3AA
    dd 0x8426, 0xDDD3
    dd 0x8427, 0xCFF4
    dd 0x8428, 0xC8F8
    dd 0x8429, 0xC863
    dd 0x842A, 0xC864
    dd 0x842B, 0xC865
    dd 0x842C, 0xC866
    dd 0x842D, 0xC867
    dd 0x842E, 0xC868
    dd 0x842F, 0xC869
    dd 0x8430, 0xC86A
    dd 0x8431, 0xDDE6
    dd 0x8432, 0xC86B
    dd 0x8433, 0xC86C
    dd 0x8434, 0xC86D
    dd 0x8435, 0xC86E
    dd 0x8436, 0xC86F
    dd 0x8437, 0xC870
    dd 0x8438, 0xDDC7
    dd 0x8439, 0xC871
    dd 0x843A, 0xC872
    dd 0x843B, 0xC873
    dd 0x843C, 0xDDE0
    dd 0x843D, 0xC2E4
    dd 0x843E, 0xC874
    dd 0x843F, 0xC875
    dd 0x8440, 0xC876
    dd 0x8441, 0xC877
    dd 0x8442, 0xC878
    dd 0x8443, 0xC879
    dd 0x8444, 0xC87A
    dd 0x8445, 0xC87B
    dd 0x8446, 0xDDE1
    dd 0x8447, 0xC87C
    dd 0x8448, 0xC87D
    dd 0x8449, 0xC87E
    dd 0x844A, 0xC880
    dd 0x844B, 0xC881
    dd 0x844C, 0xC882
    dd 0x844D, 0xC883
    dd 0x844E, 0xC884
    dd 0x844F, 0xC885
    dd 0x8450, 0xC886
    dd 0x8451, 0xDDD7
    dd 0x8452, 0xC887
    dd 0x8453, 0xC888
    dd 0x8454, 0xC889
    dd 0x8455, 0xC88A
    dd 0x8456, 0xC88B
    dd 0x8457, 0xD6F8
    dd 0x8458, 0xC88C
    dd 0x8459, 0xDDD9
    dd 0x845A, 0xDDD8
    dd 0x845B, 0xB8F0
    dd 0x845C, 0xDDD6
    dd 0x845D, 0xC88D
    dd 0x845E, 0xC88E
    dd 0x845F, 0xC88F
    dd 0x8460, 0xC890
    dd 0x8461, 0xC6CF
    dd 0x8462, 0xC891
    dd 0x8463, 0xB6AD
    dd 0x8464, 0xC892
    dd 0x8465, 0xC893
    dd 0x8466, 0xC894
    dd 0x8467, 0xC895
    dd 0x8468, 0xC896
    dd 0x8469, 0xDDE2
    dd 0x846A, 0xC897
    dd 0x846B, 0xBAF9
    dd 0x846C, 0xD4E1
    dd 0x846D, 0xDDE7
    dd 0x846E, 0xC898
    dd 0x846F, 0xC899
    dd 0x8470, 0xC89A
    dd 0x8471, 0xB4D0
    dd 0x8472, 0xC89B
    dd 0x8473, 0xDDDA
    dd 0x8474, 0xC89C
    dd 0x8475, 0xBFFB
    dd 0x8476, 0xDDE3
    dd 0x8477, 0xC89D
    dd 0x8478, 0xDDDF
    dd 0x8479, 0xC89E
    dd 0x847A, 0xDDDD
    dd 0x847B, 0xC89F
    dd 0x847C, 0xC8A0
    dd 0x847D, 0xC940
    dd 0x847E, 0xC941
    dd 0x847F, 0xC942
    dd 0x8480, 0xC943
    dd 0x8481, 0xC944
    dd 0x8482, 0xB5D9
    dd 0x8483, 0xC945
    dd 0x8484, 0xC946
    dd 0x8485, 0xC947
    dd 0x8486, 0xC948
    dd 0x8487, 0xDDDB
    dd 0x8488, 0xDDDC
    dd 0x8489, 0xDDDE
    dd 0x848A, 0xC949
    dd 0x848B, 0xBDAF
    dd 0x848C, 0xDDE4
    dd 0x848D, 0xC94A
    dd 0x848E, 0xDDE5
    dd 0x848F, 0xC94B
    dd 0x8490, 0xC94C
    dd 0x8491, 0xC94D
    dd 0x8492, 0xC94E
    dd 0x8493, 0xC94F
    dd 0x8494, 0xC950
    dd 0x8495, 0xC951
    dd 0x8496, 0xC952
    dd 0x8497, 0xDDF5
    dd 0x8498, 0xC953
    dd 0x8499, 0xC3C9
    dd 0x849A, 0xC954
    dd 0x849B, 0xC955
    dd 0x849C, 0xCBE2
    dd 0x849D, 0xC956
    dd 0x849E, 0xC957
    dd 0x849F, 0xC958
    dd 0x84A0, 0xC959
    dd 0x84A1, 0xDDF2
    dd 0x84A2, 0xC95A
    dd 0x84A3, 0xC95B
    dd 0x84A4, 0xC95C
    dd 0x84A5, 0xC95D
    dd 0x84A6, 0xC95E
    dd 0x84A7, 0xC95F
    dd 0x84A8, 0xC960
    dd 0x84A9, 0xC961
    dd 0x84AA, 0xC962
    dd 0x84AB, 0xC963
    dd 0x84AC, 0xC964
    dd 0x84AD, 0xC965
    dd 0x84AE, 0xC966
    dd 0x84AF, 0xD8E1
    dd 0x84B0, 0xC967
    dd 0x84B1, 0xC968
    dd 0x84B2, 0xC6D1
    dd 0x84B3, 0xC969
    dd 0x84B4, 0xDDF4
    dd 0x84B5, 0xC96A
    dd 0x84B6, 0xC96B
    dd 0x84B7, 0xC96C
    dd 0x84B8, 0xD5F4
    dd 0x84B9, 0xDDF3
    dd 0x84BA, 0xDDF0
    dd 0x84BB, 0xC96D
    dd 0x84BC, 0xC96E
    dd 0x84BD, 0xDDEC
    dd 0x84BE, 0xC96F
    dd 0x84BF, 0xDDEF
    dd 0x84C0, 0xC970
    dd 0x84C1, 0xDDE8
    dd 0x84C2, 0xC971
    dd 0x84C3, 0xC972
    dd 0x84C4, 0xD0EE
    dd 0x84C5, 0xC973
    dd 0x84C6, 0xC974
    dd 0x84C7, 0xC975
    dd 0x84C8, 0xC976
    dd 0x84C9, 0xC8D8
    dd 0x84CA, 0xDDEE
    dd 0x84CB, 0xC977
    dd 0x84CC, 0xC978
    dd 0x84CD, 0xDDE9
    dd 0x84CE, 0xC979
    dd 0x84CF, 0xC97A
    dd 0x84D0, 0xDDEA
    dd 0x84D1, 0xCBF2
    dd 0x84D2, 0xC97B
    dd 0x84D3, 0xDDED
    dd 0x84D4, 0xC97C
    dd 0x84D5, 0xC97D
    dd 0x84D6, 0xB1CD
    dd 0x84D7, 0xC97E
    dd 0x84D8, 0xC980
    dd 0x84D9, 0xC981
    dd 0x84DA, 0xC982
    dd 0x84DB, 0xC983
    dd 0x84DC, 0xC984
    dd 0x84DD, 0xC0B6
    dd 0x84DE, 0xC985
    dd 0x84DF, 0xBCBB
    dd 0x84E0, 0xDDF1
    dd 0x84E1, 0xC986
    dd 0x84E2, 0xC987
    dd 0x84E3, 0xDDF7
    dd 0x84E4, 0xC988
    dd 0x84E5, 0xDDF6
    dd 0x84E6, 0xDDEB
    dd 0x84E7, 0xC989
    dd 0x84E8, 0xC98A
    dd 0x84E9, 0xC98B
    dd 0x84EA, 0xC98C
    dd 0x84EB, 0xC98D
    dd 0x84EC, 0xC5EE
    dd 0x84ED, 0xC98E
    dd 0x84EE, 0xC98F
    dd 0x84EF, 0xC990
    dd 0x84F0, 0xDDFB
    dd 0x84F1, 0xC991
    dd 0x84F2, 0xC992
    dd 0x84F3, 0xC993
    dd 0x84F4, 0xC994
    dd 0x84F5, 0xC995
    dd 0x84F6, 0xC996
    dd 0x84F7, 0xC997
    dd 0x84F8, 0xC998
    dd 0x84F9, 0xC999
    dd 0x84FA, 0xC99A
    dd 0x84FB, 0xC99B
    dd 0x84FC, 0xDEA4
    dd 0x84FD, 0xC99C
    dd 0x84FE, 0xC99D
    dd 0x84FF, 0xDEA3
    dd 0x8500, 0xC99E
    dd 0x8501, 0xC99F
    dd 0x8502, 0xC9A0
    dd 0x8503, 0xCA40
    dd 0x8504, 0xCA41
    dd 0x8505, 0xCA42
    dd 0x8506, 0xCA43
    dd 0x8507, 0xCA44
    dd 0x8508, 0xCA45
    dd 0x8509, 0xCA46
    dd 0x850A, 0xCA47
    dd 0x850B, 0xCA48
    dd 0x850C, 0xDDF8
    dd 0x850D, 0xCA49
    dd 0x850E, 0xCA4A
    dd 0x850F, 0xCA4B
    dd 0x8510, 0xCA4C
    dd 0x8511, 0xC3EF
    dd 0x8512, 0xCA4D
    dd 0x8513, 0xC2FB
    dd 0x8514, 0xCA4E
    dd 0x8515, 0xCA4F
    dd 0x8516, 0xCA50
    dd 0x8517, 0xD5E1
    dd 0x8518, 0xCA51
    dd 0x8519, 0xCA52
    dd 0x851A, 0xCEB5
    dd 0x851B, 0xCA53
    dd 0x851C, 0xCA54
    dd 0x851D, 0xCA55
    dd 0x851E, 0xCA56
    dd 0x851F, 0xDDFD
    dd 0x8520, 0xCA57
    dd 0x8521, 0xB2CC
    dd 0x8522, 0xCA58
    dd 0x8523, 0xCA59
    dd 0x8524, 0xCA5A
    dd 0x8525, 0xCA5B
    dd 0x8526, 0xCA5C
    dd 0x8527, 0xCA5D
    dd 0x8528, 0xCA5E
    dd 0x8529, 0xCA5F
    dd 0x852A, 0xCA60
    dd 0x852B, 0xC4E8
    dd 0x852C, 0xCADF
    dd 0x852D, 0xCA61
    dd 0x852E, 0xCA62
    dd 0x852F, 0xCA63
    dd 0x8530, 0xCA64
    dd 0x8531, 0xCA65
    dd 0x8532, 0xCA66
    dd 0x8533, 0xCA67
    dd 0x8534, 0xCA68
    dd 0x8535, 0xCA69
    dd 0x8536, 0xCA6A
    dd 0x8537, 0xC7BE
    dd 0x8538, 0xDDFA
    dd 0x8539, 0xDDFC
    dd 0x853A, 0xDDFE
    dd 0x853B, 0xDEA2
    dd 0x853C, 0xB0AA
    dd 0x853D, 0xB1CE
    dd 0x853E, 0xCA6B
    dd 0x853F, 0xCA6C
    dd 0x8540, 0xCA6D
    dd 0x8541, 0xCA6E
    dd 0x8542, 0xCA6F
    dd 0x8543, 0xDEAC
    dd 0x8544, 0xCA70
    dd 0x8545, 0xCA71
    dd 0x8546, 0xCA72
    dd 0x8547, 0xCA73
    dd 0x8548, 0xDEA6
    dd 0x8549, 0xBDB6
    dd 0x854A, 0xC8EF
    dd 0x854B, 0xCA74
    dd 0x854C, 0xCA75
    dd 0x854D, 0xCA76
    dd 0x854E, 0xCA77
    dd 0x854F, 0xCA78
    dd 0x8550, 0xCA79
    dd 0x8551, 0xCA7A
    dd 0x8552, 0xCA7B
    dd 0x8553, 0xCA7C
    dd 0x8554, 0xCA7D
    dd 0x8555, 0xCA7E
    dd 0x8556, 0xDEA1
    dd 0x8557, 0xCA80
    dd 0x8558, 0xCA81
    dd 0x8559, 0xDEA5
    dd 0x855A, 0xCA82
    dd 0x855B, 0xCA83
    dd 0x855C, 0xCA84
    dd 0x855D, 0xCA85
    dd 0x855E, 0xDEA9
    dd 0x855F, 0xCA86
    dd 0x8560, 0xCA87
    dd 0x8561, 0xCA88
    dd 0x8562, 0xCA89
    dd 0x8563, 0xCA8A
    dd 0x8564, 0xDEA8
    dd 0x8565, 0xCA8B
    dd 0x8566, 0xCA8C
    dd 0x8567, 0xCA8D
    dd 0x8568, 0xDEA7
    dd 0x8569, 0xCA8E
    dd 0x856A, 0xCA8F
    dd 0x856B, 0xCA90
    dd 0x856C, 0xCA91
    dd 0x856D, 0xCA92
    dd 0x856E, 0xCA93
    dd 0x856F, 0xCA94
    dd 0x8570, 0xCA95
    dd 0x8571, 0xCA96
    dd 0x8572, 0xDEAD
    dd 0x8573, 0xCA97
    dd 0x8574, 0xD4CC
    dd 0x8575, 0xCA98
    dd 0x8576, 0xCA99
    dd 0x8577, 0xCA9A
    dd 0x8578, 0xCA9B
    dd 0x8579, 0xDEB3
    dd 0x857A, 0xDEAA
    dd 0x857B, 0xDEAE
    dd 0x857C, 0xCA9C
    dd 0x857D, 0xCA9D
    dd 0x857E, 0xC0D9
    dd 0x857F, 0xCA9E
    dd 0x8580, 0xCA9F
    dd 0x8581, 0xCAA0
    dd 0x8582, 0xCB40
    dd 0x8583, 0xCB41
    dd 0x8584, 0xB1A1
    dd 0x8585, 0xDEB6
    dd 0x8586, 0xCB42
    dd 0x8587, 0xDEB1
    dd 0x8588, 0xCB43
    dd 0x8589, 0xCB44
    dd 0x858A, 0xCB45
    dd 0x858B, 0xCB46
    dd 0x858C, 0xCB47
    dd 0x858D, 0xCB48
    dd 0x858E, 0xCB49
    dd 0x858F, 0xDEB2
    dd 0x8590, 0xCB4A
    dd 0x8591, 0xCB4B
    dd 0x8592, 0xCB4C
    dd 0x8593, 0xCB4D
    dd 0x8594, 0xCB4E
    dd 0x8595, 0xCB4F
    dd 0x8596, 0xCB50
    dd 0x8597, 0xCB51
    dd 0x8598, 0xCB52
    dd 0x8599, 0xCB53
    dd 0x859A, 0xCB54
    dd 0x859B, 0xD1A6
    dd 0x859C, 0xDEB5
    dd 0x859D, 0xCB55
    dd 0x859E, 0xCB56
    dd 0x859F, 0xCB57
    dd 0x85A0, 0xCB58
    dd 0x85A1, 0xCB59
    dd 0x85A2, 0xCB5A
    dd 0x85A3, 0xCB5B
    dd 0x85A4, 0xDEAF
    dd 0x85A5, 0xCB5C
    dd 0x85A6, 0xCB5D
    dd 0x85A7, 0xCB5E
    dd 0x85A8, 0xDEB0
    dd 0x85A9, 0xCB5F
    dd 0x85AA, 0xD0BD
    dd 0x85AB, 0xCB60
    dd 0x85AC, 0xCB61
    dd 0x85AD, 0xCB62
    dd 0x85AE, 0xDEB4
    dd 0x85AF, 0xCAED
    dd 0x85B0, 0xDEB9
    dd 0x85B1, 0xCB63
    dd 0x85B2, 0xCB64
    dd 0x85B3, 0xCB65
    dd 0x85B4, 0xCB66
    dd 0x85B5, 0xCB67
    dd 0x85B6, 0xCB68
    dd 0x85B7, 0xDEB8
    dd 0x85B8, 0xCB69
    dd 0x85B9, 0xDEB7
    dd 0x85BA, 0xCB6A
    dd 0x85BB, 0xCB6B
    dd 0x85BC, 0xCB6C
    dd 0x85BD, 0xCB6D
    dd 0x85BE, 0xCB6E
    dd 0x85BF, 0xCB6F
    dd 0x85C0, 0xCB70
    dd 0x85C1, 0xDEBB
    dd 0x85C2, 0xCB71
    dd 0x85C3, 0xCB72
    dd 0x85C4, 0xCB73
    dd 0x85C5, 0xCB74
    dd 0x85C6, 0xCB75
    dd 0x85C7, 0xCB76
    dd 0x85C8, 0xCB77
    dd 0x85C9, 0xBDE5
    dd 0x85CA, 0xCB78
    dd 0x85CB, 0xCB79
    dd 0x85CC, 0xCB7A
    dd 0x85CD, 0xCB7B
    dd 0x85CE, 0xCB7C
    dd 0x85CF, 0xB2D8
    dd 0x85D0, 0xC3EA
    dd 0x85D1, 0xCB7D
    dd 0x85D2, 0xCB7E
    dd 0x85D3, 0xDEBA
    dd 0x85D4, 0xCB80
    dd 0x85D5, 0xC5BA
    dd 0x85D6, 0xCB81
    dd 0x85D7, 0xCB82
    dd 0x85D8, 0xCB83
    dd 0x85D9, 0xCB84
    dd 0x85DA, 0xCB85
    dd 0x85DB, 0xCB86
    dd 0x85DC, 0xDEBC
    dd 0x85DD, 0xCB87
    dd 0x85DE, 0xCB88
    dd 0x85DF, 0xCB89
    dd 0x85E0, 0xCB8A
    dd 0x85E1, 0xCB8B
    dd 0x85E2, 0xCB8C
    dd 0x85E3, 0xCB8D
    dd 0x85E4, 0xCCD9
    dd 0x85E5, 0xCB8E
    dd 0x85E6, 0xCB8F
    dd 0x85E7, 0xCB90
    dd 0x85E8, 0xCB91
    dd 0x85E9, 0xB7AA
    dd 0x85EA, 0xCB92
    dd 0x85EB, 0xCB93
    dd 0x85EC, 0xCB94
    dd 0x85ED, 0xCB95
    dd 0x85EE, 0xCB96
    dd 0x85EF, 0xCB97
    dd 0x85F0, 0xCB98
    dd 0x85F1, 0xCB99
    dd 0x85F2, 0xCB9A
    dd 0x85F3, 0xCB9B
    dd 0x85F4, 0xCB9C
    dd 0x85F5, 0xCB9D
    dd 0x85F6, 0xCB9E
    dd 0x85F7, 0xCB9F
    dd 0x85F8, 0xCBA0
    dd 0x85F9, 0xCC40
    dd 0x85FA, 0xCC41
    dd 0x85FB, 0xD4E5
    dd 0x85FC, 0xCC42
    dd 0x85FD, 0xCC43
    dd 0x85FE, 0xCC44
    dd 0x85FF, 0xDEBD
    dd 0x8600, 0xCC45
    dd 0x8601, 0xCC46
    dd 0x8602, 0xCC47
    dd 0x8603, 0xCC48
    dd 0x8604, 0xCC49
    dd 0x8605, 0xDEBF
    dd 0x8606, 0xCC4A
    dd 0x8607, 0xCC4B
    dd 0x8608, 0xCC4C
    dd 0x8609, 0xCC4D
    dd 0x860A, 0xCC4E
    dd 0x860B, 0xCC4F
    dd 0x860C, 0xCC50
    dd 0x860D, 0xCC51
    dd 0x860E, 0xCC52
    dd 0x860F, 0xCC53
    dd 0x8610, 0xCC54
    dd 0x8611, 0xC4A2
    dd 0x8612, 0xCC55
    dd 0x8613, 0xCC56
    dd 0x8614, 0xCC57
    dd 0x8615, 0xCC58
    dd 0x8616, 0xDEC1
    dd 0x8617, 0xCC59
    dd 0x8618, 0xCC5A
    dd 0x8619, 0xCC5B
    dd 0x861A, 0xCC5C
    dd 0x861B, 0xCC5D
    dd 0x861C, 0xCC5E
    dd 0x861D, 0xCC5F
    dd 0x861E, 0xCC60
    dd 0x861F, 0xCC61
    dd 0x8620, 0xCC62
    dd 0x8621, 0xCC63
    dd 0x8622, 0xCC64
    dd 0x8623, 0xCC65
    dd 0x8624, 0xCC66
    dd 0x8625, 0xCC67
    dd 0x8626, 0xCC68
    dd 0x8627, 0xDEBE
    dd 0x8628, 0xCC69
    dd 0x8629, 0xDEC0
    dd 0x862A, 0xCC6A
    dd 0x862B, 0xCC6B
    dd 0x862C, 0xCC6C
    dd 0x862D, 0xCC6D
    dd 0x862E, 0xCC6E
    dd 0x862F, 0xCC6F
    dd 0x8630, 0xCC70
    dd 0x8631, 0xCC71
    dd 0x8632, 0xCC72
    dd 0x8633, 0xCC73
    dd 0x8634, 0xCC74
    dd 0x8635, 0xCC75
    dd 0x8636, 0xCC76
    dd 0x8637, 0xCC77
    dd 0x8638, 0xD5BA
    dd 0x8639, 0xCC78
    dd 0x863A, 0xCC79
    dd 0x863B, 0xCC7A
    dd 0x863C, 0xDEC2
    dd 0x863D, 0xCC7B
    dd 0x863E, 0xCC7C
    dd 0x863F, 0xCC7D
    dd 0x8640, 0xCC7E
    dd 0x8641, 0xCC80
    dd 0x8642, 0xCC81
    dd 0x8643, 0xCC82
    dd 0x8644, 0xCC83
    dd 0x8645, 0xCC84
    dd 0x8646, 0xCC85
    dd 0x8647, 0xCC86
    dd 0x8648, 0xCC87
    dd 0x8649, 0xCC88
    dd 0x864A, 0xCC89
    dd 0x864B, 0xCC8A
    dd 0x864C, 0xCC8B
    dd 0x864D, 0xF2AE
    dd 0x864E, 0xBBA2
    dd 0x864F, 0xC2B2
    dd 0x8650, 0xC5B0
    dd 0x8651, 0xC2C7
    dd 0x8652, 0xCC8C
    dd 0x8653, 0xCC8D
    dd 0x8654, 0xF2AF
    dd 0x8655, 0xCC8E
    dd 0x8656, 0xCC8F
    dd 0x8657, 0xCC90
    dd 0x8658, 0xCC91
    dd 0x8659, 0xCC92
    dd 0x865A, 0xD0E9
    dd 0x865B, 0xCC93
    dd 0x865C, 0xCC94
    dd 0x865D, 0xCC95
    dd 0x865E, 0xD3DD
    dd 0x865F, 0xCC96
    dd 0x8660, 0xCC97
    dd 0x8661, 0xCC98
    dd 0x8662, 0xEBBD
    dd 0x8663, 0xCC99
    dd 0x8664, 0xCC9A
    dd 0x8665, 0xCC9B
    dd 0x8666, 0xCC9C
    dd 0x8667, 0xCC9D
    dd 0x8668, 0xCC9E
    dd 0x8669, 0xCC9F
    dd 0x866A, 0xCCA0
    dd 0x866B, 0xB3E6
    dd 0x866C, 0xF2B0
    dd 0x866D, 0xCD40
    dd 0x866E, 0xF2B1
    dd 0x866F, 0xCD41
    dd 0x8670, 0xCD42
    dd 0x8671, 0xCAAD
    dd 0x8672, 0xCD43
    dd 0x8673, 0xCD44
    dd 0x8674, 0xCD45
    dd 0x8675, 0xCD46
    dd 0x8676, 0xCD47
    dd 0x8677, 0xCD48
    dd 0x8678, 0xCD49
    dd 0x8679, 0xBAE7
    dd 0x867A, 0xF2B3
    dd 0x867B, 0xF2B5
    dd 0x867C, 0xF2B4
    dd 0x867D, 0xCBE4
    dd 0x867E, 0xCFBA
    dd 0x867F, 0xF2B2
    dd 0x8680, 0xCAB4
    dd 0x8681, 0xD2CF
    dd 0x8682, 0xC2EC
    dd 0x8683, 0xCD4A
    dd 0x8684, 0xCD4B
    dd 0x8685, 0xCD4C
    dd 0x8686, 0xCD4D
    dd 0x8687, 0xCD4E
    dd 0x8688, 0xCD4F
    dd 0x8689, 0xCD50
    dd 0x868A, 0xCEC3
    dd 0x868B, 0xF2B8
    dd 0x868C, 0xB0F6
    dd 0x868D, 0xF2B7
    dd 0x868E, 0xCD51
    dd 0x868F, 0xCD52
    dd 0x8690, 0xCD53
    dd 0x8691, 0xCD54
    dd 0x8692, 0xCD55
    dd 0x8693, 0xF2BE
    dd 0x8694, 0xCD56
    dd 0x8695, 0xB2CF
    dd 0x8696, 0xCD57
    dd 0x8697, 0xCD58
    dd 0x8698, 0xCD59
    dd 0x8699, 0xCD5A
    dd 0x869A, 0xCD5B
    dd 0x869B, 0xCD5C
    dd 0x869C, 0xD1C1
    dd 0x869D, 0xF2BA
    dd 0x869E, 0xCD5D
    dd 0x869F, 0xCD5E
    dd 0x86A0, 0xCD5F
    dd 0x86A1, 0xCD60
    dd 0x86A2, 0xCD61
    dd 0x86A3, 0xF2BC
    dd 0x86A4, 0xD4E9
    dd 0x86A5, 0xCD62
    dd 0x86A6, 0xCD63
    dd 0x86A7, 0xF2BB
    dd 0x86A8, 0xF2B6
    dd 0x86A9, 0xF2BF
    dd 0x86AA, 0xF2BD
    dd 0x86AB, 0xCD64
    dd 0x86AC, 0xF2B9
    dd 0x86AD, 0xCD65
    dd 0x86AE, 0xCD66
    dd 0x86AF, 0xF2C7
    dd 0x86B0, 0xF2C4
    dd 0x86B1, 0xF2C6
    dd 0x86B2, 0xCD67
    dd 0x86B3, 0xCD68
    dd 0x86B4, 0xF2CA
    dd 0x86B5, 0xF2C2
    dd 0x86B6, 0xF2C0
    dd 0x86B7, 0xCD69
    dd 0x86B8, 0xCD6A
    dd 0x86B9, 0xCD6B
    dd 0x86BA, 0xF2C5
    dd 0x86BB, 0xCD6C
    dd 0x86BC, 0xCD6D
    dd 0x86BD, 0xCD6E
    dd 0x86BE, 0xCD6F
    dd 0x86BF, 0xCD70
    dd 0x86C0, 0xD6FB
    dd 0x86C1, 0xCD71
    dd 0x86C2, 0xCD72
    dd 0x86C3, 0xCD73
    dd 0x86C4, 0xF2C1
    dd 0x86C5, 0xCD74
    dd 0x86C6, 0xC7F9
    dd 0x86C7, 0xC9DF
    dd 0x86C8, 0xCD75
    dd 0x86C9, 0xF2C8
    dd 0x86CA, 0xB9C6
    dd 0x86CB, 0xB5B0
    dd 0x86CC, 0xCD76
    dd 0x86CD, 0xCD77
    dd 0x86CE, 0xF2C3
    dd 0x86CF, 0xF2C9
    dd 0x86D0, 0xF2D0
    dd 0x86D1, 0xF2D6
    dd 0x86D2, 0xCD78
    dd 0x86D3, 0xCD79
    dd 0x86D4, 0xBBD7
    dd 0x86D5, 0xCD7A
    dd 0x86D6, 0xCD7B
    dd 0x86D7, 0xCD7C
    dd 0x86D8, 0xF2D5
    dd 0x86D9, 0xCDDC
    dd 0x86DA, 0xCD7D
    dd 0x86DB, 0xD6EB
    dd 0x86DC, 0xCD7E
    dd 0x86DD, 0xCD80
    dd 0x86DE, 0xF2D2
    dd 0x86DF, 0xF2D4
    dd 0x86E0, 0xCD81
    dd 0x86E1, 0xCD82
    dd 0x86E2, 0xCD83
    dd 0x86E3, 0xCD84
    dd 0x86E4, 0xB8F2
    dd 0x86E5, 0xCD85
    dd 0x86E6, 0xCD86
    dd 0x86E7, 0xCD87
    dd 0x86E8, 0xCD88
    dd 0x86E9, 0xF2CB
    dd 0x86EA, 0xCD89
    dd 0x86EB, 0xCD8A
    dd 0x86EC, 0xCD8B
    dd 0x86ED, 0xF2CE
    dd 0x86EE, 0xC2F9
    dd 0x86EF, 0xCD8C
    dd 0x86F0, 0xD5DD
    dd 0x86F1, 0xF2CC
    dd 0x86F2, 0xF2CD
    dd 0x86F3, 0xF2CF
    dd 0x86F4, 0xF2D3
    dd 0x86F5, 0xCD8D
    dd 0x86F6, 0xCD8E
    dd 0x86F7, 0xCD8F
    dd 0x86F8, 0xF2D9
    dd 0x86F9, 0xD3BC
    dd 0x86FA, 0xCD90
    dd 0x86FB, 0xCD91
    dd 0x86FC, 0xCD92
    dd 0x86FD, 0xCD93
    dd 0x86FE, 0xB6EA
    dd 0x86FF, 0xCD94
    dd 0x8700, 0xCAF1
    dd 0x8701, 0xCD95
    dd 0x8702, 0xB7E4
    dd 0x8703, 0xF2D7
    dd 0x8704, 0xCD96
    dd 0x8705, 0xCD97
    dd 0x8706, 0xCD98
    dd 0x8707, 0xF2D8
    dd 0x8708, 0xF2DA
    dd 0x8709, 0xF2DD
    dd 0x870A, 0xF2DB
    dd 0x870B, 0xCD99
    dd 0x870C, 0xCD9A
    dd 0x870D, 0xF2DC
    dd 0x870E, 0xCD9B
    dd 0x870F, 0xCD9C
    dd 0x8710, 0xCD9D
    dd 0x8711, 0xCD9E
    dd 0x8712, 0xD1D1
    dd 0x8713, 0xF2D1
    dd 0x8714, 0xCD9F
    dd 0x8715, 0xCDC9
    dd 0x8716, 0xCDA0
    dd 0x8717, 0xCECF
    dd 0x8718, 0xD6A9
    dd 0x8719, 0xCE40
    dd 0x871A, 0xF2E3
    dd 0x871B, 0xCE41
    dd 0x871C, 0xC3DB
    dd 0x871D, 0xCE42
    dd 0x871E, 0xF2E0
    dd 0x871F, 0xCE43
    dd 0x8720, 0xCE44
    dd 0x8721, 0xC0AF
    dd 0x8722, 0xF2EC
    dd 0x8723, 0xF2DE
    dd 0x8724, 0xCE45
    dd 0x8725, 0xF2E1
    dd 0x8726, 0xCE46
    dd 0x8727, 0xCE47
    dd 0x8728, 0xCE48
    dd 0x8729, 0xF2E8
    dd 0x872A, 0xCE49
    dd 0x872B, 0xCE4A
    dd 0x872C, 0xCE4B
    dd 0x872D, 0xCE4C
    dd 0x872E, 0xF2E2
    dd 0x872F, 0xCE4D
    dd 0x8730, 0xCE4E
    dd 0x8731, 0xF2E7
    dd 0x8732, 0xCE4F
    dd 0x8733, 0xCE50
    dd 0x8734, 0xF2E6
    dd 0x8735, 0xCE51
    dd 0x8736, 0xCE52
    dd 0x8737, 0xF2E9
    dd 0x8738, 0xCE53
    dd 0x8739, 0xCE54
    dd 0x873A, 0xCE55
    dd 0x873B, 0xF2DF
    dd 0x873C, 0xCE56
    dd 0x873D, 0xCE57
    dd 0x873E, 0xF2E4
    dd 0x873F, 0xF2EA
    dd 0x8740, 0xCE58
    dd 0x8741, 0xCE59
    dd 0x8742, 0xCE5A
    dd 0x8743, 0xCE5B
    dd 0x8744, 0xCE5C
    dd 0x8745, 0xCE5D
    dd 0x8746, 0xCE5E
    dd 0x8747, 0xD3AC
    dd 0x8748, 0xF2E5
    dd 0x8749, 0xB2F5
    dd 0x874A, 0xCE5F
    dd 0x874B, 0xCE60
    dd 0x874C, 0xF2F2
    dd 0x874D, 0xCE61
    dd 0x874E, 0xD0AB
    dd 0x874F, 0xCE62
    dd 0x8750, 0xCE63
    dd 0x8751, 0xCE64
    dd 0x8752, 0xCE65
    dd 0x8753, 0xF2F5
    dd 0x8754, 0xCE66
    dd 0x8755, 0xCE67
    dd 0x8756, 0xCE68
    dd 0x8757, 0xBBC8
    dd 0x8758, 0xCE69
    dd 0x8759, 0xF2F9
    dd 0x875A, 0xCE6A
    dd 0x875B, 0xCE6B
    dd 0x875C, 0xCE6C
    dd 0x875D, 0xCE6D
    dd 0x875E, 0xCE6E
    dd 0x875F, 0xCE6F
    dd 0x8760, 0xF2F0
    dd 0x8761, 0xCE70
    dd 0x8762, 0xCE71
    dd 0x8763, 0xF2F6
    dd 0x8764, 0xF2F8
    dd 0x8765, 0xF2FA
    dd 0x8766, 0xCE72
    dd 0x8767, 0xCE73
    dd 0x8768, 0xCE74
    dd 0x8769, 0xCE75
    dd 0x876A, 0xCE76
    dd 0x876B, 0xCE77
    dd 0x876C, 0xCE78
    dd 0x876D, 0xCE79
    dd 0x876E, 0xF2F3
    dd 0x876F, 0xCE7A
    dd 0x8770, 0xF2F1
    dd 0x8771, 0xCE7B
    dd 0x8772, 0xCE7C
    dd 0x8773, 0xCE7D
    dd 0x8774, 0xBAFB
    dd 0x8775, 0xCE7E
    dd 0x8776, 0xB5FB
    dd 0x8777, 0xCE80
    dd 0x8778, 0xCE81
    dd 0x8779, 0xCE82
    dd 0x877A, 0xCE83
    dd 0x877B, 0xF2EF
    dd 0x877C, 0xF2F7
    dd 0x877D, 0xF2ED
    dd 0x877E, 0xF2EE
    dd 0x877F, 0xCE84
    dd 0x8780, 0xCE85
    dd 0x8781, 0xCE86
    dd 0x8782, 0xF2EB
    dd 0x8783, 0xF3A6
    dd 0x8784, 0xCE87
    dd 0x8785, 0xF3A3
    dd 0x8786, 0xCE88
    dd 0x8787, 0xCE89
    dd 0x8788, 0xF3A2
    dd 0x8789, 0xCE8A
    dd 0x878A, 0xCE8B
    dd 0x878B, 0xF2F4
    dd 0x878C, 0xCE8C
    dd 0x878D, 0xC8DA
    dd 0x878E, 0xCE8D
    dd 0x878F, 0xCE8E
    dd 0x8790, 0xCE8F
    dd 0x8791, 0xCE90
    dd 0x8792, 0xCE91
    dd 0x8793, 0xF2FB
    dd 0x8794, 0xCE92
    dd 0x8795, 0xCE93
    dd 0x8796, 0xCE94
    dd 0x8797, 0xF3A5
    dd 0x8798, 0xCE95
    dd 0x8799, 0xCE96
    dd 0x879A, 0xCE97
    dd 0x879B, 0xCE98
    dd 0x879C, 0xCE99
    dd 0x879D, 0xCE9A
    dd 0x879E, 0xCE9B
    dd 0x879F, 0xC3F8
    dd 0x87A0, 0xCE9C
    dd 0x87A1, 0xCE9D
    dd 0x87A2, 0xCE9E
    dd 0x87A3, 0xCE9F
    dd 0x87A4, 0xCEA0
    dd 0x87A5, 0xCF40
    dd 0x87A6, 0xCF41
    dd 0x87A7, 0xCF42
    dd 0x87A8, 0xF2FD
    dd 0x87A9, 0xCF43
    dd 0x87AA, 0xCF44
    dd 0x87AB, 0xF3A7
    dd 0x87AC, 0xF3A9
    dd 0x87AD, 0xF3A4
    dd 0x87AE, 0xCF45
    dd 0x87AF, 0xF2FC
    dd 0x87B0, 0xCF46
    dd 0x87B1, 0xCF47
    dd 0x87B2, 0xCF48
    dd 0x87B3, 0xF3AB
    dd 0x87B4, 0xCF49
    dd 0x87B5, 0xF3AA
    dd 0x87B6, 0xCF4A
    dd 0x87B7, 0xCF4B
    dd 0x87B8, 0xCF4C
    dd 0x87B9, 0xCF4D
    dd 0x87BA, 0xC2DD
    dd 0x87BB, 0xCF4E
    dd 0x87BC, 0xCF4F
    dd 0x87BD, 0xF3AE
    dd 0x87BE, 0xCF50
    dd 0x87BF, 0xCF51
    dd 0x87C0, 0xF3B0
    dd 0x87C1, 0xCF52
    dd 0x87C2, 0xCF53
    dd 0x87C3, 0xCF54
    dd 0x87C4, 0xCF55
    dd 0x87C5, 0xCF56
    dd 0x87C6, 0xF3A1
    dd 0x87C7, 0xCF57
    dd 0x87C8, 0xCF58
    dd 0x87C9, 0xCF59
    dd 0x87CA, 0xF3B1
    dd 0x87CB, 0xF3AC
    dd 0x87CC, 0xCF5A
    dd 0x87CD, 0xCF5B
    dd 0x87CE, 0xCF5C
    dd 0x87CF, 0xCF5D
    dd 0x87D0, 0xCF5E
    dd 0x87D1, 0xF3AF
    dd 0x87D2, 0xF2FE
    dd 0x87D3, 0xF3AD
    dd 0x87D4, 0xCF5F
    dd 0x87D5, 0xCF60
    dd 0x87D6, 0xCF61
    dd 0x87D7, 0xCF62
    dd 0x87D8, 0xCF63
    dd 0x87D9, 0xCF64
    dd 0x87DA, 0xCF65
    dd 0x87DB, 0xF3B2
    dd 0x87DC, 0xCF66
    dd 0x87DD, 0xCF67
    dd 0x87DE, 0xCF68
    dd 0x87DF, 0xCF69
    dd 0x87E0, 0xF3B4
    dd 0x87E1, 0xCF6A
    dd 0x87E2, 0xCF6B
    dd 0x87E3, 0xCF6C
    dd 0x87E4, 0xCF6D
    dd 0x87E5, 0xF3A8
    dd 0x87E6, 0xCF6E
    dd 0x87E7, 0xCF6F
    dd 0x87E8, 0xCF70
    dd 0x87E9, 0xCF71
    dd 0x87EA, 0xF3B3
    dd 0x87EB, 0xCF72
    dd 0x87EC, 0xCF73
    dd 0x87ED, 0xCF74
    dd 0x87EE, 0xF3B5
    dd 0x87EF, 0xCF75
    dd 0x87F0, 0xCF76
    dd 0x87F1, 0xCF77
    dd 0x87F2, 0xCF78
    dd 0x87F3, 0xCF79
    dd 0x87F4, 0xCF7A
    dd 0x87F5, 0xCF7B
    dd 0x87F6, 0xCF7C
    dd 0x87F7, 0xCF7D
    dd 0x87F8, 0xCF7E
    dd 0x87F9, 0xD0B7
    dd 0x87FA, 0xCF80
    dd 0x87FB, 0xCF81
    dd 0x87FC, 0xCF82
    dd 0x87FD, 0xCF83
    dd 0x87FE, 0xF3B8
    dd 0x87FF, 0xCF84
    dd 0x8800, 0xCF85
    dd 0x8801, 0xCF86
    dd 0x8802, 0xCF87
    dd 0x8803, 0xD9F9
    dd 0x8804, 0xCF88
    dd 0x8805, 0xCF89
    dd 0x8806, 0xCF8A
    dd 0x8807, 0xCF8B
    dd 0x8808, 0xCF8C
    dd 0x8809, 0xCF8D
    dd 0x880A, 0xF3B9
    dd 0x880B, 0xCF8E
    dd 0x880C, 0xCF8F
    dd 0x880D, 0xCF90
    dd 0x880E, 0xCF91
    dd 0x880F, 0xCF92
    dd 0x8810, 0xCF93
    dd 0x8811, 0xCF94
    dd 0x8812, 0xCF95
    dd 0x8813, 0xF3B7
    dd 0x8814, 0xCF96
    dd 0x8815, 0xC8E4
    dd 0x8816, 0xF3B6
    dd 0x8817, 0xCF97
    dd 0x8818, 0xCF98
    dd 0x8819, 0xCF99
    dd 0x881A, 0xCF9A
    dd 0x881B, 0xF3BA
    dd 0x881C, 0xCF9B
    dd 0x881D, 0xCF9C
    dd 0x881E, 0xCF9D
    dd 0x881F, 0xCF9E
    dd 0x8820, 0xCF9F
    dd 0x8821, 0xF3BB
    dd 0x8822, 0xB4C0
    dd 0x8823, 0xCFA0
    dd 0x8824, 0xD040
    dd 0x8825, 0xD041
    dd 0x8826, 0xD042
    dd 0x8827, 0xD043
    dd 0x8828, 0xD044
    dd 0x8829, 0xD045
    dd 0x882A, 0xD046
    dd 0x882B, 0xD047
    dd 0x882C, 0xD048
    dd 0x882D, 0xD049
    dd 0x882E, 0xD04A
    dd 0x882F, 0xD04B
    dd 0x8830, 0xD04C
    dd 0x8831, 0xD04D
    dd 0x8832, 0xEEC3
    dd 0x8833, 0xD04E
    dd 0x8834, 0xD04F
    dd 0x8835, 0xD050
    dd 0x8836, 0xD051
    dd 0x8837, 0xD052
    dd 0x8838, 0xD053
    dd 0x8839, 0xF3BC
    dd 0x883A, 0xD054
    dd 0x883B, 0xD055
    dd 0x883C, 0xF3BD
    dd 0x883D, 0xD056
    dd 0x883E, 0xD057
    dd 0x883F, 0xD058
    dd 0x8840, 0xD1AA
    dd 0x8841, 0xD059
    dd 0x8842, 0xD05A
    dd 0x8843, 0xD05B
    dd 0x8844, 0xF4AC
    dd 0x8845, 0xD0C6
    dd 0x8846, 0xD05C
    dd 0x8847, 0xD05D
    dd 0x8848, 0xD05E
    dd 0x8849, 0xD05F
    dd 0x884A, 0xD060
    dd 0x884B, 0xD061
    dd 0x884C, 0xD0D0
    dd 0x884D, 0xD1DC
    dd 0x884E, 0xD062
    dd 0x884F, 0xD063
    dd 0x8850, 0xD064
    dd 0x8851, 0xD065
    dd 0x8852, 0xD066
    dd 0x8853, 0xD067
    dd 0x8854, 0xCFCE
    dd 0x8855, 0xD068
    dd 0x8856, 0xD069
    dd 0x8857, 0xBDD6
    dd 0x8858, 0xD06A
    dd 0x8859, 0xD1C3
    dd 0x885A, 0xD06B
    dd 0x885B, 0xD06C
    dd 0x885C, 0xD06D
    dd 0x885D, 0xD06E
    dd 0x885E, 0xD06F
    dd 0x885F, 0xD070
    dd 0x8860, 0xD071
    dd 0x8861, 0xBAE2
    dd 0x8862, 0xE1E9
    dd 0x8863, 0xD2C2
    dd 0x8864, 0xF1C2
    dd 0x8865, 0xB2B9
    dd 0x8866, 0xD072
    dd 0x8867, 0xD073
    dd 0x8868, 0xB1ED
    dd 0x8869, 0xF1C3
    dd 0x886A, 0xD074
    dd 0x886B, 0xC9C0
    dd 0x886C, 0xB3C4
    dd 0x886D, 0xD075
    dd 0x886E, 0xD9F2
    dd 0x886F, 0xD076
    dd 0x8870, 0xCBA5
    dd 0x8871, 0xD077
    dd 0x8872, 0xF1C4
    dd 0x8873, 0xD078
    dd 0x8874, 0xD079
    dd 0x8875, 0xD07A
    dd 0x8876, 0xD07B
    dd 0x8877, 0xD6D4
    dd 0x8878, 0xD07C
    dd 0x8879, 0xD07D
    dd 0x887A, 0xD07E
    dd 0x887B, 0xD080
    dd 0x887C, 0xD081
    dd 0x887D, 0xF1C5
    dd 0x887E, 0xF4C0
    dd 0x887F, 0xF1C6
    dd 0x8880, 0xD082
    dd 0x8881, 0xD4AC
    dd 0x8882, 0xF1C7
    dd 0x8883, 0xD083
    dd 0x8884, 0xB0C0
    dd 0x8885, 0xF4C1
    dd 0x8886, 0xD084
    dd 0x8887, 0xD085
    dd 0x8888, 0xF4C2
    dd 0x8889, 0xD086
    dd 0x888A, 0xD087
    dd 0x888B, 0xB4FC
    dd 0x888C, 0xD088
    dd 0x888D, 0xC5DB
    dd 0x888E, 0xD089
    dd 0x888F, 0xD08A
    dd 0x8890, 0xD08B
    dd 0x8891, 0xD08C
    dd 0x8892, 0xCCBB
    dd 0x8893, 0xD08D
    dd 0x8894, 0xD08E
    dd 0x8895, 0xD08F
    dd 0x8896, 0xD0E4
    dd 0x8897, 0xD090
    dd 0x8898, 0xD091
    dd 0x8899, 0xD092
    dd 0x889A, 0xD093
    dd 0x889B, 0xD094
    dd 0x889C, 0xCDE0
    dd 0x889D, 0xD095
    dd 0x889E, 0xD096
    dd 0x889F, 0xD097
    dd 0x88A0, 0xD098
    dd 0x88A1, 0xD099
    dd 0x88A2, 0xF1C8
    dd 0x88A3, 0xD09A
    dd 0x88A4, 0xD9F3
    dd 0x88A5, 0xD09B
    dd 0x88A6, 0xD09C
    dd 0x88A7, 0xD09D
    dd 0x88A8, 0xD09E
    dd 0x88A9, 0xD09F
    dd 0x88AA, 0xD0A0
    dd 0x88AB, 0xB1BB
    dd 0x88AC, 0xD140
    dd 0x88AD, 0xCFAE
    dd 0x88AE, 0xD141
    dd 0x88AF, 0xD142
    dd 0x88B0, 0xD143
    dd 0x88B1, 0xB8A4
    dd 0x88B2, 0xD144
    dd 0x88B3, 0xD145
    dd 0x88B4, 0xD146
    dd 0x88B5, 0xD147
    dd 0x88B6, 0xD148
    dd 0x88B7, 0xF1CA
    dd 0x88B8, 0xD149
    dd 0x88B9, 0xD14A
    dd 0x88BA, 0xD14B
    dd 0x88BB, 0xD14C
    dd 0x88BC, 0xF1CB
    dd 0x88BD, 0xD14D
    dd 0x88BE, 0xD14E
    dd 0x88BF, 0xD14F
    dd 0x88C0, 0xD150
    dd 0x88C1, 0xB2C3
    dd 0x88C2, 0xC1D1
    dd 0x88C3, 0xD151
    dd 0x88C4, 0xD152
    dd 0x88C5, 0xD7B0
    dd 0x88C6, 0xF1C9
    dd 0x88C7, 0xD153
    dd 0x88C8, 0xD154
    dd 0x88C9, 0xF1CC
    dd 0x88CA, 0xD155
    dd 0x88CB, 0xD156
    dd 0x88CC, 0xD157
    dd 0x88CD, 0xD158
    dd 0x88CE, 0xF1CE
    dd 0x88CF, 0xD159
    dd 0x88D0, 0xD15A
    dd 0x88D1, 0xD15B
    dd 0x88D2, 0xD9F6
    dd 0x88D3, 0xD15C
    dd 0x88D4, 0xD2E1
    dd 0x88D5, 0xD4A3
    dd 0x88D6, 0xD15D
    dd 0x88D7, 0xD15E
    dd 0x88D8, 0xF4C3
    dd 0x88D9, 0xC8B9
    dd 0x88DA, 0xD15F
    dd 0x88DB, 0xD160
    dd 0x88DC, 0xD161
    dd 0x88DD, 0xD162
    dd 0x88DE, 0xD163
    dd 0x88DF, 0xF4C4
    dd 0x88E0, 0xD164
    dd 0x88E1, 0xD165
    dd 0x88E2, 0xF1CD
    dd 0x88E3, 0xF1CF
    dd 0x88E4, 0xBFE3
    dd 0x88E5, 0xF1D0
    dd 0x88E6, 0xD166
    dd 0x88E7, 0xD167
    dd 0x88E8, 0xF1D4
    dd 0x88E9, 0xD168
    dd 0x88EA, 0xD169
    dd 0x88EB, 0xD16A
    dd 0x88EC, 0xD16B
    dd 0x88ED, 0xD16C
    dd 0x88EE, 0xD16D
    dd 0x88EF, 0xD16E
    dd 0x88F0, 0xF1D6
    dd 0x88F1, 0xF1D1
    dd 0x88F2, 0xD16F
    dd 0x88F3, 0xC9D1
    dd 0x88F4, 0xC5E1
    dd 0x88F5, 0xD170
    dd 0x88F6, 0xD171
    dd 0x88F7, 0xD172
    dd 0x88F8, 0xC2E3
    dd 0x88F9, 0xB9FC
    dd 0x88FA, 0xD173
    dd 0x88FB, 0xD174
    dd 0x88FC, 0xF1D3
    dd 0x88FD, 0xD175
    dd 0x88FE, 0xF1D5
    dd 0x88FF, 0xD176
    dd 0x8900, 0xD177
    dd 0x8901, 0xD178
    dd 0x8902, 0xB9D3
    dd 0x8903, 0xD179
    dd 0x8904, 0xD17A
    dd 0x8905, 0xD17B
    dd 0x8906, 0xD17C
    dd 0x8907, 0xD17D
    dd 0x8908, 0xD17E
    dd 0x8909, 0xD180
    dd 0x890A, 0xF1DB
    dd 0x890B, 0xD181
    dd 0x890C, 0xD182
    dd 0x890D, 0xD183
    dd 0x890E, 0xD184
    dd 0x890F, 0xD185
    dd 0x8910, 0xBAD6
    dd 0x8911, 0xD186
    dd 0x8912, 0xB0FD
    dd 0x8913, 0xF1D9
    dd 0x8914, 0xD187
    dd 0x8915, 0xD188
    dd 0x8916, 0xD189
    dd 0x8917, 0xD18A
    dd 0x8918, 0xD18B
    dd 0x8919, 0xF1D8
    dd 0x891A, 0xF1D2
    dd 0x891B, 0xF1DA
    dd 0x891C, 0xD18C
    dd 0x891D, 0xD18D
    dd 0x891E, 0xD18E
    dd 0x891F, 0xD18F
    dd 0x8920, 0xD190
    dd 0x8921, 0xF1D7
    dd 0x8922, 0xD191
    dd 0x8923, 0xD192
    dd 0x8924, 0xD193
    dd 0x8925, 0xC8EC
    dd 0x8926, 0xD194
    dd 0x8927, 0xD195
    dd 0x8928, 0xD196
    dd 0x8929, 0xD197
    dd 0x892A, 0xCDCA
    dd 0x892B, 0xF1DD
    dd 0x892C, 0xD198
    dd 0x892D, 0xD199
    dd 0x892E, 0xD19A
    dd 0x892F, 0xD19B
    dd 0x8930, 0xE5BD
    dd 0x8931, 0xD19C
    dd 0x8932, 0xD19D
    dd 0x8933, 0xD19E
    dd 0x8934, 0xF1DC
    dd 0x8935, 0xD19F
    dd 0x8936, 0xF1DE
    dd 0x8937, 0xD1A0
    dd 0x8938, 0xD240
    dd 0x8939, 0xD241
    dd 0x893A, 0xD242
    dd 0x893B, 0xD243
    dd 0x893C, 0xD244
    dd 0x893D, 0xD245
    dd 0x893E, 0xD246
    dd 0x893F, 0xD247
    dd 0x8940, 0xD248
    dd 0x8941, 0xF1DF
    dd 0x8942, 0xD249
    dd 0x8943, 0xD24A
    dd 0x8944, 0xCFE5
    dd 0x8945, 0xD24B
    dd 0x8946, 0xD24C
    dd 0x8947, 0xD24D
    dd 0x8948, 0xD24E
    dd 0x8949, 0xD24F
    dd 0x894A, 0xD250
    dd 0x894B, 0xD251
    dd 0x894C, 0xD252
    dd 0x894D, 0xD253
    dd 0x894E, 0xD254
    dd 0x894F, 0xD255
    dd 0x8950, 0xD256
    dd 0x8951, 0xD257
    dd 0x8952, 0xD258
    dd 0x8953, 0xD259
    dd 0x8954, 0xD25A
    dd 0x8955, 0xD25B
    dd 0x8956, 0xD25C
    dd 0x8957, 0xD25D
    dd 0x8958, 0xD25E
    dd 0x8959, 0xD25F
    dd 0x895A, 0xD260
    dd 0x895B, 0xD261
    dd 0x895C, 0xD262
    dd 0x895D, 0xD263
    dd 0x895E, 0xF4C5
    dd 0x895F, 0xBDF3
    dd 0x8960, 0xD264
    dd 0x8961, 0xD265
    dd 0x8962, 0xD266
    dd 0x8963, 0xD267
    dd 0x8964, 0xD268
    dd 0x8965, 0xD269
    dd 0x8966, 0xF1E0
    dd 0x8967, 0xD26A
    dd 0x8968, 0xD26B
    dd 0x8969, 0xD26C
    dd 0x896A, 0xD26D
    dd 0x896B, 0xD26E
    dd 0x896C, 0xD26F
    dd 0x896D, 0xD270
    dd 0x896E, 0xD271
    dd 0x896F, 0xD272
    dd 0x8970, 0xD273
    dd 0x8971, 0xD274
    dd 0x8972, 0xD275
    dd 0x8973, 0xD276
    dd 0x8974, 0xD277
    dd 0x8975, 0xD278
    dd 0x8976, 0xD279
    dd 0x8977, 0xD27A
    dd 0x8978, 0xD27B
    dd 0x8979, 0xD27C
    dd 0x897A, 0xD27D
    dd 0x897B, 0xF1E1
    dd 0x897C, 0xD27E
    dd 0x897D, 0xD280
    dd 0x897E, 0xD281
    dd 0x897F, 0xCEF7
    dd 0x8980, 0xD282
    dd 0x8981, 0xD2AA
    dd 0x8982, 0xD283
    dd 0x8983, 0xF1FB
    dd 0x8984, 0xD284
    dd 0x8985, 0xD285
    dd 0x8986, 0xB8B2
    dd 0x8987, 0xD286
    dd 0x8988, 0xD287
    dd 0x8989, 0xD288
    dd 0x898A, 0xD289
    dd 0x898B, 0xD28A
    dd 0x898C, 0xD28B
    dd 0x898D, 0xD28C
    dd 0x898E, 0xD28D
    dd 0x898F, 0xD28E
    dd 0x8990, 0xD28F
    dd 0x8991, 0xD290
    dd 0x8992, 0xD291
    dd 0x8993, 0xD292
    dd 0x8994, 0xD293
    dd 0x8995, 0xD294
    dd 0x8996, 0xD295
    dd 0x8997, 0xD296
    dd 0x8998, 0xD297
    dd 0x8999, 0xD298
    dd 0x899A, 0xD299
    dd 0x899B, 0xD29A
    dd 0x899C, 0xD29B
    dd 0x899D, 0xD29C
    dd 0x899E, 0xD29D
    dd 0x899F, 0xD29E
    dd 0x89A0, 0xD29F
    dd 0x89A1, 0xD2A0
    dd 0x89A2, 0xD340
    dd 0x89A3, 0xD341
    dd 0x89A4, 0xD342
    dd 0x89A5, 0xD343
    dd 0x89A6, 0xD344
    dd 0x89A7, 0xD345
    dd 0x89A8, 0xD346
    dd 0x89A9, 0xD347
    dd 0x89AA, 0xD348
    dd 0x89AB, 0xD349
    dd 0x89AC, 0xD34A
    dd 0x89AD, 0xD34B
    dd 0x89AE, 0xD34C
    dd 0x89AF, 0xD34D
    dd 0x89B0, 0xD34E
    dd 0x89B1, 0xD34F
    dd 0x89B2, 0xD350
    dd 0x89B3, 0xD351
    dd 0x89B4, 0xD352
    dd 0x89B5, 0xD353
    dd 0x89B6, 0xD354
    dd 0x89B7, 0xD355
    dd 0x89B8, 0xD356
    dd 0x89B9, 0xD357
    dd 0x89BA, 0xD358
    dd 0x89BB, 0xD359
    dd 0x89BC, 0xD35A
    dd 0x89BD, 0xD35B
    dd 0x89BE, 0xD35C
    dd 0x89BF, 0xD35D
    dd 0x89C0, 0xD35E
    dd 0x89C1, 0xBCFB
    dd 0x89C2, 0xB9DB
    dd 0x89C3, 0xD35F
    dd 0x89C4, 0xB9E6
    dd 0x89C5, 0xC3D9
    dd 0x89C6, 0xCAD3
    dd 0x89C7, 0xEAE8
    dd 0x89C8, 0xC0C0
    dd 0x89C9, 0xBEF5
    dd 0x89CA, 0xEAE9
    dd 0x89CB, 0xEAEA
    dd 0x89CC, 0xEAEB
    dd 0x89CD, 0xD360
    dd 0x89CE, 0xEAEC
    dd 0x89CF, 0xEAED
    dd 0x89D0, 0xEAEE
    dd 0x89D1, 0xEAEF
    dd 0x89D2, 0xBDC7
    dd 0x89D3, 0xD361
    dd 0x89D4, 0xD362
    dd 0x89D5, 0xD363
    dd 0x89D6, 0xF5FB
    dd 0x89D7, 0xD364
    dd 0x89D8, 0xD365
    dd 0x89D9, 0xD366
    dd 0x89DA, 0xF5FD
    dd 0x89DB, 0xD367
    dd 0x89DC, 0xF5FE
    dd 0x89DD, 0xD368
    dd 0x89DE, 0xF5FC
    dd 0x89DF, 0xD369
    dd 0x89E0, 0xD36A
    dd 0x89E1, 0xD36B
    dd 0x89E2, 0xD36C
    dd 0x89E3, 0xBDE2
    dd 0x89E4, 0xD36D
    dd 0x89E5, 0xF6A1
    dd 0x89E6, 0xB4A5
    dd 0x89E7, 0xD36E
    dd 0x89E8, 0xD36F
    dd 0x89E9, 0xD370
    dd 0x89EA, 0xD371
    dd 0x89EB, 0xF6A2
    dd 0x89EC, 0xD372
    dd 0x89ED, 0xD373
    dd 0x89EE, 0xD374
    dd 0x89EF, 0xF6A3
    dd 0x89F0, 0xD375
    dd 0x89F1, 0xD376
    dd 0x89F2, 0xD377
    dd 0x89F3, 0xECB2
    dd 0x89F4, 0xD378
    dd 0x89F5, 0xD379
    dd 0x89F6, 0xD37A
    dd 0x89F7, 0xD37B
    dd 0x89F8, 0xD37C
    dd 0x89F9, 0xD37D
    dd 0x89FA, 0xD37E
    dd 0x89FB, 0xD380
    dd 0x89FC, 0xD381
    dd 0x89FD, 0xD382
    dd 0x89FE, 0xD383
    dd 0x89FF, 0xD384
    dd 0x8A00, 0xD1D4
    dd 0x8A01, 0xD385
    dd 0x8A02, 0xD386
    dd 0x8A03, 0xD387
    dd 0x8A04, 0xD388
    dd 0x8A05, 0xD389
    dd 0x8A06, 0xD38A
    dd 0x8A07, 0xD9EA
    dd 0x8A08, 0xD38B
    dd 0x8A09, 0xD38C
    dd 0x8A0A, 0xD38D
    dd 0x8A0B, 0xD38E
    dd 0x8A0C, 0xD38F
    dd 0x8A0D, 0xD390
    dd 0x8A0E, 0xD391
    dd 0x8A0F, 0xD392
    dd 0x8A10, 0xD393
    dd 0x8A11, 0xD394
    dd 0x8A12, 0xD395
    dd 0x8A13, 0xD396
    dd 0x8A14, 0xD397
    dd 0x8A15, 0xD398
    dd 0x8A16, 0xD399
    dd 0x8A17, 0xD39A
    dd 0x8A18, 0xD39B
    dd 0x8A19, 0xD39C
    dd 0x8A1A, 0xD39D
    dd 0x8A1B, 0xD39E
    dd 0x8A1C, 0xD39F
    dd 0x8A1D, 0xD3A0
    dd 0x8A1E, 0xD440
    dd 0x8A1F, 0xD441
    dd 0x8A20, 0xD442
    dd 0x8A21, 0xD443
    dd 0x8A22, 0xD444
    dd 0x8A23, 0xD445
    dd 0x8A24, 0xD446
    dd 0x8A25, 0xD447
    dd 0x8A26, 0xD448
    dd 0x8A27, 0xD449
    dd 0x8A28, 0xD44A
    dd 0x8A29, 0xD44B
    dd 0x8A2A, 0xD44C
    dd 0x8A2B, 0xD44D
    dd 0x8A2C, 0xD44E
    dd 0x8A2D, 0xD44F
    dd 0x8A2E, 0xD450
    dd 0x8A2F, 0xD451
    dd 0x8A30, 0xD452
    dd 0x8A31, 0xD453
    dd 0x8A32, 0xD454
    dd 0x8A33, 0xD455
    dd 0x8A34, 0xD456
    dd 0x8A35, 0xD457
    dd 0x8A36, 0xD458
    dd 0x8A37, 0xD459
    dd 0x8A38, 0xD45A
    dd 0x8A39, 0xD45B
    dd 0x8A3A, 0xD45C
    dd 0x8A3B, 0xD45D
    dd 0x8A3C, 0xD45E
    dd 0x8A3D, 0xD45F
    dd 0x8A3E, 0xF6A4
    dd 0x8A3F, 0xD460
    dd 0x8A40, 0xD461
    dd 0x8A41, 0xD462
    dd 0x8A42, 0xD463
    dd 0x8A43, 0xD464
    dd 0x8A44, 0xD465
    dd 0x8A45, 0xD466
    dd 0x8A46, 0xD467
    dd 0x8A47, 0xD468
    dd 0x8A48, 0xEEBA
    dd 0x8A49, 0xD469
    dd 0x8A4A, 0xD46A
    dd 0x8A4B, 0xD46B
    dd 0x8A4C, 0xD46C
    dd 0x8A4D, 0xD46D
    dd 0x8A4E, 0xD46E
    dd 0x8A4F, 0xD46F
    dd 0x8A50, 0xD470
    dd 0x8A51, 0xD471
    dd 0x8A52, 0xD472
    dd 0x8A53, 0xD473
    dd 0x8A54, 0xD474
    dd 0x8A55, 0xD475
    dd 0x8A56, 0xD476
    dd 0x8A57, 0xD477
    dd 0x8A58, 0xD478
    dd 0x8A59, 0xD479
    dd 0x8A5A, 0xD47A
    dd 0x8A5B, 0xD47B
    dd 0x8A5C, 0xD47C
    dd 0x8A5D, 0xD47D
    dd 0x8A5E, 0xD47E
    dd 0x8A5F, 0xD480
    dd 0x8A60, 0xD481
    dd 0x8A61, 0xD482
    dd 0x8A62, 0xD483
    dd 0x8A63, 0xD484
    dd 0x8A64, 0xD485
    dd 0x8A65, 0xD486
    dd 0x8A66, 0xD487
    dd 0x8A67, 0xD488
    dd 0x8A68, 0xD489
    dd 0x8A69, 0xD48A
    dd 0x8A6A, 0xD48B
    dd 0x8A6B, 0xD48C
    dd 0x8A6C, 0xD48D
    dd 0x8A6D, 0xD48E
    dd 0x8A6E, 0xD48F
    dd 0x8A6F, 0xD490
    dd 0x8A70, 0xD491
    dd 0x8A71, 0xD492
    dd 0x8A72, 0xD493
    dd 0x8A73, 0xD494
    dd 0x8A74, 0xD495
    dd 0x8A75, 0xD496
    dd 0x8A76, 0xD497
    dd 0x8A77, 0xD498
    dd 0x8A78, 0xD499
    dd 0x8A79, 0xD5B2
    dd 0x8A7A, 0xD49A
    dd 0x8A7B, 0xD49B
    dd 0x8A7C, 0xD49C
    dd 0x8A7D, 0xD49D
    dd 0x8A7E, 0xD49E
    dd 0x8A7F, 0xD49F
    dd 0x8A80, 0xD4A0
    dd 0x8A81, 0xD540
    dd 0x8A82, 0xD541
    dd 0x8A83, 0xD542
    dd 0x8A84, 0xD543
    dd 0x8A85, 0xD544
    dd 0x8A86, 0xD545
    dd 0x8A87, 0xD546
    dd 0x8A88, 0xD547
    dd 0x8A89, 0xD3FE
    dd 0x8A8A, 0xCCDC
    dd 0x8A8B, 0xD548
    dd 0x8A8C, 0xD549
    dd 0x8A8D, 0xD54A
    dd 0x8A8E, 0xD54B
    dd 0x8A8F, 0xD54C
    dd 0x8A90, 0xD54D
    dd 0x8A91, 0xD54E
    dd 0x8A92, 0xD54F
    dd 0x8A93, 0xCAC4
    dd 0x8A94, 0xD550
    dd 0x8A95, 0xD551
    dd 0x8A96, 0xD552
    dd 0x8A97, 0xD553
    dd 0x8A98, 0xD554
    dd 0x8A99, 0xD555
    dd 0x8A9A, 0xD556
    dd 0x8A9B, 0xD557
    dd 0x8A9C, 0xD558
    dd 0x8A9D, 0xD559
    dd 0x8A9E, 0xD55A
    dd 0x8A9F, 0xD55B
    dd 0x8AA0, 0xD55C
    dd 0x8AA1, 0xD55D
    dd 0x8AA2, 0xD55E
    dd 0x8AA3, 0xD55F
    dd 0x8AA4, 0xD560
    dd 0x8AA5, 0xD561
    dd 0x8AA6, 0xD562
    dd 0x8AA7, 0xD563
    dd 0x8AA8, 0xD564
    dd 0x8AA9, 0xD565
    dd 0x8AAA, 0xD566
    dd 0x8AAB, 0xD567
    dd 0x8AAC, 0xD568
    dd 0x8AAD, 0xD569
    dd 0x8AAE, 0xD56A
    dd 0x8AAF, 0xD56B
    dd 0x8AB0, 0xD56C
    dd 0x8AB1, 0xD56D
    dd 0x8AB2, 0xD56E
    dd 0x8AB3, 0xD56F
    dd 0x8AB4, 0xD570
    dd 0x8AB5, 0xD571
    dd 0x8AB6, 0xD572
    dd 0x8AB7, 0xD573
    dd 0x8AB8, 0xD574
    dd 0x8AB9, 0xD575
    dd 0x8ABA, 0xD576
    dd 0x8ABB, 0xD577
    dd 0x8ABC, 0xD578
    dd 0x8ABD, 0xD579
    dd 0x8ABE, 0xD57A
    dd 0x8ABF, 0xD57B
    dd 0x8AC0, 0xD57C
    dd 0x8AC1, 0xD57D
    dd 0x8AC2, 0xD57E
    dd 0x8AC3, 0xD580
    dd 0x8AC4, 0xD581
    dd 0x8AC5, 0xD582
    dd 0x8AC6, 0xD583
    dd 0x8AC7, 0xD584
    dd 0x8AC8, 0xD585
    dd 0x8AC9, 0xD586
    dd 0x8ACA, 0xD587
    dd 0x8ACB, 0xD588
    dd 0x8ACC, 0xD589
    dd 0x8ACD, 0xD58A
    dd 0x8ACE, 0xD58B
    dd 0x8ACF, 0xD58C
    dd 0x8AD0, 0xD58D
    dd 0x8AD1, 0xD58E
    dd 0x8AD2, 0xD58F
    dd 0x8AD3, 0xD590
    dd 0x8AD4, 0xD591
    dd 0x8AD5, 0xD592
    dd 0x8AD6, 0xD593
    dd 0x8AD7, 0xD594
    dd 0x8AD8, 0xD595
    dd 0x8AD9, 0xD596
    dd 0x8ADA, 0xD597
    dd 0x8ADB, 0xD598
    dd 0x8ADC, 0xD599
    dd 0x8ADD, 0xD59A
    dd 0x8ADE, 0xD59B
    dd 0x8ADF, 0xD59C
    dd 0x8AE0, 0xD59D
    dd 0x8AE1, 0xD59E
    dd 0x8AE2, 0xD59F
    dd 0x8AE3, 0xD5A0
    dd 0x8AE4, 0xD640
    dd 0x8AE5, 0xD641
    dd 0x8AE6, 0xD642
    dd 0x8AE7, 0xD643
    dd 0x8AE8, 0xD644
    dd 0x8AE9, 0xD645
    dd 0x8AEA, 0xD646
    dd 0x8AEB, 0xD647
    dd 0x8AEC, 0xD648
    dd 0x8AED, 0xD649
    dd 0x8AEE, 0xD64A
    dd 0x8AEF, 0xD64B
    dd 0x8AF0, 0xD64C
    dd 0x8AF1, 0xD64D
    dd 0x8AF2, 0xD64E
    dd 0x8AF3, 0xD64F
    dd 0x8AF4, 0xD650
    dd 0x8AF5, 0xD651
    dd 0x8AF6, 0xD652
    dd 0x8AF7, 0xD653
    dd 0x8AF8, 0xD654
    dd 0x8AF9, 0xD655
    dd 0x8AFA, 0xD656
    dd 0x8AFB, 0xD657
    dd 0x8AFC, 0xD658
    dd 0x8AFD, 0xD659
    dd 0x8AFE, 0xD65A
    dd 0x8AFF, 0xD65B
    dd 0x8B00, 0xD65C
    dd 0x8B01, 0xD65D
    dd 0x8B02, 0xD65E
    dd 0x8B03, 0xD65F
    dd 0x8B04, 0xD660
    dd 0x8B05, 0xD661
    dd 0x8B06, 0xD662
    dd 0x8B07, 0xE5C0
    dd 0x8B08, 0xD663
    dd 0x8B09, 0xD664
    dd 0x8B0A, 0xD665
    dd 0x8B0B, 0xD666
    dd 0x8B0C, 0xD667
    dd 0x8B0D, 0xD668
    dd 0x8B0E, 0xD669
    dd 0x8B0F, 0xD66A
    dd 0x8B10, 0xD66B
    dd 0x8B11, 0xD66C
    dd 0x8B12, 0xD66D
    dd 0x8B13, 0xD66E
    dd 0x8B14, 0xD66F
    dd 0x8B15, 0xD670
    dd 0x8B16, 0xD671
    dd 0x8B17, 0xD672
    dd 0x8B18, 0xD673
    dd 0x8B19, 0xD674
    dd 0x8B1A, 0xD675
    dd 0x8B1B, 0xD676
    dd 0x8B1C, 0xD677
    dd 0x8B1D, 0xD678
    dd 0x8B1E, 0xD679
    dd 0x8B1F, 0xD67A
    dd 0x8B20, 0xD67B
    dd 0x8B21, 0xD67C
    dd 0x8B22, 0xD67D
    dd 0x8B23, 0xD67E
    dd 0x8B24, 0xD680
    dd 0x8B25, 0xD681
    dd 0x8B26, 0xF6A5
    dd 0x8B27, 0xD682
    dd 0x8B28, 0xD683
    dd 0x8B29, 0xD684
    dd 0x8B2A, 0xD685
    dd 0x8B2B, 0xD686
    dd 0x8B2C, 0xD687
    dd 0x8B2D, 0xD688
    dd 0x8B2E, 0xD689
    dd 0x8B2F, 0xD68A
    dd 0x8B30, 0xD68B
    dd 0x8B31, 0xD68C
    dd 0x8B32, 0xD68D
    dd 0x8B33, 0xD68E
    dd 0x8B34, 0xD68F
    dd 0x8B35, 0xD690
    dd 0x8B36, 0xD691
    dd 0x8B37, 0xD692
    dd 0x8B38, 0xD693
    dd 0x8B39, 0xD694
    dd 0x8B3A, 0xD695
    dd 0x8B3B, 0xD696
    dd 0x8B3C, 0xD697
    dd 0x8B3D, 0xD698
    dd 0x8B3E, 0xD699
    dd 0x8B3F, 0xD69A
    dd 0x8B40, 0xD69B
    dd 0x8B41, 0xD69C
    dd 0x8B42, 0xD69D
    dd 0x8B43, 0xD69E
    dd 0x8B44, 0xD69F
    dd 0x8B45, 0xD6A0
    dd 0x8B46, 0xD740
    dd 0x8B47, 0xD741
    dd 0x8B48, 0xD742
    dd 0x8B49, 0xD743
    dd 0x8B4A, 0xD744
    dd 0x8B4B, 0xD745
    dd 0x8B4C, 0xD746
    dd 0x8B4D, 0xD747
    dd 0x8B4E, 0xD748
    dd 0x8B4F, 0xD749
    dd 0x8B50, 0xD74A
    dd 0x8B51, 0xD74B
    dd 0x8B52, 0xD74C
    dd 0x8B53, 0xD74D
    dd 0x8B54, 0xD74E
    dd 0x8B55, 0xD74F
    dd 0x8B56, 0xD750
    dd 0x8B57, 0xD751
    dd 0x8B58, 0xD752
    dd 0x8B59, 0xD753
    dd 0x8B5A, 0xD754
    dd 0x8B5B, 0xD755
    dd 0x8B5C, 0xD756
    dd 0x8B5D, 0xD757
    dd 0x8B5E, 0xD758
    dd 0x8B5F, 0xD759
    dd 0x8B60, 0xD75A
    dd 0x8B61, 0xD75B
    dd 0x8B62, 0xD75C
    dd 0x8B63, 0xD75D
    dd 0x8B64, 0xD75E
    dd 0x8B65, 0xD75F
    dd 0x8B66, 0xBEAF
    dd 0x8B67, 0xD760
    dd 0x8B68, 0xD761
    dd 0x8B69, 0xD762
    dd 0x8B6A, 0xD763
    dd 0x8B6B, 0xD764
    dd 0x8B6C, 0xC6A9
    dd 0x8B6D, 0xD765
    dd 0x8B6E, 0xD766
    dd 0x8B6F, 0xD767
    dd 0x8B70, 0xD768
    dd 0x8B71, 0xD769
    dd 0x8B72, 0xD76A
    dd 0x8B73, 0xD76B
    dd 0x8B74, 0xD76C
    dd 0x8B75, 0xD76D
    dd 0x8B76, 0xD76E
    dd 0x8B77, 0xD76F
    dd 0x8B78, 0xD770
    dd 0x8B79, 0xD771
    dd 0x8B7A, 0xD772
    dd 0x8B7B, 0xD773
    dd 0x8B7C, 0xD774
    dd 0x8B7D, 0xD775
    dd 0x8B7E, 0xD776
    dd 0x8B7F, 0xD777
    dd 0x8B80, 0xD778
    dd 0x8B81, 0xD779
    dd 0x8B82, 0xD77A
    dd 0x8B83, 0xD77B
    dd 0x8B84, 0xD77C
    dd 0x8B85, 0xD77D
    dd 0x8B86, 0xD77E
    dd 0x8B87, 0xD780
    dd 0x8B88, 0xD781
    dd 0x8B89, 0xD782
    dd 0x8B8A, 0xD783
    dd 0x8B8B, 0xD784
    dd 0x8B8C, 0xD785
    dd 0x8B8D, 0xD786
    dd 0x8B8E, 0xD787
    dd 0x8B8F, 0xD788
    dd 0x8B90, 0xD789
    dd 0x8B91, 0xD78A
    dd 0x8B92, 0xD78B
    dd 0x8B93, 0xD78C
    dd 0x8B94, 0xD78D
    dd 0x8B95, 0xD78E
    dd 0x8B96, 0xD78F
    dd 0x8B97, 0xD790
    dd 0x8B98, 0xD791
    dd 0x8B99, 0xD792
    dd 0x8B9A, 0xD793
    dd 0x8B9B, 0xD794
    dd 0x8B9C, 0xD795
    dd 0x8B9D, 0xD796
    dd 0x8B9E, 0xD797
    dd 0x8B9F, 0xD798
    dd 0x8BA0, 0xDAA5
    dd 0x8BA1, 0xBCC6
    dd 0x8BA2, 0xB6A9
    dd 0x8BA3, 0xB8BC
    dd 0x8BA4, 0xC8CF
    dd 0x8BA5, 0xBCA5
    dd 0x8BA6, 0xDAA6
    dd 0x8BA7, 0xDAA7
    dd 0x8BA8, 0xCCD6
    dd 0x8BA9, 0xC8C3
    dd 0x8BAA, 0xDAA8
    dd 0x8BAB, 0xC6FD
    dd 0x8BAC, 0xD799
    dd 0x8BAD, 0xD1B5
    dd 0x8BAE, 0xD2E9
    dd 0x8BAF, 0xD1B6
    dd 0x8BB0, 0xBCC7
    dd 0x8BB1, 0xD79A
    dd 0x8BB2, 0xBDB2
    dd 0x8BB3, 0xBBE4
    dd 0x8BB4, 0xDAA9
    dd 0x8BB5, 0xDAAA
    dd 0x8BB6, 0xD1C8
    dd 0x8BB7, 0xDAAB
    dd 0x8BB8, 0xD0ED
    dd 0x8BB9, 0xB6EF
    dd 0x8BBA, 0xC2DB
    dd 0x8BBB, 0xD79B
    dd 0x8BBC, 0xCBCF
    dd 0x8BBD, 0xB7ED
    dd 0x8BBE, 0xC9E8
    dd 0x8BBF, 0xB7C3
    dd 0x8BC0, 0xBEF7
    dd 0x8BC1, 0xD6A4
    dd 0x8BC2, 0xDAAC
    dd 0x8BC3, 0xDAAD
    dd 0x8BC4, 0xC6C0
    dd 0x8BC5, 0xD7E7
    dd 0x8BC6, 0xCAB6
    dd 0x8BC7, 0xD79C
    dd 0x8BC8, 0xD5A9
    dd 0x8BC9, 0xCBDF
    dd 0x8BCA, 0xD5EF
    dd 0x8BCB, 0xDAAE
    dd 0x8BCC, 0xD6DF
    dd 0x8BCD, 0xB4CA
    dd 0x8BCE, 0xDAB0
    dd 0x8BCF, 0xDAAF
    dd 0x8BD0, 0xD79D
    dd 0x8BD1, 0xD2EB
    dd 0x8BD2, 0xDAB1
    dd 0x8BD3, 0xDAB2
    dd 0x8BD4, 0xDAB3
    dd 0x8BD5, 0xCAD4
    dd 0x8BD6, 0xDAB4
    dd 0x8BD7, 0xCAAB
    dd 0x8BD8, 0xDAB5
    dd 0x8BD9, 0xDAB6
    dd 0x8BDA, 0xB3CF
    dd 0x8BDB, 0xD6EF
    dd 0x8BDC, 0xDAB7
    dd 0x8BDD, 0xBBB0
    dd 0x8BDE, 0xB5AE
    dd 0x8BDF, 0xDAB8
    dd 0x8BE0, 0xDAB9
    dd 0x8BE1, 0xB9EE
    dd 0x8BE2, 0xD1AF
    dd 0x8BE3, 0xD2E8
    dd 0x8BE4, 0xDABA
    dd 0x8BE5, 0xB8C3
    dd 0x8BE6, 0xCFEA
    dd 0x8BE7, 0xB2EF
    dd 0x8BE8, 0xDABB
    dd 0x8BE9, 0xDABC
    dd 0x8BEA, 0xD79E
    dd 0x8BEB, 0xBDEB
    dd 0x8BEC, 0xCEDC
    dd 0x8BED, 0xD3EF
    dd 0x8BEE, 0xDABD
    dd 0x8BEF, 0xCEF3
    dd 0x8BF0, 0xDABE
    dd 0x8BF1, 0xD3D5
    dd 0x8BF2, 0xBBE5
    dd 0x8BF3, 0xDABF
    dd 0x8BF4, 0xCBB5
    dd 0x8BF5, 0xCBD0
    dd 0x8BF6, 0xDAC0
    dd 0x8BF7, 0xC7EB
    dd 0x8BF8, 0xD6EE
    dd 0x8BF9, 0xDAC1
    dd 0x8BFA, 0xC5B5
    dd 0x8BFB, 0xB6C1
    dd 0x8BFC, 0xDAC2
    dd 0x8BFD, 0xB7CC
    dd 0x8BFE, 0xBFCE
    dd 0x8BFF, 0xDAC3
    dd 0x8C00, 0xDAC4
    dd 0x8C01, 0xCBAD
    dd 0x8C02, 0xDAC5
    dd 0x8C03, 0xB5F7
    dd 0x8C04, 0xDAC6
    dd 0x8C05, 0xC1C2
    dd 0x8C06, 0xD7BB
    dd 0x8C07, 0xDAC7
    dd 0x8C08, 0xCCB8
    dd 0x8C09, 0xD79F
    dd 0x8C0A, 0xD2EA
    dd 0x8C0B, 0xC4B1
    dd 0x8C0C, 0xDAC8
    dd 0x8C0D, 0xB5FD
    dd 0x8C0E, 0xBBD1
    dd 0x8C0F, 0xDAC9
    dd 0x8C10, 0xD0B3
    dd 0x8C11, 0xDACA
    dd 0x8C12, 0xDACB
    dd 0x8C13, 0xCEBD
    dd 0x8C14, 0xDACC
    dd 0x8C15, 0xDACD
    dd 0x8C16, 0xDACE
    dd 0x8C17, 0xB2F7
    dd 0x8C18, 0xDAD1
    dd 0x8C19, 0xDACF
    dd 0x8C1A, 0xD1E8
    dd 0x8C1B, 0xDAD0
    dd 0x8C1C, 0xC3D5
    dd 0x8C1D, 0xDAD2
    dd 0x8C1E, 0xD7A0
    dd 0x8C1F, 0xDAD3
    dd 0x8C20, 0xDAD4
    dd 0x8C21, 0xDAD5
    dd 0x8C22, 0xD0BB
    dd 0x8C23, 0xD2A5
    dd 0x8C24, 0xB0F9
    dd 0x8C25, 0xDAD6
    dd 0x8C26, 0xC7AB
    dd 0x8C27, 0xDAD7
    dd 0x8C28, 0xBDF7
    dd 0x8C29, 0xC3A1
    dd 0x8C2A, 0xDAD8
    dd 0x8C2B, 0xDAD9
    dd 0x8C2C, 0xC3FD
    dd 0x8C2D, 0xCCB7
    dd 0x8C2E, 0xDADA
    dd 0x8C2F, 0xDADB
    dd 0x8C30, 0xC0BE
    dd 0x8C31, 0xC6D7
    dd 0x8C32, 0xDADC
    dd 0x8C33, 0xDADD
    dd 0x8C34, 0xC7B4
    dd 0x8C35, 0xDADE
    dd 0x8C36, 0xDADF
    dd 0x8C37, 0xB9C8
    dd 0x8C38, 0xD840
    dd 0x8C39, 0xD841
    dd 0x8C3A, 0xD842
    dd 0x8C3B, 0xD843
    dd 0x8C3C, 0xD844
    dd 0x8C3D, 0xD845
    dd 0x8C3E, 0xD846
    dd 0x8C3F, 0xD847
    dd 0x8C40, 0xD848
    dd 0x8C41, 0xBBED
    dd 0x8C42, 0xD849
    dd 0x8C43, 0xD84A
    dd 0x8C44, 0xD84B
    dd 0x8C45, 0xD84C
    dd 0x8C46, 0xB6B9
    dd 0x8C47, 0xF4F8
    dd 0x8C48, 0xD84D
    dd 0x8C49, 0xF4F9
    dd 0x8C4A, 0xD84E
    dd 0x8C4B, 0xD84F
    dd 0x8C4C, 0xCDE3
    dd 0x8C4D, 0xD850
    dd 0x8C4E, 0xD851
    dd 0x8C4F, 0xD852
    dd 0x8C50, 0xD853
    dd 0x8C51, 0xD854
    dd 0x8C52, 0xD855
    dd 0x8C53, 0xD856
    dd 0x8C54, 0xD857
    dd 0x8C55, 0xF5B9
    dd 0x8C56, 0xD858
    dd 0x8C57, 0xD859
    dd 0x8C58, 0xD85A
    dd 0x8C59, 0xD85B
    dd 0x8C5A, 0xEBE0
    dd 0x8C5B, 0xD85C
    dd 0x8C5C, 0xD85D
    dd 0x8C5D, 0xD85E
    dd 0x8C5E, 0xD85F
    dd 0x8C5F, 0xD860
    dd 0x8C60, 0xD861
    dd 0x8C61, 0xCFF3
    dd 0x8C62, 0xBBBF
    dd 0x8C63, 0xD862
    dd 0x8C64, 0xD863
    dd 0x8C65, 0xD864
    dd 0x8C66, 0xD865
    dd 0x8C67, 0xD866
    dd 0x8C68, 0xD867
    dd 0x8C69, 0xD868
    dd 0x8C6A, 0xBAC0
    dd 0x8C6B, 0xD4A5
    dd 0x8C6C, 0xD869
    dd 0x8C6D, 0xD86A
    dd 0x8C6E, 0xD86B
    dd 0x8C6F, 0xD86C
    dd 0x8C70, 0xD86D
    dd 0x8C71, 0xD86E
    dd 0x8C72, 0xD86F
    dd 0x8C73, 0xE1D9
    dd 0x8C74, 0xD870
    dd 0x8C75, 0xD871
    dd 0x8C76, 0xD872
    dd 0x8C77, 0xD873
    dd 0x8C78, 0xF5F4
    dd 0x8C79, 0xB1AA
    dd 0x8C7A, 0xB2F2
    dd 0x8C7B, 0xD874
    dd 0x8C7C, 0xD875
    dd 0x8C7D, 0xD876
    dd 0x8C7E, 0xD877
    dd 0x8C7F, 0xD878
    dd 0x8C80, 0xD879
    dd 0x8C81, 0xD87A
    dd 0x8C82, 0xF5F5
    dd 0x8C83, 0xD87B
    dd 0x8C84, 0xD87C
    dd 0x8C85, 0xF5F7
    dd 0x8C86, 0xD87D
    dd 0x8C87, 0xD87E
    dd 0x8C88, 0xD880
    dd 0x8C89, 0xBAD1
    dd 0x8C8A, 0xF5F6
    dd 0x8C8B, 0xD881
    dd 0x8C8C, 0xC3B2
    dd 0x8C8D, 0xD882
    dd 0x8C8E, 0xD883
    dd 0x8C8F, 0xD884
    dd 0x8C90, 0xD885
    dd 0x8C91, 0xD886
    dd 0x8C92, 0xD887
    dd 0x8C93, 0xD888
    dd 0x8C94, 0xF5F9
    dd 0x8C95, 0xD889
    dd 0x8C96, 0xD88A
    dd 0x8C97, 0xD88B
    dd 0x8C98, 0xF5F8
    dd 0x8C99, 0xD88C
    dd 0x8C9A, 0xD88D
    dd 0x8C9B, 0xD88E
    dd 0x8C9C, 0xD88F
    dd 0x8C9D, 0xD890
    dd 0x8C9E, 0xD891
    dd 0x8C9F, 0xD892
    dd 0x8CA0, 0xD893
    dd 0x8CA1, 0xD894
    dd 0x8CA2, 0xD895
    dd 0x8CA3, 0xD896
    dd 0x8CA4, 0xD897
    dd 0x8CA5, 0xD898
    dd 0x8CA6, 0xD899
    dd 0x8CA7, 0xD89A
    dd 0x8CA8, 0xD89B
    dd 0x8CA9, 0xD89C
    dd 0x8CAA, 0xD89D
    dd 0x8CAB, 0xD89E
    dd 0x8CAC, 0xD89F
    dd 0x8CAD, 0xD8A0
    dd 0x8CAE, 0xD940
    dd 0x8CAF, 0xD941
    dd 0x8CB0, 0xD942
    dd 0x8CB1, 0xD943
    dd 0x8CB2, 0xD944
    dd 0x8CB3, 0xD945
    dd 0x8CB4, 0xD946
    dd 0x8CB5, 0xD947
    dd 0x8CB6, 0xD948
    dd 0x8CB7, 0xD949
    dd 0x8CB8, 0xD94A
    dd 0x8CB9, 0xD94B
    dd 0x8CBA, 0xD94C
    dd 0x8CBB, 0xD94D
    dd 0x8CBC, 0xD94E
    dd 0x8CBD, 0xD94F
    dd 0x8CBE, 0xD950
    dd 0x8CBF, 0xD951
    dd 0x8CC0, 0xD952
    dd 0x8CC1, 0xD953
    dd 0x8CC2, 0xD954
    dd 0x8CC3, 0xD955
    dd 0x8CC4, 0xD956
    dd 0x8CC5, 0xD957
    dd 0x8CC6, 0xD958
    dd 0x8CC7, 0xD959
    dd 0x8CC8, 0xD95A
    dd 0x8CC9, 0xD95B
    dd 0x8CCA, 0xD95C
    dd 0x8CCB, 0xD95D
    dd 0x8CCC, 0xD95E
    dd 0x8CCD, 0xD95F
    dd 0x8CCE, 0xD960
    dd 0x8CCF, 0xD961
    dd 0x8CD0, 0xD962
    dd 0x8CD1, 0xD963
    dd 0x8CD2, 0xD964
    dd 0x8CD3, 0xD965
    dd 0x8CD4, 0xD966
    dd 0x8CD5, 0xD967
    dd 0x8CD6, 0xD968
    dd 0x8CD7, 0xD969
    dd 0x8CD8, 0xD96A
    dd 0x8CD9, 0xD96B
    dd 0x8CDA, 0xD96C
    dd 0x8CDB, 0xD96D
    dd 0x8CDC, 0xD96E
    dd 0x8CDD, 0xD96F
    dd 0x8CDE, 0xD970
    dd 0x8CDF, 0xD971
    dd 0x8CE0, 0xD972
    dd 0x8CE1, 0xD973
    dd 0x8CE2, 0xD974
    dd 0x8CE3, 0xD975
    dd 0x8CE4, 0xD976
    dd 0x8CE5, 0xD977
    dd 0x8CE6, 0xD978
    dd 0x8CE7, 0xD979
    dd 0x8CE8, 0xD97A
    dd 0x8CE9, 0xD97B
    dd 0x8CEA, 0xD97C
    dd 0x8CEB, 0xD97D
    dd 0x8CEC, 0xD97E
    dd 0x8CED, 0xD980
    dd 0x8CEE, 0xD981
    dd 0x8CEF, 0xD982
    dd 0x8CF0, 0xD983
    dd 0x8CF1, 0xD984
    dd 0x8CF2, 0xD985
    dd 0x8CF3, 0xD986
    dd 0x8CF4, 0xD987
    dd 0x8CF5, 0xD988
    dd 0x8CF6, 0xD989
    dd 0x8CF7, 0xD98A
    dd 0x8CF8, 0xD98B
    dd 0x8CF9, 0xD98C
    dd 0x8CFA, 0xD98D
    dd 0x8CFB, 0xD98E
    dd 0x8CFC, 0xD98F
    dd 0x8CFD, 0xD990
    dd 0x8CFE, 0xD991
    dd 0x8CFF, 0xD992
    dd 0x8D00, 0xD993
    dd 0x8D01, 0xD994
    dd 0x8D02, 0xD995
    dd 0x8D03, 0xD996
    dd 0x8D04, 0xD997
    dd 0x8D05, 0xD998
    dd 0x8D06, 0xD999
    dd 0x8D07, 0xD99A
    dd 0x8D08, 0xD99B
    dd 0x8D09, 0xD99C
    dd 0x8D0A, 0xD99D
    dd 0x8D0B, 0xD99E
    dd 0x8D0C, 0xD99F
    dd 0x8D0D, 0xD9A0
    dd 0x8D0E, 0xDA40
    dd 0x8D0F, 0xDA41
    dd 0x8D10, 0xDA42
    dd 0x8D11, 0xDA43
    dd 0x8D12, 0xDA44
    dd 0x8D13, 0xDA45
    dd 0x8D14, 0xDA46
    dd 0x8D15, 0xDA47
    dd 0x8D16, 0xDA48
    dd 0x8D17, 0xDA49
    dd 0x8D18, 0xDA4A
    dd 0x8D19, 0xDA4B
    dd 0x8D1A, 0xDA4C
    dd 0x8D1B, 0xDA4D
    dd 0x8D1C, 0xDA4E
    dd 0x8D1D, 0xB1B4
    dd 0x8D1E, 0xD5EA
    dd 0x8D1F, 0xB8BA
    dd 0x8D20, 0xDA4F
    dd 0x8D21, 0xB9B1
    dd 0x8D22, 0xB2C6
    dd 0x8D23, 0xD4F0
    dd 0x8D24, 0xCFCD
    dd 0x8D25, 0xB0DC
    dd 0x8D26, 0xD5CB
    dd 0x8D27, 0xBBF5
    dd 0x8D28, 0xD6CA
    dd 0x8D29, 0xB7B7
    dd 0x8D2A, 0xCCB0
    dd 0x8D2B, 0xC6B6
    dd 0x8D2C, 0xB1E1
    dd 0x8D2D, 0xB9BA
    dd 0x8D2E, 0xD6FC
    dd 0x8D2F, 0xB9E1
    dd 0x8D30, 0xB7A1
    dd 0x8D31, 0xBCFA
    dd 0x8D32, 0xEADA
    dd 0x8D33, 0xEADB
    dd 0x8D34, 0xCCF9
    dd 0x8D35, 0xB9F3
    dd 0x8D36, 0xEADC
    dd 0x8D37, 0xB4FB
    dd 0x8D38, 0xC3B3
    dd 0x8D39, 0xB7D1
    dd 0x8D3A, 0xBAD8
    dd 0x8D3B, 0xEADD
    dd 0x8D3C, 0xD4F4
    dd 0x8D3D, 0xEADE
    dd 0x8D3E, 0xBCD6
    dd 0x8D3F, 0xBBDF
    dd 0x8D40, 0xEADF
    dd 0x8D41, 0xC1DE
    dd 0x8D42, 0xC2B8
    dd 0x8D43, 0xD4DF
    dd 0x8D44, 0xD7CA
    dd 0x8D45, 0xEAE0
    dd 0x8D46, 0xEAE1
    dd 0x8D47, 0xEAE4
    dd 0x8D48, 0xEAE2
    dd 0x8D49, 0xEAE3
    dd 0x8D4A, 0xC9DE
    dd 0x8D4B, 0xB8B3
    dd 0x8D4C, 0xB6C4
    dd 0x8D4D, 0xEAE5
    dd 0x8D4E, 0xCAEA
    dd 0x8D4F, 0xC9CD
    dd 0x8D50, 0xB4CD
    dd 0x8D51, 0xDA50
    dd 0x8D52, 0xDA51
    dd 0x8D53, 0xE2D9
    dd 0x8D54, 0xC5E2
    dd 0x8D55, 0xEAE6
    dd 0x8D56, 0xC0B5
    dd 0x8D57, 0xDA52
    dd 0x8D58, 0xD7B8
    dd 0x8D59, 0xEAE7
    dd 0x8D5A, 0xD7AC
    dd 0x8D5B, 0xC8FC
    dd 0x8D5C, 0xD8D3
    dd 0x8D5D, 0xD8CD
    dd 0x8D5E, 0xD4DE
    dd 0x8D5F, 0xDA53
    dd 0x8D60, 0xD4F9
    dd 0x8D61, 0xC9C4
    dd 0x8D62, 0xD3AE
    dd 0x8D63, 0xB8D3
    dd 0x8D64, 0xB3E0
    dd 0x8D65, 0xDA54
    dd 0x8D66, 0xC9E2
    dd 0x8D67, 0xF4F6
    dd 0x8D68, 0xDA55
    dd 0x8D69, 0xDA56
    dd 0x8D6A, 0xDA57
    dd 0x8D6B, 0xBAD5
    dd 0x8D6C, 0xDA58
    dd 0x8D6D, 0xF4F7
    dd 0x8D6E, 0xDA59
    dd 0x8D6F, 0xDA5A
    dd 0x8D70, 0xD7DF
    dd 0x8D71, 0xDA5B
    dd 0x8D72, 0xDA5C
    dd 0x8D73, 0xF4F1
    dd 0x8D74, 0xB8B0
    dd 0x8D75, 0xD5D4
    dd 0x8D76, 0xB8CF
    dd 0x8D77, 0xC6F0
    dd 0x8D78, 0xDA5D
    dd 0x8D79, 0xDA5E
    dd 0x8D7A, 0xDA5F
    dd 0x8D7B, 0xDA60
    dd 0x8D7C, 0xDA61
    dd 0x8D7D, 0xDA62
    dd 0x8D7E, 0xDA63
    dd 0x8D7F, 0xDA64
    dd 0x8D80, 0xDA65
    dd 0x8D81, 0xB3C3
    dd 0x8D82, 0xDA66
    dd 0x8D83, 0xDA67
    dd 0x8D84, 0xF4F2
    dd 0x8D85, 0xB3AC
    dd 0x8D86, 0xDA68
    dd 0x8D87, 0xDA69
    dd 0x8D88, 0xDA6A
    dd 0x8D89, 0xDA6B
    dd 0x8D8A, 0xD4BD
    dd 0x8D8B, 0xC7F7
    dd 0x8D8C, 0xDA6C
    dd 0x8D8D, 0xDA6D
    dd 0x8D8E, 0xDA6E
    dd 0x8D8F, 0xDA6F
    dd 0x8D90, 0xDA70
    dd 0x8D91, 0xF4F4
    dd 0x8D92, 0xDA71
    dd 0x8D93, 0xDA72
    dd 0x8D94, 0xF4F3
    dd 0x8D95, 0xDA73
    dd 0x8D96, 0xDA74
    dd 0x8D97, 0xDA75
    dd 0x8D98, 0xDA76
    dd 0x8D99, 0xDA77
    dd 0x8D9A, 0xDA78
    dd 0x8D9B, 0xDA79
    dd 0x8D9C, 0xDA7A
    dd 0x8D9D, 0xDA7B
    dd 0x8D9E, 0xDA7C
    dd 0x8D9F, 0xCCCB
    dd 0x8DA0, 0xDA7D
    dd 0x8DA1, 0xDA7E
    dd 0x8DA2, 0xDA80
    dd 0x8DA3, 0xC8A4
    dd 0x8DA4, 0xDA81
    dd 0x8DA5, 0xDA82
    dd 0x8DA6, 0xDA83
    dd 0x8DA7, 0xDA84
    dd 0x8DA8, 0xDA85
    dd 0x8DA9, 0xDA86
    dd 0x8DAA, 0xDA87
    dd 0x8DAB, 0xDA88
    dd 0x8DAC, 0xDA89
    dd 0x8DAD, 0xDA8A
    dd 0x8DAE, 0xDA8B
    dd 0x8DAF, 0xDA8C
    dd 0x8DB0, 0xDA8D
    dd 0x8DB1, 0xF4F5
    dd 0x8DB2, 0xDA8E
    dd 0x8DB3, 0xD7E3
    dd 0x8DB4, 0xC5BF
    dd 0x8DB5, 0xF5C0
    dd 0x8DB6, 0xDA8F
    dd 0x8DB7, 0xDA90
    dd 0x8DB8, 0xF5BB
    dd 0x8DB9, 0xDA91
    dd 0x8DBA, 0xF5C3
    dd 0x8DBB, 0xDA92
    dd 0x8DBC, 0xF5C2
    dd 0x8DBD, 0xDA93
    dd 0x8DBE, 0xD6BA
    dd 0x8DBF, 0xF5C1
    dd 0x8DC0, 0xDA94
    dd 0x8DC1, 0xDA95
    dd 0x8DC2, 0xDA96
    dd 0x8DC3, 0xD4BE
    dd 0x8DC4, 0xF5C4
    dd 0x8DC5, 0xDA97
    dd 0x8DC6, 0xF5CC
    dd 0x8DC7, 0xDA98
    dd 0x8DC8, 0xDA99
    dd 0x8DC9, 0xDA9A
    dd 0x8DCA, 0xDA9B
    dd 0x8DCB, 0xB0CF
    dd 0x8DCC, 0xB5F8
    dd 0x8DCD, 0xDA9C
    dd 0x8DCE, 0xF5C9
    dd 0x8DCF, 0xF5CA
    dd 0x8DD0, 0xDA9D
    dd 0x8DD1, 0xC5DC
    dd 0x8DD2, 0xDA9E
    dd 0x8DD3, 0xDA9F
    dd 0x8DD4, 0xDAA0
    dd 0x8DD5, 0xDB40
    dd 0x8DD6, 0xF5C5
    dd 0x8DD7, 0xF5C6
    dd 0x8DD8, 0xDB41
    dd 0x8DD9, 0xDB42
    dd 0x8DDA, 0xF5C7
    dd 0x8DDB, 0xF5CB
    dd 0x8DDC, 0xDB43
    dd 0x8DDD, 0xBEE0
    dd 0x8DDE, 0xF5C8
    dd 0x8DDF, 0xB8FA
    dd 0x8DE0, 0xDB44
    dd 0x8DE1, 0xDB45
    dd 0x8DE2, 0xDB46
    dd 0x8DE3, 0xF5D0
    dd 0x8DE4, 0xF5D3
    dd 0x8DE5, 0xDB47
    dd 0x8DE6, 0xDB48
    dd 0x8DE7, 0xDB49
    dd 0x8DE8, 0xBFE7
    dd 0x8DE9, 0xDB4A
    dd 0x8DEA, 0xB9F2
    dd 0x8DEB, 0xF5BC
    dd 0x8DEC, 0xF5CD
    dd 0x8DED, 0xDB4B
    dd 0x8DEE, 0xDB4C
    dd 0x8DEF, 0xC2B7
    dd 0x8DF0, 0xDB4D
    dd 0x8DF1, 0xDB4E
    dd 0x8DF2, 0xDB4F
    dd 0x8DF3, 0xCCF8
    dd 0x8DF4, 0xDB50
    dd 0x8DF5, 0xBCF9
    dd 0x8DF6, 0xDB51
    dd 0x8DF7, 0xF5CE
    dd 0x8DF8, 0xF5CF
    dd 0x8DF9, 0xF5D1
    dd 0x8DFA, 0xB6E5
    dd 0x8DFB, 0xF5D2
    dd 0x8DFC, 0xDB52
    dd 0x8DFD, 0xF5D5
    dd 0x8DFE, 0xDB53
    dd 0x8DFF, 0xDB54
    dd 0x8E00, 0xDB55
    dd 0x8E01, 0xDB56
    dd 0x8E02, 0xDB57
    dd 0x8E03, 0xDB58
    dd 0x8E04, 0xDB59
    dd 0x8E05, 0xF5BD
    dd 0x8E06, 0xDB5A
    dd 0x8E07, 0xDB5B
    dd 0x8E08, 0xDB5C
    dd 0x8E09, 0xF5D4
    dd 0x8E0A, 0xD3BB
    dd 0x8E0B, 0xDB5D
    dd 0x8E0C, 0xB3EC
    dd 0x8E0D, 0xDB5E
    dd 0x8E0E, 0xDB5F
    dd 0x8E0F, 0xCCA4
    dd 0x8E10, 0xDB60
    dd 0x8E11, 0xDB61
    dd 0x8E12, 0xDB62
    dd 0x8E13, 0xDB63
    dd 0x8E14, 0xF5D6
    dd 0x8E15, 0xDB64
    dd 0x8E16, 0xDB65
    dd 0x8E17, 0xDB66
    dd 0x8E18, 0xDB67
    dd 0x8E19, 0xDB68
    dd 0x8E1A, 0xDB69
    dd 0x8E1B, 0xDB6A
    dd 0x8E1C, 0xDB6B
    dd 0x8E1D, 0xF5D7
    dd 0x8E1E, 0xBEE1
    dd 0x8E1F, 0xF5D8
    dd 0x8E20, 0xDB6C
    dd 0x8E21, 0xDB6D
    dd 0x8E22, 0xCCDF
    dd 0x8E23, 0xF5DB
    dd 0x8E24, 0xDB6E
    dd 0x8E25, 0xDB6F
    dd 0x8E26, 0xDB70
    dd 0x8E27, 0xDB71
    dd 0x8E28, 0xDB72
    dd 0x8E29, 0xB2C8
    dd 0x8E2A, 0xD7D9
    dd 0x8E2B, 0xDB73
    dd 0x8E2C, 0xF5D9
    dd 0x8E2D, 0xDB74
    dd 0x8E2E, 0xF5DA
    dd 0x8E2F, 0xF5DC
    dd 0x8E30, 0xDB75
    dd 0x8E31, 0xF5E2
    dd 0x8E32, 0xDB76
    dd 0x8E33, 0xDB77
    dd 0x8E34, 0xDB78
    dd 0x8E35, 0xF5E0
    dd 0x8E36, 0xDB79
    dd 0x8E37, 0xDB7A
    dd 0x8E38, 0xDB7B
    dd 0x8E39, 0xF5DF
    dd 0x8E3A, 0xF5DD
    dd 0x8E3B, 0xDB7C
    dd 0x8E3C, 0xDB7D
    dd 0x8E3D, 0xF5E1
    dd 0x8E3E, 0xDB7E
    dd 0x8E3F, 0xDB80
    dd 0x8E40, 0xF5DE
    dd 0x8E41, 0xF5E4
    dd 0x8E42, 0xF5E5
    dd 0x8E43, 0xDB81
    dd 0x8E44, 0xCCE3
    dd 0x8E45, 0xDB82
    dd 0x8E46, 0xDB83
    dd 0x8E47, 0xE5BF
    dd 0x8E48, 0xB5B8
    dd 0x8E49, 0xF5E3
    dd 0x8E4A, 0xF5E8
    dd 0x8E4B, 0xCCA3
    dd 0x8E4C, 0xDB84
    dd 0x8E4D, 0xDB85
    dd 0x8E4E, 0xDB86
    dd 0x8E4F, 0xDB87
    dd 0x8E50, 0xDB88
    dd 0x8E51, 0xF5E6
    dd 0x8E52, 0xF5E7
    dd 0x8E53, 0xDB89
    dd 0x8E54, 0xDB8A
    dd 0x8E55, 0xDB8B
    dd 0x8E56, 0xDB8C
    dd 0x8E57, 0xDB8D
    dd 0x8E58, 0xDB8E
    dd 0x8E59, 0xF5BE
    dd 0x8E5A, 0xDB8F
    dd 0x8E5B, 0xDB90
    dd 0x8E5C, 0xDB91
    dd 0x8E5D, 0xDB92
    dd 0x8E5E, 0xDB93
    dd 0x8E5F, 0xDB94
    dd 0x8E60, 0xDB95
    dd 0x8E61, 0xDB96
    dd 0x8E62, 0xDB97
    dd 0x8E63, 0xDB98
    dd 0x8E64, 0xDB99
    dd 0x8E65, 0xDB9A
    dd 0x8E66, 0xB1C4
    dd 0x8E67, 0xDB9B
    dd 0x8E68, 0xDB9C
    dd 0x8E69, 0xF5BF
    dd 0x8E6A, 0xDB9D
    dd 0x8E6B, 0xDB9E
    dd 0x8E6C, 0xB5C5
    dd 0x8E6D, 0xB2E4
    dd 0x8E6E, 0xDB9F
    dd 0x8E6F, 0xF5EC
    dd 0x8E70, 0xF5E9
    dd 0x8E71, 0xDBA0
    dd 0x8E72, 0xB6D7
    dd 0x8E73, 0xDC40
    dd 0x8E74, 0xF5ED
    dd 0x8E75, 0xDC41
    dd 0x8E76, 0xF5EA
    dd 0x8E77, 0xDC42
    dd 0x8E78, 0xDC43
    dd 0x8E79, 0xDC44
    dd 0x8E7A, 0xDC45
    dd 0x8E7B, 0xDC46
    dd 0x8E7C, 0xF5EB
    dd 0x8E7D, 0xDC47
    dd 0x8E7E, 0xDC48
    dd 0x8E7F, 0xB4DA
    dd 0x8E80, 0xDC49
    dd 0x8E81, 0xD4EA
    dd 0x8E82, 0xDC4A
    dd 0x8E83, 0xDC4B
    dd 0x8E84, 0xDC4C
    dd 0x8E85, 0xF5EE
    dd 0x8E86, 0xDC4D
    dd 0x8E87, 0xB3F9
    dd 0x8E88, 0xDC4E
    dd 0x8E89, 0xDC4F
    dd 0x8E8A, 0xDC50
    dd 0x8E8B, 0xDC51
    dd 0x8E8C, 0xDC52
    dd 0x8E8D, 0xDC53
    dd 0x8E8E, 0xDC54
    dd 0x8E8F, 0xF5EF
    dd 0x8E90, 0xF5F1
    dd 0x8E91, 0xDC55
    dd 0x8E92, 0xDC56
    dd 0x8E93, 0xDC57
    dd 0x8E94, 0xF5F0
    dd 0x8E95, 0xDC58
    dd 0x8E96, 0xDC59
    dd 0x8E97, 0xDC5A
    dd 0x8E98, 0xDC5B
    dd 0x8E99, 0xDC5C
    dd 0x8E9A, 0xDC5D
    dd 0x8E9B, 0xDC5E
    dd 0x8E9C, 0xF5F2
    dd 0x8E9D, 0xDC5F
    dd 0x8E9E, 0xF5F3
    dd 0x8E9F, 0xDC60
    dd 0x8EA0, 0xDC61
    dd 0x8EA1, 0xDC62
    dd 0x8EA2, 0xDC63
    dd 0x8EA3, 0xDC64
    dd 0x8EA4, 0xDC65
    dd 0x8EA5, 0xDC66
    dd 0x8EA6, 0xDC67
    dd 0x8EA7, 0xDC68
    dd 0x8EA8, 0xDC69
    dd 0x8EA9, 0xDC6A
    dd 0x8EAA, 0xDC6B
    dd 0x8EAB, 0xC9ED
    dd 0x8EAC, 0xB9AA
    dd 0x8EAD, 0xDC6C
    dd 0x8EAE, 0xDC6D
    dd 0x8EAF, 0xC7FB
    dd 0x8EB0, 0xDC6E
    dd 0x8EB1, 0xDC6F
    dd 0x8EB2, 0xB6E3
    dd 0x8EB3, 0xDC70
    dd 0x8EB4, 0xDC71
    dd 0x8EB5, 0xDC72
    dd 0x8EB6, 0xDC73
    dd 0x8EB7, 0xDC74
    dd 0x8EB8, 0xDC75
    dd 0x8EB9, 0xDC76
    dd 0x8EBA, 0xCCC9
    dd 0x8EBB, 0xDC77
    dd 0x8EBC, 0xDC78
    dd 0x8EBD, 0xDC79
    dd 0x8EBE, 0xDC7A
    dd 0x8EBF, 0xDC7B
    dd 0x8EC0, 0xDC7C
    dd 0x8EC1, 0xDC7D
    dd 0x8EC2, 0xDC7E
    dd 0x8EC3, 0xDC80
    dd 0x8EC4, 0xDC81
    dd 0x8EC5, 0xDC82
    dd 0x8EC6, 0xDC83
    dd 0x8EC7, 0xDC84
    dd 0x8EC8, 0xDC85
    dd 0x8EC9, 0xDC86
    dd 0x8ECA, 0xDC87
    dd 0x8ECB, 0xDC88
    dd 0x8ECC, 0xDC89
    dd 0x8ECD, 0xDC8A
    dd 0x8ECE, 0xEAA6
    dd 0x8ECF, 0xDC8B
    dd 0x8ED0, 0xDC8C
    dd 0x8ED1, 0xDC8D
    dd 0x8ED2, 0xDC8E
    dd 0x8ED3, 0xDC8F
    dd 0x8ED4, 0xDC90
    dd 0x8ED5, 0xDC91
    dd 0x8ED6, 0xDC92
    dd 0x8ED7, 0xDC93
    dd 0x8ED8, 0xDC94
    dd 0x8ED9, 0xDC95
    dd 0x8EDA, 0xDC96
    dd 0x8EDB, 0xDC97
    dd 0x8EDC, 0xDC98
    dd 0x8EDD, 0xDC99
    dd 0x8EDE, 0xDC9A
    dd 0x8EDF, 0xDC9B
    dd 0x8EE0, 0xDC9C
    dd 0x8EE1, 0xDC9D
    dd 0x8EE2, 0xDC9E
    dd 0x8EE3, 0xDC9F
    dd 0x8EE4, 0xDCA0
    dd 0x8EE5, 0xDD40
    dd 0x8EE6, 0xDD41
    dd 0x8EE7, 0xDD42
    dd 0x8EE8, 0xDD43
    dd 0x8EE9, 0xDD44
    dd 0x8EEA, 0xDD45
    dd 0x8EEB, 0xDD46
    dd 0x8EEC, 0xDD47
    dd 0x8EED, 0xDD48
    dd 0x8EEE, 0xDD49
    dd 0x8EEF, 0xDD4A
    dd 0x8EF0, 0xDD4B
    dd 0x8EF1, 0xDD4C
    dd 0x8EF2, 0xDD4D
    dd 0x8EF3, 0xDD4E
    dd 0x8EF4, 0xDD4F
    dd 0x8EF5, 0xDD50
    dd 0x8EF6, 0xDD51
    dd 0x8EF7, 0xDD52
    dd 0x8EF8, 0xDD53
    dd 0x8EF9, 0xDD54
    dd 0x8EFA, 0xDD55
    dd 0x8EFB, 0xDD56
    dd 0x8EFC, 0xDD57
    dd 0x8EFD, 0xDD58
    dd 0x8EFE, 0xDD59
    dd 0x8EFF, 0xDD5A
    dd 0x8F00, 0xDD5B
    dd 0x8F01, 0xDD5C
    dd 0x8F02, 0xDD5D
    dd 0x8F03, 0xDD5E
    dd 0x8F04, 0xDD5F
    dd 0x8F05, 0xDD60
    dd 0x8F06, 0xDD61
    dd 0x8F07, 0xDD62
    dd 0x8F08, 0xDD63
    dd 0x8F09, 0xDD64
    dd 0x8F0A, 0xDD65
    dd 0x8F0B, 0xDD66
    dd 0x8F0C, 0xDD67
    dd 0x8F0D, 0xDD68
    dd 0x8F0E, 0xDD69
    dd 0x8F0F, 0xDD6A
    dd 0x8F10, 0xDD6B
    dd 0x8F11, 0xDD6C
    dd 0x8F12, 0xDD6D
    dd 0x8F13, 0xDD6E
    dd 0x8F14, 0xDD6F
    dd 0x8F15, 0xDD70
    dd 0x8F16, 0xDD71
    dd 0x8F17, 0xDD72
    dd 0x8F18, 0xDD73
    dd 0x8F19, 0xDD74
    dd 0x8F1A, 0xDD75
    dd 0x8F1B, 0xDD76
    dd 0x8F1C, 0xDD77
    dd 0x8F1D, 0xDD78
    dd 0x8F1E, 0xDD79
    dd 0x8F1F, 0xDD7A
    dd 0x8F20, 0xDD7B
    dd 0x8F21, 0xDD7C
    dd 0x8F22, 0xDD7D
    dd 0x8F23, 0xDD7E
    dd 0x8F24, 0xDD80
    dd 0x8F25, 0xDD81
    dd 0x8F26, 0xDD82
    dd 0x8F27, 0xDD83
    dd 0x8F28, 0xDD84
    dd 0x8F29, 0xDD85
    dd 0x8F2A, 0xDD86
    dd 0x8F2B, 0xDD87
    dd 0x8F2C, 0xDD88
    dd 0x8F2D, 0xDD89
    dd 0x8F2E, 0xDD8A
    dd 0x8F2F, 0xDD8B
    dd 0x8F30, 0xDD8C
    dd 0x8F31, 0xDD8D
    dd 0x8F32, 0xDD8E
    dd 0x8F33, 0xDD8F
    dd 0x8F34, 0xDD90
    dd 0x8F35, 0xDD91
    dd 0x8F36, 0xDD92
    dd 0x8F37, 0xDD93
    dd 0x8F38, 0xDD94
    dd 0x8F39, 0xDD95
    dd 0x8F3A, 0xDD96
    dd 0x8F3B, 0xDD97
    dd 0x8F3C, 0xDD98
    dd 0x8F3D, 0xDD99
    dd 0x8F3E, 0xDD9A
    dd 0x8F3F, 0xDD9B
    dd 0x8F40, 0xDD9C
    dd 0x8F41, 0xDD9D
    dd 0x8F42, 0xDD9E
    dd 0x8F43, 0xDD9F
    dd 0x8F44, 0xDDA0
    dd 0x8F45, 0xDE40
    dd 0x8F46, 0xDE41
    dd 0x8F47, 0xDE42
    dd 0x8F48, 0xDE43
    dd 0x8F49, 0xDE44
    dd 0x8F4A, 0xDE45
    dd 0x8F4B, 0xDE46
    dd 0x8F4C, 0xDE47
    dd 0x8F4D, 0xDE48
    dd 0x8F4E, 0xDE49
    dd 0x8F4F, 0xDE4A
    dd 0x8F50, 0xDE4B
    dd 0x8F51, 0xDE4C
    dd 0x8F52, 0xDE4D
    dd 0x8F53, 0xDE4E
    dd 0x8F54, 0xDE4F
    dd 0x8F55, 0xDE50
    dd 0x8F56, 0xDE51
    dd 0x8F57, 0xDE52
    dd 0x8F58, 0xDE53
    dd 0x8F59, 0xDE54
    dd 0x8F5A, 0xDE55
    dd 0x8F5B, 0xDE56
    dd 0x8F5C, 0xDE57
    dd 0x8F5D, 0xDE58
    dd 0x8F5E, 0xDE59
    dd 0x8F5F, 0xDE5A
    dd 0x8F60, 0xDE5B
    dd 0x8F61, 0xDE5C
    dd 0x8F62, 0xDE5D
    dd 0x8F63, 0xDE5E
    dd 0x8F64, 0xDE5F
    dd 0x8F65, 0xDE60
    dd 0x8F66, 0xB3B5
    dd 0x8F67, 0xD4FE
    dd 0x8F68, 0xB9EC
    dd 0x8F69, 0xD0F9
    dd 0x8F6A, 0xDE61
    dd 0x8F6B, 0xE9ED
    dd 0x8F6C, 0xD7AA
    dd 0x8F6D, 0xE9EE
    dd 0x8F6E, 0xC2D6
    dd 0x8F6F, 0xC8ED
    dd 0x8F70, 0xBAE4
    dd 0x8F71, 0xE9EF
    dd 0x8F72, 0xE9F0
    dd 0x8F73, 0xE9F1
    dd 0x8F74, 0xD6E1
    dd 0x8F75, 0xE9F2
    dd 0x8F76, 0xE9F3
    dd 0x8F77, 0xE9F5
    dd 0x8F78, 0xE9F4
    dd 0x8F79, 0xE9F6
    dd 0x8F7A, 0xE9F7
    dd 0x8F7B, 0xC7E1
    dd 0x8F7C, 0xE9F8
    dd 0x8F7D, 0xD4D8
    dd 0x8F7E, 0xE9F9
    dd 0x8F7F, 0xBDCE
    dd 0x8F80, 0xDE62
    dd 0x8F81, 0xE9FA
    dd 0x8F82, 0xE9FB
    dd 0x8F83, 0xBDCF
    dd 0x8F84, 0xE9FC
    dd 0x8F85, 0xB8A8
    dd 0x8F86, 0xC1BE
    dd 0x8F87, 0xE9FD
    dd 0x8F88, 0xB1B2
    dd 0x8F89, 0xBBD4
    dd 0x8F8A, 0xB9F5
    dd 0x8F8B, 0xE9FE
    dd 0x8F8C, 0xDE63
    dd 0x8F8D, 0xEAA1
    dd 0x8F8E, 0xEAA2
    dd 0x8F8F, 0xEAA3
    dd 0x8F90, 0xB7F8
    dd 0x8F91, 0xBCAD
    dd 0x8F92, 0xDE64
    dd 0x8F93, 0xCAE4
    dd 0x8F94, 0xE0CE
    dd 0x8F95, 0xD4AF
    dd 0x8F96, 0xCFBD
    dd 0x8F97, 0xD5B7
    dd 0x8F98, 0xEAA4
    dd 0x8F99, 0xD5DE
    dd 0x8F9A, 0xEAA5
    dd 0x8F9B, 0xD0C1
    dd 0x8F9C, 0xB9BC
    dd 0x8F9D, 0xDE65
    dd 0x8F9E, 0xB4C7
    dd 0x8F9F, 0xB1D9
    dd 0x8FA0, 0xDE66
    dd 0x8FA1, 0xDE67
    dd 0x8FA2, 0xDE68
    dd 0x8FA3, 0xC0B1
    dd 0x8FA4, 0xDE69
    dd 0x8FA5, 0xDE6A
    dd 0x8FA6, 0xDE6B
    dd 0x8FA7, 0xDE6C
    dd 0x8FA8, 0xB1E6
    dd 0x8FA9, 0xB1E7
    dd 0x8FAA, 0xDE6D
    dd 0x8FAB, 0xB1E8
    dd 0x8FAC, 0xDE6E
    dd 0x8FAD, 0xDE6F
    dd 0x8FAE, 0xDE70
    dd 0x8FAF, 0xDE71
    dd 0x8FB0, 0xB3BD
    dd 0x8FB1, 0xC8E8
    dd 0x8FB2, 0xDE72
    dd 0x8FB3, 0xDE73
    dd 0x8FB4, 0xDE74
    dd 0x8FB5, 0xDE75
    dd 0x8FB6, 0xE5C1
    dd 0x8FB7, 0xDE76
    dd 0x8FB8, 0xDE77
    dd 0x8FB9, 0xB1DF
    dd 0x8FBA, 0xDE78
    dd 0x8FBB, 0xDE79
    dd 0x8FBC, 0xDE7A
    dd 0x8FBD, 0xC1C9
    dd 0x8FBE, 0xB4EF
    dd 0x8FBF, 0xDE7B
    dd 0x8FC0, 0xDE7C
    dd 0x8FC1, 0xC7A8
    dd 0x8FC2, 0xD3D8
    dd 0x8FC3, 0xDE7D
    dd 0x8FC4, 0xC6F9
    dd 0x8FC5, 0xD1B8
    dd 0x8FC6, 0xDE7E
    dd 0x8FC7, 0xB9FD
    dd 0x8FC8, 0xC2F5
    dd 0x8FC9, 0xDE80
    dd 0x8FCA, 0xDE81
    dd 0x8FCB, 0xDE82
    dd 0x8FCC, 0xDE83
    dd 0x8FCD, 0xDE84
    dd 0x8FCE, 0xD3AD
    dd 0x8FCF, 0xDE85
    dd 0x8FD0, 0xD4CB
    dd 0x8FD1, 0xBDFC
    dd 0x8FD2, 0xDE86
    dd 0x8FD3, 0xE5C2
    dd 0x8FD4, 0xB7B5
    dd 0x8FD5, 0xE5C3
    dd 0x8FD6, 0xDE87
    dd 0x8FD7, 0xDE88
    dd 0x8FD8, 0xBBB9
    dd 0x8FD9, 0xD5E2
    dd 0x8FDA, 0xDE89
    dd 0x8FDB, 0xBDF8
    dd 0x8FDC, 0xD4B6
    dd 0x8FDD, 0xCEA5
    dd 0x8FDE, 0xC1AC
    dd 0x8FDF, 0xB3D9
    dd 0x8FE0, 0xDE8A
    dd 0x8FE1, 0xDE8B
    dd 0x8FE2, 0xCCF6
    dd 0x8FE3, 0xDE8C
    dd 0x8FE4, 0xE5C6
    dd 0x8FE5, 0xE5C4
    dd 0x8FE6, 0xE5C8
    dd 0x8FE7, 0xDE8D
    dd 0x8FE8, 0xE5CA
    dd 0x8FE9, 0xE5C7
    dd 0x8FEA, 0xB5CF
    dd 0x8FEB, 0xC6C8
    dd 0x8FEC, 0xDE8E
    dd 0x8FED, 0xB5FC
    dd 0x8FEE, 0xE5C5
    dd 0x8FEF, 0xDE8F
    dd 0x8FF0, 0xCAF6
    dd 0x8FF1, 0xDE90
    dd 0x8FF2, 0xDE91
    dd 0x8FF3, 0xE5C9
    dd 0x8FF4, 0xDE92
    dd 0x8FF5, 0xDE93
    dd 0x8FF6, 0xDE94
    dd 0x8FF7, 0xC3D4
    dd 0x8FF8, 0xB1C5
    dd 0x8FF9, 0xBCA3
    dd 0x8FFA, 0xDE95
    dd 0x8FFB, 0xDE96
    dd 0x8FFC, 0xDE97
    dd 0x8FFD, 0xD7B7
    dd 0x8FFE, 0xDE98
    dd 0x8FFF, 0xDE99
    dd 0x9000, 0xCDCB
    dd 0x9001, 0xCBCD
    dd 0x9002, 0xCACA
    dd 0x9003, 0xCCD3
    dd 0x9004, 0xE5CC
    dd 0x9005, 0xE5CB
    dd 0x9006, 0xC4E6
    dd 0x9007, 0xDE9A
    dd 0x9008, 0xDE9B
    dd 0x9009, 0xD1A1
    dd 0x900A, 0xD1B7
    dd 0x900B, 0xE5CD
    dd 0x900C, 0xDE9C
    dd 0x900D, 0xE5D0
    dd 0x900E, 0xDE9D
    dd 0x900F, 0xCDB8
    dd 0x9010, 0xD6F0
    dd 0x9011, 0xE5CF
    dd 0x9012, 0xB5DD
    dd 0x9013, 0xDE9E
    dd 0x9014, 0xCDBE
    dd 0x9015, 0xDE9F
    dd 0x9016, 0xE5D1
    dd 0x9017, 0xB6BA
    dd 0x9018, 0xDEA0
    dd 0x9019, 0xDF40
    dd 0x901A, 0xCDA8
    dd 0x901B, 0xB9E4
    dd 0x901C, 0xDF41
    dd 0x901D, 0xCAC5
    dd 0x901E, 0xB3D1
    dd 0x901F, 0xCBD9
    dd 0x9020, 0xD4EC
    dd 0x9021, 0xE5D2
    dd 0x9022, 0xB7EA
    dd 0x9023, 0xDF42
    dd 0x9024, 0xDF43
    dd 0x9025, 0xDF44
    dd 0x9026, 0xE5CE
    dd 0x9027, 0xDF45
    dd 0x9028, 0xDF46
    dd 0x9029, 0xDF47
    dd 0x902A, 0xDF48
    dd 0x902B, 0xDF49
    dd 0x902C, 0xDF4A
    dd 0x902D, 0xE5D5
    dd 0x902E, 0xB4FE
    dd 0x902F, 0xE5D6
    dd 0x9030, 0xDF4B
    dd 0x9031, 0xDF4C
    dd 0x9032, 0xDF4D
    dd 0x9033, 0xDF4E
    dd 0x9034, 0xDF4F
    dd 0x9035, 0xE5D3
    dd 0x9036, 0xE5D4
    dd 0x9037, 0xDF50
    dd 0x9038, 0xD2DD
    dd 0x9039, 0xDF51
    dd 0x903A, 0xDF52
    dd 0x903B, 0xC2DF
    dd 0x903C, 0xB1C6
    dd 0x903D, 0xDF53
    dd 0x903E, 0xD3E2
    dd 0x903F, 0xDF54
    dd 0x9040, 0xDF55
    dd 0x9041, 0xB6DD
    dd 0x9042, 0xCBEC
    dd 0x9043, 0xDF56
    dd 0x9044, 0xE5D7
    dd 0x9045, 0xDF57
    dd 0x9046, 0xDF58
    dd 0x9047, 0xD3F6
    dd 0x9048, 0xDF59
    dd 0x9049, 0xDF5A
    dd 0x904A, 0xDF5B
    dd 0x904B, 0xDF5C
    dd 0x904C, 0xDF5D
    dd 0x904D, 0xB1E9
    dd 0x904E, 0xDF5E
    dd 0x904F, 0xB6F4
    dd 0x9050, 0xE5DA
    dd 0x9051, 0xE5D8
    dd 0x9052, 0xE5D9
    dd 0x9053, 0xB5C0
    dd 0x9054, 0xDF5F
    dd 0x9055, 0xDF60
    dd 0x9056, 0xDF61
    dd 0x9057, 0xD2C5
    dd 0x9058, 0xE5DC
    dd 0x9059, 0xDF62
    dd 0x905A, 0xDF63
    dd 0x905B, 0xE5DE
    dd 0x905C, 0xDF64
    dd 0x905D, 0xDF65
    dd 0x905E, 0xDF66
    dd 0x905F, 0xDF67
    dd 0x9060, 0xDF68
    dd 0x9061, 0xDF69
    dd 0x9062, 0xE5DD
    dd 0x9063, 0xC7B2
    dd 0x9064, 0xDF6A
    dd 0x9065, 0xD2A3
    dd 0x9066, 0xDF6B
    dd 0x9067, 0xDF6C
    dd 0x9068, 0xE5DB
    dd 0x9069, 0xDF6D
    dd 0x906A, 0xDF6E
    dd 0x906B, 0xDF6F
    dd 0x906C, 0xDF70
    dd 0x906D, 0xD4E2
    dd 0x906E, 0xD5DA
    dd 0x906F, 0xDF71
    dd 0x9070, 0xDF72
    dd 0x9071, 0xDF73
    dd 0x9072, 0xDF74
    dd 0x9073, 0xDF75
    dd 0x9074, 0xE5E0
    dd 0x9075, 0xD7F1
    dd 0x9076, 0xDF76
    dd 0x9077, 0xDF77
    dd 0x9078, 0xDF78
    dd 0x9079, 0xDF79
    dd 0x907A, 0xDF7A
    dd 0x907B, 0xDF7B
    dd 0x907C, 0xDF7C
    dd 0x907D, 0xE5E1
    dd 0x907E, 0xDF7D
    dd 0x907F, 0xB1DC
    dd 0x9080, 0xD1FB
    dd 0x9081, 0xDF7E
    dd 0x9082, 0xE5E2
    dd 0x9083, 0xE5E4
    dd 0x9084, 0xDF80
    dd 0x9085, 0xDF81
    dd 0x9086, 0xDF82
    dd 0x9087, 0xDF83
    dd 0x9088, 0xE5E3
    dd 0x9089, 0xDF84
    dd 0x908A, 0xDF85
    dd 0x908B, 0xE5E5
    dd 0x908C, 0xDF86
    dd 0x908D, 0xDF87
    dd 0x908E, 0xDF88
    dd 0x908F, 0xDF89
    dd 0x9090, 0xDF8A
    dd 0x9091, 0xD2D8
    dd 0x9092, 0xDF8B
    dd 0x9093, 0xB5CB
    dd 0x9094, 0xDF8C
    dd 0x9095, 0xE7DF
    dd 0x9096, 0xDF8D
    dd 0x9097, 0xDAF5
    dd 0x9098, 0xDF8E
    dd 0x9099, 0xDAF8
    dd 0x909A, 0xDF8F
    dd 0x909B, 0xDAF6
    dd 0x909C, 0xDF90
    dd 0x909D, 0xDAF7
    dd 0x909E, 0xDF91
    dd 0x909F, 0xDF92
    dd 0x90A0, 0xDF93
    dd 0x90A1, 0xDAFA
    dd 0x90A2, 0xD0CF
    dd 0x90A3, 0xC4C7
    dd 0x90A4, 0xDF94
    dd 0x90A5, 0xDF95
    dd 0x90A6, 0xB0EE
    dd 0x90A7, 0xDF96
    dd 0x90A8, 0xDF97
    dd 0x90A9, 0xDF98
    dd 0x90AA, 0xD0B0
    dd 0x90AB, 0xDF99
    dd 0x90AC, 0xDAF9
    dd 0x90AD, 0xDF9A
    dd 0x90AE, 0xD3CA
    dd 0x90AF, 0xBAAA
    dd 0x90B0, 0xDBA2
    dd 0x90B1, 0xC7F1
    dd 0x90B2, 0xDF9B
    dd 0x90B3, 0xDAFC
    dd 0x90B4, 0xDAFB
    dd 0x90B5, 0xC9DB
    dd 0x90B6, 0xDAFD
    dd 0x90B7, 0xDF9C
    dd 0x90B8, 0xDBA1
    dd 0x90B9, 0xD7DE
    dd 0x90BA, 0xDAFE
    dd 0x90BB, 0xC1DA
    dd 0x90BC, 0xDF9D
    dd 0x90BD, 0xDF9E
    dd 0x90BE, 0xDBA5
    dd 0x90BF, 0xDF9F
    dd 0x90C0, 0xDFA0
    dd 0x90C1, 0xD3F4
    dd 0x90C2, 0xE040
    dd 0x90C3, 0xE041
    dd 0x90C4, 0xDBA7
    dd 0x90C5, 0xDBA4
    dd 0x90C6, 0xE042
    dd 0x90C7, 0xDBA8
    dd 0x90C8, 0xE043
    dd 0x90C9, 0xE044
    dd 0x90CA, 0xBDBC
    dd 0x90CB, 0xE045
    dd 0x90CC, 0xE046
    dd 0x90CD, 0xE047
    dd 0x90CE, 0xC0C9
    dd 0x90CF, 0xDBA3
    dd 0x90D0, 0xDBA6
    dd 0x90D1, 0xD6A3
    dd 0x90D2, 0xE048
    dd 0x90D3, 0xDBA9
    dd 0x90D4, 0xE049
    dd 0x90D5, 0xE04A
    dd 0x90D6, 0xE04B
    dd 0x90D7, 0xDBAD
    dd 0x90D8, 0xE04C
    dd 0x90D9, 0xE04D
    dd 0x90DA, 0xE04E
    dd 0x90DB, 0xDBAE
    dd 0x90DC, 0xDBAC
    dd 0x90DD, 0xBAC2
    dd 0x90DE, 0xE04F
    dd 0x90DF, 0xE050
    dd 0x90E0, 0xE051
    dd 0x90E1, 0xBFA4
    dd 0x90E2, 0xDBAB
    dd 0x90E3, 0xE052
    dd 0x90E4, 0xE053
    dd 0x90E5, 0xE054
    dd 0x90E6, 0xDBAA
    dd 0x90E7, 0xD4C7
    dd 0x90E8, 0xB2BF
    dd 0x90E9, 0xE055
    dd 0x90EA, 0xE056
    dd 0x90EB, 0xDBAF
    dd 0x90EC, 0xE057
    dd 0x90ED, 0xB9F9
    dd 0x90EE, 0xE058
    dd 0x90EF, 0xDBB0
    dd 0x90F0, 0xE059
    dd 0x90F1, 0xE05A
    dd 0x90F2, 0xE05B
    dd 0x90F3, 0xE05C
    dd 0x90F4, 0xB3BB
    dd 0x90F5, 0xE05D
    dd 0x90F6, 0xE05E
    dd 0x90F7, 0xE05F
    dd 0x90F8, 0xB5A6
    dd 0x90F9, 0xE060
    dd 0x90FA, 0xE061
    dd 0x90FB, 0xE062
    dd 0x90FC, 0xE063
    dd 0x90FD, 0xB6BC
    dd 0x90FE, 0xDBB1
    dd 0x90FF, 0xE064
    dd 0x9100, 0xE065
    dd 0x9101, 0xE066
    dd 0x9102, 0xB6F5
    dd 0x9103, 0xE067
    dd 0x9104, 0xDBB2
    dd 0x9105, 0xE068
    dd 0x9106, 0xE069
    dd 0x9107, 0xE06A
    dd 0x9108, 0xE06B
    dd 0x9109, 0xE06C
    dd 0x910A, 0xE06D
    dd 0x910B, 0xE06E
    dd 0x910C, 0xE06F
    dd 0x910D, 0xE070
    dd 0x910E, 0xE071
    dd 0x910F, 0xE072
    dd 0x9110, 0xE073
    dd 0x9111, 0xE074
    dd 0x9112, 0xE075
    dd 0x9113, 0xE076
    dd 0x9114, 0xE077
    dd 0x9115, 0xE078
    dd 0x9116, 0xE079
    dd 0x9117, 0xE07A
    dd 0x9118, 0xE07B
    dd 0x9119, 0xB1C9
    dd 0x911A, 0xE07C
    dd 0x911B, 0xE07D
    dd 0x911C, 0xE07E
    dd 0x911D, 0xE080
    dd 0x911E, 0xDBB4
    dd 0x911F, 0xE081
    dd 0x9120, 0xE082
    dd 0x9121, 0xE083
    dd 0x9122, 0xDBB3
    dd 0x9123, 0xDBB5
    dd 0x9124, 0xE084
    dd 0x9125, 0xE085
    dd 0x9126, 0xE086
    dd 0x9127, 0xE087
    dd 0x9128, 0xE088
    dd 0x9129, 0xE089
    dd 0x912A, 0xE08A
    dd 0x912B, 0xE08B
    dd 0x912C, 0xE08C
    dd 0x912D, 0xE08D
    dd 0x912E, 0xE08E
    dd 0x912F, 0xDBB7
    dd 0x9130, 0xE08F
    dd 0x9131, 0xDBB6
    dd 0x9132, 0xE090
    dd 0x9133, 0xE091
    dd 0x9134, 0xE092
    dd 0x9135, 0xE093
    dd 0x9136, 0xE094
    dd 0x9137, 0xE095
    dd 0x9138, 0xE096
    dd 0x9139, 0xDBB8
    dd 0x913A, 0xE097
    dd 0x913B, 0xE098
    dd 0x913C, 0xE099
    dd 0x913D, 0xE09A
    dd 0x913E, 0xE09B
    dd 0x913F, 0xE09C
    dd 0x9140, 0xE09D
    dd 0x9141, 0xE09E
    dd 0x9142, 0xE09F
    dd 0x9143, 0xDBB9
    dd 0x9144, 0xE0A0
    dd 0x9145, 0xE140
    dd 0x9146, 0xDBBA
    dd 0x9147, 0xE141
    dd 0x9148, 0xE142
    dd 0x9149, 0xD3CF
    dd 0x914A, 0xF4FA
    dd 0x914B, 0xC7F5
    dd 0x914C, 0xD7C3
    dd 0x914D, 0xC5E4
    dd 0x914E, 0xF4FC
    dd 0x914F, 0xF4FD
    dd 0x9150, 0xF4FB
    dd 0x9151, 0xE143
    dd 0x9152, 0xBEC6
    dd 0x9153, 0xE144
    dd 0x9154, 0xE145
    dd 0x9155, 0xE146
    dd 0x9156, 0xE147
    dd 0x9157, 0xD0EF
    dd 0x9158, 0xE148
    dd 0x9159, 0xE149
    dd 0x915A, 0xB7D3
    dd 0x915B, 0xE14A
    dd 0x915C, 0xE14B
    dd 0x915D, 0xD4CD
    dd 0x915E, 0xCCAA
    dd 0x915F, 0xE14C
    dd 0x9160, 0xE14D
    dd 0x9161, 0xF5A2
    dd 0x9162, 0xF5A1
    dd 0x9163, 0xBAA8
    dd 0x9164, 0xF4FE
    dd 0x9165, 0xCBD6
    dd 0x9166, 0xE14E
    dd 0x9167, 0xE14F
    dd 0x9168, 0xE150
    dd 0x9169, 0xF5A4
    dd 0x916A, 0xC0D2
    dd 0x916B, 0xE151
    dd 0x916C, 0xB3EA
    dd 0x916D, 0xE152
    dd 0x916E, 0xCDAA
    dd 0x916F, 0xF5A5
    dd 0x9170, 0xF5A3
    dd 0x9171, 0xBDB4
    dd 0x9172, 0xF5A8
    dd 0x9173, 0xE153
    dd 0x9174, 0xF5A9
    dd 0x9175, 0xBDCD
    dd 0x9176, 0xC3B8
    dd 0x9177, 0xBFE1
    dd 0x9178, 0xCBE1
    dd 0x9179, 0xF5AA
    dd 0x917A, 0xE154
    dd 0x917B, 0xE155
    dd 0x917C, 0xE156
    dd 0x917D, 0xF5A6
    dd 0x917E, 0xF5A7
    dd 0x917F, 0xC4F0
    dd 0x9180, 0xE157
    dd 0x9181, 0xE158
    dd 0x9182, 0xE159
    dd 0x9183, 0xE15A
    dd 0x9184, 0xE15B
    dd 0x9185, 0xF5AC
    dd 0x9186, 0xE15C
    dd 0x9187, 0xB4BC
    dd 0x9188, 0xE15D
    dd 0x9189, 0xD7ED
    dd 0x918A, 0xE15E
    dd 0x918B, 0xB4D7
    dd 0x918C, 0xF5AB
    dd 0x918D, 0xF5AE
    dd 0x918E, 0xE15F
    dd 0x918F, 0xE160
    dd 0x9190, 0xF5AD
    dd 0x9191, 0xF5AF
    dd 0x9192, 0xD0D1
    dd 0x9193, 0xE161
    dd 0x9194, 0xE162
    dd 0x9195, 0xE163
    dd 0x9196, 0xE164
    dd 0x9197, 0xE165
    dd 0x9198, 0xE166
    dd 0x9199, 0xE167
    dd 0x919A, 0xC3D1
    dd 0x919B, 0xC8A9
    dd 0x919C, 0xE168
    dd 0x919D, 0xE169
    dd 0x919E, 0xE16A
    dd 0x919F, 0xE16B
    dd 0x91A0, 0xE16C
    dd 0x91A1, 0xE16D
    dd 0x91A2, 0xF5B0
    dd 0x91A3, 0xF5B1
    dd 0x91A4, 0xE16E
    dd 0x91A5, 0xE16F
    dd 0x91A6, 0xE170
    dd 0x91A7, 0xE171
    dd 0x91A8, 0xE172
    dd 0x91A9, 0xE173
    dd 0x91AA, 0xF5B2
    dd 0x91AB, 0xE174
    dd 0x91AC, 0xE175
    dd 0x91AD, 0xF5B3
    dd 0x91AE, 0xF5B4
    dd 0x91AF, 0xF5B5
    dd 0x91B0, 0xE176
    dd 0x91B1, 0xE177
    dd 0x91B2, 0xE178
    dd 0x91B3, 0xE179
    dd 0x91B4, 0xF5B7
    dd 0x91B5, 0xF5B6
    dd 0x91B6, 0xE17A
    dd 0x91B7, 0xE17B
    dd 0x91B8, 0xE17C
    dd 0x91B9, 0xE17D
    dd 0x91BA, 0xF5B8
    dd 0x91BB, 0xE17E
    dd 0x91BC, 0xE180
    dd 0x91BD, 0xE181
    dd 0x91BE, 0xE182
    dd 0x91BF, 0xE183
    dd 0x91C0, 0xE184
    dd 0x91C1, 0xE185
    dd 0x91C2, 0xE186
    dd 0x91C3, 0xE187
    dd 0x91C4, 0xE188
    dd 0x91C5, 0xE189
    dd 0x91C6, 0xE18A
    dd 0x91C7, 0xB2C9
    dd 0x91C8, 0xE18B
    dd 0x91C9, 0xD3D4
    dd 0x91CA, 0xCACD
    dd 0x91CB, 0xE18C
    dd 0x91CC, 0xC0EF
    dd 0x91CD, 0xD6D8
    dd 0x91CE, 0xD2B0
    dd 0x91CF, 0xC1BF
    dd 0x91D0, 0xE18D
    dd 0x91D1, 0xBDF0
    dd 0x91D2, 0xE18E
    dd 0x91D3, 0xE18F
    dd 0x91D4, 0xE190
    dd 0x91D5, 0xE191
    dd 0x91D6, 0xE192
    dd 0x91D7, 0xE193
    dd 0x91D8, 0xE194
    dd 0x91D9, 0xE195
    dd 0x91DA, 0xE196
    dd 0x91DB, 0xE197
    dd 0x91DC, 0xB8AA
    dd 0x91DD, 0xE198
    dd 0x91DE, 0xE199
    dd 0x91DF, 0xE19A
    dd 0x91E0, 0xE19B
    dd 0x91E1, 0xE19C
    dd 0x91E2, 0xE19D
    dd 0x91E3, 0xE19E
    dd 0x91E4, 0xE19F
    dd 0x91E5, 0xE1A0
    dd 0x91E6, 0xE240
    dd 0x91E7, 0xE241
    dd 0x91E8, 0xE242
    dd 0x91E9, 0xE243
    dd 0x91EA, 0xE244
    dd 0x91EB, 0xE245
    dd 0x91EC, 0xE246
    dd 0x91ED, 0xE247
    dd 0x91EE, 0xE248
    dd 0x91EF, 0xE249
    dd 0x91F0, 0xE24A
    dd 0x91F1, 0xE24B
    dd 0x91F2, 0xE24C
    dd 0x91F3, 0xE24D
    dd 0x91F4, 0xE24E
    dd 0x91F5, 0xE24F
    dd 0x91F6, 0xE250
    dd 0x91F7, 0xE251
    dd 0x91F8, 0xE252
    dd 0x91F9, 0xE253
    dd 0x91FA, 0xE254
    dd 0x91FB, 0xE255
    dd 0x91FC, 0xE256
    dd 0x91FD, 0xE257
    dd 0x91FE, 0xE258
    dd 0x91FF, 0xE259
    dd 0x9200, 0xE25A
    dd 0x9201, 0xE25B
    dd 0x9202, 0xE25C
    dd 0x9203, 0xE25D
    dd 0x9204, 0xE25E
    dd 0x9205, 0xE25F
    dd 0x9206, 0xE260
    dd 0x9207, 0xE261
    dd 0x9208, 0xE262
    dd 0x9209, 0xE263
    dd 0x920A, 0xE264
    dd 0x920B, 0xE265
    dd 0x920C, 0xE266
    dd 0x920D, 0xE267
    dd 0x920E, 0xE268
    dd 0x920F, 0xE269
    dd 0x9210, 0xE26A
    dd 0x9211, 0xE26B
    dd 0x9212, 0xE26C
    dd 0x9213, 0xE26D
    dd 0x9214, 0xE26E
    dd 0x9215, 0xE26F
    dd 0x9216, 0xE270
    dd 0x9217, 0xE271
    dd 0x9218, 0xE272
    dd 0x9219, 0xE273
    dd 0x921A, 0xE274
    dd 0x921B, 0xE275
    dd 0x921C, 0xE276
    dd 0x921D, 0xE277
    dd 0x921E, 0xE278
    dd 0x921F, 0xE279
    dd 0x9220, 0xE27A
    dd 0x9221, 0xE27B
    dd 0x9222, 0xE27C
    dd 0x9223, 0xE27D
    dd 0x9224, 0xE27E
    dd 0x9225, 0xE280
    dd 0x9226, 0xE281
    dd 0x9227, 0xE282
    dd 0x9228, 0xE283
    dd 0x9229, 0xE284
    dd 0x922A, 0xE285
    dd 0x922B, 0xE286
    dd 0x922C, 0xE287
    dd 0x922D, 0xE288
    dd 0x922E, 0xE289
    dd 0x922F, 0xE28A
    dd 0x9230, 0xE28B
    dd 0x9231, 0xE28C
    dd 0x9232, 0xE28D
    dd 0x9233, 0xE28E
    dd 0x9234, 0xE28F
    dd 0x9235, 0xE290
    dd 0x9236, 0xE291
    dd 0x9237, 0xE292
    dd 0x9238, 0xE293
    dd 0x9239, 0xE294
    dd 0x923A, 0xE295
    dd 0x923B, 0xE296
    dd 0x923C, 0xE297
    dd 0x923D, 0xE298
    dd 0x923E, 0xE299
    dd 0x923F, 0xE29A
    dd 0x9240, 0xE29B
    dd 0x9241, 0xE29C
    dd 0x9242, 0xE29D
    dd 0x9243, 0xE29E
    dd 0x9244, 0xE29F
    dd 0x9245, 0xE2A0
    dd 0x9246, 0xE340
    dd 0x9247, 0xE341
    dd 0x9248, 0xE342
    dd 0x9249, 0xE343
    dd 0x924A, 0xE344
    dd 0x924B, 0xE345
    dd 0x924C, 0xE346
    dd 0x924D, 0xE347
    dd 0x924E, 0xE348
    dd 0x924F, 0xE349
    dd 0x9250, 0xE34A
    dd 0x9251, 0xE34B
    dd 0x9252, 0xE34C
    dd 0x9253, 0xE34D
    dd 0x9254, 0xE34E
    dd 0x9255, 0xE34F
    dd 0x9256, 0xE350
    dd 0x9257, 0xE351
    dd 0x9258, 0xE352
    dd 0x9259, 0xE353
    dd 0x925A, 0xE354
    dd 0x925B, 0xE355
    dd 0x925C, 0xE356
    dd 0x925D, 0xE357
    dd 0x925E, 0xE358
    dd 0x925F, 0xE359
    dd 0x9260, 0xE35A
    dd 0x9261, 0xE35B
    dd 0x9262, 0xE35C
    dd 0x9263, 0xE35D
    dd 0x9264, 0xE35E
    dd 0x9265, 0xE35F
    dd 0x9266, 0xE360
    dd 0x9267, 0xE361
    dd 0x9268, 0xE362
    dd 0x9269, 0xE363
    dd 0x926A, 0xE364
    dd 0x926B, 0xE365
    dd 0x926C, 0xE366
    dd 0x926D, 0xE367
    dd 0x926E, 0xE368
    dd 0x926F, 0xE369
    dd 0x9270, 0xE36A
    dd 0x9271, 0xE36B
    dd 0x9272, 0xE36C
    dd 0x9273, 0xE36D
    dd 0x9274, 0xBCF8
    dd 0x9275, 0xE36E
    dd 0x9276, 0xE36F
    dd 0x9277, 0xE370
    dd 0x9278, 0xE371
    dd 0x9279, 0xE372
    dd 0x927A, 0xE373
    dd 0x927B, 0xE374
    dd 0x927C, 0xE375
    dd 0x927D, 0xE376
    dd 0x927E, 0xE377
    dd 0x927F, 0xE378
    dd 0x9280, 0xE379
    dd 0x9281, 0xE37A
    dd 0x9282, 0xE37B
    dd 0x9283, 0xE37C
    dd 0x9284, 0xE37D
    dd 0x9285, 0xE37E
    dd 0x9286, 0xE380
    dd 0x9287, 0xE381
    dd 0x9288, 0xE382
    dd 0x9289, 0xE383
    dd 0x928A, 0xE384
    dd 0x928B, 0xE385
    dd 0x928C, 0xE386
    dd 0x928D, 0xE387
    dd 0x928E, 0xF6C6
    dd 0x928F, 0xE388
    dd 0x9290, 0xE389
    dd 0x9291, 0xE38A
    dd 0x9292, 0xE38B
    dd 0x9293, 0xE38C
    dd 0x9294, 0xE38D
    dd 0x9295, 0xE38E
    dd 0x9296, 0xE38F
    dd 0x9297, 0xE390
    dd 0x9298, 0xE391
    dd 0x9299, 0xE392
    dd 0x929A, 0xE393
    dd 0x929B, 0xE394
    dd 0x929C, 0xE395
    dd 0x929D, 0xE396
    dd 0x929E, 0xE397
    dd 0x929F, 0xE398
    dd 0x92A0, 0xE399
    dd 0x92A1, 0xE39A
    dd 0x92A2, 0xE39B
    dd 0x92A3, 0xE39C
    dd 0x92A4, 0xE39D
    dd 0x92A5, 0xE39E
    dd 0x92A6, 0xE39F
    dd 0x92A7, 0xE3A0
    dd 0x92A8, 0xE440
    dd 0x92A9, 0xE441
    dd 0x92AA, 0xE442
    dd 0x92AB, 0xE443
    dd 0x92AC, 0xE444
    dd 0x92AD, 0xE445
    dd 0x92AE, 0xF6C7
    dd 0x92AF, 0xE446
    dd 0x92B0, 0xE447
    dd 0x92B1, 0xE448
    dd 0x92B2, 0xE449
    dd 0x92B3, 0xE44A
    dd 0x92B4, 0xE44B
    dd 0x92B5, 0xE44C
    dd 0x92B6, 0xE44D
    dd 0x92B7, 0xE44E
    dd 0x92B8, 0xE44F
    dd 0x92B9, 0xE450
    dd 0x92BA, 0xE451
    dd 0x92BB, 0xE452
    dd 0x92BC, 0xE453
    dd 0x92BD, 0xE454
    dd 0x92BE, 0xE455
    dd 0x92BF, 0xE456
    dd 0x92C0, 0xE457
    dd 0x92C1, 0xE458
    dd 0x92C2, 0xE459
    dd 0x92C3, 0xE45A
    dd 0x92C4, 0xE45B
    dd 0x92C5, 0xE45C
    dd 0x92C6, 0xE45D
    dd 0x92C7, 0xE45E
    dd 0x92C8, 0xF6C8
    dd 0x92C9, 0xE45F
    dd 0x92CA, 0xE460
    dd 0x92CB, 0xE461
    dd 0x92CC, 0xE462
    dd 0x92CD, 0xE463
    dd 0x92CE, 0xE464
    dd 0x92CF, 0xE465
    dd 0x92D0, 0xE466
    dd 0x92D1, 0xE467
    dd 0x92D2, 0xE468
    dd 0x92D3, 0xE469
    dd 0x92D4, 0xE46A
    dd 0x92D5, 0xE46B
    dd 0x92D6, 0xE46C
    dd 0x92D7, 0xE46D
    dd 0x92D8, 0xE46E
    dd 0x92D9, 0xE46F
    dd 0x92DA, 0xE470
    dd 0x92DB, 0xE471
    dd 0x92DC, 0xE472
    dd 0x92DD, 0xE473
    dd 0x92DE, 0xE474
    dd 0x92DF, 0xE475
    dd 0x92E0, 0xE476
    dd 0x92E1, 0xE477
    dd 0x92E2, 0xE478
    dd 0x92E3, 0xE479
    dd 0x92E4, 0xE47A
    dd 0x92E5, 0xE47B
    dd 0x92E6, 0xE47C
    dd 0x92E7, 0xE47D
    dd 0x92E8, 0xE47E
    dd 0x92E9, 0xE480
    dd 0x92EA, 0xE481
    dd 0x92EB, 0xE482
    dd 0x92EC, 0xE483
    dd 0x92ED, 0xE484
    dd 0x92EE, 0xE485
    dd 0x92EF, 0xE486
    dd 0x92F0, 0xE487
    dd 0x92F1, 0xE488
    dd 0x92F2, 0xE489
    dd 0x92F3, 0xE48A
    dd 0x92F4, 0xE48B
    dd 0x92F5, 0xE48C
    dd 0x92F6, 0xE48D
    dd 0x92F7, 0xE48E
    dd 0x92F8, 0xE48F
    dd 0x92F9, 0xE490
    dd 0x92FA, 0xE491
    dd 0x92FB, 0xE492
    dd 0x92FC, 0xE493
    dd 0x92FD, 0xE494
    dd 0x92FE, 0xE495
    dd 0x92FF, 0xE496
    dd 0x9300, 0xE497
    dd 0x9301, 0xE498
    dd 0x9302, 0xE499
    dd 0x9303, 0xE49A
    dd 0x9304, 0xE49B
    dd 0x9305, 0xE49C
    dd 0x9306, 0xE49D
    dd 0x9307, 0xE49E
    dd 0x9308, 0xE49F
    dd 0x9309, 0xE4A0
    dd 0x930A, 0xE540
    dd 0x930B, 0xE541
    dd 0x930C, 0xE542
    dd 0x930D, 0xE543
    dd 0x930E, 0xE544
    dd 0x930F, 0xE545
    dd 0x9310, 0xE546
    dd 0x9311, 0xE547
    dd 0x9312, 0xE548
    dd 0x9313, 0xE549
    dd 0x9314, 0xE54A
    dd 0x9315, 0xE54B
    dd 0x9316, 0xE54C
    dd 0x9317, 0xE54D
    dd 0x9318, 0xE54E
    dd 0x9319, 0xE54F
    dd 0x931A, 0xE550
    dd 0x931B, 0xE551
    dd 0x931C, 0xE552
    dd 0x931D, 0xE553
    dd 0x931E, 0xE554
    dd 0x931F, 0xE555
    dd 0x9320, 0xE556
    dd 0x9321, 0xE557
    dd 0x9322, 0xE558
    dd 0x9323, 0xE559
    dd 0x9324, 0xE55A
    dd 0x9325, 0xE55B
    dd 0x9326, 0xE55C
    dd 0x9327, 0xE55D
    dd 0x9328, 0xE55E
    dd 0x9329, 0xE55F
    dd 0x932A, 0xE560
    dd 0x932B, 0xE561
    dd 0x932C, 0xE562
    dd 0x932D, 0xE563
    dd 0x932E, 0xE564
    dd 0x932F, 0xE565
    dd 0x9330, 0xE566
    dd 0x9331, 0xE567
    dd 0x9332, 0xE568
    dd 0x9333, 0xE569
    dd 0x9334, 0xE56A
    dd 0x9335, 0xE56B
    dd 0x9336, 0xE56C
    dd 0x9337, 0xE56D
    dd 0x9338, 0xE56E
    dd 0x9339, 0xE56F
    dd 0x933A, 0xE570
    dd 0x933B, 0xE571
    dd 0x933C, 0xE572
    dd 0x933D, 0xE573
    dd 0x933E, 0xF6C9
    dd 0x933F, 0xE574
    dd 0x9340, 0xE575
    dd 0x9341, 0xE576
    dd 0x9342, 0xE577
    dd 0x9343, 0xE578
    dd 0x9344, 0xE579
    dd 0x9345, 0xE57A
    dd 0x9346, 0xE57B
    dd 0x9347, 0xE57C
    dd 0x9348, 0xE57D
    dd 0x9349, 0xE57E
    dd 0x934A, 0xE580
    dd 0x934B, 0xE581
    dd 0x934C, 0xE582
    dd 0x934D, 0xE583
    dd 0x934E, 0xE584
    dd 0x934F, 0xE585
    dd 0x9350, 0xE586
    dd 0x9351, 0xE587
    dd 0x9352, 0xE588
    dd 0x9353, 0xE589
    dd 0x9354, 0xE58A
    dd 0x9355, 0xE58B
    dd 0x9356, 0xE58C
    dd 0x9357, 0xE58D
    dd 0x9358, 0xE58E
    dd 0x9359, 0xE58F
    dd 0x935A, 0xE590
    dd 0x935B, 0xE591
    dd 0x935C, 0xE592
    dd 0x935D, 0xE593
    dd 0x935E, 0xE594
    dd 0x935F, 0xE595
    dd 0x9360, 0xE596
    dd 0x9361, 0xE597
    dd 0x9362, 0xE598
    dd 0x9363, 0xE599
    dd 0x9364, 0xE59A
    dd 0x9365, 0xE59B
    dd 0x9366, 0xE59C
    dd 0x9367, 0xE59D
    dd 0x9368, 0xE59E
    dd 0x9369, 0xE59F
    dd 0x936A, 0xF6CA
    dd 0x936B, 0xE5A0
    dd 0x936C, 0xE640
    dd 0x936D, 0xE641
    dd 0x936E, 0xE642
    dd 0x936F, 0xE643
    dd 0x9370, 0xE644
    dd 0x9371, 0xE645
    dd 0x9372, 0xE646
    dd 0x9373, 0xE647
    dd 0x9374, 0xE648
    dd 0x9375, 0xE649
    dd 0x9376, 0xE64A
    dd 0x9377, 0xE64B
    dd 0x9378, 0xE64C
    dd 0x9379, 0xE64D
    dd 0x937A, 0xE64E
    dd 0x937B, 0xE64F
    dd 0x937C, 0xE650
    dd 0x937D, 0xE651
    dd 0x937E, 0xE652
    dd 0x937F, 0xE653
    dd 0x9380, 0xE654
    dd 0x9381, 0xE655
    dd 0x9382, 0xE656
    dd 0x9383, 0xE657
    dd 0x9384, 0xE658
    dd 0x9385, 0xE659
    dd 0x9386, 0xE65A
    dd 0x9387, 0xE65B
    dd 0x9388, 0xE65C
    dd 0x9389, 0xE65D
    dd 0x938A, 0xE65E
    dd 0x938B, 0xE65F
    dd 0x938C, 0xE660
    dd 0x938D, 0xE661
    dd 0x938E, 0xE662
    dd 0x938F, 0xF6CC
    dd 0x9390, 0xE663
    dd 0x9391, 0xE664
    dd 0x9392, 0xE665
    dd 0x9393, 0xE666
    dd 0x9394, 0xE667
    dd 0x9395, 0xE668
    dd 0x9396, 0xE669
    dd 0x9397, 0xE66A
    dd 0x9398, 0xE66B
    dd 0x9399, 0xE66C
    dd 0x939A, 0xE66D
    dd 0x939B, 0xE66E
    dd 0x939C, 0xE66F
    dd 0x939D, 0xE670
    dd 0x939E, 0xE671
    dd 0x939F, 0xE672
    dd 0x93A0, 0xE673
    dd 0x93A1, 0xE674
    dd 0x93A2, 0xE675
    dd 0x93A3, 0xE676
    dd 0x93A4, 0xE677
    dd 0x93A5, 0xE678
    dd 0x93A6, 0xE679
    dd 0x93A7, 0xE67A
    dd 0x93A8, 0xE67B
    dd 0x93A9, 0xE67C
    dd 0x93AA, 0xE67D
    dd 0x93AB, 0xE67E
    dd 0x93AC, 0xE680
    dd 0x93AD, 0xE681
    dd 0x93AE, 0xE682
    dd 0x93AF, 0xE683
    dd 0x93B0, 0xE684
    dd 0x93B1, 0xE685
    dd 0x93B2, 0xE686
    dd 0x93B3, 0xE687
    dd 0x93B4, 0xE688
    dd 0x93B5, 0xE689
    dd 0x93B6, 0xE68A
    dd 0x93B7, 0xE68B
    dd 0x93B8, 0xE68C
    dd 0x93B9, 0xE68D
    dd 0x93BA, 0xE68E
    dd 0x93BB, 0xE68F
    dd 0x93BC, 0xE690
    dd 0x93BD, 0xE691
    dd 0x93BE, 0xE692
    dd 0x93BF, 0xE693
    dd 0x93C0, 0xE694
    dd 0x93C1, 0xE695
    dd 0x93C2, 0xE696
    dd 0x93C3, 0xE697
    dd 0x93C4, 0xE698
    dd 0x93C5, 0xE699
    dd 0x93C6, 0xE69A
    dd 0x93C7, 0xE69B
    dd 0x93C8, 0xE69C
    dd 0x93C9, 0xE69D
    dd 0x93CA, 0xF6CB
    dd 0x93CB, 0xE69E
    dd 0x93CC, 0xE69F
    dd 0x93CD, 0xE6A0
    dd 0x93CE, 0xE740
    dd 0x93CF, 0xE741
    dd 0x93D0, 0xE742
    dd 0x93D1, 0xE743
    dd 0x93D2, 0xE744
    dd 0x93D3, 0xE745
    dd 0x93D4, 0xE746
    dd 0x93D5, 0xE747
    dd 0x93D6, 0xF7E9
    dd 0x93D7, 0xE748
    dd 0x93D8, 0xE749
    dd 0x93D9, 0xE74A
    dd 0x93DA, 0xE74B
    dd 0x93DB, 0xE74C
    dd 0x93DC, 0xE74D
    dd 0x93DD, 0xE74E
    dd 0x93DE, 0xE74F
    dd 0x93DF, 0xE750
    dd 0x93E0, 0xE751
    dd 0x93E1, 0xE752
    dd 0x93E2, 0xE753
    dd 0x93E3, 0xE754
    dd 0x93E4, 0xE755
    dd 0x93E5, 0xE756
    dd 0x93E6, 0xE757
    dd 0x93E7, 0xE758
    dd 0x93E8, 0xE759
    dd 0x93E9, 0xE75A
    dd 0x93EA, 0xE75B
    dd 0x93EB, 0xE75C
    dd 0x93EC, 0xE75D
    dd 0x93ED, 0xE75E
    dd 0x93EE, 0xE75F
    dd 0x93EF, 0xE760
    dd 0x93F0, 0xE761
    dd 0x93F1, 0xE762
    dd 0x93F2, 0xE763
    dd 0x93F3, 0xE764
    dd 0x93F4, 0xE765
    dd 0x93F5, 0xE766
    dd 0x93F6, 0xE767
    dd 0x93F7, 0xE768
    dd 0x93F8, 0xE769
    dd 0x93F9, 0xE76A
    dd 0x93FA, 0xE76B
    dd 0x93FB, 0xE76C
    dd 0x93FC, 0xE76D
    dd 0x93FD, 0xE76E
    dd 0x93FE, 0xE76F
    dd 0x93FF, 0xE770
    dd 0x9400, 0xE771
    dd 0x9401, 0xE772
    dd 0x9402, 0xE773
    dd 0x9403, 0xE774
    dd 0x9404, 0xE775
    dd 0x9405, 0xE776
    dd 0x9406, 0xE777
    dd 0x9407, 0xE778
    dd 0x9408, 0xE779
    dd 0x9409, 0xE77A
    dd 0x940A, 0xE77B
    dd 0x940B, 0xE77C
    dd 0x940C, 0xE77D
    dd 0x940D, 0xE77E
    dd 0x940E, 0xE780
    dd 0x940F, 0xE781
    dd 0x9410, 0xE782
    dd 0x9411, 0xE783
    dd 0x9412, 0xE784
    dd 0x9413, 0xE785
    dd 0x9414, 0xE786
    dd 0x9415, 0xE787
    dd 0x9416, 0xE788
    dd 0x9417, 0xE789
    dd 0x9418, 0xE78A
    dd 0x9419, 0xE78B
    dd 0x941A, 0xE78C
    dd 0x941B, 0xE78D
    dd 0x941C, 0xE78E
    dd 0x941D, 0xE78F
    dd 0x941E, 0xE790
    dd 0x941F, 0xE791
    dd 0x9420, 0xE792
    dd 0x9421, 0xE793
    dd 0x9422, 0xE794
    dd 0x9423, 0xE795
    dd 0x9424, 0xE796
    dd 0x9425, 0xE797
    dd 0x9426, 0xE798
    dd 0x9427, 0xE799
    dd 0x9428, 0xE79A
    dd 0x9429, 0xE79B
    dd 0x942A, 0xE79C
    dd 0x942B, 0xE79D
    dd 0x942C, 0xE79E
    dd 0x942D, 0xE79F
    dd 0x942E, 0xE7A0
    dd 0x942F, 0xE840
    dd 0x9430, 0xE841
    dd 0x9431, 0xE842
    dd 0x9432, 0xE843
    dd 0x9433, 0xE844
    dd 0x9434, 0xE845
    dd 0x9435, 0xE846
    dd 0x9436, 0xE847
    dd 0x9437, 0xE848
    dd 0x9438, 0xE849
    dd 0x9439, 0xE84A
    dd 0x943A, 0xE84B
    dd 0x943B, 0xE84C
    dd 0x943C, 0xE84D
    dd 0x943D, 0xE84E
    dd 0x943E, 0xF6CD
    dd 0x943F, 0xE84F
    dd 0x9440, 0xE850
    dd 0x9441, 0xE851
    dd 0x9442, 0xE852
    dd 0x9443, 0xE853
    dd 0x9444, 0xE854
    dd 0x9445, 0xE855
    dd 0x9446, 0xE856
    dd 0x9447, 0xE857
    dd 0x9448, 0xE858
    dd 0x9449, 0xE859
    dd 0x944A, 0xE85A
    dd 0x944B, 0xE85B
    dd 0x944C, 0xE85C
    dd 0x944D, 0xE85D
    dd 0x944E, 0xE85E
    dd 0x944F, 0xE85F
    dd 0x9450, 0xE860
    dd 0x9451, 0xE861
    dd 0x9452, 0xE862
    dd 0x9453, 0xE863
    dd 0x9454, 0xE864
    dd 0x9455, 0xE865
    dd 0x9456, 0xE866
    dd 0x9457, 0xE867
    dd 0x9458, 0xE868
    dd 0x9459, 0xE869
    dd 0x945A, 0xE86A
    dd 0x945B, 0xE86B
    dd 0x945C, 0xE86C
    dd 0x945D, 0xE86D
    dd 0x945E, 0xE86E
    dd 0x945F, 0xE86F
    dd 0x9460, 0xE870
    dd 0x9461, 0xE871
    dd 0x9462, 0xE872
    dd 0x9463, 0xE873
    dd 0x9464, 0xE874
    dd 0x9465, 0xE875
    dd 0x9466, 0xE876
    dd 0x9467, 0xE877
    dd 0x9468, 0xE878
    dd 0x9469, 0xE879
    dd 0x946A, 0xE87A
    dd 0x946B, 0xF6CE
    dd 0x946C, 0xE87B
    dd 0x946D, 0xE87C
    dd 0x946E, 0xE87D
    dd 0x946F, 0xE87E
    dd 0x9470, 0xE880
    dd 0x9471, 0xE881
    dd 0x9472, 0xE882
    dd 0x9473, 0xE883
    dd 0x9474, 0xE884
    dd 0x9475, 0xE885
    dd 0x9476, 0xE886
    dd 0x9477, 0xE887
    dd 0x9478, 0xE888
    dd 0x9479, 0xE889
    dd 0x947A, 0xE88A
    dd 0x947B, 0xE88B
    dd 0x947C, 0xE88C
    dd 0x947D, 0xE88D
    dd 0x947E, 0xE88E
    dd 0x947F, 0xE88F
    dd 0x9480, 0xE890
    dd 0x9481, 0xE891
    dd 0x9482, 0xE892
    dd 0x9483, 0xE893
    dd 0x9484, 0xE894
    dd 0x9485, 0xEEC4
    dd 0x9486, 0xEEC5
    dd 0x9487, 0xEEC6
    dd 0x9488, 0xD5EB
    dd 0x9489, 0xB6A4
    dd 0x948A, 0xEEC8
    dd 0x948B, 0xEEC7
    dd 0x948C, 0xEEC9
    dd 0x948D, 0xEECA
    dd 0x948E, 0xC7A5
    dd 0x948F, 0xEECB
    dd 0x9490, 0xEECC
    dd 0x9491, 0xE895
    dd 0x9492, 0xB7B0
    dd 0x9493, 0xB5F6
    dd 0x9494, 0xEECD
    dd 0x9495, 0xEECF
    dd 0x9496, 0xE896
    dd 0x9497, 0xEECE
    dd 0x9498, 0xE897
    dd 0x9499, 0xB8C6
    dd 0x949A, 0xEED0
    dd 0x949B, 0xEED1
    dd 0x949C, 0xEED2
    dd 0x949D, 0xB6DB
    dd 0x949E, 0xB3AE
    dd 0x949F, 0xD6D3
    dd 0x94A0, 0xC4C6
    dd 0x94A1, 0xB1B5
    dd 0x94A2, 0xB8D6
    dd 0x94A3, 0xEED3
    dd 0x94A4, 0xEED4
    dd 0x94A5, 0xD4BF
    dd 0x94A6, 0xC7D5
    dd 0x94A7, 0xBEFB
    dd 0x94A8, 0xCED9
    dd 0x94A9, 0xB9B3
    dd 0x94AA, 0xEED6
    dd 0x94AB, 0xEED5
    dd 0x94AC, 0xEED8
    dd 0x94AD, 0xEED7
    dd 0x94AE, 0xC5A5
    dd 0x94AF, 0xEED9
    dd 0x94B0, 0xEEDA
    dd 0x94B1, 0xC7AE
    dd 0x94B2, 0xEEDB
    dd 0x94B3, 0xC7AF
    dd 0x94B4, 0xEEDC
    dd 0x94B5, 0xB2A7
    dd 0x94B6, 0xEEDD
    dd 0x94B7, 0xEEDE
    dd 0x94B8, 0xEEDF
    dd 0x94B9, 0xEEE0
    dd 0x94BA, 0xEEE1
    dd 0x94BB, 0xD7EA
    dd 0x94BC, 0xEEE2
    dd 0x94BD, 0xEEE3
    dd 0x94BE, 0xBCD8
    dd 0x94BF, 0xEEE4
    dd 0x94C0, 0xD3CB
    dd 0x94C1, 0xCCFA
    dd 0x94C2, 0xB2AC
    dd 0x94C3, 0xC1E5
    dd 0x94C4, 0xEEE5
    dd 0x94C5, 0xC7A6
    dd 0x94C6, 0xC3AD
    dd 0x94C7, 0xE898
    dd 0x94C8, 0xEEE6
    dd 0x94C9, 0xEEE7
    dd 0x94CA, 0xEEE8
    dd 0x94CB, 0xEEE9
    dd 0x94CC, 0xEEEA
    dd 0x94CD, 0xEEEB
    dd 0x94CE, 0xEEEC
    dd 0x94CF, 0xE899
    dd 0x94D0, 0xEEED
    dd 0x94D1, 0xEEEE
    dd 0x94D2, 0xEEEF
    dd 0x94D3, 0xE89A
    dd 0x94D4, 0xE89B
    dd 0x94D5, 0xEEF0
    dd 0x94D6, 0xEEF1
    dd 0x94D7, 0xEEF2
    dd 0x94D8, 0xEEF4
    dd 0x94D9, 0xEEF3
    dd 0x94DA, 0xE89C
    dd 0x94DB, 0xEEF5
    dd 0x94DC, 0xCDAD
    dd 0x94DD, 0xC2C1
    dd 0x94DE, 0xEEF6
    dd 0x94DF, 0xEEF7
    dd 0x94E0, 0xEEF8
    dd 0x94E1, 0xD5A1
    dd 0x94E2, 0xEEF9
    dd 0x94E3, 0xCFB3
    dd 0x94E4, 0xEEFA
    dd 0x94E5, 0xEEFB
    dd 0x94E6, 0xE89D
    dd 0x94E7, 0xEEFC
    dd 0x94E8, 0xEEFD
    dd 0x94E9, 0xEFA1
    dd 0x94EA, 0xEEFE
    dd 0x94EB, 0xEFA2
    dd 0x94EC, 0xB8F5
    dd 0x94ED, 0xC3FA
    dd 0x94EE, 0xEFA3
    dd 0x94EF, 0xEFA4
    dd 0x94F0, 0xBDC2
    dd 0x94F1, 0xD2BF
    dd 0x94F2, 0xB2F9
    dd 0x94F3, 0xEFA5
    dd 0x94F4, 0xEFA6
    dd 0x94F5, 0xEFA7
    dd 0x94F6, 0xD2F8
    dd 0x94F7, 0xEFA8
    dd 0x94F8, 0xD6FD
    dd 0x94F9, 0xEFA9
    dd 0x94FA, 0xC6CC
    dd 0x94FB, 0xE89E
    dd 0x94FC, 0xEFAA
    dd 0x94FD, 0xEFAB
    dd 0x94FE, 0xC1B4
    dd 0x94FF, 0xEFAC
    dd 0x9500, 0xCFFA
    dd 0x9501, 0xCBF8
    dd 0x9502, 0xEFAE
    dd 0x9503, 0xEFAD
    dd 0x9504, 0xB3FA
    dd 0x9505, 0xB9F8
    dd 0x9506, 0xEFAF
    dd 0x9507, 0xEFB0
    dd 0x9508, 0xD0E2
    dd 0x9509, 0xEFB1
    dd 0x950A, 0xEFB2
    dd 0x950B, 0xB7E6
    dd 0x950C, 0xD0BF
    dd 0x950D, 0xEFB3
    dd 0x950E, 0xEFB4
    dd 0x950F, 0xEFB5
    dd 0x9510, 0xC8F1
    dd 0x9511, 0xCCE0
    dd 0x9512, 0xEFB6
    dd 0x9513, 0xEFB7
    dd 0x9514, 0xEFB8
    dd 0x9515, 0xEFB9
    dd 0x9516, 0xEFBA
    dd 0x9517, 0xD5E0
    dd 0x9518, 0xEFBB
    dd 0x9519, 0xB4ED
    dd 0x951A, 0xC3AA
    dd 0x951B, 0xEFBC
    dd 0x951C, 0xE89F
    dd 0x951D, 0xEFBD
    dd 0x951E, 0xEFBE
    dd 0x951F, 0xEFBF
    dd 0x9520, 0xE8A0
    dd 0x9521, 0xCEFD
    dd 0x9522, 0xEFC0
    dd 0x9523, 0xC2E0
    dd 0x9524, 0xB4B8
    dd 0x9525, 0xD7B6
    dd 0x9526, 0xBDF5
    dd 0x9527, 0xE940
    dd 0x9528, 0xCFC7
    dd 0x9529, 0xEFC3
    dd 0x952A, 0xEFC1
    dd 0x952B, 0xEFC2
    dd 0x952C, 0xEFC4
    dd 0x952D, 0xB6A7
    dd 0x952E, 0xBCFC
    dd 0x952F, 0xBEE2
    dd 0x9530, 0xC3CC
    dd 0x9531, 0xEFC5
    dd 0x9532, 0xEFC6
    dd 0x9533, 0xE941
    dd 0x9534, 0xEFC7
    dd 0x9535, 0xEFCF
    dd 0x9536, 0xEFC8
    dd 0x9537, 0xEFC9
    dd 0x9538, 0xEFCA
    dd 0x9539, 0xC7C2
    dd 0x953A, 0xEFF1
    dd 0x953B, 0xB6CD
    dd 0x953C, 0xEFCB
    dd 0x953D, 0xE942
    dd 0x953E, 0xEFCC
    dd 0x953F, 0xEFCD
    dd 0x9540, 0xB6C6
    dd 0x9541, 0xC3BE
    dd 0x9542, 0xEFCE
    dd 0x9543, 0xE943
    dd 0x9544, 0xEFD0
    dd 0x9545, 0xEFD1
    dd 0x9546, 0xEFD2
    dd 0x9547, 0xD5F2
    dd 0x9548, 0xE944
    dd 0x9549, 0xEFD3
    dd 0x954A, 0xC4F7
    dd 0x954B, 0xE945
    dd 0x954C, 0xEFD4
    dd 0x954D, 0xC4F8
    dd 0x954E, 0xEFD5
    dd 0x954F, 0xEFD6
    dd 0x9550, 0xB8E4
    dd 0x9551, 0xB0F7
    dd 0x9552, 0xEFD7
    dd 0x9553, 0xEFD8
    dd 0x9554, 0xEFD9
    dd 0x9555, 0xE946
    dd 0x9556, 0xEFDA
    dd 0x9557, 0xEFDB
    dd 0x9558, 0xEFDC
    dd 0x9559, 0xEFDD
    dd 0x955A, 0xE947
    dd 0x955B, 0xEFDE
    dd 0x955C, 0xBEB5
    dd 0x955D, 0xEFE1
    dd 0x955E, 0xEFDF
    dd 0x955F, 0xEFE0
    dd 0x9560, 0xE948
    dd 0x9561, 0xEFE2
    dd 0x9562, 0xEFE3
    dd 0x9563, 0xC1CD
    dd 0x9564, 0xEFE4
    dd 0x9565, 0xEFE5
    dd 0x9566, 0xEFE6
    dd 0x9567, 0xEFE7
    dd 0x9568, 0xEFE8
    dd 0x9569, 0xEFE9
    dd 0x956A, 0xEFEA
    dd 0x956B, 0xEFEB
    dd 0x956C, 0xEFEC
    dd 0x956D, 0xC0D8
    dd 0x956E, 0xE949
    dd 0x956F, 0xEFED
    dd 0x9570, 0xC1AD
    dd 0x9571, 0xEFEE
    dd 0x9572, 0xEFEF
    dd 0x9573, 0xEFF0
    dd 0x9574, 0xE94A
    dd 0x9575, 0xE94B
    dd 0x9576, 0xCFE2
    dd 0x9577, 0xE94C
    dd 0x9578, 0xE94D
    dd 0x9579, 0xE94E
    dd 0x957A, 0xE94F
    dd 0x957B, 0xE950
    dd 0x957C, 0xE951
    dd 0x957D, 0xE952
    dd 0x957E, 0xE953
    dd 0x957F, 0xB3A4
    dd 0x9580, 0xE954
    dd 0x9581, 0xE955
    dd 0x9582, 0xE956
    dd 0x9583, 0xE957
    dd 0x9584, 0xE958
    dd 0x9585, 0xE959
    dd 0x9586, 0xE95A
    dd 0x9587, 0xE95B
    dd 0x9588, 0xE95C
    dd 0x9589, 0xE95D
    dd 0x958A, 0xE95E
    dd 0x958B, 0xE95F
    dd 0x958C, 0xE960
    dd 0x958D, 0xE961
    dd 0x958E, 0xE962
    dd 0x958F, 0xE963
    dd 0x9590, 0xE964
    dd 0x9591, 0xE965
    dd 0x9592, 0xE966
    dd 0x9593, 0xE967
    dd 0x9594, 0xE968
    dd 0x9595, 0xE969
    dd 0x9596, 0xE96A
    dd 0x9597, 0xE96B
    dd 0x9598, 0xE96C
    dd 0x9599, 0xE96D
    dd 0x959A, 0xE96E
    dd 0x959B, 0xE96F
    dd 0x959C, 0xE970
    dd 0x959D, 0xE971
    dd 0x959E, 0xE972
    dd 0x959F, 0xE973
    dd 0x95A0, 0xE974
    dd 0x95A1, 0xE975
    dd 0x95A2, 0xE976
    dd 0x95A3, 0xE977
    dd 0x95A4, 0xE978
    dd 0x95A5, 0xE979
    dd 0x95A6, 0xE97A
    dd 0x95A7, 0xE97B
    dd 0x95A8, 0xE97C
    dd 0x95A9, 0xE97D
    dd 0x95AA, 0xE97E
    dd 0x95AB, 0xE980
    dd 0x95AC, 0xE981
    dd 0x95AD, 0xE982
    dd 0x95AE, 0xE983
    dd 0x95AF, 0xE984
    dd 0x95B0, 0xE985
    dd 0x95B1, 0xE986
    dd 0x95B2, 0xE987
    dd 0x95B3, 0xE988
    dd 0x95B4, 0xE989
    dd 0x95B5, 0xE98A
    dd 0x95B6, 0xE98B
    dd 0x95B7, 0xE98C
    dd 0x95B8, 0xE98D
    dd 0x95B9, 0xE98E
    dd 0x95BA, 0xE98F
    dd 0x95BB, 0xE990
    dd 0x95BC, 0xE991
    dd 0x95BD, 0xE992
    dd 0x95BE, 0xE993
    dd 0x95BF, 0xE994
    dd 0x95C0, 0xE995
    dd 0x95C1, 0xE996
    dd 0x95C2, 0xE997
    dd 0x95C3, 0xE998
    dd 0x95C4, 0xE999
    dd 0x95C5, 0xE99A
    dd 0x95C6, 0xE99B
    dd 0x95C7, 0xE99C
    dd 0x95C8, 0xE99D
    dd 0x95C9, 0xE99E
    dd 0x95CA, 0xE99F
    dd 0x95CB, 0xE9A0
    dd 0x95CC, 0xEA40
    dd 0x95CD, 0xEA41
    dd 0x95CE, 0xEA42
    dd 0x95CF, 0xEA43
    dd 0x95D0, 0xEA44
    dd 0x95D1, 0xEA45
    dd 0x95D2, 0xEA46
    dd 0x95D3, 0xEA47
    dd 0x95D4, 0xEA48
    dd 0x95D5, 0xEA49
    dd 0x95D6, 0xEA4A
    dd 0x95D7, 0xEA4B
    dd 0x95D8, 0xEA4C
    dd 0x95D9, 0xEA4D
    dd 0x95DA, 0xEA4E
    dd 0x95DB, 0xEA4F
    dd 0x95DC, 0xEA50
    dd 0x95DD, 0xEA51
    dd 0x95DE, 0xEA52
    dd 0x95DF, 0xEA53
    dd 0x95E0, 0xEA54
    dd 0x95E1, 0xEA55
    dd 0x95E2, 0xEA56
    dd 0x95E3, 0xEA57
    dd 0x95E4, 0xEA58
    dd 0x95E5, 0xEA59
    dd 0x95E6, 0xEA5A
    dd 0x95E7, 0xEA5B
    dd 0x95E8, 0xC3C5
    dd 0x95E9, 0xE3C5
    dd 0x95EA, 0xC9C1
    dd 0x95EB, 0xE3C6
    dd 0x95EC, 0xEA5C
    dd 0x95ED, 0xB1D5
    dd 0x95EE, 0xCECA
    dd 0x95EF, 0xB4B3
    dd 0x95F0, 0xC8F2
    dd 0x95F1, 0xE3C7
    dd 0x95F2, 0xCFD0
    dd 0x95F3, 0xE3C8
    dd 0x95F4, 0xBCE4
    dd 0x95F5, 0xE3C9
    dd 0x95F6, 0xE3CA
    dd 0x95F7, 0xC3C6
    dd 0x95F8, 0xD5A2
    dd 0x95F9, 0xC4D6
    dd 0x95FA, 0xB9EB
    dd 0x95FB, 0xCEC5
    dd 0x95FC, 0xE3CB
    dd 0x95FD, 0xC3F6
    dd 0x95FE, 0xE3CC
    dd 0x95FF, 0xEA5D
    dd 0x9600, 0xB7A7
    dd 0x9601, 0xB8F3
    dd 0x9602, 0xBAD2
    dd 0x9603, 0xE3CD
    dd 0x9604, 0xE3CE
    dd 0x9605, 0xD4C4
    dd 0x9606, 0xE3CF
    dd 0x9607, 0xEA5E
    dd 0x9608, 0xE3D0
    dd 0x9609, 0xD1CB
    dd 0x960A, 0xE3D1
    dd 0x960B, 0xE3D2
    dd 0x960C, 0xE3D3
    dd 0x960D, 0xE3D4
    dd 0x960E, 0xD1D6
    dd 0x960F, 0xE3D5
    dd 0x9610, 0xB2FB
    dd 0x9611, 0xC0BB
    dd 0x9612, 0xE3D6
    dd 0x9613, 0xEA5F
    dd 0x9614, 0xC0AB
    dd 0x9615, 0xE3D7
    dd 0x9616, 0xE3D8
    dd 0x9617, 0xE3D9
    dd 0x9618, 0xEA60
    dd 0x9619, 0xE3DA
    dd 0x961A, 0xE3DB
    dd 0x961B, 0xEA61
    dd 0x961C, 0xB8B7
    dd 0x961D, 0xDAE2
    dd 0x961E, 0xEA62
    dd 0x961F, 0xB6D3
    dd 0x9620, 0xEA63
    dd 0x9621, 0xDAE4
    dd 0x9622, 0xDAE3
    dd 0x9623, 0xEA64
    dd 0x9624, 0xEA65
    dd 0x9625, 0xEA66
    dd 0x9626, 0xEA67
    dd 0x9627, 0xEA68
    dd 0x9628, 0xEA69
    dd 0x9629, 0xEA6A
    dd 0x962A, 0xDAE6
    dd 0x962B, 0xEA6B
    dd 0x962C, 0xEA6C
    dd 0x962D, 0xEA6D
    dd 0x962E, 0xC8EE
    dd 0x962F, 0xEA6E
    dd 0x9630, 0xEA6F
    dd 0x9631, 0xDAE5
    dd 0x9632, 0xB7C0
    dd 0x9633, 0xD1F4
    dd 0x9634, 0xD2F5
    dd 0x9635, 0xD5F3
    dd 0x9636, 0xBDD7
    dd 0x9637, 0xEA70
    dd 0x9638, 0xEA71
    dd 0x9639, 0xEA72
    dd 0x963A, 0xEA73
    dd 0x963B, 0xD7E8
    dd 0x963C, 0xDAE8
    dd 0x963D, 0xDAE7
    dd 0x963E, 0xEA74
    dd 0x963F, 0xB0A2
    dd 0x9640, 0xCDD3
    dd 0x9641, 0xEA75
    dd 0x9642, 0xDAE9
    dd 0x9643, 0xEA76
    dd 0x9644, 0xB8BD
    dd 0x9645, 0xBCCA
    dd 0x9646, 0xC2BD
    dd 0x9647, 0xC2A4
    dd 0x9648, 0xB3C2
    dd 0x9649, 0xDAEA
    dd 0x964A, 0xEA77
    dd 0x964B, 0xC2AA
    dd 0x964C, 0xC4B0
    dd 0x964D, 0xBDB5
    dd 0x964E, 0xEA78
    dd 0x964F, 0xEA79
    dd 0x9650, 0xCFDE
    dd 0x9651, 0xEA7A
    dd 0x9652, 0xEA7B
    dd 0x9653, 0xEA7C
    dd 0x9654, 0xDAEB
    dd 0x9655, 0xC9C2
    dd 0x9656, 0xEA7D
    dd 0x9657, 0xEA7E
    dd 0x9658, 0xEA80
    dd 0x9659, 0xEA81
    dd 0x965A, 0xEA82
    dd 0x965B, 0xB1DD
    dd 0x965C, 0xEA83
    dd 0x965D, 0xEA84
    dd 0x965E, 0xEA85
    dd 0x965F, 0xDAEC
    dd 0x9660, 0xEA86
    dd 0x9661, 0xB6B8
    dd 0x9662, 0xD4BA
    dd 0x9663, 0xEA87
    dd 0x9664, 0xB3FD
    dd 0x9665, 0xEA88
    dd 0x9666, 0xEA89
    dd 0x9667, 0xDAED
    dd 0x9668, 0xD4C9
    dd 0x9669, 0xCFD5
    dd 0x966A, 0xC5E3
    dd 0x966B, 0xEA8A
    dd 0x966C, 0xDAEE
    dd 0x966D, 0xEA8B
    dd 0x966E, 0xEA8C
    dd 0x966F, 0xEA8D
    dd 0x9670, 0xEA8E
    dd 0x9671, 0xEA8F
    dd 0x9672, 0xDAEF
    dd 0x9673, 0xEA90
    dd 0x9674, 0xDAF0
    dd 0x9675, 0xC1EA
    dd 0x9676, 0xCCD5
    dd 0x9677, 0xCFDD
    dd 0x9678, 0xEA91
    dd 0x9679, 0xEA92
    dd 0x967A, 0xEA93
    dd 0x967B, 0xEA94
    dd 0x967C, 0xEA95
    dd 0x967D, 0xEA96
    dd 0x967E, 0xEA97
    dd 0x967F, 0xEA98
    dd 0x9680, 0xEA99
    dd 0x9681, 0xEA9A
    dd 0x9682, 0xEA9B
    dd 0x9683, 0xEA9C
    dd 0x9684, 0xEA9D
    dd 0x9685, 0xD3E7
    dd 0x9686, 0xC2A1
    dd 0x9687, 0xEA9E
    dd 0x9688, 0xDAF1
    dd 0x9689, 0xEA9F
    dd 0x968A, 0xEAA0
    dd 0x968B, 0xCBE5
    dd 0x968C, 0xEB40
    dd 0x968D, 0xDAF2
    dd 0x968E, 0xEB41
    dd 0x968F, 0xCBE6
    dd 0x9690, 0xD2FE
    dd 0x9691, 0xEB42
    dd 0x9692, 0xEB43
    dd 0x9693, 0xEB44
    dd 0x9694, 0xB8F4
    dd 0x9695, 0xEB45
    dd 0x9696, 0xEB46
    dd 0x9697, 0xDAF3
    dd 0x9698, 0xB0AF
    dd 0x9699, 0xCFB6
    dd 0x969A, 0xEB47
    dd 0x969B, 0xEB48
    dd 0x969C, 0xD5CF
    dd 0x969D, 0xEB49
    dd 0x969E, 0xEB4A
    dd 0x969F, 0xEB4B
    dd 0x96A0, 0xEB4C
    dd 0x96A1, 0xEB4D
    dd 0x96A2, 0xEB4E
    dd 0x96A3, 0xEB4F
    dd 0x96A4, 0xEB50
    dd 0x96A5, 0xEB51
    dd 0x96A6, 0xEB52
    dd 0x96A7, 0xCBED
    dd 0x96A8, 0xEB53
    dd 0x96A9, 0xEB54
    dd 0x96AA, 0xEB55
    dd 0x96AB, 0xEB56
    dd 0x96AC, 0xEB57
    dd 0x96AD, 0xEB58
    dd 0x96AE, 0xEB59
    dd 0x96AF, 0xEB5A
    dd 0x96B0, 0xDAF4
    dd 0x96B1, 0xEB5B
    dd 0x96B2, 0xEB5C
    dd 0x96B3, 0xE3C4
    dd 0x96B4, 0xEB5D
    dd 0x96B5, 0xEB5E
    dd 0x96B6, 0xC1A5
    dd 0x96B7, 0xEB5F
    dd 0x96B8, 0xEB60
    dd 0x96B9, 0xF6BF
    dd 0x96BA, 0xEB61
    dd 0x96BB, 0xEB62
    dd 0x96BC, 0xF6C0
    dd 0x96BD, 0xF6C1
    dd 0x96BE, 0xC4D1
    dd 0x96BF, 0xEB63
    dd 0x96C0, 0xC8B8
    dd 0x96C1, 0xD1E3
    dd 0x96C2, 0xEB64
    dd 0x96C3, 0xEB65
    dd 0x96C4, 0xD0DB
    dd 0x96C5, 0xD1C5
    dd 0x96C6, 0xBCAF
    dd 0x96C7, 0xB9CD
    dd 0x96C8, 0xEB66
    dd 0x96C9, 0xEFF4
    dd 0x96CA, 0xEB67
    dd 0x96CB, 0xEB68
    dd 0x96CC, 0xB4C6
    dd 0x96CD, 0xD3BA
    dd 0x96CE, 0xF6C2
    dd 0x96CF, 0xB3FB
    dd 0x96D0, 0xEB69
    dd 0x96D1, 0xEB6A
    dd 0x96D2, 0xF6C3
    dd 0x96D3, 0xEB6B
    dd 0x96D4, 0xEB6C
    dd 0x96D5, 0xB5F1
    dd 0x96D6, 0xEB6D
    dd 0x96D7, 0xEB6E
    dd 0x96D8, 0xEB6F
    dd 0x96D9, 0xEB70
    dd 0x96DA, 0xEB71
    dd 0x96DB, 0xEB72
    dd 0x96DC, 0xEB73
    dd 0x96DD, 0xEB74
    dd 0x96DE, 0xEB75
    dd 0x96DF, 0xEB76
    dd 0x96E0, 0xF6C5
    dd 0x96E1, 0xEB77
    dd 0x96E2, 0xEB78
    dd 0x96E3, 0xEB79
    dd 0x96E4, 0xEB7A
    dd 0x96E5, 0xEB7B
    dd 0x96E6, 0xEB7C
    dd 0x96E7, 0xEB7D
    dd 0x96E8, 0xD3EA
    dd 0x96E9, 0xF6A7
    dd 0x96EA, 0xD1A9
    dd 0x96EB, 0xEB7E
    dd 0x96EC, 0xEB80
    dd 0x96ED, 0xEB81
    dd 0x96EE, 0xEB82
    dd 0x96EF, 0xF6A9
    dd 0x96F0, 0xEB83
    dd 0x96F1, 0xEB84
    dd 0x96F2, 0xEB85
    dd 0x96F3, 0xF6A8
    dd 0x96F4, 0xEB86
    dd 0x96F5, 0xEB87
    dd 0x96F6, 0xC1E3
    dd 0x96F7, 0xC0D7
    dd 0x96F8, 0xEB88
    dd 0x96F9, 0xB1A2
    dd 0x96FA, 0xEB89
    dd 0x96FB, 0xEB8A
    dd 0x96FC, 0xEB8B
    dd 0x96FD, 0xEB8C
    dd 0x96FE, 0xCEED
    dd 0x96FF, 0xEB8D
    dd 0x9700, 0xD0E8
    dd 0x9701, 0xF6AB
    dd 0x9702, 0xEB8E
    dd 0x9703, 0xEB8F
    dd 0x9704, 0xCFF6
    dd 0x9705, 0xEB90
    dd 0x9706, 0xF6AA
    dd 0x9707, 0xD5F0
    dd 0x9708, 0xF6AC
    dd 0x9709, 0xC3B9
    dd 0x970A, 0xEB91
    dd 0x970B, 0xEB92
    dd 0x970C, 0xEB93
    dd 0x970D, 0xBBF4
    dd 0x970E, 0xF6AE
    dd 0x970F, 0xF6AD
    dd 0x9710, 0xEB94
    dd 0x9711, 0xEB95
    dd 0x9712, 0xEB96
    dd 0x9713, 0xC4DE
    dd 0x9714, 0xEB97
    dd 0x9715, 0xEB98
    dd 0x9716, 0xC1D8
    dd 0x9717, 0xEB99
    dd 0x9718, 0xEB9A
    dd 0x9719, 0xEB9B
    dd 0x971A, 0xEB9C
    dd 0x971B, 0xEB9D
    dd 0x971C, 0xCBAA
    dd 0x971D, 0xEB9E
    dd 0x971E, 0xCFBC
    dd 0x971F, 0xEB9F
    dd 0x9720, 0xEBA0
    dd 0x9721, 0xEC40
    dd 0x9722, 0xEC41
    dd 0x9723, 0xEC42
    dd 0x9724, 0xEC43
    dd 0x9725, 0xEC44
    dd 0x9726, 0xEC45
    dd 0x9727, 0xEC46
    dd 0x9728, 0xEC47
    dd 0x9729, 0xEC48
    dd 0x972A, 0xF6AF
    dd 0x972B, 0xEC49
    dd 0x972C, 0xEC4A
    dd 0x972D, 0xF6B0
    dd 0x972E, 0xEC4B
    dd 0x972F, 0xEC4C
    dd 0x9730, 0xF6B1
    dd 0x9731, 0xEC4D
    dd 0x9732, 0xC2B6
    dd 0x9733, 0xEC4E
    dd 0x9734, 0xEC4F
    dd 0x9735, 0xEC50
    dd 0x9736, 0xEC51
    dd 0x9737, 0xEC52
    dd 0x9738, 0xB0D4
    dd 0x9739, 0xC5F9
    dd 0x973A, 0xEC53
    dd 0x973B, 0xEC54
    dd 0x973C, 0xEC55
    dd 0x973D, 0xEC56
    dd 0x973E, 0xF6B2
    dd 0x973F, 0xEC57
    dd 0x9740, 0xEC58
    dd 0x9741, 0xEC59
    dd 0x9742, 0xEC5A
    dd 0x9743, 0xEC5B
    dd 0x9744, 0xEC5C
    dd 0x9745, 0xEC5D
    dd 0x9746, 0xEC5E
    dd 0x9747, 0xEC5F
    dd 0x9748, 0xEC60
    dd 0x9749, 0xEC61
    dd 0x974A, 0xEC62
    dd 0x974B, 0xEC63
    dd 0x974C, 0xEC64
    dd 0x974D, 0xEC65
    dd 0x974E, 0xEC66
    dd 0x974F, 0xEC67
    dd 0x9750, 0xEC68
    dd 0x9751, 0xEC69
    dd 0x9752, 0xC7E0
    dd 0x9753, 0xF6A6
    dd 0x9754, 0xEC6A
    dd 0x9755, 0xEC6B
    dd 0x9756, 0xBEB8
    dd 0x9757, 0xEC6C
    dd 0x9758, 0xEC6D
    dd 0x9759, 0xBEB2
    dd 0x975A, 0xEC6E
    dd 0x975B, 0xB5E5
    dd 0x975C, 0xEC6F
    dd 0x975D, 0xEC70
    dd 0x975E, 0xB7C7
    dd 0x975F, 0xEC71
    dd 0x9760, 0xBFBF
    dd 0x9761, 0xC3D2
    dd 0x9762, 0xC3E6
    dd 0x9763, 0xEC72
    dd 0x9764, 0xEC73
    dd 0x9765, 0xD8CC
    dd 0x9766, 0xEC74
    dd 0x9767, 0xEC75
    dd 0x9768, 0xEC76
    dd 0x9769, 0xB8EF
    dd 0x976A, 0xEC77
    dd 0x976B, 0xEC78
    dd 0x976C, 0xEC79
    dd 0x976D, 0xEC7A
    dd 0x976E, 0xEC7B
    dd 0x976F, 0xEC7C
    dd 0x9770, 0xEC7D
    dd 0x9771, 0xEC7E
    dd 0x9772, 0xEC80
    dd 0x9773, 0xBDF9
    dd 0x9774, 0xD1A5
    dd 0x9775, 0xEC81
    dd 0x9776, 0xB0D0
    dd 0x9777, 0xEC82
    dd 0x9778, 0xEC83
    dd 0x9779, 0xEC84
    dd 0x977A, 0xEC85
    dd 0x977B, 0xEC86
    dd 0x977C, 0xF7B0
    dd 0x977D, 0xEC87
    dd 0x977E, 0xEC88
    dd 0x977F, 0xEC89
    dd 0x9780, 0xEC8A
    dd 0x9781, 0xEC8B
    dd 0x9782, 0xEC8C
    dd 0x9783, 0xEC8D
    dd 0x9784, 0xEC8E
    dd 0x9785, 0xF7B1
    dd 0x9786, 0xEC8F
    dd 0x9787, 0xEC90
    dd 0x9788, 0xEC91
    dd 0x9789, 0xEC92
    dd 0x978A, 0xEC93
    dd 0x978B, 0xD0AC
    dd 0x978C, 0xEC94
    dd 0x978D, 0xB0B0
    dd 0x978E, 0xEC95
    dd 0x978F, 0xEC96
    dd 0x9790, 0xEC97
    dd 0x9791, 0xF7B2
    dd 0x9792, 0xF7B3
    dd 0x9793, 0xEC98
    dd 0x9794, 0xF7B4
    dd 0x9795, 0xEC99
    dd 0x9796, 0xEC9A
    dd 0x9797, 0xEC9B
    dd 0x9798, 0xC7CA
    dd 0x9799, 0xEC9C
    dd 0x979A, 0xEC9D
    dd 0x979B, 0xEC9E
    dd 0x979C, 0xEC9F
    dd 0x979D, 0xECA0
    dd 0x979E, 0xED40
    dd 0x979F, 0xED41
    dd 0x97A0, 0xBECF
    dd 0x97A1, 0xED42
    dd 0x97A2, 0xED43
    dd 0x97A3, 0xF7B7
    dd 0x97A4, 0xED44
    dd 0x97A5, 0xED45
    dd 0x97A6, 0xED46
    dd 0x97A7, 0xED47
    dd 0x97A8, 0xED48
    dd 0x97A9, 0xED49
    dd 0x97AA, 0xED4A
    dd 0x97AB, 0xF7B6
    dd 0x97AC, 0xED4B
    dd 0x97AD, 0xB1DE
    dd 0x97AE, 0xED4C
    dd 0x97AF, 0xF7B5
    dd 0x97B0, 0xED4D
    dd 0x97B1, 0xED4E
    dd 0x97B2, 0xF7B8
    dd 0x97B3, 0xED4F
    dd 0x97B4, 0xF7B9
    dd 0x97B5, 0xED50
    dd 0x97B6, 0xED51
    dd 0x97B7, 0xED52
    dd 0x97B8, 0xED53
    dd 0x97B9, 0xED54
    dd 0x97BA, 0xED55
    dd 0x97BB, 0xED56
    dd 0x97BC, 0xED57
    dd 0x97BD, 0xED58
    dd 0x97BE, 0xED59
    dd 0x97BF, 0xED5A
    dd 0x97C0, 0xED5B
    dd 0x97C1, 0xED5C
    dd 0x97C2, 0xED5D
    dd 0x97C3, 0xED5E
    dd 0x97C4, 0xED5F
    dd 0x97C5, 0xED60
    dd 0x97C6, 0xED61
    dd 0x97C7, 0xED62
    dd 0x97C8, 0xED63
    dd 0x97C9, 0xED64
    dd 0x97CA, 0xED65
    dd 0x97CB, 0xED66
    dd 0x97CC, 0xED67
    dd 0x97CD, 0xED68
    dd 0x97CE, 0xED69
    dd 0x97CF, 0xED6A
    dd 0x97D0, 0xED6B
    dd 0x97D1, 0xED6C
    dd 0x97D2, 0xED6D
    dd 0x97D3, 0xED6E
    dd 0x97D4, 0xED6F
    dd 0x97D5, 0xED70
    dd 0x97D6, 0xED71
    dd 0x97D7, 0xED72
    dd 0x97D8, 0xED73
    dd 0x97D9, 0xED74
    dd 0x97DA, 0xED75
    dd 0x97DB, 0xED76
    dd 0x97DC, 0xED77
    dd 0x97DD, 0xED78
    dd 0x97DE, 0xED79
    dd 0x97DF, 0xED7A
    dd 0x97E0, 0xED7B
    dd 0x97E1, 0xED7C
    dd 0x97E2, 0xED7D
    dd 0x97E3, 0xED7E
    dd 0x97E4, 0xED80
    dd 0x97E5, 0xED81
    dd 0x97E6, 0xCEA4
    dd 0x97E7, 0xC8CD
    dd 0x97E8, 0xED82
    dd 0x97E9, 0xBAAB
    dd 0x97EA, 0xE8B8
    dd 0x97EB, 0xE8B9
    dd 0x97EC, 0xE8BA
    dd 0x97ED, 0xBEC2
    dd 0x97EE, 0xED83
    dd 0x97EF, 0xED84
    dd 0x97F0, 0xED85
    dd 0x97F1, 0xED86
    dd 0x97F2, 0xED87
    dd 0x97F3, 0xD2F4
    dd 0x97F4, 0xED88
    dd 0x97F5, 0xD4CF
    dd 0x97F6, 0xC9D8
    dd 0x97F7, 0xED89
    dd 0x97F8, 0xED8A
    dd 0x97F9, 0xED8B
    dd 0x97FA, 0xED8C
    dd 0x97FB, 0xED8D
    dd 0x97FC, 0xED8E
    dd 0x97FD, 0xED8F
    dd 0x97FE, 0xED90
    dd 0x97FF, 0xED91
    dd 0x9800, 0xED92
    dd 0x9801, 0xED93
    dd 0x9802, 0xED94
    dd 0x9803, 0xED95
    dd 0x9804, 0xED96
    dd 0x9805, 0xED97
    dd 0x9806, 0xED98
    dd 0x9807, 0xED99
    dd 0x9808, 0xED9A
    dd 0x9809, 0xED9B
    dd 0x980A, 0xED9C
    dd 0x980B, 0xED9D
    dd 0x980C, 0xED9E
    dd 0x980D, 0xED9F
    dd 0x980E, 0xEDA0
    dd 0x980F, 0xEE40
    dd 0x9810, 0xEE41
    dd 0x9811, 0xEE42
    dd 0x9812, 0xEE43
    dd 0x9813, 0xEE44
    dd 0x9814, 0xEE45
    dd 0x9815, 0xEE46
    dd 0x9816, 0xEE47
    dd 0x9817, 0xEE48
    dd 0x9818, 0xEE49
    dd 0x9819, 0xEE4A
    dd 0x981A, 0xEE4B
    dd 0x981B, 0xEE4C
    dd 0x981C, 0xEE4D
    dd 0x981D, 0xEE4E
    dd 0x981E, 0xEE4F
    dd 0x981F, 0xEE50
    dd 0x9820, 0xEE51
    dd 0x9821, 0xEE52
    dd 0x9822, 0xEE53
    dd 0x9823, 0xEE54
    dd 0x9824, 0xEE55
    dd 0x9825, 0xEE56
    dd 0x9826, 0xEE57
    dd 0x9827, 0xEE58
    dd 0x9828, 0xEE59
    dd 0x9829, 0xEE5A
    dd 0x982A, 0xEE5B
    dd 0x982B, 0xEE5C
    dd 0x982C, 0xEE5D
    dd 0x982D, 0xEE5E
    dd 0x982E, 0xEE5F
    dd 0x982F, 0xEE60
    dd 0x9830, 0xEE61
    dd 0x9831, 0xEE62
    dd 0x9832, 0xEE63
    dd 0x9833, 0xEE64
    dd 0x9834, 0xEE65
    dd 0x9835, 0xEE66
    dd 0x9836, 0xEE67
    dd 0x9837, 0xEE68
    dd 0x9838, 0xEE69
    dd 0x9839, 0xEE6A
    dd 0x983A, 0xEE6B
    dd 0x983B, 0xEE6C
    dd 0x983C, 0xEE6D
    dd 0x983D, 0xEE6E
    dd 0x983E, 0xEE6F
    dd 0x983F, 0xEE70
    dd 0x9840, 0xEE71
    dd 0x9841, 0xEE72
    dd 0x9842, 0xEE73
    dd 0x9843, 0xEE74
    dd 0x9844, 0xEE75
    dd 0x9845, 0xEE76
    dd 0x9846, 0xEE77
    dd 0x9847, 0xEE78
    dd 0x9848, 0xEE79
    dd 0x9849, 0xEE7A
    dd 0x984A, 0xEE7B
    dd 0x984B, 0xEE7C
    dd 0x984C, 0xEE7D
    dd 0x984D, 0xEE7E
    dd 0x984E, 0xEE80
    dd 0x984F, 0xEE81
    dd 0x9850, 0xEE82
    dd 0x9851, 0xEE83
    dd 0x9852, 0xEE84
    dd 0x9853, 0xEE85
    dd 0x9854, 0xEE86
    dd 0x9855, 0xEE87
    dd 0x9856, 0xEE88
    dd 0x9857, 0xEE89
    dd 0x9858, 0xEE8A
    dd 0x9859, 0xEE8B
    dd 0x985A, 0xEE8C
    dd 0x985B, 0xEE8D
    dd 0x985C, 0xEE8E
    dd 0x985D, 0xEE8F
    dd 0x985E, 0xEE90
    dd 0x985F, 0xEE91
    dd 0x9860, 0xEE92
    dd 0x9861, 0xEE93
    dd 0x9862, 0xEE94
    dd 0x9863, 0xEE95
    dd 0x9864, 0xEE96
    dd 0x9865, 0xEE97
    dd 0x9866, 0xEE98
    dd 0x9867, 0xEE99
    dd 0x9868, 0xEE9A
    dd 0x9869, 0xEE9B
    dd 0x986A, 0xEE9C
    dd 0x986B, 0xEE9D
    dd 0x986C, 0xEE9E
    dd 0x986D, 0xEE9F
    dd 0x986E, 0xEEA0
    dd 0x986F, 0xEF40
    dd 0x9870, 0xEF41
    dd 0x9871, 0xEF42
    dd 0x9872, 0xEF43
    dd 0x9873, 0xEF44
    dd 0x9874, 0xEF45
    dd 0x9875, 0xD2B3
    dd 0x9876, 0xB6A5
    dd 0x9877, 0xC7EA
    dd 0x9878, 0xF1FC
    dd 0x9879, 0xCFEE
    dd 0x987A, 0xCBB3
    dd 0x987B, 0xD0EB
    dd 0x987C, 0xE7EF
    dd 0x987D, 0xCDE7
    dd 0x987E, 0xB9CB
    dd 0x987F, 0xB6D9
    dd 0x9880, 0xF1FD
    dd 0x9881, 0xB0E4
    dd 0x9882, 0xCBCC
    dd 0x9883, 0xF1FE
    dd 0x9884, 0xD4A4
    dd 0x9885, 0xC2AD
    dd 0x9886, 0xC1EC
    dd 0x9887, 0xC6C4
    dd 0x9888, 0xBEB1
    dd 0x9889, 0xF2A1
    dd 0x988A, 0xBCD5
    dd 0x988B, 0xEF46
    dd 0x988C, 0xF2A2
    dd 0x988D, 0xF2A3
    dd 0x988E, 0xEF47
    dd 0x988F, 0xF2A4
    dd 0x9890, 0xD2C3
    dd 0x9891, 0xC6B5
    dd 0x9892, 0xEF48
    dd 0x9893, 0xCDC7
    dd 0x9894, 0xF2A5
    dd 0x9895, 0xEF49
    dd 0x9896, 0xD3B1
    dd 0x9897, 0xBFC5
    dd 0x9898, 0xCCE2
    dd 0x9899, 0xEF4A
    dd 0x989A, 0xF2A6
    dd 0x989B, 0xF2A7
    dd 0x989C, 0xD1D5
    dd 0x989D, 0xB6EE
    dd 0x989E, 0xF2A8
    dd 0x989F, 0xF2A9
    dd 0x98A0, 0xB5DF
    dd 0x98A1, 0xF2AA
    dd 0x98A2, 0xF2AB
    dd 0x98A3, 0xEF4B
    dd 0x98A4, 0xB2FC
    dd 0x98A5, 0xF2AC
    dd 0x98A6, 0xF2AD
    dd 0x98A7, 0xC8A7
    dd 0x98A8, 0xEF4C
    dd 0x98A9, 0xEF4D
    dd 0x98AA, 0xEF4E
    dd 0x98AB, 0xEF4F
    dd 0x98AC, 0xEF50
    dd 0x98AD, 0xEF51
    dd 0x98AE, 0xEF52
    dd 0x98AF, 0xEF53
    dd 0x98B0, 0xEF54
    dd 0x98B1, 0xEF55
    dd 0x98B2, 0xEF56
    dd 0x98B3, 0xEF57
    dd 0x98B4, 0xEF58
    dd 0x98B5, 0xEF59
    dd 0x98B6, 0xEF5A
    dd 0x98B7, 0xEF5B
    dd 0x98B8, 0xEF5C
    dd 0x98B9, 0xEF5D
    dd 0x98BA, 0xEF5E
    dd 0x98BB, 0xEF5F
    dd 0x98BC, 0xEF60
    dd 0x98BD, 0xEF61
    dd 0x98BE, 0xEF62
    dd 0x98BF, 0xEF63
    dd 0x98C0, 0xEF64
    dd 0x98C1, 0xEF65
    dd 0x98C2, 0xEF66
    dd 0x98C3, 0xEF67
    dd 0x98C4, 0xEF68
    dd 0x98C5, 0xEF69
    dd 0x98C6, 0xEF6A
    dd 0x98C7, 0xEF6B
    dd 0x98C8, 0xEF6C
    dd 0x98C9, 0xEF6D
    dd 0x98CA, 0xEF6E
    dd 0x98CB, 0xEF6F
    dd 0x98CC, 0xEF70
    dd 0x98CD, 0xEF71
    dd 0x98CE, 0xB7E7
    dd 0x98CF, 0xEF72
    dd 0x98D0, 0xEF73
    dd 0x98D1, 0xECA9
    dd 0x98D2, 0xECAA
    dd 0x98D3, 0xECAB
    dd 0x98D4, 0xEF74
    dd 0x98D5, 0xECAC
    dd 0x98D6, 0xEF75
    dd 0x98D7, 0xEF76
    dd 0x98D8, 0xC6AE
    dd 0x98D9, 0xECAD
    dd 0x98DA, 0xECAE
    dd 0x98DB, 0xEF77
    dd 0x98DC, 0xEF78
    dd 0x98DD, 0xEF79
    dd 0x98DE, 0xB7C9
    dd 0x98DF, 0xCAB3
    dd 0x98E0, 0xEF7A
    dd 0x98E1, 0xEF7B
    dd 0x98E2, 0xEF7C
    dd 0x98E3, 0xEF7D
    dd 0x98E4, 0xEF7E
    dd 0x98E5, 0xEF80
    dd 0x98E6, 0xEF81
    dd 0x98E7, 0xE2B8
    dd 0x98E8, 0xF7CF
    dd 0x98E9, 0xEF82
    dd 0x98EA, 0xEF83
    dd 0x98EB, 0xEF84
    dd 0x98EC, 0xEF85
    dd 0x98ED, 0xEF86
    dd 0x98EE, 0xEF87
    dd 0x98EF, 0xEF88
    dd 0x98F0, 0xEF89
    dd 0x98F1, 0xEF8A
    dd 0x98F2, 0xEF8B
    dd 0x98F3, 0xEF8C
    dd 0x98F4, 0xEF8D
    dd 0x98F5, 0xEF8E
    dd 0x98F6, 0xEF8F
    dd 0x98F7, 0xEF90
    dd 0x98F8, 0xEF91
    dd 0x98F9, 0xEF92
    dd 0x98FA, 0xEF93
    dd 0x98FB, 0xEF94
    dd 0x98FC, 0xEF95
    dd 0x98FD, 0xEF96
    dd 0x98FE, 0xEF97
    dd 0x98FF, 0xEF98
    dd 0x9900, 0xEF99
    dd 0x9901, 0xEF9A
    dd 0x9902, 0xEF9B
    dd 0x9903, 0xEF9C
    dd 0x9904, 0xEF9D
    dd 0x9905, 0xEF9E
    dd 0x9906, 0xEF9F
    dd 0x9907, 0xEFA0
    dd 0x9908, 0xF040
    dd 0x9909, 0xF041
    dd 0x990A, 0xF042
    dd 0x990B, 0xF043
    dd 0x990C, 0xF044
    dd 0x990D, 0xF7D0
    dd 0x990E, 0xF045
    dd 0x990F, 0xF046
    dd 0x9910, 0xB2CD
    dd 0x9911, 0xF047
    dd 0x9912, 0xF048
    dd 0x9913, 0xF049
    dd 0x9914, 0xF04A
    dd 0x9915, 0xF04B
    dd 0x9916, 0xF04C
    dd 0x9917, 0xF04D
    dd 0x9918, 0xF04E
    dd 0x9919, 0xF04F
    dd 0x991A, 0xF050
    dd 0x991B, 0xF051
    dd 0x991C, 0xF052
    dd 0x991D, 0xF053
    dd 0x991E, 0xF054
    dd 0x991F, 0xF055
    dd 0x9920, 0xF056
    dd 0x9921, 0xF057
    dd 0x9922, 0xF058
    dd 0x9923, 0xF059
    dd 0x9924, 0xF05A
    dd 0x9925, 0xF05B
    dd 0x9926, 0xF05C
    dd 0x9927, 0xF05D
    dd 0x9928, 0xF05E
    dd 0x9929, 0xF05F
    dd 0x992A, 0xF060
    dd 0x992B, 0xF061
    dd 0x992C, 0xF062
    dd 0x992D, 0xF063
    dd 0x992E, 0xF7D1
    dd 0x992F, 0xF064
    dd 0x9930, 0xF065
    dd 0x9931, 0xF066
    dd 0x9932, 0xF067
    dd 0x9933, 0xF068
    dd 0x9934, 0xF069
    dd 0x9935, 0xF06A
    dd 0x9936, 0xF06B
    dd 0x9937, 0xF06C
    dd 0x9938, 0xF06D
    dd 0x9939, 0xF06E
    dd 0x993A, 0xF06F
    dd 0x993B, 0xF070
    dd 0x993C, 0xF071
    dd 0x993D, 0xF072
    dd 0x993E, 0xF073
    dd 0x993F, 0xF074
    dd 0x9940, 0xF075
    dd 0x9941, 0xF076
    dd 0x9942, 0xF077
    dd 0x9943, 0xF078
    dd 0x9944, 0xF079
    dd 0x9945, 0xF07A
    dd 0x9946, 0xF07B
    dd 0x9947, 0xF07C
    dd 0x9948, 0xF07D
    dd 0x9949, 0xF07E
    dd 0x994A, 0xF080
    dd 0x994B, 0xF081
    dd 0x994C, 0xF082
    dd 0x994D, 0xF083
    dd 0x994E, 0xF084
    dd 0x994F, 0xF085
    dd 0x9950, 0xF086
    dd 0x9951, 0xF087
    dd 0x9952, 0xF088
    dd 0x9953, 0xF089
    dd 0x9954, 0xF7D3
    dd 0x9955, 0xF7D2
    dd 0x9956, 0xF08A
    dd 0x9957, 0xF08B
    dd 0x9958, 0xF08C
    dd 0x9959, 0xF08D
    dd 0x995A, 0xF08E
    dd 0x995B, 0xF08F
    dd 0x995C, 0xF090
    dd 0x995D, 0xF091
    dd 0x995E, 0xF092
    dd 0x995F, 0xF093
    dd 0x9960, 0xF094
    dd 0x9961, 0xF095
    dd 0x9962, 0xF096
    dd 0x9963, 0xE2BB
    dd 0x9964, 0xF097
    dd 0x9965, 0xBCA2
    dd 0x9966, 0xF098
    dd 0x9967, 0xE2BC
    dd 0x9968, 0xE2BD
    dd 0x9969, 0xE2BE
    dd 0x996A, 0xE2BF
    dd 0x996B, 0xE2C0
    dd 0x996C, 0xE2C1
    dd 0x996D, 0xB7B9
    dd 0x996E, 0xD2FB
    dd 0x996F, 0xBDA4
    dd 0x9970, 0xCACE
    dd 0x9971, 0xB1A5
    dd 0x9972, 0xCBC7
    dd 0x9973, 0xF099
    dd 0x9974, 0xE2C2
    dd 0x9975, 0xB6FC
    dd 0x9976, 0xC8C4
    dd 0x9977, 0xE2C3
    dd 0x9978, 0xF09A
    dd 0x9979, 0xF09B
    dd 0x997A, 0xBDC8
    dd 0x997B, 0xF09C
    dd 0x997C, 0xB1FD
    dd 0x997D, 0xE2C4
    dd 0x997E, 0xF09D
    dd 0x997F, 0xB6F6
    dd 0x9980, 0xE2C5
    dd 0x9981, 0xC4D9
    dd 0x9982, 0xF09E
    dd 0x9983, 0xF09F
    dd 0x9984, 0xE2C6
    dd 0x9985, 0xCFDA
    dd 0x9986, 0xB9DD
    dd 0x9987, 0xE2C7
    dd 0x9988, 0xC0A1
    dd 0x9989, 0xF0A0
    dd 0x998A, 0xE2C8
    dd 0x998B, 0xB2F6
    dd 0x998C, 0xF140
    dd 0x998D, 0xE2C9
    dd 0x998E, 0xF141
    dd 0x998F, 0xC1F3
    dd 0x9990, 0xE2CA
    dd 0x9991, 0xE2CB
    dd 0x9992, 0xC2F8
    dd 0x9993, 0xE2CC
    dd 0x9994, 0xE2CD
    dd 0x9995, 0xE2CE
    dd 0x9996, 0xCAD7
    dd 0x9997, 0xD8B8
    dd 0x9998, 0xD9E5
    dd 0x9999, 0xCFE3
    dd 0x999A, 0xF142
    dd 0x999B, 0xF143
    dd 0x999C, 0xF144
    dd 0x999D, 0xF145
    dd 0x999E, 0xF146
    dd 0x999F, 0xF147
    dd 0x99A0, 0xF148
    dd 0x99A1, 0xF149
    dd 0x99A2, 0xF14A
    dd 0x99A3, 0xF14B
    dd 0x99A4, 0xF14C
    dd 0x99A5, 0xF0A5
    dd 0x99A6, 0xF14D
    dd 0x99A7, 0xF14E
    dd 0x99A8, 0xDCB0
    dd 0x99A9, 0xF14F
    dd 0x99AA, 0xF150
    dd 0x99AB, 0xF151
    dd 0x99AC, 0xF152
    dd 0x99AD, 0xF153
    dd 0x99AE, 0xF154
    dd 0x99AF, 0xF155
    dd 0x99B0, 0xF156
    dd 0x99B1, 0xF157
    dd 0x99B2, 0xF158
    dd 0x99B3, 0xF159
    dd 0x99B4, 0xF15A
    dd 0x99B5, 0xF15B
    dd 0x99B6, 0xF15C
    dd 0x99B7, 0xF15D
    dd 0x99B8, 0xF15E
    dd 0x99B9, 0xF15F
    dd 0x99BA, 0xF160
    dd 0x99BB, 0xF161
    dd 0x99BC, 0xF162
    dd 0x99BD, 0xF163
    dd 0x99BE, 0xF164
    dd 0x99BF, 0xF165
    dd 0x99C0, 0xF166
    dd 0x99C1, 0xF167
    dd 0x99C2, 0xF168
    dd 0x99C3, 0xF169
    dd 0x99C4, 0xF16A
    dd 0x99C5, 0xF16B
    dd 0x99C6, 0xF16C
    dd 0x99C7, 0xF16D
    dd 0x99C8, 0xF16E
    dd 0x99C9, 0xF16F
    dd 0x99CA, 0xF170
    dd 0x99CB, 0xF171
    dd 0x99CC, 0xF172
    dd 0x99CD, 0xF173
    dd 0x99CE, 0xF174
    dd 0x99CF, 0xF175
    dd 0x99D0, 0xF176
    dd 0x99D1, 0xF177
    dd 0x99D2, 0xF178
    dd 0x99D3, 0xF179
    dd 0x99D4, 0xF17A
    dd 0x99D5, 0xF17B
    dd 0x99D6, 0xF17C
    dd 0x99D7, 0xF17D
    dd 0x99D8, 0xF17E
    dd 0x99D9, 0xF180
    dd 0x99DA, 0xF181
    dd 0x99DB, 0xF182
    dd 0x99DC, 0xF183
    dd 0x99DD, 0xF184
    dd 0x99DE, 0xF185
    dd 0x99DF, 0xF186
    dd 0x99E0, 0xF187
    dd 0x99E1, 0xF188
    dd 0x99E2, 0xF189
    dd 0x99E3, 0xF18A
    dd 0x99E4, 0xF18B
    dd 0x99E5, 0xF18C
    dd 0x99E6, 0xF18D
    dd 0x99E7, 0xF18E
    dd 0x99E8, 0xF18F
    dd 0x99E9, 0xF190
    dd 0x99EA, 0xF191
    dd 0x99EB, 0xF192
    dd 0x99EC, 0xF193
    dd 0x99ED, 0xF194
    dd 0x99EE, 0xF195
    dd 0x99EF, 0xF196
    dd 0x99F0, 0xF197
    dd 0x99F1, 0xF198
    dd 0x99F2, 0xF199
    dd 0x99F3, 0xF19A
    dd 0x99F4, 0xF19B
    dd 0x99F5, 0xF19C
    dd 0x99F6, 0xF19D
    dd 0x99F7, 0xF19E
    dd 0x99F8, 0xF19F
    dd 0x99F9, 0xF1A0
    dd 0x99FA, 0xF240
    dd 0x99FB, 0xF241
    dd 0x99FC, 0xF242
    dd 0x99FD, 0xF243
    dd 0x99FE, 0xF244
    dd 0x99FF, 0xF245
    dd 0x9A00, 0xF246
    dd 0x9A01, 0xF247
    dd 0x9A02, 0xF248
    dd 0x9A03, 0xF249
    dd 0x9A04, 0xF24A
    dd 0x9A05, 0xF24B
    dd 0x9A06, 0xF24C
    dd 0x9A07, 0xF24D
    dd 0x9A08, 0xF24E
    dd 0x9A09, 0xF24F
    dd 0x9A0A, 0xF250
    dd 0x9A0B, 0xF251
    dd 0x9A0C, 0xF252
    dd 0x9A0D, 0xF253
    dd 0x9A0E, 0xF254
    dd 0x9A0F, 0xF255
    dd 0x9A10, 0xF256
    dd 0x9A11, 0xF257
    dd 0x9A12, 0xF258
    dd 0x9A13, 0xF259
    dd 0x9A14, 0xF25A
    dd 0x9A15, 0xF25B
    dd 0x9A16, 0xF25C
    dd 0x9A17, 0xF25D
    dd 0x9A18, 0xF25E
    dd 0x9A19, 0xF25F
    dd 0x9A1A, 0xF260
    dd 0x9A1B, 0xF261
    dd 0x9A1C, 0xF262
    dd 0x9A1D, 0xF263
    dd 0x9A1E, 0xF264
    dd 0x9A1F, 0xF265
    dd 0x9A20, 0xF266
    dd 0x9A21, 0xF267
    dd 0x9A22, 0xF268
    dd 0x9A23, 0xF269
    dd 0x9A24, 0xF26A
    dd 0x9A25, 0xF26B
    dd 0x9A26, 0xF26C
    dd 0x9A27, 0xF26D
    dd 0x9A28, 0xF26E
    dd 0x9A29, 0xF26F
    dd 0x9A2A, 0xF270
    dd 0x9A2B, 0xF271
    dd 0x9A2C, 0xF272
    dd 0x9A2D, 0xF273
    dd 0x9A2E, 0xF274
    dd 0x9A2F, 0xF275
    dd 0x9A30, 0xF276
    dd 0x9A31, 0xF277
    dd 0x9A32, 0xF278
    dd 0x9A33, 0xF279
    dd 0x9A34, 0xF27A
    dd 0x9A35, 0xF27B
    dd 0x9A36, 0xF27C
    dd 0x9A37, 0xF27D
    dd 0x9A38, 0xF27E
    dd 0x9A39, 0xF280
    dd 0x9A3A, 0xF281
    dd 0x9A3B, 0xF282
    dd 0x9A3C, 0xF283
    dd 0x9A3D, 0xF284
    dd 0x9A3E, 0xF285
    dd 0x9A3F, 0xF286
    dd 0x9A40, 0xF287
    dd 0x9A41, 0xF288
    dd 0x9A42, 0xF289
    dd 0x9A43, 0xF28A
    dd 0x9A44, 0xF28B
    dd 0x9A45, 0xF28C
    dd 0x9A46, 0xF28D
    dd 0x9A47, 0xF28E
    dd 0x9A48, 0xF28F
    dd 0x9A49, 0xF290
    dd 0x9A4A, 0xF291
    dd 0x9A4B, 0xF292
    dd 0x9A4C, 0xF293
    dd 0x9A4D, 0xF294
    dd 0x9A4E, 0xF295
    dd 0x9A4F, 0xF296
    dd 0x9A50, 0xF297
    dd 0x9A51, 0xF298
    dd 0x9A52, 0xF299
    dd 0x9A53, 0xF29A
    dd 0x9A54, 0xF29B
    dd 0x9A55, 0xF29C
    dd 0x9A56, 0xF29D
    dd 0x9A57, 0xF29E
    dd 0x9A58, 0xF29F
    dd 0x9A59, 0xF2A0
    dd 0x9A5A, 0xF340
    dd 0x9A5B, 0xF341
    dd 0x9A5C, 0xF342
    dd 0x9A5D, 0xF343
    dd 0x9A5E, 0xF344
    dd 0x9A5F, 0xF345
    dd 0x9A60, 0xF346
    dd 0x9A61, 0xF347
    dd 0x9A62, 0xF348
    dd 0x9A63, 0xF349
    dd 0x9A64, 0xF34A
    dd 0x9A65, 0xF34B
    dd 0x9A66, 0xF34C
    dd 0x9A67, 0xF34D
    dd 0x9A68, 0xF34E
    dd 0x9A69, 0xF34F
    dd 0x9A6A, 0xF350
    dd 0x9A6B, 0xF351
    dd 0x9A6C, 0xC2ED
    dd 0x9A6D, 0xD4A6
    dd 0x9A6E, 0xCDD4
    dd 0x9A6F, 0xD1B1
    dd 0x9A70, 0xB3DB
    dd 0x9A71, 0xC7FD
    dd 0x9A72, 0xF352
    dd 0x9A73, 0xB2B5
    dd 0x9A74, 0xC2BF
    dd 0x9A75, 0xE6E0
    dd 0x9A76, 0xCABB
    dd 0x9A77, 0xE6E1
    dd 0x9A78, 0xE6E2
    dd 0x9A79, 0xBED4
    dd 0x9A7A, 0xE6E3
    dd 0x9A7B, 0xD7A4
    dd 0x9A7C, 0xCDD5
    dd 0x9A7D, 0xE6E5
    dd 0x9A7E, 0xBCDD
    dd 0x9A7F, 0xE6E4
    dd 0x9A80, 0xE6E6
    dd 0x9A81, 0xE6E7
    dd 0x9A82, 0xC2EE
    dd 0x9A83, 0xF353
    dd 0x9A84, 0xBDBE
    dd 0x9A85, 0xE6E8
    dd 0x9A86, 0xC2E6
    dd 0x9A87, 0xBAA7
    dd 0x9A88, 0xE6E9
    dd 0x9A89, 0xF354
    dd 0x9A8A, 0xE6EA
    dd 0x9A8B, 0xB3D2
    dd 0x9A8C, 0xD1E9
    dd 0x9A8D, 0xF355
    dd 0x9A8E, 0xF356
    dd 0x9A8F, 0xBFA5
    dd 0x9A90, 0xE6EB
    dd 0x9A91, 0xC6EF
    dd 0x9A92, 0xE6EC
    dd 0x9A93, 0xE6ED
    dd 0x9A94, 0xF357
    dd 0x9A95, 0xF358
    dd 0x9A96, 0xE6EE
    dd 0x9A97, 0xC6AD
    dd 0x9A98, 0xE6EF
    dd 0x9A99, 0xF359
    dd 0x9A9A, 0xC9A7
    dd 0x9A9B, 0xE6F0
    dd 0x9A9C, 0xE6F1
    dd 0x9A9D, 0xE6F2
    dd 0x9A9E, 0xE5B9
    dd 0x9A9F, 0xE6F3
    dd 0x9AA0, 0xE6F4
    dd 0x9AA1, 0xC2E2
    dd 0x9AA2, 0xE6F5
    dd 0x9AA3, 0xE6F6
    dd 0x9AA4, 0xD6E8
    dd 0x9AA5, 0xE6F7
    dd 0x9AA6, 0xF35A
    dd 0x9AA7, 0xE6F8
    dd 0x9AA8, 0xB9C7
    dd 0x9AA9, 0xF35B
    dd 0x9AAA, 0xF35C
    dd 0x9AAB, 0xF35D
    dd 0x9AAC, 0xF35E
    dd 0x9AAD, 0xF35F
    dd 0x9AAE, 0xF360
    dd 0x9AAF, 0xF361
    dd 0x9AB0, 0xF7BB
    dd 0x9AB1, 0xF7BA
    dd 0x9AB2, 0xF362
    dd 0x9AB3, 0xF363
    dd 0x9AB4, 0xF364
    dd 0x9AB5, 0xF365
    dd 0x9AB6, 0xF7BE
    dd 0x9AB7, 0xF7BC
    dd 0x9AB8, 0xBAA1
    dd 0x9AB9, 0xF366
    dd 0x9ABA, 0xF7BF
    dd 0x9ABB, 0xF367
    dd 0x9ABC, 0xF7C0
    dd 0x9ABD, 0xF368
    dd 0x9ABE, 0xF369
    dd 0x9ABF, 0xF36A
    dd 0x9AC0, 0xF7C2
    dd 0x9AC1, 0xF7C1
    dd 0x9AC2, 0xF7C4
    dd 0x9AC3, 0xF36B
    dd 0x9AC4, 0xF36C
    dd 0x9AC5, 0xF7C3
    dd 0x9AC6, 0xF36D
    dd 0x9AC7, 0xF36E
    dd 0x9AC8, 0xF36F
    dd 0x9AC9, 0xF370
    dd 0x9ACA, 0xF371
    dd 0x9ACB, 0xF7C5
    dd 0x9ACC, 0xF7C6
    dd 0x9ACD, 0xF372
    dd 0x9ACE, 0xF373
    dd 0x9ACF, 0xF374
    dd 0x9AD0, 0xF375
    dd 0x9AD1, 0xF7C7
    dd 0x9AD2, 0xF376
    dd 0x9AD3, 0xCBE8
    dd 0x9AD4, 0xF377
    dd 0x9AD5, 0xF378
    dd 0x9AD6, 0xF379
    dd 0x9AD7, 0xF37A
    dd 0x9AD8, 0xB8DF
    dd 0x9AD9, 0xF37B
    dd 0x9ADA, 0xF37C
    dd 0x9ADB, 0xF37D
    dd 0x9ADC, 0xF37E
    dd 0x9ADD, 0xF380
    dd 0x9ADE, 0xF381
    dd 0x9ADF, 0xF7D4
    dd 0x9AE0, 0xF382
    dd 0x9AE1, 0xF7D5
    dd 0x9AE2, 0xF383
    dd 0x9AE3, 0xF384
    dd 0x9AE4, 0xF385
    dd 0x9AE5, 0xF386
    dd 0x9AE6, 0xF7D6
    dd 0x9AE7, 0xF387
    dd 0x9AE8, 0xF388
    dd 0x9AE9, 0xF389
    dd 0x9AEA, 0xF38A
    dd 0x9AEB, 0xF7D8
    dd 0x9AEC, 0xF38B
    dd 0x9AED, 0xF7DA
    dd 0x9AEE, 0xF38C
    dd 0x9AEF, 0xF7D7
    dd 0x9AF0, 0xF38D
    dd 0x9AF1, 0xF38E
    dd 0x9AF2, 0xF38F
    dd 0x9AF3, 0xF390
    dd 0x9AF4, 0xF391
    dd 0x9AF5, 0xF392
    dd 0x9AF6, 0xF393
    dd 0x9AF7, 0xF394
    dd 0x9AF8, 0xF395
    dd 0x9AF9, 0xF7DB
    dd 0x9AFA, 0xF396
    dd 0x9AFB, 0xF7D9
    dd 0x9AFC, 0xF397
    dd 0x9AFD, 0xF398
    dd 0x9AFE, 0xF399
    dd 0x9AFF, 0xF39A
    dd 0x9B00, 0xF39B
    dd 0x9B01, 0xF39C
    dd 0x9B02, 0xF39D
    dd 0x9B03, 0xD7D7
    dd 0x9B04, 0xF39E
    dd 0x9B05, 0xF39F
    dd 0x9B06, 0xF3A0
    dd 0x9B07, 0xF440
    dd 0x9B08, 0xF7DC
    dd 0x9B09, 0xF441
    dd 0x9B0A, 0xF442
    dd 0x9B0B, 0xF443
    dd 0x9B0C, 0xF444
    dd 0x9B0D, 0xF445
    dd 0x9B0E, 0xF446
    dd 0x9B0F, 0xF7DD
    dd 0x9B10, 0xF447
    dd 0x9B11, 0xF448
    dd 0x9B12, 0xF449
    dd 0x9B13, 0xF7DE
    dd 0x9B14, 0xF44A
    dd 0x9B15, 0xF44B
    dd 0x9B16, 0xF44C
    dd 0x9B17, 0xF44D
    dd 0x9B18, 0xF44E
    dd 0x9B19, 0xF44F
    dd 0x9B1A, 0xF450
    dd 0x9B1B, 0xF451
    dd 0x9B1C, 0xF452
    dd 0x9B1D, 0xF453
    dd 0x9B1E, 0xF454
    dd 0x9B1F, 0xF7DF
    dd 0x9B20, 0xF455
    dd 0x9B21, 0xF456
    dd 0x9B22, 0xF457
    dd 0x9B23, 0xF7E0
    dd 0x9B24, 0xF458
    dd 0x9B25, 0xF459
    dd 0x9B26, 0xF45A
    dd 0x9B27, 0xF45B
    dd 0x9B28, 0xF45C
    dd 0x9B29, 0xF45D
    dd 0x9B2A, 0xF45E
    dd 0x9B2B, 0xF45F
    dd 0x9B2C, 0xF460
    dd 0x9B2D, 0xF461
    dd 0x9B2E, 0xF462
    dd 0x9B2F, 0xDBCB
    dd 0x9B30, 0xF463
    dd 0x9B31, 0xF464
    dd 0x9B32, 0xD8AA
    dd 0x9B33, 0xF465
    dd 0x9B34, 0xF466
    dd 0x9B35, 0xF467
    dd 0x9B36, 0xF468
    dd 0x9B37, 0xF469
    dd 0x9B38, 0xF46A
    dd 0x9B39, 0xF46B
    dd 0x9B3A, 0xF46C
    dd 0x9B3B, 0xE5F7
    dd 0x9B3C, 0xB9ED
    dd 0x9B3D, 0xF46D
    dd 0x9B3E, 0xF46E
    dd 0x9B3F, 0xF46F
    dd 0x9B40, 0xF470
    dd 0x9B41, 0xBFFD
    dd 0x9B42, 0xBBEA
    dd 0x9B43, 0xF7C9
    dd 0x9B44, 0xC6C7
    dd 0x9B45, 0xF7C8
    dd 0x9B46, 0xF471
    dd 0x9B47, 0xF7CA
    dd 0x9B48, 0xF7CC
    dd 0x9B49, 0xF7CB
    dd 0x9B4A, 0xF472
    dd 0x9B4B, 0xF473
    dd 0x9B4C, 0xF474
    dd 0x9B4D, 0xF7CD
    dd 0x9B4E, 0xF475
    dd 0x9B4F, 0xCEBA
    dd 0x9B50, 0xF476
    dd 0x9B51, 0xF7CE
    dd 0x9B52, 0xF477
    dd 0x9B53, 0xF478
    dd 0x9B54, 0xC4A7
    dd 0x9B55, 0xF479
    dd 0x9B56, 0xF47A
    dd 0x9B57, 0xF47B
    dd 0x9B58, 0xF47C
    dd 0x9B59, 0xF47D
    dd 0x9B5A, 0xF47E
    dd 0x9B5B, 0xF480
    dd 0x9B5C, 0xF481
    dd 0x9B5D, 0xF482
    dd 0x9B5E, 0xF483
    dd 0x9B5F, 0xF484
    dd 0x9B60, 0xF485
    dd 0x9B61, 0xF486
    dd 0x9B62, 0xF487
    dd 0x9B63, 0xF488
    dd 0x9B64, 0xF489
    dd 0x9B65, 0xF48A
    dd 0x9B66, 0xF48B
    dd 0x9B67, 0xF48C
    dd 0x9B68, 0xF48D
    dd 0x9B69, 0xF48E
    dd 0x9B6A, 0xF48F
    dd 0x9B6B, 0xF490
    dd 0x9B6C, 0xF491
    dd 0x9B6D, 0xF492
    dd 0x9B6E, 0xF493
    dd 0x9B6F, 0xF494
    dd 0x9B70, 0xF495
    dd 0x9B71, 0xF496
    dd 0x9B72, 0xF497
    dd 0x9B73, 0xF498
    dd 0x9B74, 0xF499
    dd 0x9B75, 0xF49A
    dd 0x9B76, 0xF49B
    dd 0x9B77, 0xF49C
    dd 0x9B78, 0xF49D
    dd 0x9B79, 0xF49E
    dd 0x9B7A, 0xF49F
    dd 0x9B7B, 0xF4A0
    dd 0x9B7C, 0xF540
    dd 0x9B7D, 0xF541
    dd 0x9B7E, 0xF542
    dd 0x9B7F, 0xF543
    dd 0x9B80, 0xF544
    dd 0x9B81, 0xF545
    dd 0x9B82, 0xF546
    dd 0x9B83, 0xF547
    dd 0x9B84, 0xF548
    dd 0x9B85, 0xF549
    dd 0x9B86, 0xF54A
    dd 0x9B87, 0xF54B
    dd 0x9B88, 0xF54C
    dd 0x9B89, 0xF54D
    dd 0x9B8A, 0xF54E
    dd 0x9B8B, 0xF54F
    dd 0x9B8C, 0xF550
    dd 0x9B8D, 0xF551
    dd 0x9B8E, 0xF552
    dd 0x9B8F, 0xF553
    dd 0x9B90, 0xF554
    dd 0x9B91, 0xF555
    dd 0x9B92, 0xF556
    dd 0x9B93, 0xF557
    dd 0x9B94, 0xF558
    dd 0x9B95, 0xF559
    dd 0x9B96, 0xF55A
    dd 0x9B97, 0xF55B
    dd 0x9B98, 0xF55C
    dd 0x9B99, 0xF55D
    dd 0x9B9A, 0xF55E
    dd 0x9B9B, 0xF55F
    dd 0x9B9C, 0xF560
    dd 0x9B9D, 0xF561
    dd 0x9B9E, 0xF562
    dd 0x9B9F, 0xF563
    dd 0x9BA0, 0xF564
    dd 0x9BA1, 0xF565
    dd 0x9BA2, 0xF566
    dd 0x9BA3, 0xF567
    dd 0x9BA4, 0xF568
    dd 0x9BA5, 0xF569
    dd 0x9BA6, 0xF56A
    dd 0x9BA7, 0xF56B
    dd 0x9BA8, 0xF56C
    dd 0x9BA9, 0xF56D
    dd 0x9BAA, 0xF56E
    dd 0x9BAB, 0xF56F
    dd 0x9BAC, 0xF570
    dd 0x9BAD, 0xF571
    dd 0x9BAE, 0xF572
    dd 0x9BAF, 0xF573
    dd 0x9BB0, 0xF574
    dd 0x9BB1, 0xF575
    dd 0x9BB2, 0xF576
    dd 0x9BB3, 0xF577
    dd 0x9BB4, 0xF578
    dd 0x9BB5, 0xF579
    dd 0x9BB6, 0xF57A
    dd 0x9BB7, 0xF57B
    dd 0x9BB8, 0xF57C
    dd 0x9BB9, 0xF57D
    dd 0x9BBA, 0xF57E
    dd 0x9BBB, 0xF580
    dd 0x9BBC, 0xF581
    dd 0x9BBD, 0xF582
    dd 0x9BBE, 0xF583
    dd 0x9BBF, 0xF584
    dd 0x9BC0, 0xF585
    dd 0x9BC1, 0xF586
    dd 0x9BC2, 0xF587
    dd 0x9BC3, 0xF588
    dd 0x9BC4, 0xF589
    dd 0x9BC5, 0xF58A
    dd 0x9BC6, 0xF58B
    dd 0x9BC7, 0xF58C
    dd 0x9BC8, 0xF58D
    dd 0x9BC9, 0xF58E
    dd 0x9BCA, 0xF58F
    dd 0x9BCB, 0xF590
    dd 0x9BCC, 0xF591
    dd 0x9BCD, 0xF592
    dd 0x9BCE, 0xF593
    dd 0x9BCF, 0xF594
    dd 0x9BD0, 0xF595
    dd 0x9BD1, 0xF596
    dd 0x9BD2, 0xF597
    dd 0x9BD3, 0xF598
    dd 0x9BD4, 0xF599
    dd 0x9BD5, 0xF59A
    dd 0x9BD6, 0xF59B
    dd 0x9BD7, 0xF59C
    dd 0x9BD8, 0xF59D
    dd 0x9BD9, 0xF59E
    dd 0x9BDA, 0xF59F
    dd 0x9BDB, 0xF5A0
    dd 0x9BDC, 0xF640
    dd 0x9BDD, 0xF641
    dd 0x9BDE, 0xF642
    dd 0x9BDF, 0xF643
    dd 0x9BE0, 0xF644
    dd 0x9BE1, 0xF645
    dd 0x9BE2, 0xF646
    dd 0x9BE3, 0xF647
    dd 0x9BE4, 0xF648
    dd 0x9BE5, 0xF649
    dd 0x9BE6, 0xF64A
    dd 0x9BE7, 0xF64B
    dd 0x9BE8, 0xF64C
    dd 0x9BE9, 0xF64D
    dd 0x9BEA, 0xF64E
    dd 0x9BEB, 0xF64F
    dd 0x9BEC, 0xF650
    dd 0x9BED, 0xF651
    dd 0x9BEE, 0xF652
    dd 0x9BEF, 0xF653
    dd 0x9BF0, 0xF654
    dd 0x9BF1, 0xF655
    dd 0x9BF2, 0xF656
    dd 0x9BF3, 0xF657
    dd 0x9BF4, 0xF658
    dd 0x9BF5, 0xF659
    dd 0x9BF6, 0xF65A
    dd 0x9BF7, 0xF65B
    dd 0x9BF8, 0xF65C
    dd 0x9BF9, 0xF65D
    dd 0x9BFA, 0xF65E
    dd 0x9BFB, 0xF65F
    dd 0x9BFC, 0xF660
    dd 0x9BFD, 0xF661
    dd 0x9BFE, 0xF662
    dd 0x9BFF, 0xF663
    dd 0x9C00, 0xF664
    dd 0x9C01, 0xF665
    dd 0x9C02, 0xF666
    dd 0x9C03, 0xF667
    dd 0x9C04, 0xF668
    dd 0x9C05, 0xF669
    dd 0x9C06, 0xF66A
    dd 0x9C07, 0xF66B
    dd 0x9C08, 0xF66C
    dd 0x9C09, 0xF66D
    dd 0x9C0A, 0xF66E
    dd 0x9C0B, 0xF66F
    dd 0x9C0C, 0xF670
    dd 0x9C0D, 0xF671
    dd 0x9C0E, 0xF672
    dd 0x9C0F, 0xF673
    dd 0x9C10, 0xF674
    dd 0x9C11, 0xF675
    dd 0x9C12, 0xF676
    dd 0x9C13, 0xF677
    dd 0x9C14, 0xF678
    dd 0x9C15, 0xF679
    dd 0x9C16, 0xF67A
    dd 0x9C17, 0xF67B
    dd 0x9C18, 0xF67C
    dd 0x9C19, 0xF67D
    dd 0x9C1A, 0xF67E
    dd 0x9C1B, 0xF680
    dd 0x9C1C, 0xF681
    dd 0x9C1D, 0xF682
    dd 0x9C1E, 0xF683
    dd 0x9C1F, 0xF684
    dd 0x9C20, 0xF685
    dd 0x9C21, 0xF686
    dd 0x9C22, 0xF687
    dd 0x9C23, 0xF688
    dd 0x9C24, 0xF689
    dd 0x9C25, 0xF68A
    dd 0x9C26, 0xF68B
    dd 0x9C27, 0xF68C
    dd 0x9C28, 0xF68D
    dd 0x9C29, 0xF68E
    dd 0x9C2A, 0xF68F
    dd 0x9C2B, 0xF690
    dd 0x9C2C, 0xF691
    dd 0x9C2D, 0xF692
    dd 0x9C2E, 0xF693
    dd 0x9C2F, 0xF694
    dd 0x9C30, 0xF695
    dd 0x9C31, 0xF696
    dd 0x9C32, 0xF697
    dd 0x9C33, 0xF698
    dd 0x9C34, 0xF699
    dd 0x9C35, 0xF69A
    dd 0x9C36, 0xF69B
    dd 0x9C37, 0xF69C
    dd 0x9C38, 0xF69D
    dd 0x9C39, 0xF69E
    dd 0x9C3A, 0xF69F
    dd 0x9C3B, 0xF6A0
    dd 0x9C3C, 0xF740
    dd 0x9C3D, 0xF741
    dd 0x9C3E, 0xF742
    dd 0x9C3F, 0xF743
    dd 0x9C40, 0xF744
    dd 0x9C41, 0xF745
    dd 0x9C42, 0xF746
    dd 0x9C43, 0xF747
    dd 0x9C44, 0xF748
    dd 0x9C45, 0xF749
    dd 0x9C46, 0xF74A
    dd 0x9C47, 0xF74B
    dd 0x9C48, 0xF74C
    dd 0x9C49, 0xF74D
    dd 0x9C4A, 0xF74E
    dd 0x9C4B, 0xF74F
    dd 0x9C4C, 0xF750
    dd 0x9C4D, 0xF751
    dd 0x9C4E, 0xF752
    dd 0x9C4F, 0xF753
    dd 0x9C50, 0xF754
    dd 0x9C51, 0xF755
    dd 0x9C52, 0xF756
    dd 0x9C53, 0xF757
    dd 0x9C54, 0xF758
    dd 0x9C55, 0xF759
    dd 0x9C56, 0xF75A
    dd 0x9C57, 0xF75B
    dd 0x9C58, 0xF75C
    dd 0x9C59, 0xF75D
    dd 0x9C5A, 0xF75E
    dd 0x9C5B, 0xF75F
    dd 0x9C5C, 0xF760
    dd 0x9C5D, 0xF761
    dd 0x9C5E, 0xF762
    dd 0x9C5F, 0xF763
    dd 0x9C60, 0xF764
    dd 0x9C61, 0xF765
    dd 0x9C62, 0xF766
    dd 0x9C63, 0xF767
    dd 0x9C64, 0xF768
    dd 0x9C65, 0xF769
    dd 0x9C66, 0xF76A
    dd 0x9C67, 0xF76B
    dd 0x9C68, 0xF76C
    dd 0x9C69, 0xF76D
    dd 0x9C6A, 0xF76E
    dd 0x9C6B, 0xF76F
    dd 0x9C6C, 0xF770
    dd 0x9C6D, 0xF771
    dd 0x9C6E, 0xF772
    dd 0x9C6F, 0xF773
    dd 0x9C70, 0xF774
    dd 0x9C71, 0xF775
    dd 0x9C72, 0xF776
    dd 0x9C73, 0xF777
    dd 0x9C74, 0xF778
    dd 0x9C75, 0xF779
    dd 0x9C76, 0xF77A
    dd 0x9C77, 0xF77B
    dd 0x9C78, 0xF77C
    dd 0x9C79, 0xF77D
    dd 0x9C7A, 0xF77E
    dd 0x9C7B, 0xF780
    dd 0x9C7C, 0xD3E3
    dd 0x9C7D, 0xF781
    dd 0x9C7E, 0xF782
    dd 0x9C7F, 0xF6CF
    dd 0x9C80, 0xF783
    dd 0x9C81, 0xC2B3
    dd 0x9C82, 0xF6D0
    dd 0x9C83, 0xF784
    dd 0x9C84, 0xF785
    dd 0x9C85, 0xF6D1
    dd 0x9C86, 0xF6D2
    dd 0x9C87, 0xF6D3
    dd 0x9C88, 0xF6D4
    dd 0x9C89, 0xF786
    dd 0x9C8A, 0xF787
    dd 0x9C8B, 0xF6D6
    dd 0x9C8C, 0xF788
    dd 0x9C8D, 0xB1AB
    dd 0x9C8E, 0xF6D7
    dd 0x9C8F, 0xF789
    dd 0x9C90, 0xF6D8
    dd 0x9C91, 0xF6D9
    dd 0x9C92, 0xF6DA
    dd 0x9C93, 0xF78A
    dd 0x9C94, 0xF6DB
    dd 0x9C95, 0xF6DC
    dd 0x9C96, 0xF78B
    dd 0x9C97, 0xF78C
    dd 0x9C98, 0xF78D
    dd 0x9C99, 0xF78E
    dd 0x9C9A, 0xF6DD
    dd 0x9C9B, 0xF6DE
    dd 0x9C9C, 0xCFCA
    dd 0x9C9D, 0xF78F
    dd 0x9C9E, 0xF6DF
    dd 0x9C9F, 0xF6E0
    dd 0x9CA0, 0xF6E1
    dd 0x9CA1, 0xF6E2
    dd 0x9CA2, 0xF6E3
    dd 0x9CA3, 0xF6E4
    dd 0x9CA4, 0xC0F0
    dd 0x9CA5, 0xF6E5
    dd 0x9CA6, 0xF6E6
    dd 0x9CA7, 0xF6E7
    dd 0x9CA8, 0xF6E8
    dd 0x9CA9, 0xF6E9
    dd 0x9CAA, 0xF790
    dd 0x9CAB, 0xF6EA
    dd 0x9CAC, 0xF791
    dd 0x9CAD, 0xF6EB
    dd 0x9CAE, 0xF6EC
    dd 0x9CAF, 0xF792
    dd 0x9CB0, 0xF6ED
    dd 0x9CB1, 0xF6EE
    dd 0x9CB2, 0xF6EF
    dd 0x9CB3, 0xF6F0
    dd 0x9CB4, 0xF6F1
    dd 0x9CB5, 0xF6F2
    dd 0x9CB6, 0xF6F3
    dd 0x9CB7, 0xF6F4
    dd 0x9CB8, 0xBEA8
    dd 0x9CB9, 0xF793
    dd 0x9CBA, 0xF6F5
    dd 0x9CBB, 0xF6F6
    dd 0x9CBC, 0xF6F7
    dd 0x9CBD, 0xF6F8
    dd 0x9CBE, 0xF794
    dd 0x9CBF, 0xF795
    dd 0x9CC0, 0xF796
    dd 0x9CC1, 0xF797
    dd 0x9CC2, 0xF798
    dd 0x9CC3, 0xC8FA
    dd 0x9CC4, 0xF6F9
    dd 0x9CC5, 0xF6FA
    dd 0x9CC6, 0xF6FB
    dd 0x9CC7, 0xF6FC
    dd 0x9CC8, 0xF799
    dd 0x9CC9, 0xF79A
    dd 0x9CCA, 0xF6FD
    dd 0x9CCB, 0xF6FE
    dd 0x9CCC, 0xF7A1
    dd 0x9CCD, 0xF7A2
    dd 0x9CCE, 0xF7A3
    dd 0x9CCF, 0xF7A4
    dd 0x9CD0, 0xF7A5
    dd 0x9CD1, 0xF79B
    dd 0x9CD2, 0xF79C
    dd 0x9CD3, 0xF7A6
    dd 0x9CD4, 0xF7A7
    dd 0x9CD5, 0xF7A8
    dd 0x9CD6, 0xB1EE
    dd 0x9CD7, 0xF7A9
    dd 0x9CD8, 0xF7AA
    dd 0x9CD9, 0xF7AB
    dd 0x9CDA, 0xF79D
    dd 0x9CDB, 0xF79E
    dd 0x9CDC, 0xF7AC
    dd 0x9CDD, 0xF7AD
    dd 0x9CDE, 0xC1DB
    dd 0x9CDF, 0xF7AE
    dd 0x9CE0, 0xF79F
    dd 0x9CE1, 0xF7A0
    dd 0x9CE2, 0xF7AF
    dd 0x9CE3, 0xF840
    dd 0x9CE4, 0xF841
    dd 0x9CE5, 0xF842
    dd 0x9CE6, 0xF843
    dd 0x9CE7, 0xF844
    dd 0x9CE8, 0xF845
    dd 0x9CE9, 0xF846
    dd 0x9CEA, 0xF847
    dd 0x9CEB, 0xF848
    dd 0x9CEC, 0xF849
    dd 0x9CED, 0xF84A
    dd 0x9CEE, 0xF84B
    dd 0x9CEF, 0xF84C
    dd 0x9CF0, 0xF84D
    dd 0x9CF1, 0xF84E
    dd 0x9CF2, 0xF84F
    dd 0x9CF3, 0xF850
    dd 0x9CF4, 0xF851
    dd 0x9CF5, 0xF852
    dd 0x9CF6, 0xF853
    dd 0x9CF7, 0xF854
    dd 0x9CF8, 0xF855
    dd 0x9CF9, 0xF856
    dd 0x9CFA, 0xF857
    dd 0x9CFB, 0xF858
    dd 0x9CFC, 0xF859
    dd 0x9CFD, 0xF85A
    dd 0x9CFE, 0xF85B
    dd 0x9CFF, 0xF85C
    dd 0x9D00, 0xF85D
    dd 0x9D01, 0xF85E
    dd 0x9D02, 0xF85F
    dd 0x9D03, 0xF860
    dd 0x9D04, 0xF861
    dd 0x9D05, 0xF862
    dd 0x9D06, 0xF863
    dd 0x9D07, 0xF864
    dd 0x9D08, 0xF865
    dd 0x9D09, 0xF866
    dd 0x9D0A, 0xF867
    dd 0x9D0B, 0xF868
    dd 0x9D0C, 0xF869
    dd 0x9D0D, 0xF86A
    dd 0x9D0E, 0xF86B
    dd 0x9D0F, 0xF86C
    dd 0x9D10, 0xF86D
    dd 0x9D11, 0xF86E
    dd 0x9D12, 0xF86F
    dd 0x9D13, 0xF870
    dd 0x9D14, 0xF871
    dd 0x9D15, 0xF872
    dd 0x9D16, 0xF873
    dd 0x9D17, 0xF874
    dd 0x9D18, 0xF875
    dd 0x9D19, 0xF876
    dd 0x9D1A, 0xF877
    dd 0x9D1B, 0xF878
    dd 0x9D1C, 0xF879
    dd 0x9D1D, 0xF87A
    dd 0x9D1E, 0xF87B
    dd 0x9D1F, 0xF87C
    dd 0x9D20, 0xF87D
    dd 0x9D21, 0xF87E
    dd 0x9D22, 0xF880
    dd 0x9D23, 0xF881
    dd 0x9D24, 0xF882
    dd 0x9D25, 0xF883
    dd 0x9D26, 0xF884
    dd 0x9D27, 0xF885
    dd 0x9D28, 0xF886
    dd 0x9D29, 0xF887
    dd 0x9D2A, 0xF888
    dd 0x9D2B, 0xF889
    dd 0x9D2C, 0xF88A
    dd 0x9D2D, 0xF88B
    dd 0x9D2E, 0xF88C
    dd 0x9D2F, 0xF88D
    dd 0x9D30, 0xF88E
    dd 0x9D31, 0xF88F
    dd 0x9D32, 0xF890
    dd 0x9D33, 0xF891
    dd 0x9D34, 0xF892
    dd 0x9D35, 0xF893
    dd 0x9D36, 0xF894
    dd 0x9D37, 0xF895
    dd 0x9D38, 0xF896
    dd 0x9D39, 0xF897
    dd 0x9D3A, 0xF898
    dd 0x9D3B, 0xF899
    dd 0x9D3C, 0xF89A
    dd 0x9D3D, 0xF89B
    dd 0x9D3E, 0xF89C
    dd 0x9D3F, 0xF89D
    dd 0x9D40, 0xF89E
    dd 0x9D41, 0xF89F
    dd 0x9D42, 0xF8A0
    dd 0x9D43, 0xF940
    dd 0x9D44, 0xF941
    dd 0x9D45, 0xF942
    dd 0x9D46, 0xF943
    dd 0x9D47, 0xF944
    dd 0x9D48, 0xF945
    dd 0x9D49, 0xF946
    dd 0x9D4A, 0xF947
    dd 0x9D4B, 0xF948
    dd 0x9D4C, 0xF949
    dd 0x9D4D, 0xF94A
    dd 0x9D4E, 0xF94B
    dd 0x9D4F, 0xF94C
    dd 0x9D50, 0xF94D
    dd 0x9D51, 0xF94E
    dd 0x9D52, 0xF94F
    dd 0x9D53, 0xF950
    dd 0x9D54, 0xF951
    dd 0x9D55, 0xF952
    dd 0x9D56, 0xF953
    dd 0x9D57, 0xF954
    dd 0x9D58, 0xF955
    dd 0x9D59, 0xF956
    dd 0x9D5A, 0xF957
    dd 0x9D5B, 0xF958
    dd 0x9D5C, 0xF959
    dd 0x9D5D, 0xF95A
    dd 0x9D5E, 0xF95B
    dd 0x9D5F, 0xF95C
    dd 0x9D60, 0xF95D
    dd 0x9D61, 0xF95E
    dd 0x9D62, 0xF95F
    dd 0x9D63, 0xF960
    dd 0x9D64, 0xF961
    dd 0x9D65, 0xF962
    dd 0x9D66, 0xF963
    dd 0x9D67, 0xF964
    dd 0x9D68, 0xF965
    dd 0x9D69, 0xF966
    dd 0x9D6A, 0xF967
    dd 0x9D6B, 0xF968
    dd 0x9D6C, 0xF969
    dd 0x9D6D, 0xF96A
    dd 0x9D6E, 0xF96B
    dd 0x9D6F, 0xF96C
    dd 0x9D70, 0xF96D
    dd 0x9D71, 0xF96E
    dd 0x9D72, 0xF96F
    dd 0x9D73, 0xF970
    dd 0x9D74, 0xF971
    dd 0x9D75, 0xF972
    dd 0x9D76, 0xF973
    dd 0x9D77, 0xF974
    dd 0x9D78, 0xF975
    dd 0x9D79, 0xF976
    dd 0x9D7A, 0xF977
    dd 0x9D7B, 0xF978
    dd 0x9D7C, 0xF979
    dd 0x9D7D, 0xF97A
    dd 0x9D7E, 0xF97B
    dd 0x9D7F, 0xF97C
    dd 0x9D80, 0xF97D
    dd 0x9D81, 0xF97E
    dd 0x9D82, 0xF980
    dd 0x9D83, 0xF981
    dd 0x9D84, 0xF982
    dd 0x9D85, 0xF983
    dd 0x9D86, 0xF984
    dd 0x9D87, 0xF985
    dd 0x9D88, 0xF986
    dd 0x9D89, 0xF987
    dd 0x9D8A, 0xF988
    dd 0x9D8B, 0xF989
    dd 0x9D8C, 0xF98A
    dd 0x9D8D, 0xF98B
    dd 0x9D8E, 0xF98C
    dd 0x9D8F, 0xF98D
    dd 0x9D90, 0xF98E
    dd 0x9D91, 0xF98F
    dd 0x9D92, 0xF990
    dd 0x9D93, 0xF991
    dd 0x9D94, 0xF992
    dd 0x9D95, 0xF993
    dd 0x9D96, 0xF994
    dd 0x9D97, 0xF995
    dd 0x9D98, 0xF996
    dd 0x9D99, 0xF997
    dd 0x9D9A, 0xF998
    dd 0x9D9B, 0xF999
    dd 0x9D9C, 0xF99A
    dd 0x9D9D, 0xF99B
    dd 0x9D9E, 0xF99C
    dd 0x9D9F, 0xF99D
    dd 0x9DA0, 0xF99E
    dd 0x9DA1, 0xF99F
    dd 0x9DA2, 0xF9A0
    dd 0x9DA3, 0xFA40
    dd 0x9DA4, 0xFA41
    dd 0x9DA5, 0xFA42
    dd 0x9DA6, 0xFA43
    dd 0x9DA7, 0xFA44
    dd 0x9DA8, 0xFA45
    dd 0x9DA9, 0xFA46
    dd 0x9DAA, 0xFA47
    dd 0x9DAB, 0xFA48
    dd 0x9DAC, 0xFA49
    dd 0x9DAD, 0xFA4A
    dd 0x9DAE, 0xFA4B
    dd 0x9DAF, 0xFA4C
    dd 0x9DB0, 0xFA4D
    dd 0x9DB1, 0xFA4E
    dd 0x9DB2, 0xFA4F
    dd 0x9DB3, 0xFA50
    dd 0x9DB4, 0xFA51
    dd 0x9DB5, 0xFA52
    dd 0x9DB6, 0xFA53
    dd 0x9DB7, 0xFA54
    dd 0x9DB8, 0xFA55
    dd 0x9DB9, 0xFA56
    dd 0x9DBA, 0xFA57
    dd 0x9DBB, 0xFA58
    dd 0x9DBC, 0xFA59
    dd 0x9DBD, 0xFA5A
    dd 0x9DBE, 0xFA5B
    dd 0x9DBF, 0xFA5C
    dd 0x9DC0, 0xFA5D
    dd 0x9DC1, 0xFA5E
    dd 0x9DC2, 0xFA5F
    dd 0x9DC3, 0xFA60
    dd 0x9DC4, 0xFA61
    dd 0x9DC5, 0xFA62
    dd 0x9DC6, 0xFA63
    dd 0x9DC7, 0xFA64
    dd 0x9DC8, 0xFA65
    dd 0x9DC9, 0xFA66
    dd 0x9DCA, 0xFA67
    dd 0x9DCB, 0xFA68
    dd 0x9DCC, 0xFA69
    dd 0x9DCD, 0xFA6A
    dd 0x9DCE, 0xFA6B
    dd 0x9DCF, 0xFA6C
    dd 0x9DD0, 0xFA6D
    dd 0x9DD1, 0xFA6E
    dd 0x9DD2, 0xFA6F
    dd 0x9DD3, 0xFA70
    dd 0x9DD4, 0xFA71
    dd 0x9DD5, 0xFA72
    dd 0x9DD6, 0xFA73
    dd 0x9DD7, 0xFA74
    dd 0x9DD8, 0xFA75
    dd 0x9DD9, 0xFA76
    dd 0x9DDA, 0xFA77
    dd 0x9DDB, 0xFA78
    dd 0x9DDC, 0xFA79
    dd 0x9DDD, 0xFA7A
    dd 0x9DDE, 0xFA7B
    dd 0x9DDF, 0xFA7C
    dd 0x9DE0, 0xFA7D
    dd 0x9DE1, 0xFA7E
    dd 0x9DE2, 0xFA80
    dd 0x9DE3, 0xFA81
    dd 0x9DE4, 0xFA82
    dd 0x9DE5, 0xFA83
    dd 0x9DE6, 0xFA84
    dd 0x9DE7, 0xFA85
    dd 0x9DE8, 0xFA86
    dd 0x9DE9, 0xFA87
    dd 0x9DEA, 0xFA88
    dd 0x9DEB, 0xFA89
    dd 0x9DEC, 0xFA8A
    dd 0x9DED, 0xFA8B
    dd 0x9DEE, 0xFA8C
    dd 0x9DEF, 0xFA8D
    dd 0x9DF0, 0xFA8E
    dd 0x9DF1, 0xFA8F
    dd 0x9DF2, 0xFA90
    dd 0x9DF3, 0xFA91
    dd 0x9DF4, 0xFA92
    dd 0x9DF5, 0xFA93
    dd 0x9DF6, 0xFA94
    dd 0x9DF7, 0xFA95
    dd 0x9DF8, 0xFA96
    dd 0x9DF9, 0xFA97
    dd 0x9DFA, 0xFA98
    dd 0x9DFB, 0xFA99
    dd 0x9DFC, 0xFA9A
    dd 0x9DFD, 0xFA9B
    dd 0x9DFE, 0xFA9C
    dd 0x9DFF, 0xFA9D
    dd 0x9E00, 0xFA9E
    dd 0x9E01, 0xFA9F
    dd 0x9E02, 0xFAA0
    dd 0x9E03, 0xFB40
    dd 0x9E04, 0xFB41
    dd 0x9E05, 0xFB42
    dd 0x9E06, 0xFB43
    dd 0x9E07, 0xFB44
    dd 0x9E08, 0xFB45
    dd 0x9E09, 0xFB46
    dd 0x9E0A, 0xFB47
    dd 0x9E0B, 0xFB48
    dd 0x9E0C, 0xFB49
    dd 0x9E0D, 0xFB4A
    dd 0x9E0E, 0xFB4B
    dd 0x9E0F, 0xFB4C
    dd 0x9E10, 0xFB4D
    dd 0x9E11, 0xFB4E
    dd 0x9E12, 0xFB4F
    dd 0x9E13, 0xFB50
    dd 0x9E14, 0xFB51
    dd 0x9E15, 0xFB52
    dd 0x9E16, 0xFB53
    dd 0x9E17, 0xFB54
    dd 0x9E18, 0xFB55
    dd 0x9E19, 0xFB56
    dd 0x9E1A, 0xFB57
    dd 0x9E1B, 0xFB58
    dd 0x9E1C, 0xFB59
    dd 0x9E1D, 0xFB5A
    dd 0x9E1E, 0xFB5B
    dd 0x9E1F, 0xC4F1
    dd 0x9E20, 0xF0AF
    dd 0x9E21, 0xBCA6
    dd 0x9E22, 0xF0B0
    dd 0x9E23, 0xC3F9
    dd 0x9E24, 0xFB5C
    dd 0x9E25, 0xC5B8
    dd 0x9E26, 0xD1BB
    dd 0x9E27, 0xFB5D
    dd 0x9E28, 0xF0B1
    dd 0x9E29, 0xF0B2
    dd 0x9E2A, 0xF0B3
    dd 0x9E2B, 0xF0B4
    dd 0x9E2C, 0xF0B5
    dd 0x9E2D, 0xD1BC
    dd 0x9E2E, 0xFB5E
    dd 0x9E2F, 0xD1EC
    dd 0x9E30, 0xFB5F
    dd 0x9E31, 0xF0B7
    dd 0x9E32, 0xF0B6
    dd 0x9E33, 0xD4A7
    dd 0x9E34, 0xFB60
    dd 0x9E35, 0xCDD2
    dd 0x9E36, 0xF0B8
    dd 0x9E37, 0xF0BA
    dd 0x9E38, 0xF0B9
    dd 0x9E39, 0xF0BB
    dd 0x9E3A, 0xF0BC
    dd 0x9E3B, 0xFB61
    dd 0x9E3C, 0xFB62
    dd 0x9E3D, 0xB8EB
    dd 0x9E3E, 0xF0BD
    dd 0x9E3F, 0xBAE8
    dd 0x9E40, 0xFB63
    dd 0x9E41, 0xF0BE
    dd 0x9E42, 0xF0BF
    dd 0x9E43, 0xBEE9
    dd 0x9E44, 0xF0C0
    dd 0x9E45, 0xB6EC
    dd 0x9E46, 0xF0C1
    dd 0x9E47, 0xF0C2
    dd 0x9E48, 0xF0C3
    dd 0x9E49, 0xF0C4
    dd 0x9E4A, 0xC8B5
    dd 0x9E4B, 0xF0C5
    dd 0x9E4C, 0xF0C6
    dd 0x9E4D, 0xFB64
    dd 0x9E4E, 0xF0C7
    dd 0x9E4F, 0xC5F4
    dd 0x9E50, 0xFB65
    dd 0x9E51, 0xF0C8
    dd 0x9E52, 0xFB66
    dd 0x9E53, 0xFB67
    dd 0x9E54, 0xFB68
    dd 0x9E55, 0xF0C9
    dd 0x9E56, 0xFB69
    dd 0x9E57, 0xF0CA
    dd 0x9E58, 0xF7BD
    dd 0x9E59, 0xFB6A
    dd 0x9E5A, 0xF0CB
    dd 0x9E5B, 0xF0CC
    dd 0x9E5C, 0xF0CD
    dd 0x9E5D, 0xFB6B
    dd 0x9E5E, 0xF0CE
    dd 0x9E5F, 0xFB6C
    dd 0x9E60, 0xFB6D
    dd 0x9E61, 0xFB6E
    dd 0x9E62, 0xFB6F
    dd 0x9E63, 0xF0CF
    dd 0x9E64, 0xBAD7
    dd 0x9E65, 0xFB70
    dd 0x9E66, 0xF0D0
    dd 0x9E67, 0xF0D1
    dd 0x9E68, 0xF0D2
    dd 0x9E69, 0xF0D3
    dd 0x9E6A, 0xF0D4
    dd 0x9E6B, 0xF0D5
    dd 0x9E6C, 0xF0D6
    dd 0x9E6D, 0xF0D8
    dd 0x9E6E, 0xFB71
    dd 0x9E6F, 0xFB72
    dd 0x9E70, 0xD3A5
    dd 0x9E71, 0xF0D7
    dd 0x9E72, 0xFB73
    dd 0x9E73, 0xF0D9
    dd 0x9E74, 0xFB74
    dd 0x9E75, 0xFB75
    dd 0x9E76, 0xFB76
    dd 0x9E77, 0xFB77
    dd 0x9E78, 0xFB78
    dd 0x9E79, 0xFB79
    dd 0x9E7A, 0xFB7A
    dd 0x9E7B, 0xFB7B
    dd 0x9E7C, 0xFB7C
    dd 0x9E7D, 0xFB7D
    dd 0x9E7E, 0xF5BA
    dd 0x9E7F, 0xC2B9
    dd 0x9E80, 0xFB7E
    dd 0x9E81, 0xFB80
    dd 0x9E82, 0xF7E4
    dd 0x9E83, 0xFB81
    dd 0x9E84, 0xFB82
    dd 0x9E85, 0xFB83
    dd 0x9E86, 0xFB84
    dd 0x9E87, 0xF7E5
    dd 0x9E88, 0xF7E6
    dd 0x9E89, 0xFB85
    dd 0x9E8A, 0xFB86
    dd 0x9E8B, 0xF7E7
    dd 0x9E8C, 0xFB87
    dd 0x9E8D, 0xFB88
    dd 0x9E8E, 0xFB89
    dd 0x9E8F, 0xFB8A
    dd 0x9E90, 0xFB8B
    dd 0x9E91, 0xFB8C
    dd 0x9E92, 0xF7E8
    dd 0x9E93, 0xC2B4
    dd 0x9E94, 0xFB8D
    dd 0x9E95, 0xFB8E
    dd 0x9E96, 0xFB8F
    dd 0x9E97, 0xFB90
    dd 0x9E98, 0xFB91
    dd 0x9E99, 0xFB92
    dd 0x9E9A, 0xFB93
    dd 0x9E9B, 0xFB94
    dd 0x9E9C, 0xFB95
    dd 0x9E9D, 0xF7EA
    dd 0x9E9E, 0xFB96
    dd 0x9E9F, 0xF7EB
    dd 0x9EA0, 0xFB97
    dd 0x9EA1, 0xFB98
    dd 0x9EA2, 0xFB99
    dd 0x9EA3, 0xFB9A
    dd 0x9EA4, 0xFB9B
    dd 0x9EA5, 0xFB9C
    dd 0x9EA6, 0xC2F3
    dd 0x9EA7, 0xFB9D
    dd 0x9EA8, 0xFB9E
    dd 0x9EA9, 0xFB9F
    dd 0x9EAA, 0xFBA0
    dd 0x9EAB, 0xFC40
    dd 0x9EAC, 0xFC41
    dd 0x9EAD, 0xFC42
    dd 0x9EAE, 0xFC43
    dd 0x9EAF, 0xFC44
    dd 0x9EB0, 0xFC45
    dd 0x9EB1, 0xFC46
    dd 0x9EB2, 0xFC47
    dd 0x9EB3, 0xFC48
    dd 0x9EB4, 0xF4F0
    dd 0x9EB5, 0xFC49
    dd 0x9EB6, 0xFC4A
    dd 0x9EB7, 0xFC4B
    dd 0x9EB8, 0xF4EF
    dd 0x9EB9, 0xFC4C
    dd 0x9EBA, 0xFC4D
    dd 0x9EBB, 0xC2E9
    dd 0x9EBC, 0xFC4E
    dd 0x9EBD, 0xF7E1
    dd 0x9EBE, 0xF7E2
    dd 0x9EBF, 0xFC4F
    dd 0x9EC0, 0xFC50
    dd 0x9EC1, 0xFC51
    dd 0x9EC2, 0xFC52
    dd 0x9EC3, 0xFC53
    dd 0x9EC4, 0xBBC6
    dd 0x9EC5, 0xFC54
    dd 0x9EC6, 0xFC55
    dd 0x9EC7, 0xFC56
    dd 0x9EC8, 0xFC57
    dd 0x9EC9, 0xD9E4
    dd 0x9ECA, 0xFC58
    dd 0x9ECB, 0xFC59
    dd 0x9ECC, 0xFC5A
    dd 0x9ECD, 0xCAF2
    dd 0x9ECE, 0xC0E8
    dd 0x9ECF, 0xF0A4
    dd 0x9ED0, 0xFC5B
    dd 0x9ED1, 0xBADA
    dd 0x9ED2, 0xFC5C
    dd 0x9ED3, 0xFC5D
    dd 0x9ED4, 0xC7AD
    dd 0x9ED5, 0xFC5E
    dd 0x9ED6, 0xFC5F
    dd 0x9ED7, 0xFC60
    dd 0x9ED8, 0xC4AC
    dd 0x9ED9, 0xFC61
    dd 0x9EDA, 0xFC62
    dd 0x9EDB, 0xF7EC
    dd 0x9EDC, 0xF7ED
    dd 0x9EDD, 0xF7EE
    dd 0x9EDE, 0xFC63
    dd 0x9EDF, 0xF7F0
    dd 0x9EE0, 0xF7EF
    dd 0x9EE1, 0xFC64
    dd 0x9EE2, 0xF7F1
    dd 0x9EE3, 0xFC65
    dd 0x9EE4, 0xFC66
    dd 0x9EE5, 0xF7F4
    dd 0x9EE6, 0xFC67
    dd 0x9EE7, 0xF7F3
    dd 0x9EE8, 0xFC68
    dd 0x9EE9, 0xF7F2
    dd 0x9EEA, 0xF7F5
    dd 0x9EEB, 0xFC69
    dd 0x9EEC, 0xFC6A
    dd 0x9EED, 0xFC6B
    dd 0x9EEE, 0xFC6C
    dd 0x9EEF, 0xF7F6
    dd 0x9EF0, 0xFC6D
    dd 0x9EF1, 0xFC6E
    dd 0x9EF2, 0xFC6F
    dd 0x9EF3, 0xFC70
    dd 0x9EF4, 0xFC71
    dd 0x9EF5, 0xFC72
    dd 0x9EF6, 0xFC73
    dd 0x9EF7, 0xFC74
    dd 0x9EF8, 0xFC75
    dd 0x9EF9, 0xEDE9
    dd 0x9EFA, 0xFC76
    dd 0x9EFB, 0xEDEA
    dd 0x9EFC, 0xEDEB
    dd 0x9EFD, 0xFC77
    dd 0x9EFE, 0xF6BC
    dd 0x9EFF, 0xFC78
    dd 0x9F00, 0xFC79
    dd 0x9F01, 0xFC7A
    dd 0x9F02, 0xFC7B
    dd 0x9F03, 0xFC7C
    dd 0x9F04, 0xFC7D
    dd 0x9F05, 0xFC7E
    dd 0x9F06, 0xFC80
    dd 0x9F07, 0xFC81
    dd 0x9F08, 0xFC82
    dd 0x9F09, 0xFC83
    dd 0x9F0A, 0xFC84
    dd 0x9F0B, 0xF6BD
    dd 0x9F0C, 0xFC85
    dd 0x9F0D, 0xF6BE
    dd 0x9F0E, 0xB6A6
    dd 0x9F0F, 0xFC86
    dd 0x9F10, 0xD8BE
    dd 0x9F11, 0xFC87
    dd 0x9F12, 0xFC88
    dd 0x9F13, 0xB9C4
    dd 0x9F14, 0xFC89
    dd 0x9F15, 0xFC8A
    dd 0x9F16, 0xFC8B
    dd 0x9F17, 0xD8BB
    dd 0x9F18, 0xFC8C
    dd 0x9F19, 0xDCB1
    dd 0x9F1A, 0xFC8D
    dd 0x9F1B, 0xFC8E
    dd 0x9F1C, 0xFC8F
    dd 0x9F1D, 0xFC90
    dd 0x9F1E, 0xFC91
    dd 0x9F1F, 0xFC92
    dd 0x9F20, 0xCAF3
    dd 0x9F21, 0xFC93
    dd 0x9F22, 0xF7F7
    dd 0x9F23, 0xFC94
    dd 0x9F24, 0xFC95
    dd 0x9F25, 0xFC96
    dd 0x9F26, 0xFC97
    dd 0x9F27, 0xFC98
    dd 0x9F28, 0xFC99
    dd 0x9F29, 0xFC9A
    dd 0x9F2A, 0xFC9B
    dd 0x9F2B, 0xFC9C
    dd 0x9F2C, 0xF7F8
    dd 0x9F2D, 0xFC9D
    dd 0x9F2E, 0xFC9E
    dd 0x9F2F, 0xF7F9
    dd 0x9F30, 0xFC9F
    dd 0x9F31, 0xFCA0
    dd 0x9F32, 0xFD40
    dd 0x9F33, 0xFD41
    dd 0x9F34, 0xFD42
    dd 0x9F35, 0xFD43
    dd 0x9F36, 0xFD44
    dd 0x9F37, 0xF7FB
    dd 0x9F38, 0xFD45
    dd 0x9F39, 0xF7FA
    dd 0x9F3A, 0xFD46
    dd 0x9F3B, 0xB1C7
    dd 0x9F3C, 0xFD47
    dd 0x9F3D, 0xF7FC
    dd 0x9F3E, 0xF7FD
    dd 0x9F3F, 0xFD48
    dd 0x9F40, 0xFD49
    dd 0x9F41, 0xFD4A
    dd 0x9F42, 0xFD4B
    dd 0x9F43, 0xFD4C
    dd 0x9F44, 0xF7FE
    dd 0x9F45, 0xFD4D
    dd 0x9F46, 0xFD4E
    dd 0x9F47, 0xFD4F
    dd 0x9F48, 0xFD50
    dd 0x9F49, 0xFD51
    dd 0x9F4A, 0xFD52
    dd 0x9F4B, 0xFD53
    dd 0x9F4C, 0xFD54
    dd 0x9F4D, 0xFD55
    dd 0x9F4E, 0xFD56
    dd 0x9F4F, 0xFD57
    dd 0x9F50, 0xC6EB
    dd 0x9F51, 0xECB4
    dd 0x9F52, 0xFD58
    dd 0x9F53, 0xFD59
    dd 0x9F54, 0xFD5A
    dd 0x9F55, 0xFD5B
    dd 0x9F56, 0xFD5C
    dd 0x9F57, 0xFD5D
    dd 0x9F58, 0xFD5E
    dd 0x9F59, 0xFD5F
    dd 0x9F5A, 0xFD60
    dd 0x9F5B, 0xFD61
    dd 0x9F5C, 0xFD62
    dd 0x9F5D, 0xFD63
    dd 0x9F5E, 0xFD64
    dd 0x9F5F, 0xFD65
    dd 0x9F60, 0xFD66
    dd 0x9F61, 0xFD67
    dd 0x9F62, 0xFD68
    dd 0x9F63, 0xFD69
    dd 0x9F64, 0xFD6A
    dd 0x9F65, 0xFD6B
    dd 0x9F66, 0xFD6C
    dd 0x9F67, 0xFD6D
    dd 0x9F68, 0xFD6E
    dd 0x9F69, 0xFD6F
    dd 0x9F6A, 0xFD70
    dd 0x9F6B, 0xFD71
    dd 0x9F6C, 0xFD72
    dd 0x9F6D, 0xFD73
    dd 0x9F6E, 0xFD74
    dd 0x9F6F, 0xFD75
    dd 0x9F70, 0xFD76
    dd 0x9F71, 0xFD77
    dd 0x9F72, 0xFD78
    dd 0x9F73, 0xFD79
    dd 0x9F74, 0xFD7A
    dd 0x9F75, 0xFD7B
    dd 0x9F76, 0xFD7C
    dd 0x9F77, 0xFD7D
    dd 0x9F78, 0xFD7E
    dd 0x9F79, 0xFD80
    dd 0x9F7A, 0xFD81
    dd 0x9F7B, 0xFD82
    dd 0x9F7C, 0xFD83
    dd 0x9F7D, 0xFD84
    dd 0x9F7E, 0xFD85
    dd 0x9F7F, 0xB3DD
    dd 0x9F80, 0xF6B3
    dd 0x9F81, 0xFD86
    dd 0x9F82, 0xFD87
    dd 0x9F83, 0xF6B4
    dd 0x9F84, 0xC1E4
    dd 0x9F85, 0xF6B5
    dd 0x9F86, 0xF6B6
    dd 0x9F87, 0xF6B7
    dd 0x9F88, 0xF6B8
    dd 0x9F89, 0xF6B9
    dd 0x9F8A, 0xF6BA
    dd 0x9F8B, 0xC8A3
    dd 0x9F8C, 0xF6BB
    dd 0x9F8D, 0xFD88
    dd 0x9F8E, 0xFD89
    dd 0x9F8F, 0xFD8A
    dd 0x9F90, 0xFD8B
    dd 0x9F91, 0xFD8C
    dd 0x9F92, 0xFD8D
    dd 0x9F93, 0xFD8E
    dd 0x9F94, 0xFD8F
    dd 0x9F95, 0xFD90
    dd 0x9F96, 0xFD91
    dd 0x9F97, 0xFD92
    dd 0x9F98, 0xFD93
    dd 0x9F99, 0xC1FA
    dd 0x9F9A, 0xB9A8
    dd 0x9F9B, 0xEDE8
    dd 0x9F9C, 0xFD94
    dd 0x9F9D, 0xFD95
    dd 0x9F9E, 0xFD96
    dd 0x9F9F, 0xB9EA
    dd 0x9FA0, 0xD9DF
    dd 0x9FA1, 0xFD97
    dd 0x9FA2, 0xFD98
    dd 0x9FA3, 0xFD99
    dd 0x9FA4, 0xFD9A
    dd 0x9FA5, 0xFD9B
    dd 0xF92C, 0xFD9C
    dd 0xF979, 0xFD9D
    dd 0xF995, 0xFD9E
    dd 0xF9E7, 0xFD9F
    dd 0xF9F1, 0xFDA0
    dd 0xFA0C, 0xFE40
    dd 0xFA0D, 0xFE41
    dd 0xFA0E, 0xFE42
    dd 0xFA0F, 0xFE43
    dd 0xFA11, 0xFE44
    dd 0xFA13, 0xFE45
    dd 0xFA14, 0xFE46
    dd 0xFA18, 0xFE47
    dd 0xFA1F, 0xFE48
    dd 0xFA20, 0xFE49
    dd 0xFA21, 0xFE4A
    dd 0xFA23, 0xFE4B
    dd 0xFA24, 0xFE4C
    dd 0xFA27, 0xFE4D
    dd 0xFA28, 0xFE4E
    dd 0xFA29, 0xFE4F
    dd 0xFE30, 0xA955
    dd 0xFE31, 0xA6F2
    dd 0xFE33, 0xA6F4
    dd 0xFE34, 0xA6F5
    dd 0xFE35, 0xA6E0
    dd 0xFE36, 0xA6E1
    dd 0xFE37, 0xA6F0
    dd 0xFE38, 0xA6F1
    dd 0xFE39, 0xA6E2
    dd 0xFE3A, 0xA6E3
    dd 0xFE3B, 0xA6EE
    dd 0xFE3C, 0xA6EF
    dd 0xFE3D, 0xA6E6
    dd 0xFE3E, 0xA6E7
    dd 0xFE3F, 0xA6E4
    dd 0xFE40, 0xA6E5
    dd 0xFE41, 0xA6E8
    dd 0xFE42, 0xA6E9
    dd 0xFE43, 0xA6EA
    dd 0xFE44, 0xA6EB
    dd 0xFE49, 0xA968
    dd 0xFE4A, 0xA969
    dd 0xFE4B, 0xA96A
    dd 0xFE4C, 0xA96B
    dd 0xFE4D, 0xA96C
    dd 0xFE4E, 0xA96D
    dd 0xFE4F, 0xA96E
    dd 0xFE50, 0xA96F
    dd 0xFE51, 0xA970
    dd 0xFE52, 0xA971
    dd 0xFE54, 0xA972
    dd 0xFE55, 0xA973
    dd 0xFE56, 0xA974
    dd 0xFE57, 0xA975
    dd 0xFE59, 0xA976
    dd 0xFE5A, 0xA977
    dd 0xFE5B, 0xA978
    dd 0xFE5C, 0xA979
    dd 0xFE5D, 0xA97A
    dd 0xFE5E, 0xA97B
    dd 0xFE5F, 0xA97C
    dd 0xFE60, 0xA97D
    dd 0xFE61, 0xA97E
    dd 0xFE62, 0xA980
    dd 0xFE63, 0xA981
    dd 0xFE64, 0xA982
    dd 0xFE65, 0xA983
    dd 0xFE66, 0xA984
    dd 0xFE68, 0xA985
    dd 0xFE69, 0xA986
    dd 0xFE6A, 0xA987
    dd 0xFE6B, 0xA988
    dd 0xFF01, 0xA3A1
    dd 0xFF02, 0xA3A2
    dd 0xFF03, 0xA3A3
    dd 0xFF04, 0xA1E7
    dd 0xFF05, 0xA3A5
    dd 0xFF06, 0xA3A6
    dd 0xFF07, 0xA3A7
    dd 0xFF08, 0xA3A8
    dd 0xFF09, 0xA3A9
    dd 0xFF0A, 0xA3AA
    dd 0xFF0B, 0xA3AB
    dd 0xFF0C, 0xA3AC
    dd 0xFF0D, 0xA3AD
    dd 0xFF0E, 0xA3AE
    dd 0xFF0F, 0xA3AF
    dd 0xFF10, 0xA3B0
    dd 0xFF11, 0xA3B1
    dd 0xFF12, 0xA3B2
    dd 0xFF13, 0xA3B3
    dd 0xFF14, 0xA3B4
    dd 0xFF15, 0xA3B5
    dd 0xFF16, 0xA3B6
    dd 0xFF17, 0xA3B7
    dd 0xFF18, 0xA3B8
    dd 0xFF19, 0xA3B9
    dd 0xFF1A, 0xA3BA
    dd 0xFF1B, 0xA3BB
    dd 0xFF1C, 0xA3BC
    dd 0xFF1D, 0xA3BD
    dd 0xFF1E, 0xA3BE
    dd 0xFF1F, 0xA3BF
    dd 0xFF20, 0xA3C0
    dd 0xFF21, 0xA3C1
    dd 0xFF22, 0xA3C2
    dd 0xFF23, 0xA3C3
    dd 0xFF24, 0xA3C4
    dd 0xFF25, 0xA3C5
    dd 0xFF26, 0xA3C6
    dd 0xFF27, 0xA3C7
    dd 0xFF28, 0xA3C8
    dd 0xFF29, 0xA3C9
    dd 0xFF2A, 0xA3CA
    dd 0xFF2B, 0xA3CB
    dd 0xFF2C, 0xA3CC
    dd 0xFF2D, 0xA3CD
    dd 0xFF2E, 0xA3CE
    dd 0xFF2F, 0xA3CF
    dd 0xFF30, 0xA3D0
    dd 0xFF31, 0xA3D1
    dd 0xFF32, 0xA3D2
    dd 0xFF33, 0xA3D3
    dd 0xFF34, 0xA3D4
    dd 0xFF35, 0xA3D5
    dd 0xFF36, 0xA3D6
    dd 0xFF37, 0xA3D7
    dd 0xFF38, 0xA3D8
    dd 0xFF39, 0xA3D9
    dd 0xFF3A, 0xA3DA
    dd 0xFF3B, 0xA3DB
    dd 0xFF3C, 0xA3DC
    dd 0xFF3D, 0xA3DD
    dd 0xFF3E, 0xA3DE
    dd 0xFF3F, 0xA3DF
    dd 0xFF40, 0xA3E0
    dd 0xFF41, 0xA3E1
    dd 0xFF42, 0xA3E2
    dd 0xFF43, 0xA3E3
    dd 0xFF44, 0xA3E4
    dd 0xFF45, 0xA3E5
    dd 0xFF46, 0xA3E6
    dd 0xFF47, 0xA3E7
    dd 0xFF48, 0xA3E8
    dd 0xFF49, 0xA3E9
    dd 0xFF4A, 0xA3EA
    dd 0xFF4B, 0xA3EB
    dd 0xFF4C, 0xA3EC
    dd 0xFF4D, 0xA3ED
    dd 0xFF4E, 0xA3EE
    dd 0xFF4F, 0xA3EF
    dd 0xFF50, 0xA3F0
    dd 0xFF51, 0xA3F1
    dd 0xFF52, 0xA3F2
    dd 0xFF53, 0xA3F3
    dd 0xFF54, 0xA3F4
    dd 0xFF55, 0xA3F5
    dd 0xFF56, 0xA3F6
    dd 0xFF57, 0xA3F7
    dd 0xFF58, 0xA3F8
    dd 0xFF59, 0xA3F9
    dd 0xFF5A, 0xA3FA
    dd 0xFF5B, 0xA3FB
    dd 0xFF5C, 0xA3FC
    dd 0xFF5D, 0xA3FD
    dd 0xFF5E, 0xA1AB
    dd 0xFFE0, 0xA1E9
    dd 0xFFE1, 0xA1EA
    dd 0xFFE2, 0xA956
    dd 0xFFE3, 0xA3FE
    dd 0xFFE4, 0xA957
    dd 0xFFE5, 0xA3A4
    dd 0xFFFFFFFF, 0  ; sentinel

global _gbk_from_unicode_count
_gbk_from_unicode_count: dq 21919
